num_acc,id_vehicule,num_veh,senc,catv,obs,obsm,choc,manv,motor,occutc
202300000769,155 679 193,A01,1,7,0,2,3,16,1,0.0
202300000769,155 679 195,B01,1,33,0,2,1,1,1,0.0
202300000770,155 679 194,A01,2,10,0,1,3,1,3,0.0
202300000771,155 679 190,B01,1,33,0,2,7,1,1,0.0
202300000771,155 679 191,A01,1,7,0,2,3,11,1,0.0
202300000772,155 679 188,A01,1,7,0,2,2,17,1,0.0
202300000772,155 679 189,B01,1,7,0,2,2,17,1,0.0
202300000772,155 679 192,C01,1,7,1,2,4,1,1,0.0
202300000773,155 679 185,B01,1,7,0,2,1,1,3,0.0
202300000773,155 679 187,A01,2,50,0,2,7,1,3,0.0
202300000774,155 679 186,A01,3,7,6,0,1,0,0,0.0
202300000775,155 679 182,A01,1,7,13,0,9,21,1,0.0
202300000775,155 679 183,B01,2,7,0,0,0,13,0,0.0
202300000776,155 679 181,B01,1,1,0,2,2,19,5,0.0
202300000776,155 679 184,A01,1,7,0,2,3,15,1,0.0
202300000777,155 679 180,A01,2,7,2,0,0,1,0,0.0
202300000778,155 679 179,Z01,1,10,0,1,0,17,0,0.0
202300000779,155 679 178,A01,2,7,16,0,9,1,0,0.0
202300000780,155 679 177,A01,1,33,1,0,7,14,1,0.0
202300000781,155 679 175,B01,1,7,0,0,6,15,1,0.0
202300000781,155 679 176,A01,2,33,0,2,1,1,1,0.0
202300000782,155 679 173,A01,0,7,0,0,5,16,1,0.0
202300000782,155 679 174,B01,0,1,0,0,1,1,5,0.0
202300000783,155 679 171,A01,1,7,0,2,3,13,1,0.0
202300000783,155 679 172,B01,2,7,0,2,3,1,1,0.0
202300000784,155 679 170,A01,2,7,1,0,1,2,1,0.0
202300000785,155 679 166,B01,2,10,0,2,4,23,1,0.0
202300000785,155 679 168,A01,2,80,0,2,1,2,3,0.0
202300000786,155 679 167,A01,1,7,0,0,3,1,1,0.0
202300000786,155 679 169,B01,1,7,3,0,2,14,1,0.0
202300000787,155 679 164,A01,0,7,0,2,2,25,1,0.0
202300000787,155 679 165,B01,0,50,0,2,1,25,3,0.0
202300000788,155 679 162,A01,1,10,0,1,2,15,3,0.0
202300000789,155 679 161,B01,0,7,0,2,6,15,1,0.0
202300000789,155 679 163,A01,0,7,0,2,2,1,1,0.0
202300000790,155 679 159,A01,1,33,0,2,4,17,1,0.0
202300000790,155 679 160,B01,1,7,0,2,3,15,1,0.0
202300000791,155 679 158,A01,1,80,0,1,1,1,3,0.0
202300000792,155 679 157,A01,1,7,0,1,1,13,1,0.0
202300000793,155 679 154,A01,3,10,0,2,1,15,1,0.0
202300000793,155 679 156,B01,1,1,0,2,4,1,5,0.0
202300000794,155 679 152,A01,1,2,0,2,3,1,3,0.0
202300000794,155 679 155,Z01,1,2,0,2,0,1,0,0.0
202300000795,155 679 151,A01,2,7,0,2,3,13,1,0.0
202300000795,155 679 153,B01,1,10,0,2,3,1,1,0.0
202300000796,155 679 150,A01,1,7,8,0,2,14,1,0.0
202300000797,155 679 149,A01,1,7,2,0,9,14,1,0.0
202300000798,155 679 148,Z01,1,42,0,1,1,1,0,0.0
202300000799,155 679 147,A01,1,10,3,1,6,1,1,0.0
202300000800,155 679 146,A01,2,43,0,0,0,1,1,0.0
202300000801,155 679 144,A01,1,33,0,0,0,16,1,0.0
202300000802,155 679 142,B01,2,1,0,4,3,21,5,0.0
202300000802,155 679 145,A01,2,40,0,2,2,1,3,0.0
202300000803,155 679 143,A01,1,10,0,1,1,15,1,0.0
202300000804,155 679 141,A01,2,33,8,0,7,2,1,0.0
202300000805,155 679 138,B01,1,32,0,2,0,1,3,0.0
202300000805,155 679 139,A01,1,7,0,2,0,12,1,0.0
202300000806,155 679 137,A01,1,7,0,2,2,1,1,0.0
202300000806,155 679 140,B01,1,80,0,2,1,1,3,0.0
202300000807,155 679 136,A01,1,36,12,0,2,14,1,0.0
202300000808,155 679 134,A01,2,80,0,0,0,1,3,0.0
202300000809,155 679 133,B01,1,7,0,2,6,1,1,0.0
202300000809,155 679 135,A01,1,10,0,2,2,15,1,0.0
202300000810,155 679 132,A01,3,7,0,0,0,26,1,0.0
202300000811,155 679 130,A01,2,7,0,0,3,24,1,0.0
202300000811,155 679 131,Y01,1,1,1,0,1,2,5,0.0
202300000812,155 679 128,A01,1,7,0,2,1,15,2,0.0
202300000812,155 679 129,B01,2,32,0,2,1,1,1,0.0
202300000813,155 679 127,A01,2,7,13,0,0,0,1,0.0
202300000814,155 679 126,A01,2,7,0,1,1,1,1,0.0
202300000815,155 679 123,B01,3,7,0,2,3,1,1,0.0
202300000815,155 679 125,A01,3,2,0,2,3,1,1,0.0
202300000816,155 679 122,B01,2,34,0,2,9,2,3,0.0
202300000816,155 679 124,A01,2,7,0,2,2,16,2,0.0
202300000817,155 679 120,A01,1,17,0,2,4,4,1,0.0
202300000817,155 679 121,B01,2,33,0,2,1,23,1,0.0
202300000818,155 679 119,A01,1,7,2,0,1,1,1,0.0
202300000819,155 679 118,A01,1,7,3,0,9,0,1,0.0
202300000820,155 679 116,B01,3,15,0,2,2,1,1,0.0
202300000820,155 679 117,A01,3,7,0,2,3,18,2,0.0
202300000821,155 679 113,A01,3,7,0,0,1,1,1,0.0
202300000821,155 679 115,B01,3,1,0,2,1,15,5,0.0
202300000822,155 679 112,A01,2,10,0,0,3,1,1,0.0
202300000822,155 679 114,B01,1,31,0,2,1,26,1,0.0
202300000823,155 679 110,B01,2,80,0,2,6,1,3,0.0
202300000823,155 679 111,A01,2,10,0,2,0,17,1,0.0
202300000824,155 679 109,A01,3,7,0,1,5,20,1,0.0
202300000825,155 679 104,A01,2,36,0,2,4,1,1,0.0
202300000825,155 679 106,B01,2,15,0,2,1,1,1,0.0
202300000826,155 679 105,B01,1,1,0,2,0,1,5,0.0
202300000826,155 679 107,A01,1,33,0,2,2,16,1,0.0
202300000827,155 679 103,B01,0,7,0,0,8,24,1,0.0
202300000827,155 679 108,A01,1,7,1,1,1,14,1,0.0
202300000828,155 679 101,A01,1,7,0,0,2,1,1,0.0
202300000829,155 679 100,A01,1,1,0,1,0,21,5,0.0
202300000830,155 679 097,A01,1,7,0,2,2,21,1,0.0
202300000830,155 679 099,B01,2,7,0,2,2,5,1,0.0
202300000831,155 679 096,A01,2,7,0,2,3,13,1,0.0
202300000831,155 679 098,B01,1,7,0,2,3,14,1,0.0
202300000832,155 679 094,B01,2,80,9,2,7,17,3,0.0
202300000832,155 679 095,A01,2,1,9,2,8,15,5,0.0
202300000833,155 679 092,A01,1,7,0,2,8,13,1,0.0
202300000833,155 679 093,B01,2,14,0,2,3,1,1,0.0
202300000834,155 679 091,A01,0,7,4,0,3,0,1,0.0
202300000835,155 679 090,A01,2,7,1,0,1,21,1,0.0
202300000836,155 679 088,B01,1,33,0,2,3,1,1,0.0
202300000836,155 679 089,A01,2,7,0,2,8,15,1,0.0
202300000837,155 679 086,B01,2,37,0,1,2,1,1,1.0
202300000838,155 679 083,Z01,2,10,0,2,0,0,0,0.0
202300000838,155 679 085,B01,2,7,0,2,4,1,1,0.0
202300000838,155 679 087,A01,2,7,0,2,4,1,1,0.0
202300000839,155 679 082,A01,2,7,0,2,3,1,1,0.0
202300000839,155 679 084,B01,2,1,0,0,4,1,5,0.0
202300000840,155 679 078,A01,1,43,0,2,8,19,1,0.0
202300000840,155 679 080,B01,1,14,0,2,0,0,1,0.0
202300000841,155 679 076,A01,2,33,0,2,7,17,1,0.0
202300000841,155 679 079,B01,1,7,0,2,0,18,0,0.0
202300000842,155 679 077,B01,2,1,0,2,1,1,5,0.0
202300000842,155 679 081,A01,2,99,0,2,1,15,0,0.0
202300000843,155 679 074,B01,2,7,4,2,8,1,1,0.0
202300000843,155 679 075,A01,2,7,3,2,9,11,1,0.0
202300000844,155 679 073,A01,3,7,0,1,2,1,1,0.0
202300000845,155 679 070,A01,0,40,0,2,7,0,3,0.0
202300000845,155 679 072,B01,0,1,0,4,0,0,5,0.0
202300000846,155 679 068,B01,1,7,0,2,2,12,1,0.0
202300000846,155 679 071,A01,1,7,0,2,8,1,1,0.0
202300000847,155 679 067,A01,2,7,0,0,2,1,1,0.0
202300000847,155 679 069,B01,1,7,0,0,3,1,1,0.0
202300000848,155 679 065,A01,1,7,0,0,2,16,1,0.0
202300000849,155 679 064,A01,1,50,0,2,1,1,3,0.0
202300000849,155 679 066,B01,2,1,0,2,1,1,5,0.0
202300000850,155 679 062,A01,1,7,4,0,1,14,1,0.0
202300000851,155 679 061,A01,0,7,0,9,1,1,1,0.0
202300000851,155 679 063,B01,0,50,0,2,4,2,3,0.0
202300000852,155 679 057,A01,1,50,0,2,3,17,3,0.0
202300000852,155 679 060,Z01,1,10,0,2,0,0,0,0.0
202300000853,155 679 056,A01,2,7,0,2,1,1,1,0.0
202300000853,155 679 058,B01,1,7,0,2,3,1,1,0.0
202300000854,155 679 051,A01,3,80,0,1,8,1,3,0.0
202300000855,155 679 052,A01,1,7,3,2,1,1,1,0.0
202300000855,155 679 054,B01,1,7,3,2,4,1,1,0.0
202300000855,155 679 055,D01,1,7,3,2,4,1,1,0.0
202300000855,155 679 059,C01,1,7,3,2,4,1,1,0.0
202300000856,155 679 050,A01,1,7,0,2,1,13,1,0.0
202300000856,155 679 053,B01,2,7,0,2,1,1,1,0.0
202300000857,155 679 049,A01,3,7,1,0,3,2,3,0.0
202300000858,155 679 048,A01,1,33,3,0,8,2,0,0.0
202300000859,155 679 047,A01,3,7,4,5,3,1,1,0.0
202300000860,155 679 045,A01,0,32,0,2,4,23,1,0.0
202300000860,155 679 046,B01,3,7,0,2,1,1,1,0.0
202300000861,155 679 043,A01,2,7,13,0,8,1,1,0.0
202300000862,155 679 044,A01,1,33,3,0,0,1,1,0.0
202300000863,155 679 042,A01,1,10,8,0,3,13,1,0.0
202300000864,155 679 041,A01,1,50,0,0,1,1,3,0.0
202300000865,155 679 040,A01,3,7,0,1,2,1,1,0.0
202300000866,155 679 039,A01,1,7,12,0,9,1,1,0.0
202300000867,155 679 037,A01,3,30,0,1,1,2,1,0.0
202300000868,155 679 036,A01,2,32,0,2,7,1,1,0.0
202300000868,155 679 038,B01,2,7,0,2,1,26,1,0.0
202300000869,155 679 034,A01,2,10,0,2,1,5,1,0.0
202300000869,155 679 035,B01,1,7,0,2,1,1,1,0.0
202300000870,155 679 032,B01,1,10,0,2,3,9,1,0.0
202300000870,155 679 033,A01,1,7,0,2,1,13,1,0.0
202300000871,155 679 031,A01,1,7,0,1,1,0,1,0.0
202300000872,155 679 029,A01,1,33,0,2,1,2,1,0.0
202300000872,155 679 030,B01,1,7,0,2,4,23,1,0.0
202300000873,155 679 028,A01,2,33,0,1,1,1,1,0.0
202300000874,155 679 026,A01,1,7,0,1,3,15,1,0.0
202300000875,155 679 024,B01,2,7,0,2,1,1,1,0.0
202300000875,155 679 027,A01,1,7,0,2,1,5,1,0.0
202300000876,155 679 025,A01,2,37,0,1,4,24,1,1.0
202300000877,155 679 023,A01,3,2,0,0,0,14,1,0.0
202300000878,155 679 022,A01,3,7,2,0,2,13,1,0.0
202300000879,155 679 020,A01,2,33,0,2,2,2,0,0.0
202300000879,155 679 021,B01,2,7,0,9,8,15,1,0.0
202300000880,155 679 017,A01,2,13,13,0,2,1,1,0.0
202300000881,155 679 015,A01,2,10,0,2,3,13,1,0.0
202300000881,155 679 016,B01,1,37,0,2,3,1,1,2.0
202300000882,155 679 014,A01,1,10,11,0,3,0,1,0.0
202300000883,155 679 012,B01,1,2,0,2,1,1,0,0.0
202300000883,155 679 013,A01,2,7,0,2,8,15,2,0.0
202300000884,155 679 010,A01,1,10,0,1,0,0,1,0.0
202300000885,155 679 009,A01,1,7,0,2,3,13,1,0.0
202300000885,155 679 011,B01,2,7,0,2,8,1,1,0.0
202300000886,155 679 008,A01,0,7,6,0,1,0,1,0.0
202300000887,155 679 007,A01,2,7,1,0,2,14,1,0.0
202300000888,155 679 005,B01,2,7,3,2,6,23,1,0.0
202300000888,155 679 006,A01,2,7,0,0,2,1,1,0.0
202300000889,155 679 002,A01,1,7,0,2,3,5,1,0.0
202300000889,155 679 004,B01,2,7,0,2,3,1,1,0.0
202300000890,155 679 001,A01,2,7,0,2,5,15,1,0.0
202300000890,155 679 003,B01,1,34,0,2,1,1,1,0.0
202300000891,155 679 000,A01,2,7,4,0,2,0,1,0.0
202300000892,155 678 999,A01,3,7,0,1,4,4,1,0.0
202300000893,155 678 996,A01,2,17,1,0,1,1,1,0.0
202300000893,155 678 997,B01,2,14,0,0,6,24,1,0.0
202300000894,155 678 993,A01,0,2,0,1,1,17,1,0.0
202300000895,155 678 994,A01,3,7,0,1,2,1,1,0.0
202300000896,155 678 992,A01,3,7,0,1,8,1,3,0.0
202300000897,155 678 991,A01,2,10,0,1,7,17,0,0.0
202300000898,155 678 989,A01,2,3,0,1,2,17,1,0.0
202300000899,155 678 988,B01,2,7,0,9,8,19,1,0.0
202300000899,155 678 990,A01,2,1,0,2,1,1,5,0.0
202300000900,155 678 985,B01,2,7,0,0,4,2,0,0.0
202300000900,155 678 987,A01,2,1,0,0,1,2,5,0.0
202300000901,155 678 983,A01,1,32,0,2,4,1,1,0.0
202300000901,155 678 986,B01,1,10,0,2,0,23,1,0.0
202300000902,155 678 981,A01,1,7,0,1,2,1,1,0.0
202300000903,155 678 980,A01,3,7,0,1,8,1,1,0.0
202300000904,155 678 977,B01,1,33,0,0,7,16,1,0.0
202300000904,155 678 979,A01,2,7,0,0,1,16,1,0.0
202300000905,155 678 976,B01,3,33,0,2,3,13,1,0.0
202300000905,155 678 978,A01,3,7,0,2,3,13,1,0.0
202300000906,155 678 975,A01,2,0,0,1,0,0,0,0.0
202300000907,155 678 973,A01,0,7,0,1,2,1,1,0.0
202300000908,155 678 972,B01,1,10,0,2,3,19,1,0.0
202300000908,155 678 974,A01,2,7,0,2,1,1,1,0.0
202300000909,155 678 971,A01,0,30,0,1,0,19,0,0.0
202300000910,155 678 969,A01,3,7,0,2,3,1,0,0.0
202300000910,155 678 970,B01,3,7,0,2,3,17,0,0.0
202300000911,155 678 968,A01,1,7,0,1,3,1,1,0.0
202300000912,155 678 967,A01,0,80,0,1,1,1,3,0.0
202300000913,155 678 963,A01,1,10,0,9,7,1,1,0.0
202300000913,155 678 965,B01,1,1,0,2,1,1,5,0.0
202300000914,155 678 962,A01,3,33,0,1,1,2,1,0.0
202300000915,155 678 961,A01,2,33,0,2,0,1,1,0.0
202300000915,155 678 964,B01,1,10,0,2,3,1,1,0.0
202300000915,155 678 966,C01,1,10,0,2,3,1,1,0.0
202300000916,155 678 960,A01,1,2,0,0,3,2,1,0.0
202300000917,155 678 959,A01,3,7,6,0,1,26,1,0.0
202300000918,155 678 954,B01,1,7,0,2,8,1,1,0.0
202300000918,155 678 957,A01,2,7,0,2,3,26,1,0.0
202300000919,155 678 955,A01,1,1,0,2,1,19,5,0.0
202300000919,155 678 958,B01,2,7,0,2,2,1,1,0.0
202300000920,155 678 952,A01,2,10,0,2,4,2,1,0.0
202300000920,155 678 953,B01,2,7,0,2,4,2,1,0.0
202300000920,155 678 956,C01,2,7,0,2,1,2,1,0.0
202300000921,155 678 950,A01,1,10,0,2,7,1,1,0.0
202300000921,155 678 951,B01,1,1,0,2,8,1,5,0.0
202300000922,155 678 947,A01,1,7,0,0,8,23,1,0.0
202300000922,155 678 949,B01,1,2,0,2,2,13,1,0.0
202300000923,155 678 943,Z01,1,10,0,2,0,0,0,0.0
202300000923,155 678 945,B01,1,7,0,2,4,2,1,0.0
202300000923,155 678 948,A01,1,7,0,2,4,0,1,0.0
202300000924,155 678 944,A01,2,7,0,2,3,17,1,0.0
202300000924,155 678 946,B01,2,2,0,2,4,15,1,0.0
202300000925,155 678 942,A01,1,7,0,1,2,26,1,0.0
202300000926,155 678 939,B01,0,1,0,2,1,0,5,0.0
202300000926,155 678 941,A01,0,7,0,2,2,15,1,0.0
202300000927,155 678 938,B01,1,33,0,2,2,0,0,0.0
202300000927,155 678 940,A01,1,7,0,2,8,21,1,0.0
202300000928,155 678 937,A01,2,7,0,1,2,1,1,0.0
202300000929,155 678 932,A01,1,7,0,2,9,1,1,0.0
202300000929,155 678 934,B01,1,7,2,0,6,16,1,0.0
202300000929,155 678 936,C01,2,7,6,0,1,1,1,0.0
202300000930,155 678 933,B01,1,7,0,2,2,16,1,0.0
202300000930,155 678 935,A01,1,30,0,2,3,18,1,0.0
202300000931,155 678 930,A01,3,14,0,2,1,5,1,0.0
202300000931,155 678 931,B01,3,7,0,2,1,1,1,0.0
202300000932,155 678 928,A01,1,7,0,2,3,0,1,0.0
202300000932,155 678 929,B01,2,7,0,2,3,0,1,0.0
202300000933,155 678 925,A01,0,15,0,2,2,2,1,0.0
202300000933,155 678 926,B01,3,1,0,0,4,1,5,0.0
202300000934,155 678 924,A01,1,7,1,1,1,1,1,0.0
202300000934,155 678 927,B01,0,7,0,2,0,0,0,0.0
202300000935,155 678 922,A01,2,7,0,2,3,15,1,0.0
202300000935,155 678 923,B01,2,33,0,2,1,16,1,0.0
202300000936,155 678 920,A01,1,7,8,0,3,1,1,0.0
202300000937,155 678 919,B01,2,2,0,2,1,1,1,0.0
202300000937,155 678 921,A01,1,7,0,2,3,9,1,0.0
202300000938,155 678 917,A01,2,7,0,2,2,15,1,0.0
202300000938,155 678 918,B01,1,2,0,2,1,1,1,0.0
202300000939,155 678 914,A01,1,7,0,2,8,11,0,0.0
202300000939,155 678 916,B01,1,33,0,2,8,1,1,0.0
202300000940,155 678 913,A01,3,7,0,1,1,1,1,0.0
202300000941,155 678 912,A01,1,7,0,2,3,26,1,0.0
202300000941,155 678 915,B01,1,7,0,2,1,1,1,0.0
202300000942,155 678 909,B01,1,7,0,2,3,1,1,0.0
202300000942,155 678 911,A01,2,7,0,2,3,1,1,0.0
202300000943,155 678 910,A01,0,7,0,1,4,4,1,0.0
202300000944,155 678 908,A01,1,32,0,0,8,15,1,0.0
202300000945,155 678 904,B01,1,50,0,2,3,5,3,0.0
202300000945,155 678 907,A01,3,7,0,2,2,16,1,0.0
202300000946,155 678 903,A01,2,7,0,9,1,9,1,0.0
202300000946,155 678 905,B01,0,50,0,2,7,26,3,0.0
202300000947,155 678 902,A01,2,7,0,2,2,15,0,0.0
202300000947,155 678 906,B01,1,2,0,2,1,1,0,0.0
202300000948,155 678 897,B01,3,7,0,2,3,15,1,0.0
202300000948,155 678 900,A01,3,7,0,2,3,1,1,0.0
202300000949,155 678 896,B01,1,33,0,0,4,2,1,0.0
202300000949,155 678 898,C01,1,7,0,0,8,15,1,0.0
202300000949,155 678 901,A01,1,33,6,0,1,2,1,0.0
202300000950,155 678 895,A01,1,7,0,9,0,0,1,0.0
202300000950,155 678 899,B01,2,1,0,2,2,0,5,0.0
202300000951,155 678 894,A01,2,7,2,0,3,1,1,0.0
202300000952,155 678 892,A01,3,10,0,1,4,4,1,0.0
202300000953,155 678 888,A01,0,7,0,0,5,2,1,0.0
202300000953,155 678 890,B01,0,1,0,2,1,2,5,0.0
202300000954,155 678 887,B01,2,7,3,2,9,2,1,0.0
202300000954,155 678 889,A01,2,10,0,2,2,0,1,0.0
202300000954,155 678 891,C01,2,10,0,2,1,2,1,0.0
202300000955,155 678 883,A01,2,0,0,1,2,13,0,0.0
202300000956,155 678 880,A01,2,7,0,2,4,1,1,0.0
202300000956,155 678 882,B01,2,7,0,2,0,2,1,0.0
202300000956,155 678 884,C01,2,7,0,2,1,2,1,0.0
202300000956,155 678 886,D01,2,7,0,2,1,1,1,0.0
202300000957,155 678 879,A01,2,7,15,0,1,1,1,0.0
202300000958,155 678 881,A01,2,7,15,2,8,21,2,0.0
202300000958,155 678 885,B01,1,10,0,2,7,0,1,0.0
202300000959,155 678 878,A01,2,7,4,0,2,14,1,0.0
202300000960,155 678 876,A01,1,7,0,2,1,17,1,0.0
202300000960,155 678 877,B01,1,7,6,0,4,17,1,0.0
202300000961,155 678 873,A01,2,7,15,0,2,1,1,0.0
202300000962,155 678 872,A01,1,7,3,0,2,14,1,0.0
202300000963,155 678 871,B01,1,33,0,2,1,2,1,0.0
202300000963,155 678 874,A01,1,7,0,2,3,9,1,0.0
202300000963,155 678 875,C01,1,7,0,2,7,24,1,0.0
202300000964,155 678 870,A01,0,7,1,0,2,21,0,0.0
202300000965,155 678 868,A01,2,1,0,0,0,1,5,0.0
202300000966,155 678 867,B01,1,7,0,2,5,0,1,0.0
202300000966,155 678 869,A01,1,32,0,2,3,11,1,0.0
202300000967,155 678 865,A01,1,32,0,2,3,13,1,0.0
202300000967,155 678 866,B01,1,33,0,2,1,1,1,0.0
202300000968,155 678 861,B01,1,7,0,2,2,12,1,0.0
202300000968,155 678 864,A01,1,31,0,2,3,17,1,0.0
202300000969,155 678 859,A01,2,7,0,0,4,2,1,0.0
202300000969,155 678 862,B01,2,2,0,2,1,2,1,0.0
202300000970,155 678 858,B01,1,7,0,2,4,23,1,0.0
202300000970,155 678 860,C01,1,7,0,0,4,2,1,0.0
202300000970,155 678 863,A01,1,7,0,2,1,2,1,0.0
202300000971,155 678 856,A01,0,43,0,1,1,1,1,0.0
202300000972,155 678 855,B01,1,7,0,2,3,15,0,0.0
202300000972,155 678 857,A01,1,2,0,2,1,15,1,0.0
202300000973,155 678 853,A01,1,33,0,2,1,3,1,0.0
202300000973,155 678 854,B01,1,7,0,2,8,11,1,0.0
202300000974,155 678 848,B01,0,50,0,2,1,1,3,0.0
202300000974,155 678 852,A01,1,7,0,2,3,9,1,0.0
202300000975,155 678 846,A01,2,33,0,2,1,13,1,0.0
202300000975,155 678 849,B01,2,10,0,2,5,1,1,0.0
202300000976,155 678 845,A01,1,7,0,2,1,13,1,0.0
202300000976,155 678 847,B01,2,7,0,2,6,21,1,0.0
202300000976,155 678 850,C01,2,7,0,2,8,21,1,0.0
202300000976,155 678 851,D01,2,10,0,2,3,21,1,0.0
202300000977,155 678 840,A01,1,7,0,2,4,23,0,0.0
202300000977,155 678 843,B01,1,10,0,2,1,2,1,0.0
202300000978,155 678 841,A01,1,7,0,2,5,15,1,0.0
202300000978,155 678 842,B01,2,33,0,2,1,1,1,0.0
202300000979,155 678 835,A01,2,7,0,2,5,20,1,0.0
202300000979,155 678 838,B01,1,30,0,2,1,1,1,0.0
202300000980,155 678 836,A01,1,33,0,2,1,18,1,0.0
202300000980,155 678 839,B01,1,7,0,2,2,16,1,0.0
202300000981,155 678 834,A01,1,7,0,2,7,17,1,0.0
202300000981,155 678 837,B01,1,50,0,2,8,15,3,0.0
202300000982,155 678 833,A01,1,7,3,0,1,14,1,0.0
202300000983,155 678 831,A01,0,10,0,1,4,4,0,0.0
202300000984,155 678 830,A01,3,7,0,2,4,15,0,0.0
202300000984,155 678 832,B01,3,33,0,2,1,17,0,0.0
202300000985,155 678 827,A01,1,10,0,2,1,2,1,0.0
202300000985,155 678 828,B01,1,10,0,2,1,2,1,0.0
202300000985,155 678 829,C01,1,15,0,2,4,2,1,0.0
202300000986,155 678 825,B01,3,7,0,9,0,23,1,0.0
202300000986,155 678 826,A01,1,50,15,0,3,25,3,0.0
202300000987,155 678 824,A01,1,36,12,0,8,2,1,0.0
202300000988,155 678 822,B01,1,7,4,0,6,1,1,0.0
202300000988,155 678 823,A01,1,14,0,2,2,12,1,0.0
202300000989,155 678 820,A01,2,15,3,0,3,2,1,0.0
202300000990,155 678 818,A01,2,50,0,2,1,14,3,0.0
202300000990,155 678 821,B01,2,50,0,2,4,1,3,0.0
202300000991,155 678 815,A01,2,31,0,2,1,13,1,0.0
202300000991,155 678 817,B01,1,7,0,2,3,1,1,0.0
202300000992,155 678 814,A01,2,14,0,2,3,14,1,0.0
202300000992,155 678 816,B01,2,17,0,2,4,1,1,0.0
202300000992,155 678 819,C01,2,15,0,0,4,1,1,0.0
202300000993,155 678 812,A01,2,7,0,1,2,1,1,0.0
202300000994,155 678 811,A01,0,7,0,2,1,2,1,0.0
202300000994,155 678 813,B01,0,7,0,2,4,23,1,0.0
202300000995,155 678 808,A01,1,33,0,2,1,21,1,0.0
202300000995,155 678 809,B01,2,7,0,2,8,1,2,0.0
202300000995,155 678 810,C01,2,10,0,2,4,23,1,0.0
202300000996,155 678 806,A01,1,14,13,0,1,1,1,0.0
202300000997,155 678 804,A01,3,1,0,1,1,1,5,0.0
202300000998,155 678 803,B01,2,32,0,2,1,1,1,0.0
202300000998,155 678 805,C01,1,13,0,2,1,1,1,0.0
202300000998,155 678 807,A01,2,10,0,2,6,1,1,0.0
202300000999,155 678 802,A01,1,2,8,0,1,14,1,0.0
202300001000,155 678 799,B01,3,10,0,2,4,2,1,0.0
202300001000,155 678 801,A01,3,30,0,2,1,26,1,0.0
202300001001,155 678 798,A01,3,7,0,2,2,14,1,0.0
202300001001,155 678 800,B01,3,1,0,2,4,2,5,0.0
202300001002,155 678 796,A01,1,7,0,2,1,5,1,0.0
202300001002,155 678 797,B01,2,15,0,2,1,1,1,0.0
202300001003,155 678 793,A01,2,10,0,2,3,1,1,0.0
202300001003,155 678 795,B01,2,33,0,2,1,1,1,0.0
202300001004,155 678 790,A01,1,33,0,2,3,17,1,0.0
202300001004,155 678 792,B01,2,7,0,2,3,1,1,0.0
202300001005,155 678 791,B01,1,37,0,2,3,0,0,2.0
202300001005,155 678 794,A01,1,7,0,2,3,1,1,0.0
202300001006,155 678 788,A01,1,33,13,0,1,1,0,0.0
202300001007,155 678 786,A01,1,7,0,2,3,13,1,0.0
202300001007,155 678 789,B01,2,7,0,2,3,1,1,0.0
202300001008,155 678 783,A01,2,7,0,2,3,9,1,0.0
202300001008,155 678 785,B01,2,1,0,2,2,1,5,0.0
202300001009,155 678 784,A01,1,10,0,2,1,17,1,0.0
202300001009,155 678 787,B01,1,30,0,2,4,1,1,0.0
202300001010,155 678 782,A01,2,7,0,1,3,15,1,0.0
202300001011,155 678 780,A01,1,7,0,2,6,15,1,0.0
202300001011,155 678 781,B01,1,2,0,2,2,15,1,0.0
202300001012,155 678 779,A01,1,30,0,0,9,1,3,0.0
202300001013,155 678 777,A01,1,7,2,0,3,1,1,0.0
202300001014,155 678 776,A01,3,7,0,1,3,15,1,0.0
202300001015,155 678 774,A01,1,7,5,0,1,14,1,0.0
202300001016,155 678 775,A01,2,7,0,2,3,5,1,0.0
202300001016,155 678 778,B01,1,7,0,2,3,1,1,0.0
202300001017,155 678 770,A01,1,7,0,2,1,1,0,0.0
202300001017,155 678 772,B01,0,1,0,2,7,19,5,0.0
202300001018,155 678 768,B01,1,3,0,2,4,1,1,0.0
202300001018,155 678 771,A01,1,31,0,2,1,2,1,0.0
202300001019,155 678 769,A01,3,30,0,2,0,15,1,0.0
202300001019,155 678 773,B01,3,7,0,2,5,1,1,0.0
202300001020,155 678 766,A01,3,7,0,9,2,20,0,0.0
202300001020,155 678 767,B01,0,1,0,2,4,1,5,0.0
202300001021,155 678 764,A01,1,7,0,1,1,1,1,0.0
202300001022,155 678 763,B01,3,1,0,2,7,1,5,0.0
202300001022,155 678 765,A01,3,7,0,2,3,1,1,0.0
202300001023,155 678 761,A01,3,7,0,2,4,2,1,0.0
202300001023,155 678 762,B01,3,10,0,2,3,2,1,0.0
202300001024,155 678 760,Z01,3,7,0,1,0,26,0,0.0
202300001025,155 678 756,B01,1,10,0,2,1,1,1,0.0
202300001025,155 678 758,A01,1,7,0,2,4,1,1,0.0
202300001026,155 678 757,B01,2,1,0,2,1,1,5,0.0
202300001026,155 678 759,A01,1,50,0,2,3,1,3,0.0
202300001027,155 678 754,A01,1,7,0,2,8,11,1,0.0
202300001027,155 678 755,B01,1,2,0,2,8,17,1,0.0
202300001028,155 678 752,B01,2,10,0,2,1,5,1,0.0
202300001028,155 678 753,A01,2,7,0,2,3,15,1,0.0