num_acc,id_vehicule,num_veh,senc,catv,obs,obsm,choc,manv,motor,occutc
202300001287,155 678 296,A01,1,7,0,2,8,11,1,0.0
202300001287,155 678 297,B01,1,36,0,2,7,2,1,0.0
202300001288,155 678 293,A01,2,7,0,2,1,15,1,0.0
202300001288,155 678 295,B01,1,2,0,2,1,1,1,0.0
202300001289,155 678 292,Z01,1,7,0,1,1,1,1,0.0
202300001290,155 678 291,A01,3,7,0,1,0,0,3,0.0
202300001291,155 678 288,B01,2,7,0,2,4,1,1,0.0
202300001291,155 678 290,A01,2,7,0,2,2,12,1,0.0
202300001291,155 678 294,C01,2,7,0,2,4,1,1,0.0
202300001292,155 678 287,A01,3,7,0,0,3,1,2,0.0
202300001292,155 678 289,B01,3,7,0,2,1,5,1,0.0
202300001293,155 678 285,A01,1,3,0,1,1,2,0,0.0
202300001294,155 678 281,B01,1,7,0,2,4,1,1,0.0
202300001294,155 678 283,A01,1,7,0,2,1,1,1,0.0
202300001295,155 678 282,A01,1,7,0,2,3,11,1,0.0
202300001295,155 678 284,B01,2,32,0,2,8,1,1,0.0
202300001295,155 678 286,C01,1,7,0,2,3,24,3,0.0
202300001296,155 678 277,B01,2,7,0,2,1,1,1,0.0
202300001296,155 678 280,A01,1,32,0,2,1,1,1,0.0
202300001297,155 678 276,A01,2,7,3,0,1,1,1,0.0
202300001298,155 678 274,A01,1,7,0,2,1,2,2,0.0
202300001298,155 678 278,B01,1,7,0,2,9,2,1,0.0
202300001298,155 678 279,C01,1,7,0,0,4,2,1,0.0
202300001299,155 678 273,A01,3,32,0,2,3,18,1,0.0
202300001299,155 678 275,B01,3,7,0,2,2,16,1,0.0
202300001300,155 678 270,B01,0,7,0,0,4,24,0,0.0
202300001300,155 678 272,A01,0,7,1,0,1,2,1,0.0
202300001301,155 678 268,A01,-1,10,0,1,4,4,1,0.0
202300001302,155 678 263,D01,2,10,0,2,1,2,1,0.0
202300001302,155 678 266,C01,2,7,0,2,1,2,1,0.0
202300001302,155 678 269,B01,2,7,0,2,4,2,0,0.0
202300001302,155 678 271,A01,2,7,0,2,4,2,1,0.0
202300001303,155 678 265,A01,2,10,0,2,8,15,1,0.0
202300001303,155 678 267,B01,2,34,0,2,1,17,1,0.0
202300001304,155 678 262,A01,1,7,0,2,3,15,0,0.0
202300001304,155 678 264,B01,2,31,0,2,1,17,0,0.0
202300001305,155 678 261,A01,2,7,0,1,2,1,1,0.0
202300001306,155 678 260,A01,2,7,0,1,1,1,1,0.0
202300001307,155 678 259,A01,1,50,0,1,1,25,3,0.0
202300001308,155 678 257,A01,1,33,0,1,7,25,0,0.0
202300001309,155 678 258,A01,2,7,13,0,1,1,1,0.0
202300001310,155 678 256,A01,1,7,4,0,2,1,1,0.0
202300001311,155 678 253,A01,2,7,0,0,1,19,1,0.0
202300001311,155 678 255,B01,1,7,0,2,8,1,1,0.0
202300001312,155 678 252,A01,1,1,0,2,5,14,5,0.0
202300001312,155 678 254,B01,1,1,0,2,6,1,5,0.0
202300001313,155 678 249,A01,1,7,0,2,1,1,1,0.0
202300001313,155 678 251,B01,1,7,0,2,4,23,1,0.0
202300001314,155 678 248,A01,2,7,0,2,1,13,1,0.0
202300001314,155 678 250,B01,1,7,0,2,1,1,1,0.0
202300001315,155 678 247,A01,1,43,2,0,1,1,1,0.0
202300001316,155 678 241,A01,3,1,0,2,1,13,5,0.0
202300001316,155 678 242,B01,3,1,0,2,1,16,5,0.0
202300001317,155 678 244,A01,1,7,0,2,7,22,1,0.0
202300001317,155 678 246,B01,1,1,0,2,1,1,5,0.0
202300001318,155 678 239,A01,2,7,0,2,1,1,1,0.0
202300001318,155 678 243,B01,3,80,0,2,8,9,3,0.0
202300001319,155 678 238,A01,1,7,0,2,1,1,1,0.0
202300001319,155 678 240,B01,1,7,0,2,4,1,1,0.0
202300001319,155 678 245,C01,1,7,0,2,4,23,2,0.0
202300001320,155 678 237,A01,1,10,9,0,2,0,1,0.0
202300001321,155 678 236,A01,2,50,0,1,8,1,3,0.0
202300001322,155 678 233,A01,2,7,0,2,6,1,1,0.0
202300001322,155 678 235,B01,2,7,0,2,2,13,1,0.0
202300001323,155 678 232,A01,1,7,0,2,1,1,1,0.0
202300001324,155 678 231,B01,2,7,15,0,1,0,1,0.0
202300001324,155 678 234,A01,2,3,16,0,5,1,0,0.0
202300001325,155 678 230,A01,1,30,0,1,1,17,1,0.0
202300001326,155 678 229,A01,1,7,0,0,8,13,1,0.0
202300001327,155 678 228,A01,3,37,0,1,1,1,1,1.0
202300001328,155 678 226,B01,1,2,0,2,1,1,1,0.0
202300001328,155 678 227,A01,1,7,0,2,1,1,1,0.0
202300001329,155 678 225,Z01,3,32,0,1,1,1,0,0.0
202300001330,155 678 224,A01,1,7,2,0,3,1,1,0.0
202300001331,155 678 222,B01,1,2,1,0,0,0,0,0.0
202300001332,155 678 221,B01,2,7,0,2,1,1,1,0.0
202300001332,155 678 223,A01,1,7,0,2,1,13,1,0.0
202300001333,155 678 219,Z01,2,7,0,2,1,1,0,0.0
202300001333,155 678 220,B01,2,41,0,2,4,1,1,0.0
202300001334,155 678 217,B01,2,2,0,2,8,1,1,0.0
202300001334,155 678 218,A01,1,14,0,2,1,15,1,0.0
202300001335,155 678 215,A01,1,7,4,0,3,13,1,0.0
202300001336,155 678 213,A01,1,7,0,2,3,13,1,0.0
202300001336,155 678 216,B01,2,2,0,2,1,1,1,0.0
202300001337,155 678 212,A01,1,7,0,2,2,2,1,0.0
202300001337,155 678 214,B01,1,80,0,2,4,2,3,0.0
202300001338,155 678 210,A01,1,33,0,0,7,0,1,0.0
202300001339,155 678 209,A01,1,30,0,2,1,5,0,0.0
202300001339,155 678 211,B01,2,7,0,2,3,0,0,0.0
202300001340,155 678 207,Z01,1,1,0,1,1,1,5,0.0
202300001341,155 678 208,A01,1,7,0,1,2,1,1,0.0
202300001342,155 678 202,A01,1,32,0,2,1,1,0,0.0
202300001342,155 678 205,B01,2,30,0,2,5,6,0,0.0
202300001343,155 678 201,A01,3,34,0,0,0,26,1,0.0
202300001344,155 678 204,B01,3,1,0,2,1,2,5,0.0
202300001344,155 678 206,A01,3,7,0,9,7,15,1,0.0
202300001345,155 678 200,A01,3,7,0,2,2,17,1,0.0
202300001345,155 678 203,B01,3,50,0,2,3,15,3,0.0
202300001346,155 678 196,A01,1,1,0,2,1,1,5,0.0
202300001346,155 678 199,B01,1,7,0,9,4,1,1,0.0
202300001347,155 678 195,B01,0,7,0,0,0,0,1,0.0
202300001347,155 678 198,A01,2,7,0,0,4,1,2,0.0
202300001348,155 678 194,B01,2,7,0,2,4,2,1,0.0
202300001348,155 678 197,A01,2,7,0,2,1,2,1,0.0
202300001349,155 678 193,A01,3,43,0,1,7,1,1,0.0
202300001350,155 678 188,A01,2,7,0,1,1,9,0,0.0
202300001351,155 678 189,A01,0,7,0,2,3,1,1,0.0
202300001351,155 678 191,B01,0,1,0,2,1,14,5,0.0
202300001352,155 678 187,A01,2,1,1,0,1,1,5,0.0
202300001353,155 678 182,A01,1,7,0,2,7,16,1,0.0
202300001353,155 678 186,B01,1,1,0,2,8,2,5,0.0
202300001354,155 678 181,B01,2,7,0,2,4,1,1,0.0
202300001354,155 678 185,A01,2,7,0,2,1,1,1,0.0
202300001355,155 678 179,A01,3,32,0,2,1,9,1,0.0
202300001355,155 678 184,B01,0,31,0,0,0,0,1,0.0
202300001356,155 678 177,A01,1,7,15,0,3,13,1,0.0
202300001357,155 678 176,A01,1,7,0,2,1,2,1,0.0
202300001357,155 678 178,B01,1,7,0,2,4,2,1,0.0
202300001357,155 678 180,C01,1,10,0,2,4,2,1,0.0
202300001357,155 678 183,D01,1,7,0,2,4,2,1,0.0
202300001358,155 678 172,B01,2,7,0,2,4,23,1,0.0
202300001358,155 678 175,A01,2,7,0,2,1,2,1,0.0
202300001359,155 678 169,A01,2,7,0,2,4,2,1,0.0
202300001359,155 678 174,B01,2,1,0,2,4,1,5,0.0
202300001360,155 678 170,A01,3,1,0,2,3,1,5,0.0
202300001360,155 678 171,B01,3,43,0,2,2,15,1,0.0
202300001361,155 678 167,A01,2,33,0,0,0,1,1,0.0
202300001362,155 678 166,B01,1,7,0,2,3,1,1,0.0
202300001362,155 678 168,A01,2,7,0,2,8,0,1,0.0
202300001363,155 678 164,A01,2,7,0,2,1,2,0,0.0
202300001363,155 678 165,B01,2,32,0,2,4,1,1,0.0
202300001364,155 678 163,A01,1,50,0,1,1,25,3,0.0
202300001365,155 678 160,A01,0,7,0,2,1,0,1,0.0
202300001365,155 678 162,B01,0,1,0,2,8,9,5,0.0
202300001366,155 678 159,A01,3,7,0,2,1,19,1,0.0
202300001366,155 678 161,B01,2,32,0,2,8,1,1,0.0
202300001367,155 678 158,A01,1,7,0,1,2,16,1,0.0
202300001368,155 678 156,A01,1,33,5,0,3,13,1,0.0
202300001369,155 678 155,A01,2,7,13,0,1,1,1,0.0
202300001370,155 678 154,A01,1,7,0,2,6,12,1,0.0
202300001370,155 678 157,B01,1,31,0,2,1,12,1,0.0
202300001371,155 678 149,A01,0,7,0,2,1,26,0,0.0
202300001371,155 678 153,B01,3,50,0,2,1,0,3,0.0
202300001372,155 678 150,A01,3,7,0,2,1,16,0,0.0
202300001372,155 678 152,B01,3,43,0,2,7,1,1,0.0
202300001373,155 678 148,A01,1,32,0,0,7,17,1,0.0
202300001374,155 678 147,B01,2,7,0,2,8,21,1,0.0
202300001374,155 678 151,A01,2,7,14,2,1,6,1,0.0
202300001375,155 678 145,B01,1,2,0,2,2,2,1,0.0
202300001375,155 678 146,A01,1,7,0,2,3,15,1,0.0
202300001376,155 678 142,A01,3,7,6,0,1,13,1,0.0
202300001377,155 678 141,A01,1,7,0,1,8,20,0,0.0
202300001377,155 678 144,B01,1,7,1,0,8,24,0,0.0
202300001378,155 678 140,A01,1,33,0,2,1,21,1,0.0
202300001378,155 678 143,B01,1,7,0,2,3,15,1,0.0
202300001379,155 678 139,A01,2,7,8,0,8,1,1,0.0
202300001380,155 678 138,A01,2,7,0,1,2,16,1,0.0
202300001381,155 678 136,A01,1,1,0,0,-1,1,5,0.0
202300001382,155 678 135,B01,1,7,0,2,4,1,1,0.0
202300001382,155 678 137,A01,1,33,0,2,1,1,1,0.0
202300001383,155 678 133,A01,2,33,0,2,1,17,1,0.0
202300001383,155 678 134,B01,2,7,0,2,8,15,1,0.0
202300001384,155 678 130,A01,1,33,4,0,7,1,1,0.0
202300001385,155 678 128,B01,2,7,0,2,4,1,1,0.0
202300001385,155 678 132,A01,2,7,0,2,1,1,1,0.0
202300001386,155 678 127,B01,0,7,0,2,3,15,1,0.0
202300001386,155 678 129,C01,3,7,0,2,8,1,1,0.0
202300001386,155 678 131,A01,3,34,0,2,3,1,1,0.0
202300001387,155 678 124,B01,1,1,0,2,8,1,5,0.0
202300001387,155 678 126,A01,3,7,0,2,1,19,1,0.0
202300001388,155 678 122,A01,3,31,0,2,3,17,1,0.0
202300001388,155 678 125,B01,3,7,1,2,3,15,1,0.0
202300001389,155 678 121,A01,1,33,0,0,0,1,1,0.0
202300001390,155 678 120,A01,0,32,0,2,1,15,0,0.0
202300001390,155 678 123,B01,0,14,0,2,3,1,0,0.0
202300001391,155 678 117,A01,2,2,0,2,2,2,1,0.0
202300001391,155 678 119,B01,2,7,0,2,3,15,1,0.0
202300001392,155 678 116,A01,1,1,0,0,-1,1,5,0.0
202300001393,155 678 115,B01,3,1,0,2,1,26,5,0.0
202300001393,155 678 118,A01,1,7,0,2,3,9,1,0.0
202300001394,155 678 112,A01,3,10,8,0,3,13,1,0.0
202300001395,155 678 110,B01,1,7,0,2,6,16,1,0.0
202300001395,155 678 114,A01,1,7,0,2,6,21,1,0.0
202300001396,155 678 111,A01,3,2,0,2,1,15,1,0.0
202300001396,155 678 113,B01,3,7,0,2,8,1,1,0.0
202300001397,155 678 108,A01,1,10,0,0,0,0,0,0.0
202300001397,155 678 109,B01,1,33,0,2,0,0,0,0.0
202300001398,155 678 105,B01,2,10,0,2,1,1,1,0.0
202300001398,155 678 107,A01,1,32,0,2,1,5,1,0.0
202300001399,155 678 104,A01,3,7,6,1,1,25,1,0.0
202300001400,155 678 103,B01,3,7,0,0,1,1,1,0.0
202300001400,155 678 106,A01,1,31,0,0,8,1,1,0.0
202300001401,155 678 102,A01,2,7,0,1,1,1,1,0.0
202300001402,155 678 100,A01,2,10,0,2,7,12,1,0.0
202300001402,155 678 101,B01,2,33,0,2,3,2,1,0.0
202300001403,155 678 097,A01,1,7,0,0,1,1,1,0.0
202300001404,155 678 096,A01,2,7,0,0,3,9,1,0.0
202300001404,155 678 098,B01,2,1,0,0,7,1,5,0.0
202300001405,155 678 099,A01,1,7,0,1,3,15,0,0.0
202300001406,155 678 094,A01,2,31,0,2,6,12,1,0.0
202300001406,155 678 095,B01,2,15,0,2,2,2,1,0.0
202300001407,155 678 093,A01,0,10,6,0,1,14,1,0.0
202300001408,155 678 090,B01,2,1,0,2,3,1,5,0.0
202300001408,155 678 092,A01,1,7,0,2,8,13,1,0.0
202300001409,155 678 089,A01,3,7,0,2,1,26,0,0.0
202300001409,155 678 091,B01,3,10,0,2,6,2,1,0.0
202300001410,155 678 087,A01,1,7,13,0,0,0,1,0.0
202300001411,155 678 086,B01,2,80,0,2,7,1,3,0.0
202300001411,155 678 088,A01,2,7,0,2,2,15,1,0.0
202300001412,155 678 084,A01,2,33,0,2,1,1,1,0.0
202300001412,155 678 085,B01,1,21,0,2,1,15,1,0.0
202300001413,155 678 083,A01,1,30,0,1,1,1,1,0.0
202300001414,155 678 079,B01,1,33,0,2,1,1,1,0.0
202300001414,155 678 082,A01,2,7,0,2,7,19,1,0.0
202300001415,155 678 078,A01,1,7,0,2,3,9,1,0.0
202300001415,155 678 080,B01,1,2,0,2,7,9,3,0.0
202300001416,155 678 077,A01,2,7,0,2,2,5,2,0.0
202300001416,155 678 081,B01,1,1,0,2,1,1,5,0.0
202300001417,155 678 076,A01,3,7,0,1,2,1,1,0.0
202300001418,155 678 071,A01,3,35,0,2,1,9,1,0.0
202300001418,155 678 074,B01,3,10,0,2,3,1,1,0.0
202300001419,155 678 072,A01,2,7,0,2,3,1,1,0.0
202300001419,155 678 075,B01,2,7,0,2,3,13,1,0.0
202300001420,155 678 070,A01,2,7,0,2,8,15,1,0.0
202300001420,155 678 073,B01,2,30,0,2,1,1,1,0.0
202300001421,155 678 069,A01,1,7,0,1,1,1,1,0.0
202300001422,155 678 066,A01,1,7,0,1,1,1,1,0.0
202300001423,155 678 065,A01,2,7,0,9,2,2,1,0.0
202300001423,155 678 068,B01,2,1,0,0,8,1,5,0.0
202300001424,155 678 064,A01,2,50,0,2,1,7,3,0.0
202300001424,155 678 067,B01,2,7,0,2,3,1,1,0.0
202300001425,155 678 062,A01,1,21,0,0,0,14,1,0.0
202300001426,155 678 061,A01,2,31,0,1,1,1,1,0.0
202300001427,155 678 060,A01,3,7,0,2,1,17,1,0.0
202300001427,155 678 063,B01,3,31,0,2,7,19,1,0.0
202300001428,155 678 059,A01,1,10,14,0,1,9,1,0.0
202300001429,155 678 058,A01,0,33,8,0,1,1,1,0.0
202300001430,155 678 055,A01,1,7,0,2,3,9,1,0.0
202300001430,155 678 057,B01,1,1,0,2,2,9,5,0.0
202300001431,155 678 050,A01,1,10,0,2,2,1,1,0.0
202300001431,155 678 052,B01,1,33,0,2,1,26,1,0.0
202300001432,155 678 048,B01,1,7,0,2,8,9,1,0.0
202300001432,155 678 053,A01,2,7,0,2,1,1,0,0.0
202300001433,155 678 049,A01,2,7,0,2,2,2,1,0.0
202300001433,155 678 051,B01,2,7,0,2,6,23,1,0.0
202300001433,155 678 054,C01,2,7,0,2,8,23,1,0.0
202300001433,155 678 056,D01,2,7,0,2,5,23,1,0.0
202300001434,155 678 046,A01,2,7,1,0,9,1,1,0.0
202300001435,155 678 044,A01,2,30,0,1,0,3,1,0.0
202300001435,155 678 047,B01,0,60,0,1,8,0,5,0.0
202300001436,155 678 045,A01,1,33,0,0,9,1,1,0.0
202300001437,155 678 043,A01,-1,3,0,1,0,26,-1,0.0
202300001438,155 678 041,A01,1,7,0,2,3,20,1,0.0
202300001438,155 678 042,B01,1,30,1,2,2,0,1,0.0
202300001439,155 678 039,A01,2,7,2,0,3,0,1,0.0
202300001440,155 678 040,A01,0,7,0,1,4,20,0,0.0
202300001441,155 678 037,A01,1,7,2,0,7,0,1,0.0
202300001442,155 678 036,A01,1,10,0,1,5,26,1,0.0
202300001443,155 678 035,A01,1,10,0,2,2,15,1,0.0
202300001443,155 678 038,B01,2,33,0,2,1,1,1,0.0
202300001444,155 678 033,A01,1,7,0,2,3,17,1,0.0
202300001444,155 678 034,B01,2,7,0,2,3,1,1,0.0
202300001445,155 678 032,A01,3,7,0,1,1,1,1,0.0
202300001446,155 678 031,A01,1,7,17,0,1,1,1,0.0
202300001447,155 678 030,A01,2,7,2,0,7,1,1,0.0
202300001448,155 678 027,A01,1,7,0,2,3,11,1,0.0
202300001448,155 678 029,B01,0,7,0,2,1,14,0,0.0
202300001449,155 678 025,A01,1,7,2,0,7,1,1,0.0
202300001450,155 678 026,A01,3,7,0,2,1,17,1,0.0
202300001450,155 678 028,B01,3,7,0,2,4,1,1,0.0
202300001451,155 678 022,A01,3,10,0,1,4,20,1,0.0
202300001452,155 678 020,A01,1,7,8,2,1,1,1,0.0
202300001452,155 678 024,B01,3,7,0,2,3,0,1,0.0
202300001453,155 678 021,A01,1,33,0,2,8,13,1,0.0
202300001453,155 678 023,B01,2,7,0,2,3,1,1,0.0
202300001454,155 678 017,A01,3,33,15,0,3,1,1,0.0
202300001455,155 678 016,A01,1,50,0,2,4,2,3,0.0
202300001455,155 678 019,B01,1,7,0,2,4,2,0,0.0
202300001456,155 678 014,A01,1,10,0,0,6,2,1,0.0
202300001456,155 678 015,B01,1,33,0,2,1,0,1,0.0
202300001456,155 678 018,C01,1,7,0,9,0,0,1,0.0
202300001457,155 678 012,A01,3,2,0,2,1,13,1,0.0
202300001457,155 678 013,B01,3,7,0,2,3,1,1,0.0
202300001458,155 678 011,A01,2,7,0,1,3,15,1,0.0
202300001459,155 678 010,A01,2,7,0,1,2,0,1,0.0
202300001460,155 678 009,A01,2,1,14,0,1,1,5,0.0
202300001461,155 678 007,B01,3,7,1,2,4,23,1,0.0
202300001461,155 678 008,A01,3,7,0,2,1,2,1,0.0
202300001462,155 678 005,A01,1,33,0,2,1,2,1,0.0
202300001462,155 678 006,B01,1,10,0,0,4,2,0,0.0
202300001463,155 678 002,A01,2,31,12,0,1,1,1,0.0
202300001464,155 678 003,A01,2,7,0,2,3,15,1,0.0
202300001464,155 678 004,B01,1,1,0,2,1,1,5,0.0
202300001465,155 678 000,A01,1,7,0,2,3,9,0,0.0
202300001465,155 678 001,B01,1,33,1,2,1,1,1,0.0
202300001466,155 677 998,B01,3,10,0,2,1,0,1,0.0
202300001466,155 677 999,A01,3,50,0,2,1,0,3,0.0
202300001467,155 677 997,A01,2,7,0,0,0,1,1,0.0
202300001468,155 677 994,A01,3,50,0,2,1,19,3,0.0
202300001468,155 677 996,B01,2,7,0,2,2,1,0,0.0
202300001469,155 677 991,A01,3,7,0,2,3,15,3,0.0
202300001469,155 677 993,B01,3,33,0,2,3,1,1,0.0
202300001470,155 677 988,A01,3,50,0,2,5,25,3,0.0
202300001470,155 677 990,B01,3,7,0,2,2,1,1,0.0
202300001471,155 677 987,B01,2,30,0,2,8,1,1,0.0
202300001471,155 677 989,A01,1,7,0,2,0,15,1,0.0
202300001472,155 677 986,A01,2,7,0,1,1,2,2,0.0
202300001473,155 677 984,A01,0,7,0,2,6,2,1,0.0
202300001473,155 677 985,B01,3,10,0,2,2,0,1,0.0
202300001474,155 677 982,A01,2,33,0,2,3,5,1,0.0
202300001474,155 677 983,B01,1,7,0,2,7,1,1,0.0
202300001475,155 677 980,B01,1,7,0,2,1,5,1,0.0
202300001475,155 677 981,A01,2,7,0,2,1,1,1,0.0
202300001476,155 677 978,B01,2,2,0,2,8,8,1,0.0
202300001476,155 677 979,A01,1,7,0,2,1,15,1,0.0
202300001477,155 677 977,A01,1,7,17,0,7,1,1,0.0
202300001478,155 677 976,A01,1,7,0,1,1,25,1,0.0
202300001479,155 677 972,A01,1,30,0,2,1,17,1,0.0
202300001479,155 677 974,B01,1,7,0,0,6,23,1,0.0
202300001479,155 677 975,C01,2,21,0,2,3,1,1,0.0
202300001480,155 677 971,B01,1,50,0,2,1,5,3,0.0
202300001480,155 677 973,A01,1,7,0,2,3,15,1,0.0
202300001481,155 677 967,A01,1,17,0,2,1,2,1,0.0
202300001481,155 677 968,B01,1,7,0,2,4,2,1,0.0
202300001481,155 677 970,C01,1,17,0,2,1,2,1,0.0
202300001482,155 677 966,A01,2,2,0,2,1,17,1,0.0
202300001482,155 677 969,B01,2,7,0,0,6,15,1,0.0
202300001483,155 677 965,A01,1,7,0,1,1,1,1,0.0
202300001484,155 677 963,A01,1,1,0,0,0,25,5,0.0
202300001485,155 677 962,A01,1,10,0,2,8,1,1,0.0
202300001485,155 677 964,B01,2,1,0,2,1,19,5,0.0
202300001486,155 677 959,B01,1,7,0,2,8,1,1,0.0
202300001486,155 677 960,C01,1,7,0,2,3,1,1,0.0
202300001486,155 677 961,A01,2,7,0,2,8,13,1,0.0
202300001487,155 677 954,A01,1,33,0,2,1,1,1,0.0
202300001487,155 677 955,B01,2,7,0,2,1,5,1,0.0
202300001487,155 677 956,C01,1,33,0,2,1,1,1,0.0
202300001488,155 677 957,A01,1,7,0,9,1,15,1,0.0
202300001488,155 677 958,B01,2,80,0,2,8,1,3,0.0
202300001489,155 677 952,A01,2,31,13,0,2,1,1,0.0
202300001490,155 677 950,B01,1,7,0,2,6,1,1,0.0
202300001490,155 677 951,C01,2,1,0,2,0,0,5,0.0
202300001490,155 677 953,A01,1,33,0,2,1,2,1,0.0
202300001491,155 677 947,A01,2,30,0,2,1,2,1,0.0
202300001491,155 677 949,B01,2,7,0,0,5,2,1,0.0
202300001492,155 677 948,A01,2,33,15,0,1,14,1,0.0
202300001493,155 677 946,Z01,1,31,0,1,1,2,0,0.0
202300001494,155 677 943,Z01,2,7,0,1,1,1,0,0.0
202300001495,155 677 944,A01,2,2,0,2,3,15,1,0.0
202300001495,155 677 945,B01,2,2,0,2,2,17,1,0.0
202300001496,155 677 942,Z01,1,34,0,1,1,1,0,0.0
202300001497,155 677 938,A01,3,30,0,2,7,16,1,0.0
202300001497,155 677 940,B01,3,7,0,2,3,15,2,0.0
202300001498,155 677 939,A01,2,2,0,2,7,0,1,0.0
202300001498,155 677 941,B01,0,0,0,0,0,0,0,0.0
202300001499,155 677 936,B01,1,7,16,0,0,1,1,0.0
202300001499,155 677 937,A01,1,7,0,0,0,17,0,0.0
202300001500,155 677 934,B01,2,7,0,2,1,1,1,0.0
202300001500,155 677 935,A01,2,7,0,2,8,19,1,0.0
202300001501,155 677 933,A01,2,2,0,0,0,1,0,0.0
202300001502,155 677 931,A01,3,7,0,2,1,9,1,0.0
202300001502,155 677 932,B01,2,2,0,0,7,1,1,0.0
202300001503,155 677 929,A01,3,7,0,2,2,9,1,0.0
202300001503,155 677 930,B01,3,50,0,2,1,1,3,0.0
202300001504,155 677 926,A01,0,7,0,2,8,15,0,0.0
202300001504,155 677 927,LB01,1,1,0,2,1,23,5,0.0
202300001505,155 677 925,A01,1,7,0,2,4,1,1,0.0
202300001505,155 677 928,B01,1,7,0,2,1,0,1,0.0
202300001506,155 677 922,A01,1,30,0,2,1,9,0,0.0
202300001506,155 677 924,B01,1,10,0,2,6,1,1,0.0
202300001507,155 677 918,A01,2,7,0,2,5,2,1,0.0
202300001507,155 677 920,B01,2,7,0,2,3,2,1,0.0
202300001507,155 677 923,Z01,2,7,0,2,1,0,1,0.0
202300001508,155 677 919,B01,0,60,0,2,1,0,5,0.0
202300001508,155 677 921,A01,3,7,0,2,1,25,1,0.0
202300001509,155 677 914,A01,2,7,0,2,1,1,1,0.0
202300001509,155 677 917,B01,2,7,0,2,4,1,2,0.0
202300001510,155 677 912,A01,3,40,0,2,1,2,3,0.0
202300001510,155 677 913,B01,1,1,0,4,8,26,5,0.0
202300001511,155 677 911,A01,2,31,0,2,1,2,1,0.0
202300001512,155 677 909,B01,1,40,0,2,2,1,2,0.0
202300001512,155 677 910,A01,1,7,0,4,3,15,1,0.0
202300001513,155 677 907,A01,1,7,0,2,1,2,1,0.0
202300001513,155 677 908,B01,1,10,0,2,4,2,1,0.0
202300001514,155 677 906,A01,1,10,-1,1,4,25,1,0.0
202300001515,155 677 903,B01,1,7,0,2,0,14,1,0.0
202300001515,155 677 905,A01,1,33,0,2,3,1,1,0.0
202300001516,155 677 902,B01,2,32,0,2,1,1,1,0.0
202300001516,155 677 904,Z01,2,7,0,2,1,1,0,0.0
202300001517,155 677 901,A01,1,33,0,2,1,1,1,0.0
202300001518,155 677 899,Z01,2,3,0,2,5,19,1,0.0
202300001518,155 677 900,B01,1,1,0,2,1,1,5,0.0
202300001519,155 677 898,A01,1,32,0,2,7,1,3,0.0
202300001520,155 677 896,A01,0,7,0,2,1,2,0,0.0
202300001520,155 677 897,B01,0,14,0,2,4,0,0,0.0
202300001521,155 677 893,A01,0,7,0,1,3,16,0,0.0
202300001522,155 677 892,B01,2,10,0,2,4,2,1,0.0
202300001522,155 677 894,A01,2,7,0,2,1,2,1,0.0
202300001522,155 677 895,C01,2,10,0,2,4,2,1,0.0
202300001523,155 677 891,A01,1,7,0,1,3,1,2,0.0
202300001524,155 677 887,A01,1,7,0,2,7,15,0,0.0
202300001524,155 677 889,B01,2,33,0,2,1,1,0,0.0
202300001525,155 677 886,A01,2,33,0,2,9,1,1,0.0
202300001525,155 677 888,B01,2,7,0,2,2,1,1,0.0
202300001525,155 677 890,Z01,1,7,0,2,8,26,1,0.0
202300001526,155 677 883,A01,2,33,0,0,1,21,1,0.0
202300001526,155 677 884,B01,2,7,0,0,0,1,1,0.0
202300001526,155 677 885,C01,2,7,0,0,0,13,1,0.0
202300001527,155 677 882,A01,1,32,0,2,7,3,1,0.0
202300001528,155 677 878,A01,1,7,0,2,3,11,1,0.0
202300001528,155 677 880,B01,1,33,0,2,1,3,1,0.0
202300001529,155 677 877,A01,1,7,0,2,0,17,0,0.0
202300001529,155 677 879,B01,1,31,0,2,3,1,1,0.0
202300001529,155 677 881,C01,1,38,0,2,5,17,1,1.0
202300001530,155 677 875,A01,1,7,15,0,1,1,0,0.0
202300001531,155 677 874,A01,1,7,0,2,5,14,1,0.0
202300001531,155 677 876,B01,1,33,0,2,8,3,1,0.0
202300001532,155 677 872,B01,2,7,0,2,3,1,1,0.0
202300001532,155 677 873,A01,1,2,0,2,1,19,3,0.0
202300001533,155 677 869,A01,2,10,0,2,1,2,1,0.0
202300001533,155 677 870,B01,2,7,0,2,4,2,1,0.0
202300001533,155 677 871,C01,2,7,0,2,4,2,1,0.0
202300001534,155 677 867,B01,2,7,0,2,8,1,1,0.0
202300001534,155 677 868,A01,0,50,0,2,1,13,3,0.0
202300001535,155 677 865,A01,1,7,0,2,1,2,1,0.0
202300001535,155 677 866,B01,1,7,0,2,4,2,1,0.0
202300001536,155 677 863,A01,1,7,0,2,1,1,1,0.0
202300001536,155 677 864,B01,1,7,0,2,4,2,1,0.0
202300001537,155 677 862,A01,2,7,13,0,1,0,1,0.0
202300001538,155 677 859,A01,1,7,0,2,2,14,1,0.0
202300001538,155 677 860,B01,1,7,0,2,6,1,1,0.0
202300001539,155 677 858,A01,3,7,0,2,3,9,1,0.0
202300001539,155 677 861,B01,3,2,0,2,1,1,1,0.0
202300001540,155 677 856,Z01,1,0,0,1,1,26,0,0.0
202300001541,155 677 855,A01,1,7,0,2,7,1,1,0.0