num_acc,id_vehicule,num_veh,senc,catv,obs,obsm,choc,manv,motor,occutc
202300001541,155 677 857,Z01,2,7,0,2,1,1,0,0.0
202300001542,155 677 852,A01,1,7,0,1,1,16,1,0.0
202300001543,155 677 851,A01,1,15,14,2,0,9,1,0.0
202300001543,155 677 853,B01,1,33,0,2,2,21,1,0.0
202300001544,155 677 850,A01,2,32,0,1,1,3,1,0.0
202300001545,155 677 848,B01,0,50,0,2,7,26,3,0.0
202300001545,155 677 849,A01,3,7,0,2,2,1,1,0.0
202300001546,155 677 845,B01,3,1,0,0,0,0,5,0.0
202300001547,155 677 843,A01,1,7,0,1,0,0,0,0.0
202300001548,155 677 842,A01,2,7,0,2,3,15,1,0.0
202300001548,155 677 844,B01,2,33,0,2,1,17,1,0.0
202300001549,155 677 841,A01,1,7,7,0,5,2,1,0.0
202300001550,155 677 837,B01,1,7,0,2,5,2,0,0.0
202300001550,155 677 839,A01,1,7,8,2,3,12,0,0.0
202300001550,155 677 840,C01,1,7,0,2,4,0,0,0.0
202300001551,155 677 838,A01,3,7,6,0,1,1,1,0.0
202300001552,155 677 835,A01,1,7,0,2,1,1,1,0.0
202300001552,155 677 836,B01,1,7,0,2,8,1,1,0.0
202300001553,155 677 834,A01,1,7,0,1,3,15,1,0.0
202300001554,155 677 829,A01,3,50,0,2,1,1,3,0.0
202300001554,155 677 831,B01,3,33,0,9,2,1,1,0.0
202300001555,155 677 823,A01,2,30,0,2,1,2,1,0.0
202300001555,155 677 826,B01,2,7,0,2,4,16,1,0.0
202300001556,155 677 815,B01,1,7,0,2,1,1,1,0.0
202300001556,155 677 816,A01,1,2,0,2,5,1,1,0.0
202300001557,155 677 817,A01,2,7,14,0,1,2,1,0.0
202300001557,155 677 820,B01,2,7,1,0,4,23,0,0.0
202300001557,155 677 821,C01,2,7,0,2,4,23,1,0.0
202300001558,155 677 814,A01,1,7,14,0,2,6,1,0.0
202300001559,155 677 811,A01,1,60,0,0,0,1,5,0.0
202300001560,155 677 812,A01,3,7,0,2,1,9,1,0.0
202300001560,155 677 813,B01,1,7,0,2,5,0,1,0.0
202300001561,155 677 808,A01,1,10,0,2,6,0,1,0.0
202300001561,155 677 809,B01,1,7,0,2,2,2,1,0.0
202300001561,155 677 810,C01,1,10,0,2,2,2,1,0.0
202300001562,155 677 806,A01,2,7,0,2,1,5,0,0.0
202300001562,155 677 807,B01,2,7,0,2,8,19,0,0.0
202300001563,155 677 804,B01,0,2,0,2,1,18,1,0.0
202300001563,155 677 805,A01,1,10,0,0,5,20,1,0.0
202300001564,155 677 800,B01,1,7,16,2,1,1,1,0.0
202300001564,155 677 802,A01,1,7,8,2,7,15,1,0.0
202300001565,155 677 801,B01,2,30,0,2,1,2,1,0.0
202300001565,155 677 803,A01,2,7,0,2,8,15,1,0.0
202300001566,155 677 797,A01,3,80,12,2,1,1,3,0.0
202300001566,155 677 798,B01,3,80,0,2,1,1,3,0.0
202300001567,155 677 795,A01,2,7,4,2,1,1,1,0.0
202300001567,155 677 796,B01,2,7,0,2,1,1,1,0.0
202300001567,155 677 799,C01,2,14,0,2,1,1,1,0.0
202300001568,155 677 793,B01,2,1,0,2,1,1,0,0.0
202300001568,155 677 794,A01,3,10,0,2,1,26,1,0.0
202300001569,155 677 791,A01,1,10,0,2,2,15,1,0.0
202300001569,155 677 792,B01,2,33,0,2,1,1,1,0.0
202300001570,155 677 790,A01,1,33,0,1,1,19,1,0.0
202300001571,155 677 788,B01,1,1,0,0,3,1,5,0.0
202300001571,155 677 789,A01,2,10,0,2,3,15,1,0.0
202300001572,155 677 785,A01,2,10,0,2,1,1,1,0.0
202300001572,155 677 787,B01,2,7,0,2,4,1,1,0.0
202300001573,155 677 784,A01,2,7,0,2,7,10,1,0.0
202300001573,155 677 786,B01,1,99,0,2,1,2,3,0.0
202300001574,155 677 783,A01,3,33,1,0,1,1,1,0.0
202300001575,155 677 781,A01,2,33,0,2,8,1,1,0.0
202300001575,155 677 782,B01,2,7,0,2,7,12,1,0.0
202300001576,155 677 779,A01,1,17,0,1,3,1,1,0.0
202300001577,155 677 778,B01,2,7,0,2,1,0,1,0.0
202300001577,155 677 780,A01,2,7,0,2,3,0,1,0.0
202300001578,155 677 777,A01,2,7,0,1,1,2,1,0.0
202300001579,155 677 774,B01,1,7,0,2,3,0,1,0.0
202300001579,155 677 776,A01,2,2,0,2,3,15,1,0.0
202300001580,155 677 773,A01,2,7,0,2,3,1,1,0.0
202300001580,155 677 775,B01,2,50,0,0,2,0,3,0.0
202300001581,155 677 771,A01,1,7,0,1,1,1,1,0.0
202300001582,155 677 772,A01,1,7,0,1,3,15,1,0.0
202300001583,155 677 770,A01,2,1,3,0,4,2,5,0.0
202300001584,155 677 768,A01,1,7,3,0,2,2,4,0.0
202300001585,155 677 767,A01,2,7,0,2,3,15,1,0.0
202300001585,155 677 769,B01,2,33,0,2,1,17,1,0.0
202300001586,155 677 765,A01,2,30,0,2,1,5,6,0.0
202300001586,155 677 766,B01,1,14,0,2,6,15,6,0.0
202300001587,155 677 764,A01,3,7,0,1,1,1,3,0.0
202300001588,155 677 760,C01,1,7,1,0,1,2,1,0.0
202300001588,155 677 762,A01,1,10,0,2,4,2,1,0.0
202300001588,155 677 763,B01,1,7,1,0,4,2,1,0.0
202300001589,155 677 761,A01,1,7,0,1,3,15,1,0.0
202300001590,155 677 759,A01,1,7,4,0,3,1,1,0.0
202300001591,155 677 755,C01,1,10,0,2,4,1,1,0.0
202300001591,155 677 756,A01,1,33,0,2,1,3,1,0.0
202300001591,155 677 757,B01,1,33,0,2,4,3,1,0.0
202300001592,155 677 750,A01,2,10,0,2,1,1,1,0.0
202300001592,155 677 752,B01,2,10,0,2,4,1,1,0.0
202300001592,155 677 753,C01,2,7,0,2,4,1,1,0.0
202300001593,155 677 749,B01,2,14,0,2,8,15,1,0.0
202300001593,155 677 751,A01,2,33,0,2,7,17,1,0.0
202300001594,155 677 748,A01,2,7,4,0,1,1,1,0.0
202300001595,155 677 746,B01,2,31,0,2,1,1,1,0.0
202300001595,155 677 747,A01,2,7,0,2,2,5,1,0.0
202300001596,155 677 741,A01,1,99,0,0,0,1,1,0.0
202300001596,155 677 742,B01,2,7,0,9,1,1,1,0.0
202300001596,155 677 744,C01,2,7,0,9,3,0,1,0.0
202300001596,155 677 745,D01,2,7,0,9,1,1,1,0.0
202300001597,155 677 740,A01,1,7,0,2,7,13,1,0.0
202300001597,155 677 743,B01,1,7,0,2,8,15,1,0.0
202300001598,155 677 738,A01,2,50,0,2,4,2,3,0.0
202300001598,155 677 739,B01,2,7,0,2,1,2,1,0.0
202300001599,155 677 736,A01,3,7,0,2,3,1,1,0.0
202300001599,155 677 737,B01,3,2,0,2,8,13,1,0.0
202300001600,155 677 735,A01,1,7,0,1,1,1,1,0.0
202300001601,155 677 732,A01,1,7,0,2,1,2,1,0.0
202300001601,155 677 734,B01,1,7,0,2,0,2,1,0.0
202300001602,155 677 731,A01,1,7,0,2,1,1,1,0.0
202300001602,155 677 733,B01,3,7,0,2,8,16,1,0.0
202300001603,155 677 730,A01,1,10,0,1,2,1,1,0.0
202300001604,155 677 729,A01,2,17,0,0,1,14,1,0.0
202300001605,155 677 728,A01,2,33,12,0,2,1,1,0.0
202300001606,155 677 725,A01,2,7,0,2,2,16,0,0.0
202300001606,155 677 726,B01,3,1,0,0,1,1,5,0.0
202300001607,155 677 724,A01,3,30,0,2,2,21,1,0.0
202300001607,155 677 727,B01,3,10,0,2,7,15,1,0.0
202300001608,155 677 721,A01,3,7,0,2,1,1,2,0.0
202300001608,155 677 722,B01,3,1,0,2,8,1,5,0.0
202300001609,155 677 718,B01,2,1,0,2,8,16,5,0.0
202300001609,155 677 719,A01,2,7,0,0,1,16,1,0.0
202300001610,155 677 715,B01,1,7,0,2,3,1,3,0.0
202300001610,155 677 716,C01,1,15,0,2,8,1,1,0.0
202300001610,155 677 717,A01,2,7,0,2,3,13,1,0.0
202300001611,155 677 714,A01,3,7,0,1,-1,0,-1,0.0
202300001612,155 677 713,A01,2,14,0,1,1,16,1,0.0
202300001613,155 677 711,A01,1,7,0,2,7,15,1,0.0
202300001613,155 677 712,B01,2,33,0,2,2,1,1,0.0
202300001614,155 677 710,A01,3,7,0,2,1,1,1,0.0
202300001615,155 677 706,A01,1,33,1,0,2,3,1,0.0
202300001615,155 677 708,B01,1,15,0,2,6,24,1,0.0
202300001616,155 677 707,A01,0,10,0,2,7,15,0,0.0
202300001616,155 677 709,B01,0,7,0,0,0,0,0,0.0
202300001617,155 677 704,A01,0,7,0,1,7,1,1,0.0
202300001618,155 677 703,A01,1,7,0,2,2,2,1,0.0
202300001618,155 677 705,B01,1,1,0,2,9,1,5,0.0
202300001619,155 677 701,A01,2,7,0,1,1,1,1,0.0
202300001620,155 677 700,B01,3,50,0,2,0,0,3,0.0
202300001620,155 677 702,A01,3,10,0,2,2,16,1,0.0
202300001621,155 677 699,A01,1,1,0,0,0,1,5,0.0
202300001622,155 677 698,A01,1,7,0,1,1,1,1,0.0
202300001623,155 677 697,A01,0,1,0,0,1,1,5,0.0
202300001624,155 677 695,A01,3,7,0,1,1,9,1,0.0
202300001625,155 677 694,B01,1,7,0,2,2,16,1,0.0
202300001625,155 677 696,A01,1,31,0,2,3,1,1,0.0
202300001626,155 677 692,A01,0,50,0,0,0,1,3,0.0
202300001627,155 677 691,A01,3,32,0,2,1,1,1,0.0
202300001627,155 677 693,B01,3,7,0,2,1,15,1,0.0
202300001628,155 677 689,A01,1,7,2,0,1,2,1,0.0
202300001629,155 677 690,A01,2,30,12,0,2,19,1,0.0
202300001630,155 677 688,A01,2,1,0,0,1,1,5,0.0
202300001631,155 677 685,A01,0,1,0,0,1,1,5,0.0
202300001632,155 677 686,Z01,3,7,0,2,1,15,0,0.0
202300001632,155 677 687,A01,1,1,0,2,0,19,5,0.0
202300001633,155 677 684,A01,2,1,0,0,1,23,5,0.0
202300001634,155 677 681,B01,2,1,0,2,1,1,5,0.0
202300001634,155 677 683,A01,1,7,0,2,2,15,1,0.0
202300001635,155 677 680,A01,1,33,0,2,8,16,1,0.0
202300001635,155 677 682,B01,1,10,0,2,7,1,1,0.0
202300001636,155 677 677,B01,0,50,0,2,7,19,3,0.0
202300001636,155 677 678,A01,0,7,0,2,2,16,1,0.0
202300001637,155 677 674,A01,2,10,0,2,3,1,1,0.0
202300001637,155 677 675,B01,2,7,0,2,5,1,1,0.0
202300001638,155 677 676,B01,2,33,0,2,1,1,1,0.0
202300001638,155 677 679,A01,1,7,0,2,2,15,1,0.0
202300001639,155 677 672,A01,1,7,0,2,3,0,1,0.0
202300001639,155 677 673,B01,1,7,0,2,1,0,1,0.0
202300001640,155 677 670,A01,2,7,0,2,7,26,1,0.0
202300001640,155 677 671,B01,2,15,0,2,7,17,1,0.0
202300001641,155 677 667,A01,1,13,0,2,3,13,1,0.0
202300001641,155 677 668,B01,2,7,0,2,3,1,2,0.0
202300001642,155 677 666,A01,1,7,8,0,7,1,1,0.0
202300001643,155 677 665,A01,0,37,0,1,3,7,6,1.0
202300001644,155 677 662,A01,2,7,0,1,2,0,1,0.0
202300001645,155 677 661,A01,1,7,0,1,1,1,1,0.0
202300001646,155 677 660,A01,1,7,0,0,9,1,1,0.0
202300001647,155 677 656,A01,3,7,0,2,1,13,1,0.0
202300001647,155 677 657,B01,3,7,0,2,8,1,1,0.0
202300001648,155 677 654,A01,0,7,12,2,8,9,1,0.0
202300001648,155 677 655,Z01,1,7,0,2,1,1,1,0.0
202300001649,155 677 649,B01,2,1,0,2,1,15,5,0.0
202300001649,155 677 650,A01,2,7,0,2,8,1,1,0.0
202300001650,155 677 648,A01,2,7,0,0,2,1,6,0.0
202300001651,155 677 647,A01,1,7,0,0,0,1,1,0.0
202300001652,155 677 644,A01,2,7,0,2,1,17,0,0.0
202300001652,155 677 645,B01,1,7,0,2,1,1,0,0.0
202300001652,155 677 646,C01,2,7,0,0,6,23,0,0.0
202300001653,155 677 643,A01,3,7,1,1,2,20,6,0.0
202300001654,155 677 640,A01,2,7,13,0,9,13,1,0.0
202300001655,155 677 639,A01,1,7,0,2,1,13,1,0.0
202300001655,155 677 641,B01,2,14,0,2,1,1,1,0.0
202300001655,155 677 642,C01,1,7,0,2,1,1,1,0.0
202300001656,155 677 635,A01,1,7,0,2,4,2,1,0.0
202300001656,155 677 638,B01,1,7,0,2,2,1,0,0.0
202300001657,155 677 633,A01,1,7,0,2,1,2,1,0.0
202300001657,155 677 634,B01,1,7,0,2,4,23,1,0.0
202300001657,155 677 636,C01,1,7,0,2,4,1,1,0.0
202300001657,155 677 637,D01,1,17,0,0,4,1,1,0.0
202300001658,155 677 632,A01,1,7,13,0,1,14,1,0.0
202300001659,155 677 629,A01,1,33,0,2,1,26,1,0.0
202300001659,155 677 630,B01,1,7,0,2,3,15,1,0.0
202300001660,155 677 627,A01,1,7,0,2,7,13,1,0.0
202300001660,155 677 628,B01,2,7,0,2,1,1,1,0.0
202300001661,155 677 625,A01,1,7,0,2,1,1,1,0.0
202300001661,155 677 626,B01,2,38,0,2,8,15,1,1.0
202300001662,155 677 624,A01,1,2,0,0,0,15,1,0.0
202300001663,155 677 622,A01,1,7,0,9,2,17,1,0.0
202300001663,155 677 623,B01,1,80,0,2,3,1,3,0.0
202300001664,155 677 621,A01,1,7,8,0,8,2,1,0.0
202300001665,155 677 620,A01,2,7,3,0,3,0,1,0.0
202300001666,155 677 618,B01,2,15,0,0,2,1,1,0.0
202300001666,155 677 619,A01,1,7,0,2,2,13,1,0.0
202300001667,155 677 617,A01,3,2,0,0,0,1,1,0.0
202300001668,155 677 615,A01,2,7,0,1,1,1,1,0.0
202300001669,155 677 614,A01,2,7,0,2,3,13,1,0.0
202300001669,155 677 616,B01,1,7,0,2,3,1,1,0.0
202300001670,155 677 612,B01,2,1,0,0,8,1,5,0.0
202300001670,155 677 613,A01,1,7,0,2,1,15,1,0.0
202300001671,155 677 610,A01,2,7,0,2,3,0,0,0.0
202300001671,155 677 611,B01,1,10,0,2,3,0,1,0.0
202300001672,155 677 606,A01,1,7,4,2,3,1,1,0.0
202300001672,155 677 607,B01,2,7,6,2,3,1,1,0.0
202300001673,155 677 605,C01,2,7,0,2,3,1,1,0.0
202300001673,155 677 608,A01,1,7,0,2,5,15,1,0.0
202300001673,155 677 609,B01,1,7,12,2,3,21,1,0.0
202300001674,155 677 603,A01,2,7,3,0,9,1,1,0.0
202300001675,155 677 602,A01,1,3,0,2,1,15,1,0.0
202300001675,155 677 604,B01,2,7,0,2,3,1,1,0.0
202300001676,155 677 599,A01,1,7,0,0,0,1,1,0.0
202300001676,155 677 600,B01,1,33,0,0,0,21,1,0.0
202300001677,155 677 601,A01,3,7,0,1,2,1,1,0.0
202300001678,155 677 597,A01,1,10,0,0,2,1,1,0.0
202300001679,155 677 598,A01,2,7,13,0,9,6,0,0.0
202300001680,155 677 596,A01,1,7,13,0,2,14,1,0.0
202300001681,155 677 593,A01,0,7,0,2,3,15,1,0.0
202300001681,155 677 595,B01,0,2,0,2,1,1,1,0.0
202300001682,155 677 590,A01,1,7,2,2,1,13,1,0.0
202300001682,155 677 591,B01,2,7,0,2,3,1,1,0.0
202300001683,155 677 587,A01,2,7,0,0,2,1,1,0.0
202300001684,155 677 588,A01,1,7,0,2,1,2,1,0.0
202300001684,155 677 589,B01,1,7,0,0,4,1,3,0.0
202300001685,155 677 584,A01,2,7,0,2,1,13,1,0.0
202300001685,155 677 586,B01,1,13,0,0,1,1,1,0.0
202300001686,155 677 583,B01,2,31,0,2,7,1,0,0.0
202300001686,155 677 585,A01,1,7,0,2,2,15,0,0.0
202300001687,155 677 581,A01,2,15,0,2,4,26,1,0.0
202300001687,155 677 582,B01,2,2,0,2,1,23,1,0.0
202300001688,155 677 579,A01,2,7,0,2,2,17,1,0.0
202300001688,155 677 580,B01,1,33,0,2,1,1,1,0.0
202300001689,155 677 576,B01,1,10,0,2,1,1,0,0.0
202300001689,155 677 577,A01,2,10,0,2,2,14,0,0.0
202300001690,155 677 575,A01,1,7,0,2,1,1,1,0.0
202300001690,155 677 578,B01,0,1,0,2,1,0,5,0.0
202300001691,155 677 574,A01,2,17,3,0,0,1,1,0.0
202300001692,155 677 572,A01,2,7,0,2,2,1,1,0.0
202300001692,155 677 573,B01,1,7,0,2,3,1,1,0.0
202300001693,155 677 569,A01,2,7,2,0,7,1,0,0.0
202300001694,155 677 570,A01,1,7,13,2,3,1,1,0.0
202300001694,155 677 571,B01,1,17,0,2,6,20,1,0.0
202300001695,155 677 568,A01,1,10,0,1,1,1,1,0.0
202300001696,155 677 567,A01,2,33,0,0,8,0,1,0.0
202300001697,155 677 565,A01,2,7,8,2,1,1,1,0.0
202300001697,155 677 566,B01,2,7,0,2,3,1,1,0.0
202300001698,155 677 563,A01,1,7,3,0,9,0,1,0.0
202300001699,155 677 564,A01,1,7,0,0,1,1,1,0.0
202300001700,155 677 561,A01,2,7,0,1,3,1,1,0.0
202300001701,155 677 557,B01,1,33,0,2,1,1,1,0.0
202300001701,155 677 560,A01,2,10,0,2,8,9,1,0.0
202300001702,155 677 558,C01,2,7,0,9,3,1,1,0.0
202300001702,155 677 559,A01,1,10,8,2,9,16,1,0.0
202300001702,155 677 562,B01,1,7,0,2,4,1,1,0.0
202300001703,155 677 555,A01,0,10,0,1,4,4,1,0.0
202300001704,155 677 554,B01,1,1,0,2,4,1,5,0.0
202300001704,155 677 556,A01,1,7,0,2,2,1,1,0.0
202300001705,155 677 553,A01,3,7,13,0,2,16,0,0.0
202300001706,155 677 548,B01,1,7,0,2,3,1,1,0.0
202300001706,155 677 549,A01,2,10,0,2,6,9,1,0.0
202300001706,155 677 551,C01,1,7,0,0,3,23,1,0.0
202300001706,155 677 552,D01,1,7,0,0,3,23,1,0.0
202300001707,155 677 547,A01,1,7,0,2,1,13,1,0.0
202300001707,155 677 550,B01,2,15,0,2,1,1,0,0.0
202300001708,155 677 546,A01,1,7,13,0,2,1,1,0.0
202300001709,155 677 545,A01,1,7,2,0,9,1,1,0.0
202300001710,155 677 542,B01,2,7,0,2,1,13,1,0.0
202300001710,155 677 544,A01,1,7,0,2,1,13,1,0.0
202300001711,155 677 541,A01,3,7,0,2,3,0,1,0.0
202300001711,155 677 543,B01,1,7,0,2,2,1,1,0.0
202300001712,155 677 540,A01,1,7,0,1,2,1,1,0.0
202300001713,155 677 539,A01,1,33,0,0,0,1,0,0.0
202300001714,155 677 537,A01,1,7,0,2,1,2,1,0.0
202300001714,155 677 538,B01,1,7,0,0,4,1,1,0.0
202300001715,155 677 535,A01,1,7,0,2,5,2,1,0.0
202300001715,155 677 536,B01,1,7,0,2,1,2,1,0.0
202300001716,155 677 533,A01,2,7,0,2,1,12,0,0.0
202300001716,155 677 534,B01,2,7,0,2,4,1,0,0.0
202300001717,155 677 530,A01,2,7,0,2,1,21,1,0.0
202300001717,155 677 532,B01,2,7,0,2,4,2,1,0.0
202300001718,155 677 529,A01,1,10,0,2,1,14,1,0.0
202300001718,155 677 531,B01,1,15,0,0,5,1,1,0.0
202300001719,155 677 528,A01,1,7,13,0,2,14,1,0.0
202300001720,155 677 526,A01,1,7,0,2,9,11,1,0.0
202300001720,155 677 527,B01,1,7,0,2,2,1,1,0.0
202300001721,155 677 525,A01,0,10,0,1,1,0,1,0.0
202300001722,155 677 522,A01,1,99,0,2,1,2,1,0.0
202300001722,155 677 523,B01,1,99,0,2,1,2,1,0.0
202300001722,155 677 524,C01,1,99,0,2,4,2,1,0.0
202300001723,155 677 521,A01,2,7,4,0,1,15,0,0.0
202300001724,155 677 519,A01,1,10,0,0,6,10,1,0.0
202300001724,155 677 520,B01,1,31,0,0,2,17,1,0.0
202300001725,155 677 516,B01,1,7,0,2,4,2,1,0.0
202300001725,155 677 518,Z01,1,7,0,2,1,0,1,0.0
202300001726,155 677 513,B01,1,32,0,2,3,1,1,0.0
202300001726,155 677 517,A01,1,7,0,2,1,9,2,0.0
202300001727,155 677 512,A01,2,10,0,2,4,1,1,0.0
202300001727,155 677 514,B01,2,7,0,2,1,2,1,0.0
202300001727,155 677 515,C01,2,31,1,2,1,3,1,0.0
202300001728,155 677 507,A01,1,7,0,2,8,12,1,0.0
202300001728,155 677 508,B01,1,43,0,2,0,0,1,0.0
202300001728,155 677 510,C01,1,7,0,2,6,0,1,0.0
202300001729,155 677 504,A01,1,2,0,0,8,26,1,0.0
202300001730,155 677 505,A01,2,31,0,2,1,3,1,0.0
202300001730,155 677 506,Z01,2,7,0,2,0,11,0,0.0
202300001731,155 677 503,A01,2,7,0,1,3,1,1,0.0
202300001732,155 677 500,A01,1,7,16,0,0,1,1,0.0
202300001733,155 677 501,A01,1,7,0,2,6,1,1,0.0
202300001733,155 677 502,B01,1,15,0,2,2,11,1,0.0
202300001734,155 677 498,A01,3,7,0,1,1,9,0,0.0
202300001735,155 677 496,A01,1,7,0,2,1,2,1,0.0
202300001735,155 677 497,B01,1,10,0,2,4,23,1,0.0
202300001735,155 677 499,C01,1,10,0,2,4,23,1,0.0
202300001736,155 677 494,A01,1,33,0,0,7,21,1,0.0
202300001737,155 677 493,A01,3,7,0,2,2,1,1,0.0
202300001737,155 677 495,B01,3,50,0,0,8,19,3,0.0
202300001738,155 677 489,B01,3,7,0,0,2,15,0,0.0
202300001738,155 677 491,A01,3,1,0,0,8,1,5,0.0
202300001739,155 677 488,A01,1,10,0,9,1,2,1,0.0
202300001739,155 677 490,B01,1,7,0,2,1,2,1,0.0
202300001739,155 677 492,C01,1,10,0,2,4,2,1,0.0
202300001740,155 677 487,A01,1,31,14,0,1,1,1,0.0
202300001741,155 677 485,A01,2,33,0,2,1,2,1,0.0
202300001741,155 677 486,B01,2,7,0,2,4,2,1,0.0
202300001742,155 677 483,A01,2,7,0,2,8,1,1,0.0
202300001742,155 677 484,B01,2,14,0,2,2,12,1,0.0
202300001743,155 677 482,A01,2,7,0,0,3,4,1,0.0
202300001744,155 677 481,A01,1,7,4,0,1,1,1,0.0
202300001745,155 677 478,A01,2,7,4,2,3,2,1,0.0
202300001746,155 677 479,A01,0,7,0,0,3,26,1,0.0
202300001746,155 677 480,B01,0,33,0,2,1,17,1,0.0
202300001747,155 677 475,A01,1,7,4,0,1,15,1,0.0
202300001748,155 677 476,A01,2,7,0,2,3,1,1,0.0
202300001748,155 677 477,B01,1,2,0,2,1,15,1,0.0
202300001749,155 677 473,A01,1,7,4,0,1,21,1,0.0
202300001750,155 677 472,B01,2,1,0,2,1,1,5,0.0
202300001750,155 677 474,A01,1,10,0,9,3,15,3,0.0
202300001751,155 677 471,A01,2,7,4,0,1,14,1,0.0
202300001752,155 677 467,A01,2,7,0,2,1,14,1,0.0
202300001752,155 677 469,B01,2,7,0,2,4,14,1,0.0
202300001753,155 677 466,A01,2,7,0,1,1,1,-1,0.0
202300001754,155 677 468,B01,2,7,0,2,1,1,1,0.0
202300001754,155 677 470,A01,2,7,7,2,2,1,1,0.0
202300001755,155 677 464,B01,1,1,0,0,7,19,5,0.0
202300001755,155 677 465,A01,2,7,0,2,1,1,1,0.0
202300001756,155 677 460,A01,1,7,0,2,2,5,2,0.0
202300001756,155 677 461,B01,2,1,0,2,1,1,5,0.0
202300001757,155 677 459,C01,1,7,8,2,6,17,1,0.0
202300001757,155 677 462,A01,1,7,0,2,6,2,1,0.0
202300001757,155 677 463,B01,1,7,0,2,2,17,1,0.0
202300001758,155 677 458,A01,1,10,0,1,1,1,1,0.0
202300001759,155 677 455,B01,2,10,0,2,4,2,1,0.0
202300001759,155 677 456,A01,2,99,0,2,4,2,1,0.0
202300001759,155 677 457,C01,2,7,0,2,1,1,1,0.0
202300001760,155 677 452,A01,1,7,4,0,2,1,1,0.0
202300001761,155 677 453,A01,2,33,0,2,1,13,0,0.0
202300001761,155 677 454,B01,1,7,0,9,2,1,0,0.0
202300001762,155 677 451,A01,1,33,14,0,1,1,1,0.0
202300001763,155 677 450,A01,2,2,0,1,0,17,1,0.0
202300001764,155 677 447,A01,1,7,0,2,6,23,0,0.0
202300001764,155 677 449,B01,1,7,1,2,2,2,0,0.0
202300001765,155 677 446,A01,1,7,0,2,1,1,1,0.0
202300001765,155 677 448,B01,2,33,2,2,1,17,1,0.0
202300001766,155 677 445,A01,1,33,0,0,7,1,1,0.0
202300001767,155 677 444,A01,1,7,8,0,1,5,1,0.0
202300001768,155 677 443,A01,1,7,0,0,9,11,1,0.0
202300001769,155 677 441,A01,2,33,0,2,3,3,1,0.0
202300001769,155 677 442,B01,2,7,0,2,5,2,1,0.0
202300001770,155 677 439,A01,1,7,0,2,1,13,1,0.0
202300001770,155 677 440,B01,2,7,0,2,1,21,1,0.0
202300001771,155 677 436,A01,1,7,0,2,1,13,1,0.0
202300001771,155 677 437,B01,2,33,0,2,1,1,1,0.0
202300001772,155 677 435,A01,1,13,0,2,1,2,1,0.0
202300001772,155 677 438,B01,1,7,0,2,4,2,1,0.0
202300001773,155 677 434,A01,1,7,0,1,4,4,1,0.0
202300001774,155 677 433,Z01,3,7,0,1,0,0,0,0.0
202300001775,155 677 429,A01,3,1,14,0,1,19,5,0.0
202300001776,155 677 428,A01,1,33,0,2,3,3,1,0.0
202300001776,155 677 431,B01,1,7,0,2,6,2,1,0.0
202300001776,155 677 432,C01,1,7,0,2,6,2,1,0.0
202300001777,155 677 425,B01,2,7,0,2,3,1,1,0.0
202300001777,155 677 427,A01,2,2,0,2,2,19,1,0.0
202300001778,155 677 424,B01,2,7,0,2,1,1,1,0.0
202300001778,155 677 426,A01,1,7,0,2,1,15,1,0.0
202300001779,155 677 422,A01,1,7,0,2,3,26,1,0.0
202300001779,155 677 423,B01,2,50,0,2,1,1,3,0.0
202300001780,155 677 419,A01,1,7,0,9,1,1,1,0.0
202300001780,155 677 420,B01,1,1,0,2,1,5,5,0.0
202300001781,155 677 421,Z01,3,50,0,1,1,1,3,0.0
202300001782,155 677 418,A01,1,7,15,0,1,1,1,0.0
202300001783,155 677 416,A01,2,31,0,2,1,1,1,0.0
202300001783,155 677 417,B01,1,7,0,2,7,15,1,0.0
202300001784,155 677 413,A01,3,13,0,2,2,15,1,0.0
202300001784,155 677 415,B01,2,7,0,2,1,2,1,0.0
202300001785,155 677 412,A01,1,7,0,2,1,12,1,0.0
202300001785,155 677 414,B01,1,10,0,2,4,1,1,0.0
202300001786,155 677 409,A01,3,7,0,2,2,26,1,0.0
202300001786,155 677 411,B01,3,7,0,2,1,9,1,0.0
202300001787,155 677 406,A01,3,7,0,2,8,16,1,0.0
202300001787,155 677 407,B01,1,7,0,2,8,23,3,0.0
202300001788,155 677 405,A01,2,7,0,2,2,1,1,0.0
202300001788,155 677 408,B01,2,7,0,2,1,1,1,0.0
202300001788,155 677 410,C01,2,7,0,2,4,15,1,0.0
202300001789,155 677 403,A01,3,7,0,2,4,1,0,0.0
202300001789,155 677 404,B01,3,10,14,0,1,1,0,0.0
202300001790,155 677 399,B01,1,10,0,2,3,19,1,0.0
202300001790,155 677 401,A01,1,7,0,2,2,1,1,0.0
202300001791,155 677 400,B01,1,7,9,2,8,1,1,0.0
202300001791,155 677 402,A01,1,7,0,2,1,19,1,0.0
202300001792,155 677 396,A01,1,33,0,2,2,17,1,0.0
202300001792,155 677 397,B01,1,7,0,2,8,15,1,0.0
202300001793,155 677 394,A01,1,33,0,0,9,2,1,0.0
202300001794,155 677 393,B01,1,37,0,2,2,7,1,3.0
202300001794,155 677 395,A01,2,7,0,2,3,1,1,0.0
202300001795,155 677 391,B01,1,7,0,2,1,15,1,0.0
202300001795,155 677 392,A01,2,31,0,2,8,1,1,0.0
202300001796,155 677 389,B01,3,7,0,2,1,1,1,0.0
202300001796,155 677 390,A01,3,60,0,2,7,19,5,0.0