num_acc,id_vehicule,num_veh,senc,catv,obs,obsm,choc,manv,motor,occutc
202300001797,155 677 387,A01,3,7,8,0,1,2,1,0.0
202300001798,155 677 379,A01,2,7,0,2,3,13,1,0.0
202300001798,155 677 380,B01,2,7,0,2,8,0,1,0.0
202300001798,155 677 381,C01,2,7,8,2,8,1,1,0.0
202300001798,155 677 382,D01,2,10,0,2,3,1,1,0.0
202300001798,155 677 383,E01,2,7,0,2,6,1,1,0.0
202300001799,155 677 375,A01,2,7,0,2,3,15,1,0.0
202300001799,155 677 377,B01,1,34,0,2,1,1,1,0.0
202300001799,155 677 378,C01,1,7,0,2,3,9,1,0.0
202300001800,155 677 372,B01,2,32,0,2,4,1,1,0.0
202300001800,155 677 373,C01,-1,7,0,2,1,1,-1,0.0
202300001801,155 677 369,B01,1,33,0,2,7,1,0,0.0
202300001801,155 677 370,A01,2,7,0,2,1,1,1,0.0
202300001802,155 677 367,B01,0,1,0,2,4,1,5,0.0
202300001802,155 677 368,A01,0,7,0,2,1,2,1,0.0
202300001803,155 677 366,B01,1,7,0,2,5,16,1,0.0
202300001803,155 677 371,A01,1,7,0,2,1,19,1,0.0
202300001804,155 677 365,A01,1,7,0,1,4,20,2,0.0
202300001805,155 677 363,A01,1,7,0,2,1,1,1,0.0
202300001805,155 677 364,B01,1,7,0,2,2,11,1,0.0
202300001806,155 677 360,A01,1,33,0,0,9,1,1,0.0
202300001807,155 677 358,A01,3,7,0,1,1,15,1,0.0
202300001808,155 677 357,A01,2,37,0,2,1,1,1,3.0
202300001808,155 677 359,B01,2,7,0,2,4,23,1,0.0
202300001809,155 677 356,A01,3,7,11,0,1,1,1,0.0
202300001810,155 677 355,A01,1,33,0,0,8,1,1,0.0
202300001811,155 677 353,A01,1,7,2,2,1,21,1,0.0
202300001811,155 677 354,B01,1,7,0,2,4,12,1,0.0
202300001812,155 677 348,B01,1,7,0,2,8,1,0,0.0
202300001812,155 677 350,C01,1,7,14,0,1,2,0,0.0
202300001812,155 677 352,A01,1,7,0,2,8,17,0,0.0
202300001813,155 677 349,A01,2,33,0,2,2,1,1,0.0
202300001813,155 677 351,B01,2,1,0,2,6,9,5,0.0
202300001814,155 677 346,A01,1,3,1,0,1,14,1,0.0
202300001814,155 677 347,B01,1,7,0,2,4,24,1,0.0
202300001815,155 677 344,A01,3,7,1,0,3,13,1,0.0
202300001816,155 677 340,A01,0,34,0,2,0,0,0,0.0
202300001816,155 677 342,B01,0,7,0,2,8,0,0,0.0
202300001817,155 677 336,A01,1,7,0,2,1,2,1,0.0
202300001817,155 677 338,B01,1,7,0,2,4,2,1,0.0
202300001818,155 677 337,B01,3,80,0,2,8,19,3,0.0
202300001818,155 677 339,A01,3,14,0,2,1,16,1,0.0
202300001819,155 677 333,A01,3,7,0,2,1,2,1,0.0
202300001819,155 677 335,B01,3,13,0,2,4,2,1,0.0
202300001820,155 677 332,B01,2,7,0,0,5,0,1,0.0
202300001820,155 677 334,A01,2,7,4,0,7,1,1,0.0
202300001821,155 677 329,A01,2,7,0,2,2,13,1,0.0
202300001821,155 677 331,B01,1,10,0,2,3,1,1,0.0
202300001822,155 677 328,A01,2,33,0,2,1,26,1,0.0
202300001822,155 677 330,B01,1,7,1,0,3,23,1,0.0
202300001823,155 677 327,A01,2,30,0,0,0,1,1,0.0
202300001824,155 677 324,B01,3,7,0,2,5,1,3,0.0
202300001824,155 677 326,A01,2,50,0,2,1,19,3,0.0
202300001825,155 677 323,B01,1,33,0,2,1,1,1,0.0
202300001825,155 677 325,A01,2,7,0,2,5,15,1,0.0
202300001826,155 677 321,B01,1,7,1,0,6,20,1,0.0
202300001826,155 677 322,A01,2,3,1,0,2,1,1,0.0
202300001827,155 677 320,A01,1,7,0,1,1,16,1,0.0
202300001828,155 677 318,B01,3,1,0,2,1,1,5,0.0
202300001828,155 677 319,A01,3,7,0,9,2,15,1,0.0
202300001829,155 677 316,A01,2,7,0,2,3,15,1,0.0
202300001829,155 677 317,B01,1,2,0,2,0,0,1,0.0
202300001830,155 677 313,C01,2,7,0,2,4,1,1,0.0
202300001830,155 677 314,A01,2,7,0,2,8,11,1,0.0
202300001830,155 677 315,B01,2,43,0,2,7,3,1,0.0
202300001831,155 677 310,A01,2,10,0,2,4,1,1,0.0
202300001831,155 677 312,B01,2,7,0,2,1,2,1,0.0
202300001832,155 677 309,A01,1,10,0,2,1,2,1,0.0
202300001832,155 677 311,B01,1,38,0,2,4,2,1,1.0
202300001833,155 677 305,A01,2,1,0,2,2,14,5,0.0
202300001833,155 677 307,B01,2,1,0,2,3,12,5,0.0
202300001834,155 677 306,A01,0,7,0,2,1,15,1,0.0
202300001834,155 677 308,B01,0,7,0,2,3,1,1,0.0
202300001835,155 677 304,A01,2,50,0,1,2,5,3,0.0
202300001836,155 677 302,Z01,3,7,0,1,4,4,-1,0.0
202300001837,155 677 301,B01,2,33,0,2,1,1,1,0.0
202300001837,155 677 303,A01,1,7,0,2,5,15,1,0.0
202300001838,155 677 299,A01,1,80,0,2,1,1,3,0.0
202300001838,155 677 300,B01,2,7,0,2,5,15,1,0.0
202300001839,155 677 296,A01,1,7,0,2,1,1,1,0.0
202300001839,155 677 297,B01,1,80,0,2,4,1,3,0.0
202300001840,155 677 295,B01,3,7,0,2,2,1,1,0.0
202300001840,155 677 298,A01,0,10,0,2,3,15,1,0.0
202300001841,155 677 294,A01,1,50,0,0,0,1,3,0.0
202300001842,155 677 292,A01,1,10,0,2,7,14,1,0.0
202300001842,155 677 293,B01,1,32,0,2,3,2,1,0.0
202300001843,155 677 289,Z01,3,0,0,2,1,2,1,0.0
202300001843,155 677 291,A01,3,7,0,2,4,2,1,0.0
202300001844,155 677 288,B01,2,33,0,2,0,1,1,0.0
202300001844,155 677 290,A01,2,7,0,2,3,1,1,0.0
202300001845,155 677 286,A01,3,7,0,2,1,2,1,0.0
202300001845,155 677 287,B01,3,1,0,2,4,2,5,0.0
202300001846,155 677 284,B01,2,7,0,2,1,15,2,0.0
202300001846,155 677 285,A01,1,32,0,2,1,8,1,0.0
202300001847,155 677 283,A01,2,7,0,1,1,15,1,0.0
202300001848,155 677 282,A01,2,37,0,1,0,1,1,1.0
202300001849,155 677 280,B01,2,37,0,2,0,0,1,2.0
202300001849,155 677 281,A01,1,7,0,2,2,9,1,0.0
202300001850,155 677 277,A01,3,7,0,2,1,1,1,0.0
202300001850,155 677 278,B01,3,7,0,2,6,1,2,0.0
202300001851,155 677 276,A01,1,7,0,2,6,22,2,0.0
202300001851,155 677 279,B01,1,80,1,0,1,1,3,0.0
202300001852,155 677 274,A01,1,7,0,1,7,1,1,0.0
202300001853,155 677 275,A01,1,7,15,0,9,0,1,0.0
202300001854,155 677 271,B01,3,31,0,2,3,2,0,0.0
202300001854,155 677 272,A01,1,7,0,2,0,0,0,0.0
202300001855,155 677 269,C01,3,7,0,2,4,23,1,0.0
202300001855,155 677 270,B01,3,7,0,2,4,1,1,0.0
202300001855,155 677 273,A01,3,7,0,2,1,1,1,0.0
202300001856,155 677 266,A01,2,7,0,2,3,1,1,0.0
202300001856,155 677 267,B01,2,33,0,2,7,1,1,0.0
202300001857,155 677 265,A01,1,7,0,2,4,1,1,0.0
202300001857,155 677 268,B01,1,7,0,2,1,2,1,0.0
202300001858,155 677 262,A01,3,10,0,2,1,1,1,0.0
202300001858,155 677 264,B01,3,34,0,0,4,0,1,0.0
202300001859,155 677 263,A01,1,7,0,0,9,1,1,0.0
202300001860,155 677 260,A01,1,7,4,0,1,14,1,0.0
202300001861,155 677 259,A01,3,99,0,0,0,0,6,0.0
202300001861,155 677 261,B01,3,99,0,0,0,0,6,0.0
202300001862,155 677 258,A01,2,7,0,1,2,15,1,0.0
202300001863,155 677 257,A01,3,99,0,0,0,0,0,0.0
202300001864,155 677 254,B01,2,7,0,2,1,2,1,0.0
202300001864,155 677 255,A01,2,7,0,2,4,2,1,0.0
202300001865,155 677 253,A01,3,7,0,1,1,16,1,0.0
202300001866,155 677 249,B01,0,7,0,2,2,15,1,0.0
202300001866,155 677 251,A01,0,33,0,2,2,26,1,0.0
202300001867,155 677 250,A01,1,7,0,2,2,15,1,0.0
202300001867,155 677 252,B01,1,7,0,2,1,1,1,0.0
202300001868,155 677 248,A01,3,32,0,1,1,1,1,0.0
202300001869,155 677 245,B01,3,7,0,2,8,1,1,0.0
202300001869,155 677 247,A01,3,3,0,2,3,15,1,0.0
202300001870,155 677 242,B01,2,33,0,2,1,0,0,0.0
202300001870,155 677 244,A01,1,7,0,2,1,15,0,0.0
202300001871,155 677 243,A01,0,7,0,2,2,1,1,0.0
202300001871,155 677 246,B01,0,1,0,2,3,11,5,0.0
202300001872,155 677 238,B01,3,7,0,2,6,1,1,0.0
202300001872,155 677 240,A01,3,99,0,2,1,1,1,0.0
202300001873,155 677 239,A01,3,7,0,2,3,1,1,0.0
202300001873,155 677 241,B01,3,7,0,2,3,13,1,0.0
202300001874,155 677 237,A01,3,7,6,0,1,1,3,0.0
202300001875,155 677 236,Z01,2,7,0,1,1,5,0,0.0
202300001876,155 677 234,A01,1,7,0,2,1,19,1,0.0
202300001876,155 677 235,B01,2,2,0,2,1,1,3,0.0
202300001877,155 677 233,A01,2,50,0,0,0,1,3,0.0
202300001878,155 677 232,A01,1,7,1,0,2,14,1,0.0
202300001879,155 677 230,A01,3,7,0,2,5,1,1,0.0
202300001879,155 677 231,B01,2,7,0,2,1,1,1,0.0
202300001880,155 677 228,A01,1,7,1,2,2,1,1,0.0
202300001880,155 677 229,B01,0,1,0,2,3,19,5,0.0
202300001881,155 677 227,A01,1,30,0,0,1,1,1,0.0
202300001882,155 677 225,A01,1,34,0,2,2,1,1,0.0
202300001882,155 677 226,B01,1,7,0,2,3,15,1,0.0
202300001883,155 677 224,A01,3,31,0,1,1,1,1,0.0
202300001884,155 677 223,A01,2,7,0,0,0,1,2,0.0
202300001885,155 677 221,B01,2,50,0,2,8,1,3,0.0
202300001885,155 677 222,A01,1,7,0,2,1,15,1,0.0
202300001886,155 677 219,A01,3,7,0,2,2,2,1,0.0
202300001886,155 677 220,B01,3,80,0,2,8,2,3,0.0
202300001887,155 677 217,A01,0,7,0,2,8,10,1,0.0
202300001887,155 677 218,B01,1,33,0,2,1,1,1,0.0
202300001888,155 677 216,A01,1,7,0,1,1,15,1,0.0
202300001889,155 677 214,A01,1,7,4,2,2,13,1,0.0
202300001889,155 677 215,B01,1,7,0,2,3,17,1,0.0
202300001890,155 677 211,A01,1,7,0,2,3,1,2,0.0
202300001890,155 677 213,B01,1,50,0,2,1,1,3,0.0
202300001891,155 677 210,A01,2,7,0,2,1,1,1,0.0
202300001891,155 677 212,B01,2,17,0,2,4,9,1,0.0
202300001892,155 677 209,A01,1,10,0,1,8,15,1,0.0
202300001893,155 677 207,B01,2,30,0,2,1,1,1,0.0
202300001893,155 677 208,A01,2,7,0,2,2,1,1,0.0
202300001894,155 677 205,A01,1,1,0,2,8,15,5,0.0
202300001894,155 677 206,B01,1,1,0,2,7,1,5,0.0
202300001895,155 677 204,A01,1,7,4,0,8,0,1,0.0
202300001896,155 677 202,A01,2,7,0,2,7,12,1,0.0
202300001896,155 677 203,B01,2,7,0,2,3,1,1,0.0
202300001897,155 677 200,A01,1,10,0,2,7,15,1,0.0
202300001897,155 677 201,B01,2,2,0,2,2,1,1,0.0
202300001898,155 677 198,A01,2,7,0,2,7,16,1,0.0
202300001898,155 677 199,B01,3,50,0,2,1,19,3,0.0
202300001899,155 677 196,B01,2,7,0,2,3,1,1,0.0
202300001899,155 677 197,A01,1,31,0,2,1,5,1,0.0
202300001900,155 677 195,A01,1,7,2,0,2,1,0,0.0
202300001901,155 677 191,A01,3,7,0,0,8,1,1,0.0
202300001901,155 677 194,B01,3,2,0,0,8,21,1,0.0
202300001902,155 677 192,B01,2,7,0,2,1,2,1,0.0
202300001902,155 677 193,A01,2,7,0,2,4,23,2,0.0
202300001903,155 677 188,A01,1,7,1,1,1,16,1,0.0
202300001904,155 677 189,A01,1,7,0,2,1,2,1,0.0
202300001904,155 677 190,B01,1,15,0,0,0,2,1,0.0
202300001905,155 677 187,A01,0,7,0,1,3,1,0,0.0
202300001906,155 677 186,A01,1,10,0,0,0,0,1,0.0
202300001907,155 677 185,A01,3,7,0,1,1,15,1,0.0
202300001908,155 677 184,A01,3,7,0,1,1,1,1,0.0
202300001909,155 677 182,B01,1,33,0,2,1,1,1,0.0
202300001909,155 677 183,A01,3,7,0,2,3,9,1,0.0
202300001910,155 677 179,B01,3,7,0,2,3,1,1,0.0
202300001910,155 677 181,A01,3,7,0,2,3,15,1,0.0
202300001911,155 677 178,A01,2,10,0,2,8,24,1,0.0
202300001911,155 677 180,B01,-1,1,-1,-1,-1,-1,5,0.0
202300001912,155 677 174,B01,1,7,0,2,8,1,1,0.0
202300001912,155 677 177,A01,3,7,0,2,1,1,0,0.0
202300001913,155 677 173,C01,1,7,14,2,1,2,1,0.0
202300001913,155 677 175,A01,1,7,14,0,4,26,1,0.0
202300001913,155 677 176,B01,1,7,14,2,1,2,1,0.0
202300001914,155 677 171,A01,1,7,0,1,2,16,1,0.0
202300001915,155 677 170,A01,1,7,0,0,4,1,1,0.0
202300001915,155 677 172,B01,1,7,0,2,1,2,1,0.0
202300001916,155 677 169,BA01,0,7,0,1,0,16,0,0.0
202300001917,155 677 166,A01,1,7,0,1,2,16,0,0.0
202300001918,155 677 165,B01,2,7,0,2,4,1,1,0.0
202300001918,155 677 167,A01,2,7,0,0,1,1,1,0.0
202300001918,155 677 168,C01,2,7,0,0,8,1,1,0.0
202300001919,155 677 164,A01,1,37,0,1,2,1,1,1.0
202300001920,155 677 162,A01,2,7,0,2,2,1,0,0.0
202300001920,155 677 163,B01,1,33,0,2,7,15,1,0.0
202300001921,155 677 161,A01,1,7,0,1,1,1,1,0.0
202300001922,155 677 158,A01,1,10,0,2,1,9,1,0.0
202300001922,155 677 160,B01,1,1,0,2,2,1,5,0.0
202300001923,155 677 157,A01,1,7,0,0,6,15,2,0.0
202300001923,155 677 159,B01,1,33,0,2,1,17,1,0.0
202300001924,155 677 155,A01,1,7,0,2,4,23,1,0.0
202300001924,155 677 156,B01,1,7,0,2,1,26,1,0.0
202300001925,155 677 153,A01,2,7,0,2,3,1,1,0.0
202300001925,155 677 154,B01,2,33,0,2,2,17,1,0.0
202300001926,155 677 152,A01,3,1,0,2,1,5,5,0.0
202300001927,155 677 151,A01,1,7,0,1,1,16,1,0.0
202300001928,155 677 150,A01,1,7,2,0,1,13,1,0.0
202300001929,155 677 148,A01,1,7,0,2,2,17,1,0.0
202300001929,155 677 149,B01,1,7,13,2,3,13,1,0.0
202300001930,155 677 146,A01,0,14,0,2,2,1,1,0.0
202300001930,155 677 147,B01,0,1,0,2,0,0,5,0.0
202300001931,155 677 145,A01,2,7,8,0,2,14,1,0.0
202300001932,155 677 143,B01,3,7,14,0,5,16,1,0.0
202300001932,155 677 144,A01,3,1,14,0,0,0,5,0.0
202300001933,155 677 140,B01,3,30,0,2,1,0,0,0.0
202300001933,155 677 142,A01,3,7,0,2,5,9,1,0.0
202300001934,155 677 141,A01,2,7,2,0,2,1,1,0.0
202300001935,155 677 137,A01,2,33,0,2,8,0,0,0.0
202300001935,155 677 139,B01,1,7,0,2,3,0,0,0.0
202300001936,155 677 136,A01,2,7,0,2,5,15,1,0.0
202300001936,155 677 138,B01,1,31,0,0,0,0,0,0.0
202300001937,155 677 135,A01,3,2,6,0,2,14,1,0.0
202300001938,155 677 131,A01,2,7,0,2,3,13,1,0.0
202300001938,155 677 132,B01,1,7,0,2,2,1,1,0.0
202300001939,155 677 133,A01,0,7,0,2,8,14,0,0.0
202300001939,155 677 134,B01,0,1,0,2,7,13,5,0.0
202300001940,155 677 130,A01,1,10,16,0,0,1,1,0.0
202300001941,155 677 127,B01,3,7,0,2,3,1,0,0.0
202300001941,155 677 128,C01,3,7,0,2,3,1,0,0.0
202300001941,155 677 129,A01,3,2,0,2,3,1,1,0.0
202300001942,155 677 125,A01,1,7,0,2,1,19,1,0.0
202300001942,155 677 126,B01,2,7,0,2,3,1,1,0.0
202300001943,155 677 121,A01,3,7,0,2,3,1,0,0.0
202300001943,155 677 124,B01,3,2,0,2,3,1,1,0.0
202300001944,155 677 119,C01,2,7,0,2,4,2,1,0.0
202300001944,155 677 120,D01,2,7,0,2,1,2,1,0.0
202300001944,155 677 122,A01,2,21,0,0,4,1,1,0.0
202300001944,155 677 123,B01,2,21,0,2,1,2,1,0.0
202300001945,155 677 118,A01,1,33,11,0,1,17,1,0.0
202300001946,155 677 117,A01,1,7,13,0,1,1,1,0.0
202300001947,155 677 116,A01,2,33,0,0,1,14,1,0.0
202300001948,155 677 113,A01,1,33,0,1,1,3,1,0.0
202300001949,155 677 112,A01,1,10,0,2,7,1,1,0.0
202300001949,155 677 114,B01,1,31,0,2,1,1,1,0.0
202300001950,155 677 110,A01,1,7,0,2,1,14,1,0.0
202300001950,155 677 111,B01,1,7,0,2,1,1,1,0.0
202300001951,155 677 108,A01,1,7,0,2,3,19,1,0.0
202300001951,155 677 109,B01,2,31,0,2,1,1,1,0.0
202300001952,155 677 107,A01,1,43,2,0,1,1,1,0.0
202300001953,155 677 105,A01,2,15,13,0,0,0,0,0.0
202300001954,155 677 106,A01,3,36,13,0,7,1,1,0.0
202300001955,155 677 103,A01,2,7,3,2,1,5,0,0.0
202300001955,155 677 104,B01,1,7,0,2,1,1,0,0.0
202300001956,155 677 099,A01,0,2,0,2,2,1,1,0.0
202300001956,155 677 101,B01,3,7,0,0,8,16,1,0.0
202300001957,155 677 100,A01,1,7,0,2,6,1,1,0.0
202300001957,155 677 102,B01,1,7,0,2,3,1,1,0.0
202300001958,155 677 098,A01,1,7,2,0,9,1,1,0.0
202300001959,155 677 096,A01,2,7,0,0,9,1,1,0.0
202300001960,155 677 094,B01,1,10,0,2,3,15,1,0.0
202300001960,155 677 097,A01,1,30,0,2,7,1,1,0.0
202300001961,155 677 093,A01,3,7,0,2,2,15,1,0.0
202300001961,155 677 095,B01,1,7,0,2,3,1,1,0.0
202300001962,155 677 092,A01,0,7,1,0,1,14,1,0.0
202300001963,155 677 090,A01,1,7,0,2,1,5,1,0.0
202300001963,155 677 091,B01,2,7,0,2,1,1,1,0.0
202300001964,155 677 088,B01,1,7,4,2,3,1,1,0.0
202300001964,155 677 089,A01,2,7,12,2,3,1,1,0.0
202300001965,155 677 087,A01,1,33,0,6,2,1,1,0.0
202300001966,155 677 085,B01,1,10,0,2,8,19,1,0.0
202300001966,155 677 086,A01,1,7,13,2,1,1,1,0.0
202300001967,155 677 084,A01,3,15,0,1,8,1,1,0.0
202300001968,155 677 082,A01,1,33,0,2,1,1,1,0.0
202300001968,155 677 083,B01,2,7,0,2,2,15,1,0.0
202300001969,155 677 081,A01,1,33,0,6,7,0,1,0.0
202300001970,155 677 079,A01,1,7,0,2,1,1,1,0.0
202300001970,155 677 080,B01,2,7,0,2,1,1,1,0.0
202300001971,155 677 078,A01,2,7,13,0,3,13,1,0.0
202300001972,155 677 076,A01,1,7,0,2,1,2,1,0.0
202300001972,155 677 077,B01,1,21,0,0,4,2,1,0.0
202300001973,155 677 074,A01,1,7,6,0,2,15,1,0.0
202300001974,155 677 073,A01,2,2,0,2,1,13,1,0.0
202300001974,155 677 075,B01,1,13,0,2,1,1,1,0.0
202300001975,155 677 071,A01,0,7,17,0,2,1,1,0.0
202300001976,155 677 069,A01,2,7,0,2,0,17,1,0.0
202300001976,155 677 070,B01,2,7,0,2,8,14,1,0.0
202300001976,155 677 072,C01,2,7,0,2,3,15,1,0.0
202300001977,155 677 067,A01,2,10,3,0,9,1,1,0.0
202300001978,155 677 066,A01,1,33,0,2,8,1,1,0.0
202300001978,155 677 068,B01,2,33,0,2,8,13,1,0.0
202300001979,155 677 064,A01,2,33,0,0,2,1,1,0.0
202300001980,155 677 062,B01,2,15,0,2,8,1,0,0.0
202300001980,155 677 063,A01,2,7,3,2,2,12,0,0.0
202300001980,155 677 065,C01,2,15,1,0,2,1,0,0.0
202300001981,155 677 059,A01,2,7,4,0,3,1,1,0.0
202300001982,155 677 060,A01,1,7,3,2,1,15,1,0.0
202300001982,155 677 061,B01,2,7,3,2,1,1,1,0.0
202300001983,155 677 054,A01,2,7,0,2,3,13,1,0.0
202300001983,155 677 056,B01,1,7,0,2,3,1,1,0.0
202300001983,155 677 058,C01,1,7,0,2,3,1,1,0.0
202300001984,155 677 051,A01,1,33,0,0,0,21,1,0.0
202300001984,155 677 052,B01,1,7,0,0,0,26,1,0.0
202300001985,155 677 050,D01,1,7,0,2,1,1,0,0.0
202300001985,155 677 053,A01,2,7,0,2,3,17,0,0.0
202300001985,155 677 055,B01,2,7,0,2,1,1,0,0.0
202300001985,155 677 057,C01,1,7,0,2,1,1,0,0.0
202300001986,155 677 048,A01,1,10,0,2,3,1,1,0.0
202300001986,155 677 049,B01,2,43,0,2,3,1,1,0.0
202300001987,155 677 047,A01,1,32,6,0,1,2,1,0.0
202300001988,155 677 045,A01,1,1,0,0,0,1,5,0.0
202300001989,155 677 044,A01,3,80,0,0,4,19,3,0.0
202300001989,155 677 046,B01,1,7,0,9,3,1,1,0.0
202300001990,155 677 042,A01,1,7,0,2,1,13,0,0.0
202300001990,155 677 043,B01,2,7,0,2,2,21,0,0.0
202300001991,155 677 040,B01,2,7,0,2,8,1,1,0.0
202300001991,155 677 041,A01,1,10,0,1,1,1,1,0.0
202300001992,155 677 038,A01,3,7,0,2,3,17,1,0.0
202300001992,155 677 039,B01,3,7,0,2,2,14,1,0.0
202300001993,155 677 037,A01,1,7,6,0,1,1,1,0.0
202300001994,155 677 036,A01,3,33,2,0,2,16,1,0.0
202300001995,155 677 034,B01,0,2,0,2,1,2,1,0.0
202300001995,155 677 035,A01,0,10,0,2,8,9,1,0.0
202300001996,155 677 032,A01,2,7,0,2,2,15,1,0.0
202300001996,155 677 033,B01,1,1,0,2,1,1,5,0.0
202300001997,155 677 030,B01,1,7,0,2,3,15,1,0.0
202300001997,155 677 031,A01,1,10,0,2,1,1,1,0.0
202300001998,155 677 028,A01,1,7,2,0,7,14,1,0.0
202300001999,155 677 027,B01,0,7,0,1,4,0,1,0.0
202300001999,155 677 029,A01,0,7,1,2,1,13,1,0.0
202300002000,155 677 024,A01,3,7,0,1,1,0,6,0.0
202300002001,155 677 025,A01,1,7,0,9,2,2,1,0.0
202300002001,155 677 026,B01,1,1,0,0,4,2,5,0.0
202300002002,155 677 023,A01,1,2,0,0,0,1,0,0.0
202300002003,155 677 022,A01,3,7,10,0,1,13,1,0.0
202300002004,155 677 020,B01,2,7,0,2,1,2,1,0.0
202300002004,155 677 021,A01,2,7,0,2,4,1,1,0.0
202300002005,155 677 018,A01,3,2,0,2,8,19,1,0.0
202300002005,155 677 019,B01,2,7,0,2,1,15,1,0.0
202300002006,155 677 016,B01,1,7,0,2,4,2,1,0.0
202300002006,155 677 017,A01,1,7,0,2,1,2,1,0.0
202300002007,155 677 013,A01,1,33,0,0,3,13,1,0.0
202300002008,155 677 014,A01,3,1,0,0,8,26,5,0.0
202300002008,155 677 015,B01,3,33,0,9,1,26,0,0.0
202300002009,155 677 012,A01,2,7,4,0,2,1,1,0.0
202300002010,155 677 011,A01,0,0,0,1,0,0,0,0.0
202300002011,155 677 009,A01,1,17,4,2,1,14,1,0.0
202300002011,155 677 010,B01,1,7,4,2,8,2,1,0.0
202300002012,155 677 007,A01,2,7,4,2,7,2,1,0.0
202300002013,155 677 006,A01,3,7,0,2,3,15,1,0.0
202300002013,155 677 008,B01,3,7,0,2,6,1,1,0.0
202300002014,155 677 005,A01,1,10,4,0,1,1,1,0.0
202300002015,155 677 001,A01,1,7,0,2,4,2,1,0.0
202300002015,155 677 003,B01,1,13,0,2,1,0,0,0.0
202300002016,155 677 002,B01,2,2,0,0,8,15,1,0.0
202300002016,155 677 004,A01,2,10,0,2,2,17,1,0.0
202300002017,155 677 000,A01,2,7,4,0,1,1,1,0.0
202300002018,155 676 998,A01,2,7,0,2,3,13,1,0.0
202300002018,155 676 999,B01,1,21,0,2,3,1,1,0.0
202300002019,155 676 996,A01,1,7,0,9,3,1,1,0.0
202300002019,155 676 997,B01,2,1,0,2,1,17,5,0.0
202300002020,155 676 994,A01,2,7,0,2,3,0,1,0.0
202300002020,155 676 995,B01,2,7,0,2,3,0,2,0.0
202300002021,155 676 993,A01,1,31,0,1,7,1,1,0.0
202300002022,155 676 992,A01,2,7,13,0,2,1,1,0.0
202300002023,155 676 991,A01,1,7,0,0,1,26,1,0.0
202300002024,155 676 990,A01,3,1,0,0,0,26,5,0.0
202300002025,155 676 986,A01,2,7,4,0,1,1,1,0.0
202300002025,155 676 987,B01,2,7,14,0,1,1,1,0.0
202300002025,155 676 988,C01,2,7,14,0,1,1,1,0.0
202300002025,155 676 989,D01,2,17,14,2,1,1,1,0.0
202300002026,155 676 985,A01,3,7,0,1,1,1,1,0.0
202300002027,155 676 983,A01,2,7,0,2,1,14,1,0.0
202300002027,155 676 984,B01,1,1,0,2,0,25,5,0.0
202300002028,155 676 981,A01,1,10,0,2,1,15,1,0.0
202300002028,155 676 982,B01,2,1,0,2,8,1,5,0.0
202300002029,155 676 979,A01,1,33,0,2,2,1,1,0.0
202300002029,155 676 980,B01,1,21,0,2,8,26,1,0.0
202300002030,155 676 977,B01,1,33,0,2,1,1,1,0.0
202300002030,155 676 978,A01,1,7,0,2,8,19,1,0.0
202300002031,155 676 975,B01,1,15,8,2,3,1,1,0.0
202300002031,155 676 976,A01,1,7,0,2,2,1,1,0.0
202300002032,155 676 973,B01,2,7,0,2,2,1,1,0.0
202300002032,155 676 974,A01,2,2,0,2,5,19,1,0.0
202300002033,155 676 971,A01,1,7,0,2,1,1,1,0.0
202300002033,155 676 972,B01,2,10,0,2,1,1,1,0.0
202300002034,155 676 966,A01,1,7,3,0,0,2,1,0.0
202300002035,155 676 964,A01,1,7,0,2,3,1,1,0.0
202300002035,155 676 965,B01,2,7,0,2,1,5,1,0.0
202300002036,155 676 962,B01,3,7,0,2,7,1,1,0.0
202300002036,155 676 963,A01,3,7,0,2,1,1,1,0.0
202300002037,155 676 961,A01,2,7,8,0,5,1,1,0.0
202300002038,155 676 960,A01,3,7,6,0,1,13,1,0.0
202300002039,155 676 959,A01,3,32,8,0,1,1,1,0.0
202300002040,155 676 958,A01,1,33,0,0,0,19,1,0.0
202300002041,155 676 956,A01,2,33,0,2,1,17,1,0.0
202300002041,155 676 957,B01,1,7,0,2,3,2,1,0.0
202300002042,155 676 954,B01,2,7,0,2,4,1,1,0.0
202300002042,155 676 955,A01,2,33,0,2,1,3,1,0.0
202300002043,155 676 952,A01,2,13,0,2,5,16,4,0.0
202300002043,155 676 953,B01,2,50,0,2,8,1,3,0.0
202300002044,155 676 950,A01,2,7,0,2,5,1,1,0.0
202300002044,155 676 951,B01,2,1,0,2,3,11,5,0.0
202300002045,155 676 948,A01,3,33,0,2,7,12,1,0.0
202300002045,155 676 949,B01,3,7,0,2,8,1,1,0.0
202300002046,155 676 947,A01,3,80,6,0,1,1,3,0.0
202300002047,155 676 946,A01,3,34,0,0,0,15,1,0.0
202300002048,155 676 945,A01,1,30,0,0,0,21,3,0.0
202300002049,155 676 943,A01,2,10,0,2,1,1,3,0.0
202300002049,155 676 944,B01,2,2,0,2,1,5,1,0.0
202300002050,155 676 942,A01,2,1,0,1,1,1,5,0.0
202300002051,155 676 940,A01,1,30,0,2,1,18,1,0.0
202300002051,155 676 941,B01,1,7,0,2,2,16,1,0.0
202300002052,155 676 938,A01,1,7,14,2,2,1,1,0.0
202300002052,155 676 939,B01,2,99,0,2,8,1,1,0.0
202300002053,155 676 936,B01,2,7,0,2,4,23,2,0.0