num_acc,id_vehicule,num_veh,senc,catv,obs,obsm,choc,manv,motor,occutc
202300002312,155 676 493,A01,1,15,0,2,2,14,1,0.0
202300002313,155 676 488,B01,2,7,0,2,6,0,0,0.0
202300002313,155 676 489,A01,2,34,0,2,1,0,1,0.0
202300002314,155 676 485,B01,2,7,0,2,1,15,1,0.0
202300002314,155 676 487,A01,1,7,9,2,1,1,1,0.0
202300002315,155 676 484,B01,2,32,0,2,1,3,1,0.0
202300002315,155 676 486,A01,2,7,0,2,7,12,1,0.0
202300002316,155 676 481,A01,2,7,0,2,1,1,1,0.0
202300002316,155 676 483,B01,2,7,0,2,4,1,1,0.0
202300002317,155 676 478,A01,2,33,0,0,7,26,1,0.0
202300002318,155 676 477,C01,1,7,0,2,4,2,1,0.0
202300002318,155 676 479,A01,1,7,0,2,1,2,1,0.0
202300002318,155 676 480,B01,1,7,0,2,4,2,1,0.0
202300002318,155 676 482,D01,1,10,0,2,4,2,1,0.0
202300002319,155 676 476,A01,1,7,4,2,1,2,1,0.0
202300002320,155 676 475,B01,0,31,0,2,4,9,6,0.0
202300002321,155 676 473,B01,2,33,0,2,1,1,1,0.0
202300002321,155 676 474,A01,2,7,4,0,3,0,1,0.0
202300002322,155 676 470,B01,2,7,0,2,4,1,1,0.0
202300002322,155 676 471,C01,2,7,0,2,4,1,1,0.0
202300002322,155 676 472,A01,2,7,0,2,1,1,1,0.0
202300002323,155 676 468,A01,2,50,0,0,0,1,3,0.0
202300002324,155 676 467,A01,2,33,0,2,3,13,1,0.0
202300002324,155 676 469,B01,2,7,0,2,7,1,1,0.0
202300002325,155 676 466,A01,2,1,0,0,0,1,5,0.0
202300002326,155 676 465,A01,2,43,0,0,2,3,1,0.0
202300002327,155 676 463,A01,3,7,0,1,4,4,1,0.0
202300002328,155 676 460,A01,2,34,0,0,8,1,1,0.0
202300002329,155 676 459,A01,1,50,0,2,1,15,3,0.0
202300002329,155 676 461,B01,2,7,0,2,1,16,1,0.0
202300002330,155 676 456,B01,2,7,0,2,8,13,1,0.0
202300002330,155 676 458,A01,2,43,0,2,1,3,1,0.0
202300002331,155 676 455,B01,2,1,0,2,1,0,5,0.0
202300002331,155 676 457,A01,2,7,0,9,3,9,1,0.0
202300002332,155 676 453,B01,2,15,4,2,2,12,1,0.0
202300002332,155 676 454,A01,2,7,4,2,3,1,1,0.0
202300002333,155 676 452,A01,1,7,0,1,3,1,0,0.0
202300002334,155 676 450,A01,3,7,0,1,1,15,1,0.0
202300002335,155 676 449,B01,2,7,0,2,2,12,1,0.0
202300002335,155 676 451,A01,2,31,0,2,8,3,1,0.0
202300002336,155 676 448,A01,3,30,12,9,7,26,0,0.0
202300002337,155 676 447,A01,2,7,0,1,3,1,1,0.0
202300002338,155 676 444,B01,1,1,0,2,1,2,5,0.0
202300002338,155 676 446,A01,1,7,0,9,5,19,1,0.0
202300002339,155 676 443,A01,1,7,6,2,1,1,1,0.0
202300002339,155 676 445,B01,2,7,1,2,9,1,1,0.0
202300002340,155 676 441,A01,1,7,0,1,3,1,1,0.0
202300002341,155 676 440,A01,2,31,0,2,1,17,1,0.0
202300002341,155 676 442,B01,2,7,0,2,8,2,1,0.0
202300002342,155 676 438,A01,1,1,0,2,1,1,6,0.0
202300002342,155 676 439,B01,2,7,0,2,1,16,1,0.0
202300002343,155 676 434,B01,1,7,0,2,1,1,1,0.0
202300002343,155 676 435,A01,2,7,0,2,1,15,2,0.0
202300002344,155 676 436,A01,1,30,0,2,1,1,1,0.0
202300002344,155 676 437,B01,2,7,0,2,2,15,1,0.0
202300002345,155 676 432,A01,2,10,0,2,1,1,1,0.0
202300002345,155 676 433,B01,2,7,0,2,6,23,1,0.0
202300002346,155 676 429,A01,1,7,0,1,1,15,1,0.0
202300002347,155 676 428,A01,1,7,0,2,1,2,1,0.0
202300002347,155 676 430,B01,1,7,0,2,4,23,1,0.0
202300002347,155 676 431,C01,1,7,0,2,4,23,1,0.0
202300002348,155 676 427,A01,1,1,0,1,1,21,5,0.0
202300002349,155 676 424,B01,1,7,0,2,7,21,1,0.0
202300002349,155 676 426,A01,1,7,0,2,1,16,1,0.0
202300002350,155 676 425,A01,3,37,0,1,5,15,1,1.0
202300002351,155 676 423,A01,3,7,2,2,1,14,1,0.0
202300002352,155 676 421,A01,2,7,0,2,3,15,1,0.0
202300002352,155 676 422,B01,2,1,0,2,2,1,5,0.0
202300002353,155 676 420,A01,1,7,0,1,8,2,1,0.0
202300002354,155 676 418,B01,1,7,0,2,1,1,1,0.0
202300002354,155 676 419,A01,1,7,0,2,4,1,1,0.0
202300002355,155 676 417,A01,1,7,5,0,1,1,1,0.0
202300002356,155 676 415,A01,1,30,0,2,4,1,1,0.0
202300002356,155 676 416,B01,1,15,0,2,2,2,1,0.0
202300002357,155 676 414,A01,1,7,4,0,3,9,1,0.0
202300002358,155 676 412,B01,2,14,0,2,3,1,1,0.0
202300002358,155 676 413,A01,2,7,0,2,5,9,1,0.0
202300002359,155 676 411,A01,2,7,0,1,2,1,0,0.0
202300002360,155 676 410,A01,2,7,1,0,2,14,1,0.0
202300002361,155 676 409,A01,2,7,0,1,1,17,1,0.0
202300002362,155 676 408,A01,1,7,0,1,1,1,1,0.0
202300002363,155 676 407,A01,1,14,0,1,2,1,1,0.0
202300002364,155 676 405,B01,3,33,0,2,8,3,1,0.0
202300002364,155 676 406,A01,3,7,0,2,2,16,0,0.0
202300002365,155 676 402,A01,1,7,0,9,1,15,1,0.0
202300002365,155 676 404,B01,2,50,0,2,1,0,3,0.0
202300002366,155 676 403,A01,2,2,12,5,2,14,1,0.0
202300002367,155 676 400,A01,1,7,2,0,1,1,-1,0.0
202300002368,155 676 399,B01,3,7,0,2,7,19,1,0.0
202300002368,155 676 401,A01,3,7,0,2,1,1,1,0.0
202300002369,155 676 397,A01,1,50,13,0,1,1,3,0.0
202300002370,155 676 395,A01,2,7,0,1,2,1,1,0.0
202300002371,155 676 393,A01,3,30,13,0,0,1,1,0.0
202300002372,155 676 394,A01,1,7,0,0,3,1,2,0.0
202300002373,155 676 390,C01,1,10,0,2,1,2,1,0.0
202300002373,155 676 391,A01,1,7,0,2,1,2,1,0.0
202300002373,155 676 392,B01,1,7,0,2,4,23,1,0.0
202300002374,155 676 388,A01,3,7,15,0,1,20,0,0.0
202300002375,155 676 387,B01,1,7,0,2,1,17,1,0.0
202300002375,155 676 389,A01,1,7,0,2,3,10,1,0.0
202300002376,155 676 386,A01,1,7,8,1,2,1,1,0.0
202300002377,155 676 383,B01,1,7,0,2,1,1,1,0.0
202300002377,155 676 384,A01,3,80,0,2,1,19,3,0.0
202300002378,155 676 380,B01,1,30,0,2,1,17,1,0.0
202300002378,155 676 381,A01,1,13,0,2,6,15,1,0.0
202300002379,155 676 378,A01,1,31,12,0,0,0,1,0.0
202300002380,155 676 379,B01,2,7,0,2,1,1,1,0.0
202300002380,155 676 382,A01,3,7,0,2,7,19,1,0.0
202300002381,155 676 377,A01,1,7,0,1,2,1,1,0.0
202300002382,155 676 375,B01,1,80,0,2,7,1,3,0.0
202300002382,155 676 376,A01,1,33,0,2,1,1,1,0.0
202300002383,155 676 373,A01,2,7,0,2,3,15,1,0.0
202300002383,155 676 374,B01,2,30,0,2,1,1,3,0.0
202300002384,155 676 372,A01,2,30,0,0,8,21,1,0.0
202300002385,155 676 370,B01,1,2,0,2,1,1,1,0.0
202300002385,155 676 371,A01,2,7,0,2,7,15,1,0.0
202300002386,155 676 367,B01,2,32,0,2,1,1,3,0.0
202300002386,155 676 369,A01,2,7,0,2,3,15,1,0.0
202300002387,155 676 366,A01,3,7,0,2,3,9,1,0.0
202300002387,155 676 368,B01,1,2,0,2,1,1,1,0.0
202300002388,155 676 363,A01,3,7,0,2,1,17,1,0.0
202300002388,155 676 365,B01,3,7,0,2,1,1,1,0.0
202300002389,155 676 361,B01,1,31,0,2,1,1,1,0.0
202300002389,155 676 364,A01,3,7,0,2,3,26,1,0.0
202300002390,155 676 360,B01,1,7,0,2,8,15,1,0.0
202300002390,155 676 362,A01,1,31,0,2,1,15,1,0.0
202300002391,155 676 357,B01,1,7,0,2,1,1,1,0.0
202300002391,155 676 358,A01,1,10,0,2,6,11,1,0.0
202300002392,155 676 355,A01,2,50,0,0,0,1,3,0.0
202300002393,155 676 356,A01,2,32,0,2,1,21,1,0.0
202300002393,155 676 359,B01,1,7,0,9,3,15,1,0.0
202300002394,155 676 353,A01,1,7,0,2,3,0,1,0.0
202300002394,155 676 354,B01,1,50,0,2,0,0,3,0.0
202300002395,155 676 348,B01,1,7,0,2,4,2,1,0.0
202300002395,155 676 350,A01,1,7,0,2,1,2,1,0.0
202300002396,155 676 349,A01,1,30,0,2,1,2,1,0.0
202300002396,155 676 351,B01,1,30,0,2,4,23,1,0.0
202300002397,155 676 346,B01,3,1,0,2,7,1,5,0.0
202300002397,155 676 347,A01,2,7,0,2,3,9,1,0.0
202300002398,155 676 344,A01,3,7,0,2,6,26,1,0.0
202300002398,155 676 345,B01,3,10,0,2,1,2,1,0.0
202300002399,155 676 342,A01,2,10,0,2,1,1,1,0.0
202300002399,155 676 343,B01,2,7,0,1,1,1,1,0.0
202300002400,155 676 339,B01,2,31,0,2,7,1,1,0.0
202300002400,155 676 341,A01,3,7,0,2,1,9,1,0.0
202300002401,155 676 336,B01,1,1,0,2,3,1,5,0.0
202300002401,155 676 338,A01,1,17,0,2,5,17,1,0.0
202300002402,155 676 337,A01,3,7,0,2,2,15,1,0.0
202300002402,155 676 340,B01,3,7,0,2,1,1,1,0.0
202300002403,155 676 334,B01,3,7,0,2,4,2,1,0.0
202300002403,155 676 335,A01,3,7,0,2,1,2,1,0.0
202300002404,155 676 331,A01,0,1,1,2,8,21,5,0.0
202300002404,155 676 332,B01,0,7,0,2,7,1,3,0.0
202300002405,155 676 330,B01,1,7,-1,2,2,1,-1,0.0
202300002405,155 676 333,A01,3,2,0,2,3,16,1,0.0
202300002406,155 676 326,A01,1,7,0,2,8,15,1,0.0
202300002406,155 676 328,B01,1,17,0,2,1,1,1,0.0
202300002406,155 676 329,C01,2,7,0,2,1,1,4,0.0
202300002407,155 676 324,A01,1,10,0,1,0,1,1,0.0
202300002408,155 676 322,B01,2,17,0,0,0,0,1,0.0
202300002408,155 676 323,A01,2,7,4,2,2,1,1,0.0
202300002409,155 676 318,A01,1,30,0,2,1,17,1,0.0
202300002409,155 676 319,B01,1,14,0,2,3,15,1,0.0
202300002410,155 676 316,A01,3,7,0,1,3,1,1,0.0
202300002411,155 676 313,A01,1,1,0,2,6,15,5,0.0
202300002411,155 676 314,B01,1,33,0,2,2,17,1,0.0
202300002412,155 676 311,A01,1,7,2,0,8,21,1,0.0
202300002413,155 676 310,A01,1,7,0,2,1,1,2,0.0
202300002413,155 676 312,P01,1,50,0,2,1,1,3,0.0
202300002414,155 676 309,A01,2,7,1,0,2,14,1,0.0
202300002415,155 676 307,A01,1,7,0,1,3,1,1,0.0
202300002416,155 676 305,A01,3,7,0,2,1,1,1,0.0
202300002416,155 676 306,B01,3,7,0,2,4,26,1,0.0
202300002417,155 676 303,A01,2,31,11,0,1,1,1,0.0
202300002418,155 676 302,A01,2,50,0,2,1,1,3,0.0
202300002418,155 676 304,B01,1,7,0,9,3,16,-1,0.0
202300002419,155 676 298,A01,2,15,0,2,7,14,1,0.0
202300002419,155 676 300,B01,2,7,0,2,6,1,2,0.0
202300002419,155 676 301,C01,2,7,0,2,1,2,1,0.0
202300002420,155 676 299,A01,2,7,0,0,9,14,1,0.0
202300002421,155 676 297,A01,3,37,0,0,1,14,1,4.0
202300002422,155 676 296,A01,2,7,1,0,9,1,1,0.0
202300002423,155 676 293,A01,1,15,0,2,2,1,1,0.0
202300002423,155 676 295,B01,2,7,0,2,3,19,1,0.0
202300002424,155 676 291,A01,1,7,0,2,1,5,1,0.0
202300002424,155 676 294,B01,2,7,0,2,1,1,1,0.0
202300002425,155 676 290,A01,1,30,0,2,1,16,1,0.0
202300002425,155 676 292,B01,1,38,0,2,7,1,1,1.0
202300002426,155 676 289,A01,1,7,6,0,1,1,1,0.0
202300002427,155 676 287,A01,1,7,0,2,8,13,1,0.0
202300002427,155 676 288,B01,2,7,0,0,0,0,1,0.0
202300002428,155 676 284,A01,2,7,13,0,1,0,1,0.0
202300002429,155 676 285,A01,1,7,0,2,2,15,1,0.0
202300002429,155 676 286,B01,2,31,0,2,1,1,1,0.0
202300002430,155 676 282,A01,2,7,0,2,2,0,1,0.0
202300002430,155 676 283,B01,1,30,0,2,6,0,1,0.0
202300002431,155 676 279,A01,1,7,0,2,3,15,1,0.0
202300002431,155 676 281,B01,2,31,0,2,1,1,1,0.0
202300002432,155 676 278,A01,3,7,0,2,3,9,3,0.0
202300002432,155 676 280,B01,3,2,0,2,7,1,1,0.0
202300002433,155 676 277,A01,2,7,2,0,1,14,1,0.0
202300002434,155 676 276,A01,0,7,0,1,1,1,1,0.0
202300002435,155 676 272,A01,3,50,0,2,7,19,3,0.0
202300002435,155 676 274,B01,2,10,0,2,3,1,1,0.0
202300002436,155 676 270,B01,0,7,0,2,6,1,1,0.0
202300002436,155 676 273,A01,0,50,0,2,1,19,3,0.0
202300002437,155 676 267,A01,3,32,0,2,1,16,1,0.0
202300002437,155 676 269,B01,3,7,0,2,3,1,1,0.0
202300002438,155 676 268,A01,3,7,2,0,1,1,1,0.0
202300002439,155 676 262,A01,0,7,0,2,1,17,1,0.0
202300002439,155 676 265,B01,0,7,0,2,1,1,3,0.0
202300002439,155 676 266,C01,0,7,0,2,1,1,1,0.0
202300002440,155 676 261,A01,2,7,0,2,1,13,1,0.0
202300002440,155 676 264,B01,1,7,0,2,1,1,2,0.0
202300002441,155 676 260,B01,1,7,0,2,3,1,0,0.0
202300002441,155 676 263,A01,2,7,0,2,3,2,0,0.0
202300002442,155 676 258,A01,2,7,0,1,2,15,1,0.0
202300002443,155 676 256,A01,3,7,0,2,3,26,1,0.0
202300002443,155 676 259,B01,3,7,0,2,0,0,1,0.0
202300002444,155 676 254,A01,1,7,0,2,3,13,1,0.0
202300002444,155 676 257,B01,2,13,0,2,3,1,1,0.0
202300002445,155 676 252,B01,2,1,0,2,7,1,5,0.0
202300002445,155 676 255,A01,2,7,0,2,3,9,0,0.0
202300002446,155 676 250,A01,2,32,0,2,7,3,3,0.0
202300002446,155 676 251,B01,2,33,0,2,1,1,1,0.0
202300002446,155 676 253,C01,2,7,0,2,4,2,1,0.0
202300002447,155 676 247,B01,2,1,0,2,1,25,5,0.0
202300002447,155 676 249,A01,3,7,0,9,3,9,1,0.0
202300002448,155 676 245,A01,1,33,0,2,1,3,1,0.0
202300002448,155 676 248,B01,1,7,0,2,4,1,1,0.0
202300002449,155 676 244,A01,2,7,0,2,1,1,1,0.0
202300002449,155 676 246,B01,2,7,0,2,4,1,1,0.0
202300002450,155 676 240,A01,3,43,0,2,1,1,1,0.0
202300002450,155 676 241,B01,3,7,0,2,5,9,1,0.0
202300002451,155 676 239,A01,1,7,4,0,2,1,1,0.0
202300002452,155 676 236,B01,0,37,0,2,3,1,1,1.0
202300002452,155 676 238,A01,0,7,0,2,1,9,1,0.0
202300002453,155 676 235,Y01,3,1,0,2,1,1,5,0.0
202300002453,155 676 237,A01,3,7,0,2,2,15,1,0.0
202300002454,155 676 234,A01,1,7,13,0,0,1,1,0.0
202300002455,155 676 232,A01,3,7,6,0,3,20,1,0.0
202300002456,155 676 229,A01,2,7,0,2,1,1,1,0.0
202300002456,155 676 230,B01,2,15,0,2,4,1,1,0.0
202300002457,155 676 228,B01,1,2,0,2,1,1,1,0.0
202300002457,155 676 231,A01,1,37,0,2,2,10,1,1.0
202300002458,155 676 227,A01,3,7,0,1,1,15,3,0.0
202300002459,155 676 225,A01,3,7,13,0,7,0,1,0.0
202300002460,155 676 224,A01,1,7,0,2,2,15,1,0.0
202300002460,155 676 226,B01,2,1,0,2,1,1,5,0.0
202300002461,155 676 222,B01,3,33,0,2,4,23,1,0.0
202300002461,155 676 223,A01,3,7,0,2,1,2,1,0.0
202300002462,155 676 219,A01,1,7,0,0,1,1,1,0.0
202300002462,155 676 221,B01,2,10,0,0,1,1,1,0.0
202300002463,155 676 217,A01,1,37,0,2,1,1,1,1.0
202300002463,155 676 220,B01,2,7,0,0,0,1,1,0.0
202300002464,155 676 218,A01,1,1,0,1,1,1,5,0.0
202300002465,155 676 215,B01,2,33,0,2,1,1,1,0.0
202300002465,155 676 216,A01,2,7,0,2,8,9,0,0.0
202300002466,155 676 213,A01,0,10,0,1,3,1,1,0.0
202300002467,155 676 214,A01,3,31,0,0,2,1,1,0.0
202300002468,155 676 209,A01,2,15,0,2,2,17,1,0.0
202300002468,155 676 212,B01,2,7,0,0,4,1,1,0.0
202300002469,155 676 211,A01,2,7,8,0,3,14,1,0.0
202300002470,155 676 208,A01,1,7,0,2,8,15,1,0.0
202300002470,155 676 210,B01,1,30,0,2,1,1,1,0.0
202300002471,155 676 207,A01,2,7,8,0,1,1,1,0.0
202300002472,155 676 205,A01,3,10,0,2,1,0,0,0.0
202300002472,155 676 206,B01,2,1,0,2,1,1,5,0.0
202300002473,155 676 201,A01,1,7,0,2,1,1,1,0.0
202300002473,155 676 203,B01,1,7,0,2,4,1,1,0.0
202300002473,155 676 204,C01,1,7,0,2,4,1,1,0.0
202300002474,155 676 199,B01,1,7,0,0,8,15,0,0.0
202300002474,155 676 202,A01,1,7,0,0,2,17,0,0.0
202300002475,155 676 195,A01,2,7,0,2,1,21,1,0.0
202300002475,155 676 198,B01,1,7,0,2,3,23,1,0.0
202300002475,155 676 200,C01,2,10,0,2,6,24,1,0.0
202300002476,155 676 194,A01,1,7,0,2,2,1,1,0.0
202300002476,155 676 196,B01,2,7,0,2,2,1,1,0.0
202300002477,155 676 193,A01,2,7,0,2,4,2,1,0.0
202300002477,155 676 197,Z01,2,7,0,2,1,2,1,0.0
202300002478,155 676 191,A01,1,7,0,1,1,15,0,0.0
202300002479,155 676 189,B01,2,7,0,2,1,2,1,0.0
202300002479,155 676 192,A01,1,7,0,2,5,2,1,0.0
202300002480,155 676 188,A01,2,10,13,2,5,9,1,0.0
202300002480,155 676 190,B01,2,7,9,2,1,1,1,0.0
202300002481,155 676 184,C01,3,7,0,2,5,1,1,0.0
202300002481,155 676 186,A01,3,7,1,0,4,4,1,0.0
202300002481,155 676 187,B01,3,7,1,0,5,24,1,0.0
202300002482,155 676 183,A01,3,7,0,2,1,2,1,0.0
202300002482,155 676 185,B01,3,7,0,2,4,2,1,0.0
202300002483,155 676 182,A01,2,7,13,0,9,1,0,0.0
202300002484,155 676 177,A01,3,7,0,2,1,1,1,0.0
202300002484,155 676 180,B01,3,7,0,2,4,1,1,0.0
202300002484,155 676 181,C01,3,7,0,2,4,23,2,0.0
202300002485,155 676 179,A01,1,7,0,1,3,19,2,0.0
202300002486,155 676 174,A01,1,7,0,1,3,15,0,0.0
202300002487,155 676 173,A01,2,7,6,0,5,1,1,0.0
202300002488,155 676 172,A01,2,7,0,2,3,15,1,0.0
202300002488,155 676 175,B01,1,33,0,2,2,21,1,0.0
202300002489,155 676 168,A01,3,7,0,1,4,4,1,0.0
202300002490,155 676 167,A01,1,7,0,2,2,16,1,0.0
202300002490,155 676 170,B01,1,50,0,2,1,1,3,0.0
202300002491,155 676 169,A01,1,7,0,2,3,1,1,0.0
202300002491,155 676 171,B01,0,50,0,2,0,19,3,0.0
202300002492,155 676 165,A01,2,7,9,0,1,1,1,0.0
202300002493,155 676 166,A01,3,10,0,1,2,26,1,0.0
202300002494,155 676 163,A01,1,50,0,2,8,19,3,0.0
202300002494,155 676 164,B01,1,7,0,9,1,15,1,0.0
202300002495,155 676 158,C01,1,7,0,2,0,1,1,0.0
202300002495,155 676 160,B01,1,7,0,2,0,1,1,0.0
202300002495,155 676 161,A01,1,7,0,2,0,1,1,0.0
202300002496,155 676 157,A01,1,7,0,1,1,15,1,0.0
202300002497,155 676 154,B01,3,7,0,2,2,15,1,0.0
202300002497,155 676 156,A01,2,33,0,2,8,1,1,0.0
202300002498,155 676 153,A01,1,7,0,1,1,9,3,0.0
202300002499,155 676 150,B01,1,7,0,2,4,2,1,0.0
202300002499,155 676 152,A01,1,7,0,2,3,2,1,0.0
202300002499,155 676 155,C01,1,7,0,2,8,1,1,0.0
202300002500,155 676 149,A01,3,10,0,2,3,2,1,0.0
202300002500,155 676 151,B01,3,14,0,0,5,23,1,0.0
202300002501,155 676 148,A01,1,7,0,1,2,16,1,0.0
202300002502,155 676 146,B01,0,13,0,0,8,24,1,0.0
202300002502,155 676 147,A01,3,13,1,0,5,17,1,0.0
202300002503,155 676 144,A01,1,7,0,2,1,13,0,0.0
202300002503,155 676 145,B01,2,7,0,2,1,21,0,0.0
202300002504,155 676 141,A01,3,7,0,2,6,0,1,0.0
202300002504,155 676 143,B01,3,14,0,2,0,0,1,0.0
202300002505,155 676 138,B01,1,7,0,2,1,2,3,0.0
202300002505,155 676 140,A01,1,7,0,2,4,2,1,0.0
202300002506,155 676 139,A01,2,7,0,2,3,11,1,0.0
202300002506,155 676 142,B01,2,33,0,2,5,3,1,0.0
202300002507,155 676 136,A01,1,7,4,0,1,1,1,0.0
202300002508,155 676 134,B01,3,7,0,2,1,15,1,0.0
202300002508,155 676 137,A01,3,1,0,2,7,1,5,0.0
202300002509,155 676 133,A01,2,7,0,2,2,12,1,0.0
202300002509,155 676 135,B01,2,31,0,2,8,3,1,0.0
202300002510,155 676 131,A01,3,80,0,1,1,1,3,0.0
202300002511,155 676 132,A01,0,37,0,1,2,1,1,1.0
202300002512,155 676 129,B01,1,7,0,2,8,1,0,0.0
202300002512,155 676 130,A01,2,7,11,2,2,1,0,0.0
202300002513,155 676 128,A01,2,10,0,1,1,1,1,0.0
202300002514,155 676 125,Z01,3,7,0,2,7,16,1,0.0
202300002514,155 676 127,Y01,3,1,0,2,0,0,5,0.0
202300002515,155 676 124,A01,3,33,14,0,1,1,1,0.0
202300002516,155 676 123,A01,3,2,0,2,3,2,1,0.0
202300002516,155 676 126,Z01,3,7,0,2,6,1,0,0.0
202300002517,155 676 121,A01,2,7,6,0,1,14,0,0.0
202300002518,155 676 122,A01,3,32,0,1,1,1,1,0.0
202300002519,155 676 118,A01,1,7,0,1,1,1,1,0.0
202300002519,155 676 120,B01,1,43,0,2,1,1,1,0.0
202300002520,155 676 117,B01,2,1,16,2,3,0,0,0.0
202300002520,155 676 119,A01,2,7,0,2,2,16,1,0.0
202300002521,155 676 115,A01,2,33,0,2,2,1,1,0.0
202300002521,155 676 116,B01,3,10,0,2,8,19,1,0.0
202300002522,155 676 113,A01,2,50,14,0,0,1,3,0.0
202300002523,155 676 111,B01,1,7,0,2,1,5,1,0.0
202300002523,155 676 112,C01,2,7,0,2,1,5,1,0.0
202300002523,155 676 114,A01,2,7,0,2,1,5,1,0.0
202300002524,155 676 110,A01,1,7,0,1,1,1,1,0.0
202300002525,155 676 107,B01,1,7,0,2,3,1,1,0.0
202300002525,155 676 109,A01,1,43,0,2,3,7,1,0.0
202300002526,155 676 106,A01,1,7,0,2,0,5,0,0.0
202300002526,155 676 108,B01,2,2,0,2,0,1,3,0.0
202300002527,155 676 104,B01,3,7,0,2,3,0,1,0.0
202300002527,155 676 105,A01,3,30,0,2,3,1,3,0.0
202300002528,155 676 103,A01,2,1,0,1,1,1,5,0.0
202300002529,155 676 102,A01,1,7,0,1,2,17,1,0.0
202300002530,155 676 100,A01,1,7,0,1,3,15,1,0.0
202300002531,155 676 098,B01,3,7,0,2,2,15,1,0.0
202300002531,155 676 101,A01,3,2,0,2,1,17,3,0.0
202300002532,155 676 099,A01,2,7,0,1,2,1,1,0.0
202300002533,155 676 095,A01,3,43,0,2,2,21,1,0.0
202300002534,155 676 094,A01,1,7,0,2,1,1,1,0.0
202300002534,155 676 097,B01,2,7,0,2,1,5,1,0.0
202300002535,155 676 093,B01,0,32,0,2,1,1,0,0.0
202300002535,155 676 096,A01,0,7,0,2,3,15,0,0.0
202300002536,155 676 091,B01,1,80,0,2,1,21,3,0.0
202300002536,155 676 092,A01,1,10,0,2,3,10,1,0.0
202300002537,155 676 088,B01,2,7,0,2,3,1,1,0.0
202300002537,155 676 090,A01,1,33,0,2,1,17,1,0.0
202300002538,155 676 087,A01,2,7,0,2,2,15,1,0.0
202300002538,155 676 089,B01,1,2,0,2,3,1,1,0.0
202300002539,155 676 085,Z01,2,1,0,2,4,1,5,0.0
202300002539,155 676 086,A01,2,1,0,2,1,1,5,0.0
202300002540,155 676 083,A01,1,7,0,1,3,26,1,0.0
202300002541,155 676 084,A01,1,30,0,0,3,2,6,0.0
202300002542,155 676 082,A01,3,7,2,0,8,1,1,0.0
202300002543,155 676 078,B01,2,34,0,2,1,16,1,0.0
202300002543,155 676 080,A01,1,7,0,2,2,15,1,0.0
202300002544,155 676 077,C01,2,33,0,2,1,21,1,0.0
202300002544,155 676 079,B01,2,10,0,2,3,1,1,0.0
202300002544,155 676 081,A01,2,33,0,2,1,13,1,0.0
202300002545,155 676 073,A01,1,7,0,2,1,21,1,0.0
202300002545,155 676 074,B01,1,7,0,2,4,0,1,0.0
202300002546,155 676 071,B01,3,7,0,2,2,1,1,0.0
202300002546,155 676 072,C01,3,7,0,2,5,1,1,0.0
202300002546,155 676 075,D01,3,7,0,2,3,24,1,0.0
202300002546,155 676 076,A01,3,7,1,0,1,0,1,0.0
202300002547,155 676 070,A01,2,30,0,2,4,2,3,0.0
202300002548,155 676 065,B01,3,43,0,2,1,13,1,0.0
202300002548,155 676 067,A01,3,7,0,2,2,15,1,0.0
202300002549,155 676 063,C01,1,36,0,2,3,0,6,0.0
202300002549,155 676 064,D01,1,36,0,2,6,0,6,0.0
202300002549,155 676 066,E01,1,36,0,0,0,1,6,0.0
202300002549,155 676 068,A01,2,10,0,0,2,1,6,0.0
202300002549,155 676 069,B01,1,7,0,2,9,5,0,0.0
202300002550,155 676 058,A01,1,10,2,0,2,13,0,0.0
202300002551,155 676 059,B01,2,1,1,0,0,1,5,0.0
202300002551,155 676 060,A01,1,7,0,2,5,1,1,0.0
202300002552,155 676 055,A01,2,7,0,2,3,15,0,0.0
202300002552,155 676 057,B01,1,7,0,2,1,1,0,0.0
202300002553,155 676 054,B01,2,7,0,2,2,1,1,0.0
202300002553,155 676 056,A01,1,7,0,2,3,19,1,0.0
202300002554,155 676 053,A01,3,7,0,1,1,1,0,0.0
202300002555,155 676 052,A01,0,7,0,1,3,1,1,0.0
202300002556,155 676 049,A01,3,30,0,2,1,1,0,0.0
202300002556,155 676 051,B01,3,7,0,2,6,15,0,0.0
202300002557,155 676 048,A01,1,7,0,2,3,13,1,0.0
202300002557,155 676 050,B01,2,7,0,2,3,0,1,0.0
202300002558,155 676 047,A01,3,7,0,1,3,16,0,0.0
202300002559,155 676 043,A01,2,7,0,2,2,15,1,0.0
202300002559,155 676 045,B01,2,30,0,2,1,1,1,0.0
202300002560,155 676 044,A01,1,7,0,2,6,13,1,0.0
202300002560,155 676 046,B01,2,7,0,2,8,1,1,0.0
202300002561,155 676 041,A01,3,2,0,0,7,1,1,0.0
202300002562,155 676 040,A01,1,7,0,2,7,15,1,0.0
202300002562,155 676 042,B01,2,2,0,2,2,1,1,0.0
202300002563,155 676 038,A01,1,7,0,1,1,1,4,0.0
202300002564,155 676 037,B01,3,7,8,1,7,2,1,0.0
202300002564,155 676 039,A01,3,7,12,2,1,1,1,0.0
202300002565,155 676 036,A01,1,33,13,0,0,2,1,0.0
202300002566,155 676 034,A01,3,7,5,2,2,13,1,0.0
202300002566,155 676 035,B01,3,7,0,2,2,1,1,0.0
202300002567,155 676 031,A01,3,7,0,2,8,1,1,0.0
202300002567,155 676 033,B01,3,7,0,2,8,9,1,0.0
202300002568,155 676 030,A01,3,7,0,2,2,15,1,0.0