num_acc,id_vehicule,num_veh,senc,catv,obs,obsm,choc,manv,motor,occutc
202300003583,155 674 242,A01,2,33,0,2,2,21,1,0.0
202300003583,155 674 244,B01,2,1,0,2,3,11,5,0.0
202300003584,155 674 240,A01,1,7,0,2,3,15,0,0.0
202300003584,155 674 241,B01,1,33,0,2,1,1,1,0.0
202300003585,155 674 239,A01,2,1,0,1,1,1,5,0.0
202300003586,155 674 237,B01,2,7,0,2,1,1,1,0.0
202300003586,155 674 238,A01,2,7,0,2,3,26,1,0.0
202300003587,155 674 234,A01,1,7,0,2,1,26,1,0.0
202300003587,155 674 236,B01,1,33,0,2,1,0,0,0.0
202300003588,155 674 233,A01,2,7,0,2,8,20,2,0.0
202300003588,155 674 235,B01,2,80,0,2,7,1,3,0.0
202300003589,155 674 231,A01,3,7,1,0,8,17,1,0.0
202300003589,155 674 232,B01,3,33,0,2,0,1,1,0.0
202300003590,155 674 230,A01,1,1,14,2,3,13,5,0.0
202300003591,155 674 227,A01,2,7,0,1,1,1,0,0.0
202300003592,155 674 228,A01,3,30,0,1,1,19,1,0.0
202300003593,155 674 225,A01,3,7,0,2,2,9,1,0.0
202300003593,155 674 226,B01,1,2,0,2,1,1,1,0.0
202300003594,155 674 222,A01,2,7,0,2,2,9,1,0.0
202300003594,155 674 223,B01,2,7,0,2,3,1,1,0.0
202300003595,155 674 220,A01,1,36,0,0,0,16,1,0.0
202300003596,155 674 221,A01,3,32,0,2,8,13,1,0.0
202300003596,155 674 224,B01,3,7,0,2,7,1,1,0.0
202300003597,155 674 219,A01,1,50,0,1,3,2,3,0.0
202300003598,155 674 217,A01,1,7,0,9,2,15,1,0.0
202300003599,155 674 216,A01,3,43,0,2,8,1,1,0.0
202300003599,155 674 218,B01,3,7,0,2,3,13,1,0.0
202300003600,155 674 215,A01,1,7,2,0,3,1,1,0.0
202300003601,155 674 212,A01,3,7,0,2,5,0,0,0.0
202300003601,155 674 214,B01,0,33,0,2,1,2,0,0.0
202300003602,155 674 211,A01,0,10,0,1,4,4,1,0.0
202300003603,155 674 210,A01,1,7,3,0,3,1,1,0.0
202300003604,155 674 213,A01,2,34,0,1,3,0,0,0.0
202300003605,155 674 206,B01,1,7,0,2,5,2,1,0.0
202300003605,155 674 208,A01,1,7,1,2,3,2,1,0.0
202300003605,155 674 209,C01,1,7,1,0,6,23,1,0.0
202300003606,155 674 205,A01,3,7,0,2,2,0,0,0.0
202300003606,155 674 207,B01,3,7,0,2,6,0,0,0.0
202300003607,155 674 200,A01,3,14,0,2,1,0,1,0.0
202300003607,155 674 202,B01,3,7,0,2,4,0,1,0.0
202300003607,155 674 203,C01,3,7,0,0,4,0,0,0.0
202300003608,155 674 197,A01,1,7,0,2,3,13,1,0.0
202300003608,155 674 198,C01,2,7,3,2,3,1,1,0.0
202300003608,155 674 199,E01,1,7,0,0,4,1,1,0.0
202300003608,155 674 201,B01,2,7,3,0,7,1,1,0.0
202300003608,155 674 204,D01,1,7,0,2,1,1,1,0.0
202300003609,155 674 195,A01,1,7,0,2,1,1,1,0.0
202300003609,155 674 196,B01,1,10,0,2,4,2,1,0.0
202300003610,155 674 193,A01,2,7,0,2,3,1,0,0.0
202300003610,155 674 194,B01,1,7,0,2,2,15,0,0.0
202300003611,155 674 192,A01,1,7,13,0,2,1,1,0.0
202300003612,155 674 189,B01,0,36,0,0,6,0,0,0.0
202300003612,155 674 190,A01,0,36,1,0,2,0,0,0.0
202300003613,155 674 188,A01,1,7,6,0,1,1,1,0.0
202300003614,155 674 187,A01,1,7,0,2,3,1,1,0.0
202300003614,155 674 191,B01,1,7,0,2,2,19,1,0.0
202300003615,155 674 186,A01,2,7,13,0,1,1,1,0.0
202300003616,155 674 181,B01,2,7,0,2,8,1,1,0.0
202300003616,155 674 182,C01,2,7,0,2,2,1,1,0.0
202300003616,155 674 185,A01,1,10,0,2,1,13,1,0.0
202300003617,155 674 180,A01,1,13,6,0,1,1,1,0.0
202300003618,155 674 183,A01,2,3,0,2,1,15,0,0.0
202300003618,155 674 184,B01,1,3,0,2,1,2,0,0.0
202300003619,155 674 177,A01,1,10,2,0,1,13,1,0.0
202300003620,155 674 175,A01,1,7,16,0,0,14,1,0.0
202300003621,155 674 176,B01,2,15,0,0,5,15,1,0.0
202300003621,155 674 178,A01,2,7,0,2,6,1,1,0.0
202300003622,155 674 173,A01,2,33,0,2,2,17,1,0.0
202300003622,155 674 174,B01,2,7,0,2,3,15,1,0.0
202300003623,155 674 171,B01,0,7,0,2,0,17,0,0.0
202300003623,155 674 172,A01,0,37,0,2,8,9,1,2.0
202300003624,155 674 170,A01,3,7,2,0,7,1,1,0.0
202300003625,155 674 169,A01,3,33,0,0,7,15,1,0.0
202300003626,155 674 168,A01,1,10,0,1,1,16,1,0.0
202300003627,155 674 166,A01,0,7,0,2,3,1,0,0.0
202300003627,155 674 167,B01,0,7,0,0,5,0,0,0.0
202300003628,155 674 165,A01,0,7,0,1,1,9,0,0.0
202300003629,155 674 163,A01,1,10,0,1,4,4,1,0.0
202300003630,155 674 162,B01,2,7,0,2,1,1,1,0.0
202300003630,155 674 164,A01,1,7,0,2,2,15,1,0.0
202300003631,155 674 159,B01,1,32,0,2,5,1,1,0.0
202300003631,155 674 161,A01,1,7,0,2,2,9,1,0.0
202300003632,155 674 158,B01,2,7,0,2,3,19,1,0.0
202300003632,155 674 160,A01,2,34,0,2,1,1,1,0.0
202300003633,155 674 156,B01,2,21,0,2,4,1,1,0.0
202300003633,155 674 157,A01,2,7,0,2,1,1,1,0.0
202300003634,155 674 154,A01,3,2,0,0,0,14,1,0.0
202300003634,155 674 155,B01,3,7,0,0,0,0,1,0.0
202300003635,155 674 153,A01,3,7,8,0,1,1,1,0.0
202300003636,155 674 152,A01,1,7,2,0,0,0,2,0.0
202300003637,155 674 149,B01,3,13,0,2,2,1,1,0.0
202300003637,155 674 151,A01,2,7,0,2,1,1,1,0.0
202300003638,155 674 148,A01,1,7,8,0,2,1,1,0.0
202300003638,155 674 150,B01,2,7,0,2,1,1,1,0.0
202300003639,155 674 146,B01,1,7,0,2,2,1,1,0.0
202300003639,155 674 147,A01,2,3,0,0,3,1,1,0.0
202300003640,155 674 144,A01,1,7,0,2,1,13,1,0.0
202300003640,155 674 145,B01,2,7,0,2,1,1,1,0.0
202300003641,155 674 142,A01,3,7,0,0,3,19,0,0.0
202300003641,155 674 143,B01,3,33,0,2,1,2,0,0.0
202300003642,155 674 141,A01,3,7,0,1,4,4,1,0.0
202300003643,155 674 137,A01,2,7,0,2,3,13,1,0.0
202300003643,155 674 139,B01,1,33,0,2,8,1,1,0.0
202300003644,155 674 136,A01,2,7,0,2,5,16,1,0.0
202300003644,155 674 138,B01,2,50,0,2,1,1,3,0.0
202300003645,155 674 131,A01,1,7,1,0,1,1,1,0.0
202300003646,155 674 130,B01,2,7,0,2,3,1,1,0.0
202300003646,155 674 134,A01,1,2,0,2,3,1,1,0.0
202300003647,155 674 132,D01,2,7,0,2,3,1,1,0.0
202300003647,155 674 133,A01,2,7,4,0,4,0,1,0.0
202300003647,155 674 135,B01,2,7,0,2,1,0,1,0.0
202300003647,155 674 140,C01,2,7,0,2,1,2,1,0.0
202300003648,155 674 129,A01,1,7,6,0,1,1,1,0.0
202300003649,155 674 126,A01,1,7,0,2,3,9,1,0.0
202300003649,155 674 128,B01,2,33,0,2,2,1,1,0.0
202300003650,155 674 125,A01,2,10,15,0,0,0,0,0.0
202300003651,155 674 124,A01,1,7,0,2,2,15,1,0.0
202300003651,155 674 127,B01,2,1,0,2,1,1,5,0.0
202300003652,155 674 120,C01,1,7,0,2,3,1,1,0.0
202300003652,155 674 122,A01,1,7,0,2,5,15,1,0.0
202300003652,155 674 123,B01,2,33,0,2,1,17,1,0.0
202300003653,155 674 121,A01,2,33,3,0,1,2,1,0.0
202300003654,155 674 119,A01,1,7,3,0,9,1,1,0.0
202300003655,155 674 117,B01,3,1,0,2,8,19,5,0.0
202300003655,155 674 118,A01,2,7,0,9,1,1,1,0.0
202300003656,155 674 116,A01,3,7,16,0,0,0,1,0.0
202300003657,155 674 115,A01,1,7,2,0,3,1,1,0.0
202300003658,155 674 113,A01,1,7,3,0,1,26,1,0.0
202300003659,155 674 112,B01,0,80,0,2,8,1,3,0.0
202300003659,155 674 114,A01,0,7,0,2,7,9,1,0.0
202300003660,155 674 111,A01,1,7,0,1,2,1,1,0.0
202300003661,155 674 108,B01,1,30,0,2,1,1,0,0.0
202300003661,155 674 110,A01,2,7,0,2,2,15,1,0.0
202300003662,155 674 107,A01,0,7,0,2,1,0,1,0.0
202300003662,155 674 109,B01,0,50,0,2,8,26,3,0.0
202300003663,155 674 106,A01,2,7,0,1,3,1,0,0.0
202300003664,155 674 103,A01,2,7,0,2,6,11,1,0.0
202300003664,155 674 105,B01,2,2,0,2,1,1,1,0.0
202300003665,155 674 102,A01,1,7,0,9,2,15,1,0.0
202300003665,155 674 104,B01,2,1,0,2,1,1,5,0.0
202300003666,155 674 101,A01,1,2,0,0,7,1,1,0.0
202300003667,155 674 098,A01,2,7,0,2,2,0,1,0.0
202300003667,155 674 099,B01,2,10,5,0,6,0,1,0.0
202300003668,155 674 097,A01,2,7,0,2,1,1,1,0.0
202300003668,155 674 100,B01,3,1,0,2,7,1,5,0.0
202300003669,155 674 093,A01,1,7,0,2,6,1,1,0.0
202300003669,155 674 095,B01,1,7,0,2,3,1,1,0.0
202300003670,155 674 094,A01,1,7,12,2,3,1,1,0.0
202300003670,155 674 096,B01,2,7,0,2,8,1,1,0.0
202300003671,155 674 091,B01,2,17,0,0,6,17,1,0.0
202300003671,155 674 092,A01,2,7,4,2,1,17,1,0.0
202300003672,155 674 089,A01,1,7,0,1,1,26,1,0.0
202300003673,155 674 087,B01,2,10,0,9,0,1,1,0.0
202300003673,155 674 090,A01,3,30,0,2,0,2,1,0.0
202300003674,155 674 086,A01,1,1,-1,2,1,13,5,0.0
202300003674,155 674 088,B01,1,7,0,2,3,1,1,0.0
202300003675,155 674 083,A01,3,7,0,2,2,16,1,0.0
202300003675,155 674 085,B01,3,1,0,2,8,1,5,0.0
202300003676,155 674 081,A01,3,7,0,2,2,15,1,0.0
202300003676,155 674 084,B01,2,31,0,2,1,1,1,0.0
202300003677,155 674 080,A01,1,2,0,2,8,13,1,0.0
202300003677,155 674 082,B01,2,7,0,2,1,1,1,0.0
202300003678,155 674 077,A01,3,31,0,2,1,17,1,0.0
202300003678,155 674 078,D01,3,10,0,2,6,2,0,0.0
202300003678,155 674 079,B01,3,7,0,2,8,20,1,0.0
202300003679,155 674 074,A01,0,7,0,2,3,17,1,0.0
202300003679,155 674 075,B01,0,7,0,2,3,16,1,0.0
202300003680,155 674 072,A01,3,0,0,2,8,3,0,0.0
202300003680,155 674 073,B01,3,33,0,2,7,1,1,0.0
202300003681,155 674 071,A01,1,7,0,1,1,1,1,0.0
202300003682,155 674 070,B01,3,33,0,2,7,19,1,0.0
202300003682,155 674 076,A01,2,7,0,2,2,1,1,0.0
202300003683,155 674 067,A01,1,33,0,2,1,1,1,0.0
202300003683,155 674 068,B01,1,7,0,2,5,23,1,0.0
202300003684,155 674 066,B01,0,7,0,2,6,19,1,0.0
202300003684,155 674 069,A01,0,31,0,2,1,1,1,0.0
202300003685,155 674 062,A01,2,7,0,2,1,13,1,0.0
202300003685,155 674 063,B01,1,7,0,2,1,2,1,0.0
202300003686,155 674 061,A01,2,7,4,0,3,1,1,0.0
202300003687,155 674 064,B01,1,7,0,2,1,17,1,0.0
202300003687,155 674 065,A01,1,7,2,0,6,15,1,0.0
202300003688,155 674 059,A01,0,33,0,0,9,1,1,0.0
202300003689,155 674 060,A01,2,7,0,1,1,1,1,0.0
202300003690,155 674 057,B01,1,1,0,0,0,2,5,0.0
202300003690,155 674 058,A01,1,7,0,2,3,2,0,0.0
202300003691,155 674 055,A01,1,33,0,0,9,1,1,0.0
202300003691,155 674 056,B01,1,33,0,0,9,1,1,0.0
202300003692,155 674 053,A01,3,7,0,2,2,15,1,0.0
202300003692,155 674 054,B01,3,31,0,2,1,1,1,0.0
202300003693,155 674 052,A01,3,7,0,1,2,1,0,0.0
202300003694,155 674 051,A01,1,31,13,0,3,1,1,0.0
202300003695,155 674 049,C01,1,7,0,2,4,1,1,0.0
202300003695,155 674 050,B01,3,2,12,2,1,2,1,0.0
202300003696,155 674 047,A01,3,7,0,0,9,2,1,0.0
202300003697,155 674 044,A01,1,7,0,2,2,1,1,0.0
202300003697,155 674 046,B01,2,1,0,2,1,15,5,0.0
202300003698,155 674 042,B01,1,7,0,0,4,2,1,0.0
202300003698,155 674 045,A01,1,7,0,2,1,1,1,0.0
202300003699,155 674 040,A01,2,31,4,0,8,15,1,0.0
202300003700,155 674 039,A01,2,2,0,2,3,1,1,0.0
202300003700,155 674 043,B01,1,10,0,2,3,20,1,0.0
202300003701,155 674 038,B01,2,7,0,2,3,26,1,0.0
202300003701,155 674 041,A01,2,7,7,2,1,1,1,0.0
202300003702,155 674 032,C01,1,7,0,2,6,2,1,0.0
202300003702,155 674 035,A01,1,7,0,2,3,2,1,0.0
202300003702,155 674 037,B01,1,7,0,2,5,2,1,0.0
202300003703,155 674 033,A01,0,7,13,2,1,1,1,0.0
202300003703,155 674 036,B01,0,10,0,2,1,13,1,0.0
202300003704,155 674 031,A01,1,7,0,2,3,1,1,0.0
202300003704,155 674 034,B01,2,10,0,2,3,13,1,0.0
202300003705,155 674 027,A01,2,7,0,2,1,1,1,0.0
202300003705,155 674 028,B01,1,7,7,2,7,19,1,0.0
202300003706,155 674 024,B01,1,50,0,2,1,13,3,0.0
202300003706,155 674 026,A01,1,7,0,9,7,17,1,0.0
202300003707,155 674 025,A01,2,7,0,2,1,5,1,0.0
202300003707,155 674 029,B01,1,7,0,2,1,1,1,0.0
202300003708,155 674 022,B01,2,7,0,2,1,1,1,0.0
202300003708,155 674 023,A01,1,10,0,2,1,21,1,0.0
202300003709,155 674 019,A01,2,7,0,2,1,1,1,0.0
202300003709,155 674 020,B01,1,7,0,2,7,15,1,0.0
202300003710,155 674 018,A01,1,33,0,2,1,1,1,0.0
202300003710,155 674 021,B01,2,10,0,2,1,15,1,0.0
202300003711,155 674 015,B01,0,7,0,0,4,1,1,0.0
202300003711,155 674 016,C01,0,7,0,2,1,2,1,0.0
202300003711,155 674 017,A01,0,7,0,2,4,2,1,0.0
202300003712,155 674 013,B01,2,7,0,2,4,1,1,0.0
202300003712,155 674 014,A01,2,7,0,2,4,1,1,0.0
202300003713,155 674 012,A01,1,10,10,0,3,13,1,0.0
202300003714,155 674 011,A01,1,7,3,0,3,1,1,0.0
202300003715,155 674 009,A01,0,7,0,2,3,15,1,0.0
202300003715,155 674 010,B01,1,43,0,2,7,6,1,0.0
202300003716,155 674 006,A01,2,7,0,1,1,1,2,0.0
202300003717,155 674 000,A01,1,7,0,2,1,2,1,0.0
202300003717,155 674 003,B01,1,10,0,2,4,2,1,0.0
202300003717,155 674 005,C01,1,7,0,2,4,0,1,0.0
202300003717,155 674 007,D01,1,7,0,2,4,2,1,0.0
202300003717,155 674 008,E01,1,7,0,2,4,2,1,0.0
202300003718,155 674 002,A01,2,7,0,2,2,15,1,0.0
202300003718,155 674 004,B01,1,30,0,2,2,1,1,0.0
202300003719,155 673 998,A01,1,7,0,2,1,2,1,0.0
202300003719,155 673 999,B01,1,7,0,2,4,2,1,0.0
202300003720,155 673 996,B01,2,10,0,2,6,2,1,0.0
202300003720,155 674 001,A01,2,33,0,2,3,3,1,0.0
202300003721,155 673 995,A01,1,7,0,2,2,15,1,0.0
202300003721,155 673 997,B01,1,2,0,2,1,18,1,0.0
202300003722,155 673 990,A01,1,7,0,0,1,2,1,0.0
202300003722,155 673 992,B01,1,7,0,9,1,1,1,0.0
202300003723,155 673 987,C01,1,0,0,2,0,0,0,0.0
202300003723,155 673 989,Z01,1,0,0,2,0,0,0,0.0
202300003723,155 673 991,A01,1,7,0,2,4,0,0,0.0
202300003723,155 673 993,B01,1,10,0,2,4,0,0,0.0
202300003723,155 673 994,D01,1,7,0,2,6,0,0,0.0
202300003724,155 673 982,B01,3,7,0,2,6,1,1,0.0
202300003724,155 673 985,A01,3,10,0,2,1,1,1,0.0
202300003724,155 673 986,C01,3,7,0,2,6,1,1,0.0
202300003725,155 673 980,A01,1,7,0,2,0,0,1,0.0
202300003725,155 673 983,B01,1,33,4,2,0,0,1,0.0
202300003726,155 673 976,B01,3,7,0,2,1,1,1,0.0
202300003726,155 673 978,A01,3,7,0,2,8,16,1,0.0
202300003727,155 673 975,A01,2,7,0,2,3,11,1,0.0
202300003727,155 673 977,B01,2,32,0,2,2,3,1,0.0
202300003728,155 673 979,A01,2,7,0,2,1,13,1,0.0
202300003728,155 673 981,B01,1,7,0,2,1,1,1,0.0
202300003728,155 673 984,C01,1,7,0,2,1,1,1,0.0
202300003729,155 673 972,B01,1,33,0,2,3,1,1,0.0
202300003729,155 673 974,A01,1,37,0,2,3,15,1,1.0
202300003730,155 673 970,A01,2,33,0,2,1,2,1,0.0
202300003730,155 673 973,B01,2,7,0,2,4,2,1,0.0
202300003731,155 673 969,A01,2,7,0,2,3,9,1,0.0
202300003731,155 673 971,B01,1,33,0,2,1,1,0,0.0
202300003732,155 673 965,A01,2,32,0,2,8,3,1,0.0
202300003732,155 673 967,B01,2,7,0,2,7,12,1,0.0
202300003733,155 673 964,B01,2,7,0,2,1,1,1,0.0
202300003733,155 673 968,A01,1,7,9,2,3,1,1,0.0
202300003734,155 673 960,A01,3,7,0,1,2,16,1,0.0
202300003735,155 673 962,B01,3,7,0,2,2,19,1,0.0
202300003735,155 673 966,A01,3,7,0,2,1,1,0,0.0
202300003736,155 673 961,A01,2,7,0,2,1,2,1,0.0
202300003736,155 673 963,B01,1,7,0,2,4,2,1,0.0
202300003737,155 673 958,A01,1,2,0,0,9,0,1,0.0
202300003738,155 673 956,B01,2,7,0,2,1,1,1,0.0
202300003738,155 673 959,A01,2,34,0,2,4,1,1,0.0
202300003739,155 673 955,A01,3,7,0,2,1,15,3,0.0
202300003739,155 673 957,B01,3,1,0,2,8,16,5,0.0
202300003740,155 673 951,A01,1,7,0,2,1,26,1,0.0
202300003740,155 673 953,B01,1,7,0,2,4,0,1,0.0
202300003741,155 673 952,A01,2,7,8,0,1,1,1,0.0
202300003742,155 673 947,A01,1,7,0,2,5,12,1,0.0
202300003742,155 673 949,B01,1,33,0,2,3,2,1,0.0
202300003743,155 673 945,B01,3,30,0,2,1,1,6,0.0
202300003743,155 673 948,A01,3,7,0,2,3,15,6,0.0
202300003744,155 673 944,A01,1,7,0,2,2,13,1,0.0
202300003744,155 673 946,B01,2,7,0,2,3,0,1,0.0
202300003745,155 673 942,A01,1,7,0,2,1,2,1,0.0
202300003745,155 673 943,B01,1,7,0,2,4,2,1,0.0
202300003746,155 673 939,A01,3,7,0,2,7,15,1,0.0
202300003746,155 673 941,B01,1,7,0,2,1,1,1,0.0
202300003747,155 673 937,A01,1,33,0,2,7,1,1,0.0
202300003747,155 673 938,B01,1,7,0,2,8,11,1,0.0
202300003748,155 673 940,A01,1,7,13,0,1,14,1,0.0
202300003749,155 673 932,C01,2,7,0,2,6,1,0,0.0
202300003749,155 673 933,A01,2,15,0,2,3,1,0,0.0
202300003749,155 673 935,B01,2,7,0,2,4,1,0,0.0
202300003749,155 673 936,D01,2,10,0,2,6,1,0,0.0
202300003750,155 673 931,A01,1,7,0,2,4,2,1,0.0
202300003750,155 673 934,B01,1,31,0,2,1,2,1,0.0
202300003751,155 673 926,A01,2,7,0,2,7,15,1,0.0
202300003751,155 673 929,B01,1,7,0,2,1,2,1,0.0
202300003752,155 673 925,B01,3,7,0,2,1,1,1,0.0
202300003752,155 673 928,A01,3,32,0,2,1,26,1,0.0
202300003753,155 673 927,A01,1,7,0,9,1,26,0,0.0
202300003753,155 673 930,B01,2,1,0,2,7,1,5,0.0
202300003754,155 673 921,A01,1,32,0,2,6,13,1,0.0
202300003754,155 673 924,B01,1,7,0,2,6,0,1,0.0
202300003755,155 673 919,B01,3,7,0,0,4,23,1,0.0
202300003755,155 673 922,C01,3,7,0,2,1,23,1,0.0
202300003755,155 673 923,A01,0,7,0,1,3,4,1,0.0
202300003756,155 673 920,A01,1,2,1,0,1,21,1,0.0
202300003757,155 673 914,A01,1,31,0,2,1,3,1,0.0
202300003757,155 673 917,B01,1,10,0,2,5,1,1,0.0
202300003758,155 673 915,A01,2,7,0,2,3,13,1,0.0
202300003758,155 673 918,B01,2,7,0,2,1,1,1,0.0
202300003759,155 673 911,A01,2,32,0,2,8,3,1,0.0
202300003759,155 673 913,B01,2,33,0,2,7,1,1,0.0
202300003760,155 673 910,A01,1,7,0,2,3,24,0,0.0
202300003760,155 673 912,B01,1,33,1,2,1,1,0,0.0
202300003761,155 673 908,A01,1,7,0,2,1,1,1,0.0
202300003761,155 673 916,B01,1,1,0,2,8,1,5,0.0
202300003762,155 673 907,B01,1,33,0,2,1,3,1,0.0
202300003762,155 673 909,A01,1,7,0,2,4,12,1,0.0
202300003763,155 673 906,A01,2,7,0,1,1,0,1,0.0
202300003764,155 673 904,A01,2,33,3,0,1,1,1,0.0
202300003765,155 673 903,B01,3,7,0,2,3,15,1,0.0
202300003765,155 673 905,A01,1,1,0,2,1,1,5,0.0
202300003766,155 673 902,A01,1,7,0,1,0,1,1,0.0
202300003767,155 673 901,A01,1,33,0,0,7,1,1,0.0
202300003768,155 673 898,A01,2,33,0,2,4,1,1,0.0
202300003768,155 673 900,Z01,2,7,0,2,1,2,1,0.0
202300003769,155 673 897,A01,2,7,4,2,1,13,1,0.0
202300003769,155 673 899,B01,2,10,0,2,7,1,1,0.0
202300003770,155 673 895,A01,2,7,0,1,2,1,1,0.0
202300003771,155 673 894,A01,3,7,0,1,3,1,1,0.0
202300003772,155 673 892,A01,2,37,0,0,0,21,1,3.0
202300003773,155 673 893,B01,2,15,0,2,2,1,0,0.0
202300003773,155 673 896,A01,2,7,0,2,3,9,0,0.0
202300003774,155 673 890,A01,3,7,0,2,2,15,1,0.0
202300003774,155 673 891,B01,3,2,0,2,1,1,1,0.0
202300003775,155 673 887,A01,2,7,0,2,1,15,1,0.0
202300003775,155 673 889,B01,1,31,0,2,7,1,1,0.0
202300003776,155 673 886,A01,2,7,0,0,4,17,1,0.0
202300003776,155 673 888,B01,2,33,0,2,1,17,1,0.0
202300003777,155 673 884,A01,1,2,0,2,1,3,1,0.0
202300003777,155 673 885,B01,1,10,0,9,6,23,1,0.0
202300003778,155 673 883,A01,1,7,0,1,6,4,2,0.0
202300003779,155 673 880,A01,3,33,0,2,1,1,1,0.0
202300003779,155 673 881,B01,3,7,0,2,4,23,1,0.0
202300003780,155 673 878,A01,1,7,0,2,2,2,1,0.0
202300003780,155 673 882,B01,1,7,0,0,6,1,1,0.0
202300003781,155 673 875,C01,2,10,0,2,1,2,1,0.0
202300003781,155 673 877,A01,2,7,0,2,4,2,0,0.0
202300003781,155 673 879,B01,2,99,0,2,4,2,1,0.0
202300003782,155 673 874,A01,3,7,0,1,3,2,1,0.0
202300003783,155 673 873,A01,3,7,0,2,3,22,1,0.0
202300003783,155 673 876,B01,2,1,0,2,1,1,5,0.0
202300003784,155 673 872,A01,2,7,4,0,1,1,1,0.0
202300003785,155 673 871,A01,1,32,0,1,8,18,1,0.0
202300003786,155 673 870,A01,3,7,0,0,1,15,1,0.0
202300003787,155 673 866,A01,1,17,0,2,2,16,1,0.0
202300003787,155 673 868,B01,1,1,0,0,0,0,5,0.0
202300003788,155 673 865,A01,2,1,0,2,0,2,5,0.0
202300003788,155 673 869,Z01,2,7,0,2,0,16,0,0.0
202300003789,155 673 863,A01,2,1,0,0,0,5,5,0.0
202300003790,155 673 862,A01,1,7,15,0,1,1,1,0.0
202300003791,155 673 861,A01,2,7,0,2,1,2,1,0.0
202300003791,155 673 864,B01,2,7,0,2,4,1,1,0.0
202300003791,155 673 867,C01,2,7,0,2,1,2,1,0.0
202300003792,155 673 858,A01,2,10,0,2,3,15,1,0.0
202300003792,155 673 860,B01,1,31,0,2,3,1,1,0.0
202300003793,155 673 856,A01,1,7,0,2,1,1,1,0.0
202300003793,155 673 857,B01,1,33,0,2,4,1,1,0.0
202300003794,155 673 852,A01,1,10,0,2,2,15,3,0.0
202300003794,155 673 853,B01,2,31,14,2,6,1,1,0.0
202300003795,155 673 847,A01,2,7,0,2,1,2,1,0.0
202300003795,155 673 849,B01,2,7,0,2,4,1,1,0.0
202300003795,155 673 851,C01,2,7,0,2,4,2,0,0.0
202300003796,155 673 845,A01,1,7,0,2,8,22,1,0.0
202300003796,155 673 848,B01,1,2,0,2,1,17,1,0.0
202300003797,155 673 846,A01,2,7,0,2,4,2,1,0.0
202300003797,155 673 850,B01,2,10,0,2,1,2,1,0.0
202300003798,155 673 843,A01,1,80,0,1,1,1,3,0.0
202300003799,155 673 841,B01,2,1,0,2,1,5,5,0.0
202300003799,155 673 844,A01,1,7,0,9,2,1,1,0.0
202300003800,155 673 839,A01,2,1,0,1,1,1,5,0.0
202300003801,155 673 837,D01,2,7,0,2,4,1,1,0.0
202300003801,155 673 838,C01,2,7,0,2,3,1,1,0.0
202300003801,155 673 840,A01,1,7,0,2,1,13,1,0.0
202300003801,155 673 842,B01,2,10,0,2,5,1,1,0.0
202300003802,155 673 836,A01,1,30,0,0,7,1,1,0.0
202300003803,155 673 834,A01,2,1,0,2,3,1,5,0.0
202300003803,155 673 835,Z01,1,31,0,2,2,1,0,0.0
202300003804,155 673 832,A01,2,7,2,0,2,1,1,0.0
202300003805,155 673 831,B01,1,10,0,0,6,23,0,0.0
202300003805,155 673 833,A01,1,7,1,2,2,14,0,0.0
202300003806,155 673 828,B01,1,7,0,2,1,0,0,0.0
202300003806,155 673 830,A01,2,10,0,2,3,13,0,0.0
202300003807,155 673 826,A01,1,7,0,2,2,15,1,0.0
202300003807,155 673 829,B01,2,33,0,2,1,1,1,0.0
202300003808,155 673 825,B01,2,17,0,2,1,1,1,0.0
202300003808,155 673 827,A01,2,7,0,2,7,12,1,0.0
202300003809,155 673 823,A01,3,7,0,2,3,22,1,0.0
202300003809,155 673 824,B01,0,1,1,0,1,2,5,0.0
202300003810,155 673 820,A01,2,7,0,2,1,2,0,0.0
202300003810,155 673 822,B01,2,43,0,2,4,2,1,0.0
202300003811,155 673 818,A01,0,10,0,1,1,5,0,0.0
202300003812,155 673 819,B01,1,7,4,2,5,1,1,0.0
202300003812,155 673 821,A01,1,7,4,2,1,1,1,0.0
202300003813,155 673 817,A01,2,7,0,1,1,11,1,0.0
202300003814,155 673 816,A01,3,1,1,0,0,1,5,0.0
202300003815,155 673 815,A01,1,7,4,0,1,1,1,0.0
202300003816,155 673 813,A01,2,1,1,0,1,26,5,0.0
202300003817,155 673 812,B01,0,7,0,9,2,23,1,0.0
202300003817,155 673 814,A01,0,7,0,9,2,13,1,0.0
202300003818,155 673 809,A01,3,7,0,1,1,0,0,0.0
202300003819,155 673 808,B01,1,33,0,2,7,0,1,0.0
202300003819,155 673 810,C01,1,7,0,2,4,1,1,0.0
202300003819,155 673 811,A01,1,7,0,2,3,13,2,0.0
202300003820,155 673 807,A01,0,7,0,1,1,1,1,0.0
202300003821,155 673 804,A01,2,7,0,2,3,15,1,0.0
202300003821,155 673 806,B01,1,1,0,2,3,19,5,0.0
202300003822,155 673 802,A01,1,7,0,1,1,1,1,0.0
202300003823,155 673 800,A01,2,34,1,0,0,14,1,0.0
202300003824,155 673 801,A01,1,33,0,2,1,26,1,0.0
202300003824,155 673 803,B01,1,7,0,2,2,1,1,0.0
202300003824,155 673 805,C01,1,7,0,2,5,1,1,0.0
202300003825,155 673 797,A01,0,7,0,2,3,13,1,0.0
202300003825,155 673 799,B01,0,7,0,2,6,0,1,0.0