num_acc,id_vehicule,num_veh,senc,catv,obs,obsm,choc,manv,motor,occutc
202300003826,155 673 795,B01,1,32,0,2,1,2,1,0.0
202300003826,155 673 798,A01,1,7,0,2,3,15,1,0.0
202300003827,155 673 793,A01,1,7,4,2,3,1,1,0.0
202300003827,155 673 794,B01,1,7,0,2,8,1,1,0.0
202300003827,155 673 796,C01,1,17,0,2,1,1,1,0.0
202300003828,155 673 790,A01,1,33,0,2,1,1,1,0.0
202300003828,155 673 792,B01,1,7,0,2,6,23,1,0.0
202300003829,155 673 787,A01,1,17,3,2,3,1,1,0.0
202300003829,155 673 788,B01,1,7,3,2,1,1,1,0.0
202300003830,155 673 789,A01,2,7,0,2,3,20,1,0.0
202300003830,155 673 791,B01,2,33,0,2,2,13,1,0.0
202300003831,155 673 786,A01,0,30,0,0,1,14,1,0.0
202300003832,155 673 785,A01,2,7,0,2,1,21,1,0.0
202300003833,155 673 784,A01,1,7,0,1,1,2,1,0.0
202300003834,155 673 780,A01,0,31,12,2,1,13,1,0.0
202300003834,155 673 781,B01,0,7,0,2,5,23,1,0.0
202300003835,155 673 779,B01,2,7,0,2,2,21,1,0.0
202300003835,155 673 782,C01,2,7,0,2,3,1,1,0.0
202300003835,155 673 783,A01,2,7,0,2,4,1,1,0.0
202300003836,155 673 778,A01,0,50,0,1,1,26,3,0.0
202300003837,155 673 775,A01,2,14,0,2,1,2,1,0.0
202300003837,155 673 776,B01,2,7,0,2,4,2,1,0.0
202300003837,155 673 777,C01,2,15,0,2,4,2,1,0.0
202300003838,155 673 773,A01,0,34,8,0,1,17,6,0.0
202300003838,155 673 774,B01,2,99,0,0,2,16,0,0.0
202300003839,155 673 769,A01,1,10,0,2,2,20,1,0.0
202300003839,155 673 771,B01,1,2,0,2,1,18,1,0.0
202300003840,155 673 765,A01,1,7,0,9,2,16,1,0.0
202300003840,155 673 766,B01,1,50,0,2,3,18,3,0.0
202300003841,155 673 764,A01,2,7,0,2,1,2,1,0.0
202300003841,155 673 767,B01,2,7,0,2,4,2,1,0.0
202300003841,155 673 768,C01,2,7,0,2,4,2,1,0.0
202300003841,155 673 770,D01,2,7,0,2,4,2,0,0.0
202300003841,155 673 772,E01,2,7,0,2,4,2,1,0.0
202300003842,155 673 762,B01,2,1,0,2,1,1,5,0.0
202300003842,155 673 763,A01,2,7,2,0,5,16,1,0.0
202300003843,155 673 761,A01,1,7,4,0,1,0,1,0.0
202300003844,155 673 759,A01,1,7,4,2,3,17,1,0.0
202300003844,155 673 760,B01,1,10,0,0,0,0,0,0.0
202300003845,155 673 758,A01,1,7,4,0,1,26,1,0.0
202300003846,155 673 757,A01,3,1,0,0,0,15,5,0.0
202300003847,155 673 755,A01,1,7,0,2,1,1,1,0.0
202300003847,155 673 756,B01,1,7,3,2,3,1,1,0.0
202300003848,155 673 753,A01,1,37,0,2,7,0,1,3.0
202300003848,155 673 754,B01,3,37,0,2,3,0,1,1.0
202300003849,155 673 752,A01,2,7,4,9,8,26,0,0.0
202300003850,155 673 750,A01,1,7,0,2,2,20,1,0.0
202300003850,155 673 751,B01,1,50,0,2,3,0,3,0.0
202300003851,155 673 748,B01,1,10,0,2,1,2,1,0.0
202300003851,155 673 749,A01,1,7,0,2,4,23,1,0.0
202300003852,155 673 746,A01,1,7,2,2,7,1,1,0.0
202300003852,155 673 747,B01,2,34,2,2,1,1,1,0.0
202300003853,155 673 745,A01,1,7,4,0,1,16,1,0.0
202300003854,155 673 744,A01,1,10,0,1,2,21,1,0.0
202300003855,155 673 742,A01,2,7,0,2,1,2,1,0.0
202300003855,155 673 743,B01,2,7,0,2,4,23,1,0.0
202300003856,155 673 740,A01,1,7,0,2,7,14,1,0.0
202300003856,155 673 741,B01,1,2,0,2,8,1,1,0.0
202300003857,155 673 739,A01,1,7,4,0,1,2,1,0.0
202300003858,155 673 737,B01,2,2,0,2,3,1,2,0.0
202300003858,155 673 738,A01,2,7,0,2,2,17,1,0.0
202300003859,155 673 733,A01,1,7,0,2,4,2,2,0.0
202300003859,155 673 735,B01,1,37,0,2,1,2,1,1.0
202300003860,155 673 734,B01,2,33,0,2,3,11,1,0.0
202300003860,155 673 736,A01,2,7,0,2,7,12,1,0.0
202300003861,155 673 731,A01,2,7,0,1,1,1,1,0.0
202300003862,155 673 730,B01,1,10,0,2,4,1,1,0.0
202300003862,155 673 732,A01,1,31,0,2,1,1,1,0.0
202300003863,155 673 729,A01,3,36,0,0,9,1,1,0.0
202300003864,155 673 726,B01,1,7,0,0,4,23,1,0.0
202300003864,155 673 728,A01,1,2,1,0,1,1,1,0.0
202300003865,155 673 723,B01,1,33,0,0,0,21,1,0.0
202300003865,155 673 724,C01,1,33,0,0,4,1,1,0.0
202300003865,155 673 725,D01,1,7,0,0,0,1,1,0.0
202300003865,155 673 727,A01,1,33,3,0,8,21,1,0.0
202300003866,155 673 721,A01,2,7,0,9,1,1,1,0.0
202300003866,155 673 722,B01,2,60,0,2,7,19,5,0.0
202300003867,155 673 720,A01,1,99,4,0,8,1,1,0.0
202300003868,155 673 718,A01,1,7,4,0,8,13,0,0.0
202300003869,155 673 716,A01,1,7,13,0,9,1,1,0.0
202300003870,155 673 712,A01,2,7,0,2,8,11,1,0.0
202300003870,155 673 713,B01,2,33,3,2,7,17,1,0.0
202300003871,155 673 711,B01,2,33,0,2,1,1,1,0.0
202300003871,155 673 714,A01,1,7,0,2,2,15,1,0.0
202300003871,155 673 715,C01,1,7,0,2,2,23,1,0.0
202300003871,155 673 717,D01,1,7,0,2,1,23,1,0.0
202300003871,155 673 719,E01,1,7,0,2,6,23,1,0.0
202300003872,155 673 708,A01,2,7,0,2,5,15,6,0.0
202300003872,155 673 710,B01,1,33,0,2,1,1,1,0.0
202300003873,155 673 707,A01,1,33,0,2,1,1,1,0.0
202300003873,155 673 709,B01,2,21,0,2,3,1,1,0.0
202300003874,155 673 705,A01,2,7,0,0,2,17,1,0.0
202300003874,155 673 706,B01,2,2,0,0,4,13,1,0.0
202300003875,155 673 703,A01,1,10,0,2,1,16,1,0.0
202300003875,155 673 704,B01,1,80,0,2,8,1,3,0.0
202300003876,155 673 702,A01,1,7,16,0,9,5,1,0.0
202300003877,155 673 701,A01,1,7,16,0,3,1,1,0.0
202300003878,155 673 700,B01,0,0,0,1,0,0,0,0.0
202300003879,155 673 699,A01,2,33,0,0,9,1,1,0.0
202300003880,155 673 697,A01,3,7,0,2,1,15,1,0.0
202300003880,155 673 698,B01,3,31,0,2,8,1,1,0.0
202300003881,155 673 694,A01,2,7,13,0,1,1,1,0.0
202300003882,155 673 695,A01,2,7,0,2,3,15,1,0.0
202300003882,155 673 696,B01,2,33,0,2,3,16,1,0.0
202300003883,155 673 692,B01,3,1,0,0,1,17,5,0.0
202300003883,155 673 693,A01,3,1,0,0,1,1,5,0.0
202300003884,155 673 690,A01,2,1,0,2,1,1,5,0.0
202300003884,155 673 691,B01,1,1,0,2,1,5,5,0.0
202300003885,155 673 687,A01,2,7,0,2,5,1,1,0.0
202300003885,155 673 688,C01,1,7,0,2,3,0,1,0.0
202300003885,155 673 689,B01,1,37,0,2,2,2,1,2.0
202300003886,155 673 685,A01,2,14,0,2,2,1,1,0.0
202300003886,155 673 686,B01,2,7,0,2,6,13,1,0.0
202300003887,155 673 684,A01,3,7,1,1,4,4,1,0.0
202300003888,155 673 682,A01,1,1,0,2,0,0,5,0.0
202300003888,155 673 683,B01,2,99,0,2,0,0,0,0.0
202300003889,155 673 680,B01,1,2,0,2,5,1,1,0.0
202300003889,155 673 681,A01,2,7,0,2,3,1,1,0.0
202300003890,155 673 678,B01,2,0,0,2,0,0,-1,0.0
202300003890,155 673 679,A01,2,1,0,0,4,0,5,0.0
202300003891,155 673 676,B01,2,7,0,2,3,10,1,0.0
202300003891,155 673 677,A01,1,33,0,2,3,1,1,0.0
202300003892,155 673 674,B01,1,33,0,2,7,17,1,0.0
202300003892,155 673 675,A01,1,7,0,2,3,15,1,0.0
202300003893,155 673 672,B01,2,1,1,0,1,1,5,0.0
202300003893,155 673 673,A01,2,7,0,2,3,22,1,0.0
202300003894,155 673 670,A01,1,33,0,2,1,21,1,0.0
202300003894,155 673 671,B01,2,1,0,2,1,1,5,0.0
202300003895,155 673 668,B01,1,7,1,0,6,23,2,0.0
202300003895,155 673 669,A01,1,13,0,0,0,0,1,0.0
202300003896,155 673 667,A01,2,37,0,1,1,15,1,1.0
202300003897,155 673 665,B01,2,50,0,2,1,1,3,0.0
202300003897,155 673 666,A01,3,10,0,2,2,16,0,0.0
202300003898,155 673 663,B01,1,50,0,2,1,1,3,0.0
202300003898,155 673 664,A01,2,7,0,2,1,10,1,0.0
202300003899,155 673 661,B01,1,33,0,2,2,15,1,0.0
202300003899,155 673 662,A01,1,10,0,2,8,15,1,0.0
202300003900,155 673 659,A01,1,7,0,2,7,15,1,0.0
202300003900,155 673 660,B01,2,7,0,2,1,1,1,0.0
202300003901,155 673 657,B01,1,1,0,2,1,1,5,0.0
202300003901,155 673 658,A01,3,7,0,0,3,15,1,0.0
202300003902,155 673 655,A01,1,7,0,2,1,15,1,0.0
202300003902,155 673 656,B01,2,33,0,2,7,1,1,0.0
202300003903,155 673 654,A01,2,7,16,0,0,0,1,0.0
202300003904,155 673 652,A01,1,7,3,2,2,0,1,0.0
202300003904,155 673 653,B01,1,7,4,2,6,1,1,0.0
202300003905,155 673 650,A01,1,1,1,0,1,1,5,0.0
202300003905,155 673 651,B01,1,10,0,0,4,26,1,0.0
202300003906,155 673 648,A01,2,7,0,2,1,9,1,0.0
202300003906,155 673 649,B01,2,33,0,0,7,1,1,0.0
202300003907,155 673 647,A01,1,32,7,0,1,6,1,0.0
202300003908,155 673 645,A01,0,10,0,9,2,1,1,0.0
202300003908,155 673 646,B01,0,1,0,2,4,19,5,0.0
202300003909,155 673 643,A01,2,30,0,0,1,1,1,0.0
202300003909,155 673 644,B01,2,14,0,0,0,2,0,0.0
202300003910,155 673 641,A01,2,7,0,2,3,1,0,0.0
202300003910,155 673 642,B01,1,7,0,2,3,1,0,0.0
202300003911,155 673 640,A01,3,7,0,1,1,0,1,0.0
202300003912,155 673 638,B01,1,34,0,1,7,23,1,0.0
202300003912,155 673 639,A01,1,7,1,2,3,1,1,0.0
202300003913,155 673 636,A01,1,7,0,2,3,0,1,0.0
202300003913,155 673 637,B01,2,7,0,2,3,1,1,0.0
202300003914,155 673 635,A01,2,7,12,0,2,2,1,0.0
202300003915,155 673 634,A01,2,33,0,1,1,3,1,0.0
202300003916,155 673 632,B01,1,21,0,2,3,1,1,0.0
202300003916,155 673 633,A01,2,7,0,2,1,13,1,0.0
202300003917,155 673 630,A01,2,7,2,0,2,21,1,0.0
202300003918,155 673 631,A01,3,2,13,0,0,16,1,0.0
202300003919,155 673 627,A01,2,7,0,2,3,1,1,0.0
202300003919,155 673 629,B01,2,7,0,2,1,13,1,0.0
202300003920,155 673 625,A01,3,36,8,0,3,26,6,0.0
202300003921,155 673 626,A01,1,7,0,2,2,15,1,0.0
202300003921,155 673 628,B01,2,1,0,2,8,1,5,0.0
202300003922,155 673 623,A01,1,7,0,2,7,13,1,0.0
202300003922,155 673 624,B01,2,7,0,0,1,1,1,0.0
202300003923,155 673 622,A01,1,1,0,0,0,1,5,0.0
202300003924,155 673 621,A01,2,7,13,0,1,1,1,0.0
202300003925,155 673 620,A01,1,7,0,1,1,1,1,0.0
202300003926,155 673 619,A01,2,3,1,0,1,14,1,0.0
202300003927,155 673 617,A01,2,1,0,0,0,16,5,0.0
202300003928,155 673 614,B01,2,7,1,0,1,20,1,0.0
202300003928,155 673 615,A01,1,7,0,1,4,24,1,0.0
202300003929,155 673 612,A01,2,14,0,1,2,1,1,0.0
202300003930,155 673 611,A01,1,7,0,0,8,11,1,0.0
202300003930,155 673 613,B01,1,33,0,0,1,2,1,0.0
202300003931,155 673 609,B01,1,31,0,2,1,1,1,0.0
202300003931,155 673 610,A01,1,7,0,2,8,9,1,0.0
202300003932,155 673 608,A01,3,33,0,0,0,1,1,0.0
202300003933,155 673 606,B01,1,7,0,2,1,1,1,0.0
202300003933,155 673 607,A01,2,7,0,2,1,23,1,0.0
202300003934,155 673 604,A01,1,7,13,0,2,1,1,0.0
202300003935,155 673 603,A01,2,7,0,2,3,15,1,0.0
202300003935,155 673 605,B01,1,2,0,2,1,1,1,0.0
202300003936,155 673 602,A01,0,33,1,0,0,0,1,0.0
202300003937,155 673 601,A01,2,33,15,0,0,1,1,0.0
202300003938,155 673 599,B01,1,7,0,2,1,1,0,0.0
202300003938,155 673 600,A01,2,7,0,2,1,13,0,0.0
202300003939,155 673 597,A01,1,7,1,0,1,13,1,0.0
202300003940,155 673 596,A01,1,33,0,2,8,2,1,0.0
202300003940,155 673 598,B01,1,21,0,0,6,2,1,0.0
202300003941,155 673 594,B01,2,10,0,2,2,19,1,0.0
202300003941,155 673 595,A01,1,7,0,2,3,13,1,0.0
202300003942,155 673 593,A01,1,33,5,0,2,1,1,0.0
202300003943,155 673 592,A01,1,7,6,6,1,0,0,0.0
202300003944,155 673 590,B01,2,33,0,0,7,21,1,0.0
202300003944,155 673 591,A01,2,33,0,2,1,17,1,0.0
202300003945,155 673 589,A01,2,7,13,0,1,15,1,0.0
202300003946,155 673 585,A01,1,7,0,2,2,1,1,0.0
202300003946,155 673 586,B01,1,3,0,2,4,1,1,0.0
202300003947,155 673 584,A01,2,7,0,1,2,1,1,0.0
202300003948,155 673 583,A01,3,1,8,0,1,14,5,0.0
202300003949,155 673 581,B01,1,2,0,2,8,10,1,0.0
202300003949,155 673 582,A01,1,7,0,2,1,17,1,0.0
202300003950,155 673 580,A01,2,7,1,0,1,0,1,0.0
202300003951,155 673 579,A01,1,7,0,0,1,1,1,0.0
202300003952,155 673 578,A01,3,7,0,1,3,1,1,0.0
202300003953,155 673 577,A01,2,33,8,0,8,1,1,0.0
202300003954,155 673 574,A01,2,2,6,0,7,21,1,0.0
202300003954,155 673 575,B01,1,7,0,0,8,23,1,0.0
202300003955,155 673 573,B01,1,7,0,2,1,1,1,0.0
202300003955,155 673 576,A01,2,7,0,2,1,13,1,0.0
202300003956,155 673 572,A01,3,7,13,0,1,1,1,0.0
202300003957,155 673 569,B01,2,33,0,2,4,1,1,0.0
202300003957,155 673 571,A01,2,7,0,2,1,1,1,0.0
202300003958,155 673 568,A01,0,7,0,2,3,13,0,0.0
202300003958,155 673 570,B01,0,33,0,2,1,1,0,0.0
202300003959,155 673 566,B01,1,7,0,0,2,1,1,0.0
202300003959,155 673 567,A01,2,7,0,0,2,13,1,0.0
202300003960,155 673 562,B01,2,7,0,2,8,2,1,0.0
202300003960,155 673 564,A01,2,33,7,2,7,17,1,0.0
202300003961,155 673 563,A01,1,7,0,2,3,1,1,0.0
202300003961,155 673 565,B01,2,10,11,2,3,6,1,0.0
202300003962,155 673 560,B01,2,33,0,2,8,1,0,0.0
202300003962,155 673 561,A01,1,7,0,2,3,13,0,0.0
202300003963,155 673 559,A01,2,2,0,0,0,1,1,0.0
202300003964,155 673 558,A01,1,7,13,0,1,1,1,0.0
202300003965,155 673 553,A01,1,10,0,0,0,1,1,0.0
202300003965,155 673 555,B01,1,7,0,9,1,1,1,0.0
202300003965,155 673 556,C01,1,7,0,2,2,1,0,0.0
202300003966,155 673 554,A01,2,33,0,2,3,13,6,0.0
202300003966,155 673 557,B01,2,7,0,0,5,2,6,0.0
202300003967,155 673 552,A01,2,43,13,0,1,26,1,0.0
202300003968,155 673 550,A01,2,7,0,2,3,9,0,0.0
202300003968,155 673 551,B01,2,2,0,2,1,18,1,0.0
202300003969,155 673 548,A01,1,7,0,2,3,13,0,0.0
202300003969,155 673 549,B01,2,7,0,2,3,1,0,0.0
202300003970,155 673 545,B01,1,10,0,0,4,2,1,0.0
202300003970,155 673 547,A01,1,7,0,2,1,2,1,0.0
202300003971,155 673 544,A01,1,7,0,2,1,1,1,0.0
202300003971,155 673 546,B01,2,7,0,2,2,13,1,0.0
202300003972,155 673 543,A01,1,32,0,0,7,2,1,0.0
202300003973,155 673 541,A01,1,7,0,2,4,9,1,0.0
202300003973,155 673 542,B01,1,7,0,2,1,16,1,0.0
202300003974,155 673 536,A01,1,7,4,2,3,15,1,0.0
202300003974,155 673 537,B01,1,7,0,2,1,1,1,0.0
202300003975,155 673 533,A01,2,7,0,2,3,13,1,0.0
202300003975,155 673 534,B01,1,7,0,2,1,1,1,0.0
202300003975,155 673 535,C01,1,7,0,2,1,1,1,0.0
202300003976,155 673 532,A01,2,33,13,0,1,1,1,0.0
202300003977,155 673 530,A01,1,7,0,2,1,2,1,0.0
202300003977,155 673 531,B01,1,15,0,2,4,2,1,0.0
202300003978,155 673 525,A01,3,31,0,2,2,17,1,0.0
202300003978,155 673 527,B01,3,7,0,2,3,15,1,0.0
202300003979,155 673 526,C01,2,7,0,2,6,23,1,0.0
202300003979,155 673 528,B01,1,33,0,2,3,1,1,0.0
202300003979,155 673 529,A01,2,7,0,2,3,21,1,0.0
202300003980,155 673 522,C01,1,33,2,2,1,1,1,0.0
202300003980,155 673 523,B01,1,34,0,2,1,1,1,0.0
202300003980,155 673 524,A01,2,33,0,2,0,14,1,0.0
202300003981,155 673 519,A01,1,7,3,2,6,13,1,0.0
202300003981,155 673 520,B01,1,7,0,2,1,1,1,0.0
202300003982,155 673 518,A01,2,7,0,0,3,19,1,0.0
202300003982,155 673 521,B01,2,33,0,2,1,1,1,0.0
202300003983,155 673 515,B01,3,10,8,2,2,1,1,0.0
202300003983,155 673 517,A01,1,7,0,2,1,1,1,0.0
202300003984,155 673 516,A01,2,33,13,0,7,1,1,0.0
202300003985,155 673 513,B01,1,7,3,0,3,1,0,0.0
202300003985,155 673 514,A01,2,7,0,0,3,13,0,0.0
202300003986,155 673 509,A01,1,7,0,9,3,9,1,0.0
202300003986,155 673 511,B01,1,1,0,0,7,1,5,0.0
202300003987,155 673 510,A01,2,7,0,2,1,15,1,0.0
202300003987,155 673 512,B01,1,7,0,2,3,1,1,0.0
202300003988,155 673 508,A01,3,7,13,0,3,1,1,0.0
202300003989,155 673 504,B01,2,13,0,0,0,2,1,0.0
202300003989,155 673 506,A01,2,7,6,0,1,21,1,0.0
202300003990,155 673 505,B01,1,34,0,2,7,17,1,0.0
202300003990,155 673 507,A01,1,7,0,2,3,10,1,0.0
202300003991,155 673 503,A01,3,31,0,0,7,1,1,0.0
202300003992,155 673 499,B01,1,7,0,2,1,1,1,0.0
202300003992,155 673 500,A01,2,7,0,2,2,1,1,0.0
202300003993,155 673 501,B01,2,7,0,2,3,15,1,0.0
202300003993,155 673 502,A01,2,33,0,2,1,17,1,0.0
202300003994,155 673 497,Z01,2,0,0,2,1,1,0,0.0
202300003994,155 673 498,A01,2,7,0,2,4,1,1,0.0
202300003995,155 673 491,A01,1,7,0,2,1,2,1,0.0
202300003995,155 673 492,B01,1,7,0,2,4,1,1,0.0
202300003995,155 673 494,C01,1,7,0,2,4,1,1,0.0
202300003996,155 673 488,A01,2,2,0,2,1,1,1,0.0
202300003996,155 673 490,B01,1,10,0,2,2,19,1,0.0
202300003997,155 673 487,B01,2,7,0,2,8,1,1,0.0
202300003997,155 673 489,A01,2,7,0,2,2,12,1,0.0
202300003998,155 673 485,A01,1,7,0,2,4,1,1,0.0
202300003998,155 673 486,B01,1,7,0,2,1,1,1,0.0
202300003999,155 673 483,A01,2,7,0,2,7,10,1,0.0
202300003999,155 673 484,B01,1,2,0,2,1,1,1,0.0
202300004000,155 673 480,C01,1,7,0,2,8,1,1,0.0
202300004000,155 673 481,B01,1,7,0,2,1,2,1,0.0
202300004000,155 673 482,A01,1,7,0,2,1,2,1,0.0
202300004001,155 673 479,A01,3,7,0,0,9,0,0,0.0
202300004002,155 673 478,A01,2,7,13,0,1,12,1,0.0
202300004003,155 673 473,C01,1,7,0,2,1,1,0,0.0
202300004003,155 673 475,B01,1,7,0,2,6,0,0,0.0
202300004003,155 673 476,A01,1,7,0,2,4,1,0,0.0
202300004004,155 673 474,B01,2,15,0,2,2,1,0,0.0
202300004004,155 673 477,A01,3,7,0,2,7,19,1,0.0
202300004005,155 673 471,A01,1,7,0,2,2,14,1,0.0
202300004005,155 673 472,B01,1,33,0,2,4,2,1,0.0
202300004006,155 673 467,A01,2,7,0,2,8,11,1,0.0
202300004006,155 673 468,B01,2,7,0,2,7,2,1,0.0
202300004006,155 673 469,C01,2,7,0,2,4,2,2,0.0
202300004006,155 673 470,D01,2,7,0,2,6,2,1,0.0
202300004007,155 673 465,A01,1,10,6,1,2,1,1,0.0
202300004008,155 673 464,B01,2,10,0,2,8,9,1,0.0
202300004008,155 673 466,A01,2,38,0,2,2,1,1,12.0
202300004009,155 673 463,Z01,3,7,8,0,1,13,1,0.0
202300004010,155 673 461,B01,2,7,0,2,2,12,1,0.0
202300004010,155 673 462,A01,2,32,0,2,8,1,1,0.0
202300004011,155 673 460,A01,1,7,0,1,3,1,1,0.0
202300004012,155 673 458,A01,1,7,0,2,4,11,1,0.0
202300004012,155 673 459,B01,1,33,0,2,1,1,0,0.0
202300004013,155 673 455,B01,3,7,0,2,3,2,1,0.0
202300004013,155 673 457,A01,3,31,0,2,2,17,1,0.0
202300004014,155 673 454,B01,1,7,0,2,5,12,0,0.0
202300004014,155 673 456,A01,1,31,0,2,1,26,0,0.0
202300004015,155 673 451,A01,1,7,0,2,4,2,1,0.0
202300004015,155 673 452,C01,3,10,0,2,1,2,1,0.0
202300004015,155 673 453,B01,3,7,0,2,1,2,1,0.0
202300004016,155 673 448,A01,2,7,0,2,2,12,1,0.0
202300004016,155 673 450,B01,2,33,0,2,8,3,1,0.0
202300004017,155 673 447,A01,2,10,0,2,2,10,1,0.0
202300004017,155 673 449,B01,2,33,0,2,8,1,1,0.0
202300004018,155 673 443,Z01,3,7,8,2,1,2,2,0.0
202300004018,155 673 444,B01,1,7,0,2,4,2,1,0.0
202300004019,155 673 445,A01,1,7,0,2,1,2,1,0.0
202300004019,155 673 446,B01,1,7,0,2,4,2,1,0.0
202300004020,155 673 440,A01,2,7,0,2,8,22,1,0.0
202300004020,155 673 442,B01,2,30,0,2,1,17,1,0.0
202300004021,155 673 439,A01,2,50,14,0,2,25,3,0.0
202300004022,155 673 436,A01,2,32,0,0,3,1,1,0.0
202300004023,155 673 437,B01,2,15,0,2,2,12,1,0.0
202300004023,155 673 438,A01,2,7,0,2,8,2,1,0.0
202300004024,155 673 433,A01,1,2,0,2,3,18,3,0.0
202300004024,155 673 434,B01,1,7,0,2,7,20,1,0.0
202300004025,155 673 432,B01,2,10,0,2,4,1,1,0.0
202300004025,155 673 435,A01,2,7,0,2,1,1,1,0.0
202300004026,155 673 429,B01,2,7,1,0,3,15,1,0.0
202300004026,155 673 431,A01,1,33,1,2,1,1,1,0.0
202300004027,155 673 428,A01,1,33,0,2,1,2,1,0.0
202300004027,155 673 430,B01,1,7,0,2,4,2,2,0.0
202300004028,155 673 424,C01,0,7,0,0,4,15,1,0.0
202300004028,155 673 426,A01,0,10,0,0,1,1,1,0.0
202300004028,155 673 427,B01,0,33,0,0,4,23,1,0.0
202300004029,155 673 421,A01,2,7,0,2,1,1,1,0.0
202300004029,155 673 422,B01,2,7,0,2,4,10,0,0.0
202300004030,155 673 423,A01,1,7,0,2,4,2,1,0.0
202300004030,155 673 425,B01,1,7,0,2,1,2,1,0.0
202300004031,155 673 419,B01,1,30,0,2,7,1,0,0.0
202300004031,155 673 420,A01,2,7,0,2,3,16,1,0.0
202300004032,155 673 418,A01,1,7,16,0,0,1,1,0.0
202300004033,155 673 416,A01,1,7,0,2,1,2,0,0.0
202300004033,155 673 417,B01,1,7,0,0,4,2,0,0.0
202300004034,155 673 414,A01,3,7,4,0,2,14,1,0.0
202300004035,155 673 413,A01,0,7,0,2,6,2,0,0.0
202300004035,155 673 415,B01,3,1,0,2,0,0,5,0.0
202300004036,155 673 410,A01,3,7,0,2,1,13,1,0.0
202300004036,155 673 411,B01,3,7,0,2,1,1,1,0.0
202300004037,155 673 412,A01,1,2,0,0,8,1,1,0.0
202300004038,155 673 407,A01,2,10,0,2,8,20,1,0.0
202300004038,155 673 409,B01,2,31,1,2,7,1,1,0.0
202300004039,155 673 408,A01,2,50,8,0,1,25,3,0.0
202300004040,155 673 403,B01,1,7,0,2,1,1,2,0.0
202300004040,155 673 404,A01,1,7,0,2,4,23,1,0.0
202300004041,155 673 401,A01,1,50,8,0,0,1,3,0.0
202300004042,155 673 402,B01,1,33,0,2,3,1,1,0.0
202300004042,155 673 405,A01,1,7,0,2,7,1,1,0.0
202300004043,155 673 399,B01,3,34,0,2,1,1,1,0.0
202300004043,155 673 400,A01,3,7,0,2,2,15,1,0.0
202300004044,155 673 396,A01,2,80,0,2,1,15,3,0.0
202300004044,155 673 398,B01,1,10,0,2,1,16,1,0.0
202300004045,155 673 394,A01,2,31,0,2,1,0,0,0.0
202300004045,155 673 397,B01,3,10,0,2,2,0,0,0.0
202300004046,155 673 393,A01,2,7,0,2,3,13,1,0.0
202300004046,155 673 395,B01,1,7,0,2,6,1,1,0.0
202300004047,155 673 389,A01,1,7,0,2,0,11,1,0.0
202300004047,155 673 391,B01,1,34,15,0,8,19,1,0.0
202300004048,155 673 390,B01,1,33,0,2,1,1,1,0.0
202300004048,155 673 392,A01,2,7,0,2,2,15,1,0.0
202300004049,155 673 388,A01,3,7,0,1,3,1,1,0.0
202300004050,155 673 383,A01,2,7,6,2,6,1,1,0.0
202300004050,155 673 387,B01,2,7,0,2,2,19,1,0.0
202300004051,155 673 384,B01,1,7,0,2,4,1,1,0.0
202300004051,155 673 386,A01,1,10,0,2,1,1,1,0.0
202300004052,155 673 382,A01,1,7,3,2,1,17,1,0.0
202300004052,155 673 385,B01,1,10,0,2,8,1,1,0.0
202300004053,155 673 380,A01,1,7,0,1,3,2,1,0.0
202300004054,155 673 379,A01,2,7,3,0,8,1,1,0.0
202300004055,155 673 378,A01,1,7,13,9,1,14,1,0.0
202300004056,155 673 377,A01,2,10,0,1,2,1,1,0.0
202300004057,155 673 376,A01,1,17,3,0,3,1,1,0.0
202300004058,155 673 374,A01,2,2,0,2,8,1,1,0.0
202300004058,155 673 375,B01,1,7,0,2,1,19,1,0.0
202300004059,155 673 372,A01,1,7,0,0,9,1,1,0.0
202300004060,155 673 371,A01,0,7,2,0,8,1,1,0.0
202300004061,155 673 368,B01,1,10,0,2,1,1,1,0.0
202300004061,155 673 370,A01,1,7,1,0,2,1,1,0.0
202300004062,155 673 369,A01,1,33,3,0,0,0,1,0.0
202300004063,155 673 366,B01,2,7,0,0,4,0,1,0.0
202300004063,155 673 367,A01,2,7,0,2,1,2,1,0.0
202300004064,155 673 363,A01,2,7,15,0,1,0,1,0.0
202300004065,155 673 365,A01,2,10,8,0,0,1,1,0.0
202300004066,155 673 362,A01,2,7,0,2,3,16,1,0.0
202300004066,155 673 364,B01,2,33,0,2,2,1,1,0.0
202300004067,155 673 361,A01,1,7,13,0,1,13,1,0.0
202300004068,155 673 356,A01,1,7,0,2,8,13,1,0.0
202300004068,155 673 358,B01,2,33,13,2,3,1,1,0.0
202300004069,155 673 357,A01,1,7,0,2,3,2,1,0.0
202300004069,155 673 360,B01,1,1,0,2,4,16,5,0.0
202300004070,155 673 355,A01,1,7,0,2,8,1,1,0.0
202300004070,155 673 359,B01,2,7,0,2,3,17,1,0.0
202300004071,155 673 351,A01,2,7,0,2,1,1,1,0.0
202300004071,155 673 354,B01,1,33,0,2,1,13,1,0.0
202300004072,155 673 353,A01,2,7,1,0,1,1,1,0.0
202300004073,155 673 350,A01,3,2,0,2,1,2,1,0.0
202300004073,155 673 352,B01,0,7,0,0,4,0,1,0.0
202300004074,155 673 348,A01,3,7,0,2,3,13,1,0.0