num_acc,id_vehicule,num_veh,senc,catv,obs,obsm,choc,manv,motor,occutc
202300004074,155 673 349,B01,3,2,0,2,1,1,1,0.0
202300004075,155 673 347,A01,1,10,1,0,1,1,1,0.0
202300004076,155 673 346,A01,2,7,4,0,1,1,0,0.0
202300004077,155 673 345,A01,2,7,7,0,1,1,1,0.0
202300004078,155 673 344,A01,2,2,3,0,0,1,1,0.0
202300004079,155 673 340,A01,2,7,0,2,1,17,1,0.0
202300004079,155 673 343,B01,2,7,0,2,3,1,1,0.0
202300004080,155 673 341,A01,1,30,1,2,1,26,1,0.0
202300004080,155 673 342,B01,2,7,1,2,2,20,1,0.0
202300004081,155 673 339,A01,2,7,6,0,2,1,1,0.0
202300004082,155 673 338,A01,1,7,2,0,1,13,1,0.0
202300004083,155 673 336,A01,1,7,0,1,3,1,1,0.0
202300004084,155 673 335,A01,3,7,0,2,3,15,1,0.0
202300004084,155 673 337,B01,3,43,0,2,3,1,1,0.0
202300004085,155 673 334,A01,2,33,16,0,0,14,1,0.0
202300004086,155 673 330,B01,3,7,0,2,2,1,1,0.0
202300004086,155 673 332,A01,3,7,0,2,2,1,1,0.0
202300004087,155 673 329,B01,3,33,0,2,1,9,1,0.0
202300004087,155 673 333,A01,3,7,0,2,3,9,1,0.0
202300004088,155 673 328,A01,2,7,0,2,1,13,2,0.0
202300004088,155 673 331,B01,1,7,0,2,1,1,1,0.0
202300004089,155 673 327,A01,1,7,2,0,1,1,1,0.0
202300004090,155 673 324,A01,2,7,16,0,9,1,1,0.0
202300004091,155 673 323,B01,1,7,0,2,4,1,1,0.0
202300004091,155 673 325,C01,1,7,0,2,4,1,1,0.0
202300004091,155 673 326,A01,1,7,0,2,1,1,1,0.0
202300004092,155 673 322,A01,2,7,7,0,1,0,1,0.0
202300004093,155 673 320,A01,0,7,0,1,0,0,0,0.0
202300004094,155 673 318,B01,1,10,0,2,1,15,6,0.0
202300004094,155 673 321,A01,1,30,0,2,0,17,6,0.0
202300004095,155 673 317,A01,2,7,0,2,2,19,1,0.0
202300004095,155 673 319,B01,2,7,0,2,3,1,1,0.0
202300004096,155 673 315,A01,1,7,15,0,0,1,1,0.0
202300004097,155 673 316,A01,3,7,15,0,1,13,1,0.0
202300004098,155 673 313,A01,3,21,0,2,8,16,1,0.0
202300004098,155 673 314,B01,1,7,0,2,2,1,1,0.0
202300004099,155 673 311,A01,1,7,0,1,1,1,1,0.0
202300004100,155 673 308,A01,3,7,8,0,2,1,1,0.0
202300004101,155 673 307,B01,3,33,0,2,1,1,1,0.0
202300004101,155 673 309,A01,3,7,0,2,1,15,1,0.0
202300004102,155 673 303,A01,0,7,0,9,7,2,1,0.0
202300004102,155 673 306,B01,2,1,0,2,0,2,5,0.0
202300004103,155 673 302,A01,2,7,0,2,1,2,1,0.0
202300004103,155 673 305,B01,1,7,0,2,4,2,1,0.0
202300004104,155 673 301,A01,0,7,0,9,1,0,1,0.0
202300004104,155 673 304,B01,3,1,0,2,1,1,5,0.0
202300004105,155 673 299,A01,3,7,2,0,3,1,1,0.0
202300004106,155 673 298,B01,2,7,0,9,7,1,1,0.0
202300004106,155 673 300,A01,2,60,0,2,1,16,3,0.0
202300004107,155 673 296,A01,0,7,2,0,1,0,1,0.0
202300004108,155 673 295,A01,1,10,0,2,3,2,1,0.0
202300004108,155 673 297,B01,1,7,0,2,2,2,1,0.0
202300004109,155 673 294,A01,2,7,0,1,1,1,1,0.0
202300004110,155 673 293,A01,2,7,0,1,1,17,1,0.0
202300004111,155 673 292,A01,2,15,0,1,1,1,0,0.0
202300004112,155 673 290,A01,1,50,0,1,1,17,3,0.0
202300004113,155 673 291,A01,2,7,0,1,3,1,1,0.0
202300004114,155 673 289,A01,1,7,1,0,1,1,1,0.0
202300004115,155 673 288,A01,2,7,0,1,7,1,1,0.0
202300004116,155 673 287,A01,2,7,12,0,0,1,1,0.0
202300004117,155 673 285,A01,1,31,0,2,1,11,1,0.0
202300004117,155 673 286,B01,1,7,0,2,8,15,1,0.0
202300004118,155 673 284,A01,3,7,0,1,1,20,1,0.0
202300004119,155 673 282,A01,0,33,0,2,8,13,1,0.0
202300004119,155 673 283,B01,0,7,0,0,1,1,1,0.0
202300004120,155 673 278,B01,1,1,0,2,2,1,5,0.0
202300004120,155 673 280,A01,2,7,0,2,3,9,6,0.0
202300004121,155 673 279,A01,2,7,0,1,3,1,0,0.0
202300004122,155 673 277,A01,1,7,0,2,2,9,1,0.0
202300004122,155 673 281,B01,2,7,0,2,7,1,1,0.0
202300004123,155 673 275,B01,2,7,0,2,3,1,1,0.0
202300004123,155 673 276,A01,1,7,0,2,3,5,1,0.0
202300004124,155 673 273,A01,3,7,0,1,1,1,1,0.0
202300004125,155 673 272,A01,1,7,2,0,2,14,1,0.0
202300004126,155 673 271,B01,0,7,0,2,1,1,1,0.0
202300004126,155 673 274,A01,2,7,8,2,7,1,1,0.0
202300004127,155 673 268,A01,1,7,3,0,9,0,1,0.0
202300004128,155 673 269,A01,0,7,0,0,0,17,1,0.0
202300004128,155 673 270,B01,0,7,0,0,0,0,1,0.0
202300004129,155 673 266,B01,1,1,0,2,1,17,5,0.0
202300004129,155 673 267,A01,1,14,0,2,3,23,1,0.0
202300004130,155 673 265,A01,1,31,0,0,0,0,1,0.0
202300004131,155 673 261,A01,1,15,3,0,8,0,0,0.0
202300004132,155 673 262,A01,2,7,0,2,1,1,1,0.0
202300004132,155 673 264,B01,1,7,0,2,3,0,1,0.0
202300004133,155 673 260,B01,2,1,0,2,1,15,5,0.0
202300004133,155 673 263,A01,1,7,0,2,3,1,3,0.0
202300004134,155 673 258,A01,2,7,0,1,1,1,1,0.0
202300004135,155 673 256,A01,1,7,0,1,2,1,1,0.0
202300004136,155 673 255,B01,1,7,0,2,1,1,0,0.0
202300004136,155 673 257,C01,1,7,0,2,1,1,1,0.0
202300004136,155 673 259,A01,2,7,0,2,1,13,0,0.0
202300004137,155 673 252,A01,1,7,0,2,1,1,1,0.0
202300004137,155 673 253,B01,1,33,0,2,4,23,1,0.0
202300004138,155 673 250,A01,1,7,6,0,3,13,0,0.0
202300004139,155 673 251,A01,1,7,0,2,3,17,1,0.0
202300004139,155 673 254,B01,1,7,0,2,3,1,1,0.0
202300004140,155 673 248,A01,1,7,13,0,2,1,1,0.0
202300004141,155 673 246,B01,2,7,0,2,3,9,1,0.0
202300004141,155 673 249,A01,1,31,0,2,2,1,1,0.0
202300004142,155 673 245,B01,1,7,4,2,6,1,1,0.0
202300004142,155 673 247,A01,1,17,0,2,2,12,1,0.0
202300004143,155 673 243,B01,1,7,0,2,3,1,1,0.0
202300004143,155 673 244,A01,2,7,0,2,3,13,1,0.0
202300004144,155 673 238,A01,1,10,0,2,2,11,1,0.0
202300004144,155 673 241,B01,1,7,0,2,6,1,1,0.0
202300004145,155 673 239,A01,1,7,4,0,1,1,1,0.0
202300004146,155 673 237,B01,1,2,0,2,3,17,1,0.0
202300004146,155 673 240,C01,1,30,0,2,1,2,1,0.0
202300004146,155 673 242,A01,2,30,0,2,3,17,1,0.0
202300004147,155 673 235,B01,1,7,0,2,8,1,1,0.0
202300004147,155 673 236,A01,1,17,0,2,2,12,1,0.0
202300004148,155 673 233,A01,1,7,0,0,0,1,1,0.0
202300004149,155 673 232,A01,1,7,0,2,7,12,1,0.0
202300004149,155 673 234,B01,1,34,0,2,8,3,1,0.0
202300004150,155 673 230,A01,1,7,0,2,1,1,1,0.0
202300004150,155 673 231,B01,1,7,0,2,4,1,1,0.0
202300004151,155 673 229,A01,1,7,0,1,2,1,1,0.0
202300004152,155 673 227,A01,2,33,0,2,2,3,1,0.0
202300004152,155 673 228,B01,2,7,0,2,3,11,3,0.0
202300004153,155 673 224,B01,2,7,0,2,4,1,1,0.0
202300004153,155 673 226,A01,2,7,0,2,1,1,1,0.0
202300004154,155 673 223,B01,1,32,0,2,1,0,1,0.0
202300004154,155 673 225,A01,1,7,0,2,8,15,1,0.0
202300004155,155 673 220,B01,2,7,0,2,5,2,1,0.0
202300004155,155 673 222,A01,2,7,0,2,3,2,1,0.0
202300004156,155 673 221,A01,1,7,4,0,8,13,1,0.0
202300004157,155 673 218,B01,2,33,0,2,8,7,1,0.0
202300004157,155 673 219,A01,2,7,0,2,0,9,1,0.0
202300004158,155 673 214,A01,2,7,0,2,1,1,1,0.0
202300004158,155 673 217,B01,1,7,0,2,4,1,3,0.0
202300004159,155 673 212,A01,1,7,3,0,2,26,1,0.0
202300004160,155 673 211,A01,1,7,0,2,1,1,1,0.0
202300004160,155 673 213,B01,1,7,3,2,4,1,1,0.0
202300004160,155 673 216,C01,1,7,0,2,6,1,1,0.0
202300004161,155 673 210,A01,2,10,0,2,7,9,1,0.0
202300004161,155 673 215,B01,1,7,0,2,1,1,1,0.0
202300004162,155 673 208,A01,2,7,0,2,1,2,1,0.0
202300004162,155 673 209,B01,2,7,0,2,4,2,3,0.0
202300004163,155 673 203,A01,2,7,4,0,3,11,1,0.0
202300004164,155 673 201,B01,2,7,0,2,4,1,1,0.0
202300004164,155 673 204,C01,2,7,0,2,7,0,1,0.0
202300004164,155 673 206,A01,2,33,0,2,8,1,1,0.0
202300004165,155 673 202,A01,2,43,0,0,0,26,1,0.0
202300004165,155 673 205,B01,2,7,0,0,0,26,1,0.0
202300004165,155 673 207,C01,2,7,0,0,0,26,1,0.0
202300004166,155 673 197,A01,2,7,0,2,4,2,1,0.0
202300004166,155 673 199,B01,2,7,0,2,1,2,1,0.0
202300004166,155 673 200,C01,2,7,0,2,6,1,1,0.0
202300004167,155 673 195,A01,1,2,0,2,1,1,1,0.0
202300004167,155 673 198,B01,3,2,5,2,4,23,1,0.0
202300004168,155 673 194,A01,2,17,0,2,2,12,1,0.0
202300004168,155 673 196,B01,2,7,4,2,6,1,1,0.0
202300004169,155 673 192,B01,1,33,0,2,4,2,1,0.0
202300004169,155 673 193,A01,1,7,0,2,1,1,1,0.0
202300004170,155 673 187,B01,2,10,0,2,0,0,0,0.0
202300004170,155 673 191,A01,2,7,0,2,1,1,1,0.0
202300004171,155 673 185,A01,0,7,0,2,1,1,1,0.0
202300004171,155 673 189,C01,0,7,0,2,4,1,1,0.0
202300004171,155 673 190,B01,0,7,0,2,4,1,1,0.0
202300004172,155 673 184,C01,2,7,0,2,4,2,1,0.0
202300004172,155 673 186,B01,2,7,0,2,1,2,1,0.0
202300004172,155 673 188,A01,2,7,0,2,1,2,1,0.0
202300004173,155 673 180,A01,1,7,0,1,2,16,1,0.0
202300004174,155 673 179,A01,2,31,0,2,1,3,1,0.0
202300004174,155 673 182,B01,1,7,0,2,3,15,1,0.0
202300004175,155 673 178,B01,2,7,0,2,1,1,1,0.0
202300004175,155 673 181,C01,2,10,0,2,4,1,1,0.0
202300004175,155 673 183,A01,2,7,0,2,3,13,1,0.0
202300004176,155 673 177,A01,1,7,0,1,1,20,1,0.0
202300004177,155 673 175,B01,2,1,0,2,1,1,5,0.0
202300004177,155 673 176,A01,1,7,0,2,2,15,1,0.0
202300004178,155 673 173,A01,2,7,3,2,1,17,1,0.0
202300004178,155 673 174,B01,2,10,3,0,6,26,1,0.0
202300004179,155 673 172,A01,1,7,1,1,1,17,1,0.0
202300004180,155 673 170,A01,1,0,0,1,0,0,0,0.0
202300004181,155 673 168,A01,2,32,12,2,8,1,1,0.0
202300004181,155 673 171,B01,1,7,0,2,1,1,1,0.0
202300004182,155 673 167,B01,3,7,0,2,1,1,1,0.0
202300004182,155 673 169,A01,3,0,0,2,0,0,0,0.0
202300004183,155 673 165,A01,1,7,15,9,2,13,1,0.0
202300004183,155 673 166,B01,1,1,0,0,7,19,5,0.0
202300004184,155 673 164,A01,1,7,0,1,1,1,1,0.0
202300004185,155 673 163,A01,1,10,1,1,2,24,1,0.0
202300004186,155 673 161,A01,3,36,0,2,1,26,3,0.0
202300004187,155 673 160,A01,2,2,0,2,1,1,1,0.0
202300004187,155 673 162,B01,2,7,0,2,4,23,-1,0.0
202300004188,155 673 159,A01,3,50,0,1,1,1,3,0.0
202300004189,155 673 156,A01,1,7,0,1,2,16,1,0.0
202300004190,155 673 158,A01,2,33,0,0,7,16,1,0.0
202300004191,155 673 155,A01,2,7,0,2,5,15,1,0.0
202300004191,155 673 157,B01,1,7,0,2,3,1,1,0.0
202300004192,155 673 153,A01,2,7,0,1,1,1,1,0.0
202300004193,155 673 152,A01,2,7,0,1,3,1,1,0.0
202300004194,155 673 150,A01,1,10,8,1,3,24,1,0.0
202300004195,155 673 151,B01,1,7,0,2,3,1,1,0.0
202300004195,155 673 154,A01,2,7,0,2,1,19,1,0.0
202300004196,155 673 144,A01,2,7,0,2,1,2,0,0.0
202300004196,155 673 146,C01,2,7,0,2,4,2,0,0.0
202300004196,155 673 148,B01,2,7,0,2,4,2,0,0.0
202300004197,155 673 147,A01,3,7,0,2,2,19,1,0.0
202300004197,155 673 149,B01,1,31,0,2,8,1,1,0.0
202300004198,155 673 145,A01,3,30,14,0,3,26,1,0.0
202300004199,155 673 143,A01,2,7,0,1,2,26,1,0.0
202300004200,155 673 141,B01,0,1,0,2,0,19,5,0.0
202300004200,155 673 142,A01,0,7,0,2,1,1,1,0.0
202300004201,155 673 140,A01,1,7,3,0,0,26,1,0.0
202300004202,155 673 138,A01,1,7,0,1,2,1,1,0.0
202300004203,155 673 135,A01,3,7,0,1,0,26,-1,0.0
202300004204,155 673 136,A01,1,30,0,0,7,16,1,0.0
202300004205,155 673 134,A01,1,50,0,1,7,21,3,0.0
202300004206,155 673 131,A01,1,31,0,2,4,1,0,0.0
202300004206,155 673 133,B01,1,2,14,0,1,1,1,0.0
202300004207,155 673 130,A01,1,7,6,2,1,1,1,0.0
202300004207,155 673 132,B01,1,7,6,2,6,1,1,0.0
202300004208,155 673 129,A01,0,7,0,1,0,0,1,0.0
202300004209,155 673 127,A01,1,33,0,2,1,2,1,0.0
202300004209,155 673 128,B01,1,7,0,2,5,23,1,0.0
202300004210,155 673 124,B01,1,7,0,2,2,16,3,0.0
202300004210,155 673 125,A01,2,1,0,2,6,1,5,0.0
202300004211,155 673 121,A01,1,7,0,2,1,2,1,0.0
202300004211,155 673 122,B01,1,7,0,2,4,2,1,0.0
202300004212,155 673 123,A01,2,33,0,2,7,17,1,0.0
202300004212,155 673 126,B01,2,7,0,2,8,15,1,0.0
202300004213,155 673 118,A01,1,50,0,2,1,1,3,0.0
202300004213,155 673 120,B01,1,7,0,2,2,1,1,0.0
202300004214,155 673 117,B01,1,7,0,2,2,26,1,0.0
202300004214,155 673 119,A01,1,30,0,2,2,18,3,0.0
202300004215,155 673 113,A01,2,30,12,0,7,0,1,0.0
202300004216,155 673 112,A01,1,33,0,2,3,26,1,0.0
202300004216,155 673 114,B01,1,7,0,2,3,15,1,0.0
202300004217,155 673 111,Z01,1,7,0,9,0,26,1,0.0
202300004217,155 673 115,A01,2,7,0,2,1,21,1,0.0
202300004217,155 673 116,B01,2,7,0,2,4,1,1,0.0
202300004218,155 673 110,A01,2,50,1,0,3,21,3,0.0
202300004219,155 673 108,A01,2,7,0,2,3,5,2,0.0
202300004219,155 673 109,B01,1,7,0,2,1,1,1,0.0
202300004220,155 673 103,A01,1,7,0,2,3,15,1,0.0
202300004220,155 673 106,B01,1,2,0,2,1,3,1,0.0
202300004221,155 673 102,A01,1,38,0,2,3,13,1,1.0
202300004221,155 673 105,B01,1,7,0,2,7,1,2,0.0
202300004222,155 673 101,B01,2,7,0,2,1,5,0,0.0
202300004222,155 673 104,C01,1,10,0,2,0,0,0,0.0
202300004222,155 673 107,A01,1,7,0,2,1,0,1,0.0
202300004223,155 673 100,A01,1,7,0,1,1,1,1,0.0
202300004224,155 673 099,A01,3,50,0,1,1,26,3,0.0
202300004225,155 673 096,A01,1,7,12,2,8,1,1,0.0
202300004225,155 673 098,B01,2,7,0,2,1,15,1,0.0
202300004226,155 673 095,A01,1,7,0,2,1,26,1,0.0
202300004226,155 673 097,B01,1,7,0,2,4,0,1,0.0
202300004227,155 673 092,A01,3,50,0,2,6,26,3,0.0
202300004227,155 673 094,B01,3,7,0,9,2,1,1,0.0
202300004228,155 673 093,A01,2,33,0,1,1,2,1,0.0
202300004229,155 673 086,Z01,1,7,0,2,1,2,0,0.0
202300004229,155 673 088,B01,1,3,0,2,4,2,1,0.0
202300004229,155 673 090,C01,1,7,0,2,4,2,1,0.0
202300004230,155 673 087,A01,3,7,8,0,1,1,1,0.0
202300004231,155 673 084,A01,3,7,6,0,1,14,1,0.0
202300004232,155 673 083,A01,3,7,0,1,1,1,0,0.0
202300004233,155 673 082,C01,1,7,14,0,1,1,1,0.0
202300004233,155 673 085,A01,1,7,0,2,1,1,1,0.0
202300004233,155 673 089,B01,1,7,14,0,4,23,1,0.0
202300004234,155 673 080,A01,1,10,0,2,2,1,1,0.0
202300004234,155 673 081,B01,1,1,0,2,1,1,5,0.0
202300004235,155 673 079,B01,1,7,3,0,3,21,1,0.0
202300004236,155 673 076,A01,1,7,0,2,1,2,1,0.0
202300004236,155 673 078,B01,1,2,0,2,4,2,1,0.0
202300004237,155 673 077,Z01,3,0,0,1,1,1,0,0.0
202300004238,155 673 075,A01,3,7,0,1,8,15,1,0.0
202300004239,155 673 072,A01,1,7,0,2,2,13,1,0.0
202300004239,155 673 074,B01,2,7,0,2,2,1,2,0.0
202300004240,155 673 069,B01,2,7,0,2,4,1,1,0.0
202300004240,155 673 070,A01,2,7,0,2,1,1,1,0.0
202300004240,155 673 073,C01,2,7,0,2,4,1,1,0.0
202300004241,155 673 067,A01,1,7,0,2,2,1,1,0.0
202300004241,155 673 071,B01,2,7,0,2,3,15,1,0.0
202300004242,155 673 065,A01,1,7,0,2,5,16,1,0.0
202300004242,155 673 068,B01,1,1,0,2,1,1,5,0.0
202300004243,155 673 064,A01,1,50,0,2,1,1,3,0.0
202300004243,155 673 066,B01,2,7,0,2,5,0,1,0.0
202300004244,155 673 063,A01,2,7,9,1,1,26,0,0.0
202300004245,155 673 062,A01,1,31,0,1,3,1,1,0.0
202300004246,155 673 059,A01,2,31,12,0,0,16,1,0.0
202300004247,155 673 057,A01,2,7,0,1,2,2,1,0.0
202300004248,155 673 056,B01,2,7,0,2,6,1,1,0.0
202300004248,155 673 058,A01,0,1,0,2,1,1,5,0.0
202300004249,155 673 060,A01,3,7,0,2,1,1,1,0.0
202300004249,155 673 061,B01,3,7,0,2,1,1,1,0.0
202300004250,155 673 055,A01,1,33,16,2,0,1,0,0.0
202300004251,155 673 052,B01,1,1,0,2,3,26,5,0.0
202300004251,155 673 054,A01,1,7,0,2,2,26,1,0.0
202300004252,155 673 051,A01,1,7,4,0,1,1,1,0.0
202300004253,155 673 048,A01,3,7,4,0,1,2,3,0.0
202300004253,155 673 053,B01,3,7,4,0,9,2,1,0.0
202300004254,155 673 046,A01,2,7,9,0,5,1,1,0.0
202300004255,155 673 049,B01,3,37,0,2,3,1,1,1.0
202300004255,155 673 050,A01,3,7,0,2,1,13,1,0.0
202300004256,155 673 044,A01,3,7,0,2,2,15,1,0.0
202300004256,155 673 047,B01,3,33,0,2,1,1,1,0.0
202300004257,155 673 043,B01,1,7,0,2,1,1,1,0.0
202300004257,155 673 045,A01,1,7,0,2,1,1,1,0.0
202300004258,155 673 042,A01,1,7,13,0,1,1,1,0.0
202300004259,155 673 039,A01,1,7,0,1,1,1,1,0.0
202300004260,155 673 037,A01,1,1,0,2,1,1,5,0.0
202300004260,155 673 041,B01,1,7,0,2,2,1,1,0.0
202300004261,155 673 036,A01,0,7,0,2,6,1,1,0.0
202300004261,155 673 038,B01,1,33,0,2,1,21,1,0.0
202300004262,155 673 040,A01,3,7,8,0,2,16,1,0.0
202300004263,155 673 035,A01,1,7,7,0,2,21,1,0.0
202300004264,155 673 032,B01,1,7,0,2,6,2,1,0.0
202300004264,155 673 034,A01,1,2,0,2,1,2,3,0.0
202300004265,155 673 030,B01,3,2,0,2,1,2,1,0.0
202300004265,155 673 033,A01,3,7,0,2,3,15,1,0.0
202300004266,155 673 029,B01,2,7,0,0,0,15,1,0.0
202300004266,155 673 031,A01,1,33,0,0,0,21,1,0.0
202300004267,155 673 025,A01,1,7,0,2,8,22,1,0.0
202300004267,155 673 026,B01,1,80,1,0,1,1,3,0.0
202300004268,155 673 022,A01,2,10,0,2,1,1,1,0.0
202300004268,155 673 024,B01,2,7,0,2,4,1,1,0.0
202300004268,155 673 027,C01,2,7,0,2,4,1,1,0.0
202300004269,155 673 021,B01,3,7,0,2,1,1,1,0.0
202300004269,155 673 023,A01,3,7,0,2,1,5,1,0.0
202300004270,155 673 017,A01,2,7,0,2,8,22,1,0.0
202300004270,155 673 019,B01,2,1,1,0,2,1,5,0.0
202300004271,155 673 020,B01,3,2,0,2,1,2,1,0.0
202300004271,155 673 028,A01,3,7,0,2,5,15,1,0.0
202300004272,155 673 012,C01,2,7,0,2,1,2,1,0.0
202300004272,155 673 014,B01,2,7,0,2,4,1,1,0.0
202300004272,155 673 016,A01,2,7,0,2,1,12,1,0.0
202300004272,155 673 018,D01,2,7,0,2,1,1,1,0.0
202300004273,155 673 013,B01,3,7,0,2,3,1,1,0.0
202300004273,155 673 015,A01,3,7,0,2,5,15,1,0.0
202300004274,155 673 010,A01,1,7,0,2,5,13,1,0.0
202300004274,155 673 011,B01,1,43,0,2,3,1,1,0.0
202300004275,155 673 009,A01,2,7,0,1,1,2,1,0.0
202300004276,155 673 006,A01,1,7,0,2,3,11,1,0.0
202300004276,155 673 007,B01,1,2,0,2,1,1,1,0.0
202300004277,155 673 004,A01,2,7,0,2,2,15,1,0.0
202300004277,155 673 005,B01,2,1,0,2,8,1,5,0.0
202300004278,155 673 001,A01,2,7,4,0,8,12,1,0.0
202300004279,155 673 003,A01,3,3,0,1,2,16,1,0.0
202300004280,155 673 000,A01,1,7,0,2,2,1,1,0.0
202300004280,155 673 002,B01,1,1,0,2,1,19,5,0.0
202300004281,155 672 998,A01,0,32,0,2,2,1,1,0.0
202300004281,155 672 999,B01,3,7,0,2,2,15,1,0.0
202300004282,155 672 995,B01,1,31,0,2,7,1,1,0.0
202300004282,155 672 997,A01,1,33,0,2,8,13,1,0.0
202300004283,155 672 993,B01,2,7,0,2,2,1,1,0.0
202300004283,155 672 996,A01,1,7,0,2,1,16,1,0.0
202300004284,155 672 991,A01,1,50,0,2,8,19,3,0.0
202300004284,155 672 994,B01,1,7,0,2,1,1,1,0.0
202300004285,155 672 992,Z01,3,1,9,1,1,0,5,0.0
202300004286,155 672 988,B01,1,7,0,2,5,2,1,0.0
202300004286,155 672 989,C01,1,7,0,2,5,2,1,0.0
202300004286,155 672 990,A01,1,7,4,2,3,2,1,0.0
202300004287,155 672 984,A01,2,7,0,2,1,13,1,0.0
202300004288,155 672 983,C01,3,7,0,2,1,1,1,0.0
202300004288,155 672 986,B01,3,7,0,2,3,2,1,0.0
202300004288,155 672 987,A01,3,33,0,2,7,12,1,0.0
202300004289,155 672 982,A01,1,7,0,2,7,15,1,0.0
202300004289,155 672 985,B01,1,31,0,2,1,1,1,0.0
202300004290,155 672 979,A01,1,32,0,1,0,0,0,0.0
202300004291,155 672 981,A01,3,7,2,0,5,15,1,0.0
202300004292,155 672 977,B01,1,7,0,2,2,0,1,0.0
202300004292,155 672 980,A01,0,7,0,2,2,1,1,0.0
202300004293,155 672 975,A01,2,7,1,0,3,14,1,0.0
202300004294,155 672 976,B01,1,32,0,2,1,1,1,0.0
202300004294,155 672 978,A01,2,1,0,2,8,19,5,0.0
202300004295,155 672 971,A01,1,7,0,1,2,1,1,0.0
202300004296,155 672 970,B01,1,7,0,2,2,1,1,0.0
202300004296,155 672 974,A01,1,7,0,2,6,15,1,0.0
202300004297,155 672 968,A01,1,7,0,2,8,15,1,0.0
202300004297,155 672 972,B01,1,30,0,2,0,17,1,0.0
202300004298,155 672 969,B01,1,17,0,2,2,16,1,0.0
202300004298,155 672 973,A01,3,1,0,2,8,19,5,0.0
202300004299,155 672 967,A01,3,31,0,1,1,1,1,0.0
202300004300,155 672 963,A01,1,1,0,2,2,1,5,0.0
202300004300,155 672 965,B01,0,60,0,2,1,21,5,0.0
202300004301,155 672 966,A01,1,43,1,0,2,14,1,0.0
202300004302,155 672 962,B01,3,1,0,2,1,2,5,0.0
202300004302,155 672 964,A01,1,7,0,2,3,15,1,0.0
202300004303,155 672 958,A01,0,7,0,2,3,15,1,0.0
202300004303,155 672 960,B01,0,33,0,2,1,17,1,0.0
202300004304,155 672 953,A01,1,7,0,2,3,9,3,0.0
202300004304,155 672 956,B01,1,2,0,2,5,14,1,0.0
202300004305,155 672 954,A01,2,33,0,2,1,17,1,0.0
202300004305,155 672 957,B01,2,7,0,2,3,15,2,0.0
202300004305,155 672 959,C01,1,7,0,2,4,1,3,0.0
202300004306,155 672 952,B01,2,7,0,2,4,1,1,0.0
202300004306,155 672 955,A01,2,7,0,2,1,2,1,0.0
202300004307,155 672 951,A01,3,7,14,0,1,1,1,0.0
202300004308,155 672 950,A01,3,30,0,0,0,1,0,0.0
202300004309,155 672 948,A01,1,10,13,0,2,1,1,0.0
202300004310,155 672 947,A01,3,37,0,1,8,7,0,1.0
202300004311,155 672 946,A01,1,7,0,1,1,1,1,0.0
202300004312,155 672 945,A01,1,7,0,1,1,13,1,0.0
202300004313,155 672 942,B01,1,50,0,2,7,1,3,0.0
202300004313,155 672 944,A01,1,50,0,2,8,13,3,0.0
202300004314,155 672 940,A01,1,50,0,1,1,1,3,0.0
202300004315,155 672 939,B01,3,7,0,2,1,1,1,0.0
202300004315,155 672 943,A01,-1,7,0,2,1,5,1,0.0
202300004316,155 672 938,A01,1,7,0,2,1,2,1,0.0
202300004316,155 672 941,B01,1,7,0,2,4,2,1,0.0
202300004317,155 672 935,A01,3,7,1,-1,1,14,1,0.0
202300004318,155 672 937,A01,1,80,0,1,7,1,3,0.0
202300004319,155 672 933,A01,2,7,0,2,4,2,4,0.0
202300004319,155 672 936,B01,2,7,0,2,1,1,4,0.0
202300004320,155 672 929,A01,1,7,0,2,6,15,1,0.0
202300004320,155 672 932,B01,1,43,0,2,1,1,1,0.0
202300004321,155 672 928,A01,2,7,0,2,5,10,0,0.0
202300004321,155 672 931,B01,1,33,0,2,1,1,0,0.0
202300004322,155 672 926,A01,2,7,0,2,1,9,1,0.0
202300004322,155 672 930,B01,2,1,0,2,7,1,5,0.0
202300004323,155 672 924,A01,0,7,13,0,9,1,1,0.0
202300004324,155 672 921,A01,3,32,0,2,2,15,0,0.0
202300004324,155 672 922,B01,3,7,0,2,1,1,0,0.0
202300004325,155 672 920,B01,0,0,0,1,0,0,0,0.0
202300004326,155 672 919,A01,0,7,0,1,1,1,1,0.0
202300004327,155 672 915,A01,1,7,0,9,3,1,1,0.0
202300004327,155 672 918,B01,1,1,0,2,0,1,5,0.0
202300004328,155 672 916,B01,0,1,1,2,8,2,5,0.0
202300004328,155 672 917,A01,0,7,1,2,2,17,1,0.0
202300004329,155 672 912,B01,1,7,0,2,8,15,1,0.0
202300004329,155 672 914,A01,1,34,0,2,2,17,1,0.0
202300004330,155 672 911,Z01,1,7,0,0,0,0,0,0.0
202300004330,155 672 913,A01,1,1,0,2,0,0,5,0.0
202300004331,155 672 910,A01,3,7,6,0,1,1,1,0.0
202300004332,155 672 909,A01,2,7,0,1,8,16,0,0.0
202300004333,155 672 907,A01,1,7,0,2,1,15,1,0.0
202300004333,155 672 908,B01,1,37,0,2,3,1,1,1.0
202300004334,155 672 904,A01,1,30,0,0,0,26,1,0.0
202300004335,155 672 902,A01,3,32,0,2,3,9,1,0.0
202300004335,155 672 906,B01,3,7,0,2,2,1,1,0.0
202300004336,155 672 901,B01,1,10,0,2,2,0,0,0.0
202300004336,155 672 905,A01,3,30,0,2,1,0,1,0.0