num_acc,id_vehicule,num_veh,senc,catv,obs,obsm,choc,manv,motor,occutc
202300004337,155 672 900,B01,2,2,0,2,4,17,1,0.0
202300004337,155 672 903,Z01,2,7,0,2,1,17,1,0.0
202300004338,155 672 897,A01,1,34,8,0,1,13,1,0.0
202300004339,155 672 896,A01,1,31,1,1,1,17,1,0.0
202300004340,155 672 894,A01,1,7,0,2,3,15,1,0.0
202300004340,155 672 898,B01,1,32,0,2,8,26,1,0.0
202300004341,155 672 892,A01,3,7,0,2,1,13,1,0.0
202300004341,155 672 893,B01,3,7,0,2,1,1,1,0.0
202300004342,155 672 895,B01,0,7,0,2,4,23,1,0.0
202300004342,155 672 899,A01,3,30,0,2,1,2,1,0.0
202300004343,155 672 891,A01,3,7,8,0,9,1,1,0.0
202300004344,155 672 890,A01,0,0,0,1,0,1,0,0.0
202300004345,155 672 884,A01,3,7,0,2,6,4,1,0.0
202300004345,155 672 887,B01,3,7,0,2,5,1,1,0.0
202300004346,155 672 883,B01,1,7,0,2,7,1,1,0.0
202300004346,155 672 886,A01,1,7,0,2,3,26,1,0.0
202300004347,155 672 882,B01,3,50,0,2,8,19,3,0.0
202300004347,155 672 888,C01,3,7,0,2,2,15,1,0.0
202300004347,155 672 889,A01,3,7,0,2,3,15,1,0.0
202300004348,155 672 878,A01,2,7,0,2,3,13,1,0.0
202300004348,155 672 880,B01,2,7,0,2,2,1,1,0.0
202300004349,155 672 881,A01,1,7,0,2,1,5,1,0.0
202300004349,155 672 885,B01,1,7,0,2,1,1,1,0.0
202300004350,155 672 879,A01,1,43,0,1,1,1,1,0.0
202300004351,155 672 877,A01,1,14,0,1,1,5,1,0.0
202300004352,155 672 874,A01,2,7,0,2,7,17,1,0.0
202300004352,155 672 876,B01,2,1,0,2,8,1,5,0.0
202300004353,155 672 873,A01,2,7,0,1,2,15,1,0.0
202300004354,155 672 871,A01,0,50,0,2,1,2,3,0.0
202300004354,155 672 875,B01,0,7,0,2,4,1,1,0.0
202300004355,155 672 869,B01,1,7,0,2,3,1,1,0.0
202300004355,155 672 872,A01,2,7,0,2,1,13,1,0.0
202300004356,155 672 864,A01,1,33,0,2,1,3,1,0.0
202300004356,155 672 867,B01,1,7,0,2,0,13,1,0.0
202300004356,155 672 870,C01,1,7,0,2,2,1,1,0.0
202300004357,155 672 865,B01,3,60,0,2,1,1,5,0.0
202300004357,155 672 868,A01,1,32,0,2,0,26,1,0.0
202300004358,155 672 861,A01,0,7,0,2,8,0,1,0.0
202300004358,155 672 863,B01,1,1,0,2,1,1,5,0.0
202300004359,155 672 859,A01,1,7,1,0,2,0,1,0.0
202300004360,155 672 860,A01,3,7,0,2,1,15,1,0.0
202300004360,155 672 866,B01,3,33,0,2,1,1,1,0.0
202300004361,155 672 858,A01,1,42,0,2,1,2,1,0.0
202300004361,155 672 862,B01,1,7,0,2,6,2,1,0.0
202300004362,155 672 854,A01,0,7,0,2,1,1,1,0.0
202300004362,155 672 857,B01,0,1,0,2,7,19,5,0.0
202300004363,155 672 851,A01,1,7,0,2,7,16,1,0.0
202300004363,155 672 852,B01,1,34,0,2,8,18,1,0.0
202300004364,155 672 853,A01,0,33,0,0,0,0,0,0.0
202300004364,155 672 856,B01,0,1,0,0,0,0,5,0.0
202300004365,155 672 850,A01,1,7,0,2,4,2,1,0.0
202300004365,155 672 855,Z01,1,7,0,2,1,2,1,0.0
202300004366,155 672 848,A01,3,50,0,1,1,2,3,0.0
202300004367,155 672 846,A01,1,37,0,0,5,23,0,1.0
202300004368,155 672 844,A01,3,7,9,0,3,26,1,0.0
202300004369,155 672 841,A01,2,7,0,2,8,11,1,0.0
202300004369,155 672 843,B01,2,31,0,2,7,3,1,0.0
202300004370,155 672 839,A01,1,3,0,2,7,17,1,0.0
202300004370,155 672 840,B01,1,7,0,2,8,1,3,0.0
202300004371,155 672 838,B01,3,99,8,2,2,2,1,0.0
202300004371,155 672 842,A01,3,32,8,9,4,26,1,0.0
202300004372,155 672 835,A01,3,7,0,1,4,4,1,0.0
202300004373,155 672 834,A01,1,7,0,2,6,15,1,0.0
202300004373,155 672 837,B01,1,33,1,0,1,17,1,0.0
202300004374,155 672 832,B01,1,7,8,2,2,5,1,0.0
202300004374,155 672 836,A01,1,37,0,2,1,10,1,6.0
202300004375,155 672 831,B01,3,2,0,2,1,23,0,0.0
202300004375,155 672 833,A01,3,10,0,2,4,4,0,0.0
202300004376,155 672 826,B01,3,80,0,2,0,0,3,0.0
202300004376,155 672 829,A01,3,7,0,2,2,16,1,0.0
202300004377,155 672 825,A01,3,7,0,2,3,26,2,0.0
202300004377,155 672 828,B01,2,33,0,2,1,1,1,0.0
202300004378,155 672 827,A01,2,30,0,1,1,16,1,0.0
202300004379,155 672 824,A01,2,7,0,2,3,5,1,0.0
202300004379,155 672 830,B01,0,7,0,2,1,1,1,0.0
202300004380,155 672 821,A01,2,7,0,2,3,15,1,0.0
202300004380,155 672 823,B01,2,50,0,2,1,1,3,0.0
202300004381,155 672 822,A01,1,34,9,0,1,2,1,0.0
202300004382,155 672 819,A01,1,33,0,0,8,26,1,0.0
202300004383,155 672 820,A01,1,7,8,0,1,14,1,0.0
202300004384,155 672 814,A01,1,7,0,0,8,26,1,0.0
202300004385,155 672 812,C01,1,7,0,2,1,1,1,0.0
202300004385,155 672 815,B01,2,15,0,2,1,1,1,0.0
202300004385,155 672 816,A01,1,7,0,2,1,5,1,0.0
202300004386,155 672 810,A01,3,1,0,2,1,1,5,0.0
202300004386,155 672 813,B01,3,33,0,2,1,1,1,0.0
202300004387,155 672 809,A01,1,7,1,2,3,9,1,0.0
202300004387,155 672 811,B01,2,7,0,2,1,1,1,0.0
202300004388,155 672 803,B01,3,7,0,2,3,9,1,0.0
202300004388,155 672 807,A01,3,30,0,2,3,1,1,0.0
202300004389,155 672 806,B01,0,7,0,2,1,1,1,0.0
202300004389,155 672 808,A01,0,10,0,2,1,5,1,0.0
202300004390,155 672 804,A01,1,32,12,0,2,13,1,0.0
202300004391,155 672 802,B01,1,7,0,2,1,1,1,0.0
202300004391,155 672 805,A01,1,7,0,2,4,23,1,0.0
202300004392,155 672 799,A01,1,7,0,2,3,13,1,0.0
202300004392,155 672 800,B01,2,7,0,2,3,1,1,0.0
202300004393,155 672 798,A01,1,80,0,2,3,19,3,0.0
202300004393,155 672 801,B01,2,2,0,2,1,17,1,0.0
202300004394,155 672 795,A01,3,7,0,2,2,15,1,0.0
202300004394,155 672 797,B01,3,31,0,2,3,1,1,0.0
202300004395,155 672 796,A01,1,1,0,0,0,1,5,0.0
202300004396,155 672 794,A01,2,7,2,0,1,16,1,0.0
202300004397,155 672 792,A01,1,2,0,2,1,14,1,0.0
202300004397,155 672 793,B01,1,7,0,2,4,9,1,0.0
202300004398,155 672 790,A01,3,7,4,0,2,1,1,0.0
202300004399,155 672 788,A01,1,7,0,2,1,15,1,0.0
202300004399,155 672 791,B01,2,1,12,2,8,1,5,0.0
202300004400,155 672 786,A01,3,10,0,2,3,15,1,0.0
202300004400,155 672 789,B01,3,34,0,2,1,1,1,0.0
202300004401,155 672 784,A01,3,7,0,2,3,9,1,0.0
202300004401,155 672 787,B01,3,1,0,2,1,1,5,0.0
202300004402,155 672 782,A01,2,7,0,1,1,1,1,0.0
202300004403,155 672 783,A01,2,32,0,1,1,1,1,0.0
202300004404,155 672 781,B01,1,7,0,2,2,0,1,0.0
202300004404,155 672 785,A01,1,7,4,2,9,1,1,0.0
202300004405,155 672 779,A01,1,7,11,0,1,1,1,0.0
202300004406,155 672 776,A01,1,7,0,2,3,15,1,0.0
202300004406,155 672 778,B01,1,42,0,2,1,17,0,0.0
202300004407,155 672 777,A01,3,7,0,2,2,19,1,0.0
202300004407,155 672 780,B01,3,2,0,2,1,1,1,0.0
202300004408,155 672 774,A01,1,7,0,0,1,13,1,0.0
202300004409,155 672 771,A01,2,50,0,1,1,2,3,0.0
202300004410,155 672 773,A01,0,7,0,2,3,15,1,0.0
202300004410,155 672 775,B01,0,2,0,0,0,0,1,0.0
202300004411,155 672 770,A01,1,7,0,2,6,15,1,0.0
202300004411,155 672 772,B01,1,2,0,2,1,1,1,0.0
202300004412,155 672 767,A01,2,33,0,2,1,1,1,0.0
202300004412,155 672 769,B01,1,7,0,2,1,23,1,0.0
202300004413,155 672 766,A01,0,7,0,1,1,2,0,0.0
202300004414,155 672 765,B01,3,7,0,2,1,26,3,0.0
202300004414,155 672 768,A01,3,7,0,2,1,13,1,0.0
202300004415,155 672 764,A01,3,1,0,0,0,0,5,0.0
202300004416,155 672 763,A01,2,7,8,1,3,1,1,0.0
202300004417,155 672 760,A01,3,10,0,2,1,1,1,0.0
202300004417,155 672 762,B01,1,7,0,2,2,15,0,0.0
202300004418,155 672 759,B01,1,7,0,2,2,1,1,0.0
202300004418,155 672 761,A01,3,7,0,2,3,16,1,0.0
202300004419,155 672 756,A01,3,7,0,2,3,13,1,0.0
202300004419,155 672 758,B01,3,7,0,2,3,1,1,0.0
202300004420,155 672 754,A01,3,7,0,2,7,16,1,0.0
202300004420,155 672 757,B01,3,50,0,2,1,19,3,0.0
202300004421,155 672 753,A01,1,7,0,2,3,13,1,0.0
202300004421,155 672 755,B01,2,7,0,0,3,1,1,0.0
202300004422,155 672 751,B01,3,2,0,2,7,2,1,0.0
202300004422,155 672 752,A01,3,7,0,2,3,9,1,0.0
202300004423,155 672 750,A01,2,7,3,0,7,14,1,0.0
202300004424,155 672 748,A01,2,1,0,0,8,1,5,0.0
202300004425,155 672 746,A01,1,7,0,0,0,1,1,0.0
202300004425,155 672 747,B01,1,33,0,0,0,17,1,0.0
202300004426,155 672 745,B01,3,7,0,2,1,1,1,0.0
202300004426,155 672 749,A01,3,7,0,2,7,1,1,0.0
202300004427,155 672 743,A01,1,13,0,2,4,2,1,0.0
202300004427,155 672 744,B01,1,7,0,2,1,2,1,0.0
202300004428,155 672 741,A01,1,7,0,1,1,1,1,0.0
202300004429,155 672 739,A01,1,7,0,2,4,10,1,0.0
202300004429,155 672 742,B01,2,32,0,2,1,2,1,0.0
202300004430,155 672 738,A01,3,32,0,2,1,1,3,0.0
202300004430,155 672 740,B01,3,7,0,2,4,1,1,0.0
202300004431,155 672 737,A01,0,7,8,0,1,1,1,0.0
202300004432,155 672 734,B01,1,7,0,2,1,2,1,0.0
202300004432,155 672 736,A01,1,7,0,2,4,23,1,0.0
202300004433,155 672 732,B01,3,50,0,2,1,1,3,0.0
202300004433,155 672 735,A01,3,7,0,2,2,1,1,0.0
202300004434,155 672 730,A01,1,7,0,1,1,1,1,0.0
202300004435,155 672 729,C01,1,7,0,0,1,1,1,0.0
202300004435,155 672 731,A01,1,7,0,0,1,13,0,0.0
202300004435,155 672 733,B01,1,7,0,0,3,1,1,0.0
202300004436,155 672 726,A01,1,7,0,1,3,1,1,0.0
202300004437,155 672 728,A01,1,7,0,1,1,1,1,0.0
202300004438,155 672 725,B01,2,7,0,2,1,1,0,0.0
202300004438,155 672 727,A01,1,2,0,2,1,5,0,0.0
202300004439,155 672 721,B01,2,1,0,2,1,2,5,0.0
202300004439,155 672 724,A01,2,7,0,9,4,0,1,0.0
202300004440,155 672 720,B01,2,33,0,2,1,1,1,0.0
202300004440,155 672 723,A01,1,7,0,2,7,15,1,0.0
202300004441,155 672 719,A01,1,10,12,0,6,23,1,0.0
202300004441,155 672 722,B01,1,10,0,2,2,0,1,0.0
202300004442,155 672 716,B01,2,2,0,2,1,1,3,0.0
202300004442,155 672 717,A01,1,7,0,2,3,15,1,0.0
202300004443,155 672 715,A01,1,7,0,1,2,1,1,0.0
202300004444,155 672 711,A01,3,7,16,0,1,21,1,0.0
202300004445,155 672 710,A01,0,7,0,2,3,16,1,0.0
202300004445,155 672 712,B01,0,32,0,2,8,1,1,0.0
202300004446,155 672 705,B01,2,15,0,2,8,19,1,0.0
202300004446,155 672 707,A01,2,7,0,2,8,1,1,0.0
202300004447,155 672 704,A01,1,7,0,2,2,16,1,0.0
202300004447,155 672 706,B01,1,80,0,2,8,1,3,0.0
202300004448,155 672 698,B01,3,7,0,2,2,1,1,0.0
202300004448,155 672 701,A01,3,7,0,2,2,5,1,0.0
202300004449,155 672 697,C01,2,99,0,2,0,2,1,0.0
202300004449,155 672 699,A01,2,7,0,2,1,2,1,0.0
202300004449,155 672 702,B01,2,33,0,2,4,2,1,0.0
202300004450,155 672 695,A01,1,7,2,0,1,0,1,0.0
202300004451,155 672 692,B01,1,2,0,2,4,2,1,0.0
202300004451,155 672 694,A01,1,10,0,2,1,2,1,0.0
202300004452,155 672 691,A01,2,1,0,9,1,1,5,0.0
202300004453,155 672 687,B01,1,32,0,2,7,1,1,0.0
202300004453,155 672 689,A01,2,7,0,2,2,9,1,0.0
202300004454,155 672 684,B01,1,7,0,2,3,21,1,0.0
202300004454,155 672 688,A01,2,7,0,2,3,21,0,0.0
202300004455,155 672 685,A01,2,30,0,2,1,2,1,0.0
202300004455,155 672 686,B01,1,7,0,2,4,2,1,0.0
202300004456,155 672 682,B01,1,31,0,2,1,1,1,0.0
202300004456,155 672 683,A01,2,7,0,2,5,15,1,0.0
202300004457,155 672 678,B01,2,7,0,2,7,13,1,0.0
202300004457,155 672 680,A01,1,7,0,2,1,1,3,0.0
202300004458,155 672 679,A01,1,7,0,2,6,13,2,0.0
202300004458,155 672 681,B01,1,33,0,2,2,1,1,0.0
202300004459,155 672 675,B01,1,33,0,2,2,2,0,0.0
202300004459,155 672 676,A01,1,7,0,2,8,10,1,0.0
202300004460,155 672 674,A01,2,1,0,2,0,15,5,0.0
202300004460,155 672 677,B01,2,7,0,2,3,2,3,0.0
202300004461,155 672 673,A01,2,7,0,6,2,1,1,0.0
202300004462,155 672 670,A01,1,33,0,2,1,17,1,0.0
202300004462,155 672 672,B01,1,7,0,2,6,15,1,0.0
202300004463,155 672 666,A01,1,36,0,2,5,1,1,0.0
202300004463,155 672 669,B01,2,7,0,2,1,15,1,0.0
202300004464,155 672 663,A01,2,7,0,2,3,9,1,0.0
202300004464,155 672 667,B01,1,2,0,2,1,1,1,0.0
202300004465,155 672 662,A01,1,7,0,2,1,1,1,0.0
202300004465,155 672 665,C01,2,99,1,2,1,5,1,0.0
202300004466,155 672 657,A01,2,7,1,0,3,13,1,0.0
202300004467,155 672 655,C01,2,33,0,2,4,1,1,0.0
202300004467,155 672 659,A01,2,10,0,2,1,2,1,0.0
202300004467,155 672 661,B01,2,10,0,2,5,1,1,0.0
202300004467,155 672 664,D01,2,10,0,2,5,0,1,0.0
202300004468,155 672 650,A01,2,7,0,1,1,1,1,0.0
202300004469,155 672 651,B01,1,80,0,2,1,19,3,0.0
202300004469,155 672 653,A01,1,14,0,2,0,16,1,0.0
202300004470,155 672 647,A01,0,7,0,0,1,0,1,0.0
202300004471,155 672 645,A01,2,7,0,2,1,15,1,0.0
202300004471,155 672 646,B01,1,30,0,2,8,1,1,0.0
202300004472,155 672 644,B01,1,7,0,2,3,1,1,0.0
202300004472,155 672 648,A01,3,7,0,2,2,19,0,0.0
202300004473,155 672 643,A01,3,7,0,1,8,1,1,0.0
202300004474,155 672 640,B01,3,7,0,2,1,5,1,0.0
202300004474,155 672 642,A01,3,10,0,2,1,5,1,0.0
202300004475,155 672 639,B01,1,31,0,2,2,3,1,0.0
202300004475,155 672 641,A01,2,10,0,2,1,0,1,0.0
202300004476,155 672 637,A01,3,7,0,1,2,1,1,0.0
202300004477,155 672 636,B01,1,7,0,2,3,1,0,0.0
202300004477,155 672 638,A01,2,33,0,2,8,13,1,0.0
202300004478,155 672 634,A01,2,7,4,0,9,6,1,0.0
202300004479,155 672 635,A01,1,7,17,0,2,14,1,0.0
202300004480,155 672 633,A01,0,7,0,1,1,1,1,0.0
202300004481,155 672 629,B01,1,50,0,2,1,2,3,0.0
202300004481,155 672 631,A01,1,7,0,2,7,20,1,0.0
202300004482,155 672 630,A01,1,7,0,2,2,15,1,0.0
202300004482,155 672 632,B01,2,33,0,2,1,1,1,0.0
202300004483,155 672 627,A01,2,7,2,0,1,1,1,0.0
202300004484,155 672 625,A01,3,7,0,2,1,1,0,0.0
202300004484,155 672 628,B01,3,50,0,2,8,0,3,0.0
202300004485,155 672 624,Z01,0,7,0,2,5,17,1,0.0
202300004485,155 672 626,A01,1,34,8,2,5,1,1,0.0
202300004486,155 672 620,B01,1,2,0,2,7,9,1,0.0
202300004486,155 672 623,A01,2,7,0,2,3,9,1,0.0
202300004487,155 672 621,A01,2,7,2,0,7,1,1,0.0
202300004488,155 672 619,A01,1,7,8,0,1,2,1,0.0
202300004489,155 672 614,A01,1,10,0,2,3,15,1,0.0
202300004489,155 672 616,B01,2,7,0,0,3,1,1,0.0
202300004490,155 672 612,A01,1,2,0,2,8,15,1,0.0
202300004490,155 672 617,B01,1,7,8,2,7,1,1,0.0
202300004491,155 672 611,B01,2,32,0,2,8,1,0,0.0
202300004491,155 672 615,A01,1,7,0,2,1,15,0,0.0
202300004492,155 672 608,A01,3,7,0,1,2,1,0,0.0
202300004493,155 672 604,A01,2,7,0,2,1,9,1,0.0
202300004493,155 672 609,B01,2,7,0,2,8,26,1,0.0
202300004494,155 672 603,A01,3,7,0,2,2,19,1,0.0
202300004494,155 672 607,B01,3,7,8,2,3,1,1,0.0
202300004495,155 672 602,C01,2,3,0,0,0,0,1,0.0
202300004495,155 672 605,A01,2,34,0,2,8,13,1,0.0
202300004495,155 672 606,B01,1,3,0,2,8,1,1,0.0
202300004496,155 672 600,A01,2,7,15,0,2,14,1,0.0
202300004497,155 672 601,A01,3,2,12,0,8,15,1,0.0
202300004498,155 672 598,A01,1,50,0,1,1,25,3,0.0
202300004499,155 672 596,B01,2,10,0,2,4,1,1,0.0
202300004499,155 672 599,A01,2,2,0,2,1,2,1,0.0
202300004500,155 672 593,A01,1,30,0,2,1,2,1,0.0
202300004500,155 672 595,B01,1,32,0,2,1,0,1,0.0
202300004500,155 672 597,C01,1,7,1,2,4,15,1,0.0
202300004501,155 672 591,A01,3,10,0,2,4,26,1,0.0
202300004501,155 672 594,B01,3,31,0,2,1,1,1,0.0
202300004502,155 672 589,C01,1,7,0,2,2,23,1,0.0
202300004502,155 672 590,A01,1,7,0,2,3,22,1,0.0
202300004502,155 672 592,B01,1,80,1,0,1,1,3,0.0
202300004503,155 672 587,A01,2,33,0,1,1,1,1,0.0
202300004504,155 672 588,A01,1,7,2,0,2,1,1,0.0
202300004505,155 672 586,A01,1,7,3,0,1,1,1,0.0
202300004506,155 672 581,A01,1,7,8,0,5,1,1,0.0
202300004507,155 672 580,B01,1,31,0,2,8,17,1,0.0
202300004507,155 672 584,A01,1,7,0,2,3,15,1,0.0
202300004508,155 672 583,A01,1,33,0,2,1,16,1,0.0
202300004508,155 672 585,B01,2,7,0,2,1,23,1,0.0
202300004509,155 672 573,B01,3,7,0,2,2,15,1,0.0
202300004509,155 672 577,A01,3,7,0,2,1,1,1,0.0
202300004510,155 672 576,A01,1,10,3,0,9,1,1,0.0
202300004511,155 672 575,A01,3,7,0,2,6,1,1,0.0
202300004511,155 672 578,B01,3,2,0,2,3,17,1,0.0
202300004512,155 672 572,A01,2,7,3,2,1,13,1,0.0
202300004512,155 672 574,B01,1,7,0,2,1,1,1,0.0
202300004513,155 672 570,A01,2,33,0,0,4,17,1,0.0
202300004514,155 672 569,A01,3,32,0,1,1,17,1,0.0
202300004515,155 672 568,B01,2,7,0,2,2,1,1,0.0
202300004515,155 672 571,A01,2,10,9,2,1,1,0,0.0
202300004516,155 672 564,A01,1,34,14,1,2,19,6,0.0
202300004517,155 672 562,A01,3,10,0,2,1,2,1,0.0
202300004517,155 672 565,B01,3,7,0,2,4,2,1,0.0
202300004517,155 672 567,C01,3,7,0,2,4,2,1,0.0
202300004518,155 672 561,B01,1,7,0,2,3,21,1,0.0
202300004518,155 672 563,A01,1,1,0,2,7,19,5,0.0
202300004519,155 672 558,A01,1,33,0,2,2,0,1,0.0
202300004519,155 672 560,B01,2,10,0,2,6,9,1,0.0
202300004520,155 672 556,A01,1,7,0,1,1,0,1,0.0
202300004521,155 672 552,A01,2,7,8,0,0,0,1,0.0
202300004522,155 672 550,B01,2,1,0,2,2,17,5,0.0
202300004522,155 672 554,A01,2,7,0,2,6,15,1,0.0
202300004523,155 672 548,B01,1,7,0,2,1,1,1,0.0
202300004523,155 672 549,Z01,2,7,0,2,1,5,1,0.0
202300004524,155 672 547,A01,2,7,0,2,7,19,1,0.0
202300004524,155 672 551,B01,2,33,0,2,1,1,1,0.0
202300004525,155 672 546,A01,2,30,0,0,0,0,1,0.0
202300004526,155 672 545,A01,1,7,13,0,8,13,1,0.0
202300004527,155 672 544,A01,2,10,0,1,3,5,1,0.0
202300004528,155 672 542,A01,2,60,15,0,7,26,5,0.0
202300004529,155 672 543,A01,1,7,0,1,3,1,1,0.0
202300004530,155 672 538,A01,1,7,0,2,1,5,1,0.0
202300004530,155 672 541,B01,2,33,0,0,1,1,1,0.0
202300004531,155 672 539,A01,1,10,0,4,8,1,1,0.0
202300004531,155 672 540,B01,2,40,0,2,1,1,3,0.0
202300004532,155 672 533,B01,2,80,0,2,1,5,3,0.0
202300004532,155 672 535,A01,1,7,0,2,1,9,1,0.0
202300004533,155 672 534,A01,2,7,0,2,1,13,1,0.0
202300004533,155 672 537,B01,1,7,0,2,1,1,1,0.0
202300004534,155 672 532,A01,2,7,0,2,1,1,1,0.0
202300004534,155 672 536,B01,2,1,0,2,7,1,5,0.0
202300004535,155 672 530,A01,1,1,0,1,0,1,5,0.0
202300004536,155 672 528,B01,0,7,0,0,8,0,0,0.0
202300004536,155 672 531,A01,0,7,0,0,8,0,0,0.0
202300004537,155 672 527,A01,1,7,0,2,7,1,2,0.0
202300004537,155 672 529,B01,2,1,0,2,1,15,5,0.0
202300004538,155 672 526,A01,1,10,0,1,6,4,1,0.0
202300004539,155 672 523,A01,3,7,0,2,1,19,1,0.0
202300004539,155 672 525,B01,2,7,0,0,8,1,1,0.0
202300004540,155 672 520,A01,2,7,0,0,1,0,1,0.0
202300004541,155 672 517,B01,-1,7,0,2,7,23,1,0.0
202300004541,155 672 524,A01,3,7,0,2,1,16,2,0.0
202300004542,155 672 519,A01,2,50,0,2,1,17,3,0.0
202300004542,155 672 522,B01,1,7,0,2,3,15,1,0.0
202300004543,155 672 518,A01,1,7,0,2,2,15,1,0.0
202300004543,155 672 521,B01,2,30,0,2,1,1,1,0.0
202300004544,155 672 512,A01,0,2,0,0,8,15,1,0.0
202300004545,155 672 511,A01,2,17,0,0,1,2,1,0.0
202300004545,155 672 514,B01,2,17,0,0,4,2,1,0.0
202300004545,155 672 516,C01,2,14,0,0,4,2,1,0.0
202300004546,155 672 510,A01,1,7,0,0,4,1,1,0.0
202300004546,155 672 515,B01,1,7,8,2,1,0,1,0.0
202300004547,155 672 507,A01,1,10,0,2,1,2,1,0.0
202300004547,155 672 513,B01,1,7,0,2,1,1,1,0.0
202300004548,155 672 508,A01,1,7,0,2,1,17,1,0.0
202300004548,155 672 509,B01,2,7,0,2,1,1,1,0.0
202300004549,155 672 506,A01,2,7,13,0,3,1,1,0.0
202300004550,155 672 503,A01,1,7,0,2,3,15,1,0.0
202300004550,155 672 505,B01,1,33,0,2,1,3,1,0.0
202300004551,155 672 502,B01,1,30,12,2,8,16,1,0.0
202300004551,155 672 504,A01,1,7,0,2,2,15,1,0.0
202300004552,155 672 498,A01,3,7,0,1,2,1,1,0.0
202300004553,155 672 495,A01,1,7,0,2,3,11,1,0.0
202300004553,155 672 497,B01,1,33,0,2,5,1,1,0.0
202300004554,155 672 493,A01,1,10,0,2,6,23,1,0.0
202300004554,155 672 496,D01,1,14,0,2,1,1,1,0.0
202300004554,155 672 500,C01,1,7,0,2,1,2,1,0.0
202300004554,155 672 501,B01,1,7,0,2,2,2,1,0.0
202300004555,155 672 492,A01,3,7,0,1,6,9,1,0.0
202300004556,155 672 494,A01,1,7,0,2,3,15,1,0.0
202300004556,155 672 499,B01,2,33,0,2,1,1,1,0.0
202300004557,155 672 491,A01,1,7,2,0,9,1,1,0.0
202300004558,155 672 490,A01,1,7,2,0,2,14,1,0.0
202300004559,155 672 489,A01,2,0,0,1,0,1,0,0.0
202300004560,155 672 487,A01,2,33,0,0,-1,26,1,0.0
202300004561,155 672 486,A01,2,7,0,2,3,1,1,0.0
202300004561,155 672 488,B01,1,32,0,2,1,13,1,0.0
202300004562,155 672 484,A01,1,7,0,0,0,0,1,0.0
202300004563,155 672 485,A01,3,7,0,0,1,0,1,0.0
202300004564,155 672 482,A01,0,10,0,9,2,25,1,0.0
202300004564,155 672 483,B01,0,1,0,2,1,25,5,0.0
202300004565,155 672 481,A01,1,7,2,0,3,15,1,0.0
202300004566,155 672 479,A01,1,7,0,1,1,1,1,0.0
202300004567,155 672 477,A01,2,7,0,2,1,1,1,0.0
202300004567,155 672 480,B01,3,7,0,2,6,1,1,0.0
202300004568,155 672 476,A01,2,7,0,2,2,15,1,0.0
202300004568,155 672 478,B01,1,33,0,2,0,0,1,0.0
202300004569,155 672 475,A01,3,21,16,0,3,13,1,0.0
202300004570,155 672 472,A01,1,1,0,2,0,26,5,0.0
202300004570,155 672 473,B01,1,7,0,2,1,1,1,0.0
202300004571,155 672 470,A01,1,7,0,0,9,19,1,0.0
202300004572,155 672 469,B01,0,37,0,2,1,1,1,4.0
202300004572,155 672 474,A01,0,7,0,2,7,16,1,0.0
202300004573,155 672 468,A01,3,7,0,2,1,17,1,0.0
202300004573,155 672 471,B01,3,7,0,2,3,15,1,0.0
202300004574,155 672 466,A01,3,31,0,2,2,1,1,0.0
202300004574,155 672 467,B01,3,7,0,2,3,9,1,0.0
202300004575,155 672 463,A01,1,7,0,2,3,1,1,0.0
202300004575,155 672 465,B01,1,2,0,2,7,1,1,0.0
202300004576,155 672 464,A01,2,7,13,0,1,1,1,0.0
202300004577,155 672 460,A01,1,0,0,1,0,0,0,0.0
202300004578,155 672 458,B01,2,7,0,2,7,15,1,0.0
202300004578,155 672 462,A01,2,33,0,2,1,1,1,0.0
202300004579,155 672 459,A01,3,7,0,9,0,0,1,0.0
202300004579,155 672 461,B01,1,60,0,2,0,15,5,0.0
202300004580,155 672 456,A01,2,7,0,1,1,1,1,0.0
202300004581,155 672 450,A01,1,7,0,2,2,1,1,0.0
202300004581,155 672 454,B01,3,1,1,2,8,19,5,0.0
202300004582,155 672 449,FA01,2,7,0,2,6,2,1,0.0
202300004582,155 672 453,B01,2,33,0,2,6,2,1,0.0
202300004583,155 672 448,B01,1,7,16,2,3,26,1,0.0
202300004583,155 672 451,RA01,1,7,0,2,1,2,1,0.0
202300004584,155 672 447,B01,0,1,0,2,1,0,5,0.0
202300004584,155 672 452,A01,0,7,0,9,8,26,1,0.0
202300004585,155 672 443,B01,1,34,0,2,1,13,1,0.0
202300004585,155 672 446,A01,2,7,0,2,3,1,1,0.0
202300004586,155 672 442,A01,1,34,0,0,0,0,1,0.0
202300004587,155 672 441,B01,3,50,0,2,3,1,3,0.0
202300004587,155 672 444,A01,3,7,0,9,3,26,1,0.0
202300004588,155 672 439,A01,2,10,0,9,3,9,0,0.0
202300004588,155 672 445,B01,2,50,0,2,2,9,3,0.0
202300004589,155 672 438,B01,1,1,0,2,0,0,5,0.0
202300004589,155 672 440,A01,1,7,0,9,6,1,1,0.0
202300004590,155 672 434,A01,1,7,0,2,0,0,1,0.0
202300004590,155 672 436,B01,1,1,0,2,0,0,5,0.0
202300004591,155 672 435,A01,3,40,0,1,2,1,3,0.0
202300004592,155 672 432,A01,2,7,4,2,1,1,1,0.0
202300004592,155 672 437,B01,2,7,0,2,4,23,1,0.0
202300004593,155 672 431,A01,1,7,8,0,1,14,1,0.0
202300004594,155 672 430,A01,1,10,0,2,2,1,1,0.0