num_acc,id_vehicule,num_veh,senc,catv,obs,obsm,choc,manv,motor,occutc
202300004594,155 672 433,B01,1,2,0,2,1,1,1,0.0
202300004595,155 672 425,B01,1,1,0,2,7,1,5,0.0
202300004595,155 672 429,A01,1,7,0,2,8,22,1,0.0
202300004596,155 672 427,A01,2,33,3,0,3,12,1,0.0
202300004597,155 672 423,B01,2,10,0,2,8,15,1,0.0
202300004597,155 672 426,A01,2,33,0,2,7,17,1,0.0
202300004598,155 672 421,A01,1,7,0,2,1,1,1,0.0
202300004598,155 672 428,B01,1,7,0,2,8,0,1,0.0
202300004599,155 672 418,A01,2,7,3,2,2,0,1,0.0
202300004599,155 672 422,B01,2,7,0,2,6,0,1,0.0
202300004599,155 672 424,C01,2,7,0,2,8,0,1,0.0
202300004600,155 672 417,A01,1,7,0,2,7,22,1,0.0
202300004600,155 672 420,B01,1,1,0,2,3,1,5,0.0
202300004601,155 672 416,A01,2,7,0,2,2,2,1,0.0
202300004601,155 672 419,B01,2,1,0,2,4,13,5,0.0
202300004602,155 672 413,A01,2,31,0,0,0,0,1,0.0
202300004603,155 672 411,A01,0,7,0,2,1,1,1,0.0
202300004603,155 672 415,B01,0,80,0,2,8,19,3,0.0
202300004604,155 672 407,A01,2,10,0,2,3,16,1,0.0
202300004604,155 672 412,B01,1,1,0,2,2,1,5,0.0
202300004605,155 672 405,B01,2,7,0,2,5,1,1,0.0
202300004605,155 672 409,A01,1,7,0,2,1,15,1,0.0
202300004606,155 672 404,A01,1,7,0,2,3,1,1,0.0
202300004606,155 672 408,B01,2,80,0,2,1,1,3,0.0
202300004607,155 672 401,B01,2,1,0,2,8,13,5,0.0
202300004607,155 672 403,A01,2,7,0,9,7,17,2,0.0
202300004608,155 672 402,B01,1,1,0,9,0,16,5,0.0
202300004608,155 672 406,A01,0,1,0,9,0,15,5,0.0
202300004609,155 672 397,B01,1,7,0,2,4,1,1,0.0
202300004609,155 672 400,A01,1,7,0,2,1,1,1,0.0
202300004610,155 672 396,A01,2,7,0,2,8,22,1,0.0
202300004610,155 672 398,B01,2,1,1,0,2,1,5,0.0
202300004611,155 672 394,A01,1,10,0,1,3,13,1,0.0
202300004612,155 672 392,B01,3,33,0,2,7,1,1,0.0
202300004612,155 672 395,A01,3,7,0,2,3,9,1,0.0
202300004613,155 672 388,A01,1,10,0,2,7,16,1,0.0
202300004613,155 672 390,B01,1,1,0,2,8,1,5,0.0
202300004614,155 672 387,C01,1,7,0,2,8,1,0,0.0
202300004614,155 672 389,A01,2,13,0,2,3,13,0,0.0
202300004614,155 672 393,B01,1,7,0,2,8,1,0,0.0
202300004615,155 672 386,A01,3,10,0,2,6,18,1,0.0
202300004615,155 672 391,B01,3,7,0,2,2,1,1,0.0
202300004616,155 672 383,A01,1,7,0,2,2,1,1,0.0
202300004617,155 672 381,A01,1,7,0,2,3,17,1,0.0
202300004617,155 672 384,B01,2,7,0,0,3,21,1,0.0
202300004617,155 672 385,C01,1,7,0,0,8,1,1,0.0
202300004618,155 672 380,A01,1,7,0,1,2,1,1,0.0
202300004619,155 672 379,A01,2,7,0,2,7,15,1,0.0
202300004619,155 672 382,B01,1,50,0,2,1,1,3,0.0
202300004620,155 672 378,A01,2,7,12,0,1,0,1,0.0
202300004621,155 672 373,A01,1,43,0,2,1,5,1,0.0
202300004621,155 672 377,B01,2,7,0,2,3,15,2,0.0
202300004622,155 672 371,A01,1,7,0,2,8,15,1,0.0
202300004622,155 672 375,B01,1,31,0,2,1,1,1,0.0
202300004623,155 672 369,A01,2,33,0,2,3,13,1,0.0
202300004623,155 672 374,B01,1,7,0,2,6,1,1,0.0
202300004624,155 672 372,B01,2,7,0,2,0,1,1,0.0
202300004624,155 672 376,A01,1,7,0,2,2,15,1,0.0
202300004625,155 672 367,A01,1,3,0,2,8,1,1,0.0
202300004625,155 672 370,B01,3,50,0,2,8,1,3,0.0
202300004626,155 672 365,B01,1,7,0,2,3,2,1,0.0
202300004626,155 672 368,A01,1,7,9,2,1,9,1,0.0
202300004627,155 672 363,A01,2,10,0,2,8,16,1,0.0
202300004627,155 672 366,B01,1,50,0,2,1,1,3,0.0
202300004628,155 672 361,A01,2,7,0,2,6,1,1,0.0
202300004628,155 672 364,B01,2,7,0,2,1,0,0,0.0
202300004629,155 672 360,A01,1,7,7,2,7,17,1,0.0
202300004629,155 672 362,B01,1,38,5,0,3,1,1,1.0
202300004630,155 672 357,A01,1,7,4,0,0,0,1,0.0
202300004631,155 672 354,B01,2,7,0,2,1,15,1,0.0
202300004631,155 672 358,A01,2,7,0,2,2,17,1,0.0
202300004632,155 672 352,A01,3,7,0,2,1,5,1,0.0
202300004632,155 672 355,C01,3,7,0,2,0,16,1,0.0
202300004632,155 672 359,B01,3,7,0,2,1,1,1,0.0
202300004633,155 672 350,A01,2,7,0,2,2,1,1,0.0
202300004633,155 672 356,B01,2,7,0,2,9,18,1,0.0
202300004634,155 672 348,A01,2,7,0,2,1,15,1,0.0
202300004634,155 672 353,B01,3,2,0,2,1,1,1,0.0
202300004635,155 672 347,A01,2,7,0,1,2,1,1,0.0
202300004636,155 672 344,C01,1,7,0,2,4,1,1,0.0
202300004636,155 672 349,A01,2,10,8,2,1,1,1,0.0
202300004636,155 672 351,B01,1,7,0,2,7,15,1,0.0
202300004637,155 672 343,A01,2,7,0,2,1,2,3,0.0
202300004637,155 672 345,B01,0,7,0,2,4,2,1,0.0
202300004638,155 672 340,A01,1,43,2,0,1,26,1,0.0
202300004639,155 672 342,B01,3,10,0,2,2,1,0,0.0
202300004639,155 672 346,A01,3,30,0,2,0,16,0,0.0
202300004640,155 672 339,A01,1,7,0,1,1,1,1,0.0
202300004641,155 672 336,A01,2,7,0,2,1,3,1,0.0
202300004641,155 672 338,C01,2,10,0,2,0,2,1,0.0
202300004641,155 672 341,B01,2,7,0,2,4,2,1,0.0
202300004642,155 672 330,A01,2,7,0,2,3,21,1,0.0
202300004642,155 672 333,B01,2,7,0,2,2,1,1,0.0
202300004642,155 672 337,C01,2,7,0,2,5,2,1,0.0
202300004643,155 672 331,A01,1,7,0,0,8,15,1,0.0
202300004643,155 672 334,B01,1,33,0,0,1,1,1,0.0
202300004644,155 672 328,B01,2,2,0,2,1,1,-1,0.0
202300004644,155 672 332,A01,3,7,0,2,1,13,0,0.0
202300004645,155 672 324,A01,2,7,0,2,5,15,1,0.0
202300004645,155 672 327,B01,1,30,0,2,1,1,1,0.0
202300004646,155 672 323,A01,1,7,5,9,0,1,6,0.0
202300004647,155 672 321,A01,2,7,0,2,1,2,1,0.0
202300004647,155 672 325,B01,2,7,0,2,4,2,1,0.0
202300004648,155 672 320,A01,1,2,0,2,1,19,1,0.0
202300004648,155 672 326,B01,2,10,0,0,8,1,1,0.0
202300004649,155 672 319,B01,2,1,0,2,2,13,5,0.0
202300004649,155 672 322,A01,1,50,0,2,1,1,3,0.0
202300004650,155 672 315,A01,3,7,0,2,3,9,1,0.0
202300004650,155 672 318,B01,3,30,0,2,1,26,1,0.0
202300004651,155 672 311,B01,1,7,0,2,3,19,1,0.0
202300004651,155 672 316,A01,2,33,0,2,1,1,1,0.0
202300004652,155 672 309,A01,3,7,0,2,3,1,1,0.0
202300004652,155 672 314,B01,0,7,0,2,3,1,1,0.0
202300004653,155 672 308,A01,1,10,0,2,2,1,1,0.0
202300004653,155 672 312,B01,1,33,0,2,4,9,1,0.0
202300004654,155 672 307,A01,2,7,0,0,4,2,1,0.0
202300004654,155 672 310,B01,2,7,0,2,1,1,1,0.0
202300004654,155 672 313,C01,2,7,0,2,4,1,1,0.0
202300004654,155 672 317,D01,2,7,0,2,1,2,1,0.0
202300004655,155 672 303,B01,3,7,0,2,1,1,1,0.0
202300004655,155 672 306,A01,3,7,0,2,0,0,3,0.0
202300004656,155 672 301,A01,2,7,0,9,6,9,1,0.0
202300004656,155 672 304,B01,2,1,0,2,7,1,5,0.0
202300004657,155 672 299,A01,1,7,3,0,0,1,1,0.0
202300004658,155 672 298,B01,2,7,0,2,4,23,1,0.0
202300004658,155 672 302,C01,2,7,0,2,4,23,1,0.0
202300004658,155 672 305,A01,2,7,0,2,1,21,1,0.0
202300004659,155 672 297,B01,2,15,0,2,1,2,0,0.0
202300004659,155 672 300,A01,1,7,15,2,1,0,0,0.0
202300004660,155 672 294,A01,2,7,3,0,1,14,1,0.0
202300004661,155 672 292,A01,1,7,0,2,2,1,1,0.0
202300004661,155 672 296,B01,1,33,0,2,4,2,1,0.0
202300004662,155 672 293,A01,2,7,0,2,7,16,1,0.0
202300004662,155 672 295,B01,2,1,0,2,8,1,5,0.0
202300004663,155 672 291,A01,1,7,4,0,1,1,1,0.0
202300004664,155 672 283,B01,2,60,0,2,8,1,5,0.0
202300004664,155 672 287,A01,2,7,0,2,1,1,1,0.0
202300004665,155 672 284,B01,1,33,0,2,7,3,1,0.0
202300004665,155 672 288,A01,1,7,0,2,3,11,1,0.0
202300004666,155 672 286,A01,1,31,0,2,1,2,1,0.0
202300004666,155 672 289,B01,1,7,0,2,4,1,1,0.0
202300004667,155 672 285,B01,3,2,0,2,8,2,0,0.0
202300004667,155 672 290,A01,3,7,0,2,5,17,0,0.0
202300004668,155 672 281,B01,2,7,0,2,4,12,1,0.0
202300004668,155 672 282,A01,2,33,0,2,9,3,1,0.0
202300004669,155 672 276,A01,1,50,0,2,7,17,3,0.0
202300004669,155 672 280,B01,1,7,0,2,3,15,3,0.0
202300004670,155 672 275,A01,1,7,0,2,3,9,1,0.0
202300004670,155 672 279,B01,1,17,0,2,2,1,0,0.0
202300004671,155 672 273,B01,2,1,0,2,1,14,5,0.0
202300004671,155 672 278,Z01,1,7,0,2,2,1,1,0.0
202300004672,155 672 270,B01,2,50,0,2,4,0,3,0.0
202300004672,155 672 277,A01,2,7,0,2,1,19,1,0.0
202300004673,155 672 268,A01,1,2,0,2,0,1,1,0.0
202300004673,155 672 271,B01,1,7,0,2,0,15,1,0.0
202300004674,155 672 263,B01,1,7,0,2,4,2,1,0.0
202300004674,155 672 266,A01,1,7,0,2,1,2,1,0.0
202300004675,155 672 262,B01,1,2,0,2,8,1,1,0.0
202300004675,155 672 265,A01,1,10,0,2,7,16,1,0.0
202300004676,155 672 264,A01,1,7,0,2,1,2,1,0.0
202300004676,155 672 267,C01,1,7,0,2,4,2,1,0.0
202300004676,155 672 269,B01,1,7,0,2,4,2,1,0.0
202300004677,155 672 260,A01,1,7,0,4,8,1,1,0.0
202300004677,155 672 261,B01,1,40,0,2,1,1,3,0.0
202300004678,155 672 257,A01,2,7,0,2,2,15,1,0.0
202300004678,155 672 259,B01,1,2,0,2,1,1,3,0.0
202300004679,155 672 252,A01,1,7,0,2,1,26,1,0.0
202300004679,155 672 256,B01,1,7,0,2,6,26,1,0.0
202300004679,155 672 258,C01,1,7,0,2,8,26,1,0.0
202300004680,155 672 251,A01,1,7,0,2,1,1,1,0.0
202300004680,155 672 255,B01,1,33,0,2,8,1,1,0.0
202300004681,155 672 249,A01,2,7,0,2,2,16,1,0.0
202300004681,155 672 253,B01,2,33,0,2,8,1,1,0.0
202300004682,155 672 247,C01,1,7,0,2,4,23,2,0.0
202300004682,155 672 250,A01,1,7,0,2,1,1,1,0.0
202300004682,155 672 254,B01,1,10,0,2,4,23,1,0.0
202300004683,155 672 246,A01,1,7,0,2,8,10,1,0.0
202300004683,155 672 248,B01,1,33,0,2,1,1,1,0.0
202300004684,155 672 242,A01,1,7,0,2,1,2,1,0.0
202300004684,155 672 245,B01,1,7,0,2,4,2,3,0.0
202300004685,155 672 240,A01,2,7,0,2,0,0,1,0.0
202300004685,155 672 243,B01,2,1,0,2,0,0,5,0.0
202300004686,155 672 238,A01,2,7,0,2,1,1,1,0.0
202300004686,155 672 241,B01,2,7,0,2,4,1,1,0.0
202300004687,155 672 236,A01,3,50,0,0,0,1,3,0.0
202300004688,155 672 237,AC01,2,7,0,2,3,1,1,0.0
202300004688,155 672 239,Z01,2,7,9,2,9,1,1,0.0
202300004688,155 672 244,B01,1,1,0,2,1,1,5,0.0
202300004689,155 672 232,A01,1,33,0,2,1,0,1,0.0
202300004689,155 672 234,B01,1,7,0,0,8,26,1,0.0
202300004690,155 672 233,B01,1,60,0,2,8,26,5,0.0
202300004690,155 672 235,A01,1,7,0,2,1,1,1,0.0
202300004691,155 672 229,A01,1,10,4,2,2,12,1,0.0
202300004691,155 672 231,B01,1,34,4,2,1,3,1,0.0
202300004692,155 672 228,A01,1,2,0,0,7,1,1,0.0
202300004693,155 672 227,B01,2,7,0,2,1,1,1,0.0
202300004693,155 672 230,A01,1,7,0,2,2,5,1,0.0
202300004694,155 672 225,A01,1,10,12,0,4,23,0,0.0
202300004694,155 672 226,B01,1,10,12,0,1,2,1,0.0
202300004695,155 672 219,A01,1,33,0,2,1,13,1,0.0
202300004695,155 672 223,B01,2,7,0,2,6,16,1,0.0
202300004696,155 672 220,A01,2,33,0,2,2,3,1,0.0
202300004696,155 672 224,B01,2,7,0,2,8,11,1,0.0
202300004697,155 672 217,A01,1,7,2,0,7,0,1,0.0
202300004698,155 672 216,A01,1,1,0,2,1,1,5,0.0
202300004698,155 672 221,B01,3,7,0,2,7,1,1,0.0
202300004699,155 672 218,A01,2,7,0,2,8,13,1,0.0
202300004699,155 672 222,B01,0,1,0,2,7,13,5,0.0
202300004700,155 672 215,A01,1,7,6,0,1,1,1,0.0
202300004701,155 672 211,B01,1,7,0,2,5,1,1,0.0
202300004701,155 672 214,A01,1,32,0,2,1,11,1,0.0
202300004702,155 672 209,A01,2,33,6,0,1,11,1,0.0
202300004703,155 672 207,A01,1,7,0,2,3,1,1,0.0
202300004703,155 672 213,B01,2,1,0,2,1,1,5,0.0
202300004704,155 672 206,B01,1,7,0,2,6,2,1,0.0
202300004704,155 672 210,A01,1,31,0,2,1,2,1,0.0
202300004705,155 672 208,B01,2,33,0,2,1,1,1,0.0
202300004705,155 672 212,A01,2,7,0,2,1,9,1,0.0
202300004706,155 672 201,A01,1,7,0,2,0,0,1,0.0
202300004706,155 672 204,B01,1,1,0,2,0,0,5,0.0
202300004707,155 672 202,A01,1,7,0,1,5,16,1,0.0
202300004708,155 672 199,A01,1,10,0,2,5,2,1,0.0
202300004708,155 672 203,B01,1,31,0,2,5,3,1,0.0
202300004708,155 672 205,C01,1,31,0,2,1,3,1,0.0
202300004709,155 672 198,A01,2,7,0,1,1,16,1,0.0
202300004710,155 672 197,B01,2,1,0,2,1,1,5,0.0
202300004710,155 672 200,A01,1,2,0,2,1,12,1,0.0
202300004711,155 672 194,A01,1,7,0,2,1,1,1,0.0
202300004711,155 672 196,B01,1,1,0,2,0,1,5,0.0
202300004712,155 672 193,A01,1,7,0,2,1,2,1,0.0
202300004712,155 672 195,B01,1,2,0,2,4,2,1,0.0
202300004713,155 672 187,A01,1,7,4,0,8,0,1,0.0
202300004714,155 672 189,A01,3,7,0,2,8,22,1,0.0
202300004714,155 672 191,B01,2,1,0,2,1,1,5,0.0
202300004715,155 672 185,B01,1,34,0,2,2,1,1,0.0
202300004715,155 672 192,Z01,2,7,0,2,3,16,1,0.0
202300004716,155 672 184,A01,1,7,0,2,3,15,1,0.0
202300004716,155 672 188,B01,2,1,0,2,8,1,5,0.0
202300004717,155 672 186,B01,1,14,0,2,7,16,1,0.0
202300004717,155 672 190,A01,1,1,0,2,1,17,5,0.0
202300004718,155 672 183,A01,2,7,13,0,7,17,1,0.0
202300004719,155 672 181,A01,1,7,0,2,1,13,1,0.0
202300004719,155 672 182,B01,2,7,0,2,1,1,1,0.0
202300004720,155 672 179,Z01,1,50,0,1,7,25,3,0.0
202300004721,155 672 173,B01,2,7,0,2,3,1,1,0.0
202300004721,155 672 177,A01,1,7,0,2,1,13,1,0.0
202300004722,155 672 176,A01,1,7,0,2,3,15,1,0.0
202300004722,155 672 180,B01,2,30,0,2,2,21,1,0.0
202300004723,155 672 174,B01,1,7,0,2,3,1,1,0.0
202300004723,155 672 178,A01,2,2,0,2,1,13,1,0.0
202300004724,155 672 170,Z01,2,80,0,1,1,1,3,0.0
202300004725,155 672 169,B01,1,7,0,2,8,1,1,0.0
202300004725,155 672 171,C01,1,7,0,2,4,1,1,0.0
202300004725,155 672 172,D01,1,7,0,2,4,1,1,0.0
202300004725,155 672 175,A01,1,7,0,2,0,12,1,0.0
202300004726,155 672 167,A01,2,7,5,1,3,19,6,0.0
202300004727,155 672 161,A01,2,7,0,2,1,0,1,0.0
202300004727,155 672 164,B01,2,60,0,2,7,1,5,0.0
202300004728,155 672 163,B01,2,2,0,2,7,1,1,0.0
202300004728,155 672 168,Z01,2,10,0,2,1,15,1,0.0
202300004729,155 672 160,A01,1,33,3,0,8,17,0,0.0
202300004730,155 672 159,A01,2,7,0,2,1,1,1,0.0
202300004730,155 672 166,B01,2,7,0,2,3,1,1,0.0
202300004731,155 672 162,A01,3,14,0,2,1,2,1,0.0
202300004731,155 672 165,B01,3,2,0,0,4,2,3,0.0
202300004732,155 672 158,A01,2,7,1,0,2,0,1,0.0
202300004733,155 672 156,A01,3,1,0,0,2,1,5,0.0
202300004734,155 672 152,A01,3,7,0,9,2,14,0,0.0
202300004734,155 672 155,B01,3,60,0,2,1,1,5,0.0
202300004735,155 672 151,B01,3,1,0,2,3,2,5,0.0
202300004735,155 672 154,A01,3,7,0,2,2,14,1,0.0
202300004736,155 672 149,A01,2,32,0,2,0,26,1,0.0
202300004736,155 672 150,B01,2,10,0,2,7,16,1,0.0
202300004737,155 672 153,A01,1,33,0,2,7,12,1,0.0
202300004737,155 672 157,B01,1,7,0,2,3,16,1,0.0
202300004738,155 672 146,A01,3,30,0,2,1,17,1,0.0
202300004738,155 672 148,B01,3,10,0,2,3,15,1,0.0
202300004739,155 672 145,A01,2,33,0,2,0,1,0,0.0
202300004739,155 672 147,B01,1,7,0,2,3,1,0,0.0
202300004740,155 672 142,A01,2,7,0,0,0,0,1,0.0
202300004741,155 672 138,A01,1,1,12,0,1,1,5,0.0
202300004742,155 672 141,A01,1,7,0,2,3,22,1,0.0
202300004742,155 672 144,B01,1,1,0,2,0,1,5,0.0
202300004743,155 672 137,A01,1,7,0,2,2,18,1,0.0
202300004743,155 672 140,B01,1,2,0,2,3,18,1,0.0
202300004744,155 672 136,A01,1,1,0,0,0,0,5,0.0
202300004745,155 672 135,A01,1,34,11,0,1,17,1,0.0
202300004746,155 672 134,A01,1,1,14,0,0,1,5,0.0
202300004747,155 672 132,A01,1,10,0,0,2,26,1,0.0
202300004748,155 672 131,A01,1,30,0,0,0,0,1,0.0
202300004749,155 672 126,A01,1,2,0,2,1,0,1,0.0
202300004749,155 672 130,B01,3,7,0,2,2,9,1,0.0
202300004750,155 672 124,A01,1,7,0,2,3,6,1,0.0
202300004750,155 672 129,B01,1,50,0,0,1,1,3,0.0
202300004751,155 672 123,A01,2,7,0,2,1,1,1,0.0
202300004751,155 672 127,B01,2,1,0,2,8,1,5,0.0
202300004752,155 672 122,A01,1,7,0,2,1,1,1,0.0
202300004752,155 672 128,B01,1,7,0,2,4,15,0,0.0
202300004753,155 672 121,A01,1,7,0,2,6,22,2,0.0
202300004753,155 672 125,B01,1,2,1,0,7,17,1,0.0
202300004754,155 672 118,A01,3,7,0,0,8,1,0,0.0
202300004754,155 672 120,B01,3,1,0,2,1,19,5,0.0
202300004755,155 672 116,A01,1,10,0,1,1,1,1,0.0
202300004756,155 672 114,A01,3,33,0,1,1,2,0,0.0
202300004757,155 672 115,A01,1,7,0,2,1,13,1,0.0
202300004757,155 672 117,B01,2,7,0,2,1,1,1,0.0
202300004758,155 672 112,B01,1,7,0,2,3,9,1,0.0
202300004758,155 672 119,A01,2,7,0,2,1,1,1,0.0
202300004759,155 672 110,A01,3,33,0,4,7,9,1,0.0
202300004759,155 672 113,B01,1,39,0,2,1,1,3,0.0
202300004760,155 672 108,A01,1,33,0,2,1,2,1,0.0
202300004760,155 672 111,B01,1,7,0,2,4,1,1,0.0
202300004761,155 672 106,A01,2,50,0,2,8,13,3,0.0
202300004761,155 672 109,B01,2,7,0,9,2,2,1,0.0
202300004762,155 672 104,A01,2,7,14,0,1,1,0,0.0
202300004763,155 672 101,A01,1,7,2,0,1,1,1,0.0
202300004763,155 672 105,B01,1,99,8,2,3,0,1,0.0
202300004764,155 672 097,A01,1,2,0,2,0,0,1,0.0
202300004764,155 672 100,B01,2,7,0,2,0,0,1,0.0
202300004765,155 672 096,B01,1,7,0,2,4,2,1,0.0
202300004765,155 672 099,A01,1,30,0,2,1,2,1,0.0
202300004766,155 672 095,A01,2,7,0,2,3,15,1,0.0
202300004766,155 672 098,B01,2,34,0,2,1,17,1,0.0
202300004767,155 672 093,A01,3,7,0,1,1,1,1,0.0
202300004768,155 672 092,B01,3,1,0,2,0,0,5,0.0
202300004768,155 672 094,A01,1,10,0,9,2,2,1,0.0
202300004769,155 672 088,A01,1,7,0,2,2,16,1,0.0
202300004769,155 672 091,B01,1,60,0,2,8,1,5,0.0
202300004770,155 672 087,A01,1,7,16,2,1,0,0,0.0
202300004770,155 672 090,B01,2,7,16,2,1,0,1,0.0
202300004771,155 672 083,A01,2,7,0,2,1,1,0,0.0
202300004771,155 672 085,B01,2,7,0,2,4,23,0,0.0
202300004771,155 672 089,C01,1,7,0,2,4,1,1,0.0
202300004772,155 672 081,A01,2,7,13,0,1,1,1,0.0
202300004773,155 672 076,B01,1,7,0,2,3,0,1,0.0
202300004773,155 672 080,A01,2,7,0,2,7,1,1,0.0
202300004774,155 672 079,A01,2,7,0,2,3,15,0,0.0
202300004774,155 672 082,B01,1,33,0,2,1,1,0,0.0
202300004775,155 672 074,A01,3,0,0,2,0,26,0,0.0
202300004775,155 672 077,B01,3,50,0,2,1,5,3,0.0
202300004776,155 672 073,B01,2,7,0,2,8,1,1,0.0
202300004776,155 672 075,A01,1,7,0,2,8,1,1,0.0
202300004777,155 672 072,A01,1,1,0,2,1,1,5,0.0
202300004777,155 672 078,B01,2,7,0,2,3,1,1,0.0
202300004778,155 672 067,A01,1,7,0,2,1,1,0,0.0
202300004778,155 672 068,B01,2,7,0,2,2,0,0,0.0
202300004779,155 672 065,B01,0,1,1,2,4,1,5,0.0
202300004779,155 672 071,A01,0,7,0,2,1,16,1,0.0
202300004780,155 672 064,A01,3,99,0,2,1,19,0,0.0
202300004780,155 672 069,B01,2,99,0,2,5,1,1,0.0
202300004781,155 672 063,A01,1,7,0,2,1,2,1,0.0
202300004781,155 672 066,B01,1,7,0,2,4,23,2,0.0
202300004782,155 672 062,A01,1,31,0,2,1,19,1,0.0
202300004782,155 672 070,B01,1,7,0,2,3,15,1,0.0
202300004783,155 672 060,A01,1,33,0,0,0,0,0,0.0
202300004784,155 672 059,A01,1,10,0,1,3,15,1,0.0
202300004785,155 672 058,A01,3,2,0,2,1,21,1,0.0
202300004785,155 672 061,B01,3,10,0,2,3,21,1,0.0
202300004786,155 672 057,A01,3,7,0,1,0,11,1,0.0
202300004787,155 672 055,B01,1,10,0,2,3,1,1,0.0
202300004787,155 672 056,A01,1,7,0,2,1,1,1,0.0
202300004788,155 672 054,A01,1,7,9,2,2,1,1,0.0
202300004789,155 672 053,A01,1,7,2,0,0,1,1,0.0
202300004790,155 672 050,B01,2,0,0,2,1,2,0,0.0
202300004790,155 672 052,A01,2,37,0,2,6,2,0,1.0
202300004791,155 672 049,A01,1,7,0,2,3,15,1,0.0
202300004791,155 672 051,B01,1,33,0,2,1,17,1,0.0
202300004792,155 672 048,A01,1,33,1,0,0,0,1,0.0
202300004793,155 672 047,A01,3,7,0,1,1,1,0,0.0
202300004794,155 672 046,A01,1,7,3,0,2,1,1,0.0
202300004795,155 672 043,A01,3,7,10,0,1,20,3,0.0
202300004796,155 672 038,B01,2,7,0,2,4,1,1,0.0
202300004796,155 672 044,A01,2,7,0,2,1,1,1,0.0
202300004797,155 672 041,A01,2,33,0,2,4,23,1,0.0
202300004797,155 672 045,B01,2,15,0,2,1,1,1,0.0
202300004798,155 672 039,A01,2,7,0,2,0,1,1,0.0
202300004798,155 672 042,B01,2,60,0,2,0,1,5,0.0
202300004799,155 672 040,A01,3,7,1,0,7,2,0,0.0
202300004800,155 672 037,A01,3,33,0,0,1,1,1,0.0
202300004801,155 672 033,Y01,2,1,0,2,0,9,5,0.0
202300004801,155 672 035,A01,2,7,0,9,0,9,1,0.0
202300004802,155 672 032,A01,2,7,11,0,3,1,1,0.0
202300004803,155 672 031,A01,1,7,0,2,1,13,0,0.0
202300004803,155 672 036,B01,2,7,0,2,1,0,0,0.0
202300004804,155 672 030,A01,1,7,0,2,2,0,1,0.0
202300004804,155 672 034,B01,1,30,0,2,0,0,1,0.0
202300004805,155 672 028,A01,3,30,0,2,1,2,1,0.0
202300004805,155 672 029,B01,3,7,0,2,4,2,1,0.0
202300004806,155 672 024,A01,2,7,1,0,0,0,1,0.0
202300004807,155 672 023,A01,3,7,14,0,4,23,0,0.0
202300004807,155 672 025,B01,3,2,14,0,4,23,1,0.0
202300004807,155 672 027,C01,2,7,14,0,1,1,0,0.0
202300004808,155 672 022,B01,3,2,0,2,1,2,1,0.0
202300004808,155 672 026,A01,3,2,0,2,4,18,1,0.0
202300004809,155 672 021,A01,3,7,0,1,1,1,3,0.0
202300004810,155 672 020,A01,1,7,0,1,1,1,1,0.0
202300004811,155 672 019,A01,1,7,6,1,0,0,1,0.0
202300004812,155 672 017,A01,1,7,0,1,3,1,1,0.0
202300004813,155 672 012,B01,1,7,0,2,1,2,1,0.0
202300004813,155 672 015,A01,1,7,0,2,4,23,1,0.0
202300004814,155 672 011,A01,1,7,0,2,0,0,1,0.0
202300004814,155 672 014,B01,1,60,0,2,0,1,5,0.0
202300004815,155 672 008,A01,3,7,0,1,2,1,1,0.0
202300004816,155 672 010,A01,1,7,0,2,3,11,1,0.0
202300004816,155 672 013,B01,2,7,0,2,1,1,1,0.0
202300004817,155 672 006,B01,1,7,0,2,5,16,1,0.0
202300004817,155 672 009,A01,1,34,0,2,1,9,1,0.0
202300004818,155 672 007,A01,2,7,0,1,3,15,1,0.0
202300004819,155 672 003,A01,1,7,0,2,0,15,1,0.0
202300004819,155 672 005,B01,2,7,0,2,0,0,1,0.0
202300004820,155 672 002,A01,2,2,0,2,1,1,0,0.0
202300004820,155 672 004,B01,1,7,0,2,5,15,1,0.0
202300004821,155 671 998,B01,1,32,0,2,4,2,1,0.0
202300004821,155 672 000,A01,1,7,0,2,2,2,1,0.0
202300004822,155 671 999,A01,1,13,0,2,7,2,0,0.0
202300004822,155 672 001,B01,1,33,0,2,8,2,0,0.0
202300004823,155 671 996,A01,2,7,0,2,4,2,1,0.0
202300004823,155 671 997,B01,2,7,0,2,1,2,1,0.0
202300004824,155 671 995,A01,1,7,13,0,0,1,1,0.0
202300004825,155 671 992,A01,1,7,0,1,1,1,1,0.0
202300004826,155 671 993,A01,0,7,0,1,3,1,1,0.0
202300004827,155 671 991,A01,1,50,0,2,1,15,3,0.0
202300004827,155 671 994,B01,1,1,0,2,2,1,5,0.0
202300004828,155 671 989,A01,2,7,0,1,2,1,1,0.0
202300004829,155 671 986,A01,1,7,0,2,0,0,1,0.0
202300004829,155 671 990,B01,1,1,0,2,0,0,5,0.0
202300004830,155 671 985,B01,3,7,0,9,5,16,1,0.0
202300004830,155 671 987,A01,3,50,0,2,2,2,3,0.0
202300004831,155 671 978,A01,2,7,0,2,4,2,1,0.0
202300004831,155 671 981,B01,2,10,0,2,1,2,1,0.0
202300004831,155 671 984,C01,2,15,0,2,1,2,1,0.0
202300004832,155 671 980,A01,2,3,1,0,2,16,0,0.0
202300004832,155 671 982,B01,1,30,1,2,0,18,1,0.0
202300004833,155 671 976,A01,0,33,0,2,2,3,1,0.0
202300004833,155 671 979,B01,0,10,0,2,5,2,1,0.0
202300004834,155 671 977,A01,3,7,3,2,3,13,1,0.0