num_acc,id_vehicule,num_veh,senc,catv,obs,obsm,choc,manv,motor,occutc
202300004834,155 671 983,B01,3,7,0,2,2,2,1,0.0
202300004835,155 671 974,A01,3,7,0,2,5,15,1,0.0
202300004836,155 671 972,A01,1,1,0,2,1,9,5,0.0
202300004836,155 671 975,B01,2,1,0,2,1,1,5,0.0
202300004837,155 671 969,A01,1,7,0,2,1,2,1,0.0
202300004837,155 671 971,B01,1,7,0,2,4,1,1,0.0
202300004838,155 671 970,A01,1,7,0,0,1,26,1,0.0
202300004838,155 671 973,B01,1,80,9,2,7,19,3,0.0
202300004839,155 671 967,A01,0,7,0,2,1,1,1,0.0
202300004839,155 671 968,B01,0,7,0,2,7,0,1,0.0
202300004840,155 671 965,A01,2,33,15,0,1,1,1,0.0
202300004841,155 671 963,A01,1,7,0,1,1,1,1,0.0
202300004842,155 671 964,A01,2,7,0,2,2,16,1,0.0
202300004842,155 671 966,B01,0,50,0,0,1,1,3,0.0
202300004843,155 671 961,A01,0,7,0,2,5,15,1,0.0
202300004843,155 671 962,B01,0,33,0,2,1,1,1,0.0
202300004844,155 671 956,A01,1,7,0,2,1,2,1,0.0
202300004844,155 671 959,B01,1,33,0,2,4,2,1,0.0
202300004845,155 671 958,B01,2,7,0,2,1,26,1,0.0
202300004845,155 671 960,A01,1,2,0,0,0,13,0,0.0
202300004846,155 671 954,B01,0,7,0,2,1,1,1,0.0
202300004846,155 671 957,A01,0,30,0,2,3,1,1,0.0
202300004847,155 671 953,A01,2,31,0,0,0,1,1,0.0
202300004848,155 671 952,A01,1,7,0,2,6,19,0,0.0
202300004848,155 671 955,B01,1,34,0,2,1,2,1,0.0
202300004849,155 671 949,DA01,3,30,12,0,0,26,1,0.0
202300004850,155 671 946,A01,2,7,1,0,2,14,0,0.0
202300004851,155 671 947,B01,1,7,0,2,4,2,1,0.0
202300004851,155 671 951,A01,1,7,1,0,1,2,1,0.0
202300004852,155 671 945,A01,2,33,0,2,9,26,1,0.0
202300004852,155 671 948,B01,2,7,0,2,6,2,1,0.0
202300004852,155 671 950,C01,2,7,0,2,8,2,1,0.0
202300004853,155 671 944,A01,2,7,0,1,1,1,1,0.0
202300004854,155 671 943,A01,1,7,8,0,1,13,1,0.0
202300004855,155 671 941,A01,1,7,0,1,1,10,1,0.0
202300004856,155 671 939,A01,2,15,0,1,1,1,1,0.0
202300004857,155 671 940,B01,1,33,0,0,9,1,1,0.0
202300004857,155 671 942,A01,1,33,0,0,9,1,1,0.0
202300004858,155 671 934,A01,1,99,0,2,5,16,0,0.0
202300004858,155 671 936,B01,1,17,0,2,3,16,0,0.0
202300004858,155 671 937,C01,1,7,0,2,7,16,0,0.0
202300004859,155 671 932,A01,2,7,0,0,3,2,1,0.0
202300004859,155 671 935,B01,1,7,0,0,3,2,0,0.0
202300004860,155 671 930,B01,3,7,0,0,7,1,1,0.0
202300004860,155 671 933,A01,3,2,0,2,1,19,1,0.0
202300004861,155 671 928,A01,1,7,0,2,8,11,1,0.0
202300004861,155 671 931,B01,1,7,0,2,2,2,1,0.0
202300004862,155 671 925,A01,1,7,0,2,3,15,1,0.0
202300004862,155 671 927,B01,1,32,0,2,7,1,1,0.0
202300004863,155 671 924,A01,1,10,9,2,1,2,1,0.0
202300004863,155 671 926,B01,1,7,0,2,4,2,1,0.0
202300004863,155 671 929,C01,1,7,0,2,4,2,1,0.0
202300004864,155 671 921,A01,1,7,0,1,3,1,1,0.0
202300004865,155 671 919,A01,2,7,0,2,1,10,1,0.0
202300004865,155 671 923,B01,1,34,0,2,2,1,1,0.0
202300004866,155 671 918,A01,3,7,0,2,3,19,1,0.0
202300004866,155 671 920,B01,3,2,0,2,1,17,1,0.0
202300004867,155 671 917,B01,2,10,0,2,2,10,1,0.0
202300004867,155 671 922,A01,2,31,0,2,1,21,1,0.0
202300004868,155 671 916,A01,1,7,0,2,1,1,1,0.0
202300004869,155 671 915,A01,2,7,2,0,1,13,1,0.0
202300004870,155 671 909,A01,2,13,16,0,3,3,1,0.0
202300004870,155 671 912,B01,1,37,16,0,1,3,1,4.0
202300004871,155 671 908,B01,1,7,0,2,8,14,1,0.0
202300004871,155 671 913,A01,1,32,0,2,5,1,1,0.0
202300004872,155 671 906,A01,2,7,13,0,1,21,1,0.0
202300004873,155 671 903,Y01,3,60,0,9,1,0,5,0.0
202300004873,155 671 905,A01,3,1,0,2,1,1,5,0.0
202300004874,155 671 902,A01,1,10,0,2,1,1,1,0.0
202300004874,155 671 904,B01,1,7,0,2,4,1,1,0.0
202300004875,155 671 898,A01,2,7,0,2,3,1,1,0.0
202300004875,155 671 900,B01,1,7,0,2,3,1,1,0.0
202300004876,155 671 895,A01,1,13,0,9,4,2,1,0.0
202300004876,155 671 897,B01,1,7,0,9,4,2,1,0.0
202300004876,155 671 901,C01,1,7,0,9,4,0,1,0.0
202300004877,155 671 896,A01,1,7,0,1,2,1,1,0.0
202300004878,155 671 894,A01,2,10,0,2,1,15,1,0.0
202300004878,155 671 899,B01,1,1,0,2,1,1,5,0.0
202300004879,155 671 890,A01,3,80,0,0,0,0,3,0.0
202300004879,155 671 893,B01,3,34,0,2,1,1,1,0.0
202300004880,155 671 892,A01,1,35,0,0,0,0,1,0.0
202300004881,155 671 888,A01,3,7,0,1,7,15,1,0.0
202300004882,155 671 889,A01,3,33,14,2,1,17,1,0.0
202300004882,155 671 891,B01,3,14,0,2,6,12,1,0.0
202300004883,155 671 884,A01,0,33,0,2,1,2,1,0.0
202300004883,155 671 887,B01,0,37,0,2,2,16,1,1.0
202300004884,155 671 882,A01,3,7,0,9,3,1,1,0.0
202300004884,155 671 886,B01,2,33,0,2,1,1,1,0.0
202300004885,155 671 881,A01,1,50,0,2,1,1,3,0.0
202300004885,155 671 883,B01,2,2,0,2,0,3,0,0.0
202300004886,155 671 880,A01,2,7,0,2,2,1,1,0.0
202300004886,155 671 885,B01,2,7,0,2,2,1,1,0.0
202300004887,155 671 879,Z01,1,32,0,1,1,1,0,0.0
202300004888,155 671 876,A01,1,1,12,0,1,21,5,0.0
202300004889,155 671 874,B01,2,33,0,0,1,2,0,0.0
202300004889,155 671 878,A01,2,7,0,0,3,9,3,0.0
202300004890,155 671 873,B01,2,7,0,2,2,1,1,0.0
202300004890,155 671 877,A01,1,7,0,2,3,19,1,0.0
202300004891,155 671 870,A01,1,7,0,9,4,1,0,0.0
202300004891,155 671 871,B01,1,7,0,2,1,1,0,0.0
202300004892,155 671 868,A01,0,10,6,0,2,17,1,0.0
202300004893,155 671 869,A01,0,7,0,2,1,17,1,0.0
202300004893,155 671 872,B01,0,7,0,2,1,26,1,0.0
202300004893,155 671 875,C01,0,7,0,2,7,21,1,0.0
202300004894,155 671 866,A01,0,7,0,9,1,21,1,0.0
202300004894,155 671 867,B01,0,1,0,2,4,2,5,0.0
202300004895,155 671 864,A01,3,7,15,0,2,0,1,0.0
202300004896,155 671 863,A01,2,7,15,2,3,26,1,0.0
202300004896,155 671 865,B01,2,7,0,2,7,1,1,0.0
202300004897,155 671 862,A01,1,1,0,1,2,25,5,0.0
202300004898,155 671 857,A01,2,7,0,2,3,9,1,0.0
202300004898,155 671 860,B01,2,33,0,2,1,2,1,0.0
202300004899,155 671 856,B01,1,30,0,2,7,1,1,0.0
202300004899,155 671 859,A01,1,7,0,2,8,15,1,0.0
202300004900,155 671 855,A01,1,7,0,9,2,1,1,0.0
202300004900,155 671 858,B01,2,1,0,2,1,9,5,0.0
202300004901,155 671 854,A01,1,7,0,0,9,21,1,0.0
202300004902,155 671 852,A01,2,7,0,1,2,1,1,0.0
202300004903,155 671 850,A01,2,7,0,2,3,9,3,0.0
202300004903,155 671 853,B01,2,1,0,2,2,1,5,0.0
202300004904,155 671 847,B01,2,1,0,2,1,1,5,0.0
202300004904,155 671 848,A01,1,7,0,2,1,26,1,0.0
202300004905,155 671 846,A01,2,7,0,2,3,9,1,0.0
202300004905,155 671 849,B01,2,7,0,2,2,1,0,0.0
202300004906,155 671 843,A01,2,7,0,2,3,16,1,0.0
202300004906,155 671 845,B01,2,1,0,2,2,16,5,0.0
202300004907,155 671 842,A01,1,7,0,1,1,1,1,0.0
202300004908,155 671 838,A01,1,40,0,1,1,1,3,0.0
202300004909,155 671 836,A01,1,30,0,2,1,2,1,0.0
202300004909,155 671 839,B01,1,7,0,2,4,0,1,0.0
202300004910,155 671 837,C01,2,7,0,2,1,0,0,0.0
202300004910,155 671 840,B01,2,7,0,2,1,0,0,0.0
202300004910,155 671 844,A01,2,7,3,0,1,0,0,0.0
202300004911,155 671 834,B01,1,7,0,0,5,26,1,0.0
202300004911,155 671 835,A01,1,33,1,0,1,1,1,0.0
202300004912,155 671 832,A01,1,37,0,1,0,1,4,1.0
202300004913,155 671 831,A01,1,7,0,2,7,15,1,0.0
202300004913,155 671 833,B01,2,31,0,2,1,1,1,0.0
202300004914,155 671 830,A01,1,7,8,1,1,14,0,0.0
202300004915,155 671 827,A01,2,7,4,0,3,1,1,0.0
202300004916,155 671 826,B01,1,7,0,2,2,1,1,0.0
202300004916,155 671 829,A01,2,7,13,2,7,17,1,0.0
202300004917,155 671 825,B01,2,1,0,2,1,1,5,0.0
202300004917,155 671 828,A01,2,7,0,2,3,15,1,0.0
202300004918,155 671 824,A01,1,7,0,1,3,1,0,0.0
202300004919,155 671 820,A01,1,33,0,2,3,13,1,0.0
202300004919,155 671 823,B01,2,7,3,2,3,1,1,0.0
202300004920,155 671 821,A01,1,7,2,0,3,1,1,0.0
202300004921,155 671 819,A01,1,7,6,0,2,1,1,0.0
202300004922,155 671 818,A01,3,7,0,2,3,1,1,0.0
202300004922,155 671 822,B01,3,7,0,2,2,15,1,0.0
202300004923,155 671 815,B01,3,10,0,2,6,1,1,0.0
202300004923,155 671 817,A01,3,80,0,2,1,1,3,0.0
202300004924,155 671 813,A01,1,7,0,9,8,15,1,0.0
202300004924,155 671 816,B01,1,1,0,2,7,16,5,0.0
202300004925,155 671 812,A01,2,7,0,2,3,1,1,0.0
202300004925,155 671 814,B01,2,2,0,2,7,1,1,0.0
202300004926,155 671 811,A01,3,7,8,0,8,1,1,0.0
202300004927,155 671 809,A01,2,33,0,6,1,1,1,0.0
202300004928,155 671 808,A01,1,30,7,0,1,1,1,0.0
202300004929,155 671 806,A01,2,7,0,2,6,15,1,0.0
202300004929,155 671 810,B01,1,33,0,2,1,1,1,0.0
202300004930,155 671 805,A01,3,30,0,2,3,15,1,0.0
202300004930,155 671 807,B01,3,7,0,2,3,16,1,0.0
202300004931,155 671 802,A01,1,7,0,2,3,13,1,0.0
202300004931,155 671 804,B01,2,7,0,2,3,1,1,0.0
202300004932,155 671 800,A01,2,17,0,1,1,1,1,0.0
202300004933,155 671 801,A01,3,7,0,0,6,1,0,0.0
202300004933,155 671 803,E01,0,50,0,2,2,19,3,0.0
202300004934,155 671 797,A01,2,7,0,2,7,15,1,0.0
202300004934,155 671 799,B01,1,32,0,2,1,1,1,0.0
202300004935,155 671 796,B01,2,13,0,2,5,16,1,0.0
202300004935,155 671 798,A01,2,1,0,2,3,1,5,0.0
202300004936,155 671 795,A01,2,7,0,1,2,1,1,0.0
202300004937,155 671 792,B01,2,10,0,2,2,1,1,0.0
202300004937,155 671 794,A01,2,7,0,2,6,10,1,0.0
202300004938,155 671 790,A01,3,37,0,2,5,1,6,1.0
202300004938,155 671 793,B01,3,1,0,2,8,1,5,0.0
202300004939,155 671 789,A01,1,7,6,0,1,1,1,0.0
202300004940,155 671 788,B01,2,1,0,2,8,1,5,0.0
202300004940,155 671 791,A01,2,7,0,2,7,16,1,0.0
202300004941,155 671 784,B01,2,1,0,2,1,1,5,0.0
202300004941,155 671 786,A01,1,1,0,2,1,13,5,0.0
202300004942,155 671 785,A01,1,7,0,2,1,17,1,0.0
202300004942,155 671 787,B01,2,7,0,2,3,1,1,0.0
202300004943,155 671 782,A01,1,7,15,0,1,1,1,0.0
202300004944,155 671 781,A01,1,7,0,2,8,15,1,0.0
202300004944,155 671 783,B01,2,30,0,2,1,1,1,0.0
202300004945,155 671 778,A01,1,0,0,2,1,0,0,0.0
202300004945,155 671 780,B01,0,1,0,2,1,0,5,0.0
202300004946,155 671 776,A01,2,1,0,0,0,1,5,0.0
202300004947,155 671 777,A01,1,31,0,2,3,13,1,0.0
202300004947,155 671 779,B01,2,7,0,2,3,5,1,0.0
202300004948,155 671 774,A01,1,7,0,2,1,2,1,0.0
202300004948,155 671 775,B01,1,7,0,1,4,1,1,0.0
202300004949,155 671 772,A01,1,43,0,2,1,1,1,0.0
202300004949,155 671 773,B01,1,10,0,2,4,1,1,0.0
202300004950,155 671 771,A01,1,7,0,1,1,1,1,0.0
202300004951,155 671 770,A01,2,7,2,0,1,13,1,0.0
202300004952,155 671 767,A01,3,10,0,1,8,26,1,0.0
202300004953,155 671 768,A01,1,3,0,0,0,1,1,0.0
202300004954,155 671 765,A01,3,7,0,2,3,15,1,0.0
202300004954,155 671 769,B01,3,1,0,2,3,5,5,0.0
202300004955,155 671 764,A01,2,7,0,9,5,9,1,0.0
202300004955,155 671 766,B01,2,1,0,2,5,14,5,0.0
202300004956,155 671 763,A01,0,2,1,0,1,0,1,0.0
202300004957,155 671 757,A01,3,33,0,2,8,26,1,0.0
202300004957,155 671 759,B01,3,10,0,2,3,1,1,0.0
202300004958,155 671 756,B01,1,7,0,2,4,1,1,0.0
202300004958,155 671 760,C01,1,7,0,2,4,1,1,0.0
202300004958,155 671 762,A01,1,7,0,2,1,1,0,0.0
202300004959,155 671 755,A01,3,7,1,0,1,26,1,0.0
202300004959,155 671 758,C01,0,7,0,2,0,0,0,0.0
202300004959,155 671 761,B01,1,7,0,2,0,0,1,0.0
202300004960,155 671 754,A01,1,7,13,0,3,1,1,0.0
202300004961,155 671 749,A01,1,60,0,2,3,26,5,0.0
202300004961,155 671 752,B01,1,7,0,2,1,23,1,0.0
202300004962,155 671 748,A01,1,7,0,2,1,2,1,0.0
202300004962,155 671 753,B01,1,7,0,2,5,2,1,0.0
202300004963,155 671 746,B01,1,33,0,2,2,17,1,0.0
202300004963,155 671 750,A01,1,7,0,2,6,17,1,0.0
202300004964,155 671 747,B01,2,7,0,2,1,1,1,0.0
202300004964,155 671 751,A01,1,7,0,2,2,13,1,0.0
202300004965,155 671 745,B01,1,10,0,1,1,1,1,0.0
202300004966,155 671 743,A01,1,33,0,1,1,1,0,0.0
202300004967,155 671 742,B01,2,1,0,0,7,21,0,0.0
202300004968,155 671 741,A01,0,2,0,2,0,2,1,0.0
202300004968,155 671 744,B01,1,10,0,2,7,15,1,0.0
202300004969,155 671 739,A01,1,7,1,1,3,1,2,0.0
202300004970,155 671 738,A01,1,7,0,2,8,15,1,0.0
202300004970,155 671 740,B01,2,15,0,2,2,1,1,0.0
202300004971,155 671 736,A01,3,30,0,0,0,1,1,0.0
202300004972,155 671 735,B01,2,14,0,2,1,1,1,0.0
202300004972,155 671 737,A01,1,10,0,2,1,13,1,0.0
202300004973,155 671 733,A01,1,10,0,2,2,0,1,0.0
202300004973,155 671 734,B01,1,7,0,0,6,1,1,0.0
202300004974,155 671 732,A01,3,7,0,1,6,26,3,0.0
202300004975,155 671 731,A01,3,7,0,1,3,16,1,0.0
202300004976,155 671 730,A01,2,38,6,0,2,2,1,21.0
202300004977,155 671 727,A01,2,7,0,2,1,1,1,0.0
202300004977,155 671 729,B01,2,33,0,0,4,1,1,0.0
202300004978,155 671 726,A01,2,7,0,2,4,15,1,0.0
202300004978,155 671 728,B01,2,10,0,2,1,2,1,0.0
202300004979,155 671 725,A01,1,7,0,0,3,1,1,0.0
202300004980,155 671 724,A01,1,33,0,0,8,1,1,0.0
202300004981,155 671 720,A01,2,7,0,2,6,2,1,0.0
202300004981,155 671 723,B01,2,31,0,2,1,2,1,0.0
202300004982,155 671 719,B01,1,7,0,2,3,15,1,0.0
202300004983,155 671 722,A01,2,33,0,0,8,15,1,0.0
202300004984,155 671 721,A01,2,7,10,0,9,1,1,0.0
202300004985,155 671 715,A01,1,7,12,0,3,26,0,0.0
202300004986,155 671 714,A01,2,7,0,2,1,1,1,0.0
202300004986,155 671 718,B01,1,7,0,2,1,13,1,0.0
202300004987,155 671 712,A01,1,7,0,2,1,2,1,0.0
202300004987,155 671 717,B01,1,7,0,2,4,23,1,0.0
202300004988,155 671 713,Z01,1,7,0,2,1,0,1,0.0
202300004988,155 671 716,A01,1,7,4,2,5,1,1,0.0
202300004989,155 671 708,A01,1,33,0,2,3,1,1,0.0
202300004989,155 671 711,B01,2,7,0,2,8,1,1,0.0
202300004990,155 671 706,A01,1,7,0,2,1,2,1,0.0
202300004991,155 671 704,B01,1,7,0,2,4,2,2,0.0
202300004991,155 671 707,A01,1,10,0,2,1,2,1,0.0
202300004991,155 671 709,C01,1,7,0,2,1,2,1,0.0
202300004992,155 671 705,A01,2,7,0,1,1,1,1,0.0
202300004993,155 671 703,A01,3,10,0,1,1,1,1,0.0
202300004994,155 671 700,A01,2,33,0,0,8,1,1,0.0
202300004995,155 671 699,A01,2,7,0,2,0,14,1,0.0
202300004995,155 671 701,B01,2,7,0,2,0,1,1,0.0
202300004996,155 671 698,A01,1,7,3,0,6,13,1,0.0
202300004996,155 671 702,B01,1,7,14,0,0,0,1,0.0
202300004997,155 671 695,A01,2,30,0,0,0,0,1,0.0
202300004998,155 671 693,A01,1,7,0,2,1,2,1,0.0
202300004998,155 671 696,B01,1,7,0,2,4,2,3,0.0
202300004999,155 671 694,A01,0,7,0,2,4,17,1,0.0
202300004999,155 671 697,B01,0,1,0,2,1,1,5,0.0
202300005000,155 671 692,A01,2,7,4,2,1,2,1,0.0
202300005001,155 671 689,A01,2,7,0,2,1,1,-1,0.0
202300005001,155 671 691,B01,2,7,0,2,4,1,-1,0.0
202300005002,155 671 687,A01,2,43,0,1,1,1,1,0.0
202300005003,155 671 686,A01,1,1,0,2,1,5,5,0.0
202300005003,155 671 690,B01,2,7,0,2,1,1,1,0.0
202300005004,155 671 685,B01,1,10,0,2,1,1,1,0.0
202300005004,155 671 688,A01,1,10,0,2,1,5,1,0.0
202300005005,155 671 683,A01,2,7,3,0,1,0,1,0.0
202300005006,155 671 680,A01,3,33,0,2,1,1,1,0.0
202300005006,155 671 682,B01,3,7,0,2,6,15,1,0.0
202300005007,155 671 679,A01,2,7,0,2,1,2,1,0.0
202300005007,155 671 681,B01,2,7,0,2,5,2,1,0.0
202300005008,155 671 678,A01,3,7,0,1,8,1,1,0.0
202300005009,155 671 676,B01,1,10,0,2,5,23,1,0.0
202300005009,155 671 677,A01,1,43,0,2,1,18,1,0.0
202300005010,155 671 672,B01,1,43,0,2,7,1,-1,0.0
202300005010,155 671 684,A01,1,7,0,2,3,15,1,0.0
202300005011,155 671 671,A01,1,7,0,2,3,11,1,0.0
202300005011,155 671 674,B01,1,7,0,0,5,1,1,0.0
202300005012,155 671 669,A01,1,7,0,2,1,2,1,0.0
202300005012,155 671 673,B01,1,7,0,2,4,2,1,0.0
202300005012,155 671 675,C01,1,7,0,2,4,2,1,0.0
202300005013,155 671 668,A01,2,7,0,2,3,13,1,0.0
202300005013,155 671 670,B01,1,7,0,2,6,1,1,0.0
202300005014,155 671 664,B01,2,31,0,2,1,1,1,0.0
202300005014,155 671 667,A01,1,7,0,2,7,15,1,0.0
202300005015,155 671 662,A01,1,7,0,2,2,12,1,0.0
202300005015,155 671 666,B01,1,33,0,2,3,3,1,0.0
202300005016,155 671 661,A01,2,33,0,2,8,3,1,0.0
202300005016,155 671 665,B01,2,7,0,2,7,1,1,0.0
202300005017,155 671 660,A01,3,7,0,1,3,1,1,0.0
202300005018,155 671 656,A01,1,33,0,2,1,3,1,0.0
202300005018,155 671 659,B01,1,7,0,0,4,12,1,0.0
202300005019,155 671 655,A01,2,1,0,2,0,5,5,0.0
202300005019,155 671 657,B01,1,7,0,2,8,16,1,0.0
202300005020,155 671 653,A01,2,7,0,2,5,12,1,0.0
202300005020,155 671 658,B01,2,31,0,2,3,0,1,0.0
202300005021,155 671 652,A01,3,7,0,2,8,10,1,0.0
202300005021,155 671 654,B01,3,34,0,2,1,17,1,0.0
202300005022,155 671 646,A01,3,7,6,0,1,9,2,0.0
202300005023,155 671 648,A01,2,1,0,0,0,21,5,0.0
202300005024,155 671 647,B01,1,7,0,2,4,2,1,0.0
202300005024,155 671 650,C01,1,7,0,2,4,2,1,0.0
202300005024,155 671 651,A01,1,10,0,2,1,1,1,0.0
202300005025,155 671 645,A01,2,33,0,2,8,3,1,0.0
202300005025,155 671 649,B01,2,7,0,2,5,12,1,0.0
202300005026,155 671 642,A01,1,7,0,1,1,1,1,0.0
202300005027,155 671 640,B01,2,7,0,2,3,11,1,0.0
202300005027,155 671 643,A01,2,43,0,2,7,1,1,0.0
202300005028,155 671 641,A01,2,43,4,2,1,2,1,0.0
202300005029,155 671 639,Z01,1,7,0,2,1,25,1,0.0
202300005029,155 671 644,B01,2,80,0,2,8,25,3,0.0
202300005030,155 671 635,A01,2,7,0,2,5,16,1,0.0
202300005030,155 671 638,B01,1,50,0,2,1,19,3,0.0
202300005031,155 671 634,B01,2,33,0,2,1,2,1,0.0
202300005031,155 671 637,A01,2,31,0,2,4,2,1,0.0
202300005032,155 671 631,A01,3,34,0,2,1,1,1,0.0
202300005032,155 671 632,B01,3,7,0,2,4,23,1,0.0
202300005033,155 671 626,A01,3,7,0,2,3,24,1,0.0
202300005033,155 671 629,B01,3,2,0,2,1,1,1,0.0
202300005034,155 671 627,D01,1,14,0,2,2,1,1,0.0
202300005034,155 671 630,B01,1,7,0,2,8,11,1,0.0
202300005034,155 671 633,C01,1,10,0,2,7,1,1,0.0
202300005034,155 671 636,A01,1,7,0,2,1,21,1,0.0
202300005035,155 671 620,A01,2,7,8,0,1,1,1,0.0
202300005036,155 671 619,A01,3,7,0,2,3,15,1,0.0
202300005036,155 671 623,B01,3,34,0,2,3,1,3,0.0
202300005037,155 671 621,B01,2,14,0,2,4,2,1,0.0
202300005037,155 671 624,A01,2,15,0,2,4,1,1,0.0
202300005037,155 671 625,C01,2,13,0,2,1,2,1,0.0
202300005037,155 671 628,D01,2,7,0,2,1,2,1,0.0
202300005038,155 671 622,A01,1,7,3,0,1,1,1,0.0
202300005039,155 671 615,A01,2,7,0,0,1,1,1,0.0
202300005040,155 671 614,A01,2,36,1,2,1,13,1,0.0
202300005040,155 671 618,B01,1,7,0,2,1,1,1,0.0
202300005041,155 671 613,A01,1,33,0,2,2,3,1,0.0
202300005041,155 671 616,B01,1,7,0,2,8,11,1,0.0
202300005042,155 671 610,A01,2,7,0,0,3,1,1,0.0
202300005043,155 671 609,A01,2,80,0,1,7,7,3,0.0
202300005044,155 671 607,A01,1,7,0,2,1,2,1,0.0
202300005044,155 671 611,B01,1,7,0,2,4,2,1,0.0
202300005045,155 671 608,A01,2,7,0,2,7,12,1,0.0
202300005045,155 671 612,B01,2,31,0,2,8,1,1,0.0
202300005046,155 671 605,A01,3,33,0,0,7,14,1,0.0
202300005047,155 671 604,A01,1,1,0,0,0,21,5,0.0
202300005048,155 671 602,A01,2,33,0,0,0,3,1,0.0
202300005049,155 671 601,A01,2,33,0,2,1,17,1,0.0
202300005049,155 671 603,B01,2,7,0,2,4,11,1,0.0
202300005049,155 671 606,C01,2,33,0,2,0,17,1,0.0
202300005050,155 671 596,A01,2,30,0,2,8,9,1,0.0
202300005050,155 671 600,B01,1,7,0,2,2,21,1,0.0
202300005051,155 671 597,A01,1,30,0,1,1,1,3,0.0
202300005052,155 671 595,A01,1,7,0,2,3,19,1,0.0
202300005052,155 671 598,B01,1,50,0,2,3,25,3,0.0
202300005053,155 671 594,A01,2,7,0,2,1,1,1,0.0
202300005053,155 671 599,B01,2,10,0,2,4,1,1,0.0
202300005054,155 671 593,A01,3,30,0,1,1,1,1,0.0
202300005055,155 671 591,A01,3,7,0,2,2,15,1,0.0
202300005055,155 671 592,B01,3,2,0,2,1,1,1,0.0
202300005056,155 671 589,A01,2,7,0,2,3,11,1,0.0
202300005056,155 671 590,B01,2,15,0,2,2,1,1,0.0
202300005057,155 671 586,A01,2,7,0,2,7,16,1,0.0
202300005057,155 671 587,B01,2,7,0,2,1,1,4,0.0
202300005058,155 671 584,A01,1,7,0,2,1,1,1,0.0
202300005058,155 671 585,B01,1,1,12,0,0,1,5,0.0
202300005059,155 671 579,A01,1,7,0,2,6,12,1,0.0
202300005059,155 671 588,B01,1,33,0,2,1,3,0,0.0
202300005060,155 671 577,A01,3,7,0,2,4,0,1,0.0
202300005060,155 671 582,B01,0,30,0,2,1,0,1,0.0
202300005061,155 671 578,A01,1,7,0,2,1,0,1,0.0
202300005061,155 671 580,B01,1,7,0,2,4,0,1,0.0
202300005061,155 671 583,C01,1,7,0,2,4,0,1,0.0
202300005062,155 671 576,A01,2,10,0,2,1,1,1,0.0
202300005062,155 671 581,B01,2,7,0,2,7,1,1,0.0
202300005063,155 671 573,A01,2,7,0,9,1,13,1,0.0
202300005063,155 671 575,B01,1,17,0,2,1,1,1,0.0
202300005064,155 671 571,A01,3,15,0,1,1,11,1,0.0
202300005065,155 671 566,A01,0,1,0,0,0,26,5,0.0
202300005066,155 671 568,C01,2,33,0,2,1,3,1,0.0
202300005066,155 671 570,A01,2,10,0,2,5,14,1,0.0
202300005066,155 671 572,D01,2,33,0,2,1,3,1,0.0
202300005066,155 671 574,B01,2,33,0,2,1,3,1,0.0
202300005067,155 671 563,C01,2,10,0,2,1,1,1,0.0
202300005067,155 671 564,A01,2,7,0,2,8,13,1,0.0
202300005067,155 671 565,B01,1,7,0,2,1,1,0,0.0
202300005067,155 671 567,D01,2,7,13,2,8,1,1,0.0
202300005067,155 671 569,E01,1,7,0,2,1,1,1,0.0
202300005068,155 671 560,B01,1,32,0,2,1,1,1,0.0
202300005068,155 671 562,A01,2,14,0,2,5,15,1,0.0
202300005069,155 671 559,A01,1,14,0,2,3,1,1,0.0
202300005069,155 671 561,B01,1,10,0,2,7,2,1,0.0
202300005070,155 671 557,B01,1,13,0,2,4,23,1,0.0
202300005070,155 671 558,A01,1,7,0,2,1,2,1,0.0
202300005071,155 671 555,A01,3,7,0,2,3,19,1,0.0
202300005071,155 671 556,B01,2,7,0,2,2,1,1,0.0
202300005072,155 671 552,A01,1,41,0,1,1,1,1,0.0
202300005073,155 671 550,A01,1,34,8,0,1,5,1,0.0
202300005074,155 671 551,B01,1,7,0,2,4,2,2,0.0
202300005074,155 671 553,C01,1,7,0,2,1,2,1,0.0
202300005074,155 671 554,A01,1,7,0,2,4,2,1,0.0
202300005075,155 671 549,A01,1,7,8,0,0,0,1,0.0
202300005076,155 671 548,A01,0,7,0,1,7,1,2,0.0
202300005077,155 671 547,A01,3,7,0,1,4,9,1,0.0
202300005078,155 671 545,B01,2,1,0,2,0,1,5,0.0
202300005078,155 671 546,A01,2,10,0,2,0,15,1,0.0
202300005079,155 671 540,A01,3,7,0,2,1,5,1,0.0
202300005079,155 671 543,B01,0,7,0,2,1,1,1,0.0
202300005080,155 671 542,A01,1,7,0,2,2,26,0,0.0
202300005080,155 671 544,B01,1,7,0,0,1,0,0,0.0
202300005081,155 671 539,B01,1,60,0,2,8,1,5,0.0
202300005081,155 671 541,A01,1,7,0,2,4,26,3,0.0
202300005082,155 671 538,A01,2,33,0,0,2,14,1,0.0
202300005083,155 671 536,A01,1,33,0,0,0,0,1,0.0
202300005084,155 671 535,A01,3,7,0,2,2,1,1,0.0
202300005084,155 671 537,B01,1,7,7,2,1,1,0,0.0
202300005085,155 671 533,B01,1,33,0,2,0,1,1,0.0
202300005085,155 671 534,A01,1,7,0,2,0,0,1,0.0
202300005086,155 671 532,A01,0,7,0,1,7,1,1,0.0
202300005087,155 671 530,B01,3,50,0,2,0,0,3,0.0