num_acc,id_vehicule,num_veh,senc,catv,obs,obsm,choc,manv,motor,occutc
202300006114,155 669 703,B01,2,80,0,2,1,2,3,0.0
202300006114,155 669 704,A01,2,10,0,2,2,16,1,0.0
202300006115,155 669 701,A01,2,50,0,2,3,2,3,0.0
202300006115,155 669 702,B01,2,7,0,2,3,2,1,0.0
202300006116,155 669 699,A01,1,32,0,2,1,16,0,0.0
202300006116,155 669 700,B01,2,1,0,2,8,2,5,0.0
202300006117,155 669 696,A01,0,7,0,2,4,11,0,0.0
202300006117,155 669 697,B01,0,7,0,2,1,1,0,0.0
202300006117,155 669 698,C01,0,10,0,2,1,1,0,0.0
202300006118,155 669 694,B01,3,7,0,2,2,9,1,0.0
202300006118,155 669 695,A01,1,43,0,2,8,1,1,0.0
202300006119,155 669 693,A01,3,60,12,0,1,25,5,0.0
202300006120,155 669 691,A01,1,7,0,2,3,11,0,0.0
202300006120,155 669 692,B01,1,30,0,2,7,1,3,0.0
202300006121,155 669 689,B01,1,32,0,0,1,15,1,0.0
202300006121,155 669 690,Z01,2,32,0,2,1,16,1,0.0
202300006122,155 669 688,A01,2,33,0,1,1,17,1,0.0
202300006123,155 669 687,A01,2,7,0,1,3,1,1,0.0
202300006124,155 669 685,B01,1,1,0,2,1,19,5,0.0
202300006124,155 669 686,A01,1,7,0,2,3,9,1,0.0
202300006125,155 669 683,A01,2,33,0,2,7,0,1,0.0
202300006125,155 669 684,B01,2,7,0,2,1,0,0,0.0
202300006126,155 669 682,A01,1,7,1,0,3,14,2,0.0
202300006127,155 669 681,A01,1,33,3,0,1,14,1,0.0
202300006128,155 669 677,A01,2,34,4,0,1,1,1,0.0
202300006129,155 669 676,A01,2,7,0,2,2,9,1,0.0
202300006129,155 669 678,B01,1,30,0,2,1,1,1,0.0
202300006130,155 669 675,A01,2,7,3,0,1,0,1,0.0
202300006131,155 669 673,B01,1,7,0,0,1,2,1,0.0
202300006131,155 669 674,A01,1,7,8,2,7,1,1,0.0
202300006132,155 669 669,A01,2,7,0,2,7,19,1,0.0
202300006132,155 669 670,B01,1,33,0,2,1,1,1,0.0
202300006133,155 669 667,A01,1,10,0,2,1,17,1,0.0
202300006133,155 669 668,B01,1,7,0,2,8,15,1,0.0
202300006134,155 669 666,A01,2,33,13,0,2,1,1,0.0
202300006135,155 669 665,A01,3,7,2,0,1,14,1,0.0
202300006136,155 669 663,A01,1,1,1,0,1,2,5,0.0
202300006136,155 669 664,B01,1,7,0,9,4,24,1,0.0
202300006137,155 669 661,A01,1,33,15,0,1,17,1,0.0
202300006138,155 669 660,A01,1,7,0,1,3,1,1,0.0
202300006139,155 669 659,A01,1,33,0,2,1,1,1,0.0
202300006139,155 669 662,B01,2,1,0,2,8,15,5,0.0
202300006140,155 669 656,A01,3,37,0,1,7,16,1,1.0
202300006141,155 669 650,A01,1,7,0,2,1,2,1,0.0
202300006141,155 669 653,B01,1,7,0,2,4,2,1,0.0
202300006142,155 669 651,B01,0,7,1,0,8,-1,0,0.0
202300006142,155 669 654,A01,3,32,6,0,2,1,1,0.0
202300006143,155 669 649,B01,3,7,0,2,1,19,1,0.0
202300006143,155 669 652,A01,3,50,0,2,1,19,3,0.0
202300006144,155 669 648,A01,3,1,17,0,1,1,5,0.0
202300006145,155 669 645,A01,2,7,0,2,3,19,1,0.0
202300006145,155 669 647,B01,1,31,0,2,1,1,1,0.0
202300006146,155 669 644,A01,2,7,0,1,3,1,1,0.0
202300006147,155 669 643,B01,3,7,0,2,1,1,2,0.0
202300006147,155 669 646,A01,3,7,0,2,4,19,0,0.0
202300006148,155 669 639,B01,1,1,1,2,8,1,5,0.0
202300006148,155 669 641,A01,1,7,0,9,2,19,3,0.0
202300006149,155 669 638,A01,1,7,0,2,1,1,1,0.0
202300006149,155 669 640,B01,2,7,0,2,1,5,1,0.0
202300006150,155 669 637,A01,1,7,4,0,2,16,1,0.0
202300006151,155 669 636,A01,2,2,12,0,1,1,1,0.0
202300006152,155 669 633,A01,3,7,0,1,1,0,1,0.0
202300006153,155 669 634,A01,1,2,0,2,3,1,1,0.0
202300006153,155 669 635,B01,2,7,0,2,1,6,1,0.0
202300006154,155 669 631,A01,1,7,0,2,3,1,1,0.0
202300006154,155 669 632,B01,1,7,0,2,5,15,1,0.0
202300006155,155 669 628,A01,2,7,3,2,3,5,1,0.0
202300006155,155 669 630,B01,1,7,3,2,3,1,1,0.0
202300006156,155 669 626,A01,2,7,0,2,1,19,1,0.0
202300006156,155 669 629,B01,1,7,0,2,1,1,1,0.0
202300006157,155 669 625,B01,3,7,0,2,5,19,1,0.0
202300006157,155 669 627,A01,2,33,0,2,1,1,1,0.0
202300006158,155 669 621,A01,1,7,17,0,1,1,1,0.0
202300006159,155 669 622,A01,2,7,0,2,1,2,1,0.0
202300006159,155 669 623,B01,2,7,0,2,4,23,1,0.0
202300006160,155 669 620,B01,1,2,0,0,1,1,1,0.0
202300006160,155 669 624,A01,3,21,0,0,3,26,1,0.0
202300006161,155 669 619,A01,2,7,13,0,1,14,1,0.0
202300006162,155 669 618,A01,1,10,0,1,3,1,1,0.0
202300006163,155 669 617,A01,1,30,0,0,0,0,1,0.0
202300006164,155 669 615,A01,1,7,0,2,1,13,1,0.0
202300006164,155 669 616,B01,2,7,0,2,1,1,1,0.0
202300006165,155 669 613,A01,1,1,0,5,0,0,5,0.0
202300006166,155 669 611,B01,2,7,0,2,4,1,1,0.0
202300006166,155 669 614,A01,2,7,0,2,1,23,1,0.0
202300006167,155 669 610,A01,0,7,0,2,1,1,1,0.0
202300006167,155 669 612,B01,0,7,0,2,1,1,1,0.0
202300006168,155 669 608,A01,1,7,0,2,7,19,1,0.0
202300006168,155 669 609,B01,2,2,0,2,3,1,1,0.0
202300006169,155 669 606,A01,3,7,8,0,9,1,1,0.0
202300006170,155 669 604,A01,1,38,0,1,2,1,1,1.0
202300006171,155 669 605,A01,1,7,0,2,1,13,1,0.0
202300006171,155 669 607,B01,1,7,0,2,1,1,1,0.0
202300006172,155 669 601,A01,1,7,0,2,3,15,1,0.0
202300006172,155 669 603,B01,1,31,0,2,2,17,1,0.0
202300006173,155 669 599,A01,3,7,2,0,1,16,1,0.0
202300006174,155 669 600,B01,0,2,0,2,1,1,1,0.0
202300006174,155 669 602,A01,3,7,0,2,2,1,1,0.0
202300006175,155 669 598,A01,2,7,6,0,3,14,1,0.0
202300006176,155 669 595,A01,2,2,0,2,1,1,1,0.0
202300006176,155 669 597,B01,1,7,0,2,3,15,1,0.0
202300006177,155 669 593,B01,2,33,0,2,1,1,1,0.0
202300006177,155 669 594,A01,3,7,0,2,5,15,1,0.0
202300006178,155 669 591,B01,1,30,0,2,4,2,1,0.0
202300006178,155 669 592,A01,1,17,0,2,7,2,1,0.0
202300006179,155 669 596,A01,3,7,0,1,0,2,1,0.0
202300006180,155 669 590,A01,2,31,14,0,8,1,1,0.0
202300006181,155 669 586,A01,3,10,0,2,1,13,1,0.0
202300006181,155 669 588,B01,3,7,0,2,1,1,1,0.0
202300006182,155 669 585,A01,1,7,0,2,1,2,1,0.0
202300006182,155 669 587,B01,1,10,0,2,4,1,1,0.0
202300006182,155 669 589,C01,1,7,0,2,4,2,1,0.0
202300006183,155 669 583,A01,1,7,0,2,5,17,1,0.0
202300006183,155 669 584,B01,1,7,0,2,3,1,1,0.0
202300006184,155 669 580,Z01,2,7,0,2,5,12,0,0.0
202300006184,155 669 581,A01,2,33,0,2,1,3,1,0.0
202300006185,155 669 578,A01,2,7,0,2,7,1,1,0.0
202300006185,155 669 582,B01,1,7,0,2,1,1,1,0.0
202300006186,155 669 579,A01,2,31,0,0,0,1,1,0.0
202300006187,155 669 576,A01,2,33,0,0,7,15,1,0.0
202300006188,155 669 574,A01,1,7,0,2,4,0,0,0.0
202300006188,155 669 575,B01,1,7,0,2,4,26,1,0.0
202300006189,155 669 573,A01,1,7,0,2,1,1,1,0.0
202300006189,155 669 577,B01,1,17,0,2,4,1,0,0.0
202300006190,155 669 571,B01,1,1,0,0,4,1,5,0.0
202300006190,155 669 572,A01,1,7,0,0,2,9,1,0.0
202300006191,155 669 568,A01,1,2,0,2,1,17,1,0.0
202300006191,155 669 570,B01,1,7,0,2,8,15,1,0.0
202300006192,155 669 567,A01,1,10,13,0,1,1,1,0.0
202300006193,155 669 566,B01,1,7,0,2,6,11,1,0.0
202300006193,155 669 569,A01,1,43,0,2,1,3,1,0.0
202300006194,155 669 563,A01,2,33,0,2,1,17,1,0.0
202300006194,155 669 564,B01,1,7,0,2,1,1,1,0.0
202300006195,155 669 562,A01,3,7,0,2,2,16,1,0.0
202300006195,155 669 565,B01,3,7,0,2,8,16,1,0.0
202300006196,155 669 557,A01,1,33,0,2,8,1,1,0.0
202300006196,155 669 558,B01,2,7,0,2,8,1,1,0.0
202300006197,155 669 554,A01,1,33,0,2,1,1,1,0.0
202300006197,155 669 556,B01,1,7,0,2,6,15,1,0.0
202300006198,155 669 551,A01,2,31,13,0,0,0,1,0.0
202300006199,155 669 552,A01,1,7,4,0,3,23,1,0.0
202300006199,155 669 553,B01,1,7,0,2,5,23,1,0.0
202300006199,155 669 555,C01,1,7,0,2,3,1,1,0.0
202300006199,155 669 559,D01,1,10,0,2,3,1,1,0.0
202300006199,155 669 560,E01,1,7,0,2,6,1,1,0.0
202300006199,155 669 561,F01,1,14,0,2,3,1,1,0.0
202300006200,155 669 547,A01,2,7,0,2,8,15,1,0.0
202300006200,155 669 550,B01,2,33,0,2,7,17,1,0.0
202300006201,155 669 546,A01,1,10,0,2,4,3,1,0.0
202300006201,155 669 548,B01,1,7,0,2,1,2,1,0.0
202300006202,155 669 544,B01,3,7,0,2,6,1,1,0.0
202300006202,155 669 545,A01,3,7,0,2,3,13,1,0.0
202300006203,155 669 540,B01,1,34,0,2,8,2,1,0.0
202300006203,155 669 542,A01,1,7,0,2,2,12,1,0.0
202300006204,155 669 541,A01,3,7,0,2,2,1,2,0.0
202300006204,155 669 543,B01,3,7,0,2,3,1,1,0.0
202300006205,155 669 538,A01,2,7,0,2,3,13,1,0.0
202300006205,155 669 539,B01,1,7,0,2,3,1,1,0.0
202300006206,155 669 535,A01,1,33,0,2,1,12,1,0.0
202300006206,155 669 537,B01,0,1,0,2,4,1,5,0.0
202300006207,155 669 531,B01,1,33,13,0,0,21,1,0.0
202300006207,155 669 534,A01,2,10,0,0,0,5,0,0.0
202300006208,155 669 532,A01,0,10,0,1,1,1,1,0.0
202300006209,155 669 533,B01,2,32,0,2,7,15,1,0.0
202300006209,155 669 536,A01,1,32,0,2,1,1,1,0.0
202300006210,155 669 529,A01,2,80,0,0,0,0,3,0.0
202300006211,155 669 526,A01,2,7,0,2,1,0,0,0.0
202300006211,155 669 528,B01,1,7,-1,-1,-1,-1,-1,0.0
202300006212,155 669 525,A01,2,3,0,2,1,19,1,0.0
202300006212,155 669 527,B01,3,0,0,2,0,0,0,0.0
202300006213,155 669 522,A01,2,10,0,2,3,13,1,0.0
202300006213,155 669 524,B01,1,17,0,2,3,1,1,0.0
202300006214,155 669 523,A01,1,1,0,0,0,1,5,0.0
202300006215,155 669 520,A01,1,7,0,2,1,13,1,0.0
202300006215,155 669 521,B01,2,10,0,2,1,1,1,0.0
202300006216,155 669 518,B01,1,33,3,9,0,1,1,0.0
202300006217,155 669 517,A01,2,1,0,1,1,1,5,0.0
202300006218,155 669 515,A01,2,10,0,1,3,1,1,0.0
202300006219,155 669 514,C01,2,7,0,2,4,26,1,0.0
202300006219,155 669 516,A01,2,7,0,2,1,26,1,0.0
202300006219,155 669 519,B01,2,7,0,2,4,26,1,0.0
202300006220,155 669 509,A01,2,7,0,2,1,2,0,0.0
202300006220,155 669 512,B01,2,7,0,0,4,2,0,0.0
202300006221,155 669 510,B01,2,80,0,2,4,23,3,0.0
202300006221,155 669 513,Z01,2,7,0,2,1,1,1,0.0
202300006222,155 669 508,A01,1,14,0,2,1,1,1,0.0
202300006222,155 669 511,B01,2,7,0,0,8,15,1,0.0
202300006223,155 669 506,B01,2,1,0,2,0,2,5,0.0
202300006223,155 669 507,A01,2,7,0,2,7,16,1,0.0
202300006224,155 669 503,A01,1,7,0,2,7,10,2,0.0
202300006224,155 669 505,B01,1,32,0,2,1,1,1,0.0
202300006225,155 669 498,A01,2,50,0,2,1,1,3,0.0
202300006225,155 669 500,B01,3,10,0,2,3,20,1,0.0
202300006226,155 669 497,A01,3,30,0,0,1,0,3,0.0
202300006227,155 669 499,A01,1,7,0,2,1,1,1,0.0
202300006227,155 669 502,B01,1,2,0,2,3,15,0,0.0
202300006228,155 669 496,A01,3,7,0,1,1,10,1,0.0
202300006229,155 669 495,A01,0,7,0,1,4,4,1,0.0
202300006230,155 669 494,A01,0,32,13,0,8,0,1,0.0
202300006231,155 669 492,A01,1,14,0,1,1,1,1,0.0
202300006232,155 669 489,A01,3,34,0,0,8,1,1,0.0
202300006233,155 669 488,B01,1,33,0,2,1,1,1,0.0
202300006233,155 669 490,A01,2,7,0,2,2,15,0,0.0
202300006234,155 669 485,A01,3,7,0,2,7,22,2,0.0
202300006234,155 669 487,B01,3,50,0,2,8,1,3,0.0
202300006235,155 669 483,A01,1,7,0,2,1,2,1,0.0
202300006235,155 669 484,B01,1,7,0,0,4,2,1,0.0
202300006236,155 669 481,A01,2,33,0,2,1,2,1,0.0
202300006236,155 669 486,B01,2,7,0,2,4,1,1,0.0
202300006237,155 669 480,A01,2,7,0,2,1,1,1,0.0
202300006237,155 669 482,B01,2,50,0,2,8,13,3,0.0
202300006238,155 669 479,A01,2,80,12,0,2,14,3,0.0
202300006239,155 669 476,A01,3,10,0,2,3,15,1,0.0
202300006239,155 669 477,B01,3,33,0,2,3,1,1,0.0
202300006240,155 669 475,A01,1,7,2,0,2,0,1,0.0
202300006241,155 669 473,A01,2,10,0,2,1,2,1,0.0
202300006241,155 669 478,B01,2,17,0,0,4,1,1,0.0
202300006242,155 669 472,A01,2,7,0,2,2,9,1,0.0
202300006242,155 669 474,B01,2,1,0,2,1,1,5,0.0
202300006243,155 669 470,A01,1,33,13,0,3,1,1,0.0
202300006244,155 669 469,A01,3,7,0,2,1,2,1,0.0
202300006244,155 669 471,B01,3,2,0,2,4,15,1,0.0
202300006245,155 669 466,A01,2,2,0,0,8,0,1,0.0
202300006246,155 669 464,A01,0,7,0,2,2,26,1,0.0
202300006246,155 669 468,B01,0,7,0,2,3,15,1,0.0
202300006247,155 669 463,A01,3,7,0,2,1,1,1,0.0
202300006247,155 669 467,B01,3,7,0,0,4,1,1,0.0
202300006248,155 669 462,A01,1,7,0,2,1,13,1,0.0
202300006248,155 669 465,B01,2,2,0,2,1,0,1,0.0
202300006249,155 669 460,A01,1,2,0,0,0,2,1,0.0
202300006250,155 669 458,A01,2,10,0,2,2,1,3,0.0
202300006250,155 669 461,B01,1,34,0,2,1,1,1,0.0
202300006251,155 669 457,A01,3,7,0,2,1,2,2,0.0
202300006251,155 669 459,B01,3,80,0,2,4,1,3,0.0
202300006252,155 669 453,A01,2,7,0,2,2,15,1,0.0
202300006252,155 669 456,B01,1,7,0,2,2,1,1,0.0
202300006253,155 669 451,A01,3,7,0,2,2,15,1,0.0
202300006253,155 669 454,B01,3,43,0,2,1,1,1,0.0
202300006254,155 669 450,B01,2,10,0,2,1,1,1,0.0
202300006254,155 669 455,A01,1,10,0,2,8,15,1,0.0
202300006255,155 669 449,A01,2,7,5,0,3,1,1,0.0
202300006256,155 669 448,A01,2,7,14,0,1,1,1,0.0
202300006256,155 669 452,B01,2,7,1,0,4,26,1,0.0
202300006257,155 669 444,A01,3,7,0,1,1,1,1,0.0
202300006258,155 669 445,A01,3,7,0,0,0,0,0,0.0
202300006259,155 669 443,A01,0,10,0,1,1,1,1,0.0
202300006260,155 669 441,A01,3,7,0,0,0,26,0,0.0
202300006261,155 669 438,A01,3,7,6,0,2,1,1,0.0
202300006262,155 669 435,A01,3,31,8,0,1,11,1,0.0
202300006263,155 669 436,A01,1,7,0,2,3,15,1,0.0
202300006263,155 669 439,B01,1,1,0,2,3,1,5,0.0
202300006264,155 669 434,A01,2,7,0,2,1,1,1,0.0
202300006264,155 669 437,B01,2,7,0,2,4,1,1,0.0
202300006264,155 669 440,C01,2,7,0,2,4,1,1,0.0
202300006264,155 669 442,D01,2,7,0,2,4,1,1,0.0
202300006265,155 669 432,A01,1,33,0,2,1,2,1,0.0
202300006265,155 669 433,B01,1,7,0,2,3,10,1,0.0
202300006266,155 669 429,B01,3,7,0,2,7,15,1,0.0
202300006266,155 669 430,A01,3,7,0,2,3,2,1,0.0
202300006267,155 669 428,A01,1,30,0,1,2,1,1,0.0
202300006268,155 669 427,B01,1,33,0,2,4,0,0,0.0
202300006268,155 669 431,Z01,0,7,0,0,0,0,0,0.0
202300006269,155 669 424,A01,2,10,0,1,1,1,1,0.0
202300006270,155 669 422,A01,1,7,0,2,3,15,1,0.0
202300006270,155 669 425,B01,1,32,0,2,1,17,1,0.0
202300006271,155 669 423,A01,2,7,0,1,2,0,1,0.0
202300006272,155 669 421,B01,2,1,0,2,4,15,5,0.0
202300006272,155 669 426,A01,2,1,0,2,1,17,5,0.0
202300006273,155 669 420,A01,1,34,14,0,1,1,1,0.0
202300006274,155 669 418,A01,3,7,0,1,1,1,0,0.0
202300006275,155 669 416,A01,1,7,0,2,3,13,1,0.0
202300006275,155 669 419,B01,2,10,0,2,3,0,1,0.0
202300006276,155 669 415,B01,0,7,0,2,2,12,1,0.0
202300006276,155 669 417,A01,0,7,0,2,3,1,1,0.0
202300006277,155 669 412,A01,2,7,0,2,1,1,1,0.0
202300006277,155 669 414,B01,1,7,0,2,1,1,1,0.0
202300006278,155 669 409,A01,2,32,0,2,1,2,1,0.0
202300006278,155 669 411,B01,2,7,0,2,4,2,1,0.0
202300006279,155 669 413,A01,1,10,0,1,1,15,1,0.0
202300006280,155 669 408,B01,1,7,0,2,3,1,1,0.0
202300006280,155 669 410,A01,3,7,0,2,2,15,1,0.0
202300006281,155 669 405,B01,2,30,0,2,1,3,1,0.0
202300006281,155 669 407,A01,1,30,0,2,1,11,1,0.0
202300006282,155 669 402,A01,1,7,0,1,1,1,6,0.0
202300006283,155 669 404,A01,2,7,0,2,0,0,1,0.0
202300006283,155 669 406,B01,1,34,0,2,0,0,1,0.0
202300006284,155 669 401,B01,2,7,0,2,3,15,1,0.0
202300006284,155 669 403,A01,2,7,6,2,1,17,1,0.0
202300006285,155 669 399,A01,2,30,0,2,1,2,0,0.0
202300006285,155 669 400,B01,1,0,0,2,1,12,0,0.0
202300006286,155 669 394,B01,2,1,0,2,1,1,5,0.0
202300006286,155 669 397,A01,1,7,0,2,5,15,1,0.0
202300006287,155 669 396,A01,2,7,0,2,6,1,1,0.0
202300006287,155 669 398,B01,2,15,0,2,2,12,1,0.0
202300006288,155 669 393,B01,1,7,0,2,8,1,1,0.0
202300006288,155 669 395,A01,2,2,0,2,1,1,1,0.0
202300006289,155 669 392,A01,1,7,0,1,1,26,0,0.0
202300006290,155 669 390,A01,3,14,0,1,3,1,1,0.0
202300006291,155 669 386,A01,3,30,0,2,1,1,1,0.0
202300006291,155 669 389,B01,3,7,0,2,4,23,1,0.0
202300006292,155 669 385,A01,1,7,0,2,3,1,1,0.0
202300006292,155 669 387,B01,2,7,0,0,3,23,1,0.0
202300006293,155 669 383,A01,2,33,0,1,6,1,1,0.0
202300006294,155 669 382,A01,1,7,0,2,8,2,1,0.0
202300006294,155 669 384,B01,1,43,0,2,7,3,1,0.0
202300006294,155 669 388,C01,1,7,0,2,2,12,1,0.0
202300006294,155 669 391,D01,1,33,0,2,1,3,1,0.0
202300006295,155 669 378,B01,1,33,0,2,1,3,1,0.0
202300006295,155 669 380,A01,1,33,0,2,4,11,1,0.0
202300006296,155 669 376,A01,2,2,0,2,1,13,1,0.0
202300006296,155 669 379,B01,1,7,0,2,3,1,1,0.0
202300006297,155 669 377,B01,1,33,0,2,1,1,1,0.0
202300006297,155 669 381,A01,2,7,0,2,2,15,1,0.0
202300006298,155 669 372,A01,1,7,0,2,3,1,1,0.0
202300006298,155 669 374,B01,2,32,0,2,1,5,1,0.0
202300006299,155 669 370,B01,3,60,0,2,8,0,5,0.0
202300006299,155 669 375,A01,1,7,0,2,2,1,0,0.0
202300006300,155 669 368,A01,2,33,0,2,1,2,1,0.0
202300006300,155 669 371,B01,2,7,0,2,4,2,1,0.0
202300006300,155 669 373,C01,2,7,0,2,4,23,1,0.0
202300006301,155 669 369,A01,2,10,0,1,3,5,1,0.0
202300006302,155 669 364,A01,3,33,0,2,3,16,1,0.0
202300006302,155 669 366,B01,3,13,0,2,5,1,1,0.0
202300006303,155 669 363,A01,3,7,0,1,4,2,1,0.0
202300006303,155 669 367,B01,3,7,0,2,1,2,1,0.0
202300006304,155 669 362,A01,3,7,0,2,1,2,1,0.0
202300006304,155 669 365,B01,3,31,0,2,4,2,1,0.0
202300006305,155 669 361,A01,2,1,0,1,1,1,5,0.0
202300006306,155 669 357,A01,1,1,0,2,1,1,5,0.0
202300006306,155 669 359,B01,3,7,0,2,1,9,2,0.0
202300006307,155 669 356,A01,2,50,0,2,3,13,3,0.0
202300006307,155 669 358,B01,1,7,0,2,3,1,1,0.0
202300006308,155 669 355,A01,3,2,0,2,1,16,1,0.0
202300006308,155 669 360,B01,1,7,1,0,3,1,1,0.0
202300006309,155 669 353,A01,1,7,0,1,3,1,0,0.0
202300006310,155 669 350,A01,1,1,0,1,0,0,5,0.0
202300006311,155 669 351,B01,2,10,0,2,2,1,1,0.0
202300006311,155 669 354,A01,2,7,0,2,8,15,1,0.0
202300006312,155 669 349,A01,1,10,0,2,3,1,1,0.0
202300006312,155 669 352,B01,2,7,0,2,3,1,1,0.0
202300006313,155 669 348,A01,1,30,0,1,0,1,1,0.0
202300006314,155 669 345,A01,2,10,0,1,2,1,0,0.0
202300006315,155 669 344,A01,2,10,0,2,1,13,1,0.0
202300006315,155 669 347,B01,1,7,0,2,3,1,1,0.0
202300006316,155 669 343,A01,1,7,13,0,1,2,1,0.0
202300006317,155 669 342,A01,1,10,0,2,7,15,1,0.0
202300006317,155 669 346,B01,2,2,0,2,1,1,1,0.0
202300006318,155 669 340,A01,1,32,14,0,1,1,1,0.0
202300006319,155 669 338,A01,1,33,0,2,1,5,1,0.0
202300006319,155 669 341,B01,1,7,0,2,3,9,1,0.0
202300006320,155 669 335,A01,3,7,0,2,1,1,1,0.0
202300006320,155 669 339,B01,3,2,0,2,7,1,1,0.0
202300006321,155 669 332,B01,3,30,0,2,1,1,1,0.0
202300006321,155 669 333,A01,3,7,0,2,5,15,1,0.0
202300006322,155 669 331,A01,2,30,0,2,1,1,1,0.0
202300006322,155 669 334,B01,1,30,0,2,1,15,1,0.0
202300006323,155 669 327,B01,0,7,0,2,3,15,0,0.0
202300006323,155 669 329,A01,0,43,0,2,2,17,1,0.0
202300006324,155 669 328,B01,2,33,0,2,0,1,1,0.0
202300006324,155 669 330,A01,1,7,0,2,0,15,1,0.0
202300006325,155 669 323,A01,3,0,0,1,0,0,1,0.0
202300006326,155 669 322,B01,2,2,0,2,4,2,0,0.0
202300006326,155 669 324,A01,2,7,0,2,3,1,2,0.0
202300006327,155 669 321,A01,3,7,1,1,1,1,1,0.0
202300006328,155 669 320,A01,3,10,0,1,3,1,1,0.0
202300006329,155 669 317,A01,1,7,0,2,1,15,1,0.0
202300006329,155 669 319,B01,2,7,0,2,6,1,1,0.0
202300006330,155 669 313,B01,1,7,0,2,1,5,0,0.0
202300006330,155 669 316,A01,2,7,0,2,1,1,0,0.0
202300006331,155 669 315,A01,1,7,0,2,3,13,1,0.0
202300006331,155 669 318,B01,1,80,0,2,7,5,3,0.0
202300006332,155 669 312,A01,2,2,0,2,1,1,1,0.0
202300006332,155 669 314,B01,2,7,0,2,2,1,1,0.0
202300006333,155 669 309,B01,2,7,17,0,3,17,1,0.0
202300006333,155 669 310,A01,2,37,0,0,0,17,1,1.0
202300006334,155 669 308,B01,2,7,0,2,2,0,0,0.0
202300006334,155 669 311,A01,0,7,0,2,3,1,0,0.0
202300006335,155 669 304,A01,1,40,0,1,1,1,3,0.0
202300006336,155 669 305,Z01,1,7,0,2,3,10,1,0.0
202300006336,155 669 307,B01,1,30,0,2,2,2,1,0.0
202300006337,155 669 302,A01,1,7,11,0,2,1,1,0.0
202300006338,155 669 301,B01,3,39,0,2,2,1,3,0.0
202300006338,155 669 306,A01,3,32,0,4,9,1,1,0.0
202300006339,155 669 300,A01,1,7,0,2,3,15,1,0.0
202300006339,155 669 303,B01,2,1,0,2,1,1,5,0.0
202300006340,155 669 295,A01,2,7,0,2,3,1,1,0.0
202300006340,155 669 298,B01,2,1,0,2,4,19,5,0.0
202300006341,155 669 292,B01,2,7,0,2,1,15,1,0.0
202300006341,155 669 296,A01,1,31,0,2,1,1,1,0.0
202300006342,155 669 293,A01,3,7,1,0,1,1,1,0.0
202300006343,155 669 291,A01,2,7,0,9,3,15,1,0.0
202300006343,155 669 297,B01,2,1,14,2,1,17,5,0.0
202300006344,155 669 294,A01,2,7,0,2,1,16,1,0.0
202300006344,155 669 299,B01,1,1,0,2,8,13,5,0.0
202300006345,155 669 289,A01,2,31,13,0,1,13,1,0.0
202300006346,155 669 288,B01,1,50,0,2,2,15,3,0.0
202300006346,155 669 290,A01,2,7,0,2,3,1,1,0.0
202300006347,155 669 284,A01,3,7,0,2,1,13,1,0.0
202300006347,155 669 286,B01,0,7,0,2,1,1,1,0.0
202300006348,155 669 279,A01,2,10,0,2,1,1,1,0.0
202300006348,155 669 281,B01,2,7,0,2,4,1,1,0.0
202300006349,155 669 280,B01,1,7,0,2,3,11,1,0.0
202300006349,155 669 282,A01,1,7,0,2,2,11,1,0.0
202300006350,155 669 283,A01,1,7,0,2,3,15,2,0.0
202300006350,155 669 285,B01,2,1,0,2,1,1,5,0.0
202300006351,155 669 276,A01,1,7,0,2,3,11,1,0.0
202300006351,155 669 278,B01,3,33,0,2,6,1,1,0.0
202300006352,155 669 273,B01,3,7,0,2,4,2,1,0.0
202300006352,155 669 277,A01,3,7,0,2,1,2,1,0.0
202300006353,155 669 271,A01,1,7,0,2,3,15,1,0.0
202300006353,155 669 275,B01,1,32,0,2,1,1,1,0.0
202300006354,155 669 272,A01,2,10,0,1,1,2,1,0.0
202300006355,155 669 264,B01,1,7,7,0,4,2,1,0.0
202300006355,155 669 267,A01,1,7,0,2,1,2,1,0.0
202300006356,155 669 266,A01,1,33,0,2,1,2,1,0.0
202300006356,155 669 269,B01,1,10,0,2,6,2,1,0.0
202300006357,155 669 263,A01,0,7,0,2,1,2,1,0.0
202300006357,155 669 268,B01,0,32,0,2,4,23,1,0.0
202300006358,155 669 261,A01,1,15,2,0,1,13,1,0.0
202300006359,155 669 255,B01,1,31,0,2,7,1,1,0.0
202300006359,155 669 260,A01,3,10,0,2,8,9,1,0.0
202300006360,155 669 257,C01,1,10,0,2,4,2,1,0.0
202300006360,155 669 259,B01,1,7,0,2,4,2,2,0.0
202300006360,155 669 262,A01,1,7,0,2,1,2,1,0.0
202300006361,155 669 256,A01,1,7,6,0,2,1,1,0.0
202300006362,155 669 254,B01,2,1,0,0,1,5,5,0.0
202300006362,155 669 258,A01,1,0,0,9,0,1,0,0.0
202300006363,155 669 252,B01,1,7,0,2,2,26,1,0.0
202300006363,155 669 253,A01,2,7,0,2,1,9,1,0.0
202300006364,155 669 251,A01,3,7,2,0,3,1,1,0.0
202300006365,155 669 249,A01,3,10,0,1,4,4,1,0.0
202300006366,155 669 247,A01,2,33,1,0,3,1,1,0.0
202300006366,155 669 250,B01,2,7,0,2,5,24,1,0.0
202300006367,155 669 246,A01,0,7,0,2,1,1,1,0.0
202300006367,155 669 248,B01,0,7,0,2,4,23,1,0.0