num_acc,id_vehicule,num_veh,senc,catv,obs,obsm,choc,manv,motor,occutc
202300006368,155 669 243,A01,1,7,2,9,1,1,1,0.0
202300006369,155 669 242,A01,2,7,0,2,5,17,0,0.0
202300006369,155 669 245,B01,2,21,0,2,3,15,6,0.0
202300006370,155 669 241,A01,2,50,0,0,0,1,3,0.0
202300006371,155 669 240,A01,3,80,0,1,1,1,3,0.0
202300006372,155 669 238,A01,2,15,0,1,0,1,1,0.0
202300006373,155 669 234,A01,3,7,0,2,1,11,1,0.0
202300006373,155 669 237,B01,3,7,0,2,2,1,1,0.0
202300006373,155 669 239,C01,3,7,0,2,2,1,1,0.0
202300006374,155 669 232,A01,2,10,2,0,1,14,1,0.0
202300006375,155 669 230,B01,1,7,0,2,3,1,1,0.0
202300006375,155 669 236,A01,2,7,0,2,4,5,1,0.0
202300006376,155 669 229,C01,1,7,0,2,4,23,1,0.0
202300006376,155 669 231,B01,1,7,0,2,4,23,1,0.0
202300006376,155 669 235,A01,1,7,0,2,1,1,1,0.0
202300006377,155 669 228,Z01,1,7,0,2,3,1,0,0.0
202300006377,155 669 233,A01,1,30,0,2,2,1,1,0.0
202300006378,155 669 227,A01,3,7,13,0,0,0,1,0.0
202300006379,155 669 226,A01,3,10,0,1,3,16,0,0.0
202300006380,155 669 222,A01,1,10,0,2,1,11,1,0.0
202300006380,155 669 224,B01,2,10,0,2,1,0,1,0.0
202300006381,155 669 219,A01,1,7,0,2,3,22,0,0.0
202300006381,155 669 223,B01,1,1,0,2,1,1,5,0.0
202300006382,155 669 217,B01,2,7,0,2,3,1,1,0.0
202300006382,155 669 221,A01,1,7,0,2,3,0,1,0.0
202300006383,155 669 220,A01,2,7,1,2,1,1,1,0.0
202300006383,155 669 225,B01,2,7,0,2,4,23,1,0.0
202300006384,155 669 214,B01,2,7,0,2,6,1,1,0.0
202300006384,155 669 216,A01,2,7,0,2,1,26,1,0.0
202300006384,155 669 218,C01,2,7,0,2,1,1,1,0.0
202300006385,155 669 213,A01,1,7,0,1,3,1,0,0.0
202300006386,155 669 211,A01,1,99,0,2,1,1,1,0.0
202300006386,155 669 215,B01,2,33,0,2,7,1,1,0.0
202300006387,155 669 210,A01,1,7,2,0,1,1,1,0.0
202300006388,155 669 209,A01,2,7,0,2,8,20,1,0.0
202300006388,155 669 212,B01,2,2,0,2,1,1,1,0.0
202300006389,155 669 205,B01,3,7,0,2,3,1,1,0.0
202300006389,155 669 208,A01,3,1,0,2,1,19,5,0.0
202300006390,155 669 203,A01,3,7,0,0,0,0,0,0.0
202300006390,155 669 207,B01,3,1,0,0,0,0,5,0.0
202300006391,155 669 199,A01,3,7,0,2,1,15,1,0.0
202300006391,155 669 204,B01,2,33,0,2,1,17,1,0.0
202300006392,155 669 198,B01,2,15,0,2,1,1,1,0.0
202300006392,155 669 201,A01,1,7,0,2,1,13,1,0.0
202300006392,155 669 206,C01,1,43,0,0,0,17,1,0.0
202300006393,155 669 200,A01,1,10,0,2,3,15,1,0.0
202300006393,155 669 202,B01,1,33,0,2,7,17,1,0.0
202300006394,155 669 196,A01,2,7,0,1,2,2,1,0.0
202300006395,155 669 195,A01,3,7,0,0,4,26,0,0.0
202300006395,155 669 197,Z01,3,7,0,0,1,2,0,0.0
202300006396,155 669 193,A01,3,7,0,1,8,0,4,0.0
202300006397,155 669 192,A01,1,7,1,0,2,1,1,0.0
202300006398,155 669 190,B01,3,21,0,2,8,1,1,0.0
202300006398,155 669 194,A01,3,7,0,2,1,9,1,0.0
202300006399,155 669 188,A01,2,33,0,2,3,17,1,0.0
202300006399,155 669 191,B01,2,7,0,2,6,15,1,0.0
202300006400,155 669 184,A01,2,7,0,1,3,1,0,0.0
202300006401,155 669 186,A01,3,30,0,2,1,17,1,0.0
202300006401,155 669 189,B01,3,7,0,2,3,15,1,0.0
202300006402,155 669 183,A01,0,7,0,0,6,10,0,0.0
202300006402,155 669 185,B01,1,33,0,2,1,17,1,0.0
202300006403,155 669 187,A01,2,50,0,0,9,1,3,0.0
202300006404,155 669 182,A01,3,7,0,1,1,1,1,0.0
202300006405,155 669 181,A01,1,7,6,0,5,1,1,0.0
202300006406,155 669 179,A01,2,7,0,1,1,26,1,0.0
202300006407,155 669 176,A01,2,80,8,0,1,17,3,0.0
202300006408,155 669 174,B01,3,10,0,2,2,1,3,0.0
202300006408,155 669 178,Z01,3,7,0,2,0,0,0,0.0
202300006409,155 669 172,A01,2,7,0,2,1,2,1,0.0
202300006409,155 669 175,B01,2,7,0,2,4,2,1,0.0
202300006410,155 669 168,A01,1,7,0,2,6,23,1,0.0
202300006410,155 669 170,B01,1,7,0,2,2,2,1,0.0
202300006411,155 669 167,A01,2,7,13,0,1,1,0,0.0
202300006412,155 669 165,A01,1,7,0,2,1,1,0,0.0
202300006412,155 669 169,B01,2,7,0,2,1,5,0,0.0
202300006413,155 669 163,A01,2,7,0,2,1,16,1,0.0
202300006413,155 669 166,B01,2,50,0,2,8,7,3,0.0
202300006414,155 669 159,Z01,1,7,0,2,2,2,0,0.0
202300006414,155 669 162,B01,1,1,0,2,8,2,5,0.0
202300006415,155 669 161,A01,3,7,0,2,2,16,1,0.0
202300006415,155 669 164,B01,3,1,0,2,8,1,5,0.0
202300006416,155 669 158,A01,2,33,0,0,2,9,1,0.0
202300006417,155 669 157,A01,2,7,0,1,3,1,1,0.0
202300006418,155 669 156,B01,2,7,0,0,3,1,1,0.0
202300006418,155 669 160,A01,1,7,0,2,1,1,1,0.0
202300006419,155 669 155,A01,1,7,0,1,7,1,1,0.0
202300006420,155 669 152,A01,2,7,1,0,1,1,1,0.0
202300006421,155 669 149,A01,1,7,0,2,3,5,1,0.0
202300006421,155 669 153,B01,2,7,0,2,3,24,6,0.0
202300006422,155 669 148,A01,3,7,0,2,1,9,1,0.0
202300006422,155 669 151,B01,3,33,0,2,7,1,1,0.0
202300006423,155 669 145,A01,1,7,0,0,9,0,1,0.0
202300006424,155 669 144,B01,1,50,0,2,7,19,3,0.0
202300006424,155 669 147,A01,2,7,0,2,1,9,1,0.0
202300006425,155 669 142,A01,3,7,0,1,0,0,0,0.0
202300006426,155 669 143,A01,1,7,0,2,6,15,0,0.0
202300006426,155 669 146,B01,1,33,0,2,6,1,0,0.0
202300006427,155 669 140,B01,1,7,0,2,6,20,2,0.0
202300006427,155 669 141,A01,1,7,0,2,1,1,1,0.0
202300006428,155 669 138,A01,1,7,9,0,1,0,0,0.0
202300006429,155 669 136,A01,1,1,0,0,0,23,5,0.0
202300006430,155 669 131,A01,1,1,0,0,0,26,5,0.0
202300006431,155 669 130,A01,1,7,0,2,1,15,1,0.0
202300006431,155 669 133,B01,2,30,0,2,8,1,1,0.0
202300006432,155 669 127,A01,2,7,3,2,2,0,0,0.0
202300006432,155 669 132,B01,2,7,3,0,4,9,0,0.0
202300006433,155 669 126,A01,1,7,0,2,2,15,1,0.0
202300006433,155 669 129,B01,2,1,0,2,1,1,5,0.0
202300006434,155 669 125,A01,1,36,0,2,1,13,1,0.0
202300006434,155 669 128,B01,2,7,0,2,1,1,1,0.0
202300006435,155 669 124,A01,-1,1,0,0,0,26,5,0.0
202300006436,155 669 120,A01,2,7,0,2,3,13,1,0.0
202300006436,155 669 122,B01,1,7,0,2,3,0,2,0.0
202300006437,155 669 119,A01,1,50,0,2,1,1,3,0.0
202300006437,155 669 121,B01,2,7,0,2,1,1,1,0.0
202300006438,155 669 117,A01,2,37,0,2,4,1,1,3.0
202300006438,155 669 123,B01,2,7,0,2,4,9,1,0.0
202300006439,155 669 112,A01,1,7,2,0,9,17,1,0.0
202300006440,155 669 110,A01,1,7,14,2,9,1,1,0.0
202300006440,155 669 114,C01,1,7,0,2,1,1,1,0.0
202300006440,155 669 116,B01,1,14,0,2,3,0,1,0.0
202300006441,155 669 109,A01,1,30,0,2,2,2,1,0.0
202300006441,155 669 113,B01,1,7,0,2,6,2,1,0.0
202300006442,155 669 108,A01,1,7,8,2,1,21,3,0.0
202300006442,155 669 111,B01,0,7,0,0,0,0,1,0.0
202300006443,155 669 106,A01,1,10,0,2,1,2,1,0.0
202300006443,155 669 115,B01,1,7,0,2,4,1,1,0.0
202300006443,155 669 118,C01,1,10,0,2,1,2,1,0.0
202300006444,155 669 103,A01,1,33,0,2,1,3,1,0.0
202300006444,155 669 107,B01,1,7,0,0,5,1,1,0.0
202300006445,155 669 101,B01,2,1,0,2,1,16,5,0.0
202300006445,155 669 105,A01,2,2,0,2,2,1,1,0.0
202300006446,155 669 099,B01,1,7,0,2,1,16,1,0.0
202300006446,155 669 104,A01,2,43,1,2,7,19,1,0.0
202300006447,155 669 098,A01,2,7,0,0,5,23,1,0.0
202300006447,155 669 102,B01,2,33,0,2,1,2,1,0.0
202300006448,155 669 095,B01,1,14,0,2,3,1,1,0.0
202300006448,155 669 097,A01,2,7,0,2,3,1,1,0.0
202300006449,155 669 096,B01,2,33,0,2,1,1,1,0.0
202300006449,155 669 100,A01,1,7,0,2,2,15,1,0.0
202300006450,155 669 093,A01,2,7,9,0,2,1,1,0.0
202300006451,155 669 090,B01,1,10,0,2,4,1,1,0.0
202300006451,155 669 094,A01,1,7,0,2,1,1,1,0.0
202300006452,155 669 089,A01,0,0,0,1,0,0,0,0.0
202300006453,155 669 087,D01,1,17,0,2,6,13,1,0.0
202300006453,155 669 091,B01,1,7,0,2,6,2,1,0.0
202300006454,155 669 088,A01,2,7,0,2,5,1,1,0.0
202300006454,155 669 092,B01,2,7,0,2,0,2,1,0.0
202300006455,155 669 086,A01,2,7,6,0,1,13,1,0.0
202300006456,155 669 084,A01,1,7,0,1,1,21,1,0.0
202300006457,155 669 083,A01,1,7,0,2,6,13,1,0.0
202300006457,155 669 085,B01,1,33,0,2,1,1,1,0.0
202300006458,155 669 078,B01,3,7,0,2,8,1,0,0.0
202300006458,155 669 082,A01,3,7,0,2,1,1,1,0.0
202300006459,155 669 077,A01,3,10,0,9,0,0,0,0.0
202300006459,155 669 080,B01,3,1,0,2,0,0,5,0.0
202300006460,155 669 079,B01,1,1,0,2,1,1,5,0.0
202300006460,155 669 081,A01,2,7,0,2,1,15,1,0.0
202300006461,155 669 075,A01,2,7,0,2,1,1,1,0.0
202300006462,155 669 074,A01,3,7,0,2,8,19,1,0.0
202300006462,155 669 076,B01,3,32,0,2,1,1,1,0.0
202300006463,155 669 073,A01,1,1,0,0,0,0,5,0.0
202300006464,155 669 069,A01,1,7,0,9,2,15,1,0.0
202300006464,155 669 071,B01,2,1,0,2,8,1,5,0.0
202300006465,155 669 067,A01,1,7,0,2,3,11,1,0.0
202300006465,155 669 070,B01,1,33,0,2,3,1,1,0.0
202300006466,155 669 065,Z01,0,2,0,1,1,26,0,0.0
202300006467,155 669 064,A01,1,7,0,2,1,1,1,0.0
202300006467,155 669 068,B01,1,1,0,2,0,0,5,0.0
202300006468,155 669 066,A01,2,7,0,1,3,1,0,0.0
202300006469,155 669 063,A01,1,7,15,0,7,1,1,0.0
202300006470,155 669 059,A01,3,7,0,1,1,1,1,0.0
202300006471,155 669 057,B01,1,10,0,2,6,2,1,0.0
202300006471,155 669 061,A01,1,33,0,2,1,2,1,0.0
202300006472,155 669 058,A01,1,2,0,0,4,2,1,0.0
202300006472,155 669 062,B01,1,2,0,0,1,2,1,0.0
202300006473,155 669 056,B01,3,50,0,2,1,19,3,0.0
202300006473,155 669 060,A01,3,7,0,9,3,1,1,0.0
202300006474,155 669 055,A01,1,7,13,0,1,13,1,0.0
202300006475,155 669 050,A01,2,7,0,0,3,1,1,0.0
202300006475,155 669 053,B01,1,7,0,2,3,5,1,0.0
202300006476,155 669 051,A01,3,7,0,1,1,1,1,0.0
202300006477,155 669 049,A01,2,7,0,1,1,1,0,0.0
202300006478,155 669 052,B01,1,7,0,2,1,0,1,0.0
202300006478,155 669 054,A01,2,7,0,2,1,0,1,0.0
202300006479,155 669 047,A01,2,7,0,2,2,1,1,0.0
202300006479,155 669 048,B01,2,7,0,2,8,20,1,0.0
202300006480,155 669 044,A01,1,7,0,0,6,1,1,0.0
202300006480,155 669 046,B01,1,7,0,2,1,1,1,0.0
202300006481,155 669 045,A01,3,10,12,1,5,16,1,0.0
202300006482,155 669 040,A01,1,7,0,2,3,0,0,0.0
202300006482,155 669 042,B01,1,7,0,2,3,1,0,0.0
202300006483,155 669 039,B01,1,7,0,2,9,2,1,0.0
202300006483,155 669 041,C01,1,7,0,2,4,1,1,0.0
202300006483,155 669 043,A01,1,7,0,2,1,2,1,0.0
202300006484,155 669 034,B01,1,38,0,2,3,1,1,1.0
202300006484,155 669 037,A01,2,7,0,2,1,13,1,0.0
202300006485,155 669 035,A01,3,7,0,2,2,16,1,0.0
202300006485,155 669 038,B01,3,1,0,2,8,0,5,0.0
202300006486,155 669 033,A01,3,10,0,2,1,13,1,0.0
202300006486,155 669 036,B01,3,7,0,2,1,1,1,0.0
202300006487,155 669 030,B01,3,1,0,2,7,15,5,0.0
202300006487,155 669 032,A01,3,10,0,2,1,9,1,0.0
202300006488,155 669 031,A01,0,7,0,0,0,1,1,0.0
202300006489,155 669 029,A01,1,33,7,0,1,1,1,0.0
202300006490,155 669 028,A01,1,14,0,1,2,1,1,0.0
202300006491,155 669 024,B01,1,10,0,2,4,1,1,0.0
202300006491,155 669 026,A01,1,10,0,2,1,2,1,0.0
202300006492,155 669 023,A01,1,7,0,2,1,15,1,0.0
202300006492,155 669 027,B01,2,1,0,2,1,2,5,0.0
202300006493,155 669 021,A01,1,7,15,0,1,1,1,0.0
202300006494,155 669 022,B01,1,7,0,2,1,17,1,0.0
202300006494,155 669 025,A01,2,7,0,2,1,1,1,0.0
202300006495,155 669 018,A01,1,7,6,0,3,16,1,0.0
202300006496,155 669 017,A01,1,7,0,1,1,1,1,0.0
202300006497,155 669 015,A01,2,10,0,9,3,22,1,0.0
202300006497,155 669 019,B01,2,50,1,0,2,1,3,0.0
202300006498,155 669 013,B01,1,31,0,2,1,1,1,0.0
202300006498,155 669 020,A01,0,10,1,2,8,19,1,0.0
202300006499,155 669 014,A01,1,33,0,2,1,2,1,0.0
202300006499,155 669 016,B01,1,7,0,0,4,15,1,0.0
202300006500,155 669 008,A01,3,7,0,2,1,26,1,0.0
202300006500,155 669 011,B01,3,33,0,2,8,1,1,0.0
202300006501,155 669 009,B01,1,1,0,2,7,15,5,0.0
202300006501,155 669 012,A01,1,7,0,2,2,1,0,0.0
202300006502,155 669 007,A01,1,7,0,2,2,19,1,0.0
202300006502,155 669 010,B01,2,30,0,2,1,1,1,0.0
202300006503,155 669 006,A01,3,7,0,1,3,1,1,0.0
202300006504,155 669 003,A01,1,7,0,9,1,1,1,0.0
202300006504,155 669 004,B01,1,1,0,2,4,1,5,0.0
202300006505,155 669 000,A01,3,7,0,1,1,20,1,0.0
202300006506,155 668 999,A01,2,7,13,0,2,14,1,0.0
202300006507,155 668 997,A01,1,7,0,9,9,1,0,0.0
202300006508,155 668 996,A01,1,7,9,0,1,1,1,0.0
202300006509,155 668 995,A01,3,7,13,0,0,26,1,0.0
202300006510,155 668 994,A01,1,34,0,1,1,1,1,0.0
202300006511,155 668 991,B01,2,7,0,2,3,2,1,0.0
202300006511,155 668 992,A01,1,7,0,2,3,13,1,0.0
202300006512,155 668 989,A01,2,1,0,0,9,1,5,0.0
202300006513,155 668 987,C01,2,43,0,2,3,3,1,0.0
202300006513,155 668 990,A01,2,14,0,2,8,1,1,0.0
202300006513,155 668 993,B01,2,7,0,2,5,1,1,0.0
202300006514,155 668 984,B01,3,80,0,2,1,1,3,0.0
202300006514,155 668 988,A01,3,7,0,2,3,15,1,0.0
202300006515,155 668 981,B01,2,15,0,2,8,1,1,0.0
202300006515,155 668 983,C01,2,7,0,0,2,1,2,0.0
202300006515,155 668 985,A01,1,10,0,2,8,1,1,0.0
202300006516,155 668 980,A01,1,33,0,0,0,12,1,0.0
202300006517,155 668 982,A01,0,34,0,2,1,1,1,0.0
202300006517,155 668 986,B01,0,10,0,0,6,15,1,0.0
202300006518,155 668 978,A01,1,7,0,2,7,10,1,0.0
202300006518,155 668 979,B01,1,7,0,2,3,1,1,0.0
202300006519,155 668 976,A01,2,7,0,1,1,1,1,0.0
202300006520,155 668 973,A01,1,43,12,0,1,26,1,0.0
202300006521,155 668 972,C01,1,7,0,2,8,23,1,0.0
202300006521,155 668 975,A01,2,7,0,2,2,16,1,0.0
202300006521,155 668 977,B01,2,2,0,2,1,18,1,0.0
202300006522,155 668 970,A01,2,36,13,0,1,23,1,0.0
202300006523,155 668 971,B01,3,60,0,2,4,1,5,0.0
202300006523,155 668 974,A01,3,7,0,9,1,1,1,0.0
202300006524,155 668 967,A01,3,7,0,1,1,1,1,0.0
202300006525,155 668 964,A01,2,7,8,0,1,1,1,0.0
202300006526,155 668 963,B01,-1,10,0,2,1,-1,1,0.0
202300006526,155 668 969,A01,-1,10,0,2,1,-1,1,0.0
202300006527,155 668 960,D01,1,7,0,2,6,2,1,0.0
202300006527,155 668 962,C01,1,7,0,2,1,14,1,0.0
202300006527,155 668 966,B01,1,10,0,2,8,2,1,0.0
202300006527,155 668 968,A01,1,7,0,2,8,2,1,0.0
202300006528,155 668 961,A01,1,7,0,9,1,17,1,0.0
202300006528,155 668 965,B01,2,1,0,2,7,15,5,0.0
202300006529,155 668 958,A01,2,7,2,0,3,13,1,0.0
202300006530,155 668 957,A01,2,7,15,0,1,14,1,0.0
202300006531,155 668 956,A01,2,7,0,2,1,13,1,0.0
202300006531,155 668 959,B01,1,7,0,2,3,1,1,0.0
202300006532,155 668 953,A01,3,7,0,1,1,1,1,0.0
202300006533,155 668 952,A01,2,33,12,0,8,1,1,0.0
202300006534,155 668 950,B01,1,7,0,0,6,23,1,0.0
202300006534,155 668 954,A01,1,7,0,0,2,11,1,0.0
202300006535,155 668 951,B01,1,7,0,2,9,17,1,0.0
202300006535,155 668 955,A01,1,10,0,2,4,2,1,0.0
202300006536,155 668 946,A01,3,33,15,0,1,26,1,0.0
202300006537,155 668 944,A01,1,7,0,2,1,2,1,0.0
202300006537,155 668 948,B01,1,30,0,0,4,2,1,0.0
202300006538,155 668 949,A01,2,7,2,0,9,1,1,0.0
202300006539,155 668 945,A01,3,7,0,2,2,1,1,0.0
202300006539,155 668 947,B01,0,7,0,0,0,0,0,0.0
202300006540,155 668 938,A01,1,7,0,2,3,5,1,0.0
202300006540,155 668 942,B01,2,7,0,2,3,1,1,0.0
202300006541,155 668 939,B01,1,50,0,2,8,1,3,0.0
202300006541,155 668 943,A01,2,7,0,2,3,15,1,0.0
202300006542,155 668 935,A01,1,30,0,0,0,1,1,0.0
202300006543,155 668 933,A01,2,7,0,2,1,2,2,0.0
202300006543,155 668 934,B01,2,10,0,2,4,2,1,0.0
202300006544,155 668 932,B01,1,7,0,2,4,2,1,0.0
202300006544,155 668 937,C01,1,7,0,2,4,2,1,0.0
202300006544,155 668 940,A01,1,7,0,2,1,2,1,0.0
202300006545,155 668 928,B01,3,33,0,2,0,0,1,0.0
202300006545,155 668 930,A01,3,33,0,2,0,0,1,0.0
202300006546,155 668 927,B01,3,50,0,2,1,19,3,0.0
202300006546,155 668 929,A01,3,7,0,2,3,1,1,0.0
202300006547,155 668 931,A01,1,14,0,2,4,2,1,0.0
202300006547,155 668 941,B01,1,10,0,2,1,2,1,0.0
202300006548,155 668 924,A01,1,7,0,2,5,1,1,0.0
202300006548,155 668 926,B01,2,7,0,2,2,1,0,0.0
202300006549,155 668 921,A01,1,7,0,2,2,1,2,0.0
202300006549,155 668 925,B01,1,1,0,2,2,1,5,0.0
202300006550,155 668 920,A01,1,7,0,2,3,13,1,0.0
202300006550,155 668 923,B01,2,7,0,2,6,17,1,0.0
202300006551,155 668 922,A01,0,7,0,2,3,1,1,0.0
202300006551,155 668 936,B01,0,7,0,2,1,1,1,0.0
202300006552,155 668 919,A01,1,7,0,1,1,1,3,0.0
202300006553,155 668 915,B01,1,7,0,2,4,1,1,0.0
202300006553,155 668 918,A01,2,10,0,2,1,2,1,0.0
202300006554,155 668 914,B01,1,10,0,2,1,1,1,0.0
202300006554,155 668 917,A01,1,7,0,2,9,1,1,0.0
202300006555,155 668 911,A01,2,7,0,2,3,1,1,0.0
202300006555,155 668 913,B01,1,7,0,2,2,15,1,0.0
202300006556,155 668 908,A01,2,2,0,0,8,1,1,0.0
202300006557,155 668 907,A01,3,7,0,2,2,19,0,0.0
202300006557,155 668 909,B01,3,33,0,2,1,1,1,0.0
202300006558,155 668 912,Z01,2,7,0,2,2,12,1,0.0
202300006558,155 668 916,B01,2,34,0,2,8,1,1,0.0
202300006559,155 668 905,B01,3,2,0,2,1,13,1,0.0
202300006559,155 668 906,A01,3,7,0,2,3,0,1,0.0
202300006560,155 668 904,A01,1,7,0,1,1,1,1,0.0
202300006561,155 668 902,A01,2,1,0,1,1,1,5,0.0
202300006562,155 668 901,A01,3,7,0,2,1,19,1,0.0
202300006562,155 668 903,B01,3,1,0,0,8,0,5,0.0
202300006563,155 668 900,A01,1,7,10,0,1,13,1,0.0
202300006564,155 668 898,A01,2,7,0,1,1,1,1,0.0
202300006565,155 668 897,A01,1,7,0,2,1,13,1,0.0
202300006565,155 668 899,B01,2,7,0,2,1,1,1,0.0
202300006565,155 668 910,C01,2,7,13,0,0,14,0,0.0
202300006566,155 668 892,B01,0,1,0,2,1,1,5,0.0
202300006566,155 668 895,A01,0,7,0,9,1,1,0,0.0
202300006567,155 668 891,A01,2,33,0,2,2,17,1,0.0
202300006567,155 668 894,B01,2,7,0,2,3,11,1,0.0
202300006568,155 668 893,A01,1,10,0,2,2,16,1,0.0
202300006568,155 668 896,Y01,1,1,0,2,1,16,5,0.0
202300006569,155 668 890,A01,3,7,2,0,8,0,0,0.0
202300006570,155 668 888,B01,1,7,3,2,6,2,1,0.0
202300006570,155 668 889,A01,1,7,0,2,1,2,1,0.0
202300006571,155 668 885,A01,2,7,2,0,9,26,1,0.0
202300006572,155 668 883,A01,2,10,0,2,8,1,1,0.0
202300006572,155 668 887,B01,1,1,0,2,1,1,5,0.0
202300006573,155 668 884,Z01,1,7,0,1,4,1,1,0.0
202300006574,155 668 882,B01,1,7,0,2,8,15,-1,0.0
202300006574,155 668 886,A01,1,7,0,2,2,1,1,0.0
202300006575,155 668 874,A01,2,30,0,2,1,1,3,0.0
202300006575,155 668 879,B01,2,7,0,2,4,1,3,0.0
202300006576,155 668 875,B01,2,14,0,2,2,2,1,0.0
202300006576,155 668 880,A01,2,7,0,2,2,14,1,0.0
202300006576,155 668 881,C01,2,7,0,2,6,1,3,0.0
202300006577,155 668 873,A01,1,10,0,2,5,4,1,0.0
202300006577,155 668 878,B01,1,33,0,2,1,1,1,0.0
202300006578,155 668 872,A01,1,7,0,2,1,2,1,0.0
202300006578,155 668 877,B01,1,7,0,2,4,2,1,0.0
202300006579,155 668 871,B01,1,7,0,2,2,1,1,0.0
202300006579,155 668 876,A01,2,10,0,2,8,13,1,0.0
202300006580,155 668 864,A01,0,7,0,2,5,9,1,0.0
202300006580,155 668 870,B01,0,50,0,2,1,1,3,0.0
202300006581,155 668 865,A01,2,50,0,1,1,1,3,0.0
202300006582,155 668 863,Z01,2,7,0,2,2,14,1,0.0
202300006582,155 668 867,B01,2,15,0,2,8,1,1,0.0
202300006582,155 668 869,A01,2,7,0,2,8,1,1,0.0
202300006583,155 668 860,A01,3,10,0,1,4,20,3,0.0
202300006584,155 668 859,A01,2,10,0,2,2,14,1,0.0
202300006584,155 668 861,B01,2,32,0,2,3,0,1,0.0
202300006585,155 668 855,A01,2,34,0,0,7,3,3,0.0
202300006586,155 668 854,C01,2,7,0,2,2,1,1,0.0
202300006586,155 668 856,D01,2,7,0,2,8,1,1,0.0
202300006586,155 668 857,A01,1,7,0,2,1,1,1,0.0
202300006586,155 668 858,B01,2,7,0,2,4,1,1,0.0
202300006586,155 668 862,E01,2,10,0,2,7,1,1,0.0
202300006587,155 668 868,A01,0,7,13,0,3,0,1,0.0
202300006588,155 668 866,A01,3,7,0,1,3,15,1,0.0
202300006589,155 668 849,A01,2,33,0,2,6,11,1,0.0
202300006589,155 668 851,B01,2,7,0,2,1,3,1,0.0
202300006590,155 668 847,A01,1,33,6,0,1,1,1,0.0
202300006591,155 668 846,B01,3,7,0,2,3,2,1,0.0
202300006591,155 668 848,A01,3,33,0,2,5,2,1,0.0
202300006592,155 668 852,A01,1,7,0,2,0,15,2,0.0
202300006592,155 668 853,B01,2,32,0,2,0,21,0,0.0
202300006593,155 668 845,A01,1,7,7,0,1,1,1,0.0
202300006594,155 668 844,A01,1,7,13,0,1,1,1,0.0
202300006595,155 668 840,A01,3,7,0,2,3,23,1,0.0
202300006595,155 668 842,Z01,3,7,0,2,4,4,1,0.0
202300006596,155 668 837,A01,0,36,0,0,0,0,1,0.0
202300006597,155 668 838,A01,1,99,0,2,3,11,1,0.0
202300006597,155 668 839,C01,1,7,0,2,5,1,1,0.0
202300006597,155 668 841,B01,1,33,0,2,2,3,1,0.0
202300006598,155 668 843,B01,2,7,0,2,4,1,1,0.0
202300006598,155 668 850,A01,2,10,0,2,1,1,1,0.0
202300006599,155 668 832,A01,2,7,0,2,2,5,1,0.0
202300006599,155 668 834,B01,1,33,0,2,1,1,1,0.0
202300006600,155 668 830,B01,3,7,1,0,8,26,1,0.0
202300006600,155 668 835,A01,2,7,1,0,1,26,1,0.0
202300006601,155 668 827,A01,2,7,0,2,1,2,1,0.0
202300006601,155 668 829,B01,2,7,0,2,4,2,1,0.0
202300006601,155 668 831,C01,2,7,0,2,4,2,1,0.0
202300006601,155 668 833,D01,2,7,0,2,0,0,0,0.0
202300006602,155 668 826,A01,2,7,0,1,3,1,1,0.0
202300006603,155 668 824,A01,1,7,7,6,1,1,2,0.0
202300006604,155 668 819,D01,1,10,0,2,4,2,1,0.0
202300006604,155 668 821,C01,1,7,0,2,4,2,1,0.0
202300006604,155 668 823,B01,1,7,0,2,4,2,1,0.0
202300006604,155 668 825,A01,1,7,0,2,1,0,1,0.0
202300006605,155 668 828,A01,2,14,0,2,1,1,1,0.0
202300006605,155 668 836,B01,3,60,0,2,7,19,5,0.0
202300006606,155 668 818,B01,1,30,0,2,1,2,0,0.0
202300006606,155 668 820,A01,2,7,0,2,3,26,0,0.0
202300006607,155 668 816,A01,2,7,3,0,9,2,1,0.0
202300006608,155 668 814,B01,2,7,0,2,8,1,1,0.0
202300006608,155 668 815,A01,2,15,0,2,2,12,1,0.0
202300006609,155 668 811,A01,3,7,0,2,1,1,1,0.0
202300006609,155 668 813,B01,3,1,0,2,1,1,5,0.0
202300006610,155 668 812,A01,2,2,12,0,1,1,1,0.0
202300006611,155 668 817,B01,1,1,0,2,8,1,5,0.0
202300006611,155 668 822,A01,1,7,0,2,7,16,1,0.0
202300006612,155 668 809,B01,2,33,0,2,8,1,1,0.0
202300006612,155 668 810,A01,2,7,0,2,7,12,1,0.0
202300006613,155 668 808,A01,1,1,0,0,-1,1,5,0.0
202300006614,155 668 807,A01,2,32,12,0,0,13,1,0.0
202300006615,155 668 800,A01,2,7,0,2,2,1,1,0.0
202300006615,155 668 803,C01,2,7,0,2,1,1,1,0.0
202300006615,155 668 805,B01,2,15,0,2,6,2,1,0.0
202300006616,155 668 802,A01,1,7,0,2,1,15,1,0.0
202300006616,155 668 806,B01,1,34,0,2,8,1,1,0.0
202300006617,155 668 799,B01,1,50,0,2,3,1,3,0.0
202300006617,155 668 804,A01,2,7,0,2,1,9,1,0.0
202300006618,155 668 798,Z01,2,7,0,1,8,8,2,0.0
202300006619,155 668 792,A01,1,2,0,2,1,5,1,0.0
202300006619,155 668 797,B01,2,36,0,0,8,26,1,0.0
202300006620,155 668 793,B01,2,7,0,2,4,1,1,0.0
202300006620,155 668 796,A01,2,43,0,2,1,1,1,0.0