num_acc,id_vehicule,num_veh,senc,catv,obs,obsm,choc,manv,motor,occutc
202300006621,155 668 790,B01,1,7,0,2,1,1,3,0.0
202300006621,155 668 794,A01,1,31,0,2,5,16,1,0.0
202300006622,155 668 789,A01,2,50,0,1,2,1,3,0.0
202300006623,155 668 784,A01,1,7,0,1,2,1,1,0.0
202300006624,155 668 785,A01,2,7,0,0,0,20,1,0.0
202300006624,155 668 788,B01,2,35,0,0,0,1,1,0.0
202300006625,155 668 781,B01,1,7,0,0,0,0,1,0.0
202300006625,155 668 787,A01,1,7,0,0,0,0,1,0.0
202300006626,155 668 780,Z01,2,1,0,2,1,1,5,0.0
202300006626,155 668 783,A01,2,1,0,2,4,16,5,0.0
202300006627,155 668 778,A01,3,1,12,0,7,26,5,0.0
202300006628,155 668 777,A01,1,7,0,2,1,3,1,0.0
202300006628,155 668 779,B01,1,32,0,2,1,1,1,0.0
202300006629,155 668 775,A01,3,32,0,1,1,1,1,0.0
202300006630,155 668 772,A01,0,7,0,1,4,4,1,0.0
202300006631,155 668 770,B01,3,2,0,2,2,15,1,0.0
202300006631,155 668 773,A01,3,10,0,2,3,1,0,0.0
202300006632,155 668 767,A01,2,7,0,1,2,19,1,0.0
202300006633,155 668 769,A01,1,7,2,0,1,1,1,0.0
202300006634,155 668 764,B01,2,37,0,1,1,1,6,1.0
202300006635,155 668 762,A01,1,7,0,2,1,9,1,0.0
202300006635,155 668 765,B01,2,50,0,2,7,1,3,0.0
202300006636,155 668 763,A01,3,7,0,1,4,4,1,0.0
202300006637,155 668 756,A01,1,7,0,2,2,2,0,0.0
202300006637,155 668 759,C01,1,7,0,2,6,2,0,0.0
202300006637,155 668 760,B01,1,33,0,2,3,2,1,0.0
202300006638,155 668 753,A01,0,7,0,2,3,15,1,0.0
202300006638,155 668 757,B01,0,1,0,2,0,19,5,0.0
202300006639,155 668 761,A01,1,33,14,1,2,19,6,0.0
202300006640,155 668 751,A01,3,7,0,1,5,1,1,0.0
202300006641,155 668 749,B01,3,33,0,2,3,1,1,0.0
202300006641,155 668 752,A01,3,7,0,2,2,15,1,0.0
202300006642,155 668 755,A01,2,7,6,0,3,1,1,0.0
202300006643,155 668 748,A01,1,7,0,9,3,9,1,0.0
202300006643,155 668 750,B01,1,80,0,2,1,0,3,0.0
202300006644,155 668 745,A01,1,7,3,0,3,12,1,0.0
202300006645,155 668 743,A01,1,7,0,2,1,2,1,0.0
202300006645,155 668 747,B01,1,7,0,2,4,2,1,0.0
202300006646,155 668 741,A01,2,7,15,0,1,16,1,0.0
202300006647,155 668 742,B01,1,7,0,2,4,23,1,0.0
202300006647,155 668 746,A01,1,7,0,2,1,1,1,0.0
202300006648,155 668 738,A01,3,7,0,2,1,1,1,0.0
202300006648,155 668 739,B01,3,2,0,2,6,2,1,0.0
202300006649,155 668 737,Z01,1,10,0,1,2,1,1,0.0
202300006650,155 668 734,A01,1,10,0,2,1,6,0,0.0
202300006650,155 668 736,B01,1,7,0,0,7,1,1,0.0
202300006651,155 668 732,A01,1,7,0,2,4,9,1,0.0
202300006651,155 668 735,B01,1,7,0,2,1,0,1,0.0
202300006652,155 668 729,B01,3,1,0,9,7,19,5,0.0
202300006652,155 668 731,A01,1,7,0,9,1,1,1,0.0
202300006653,155 668 730,A01,2,80,0,2,8,1,3,0.0
202300006653,155 668 733,Z01,2,7,0,2,7,16,0,0.0
202300006654,155 668 740,A01,1,7,0,2,2,1,1,0.0
202300006654,155 668 744,B01,1,1,0,0,4,1,5,0.0
202300006655,155 668 727,A01,1,7,0,0,6,15,1,0.0
202300006655,155 668 728,B01,1,33,0,2,1,17,1,0.0
202300006656,155 668 725,B01,0,10,0,2,1,1,0,0.0
202300006656,155 668 726,A01,0,7,0,0,4,1,0,0.0
202300006657,155 668 720,A01,3,14,0,1,2,20,1,0.0
202300006658,155 668 721,A01,3,7,0,2,1,1,1,0.0
202300006658,155 668 724,B01,3,1,0,2,2,15,5,0.0
202300006659,155 668 718,A01,1,33,1,0,9,18,1,0.0
202300006659,155 668 719,B01,1,10,0,2,5,24,1,0.0
202300006660,155 668 713,A01,1,7,13,0,1,13,1,0.0
202300006661,155 668 716,B01,0,33,0,2,2,17,1,0.0
202300006661,155 668 723,A01,3,7,0,2,3,15,2,0.0
202300006662,155 668 712,A01,1,7,0,2,8,22,1,0.0
202300006662,155 668 715,B01,1,80,1,0,1,1,3,0.0
202300006663,155 668 710,B01,3,7,0,2,0,0,0,0.0
202300006663,155 668 717,A01,1,7,0,2,7,18,1,0.0
202300006664,155 668 711,B01,1,15,0,2,2,12,1,0.0
202300006664,155 668 722,A01,1,7,0,2,6,1,1,0.0
202300006665,155 668 709,A01,2,7,0,2,2,16,1,0.0
202300006665,155 668 714,B01,2,80,0,2,8,1,3,0.0
202300006666,155 668 705,A01,1,34,0,2,1,2,1,0.0
202300006666,155 668 708,B01,1,7,0,2,6,15,1,0.0
202300006667,155 668 703,A01,3,7,0,1,5,26,1,0.0
202300006668,155 668 702,A01,2,10,0,2,7,22,1,0.0
202300006668,155 668 706,B01,2,1,1,0,1,1,5,0.0
202300006669,155 668 699,A01,1,7,0,1,2,0,2,0.0
202300006670,155 668 698,C01,3,60,0,2,1,1,5,0.0
202300006670,155 668 701,A01,3,7,0,2,1,15,1,0.0
202300006670,155 668 704,B01,3,50,0,2,1,1,3,0.0
202300006671,155 668 695,A01,3,7,0,0,0,0,0,0.0
202300006671,155 668 697,B01,3,33,0,2,0,0,0,0.0
202300006672,155 668 696,A01,1,34,2,0,2,17,1,0.0
202300006673,155 668 694,A01,1,7,0,1,1,1,1,0.0
202300006674,155 668 690,A01,2,7,0,2,3,1,1,0.0
202300006674,155 668 693,B01,0,2,0,2,1,1,1,0.0
202300006675,155 668 685,B01,1,1,0,2,1,1,5,0.0
202300006675,155 668 687,A01,1,7,0,2,7,16,1,0.0
202300006676,155 668 686,A01,0,2,16,0,3,1,1,0.0
202300006677,155 668 684,B01,1,1,0,2,1,16,5,0.0
202300006677,155 668 689,A01,2,7,0,2,1,13,1,0.0
202300006678,155 668 683,B01,2,7,0,2,2,2,1,0.0
202300006678,155 668 691,A01,1,10,0,2,3,15,1,0.0
202300006679,155 668 681,B01,1,7,0,2,4,23,1,0.0
202300006679,155 668 688,Z01,1,7,0,2,1,1,0,0.0
202300006680,155 668 682,A01,3,7,0,1,2,16,1,0.0
202300006681,155 668 676,A01,2,1,0,1,0,15,5,0.0
202300006682,155 668 678,A01,3,33,13,0,1,1,0,0.0
202300006683,155 668 679,A01,3,7,0,1,4,4,1,0.0
202300006684,155 668 675,A01,1,7,0,2,1,26,1,0.0
202300006684,155 668 677,B01,2,7,0,2,3,23,1,0.0
202300006685,155 668 673,A01,0,7,0,2,1,26,1,0.0
202300006685,155 668 674,B01,0,33,0,2,0,1,1,0.0
202300006686,155 668 671,A01,3,7,16,0,9,14,1,0.0
202300006687,155 668 670,B01,1,50,0,2,8,19,3,0.0
202300006688,155 668 672,A01,3,7,7,2,7,5,1,0.0
202300006688,155 668 680,B01,3,7,7,2,1,15,1,0.0
202300006689,155 668 669,A01,1,7,0,0,0,26,1,0.0
202300006690,155 668 666,A01,0,7,0,2,5,15,1,0.0
202300006690,155 668 668,B01,0,7,0,2,2,1,1,0.0
202300006691,155 668 664,A01,1,7,15,0,1,1,1,0.0
202300006692,155 668 662,B01,2,60,0,2,7,19,5,0.0
202300006692,155 668 665,A01,2,7,0,2,1,1,1,0.0
202300006693,155 668 659,A01,1,7,0,2,2,11,1,0.0
202300006693,155 668 663,B01,2,32,0,2,1,1,1,0.0
202300006694,155 668 660,B01,0,31,0,0,0,0,0,0.0
202300006694,155 668 667,A01,0,7,0,0,0,0,1,0.0
202300006695,155 668 658,B01,1,33,0,2,1,1,1,0.0
202300006695,155 668 661,A01,2,7,0,2,5,10,1,0.0
202300006696,155 668 657,A01,1,7,1,0,1,1,4,0.0
202300006697,155 668 655,A01,0,50,0,1,1,5,3,0.0
202300006698,155 668 654,A01,1,7,8,0,1,1,1,0.0
202300006699,155 668 653,A01,2,7,11,2,1,6,1,0.0
202300006699,155 668 656,B01,1,7,0,2,1,1,1,0.0
202300006700,155 668 650,A01,1,7,0,1,3,1,1,0.0
202300006701,155 668 649,B01,1,30,0,2,1,1,1,0.0
202300006701,155 668 652,A01,2,7,0,2,1,15,1,0.0
202300006702,155 668 647,A01,1,7,0,2,3,10,1,0.0
202300006702,155 668 651,B01,2,30,0,2,1,1,1,0.0
202300006703,155 668 645,A01,1,7,0,2,4,26,1,0.0
202300006703,155 668 648,B01,1,2,0,2,1,26,3,0.0
202300006704,155 668 644,A01,1,7,2,0,6,1,1,0.0
202300006705,155 668 642,A01,3,37,0,1,0,1,0,1.0
202300006706,155 668 639,A01,1,7,0,0,4,23,1,0.0
202300006706,155 668 641,B01,1,15,0,2,1,2,1,0.0
202300006707,155 668 640,A01,3,7,0,1,1,1,1,0.0
202300006708,155 668 637,A01,2,33,0,0,7,0,1,0.0
202300006709,155 668 635,A01,1,7,0,2,5,1,0,0.0
202300006709,155 668 638,B01,1,7,0,0,5,1,0,0.0
202300006710,155 668 634,A01,1,7,0,1,1,2,1,0.0
202300006711,155 668 636,A01,1,7,0,2,7,15,1,0.0
202300006711,155 668 643,B01,2,7,0,2,1,1,1,0.0
202300006712,155 668 630,A01,1,7,1,2,1,13,1,0.0
202300006713,155 668 629,A01,0,7,0,1,4,20,1,0.0
202300006714,155 668 628,A01,3,7,6,0,2,14,1,0.0
202300006715,155 668 626,B01,1,80,0,2,8,2,3,0.0
202300006715,155 668 627,A01,1,7,0,2,1,1,1,0.0
202300006716,155 668 624,A01,1,7,1,0,3,26,1,0.0
202300006717,155 668 622,A01,2,7,0,2,2,14,1,0.0
202300006717,155 668 625,B01,2,15,0,2,6,1,1,0.0
202300006718,155 668 620,A01,3,13,0,2,5,19,0,0.0
202300006718,155 668 623,B01,3,2,0,2,1,1,0,0.0
202300006719,155 668 616,B01,2,1,0,2,1,1,5,0.0
202300006719,155 668 619,A01,2,7,0,0,2,1,1,0.0
202300006720,155 668 615,A01,2,30,0,0,0,15,1,0.0
202300006721,155 668 613,C01,1,7,0,0,1,14,1,0.0
202300006721,155 668 618,A01,2,7,3,2,1,0,1,0.0
202300006721,155 668 621,B01,1,7,0,2,1,0,1,0.0
202300006722,155 668 614,B01,2,50,0,0,1,23,3,0.0
202300006722,155 668 617,A01,1,7,0,0,1,13,6,0.0
202300006723,155 668 612,A01,1,1,0,0,0,-1,5,0.0
202300006724,155 668 609,A01,0,2,0,2,7,0,1,0.0
202300006724,155 668 611,B01,0,7,0,2,0,0,1,0.0
202300006725,155 668 607,A01,1,1,0,0,0,0,5,0.0
202300006726,155 668 608,A01,2,1,12,0,0,25,5,0.0
202300006727,155 668 605,A01,1,33,0,2,1,18,1,0.0
202300006727,155 668 610,B01,1,7,0,2,2,16,1,0.0
202300006728,155 668 604,A01,1,7,8,0,1,13,1,0.0
202300006729,155 668 603,B01,1,1,0,2,4,2,5,0.0
202300006729,155 668 606,A01,1,7,0,2,2,2,0,0.0
202300006730,155 668 601,A01,1,1,0,0,0,0,5,0.0
202300006731,155 668 599,A01,3,30,0,2,0,12,1,0.0
202300006732,155 668 598,B01,1,43,0,2,8,1,1,0.0
202300006732,155 668 602,A01,3,1,0,2,8,19,5,0.0
202300006733,155 668 596,A01,2,7,0,1,1,1,1,0.0
202300006734,155 668 597,A01,2,7,2,6,1,1,1,0.0
202300006735,155 668 595,A01,2,1,0,2,1,1,5,0.0
202300006735,155 668 600,B01,2,10,0,2,3,1,1,0.0
202300006736,155 668 591,A01,2,13,0,2,3,1,0,0.0
202300006736,155 668 593,B01,2,7,0,2,2,1,0,0.0
202300006737,155 668 586,A01,1,7,0,2,3,15,1,0.0
202300006737,155 668 592,B01,1,7,0,2,6,15,1,0.0
202300006738,155 668 585,B01,1,34,0,2,7,2,1,0.0
202300006738,155 668 589,A01,1,7,0,2,8,2,1,0.0
202300006739,155 668 584,A01,1,10,0,2,1,2,1,0.0
202300006739,155 668 588,B01,0,7,0,2,4,2,1,0.0
202300006740,155 668 580,A01,2,7,12,0,2,1,1,0.0
202300006741,155 668 578,B01,1,7,0,2,2,16,1,0.0
202300006741,155 668 581,A01,1,34,0,2,3,7,1,0.0
202300006742,155 668 579,A01,2,33,3,2,8,2,1,0.0
202300006743,155 668 572,A01,1,2,0,2,8,15,1,0.0
202300006743,155 668 575,B01,1,16,0,2,7,17,1,0.0
202300006744,155 668 567,A01,1,10,0,2,1,19,1,0.0
202300006744,155 668 573,B01,2,50,0,2,8,1,3,0.0
202300006745,155 668 569,A01,0,7,0,2,3,15,1,0.0
202300006745,155 668 576,B01,0,2,0,2,1,0,1,0.0
202300006746,155 668 566,B01,3,60,0,2,0,0,5,0.0
202300006746,155 668 571,A01,3,1,0,2,1,15,5,0.0
202300006747,155 668 559,A01,1,7,0,0,6,2,0,0.0
202300006747,155 668 564,B01,1,7,0,2,2,2,0,0.0
202300006748,155 668 561,A01,2,7,0,2,1,1,1,0.0
202300006748,155 668 565,B01,2,7,0,2,6,2,1,0.0
202300006748,155 668 568,C01,2,7,0,2,5,2,1,0.0
202300006749,155 668 558,A01,1,7,0,2,3,1,1,0.0
202300006749,155 668 563,B01,2,3,0,2,3,1,1,0.0
202300006750,155 668 557,A01,1,7,3,0,2,14,1,0.0
202300006751,155 668 556,A01,0,7,0,2,8,9,1,0.0
202300006751,155 668 560,B01,0,37,0,2,2,0,1,1.0
202300006752,155 668 554,A01,1,7,4,0,8,0,1,0.0
202300006753,155 668 552,A01,1,30,9,0,1,26,1,0.0
202300006754,155 668 550,A01,2,7,0,2,1,2,1,0.0
202300006754,155 668 555,B01,2,7,0,0,9,2,1,0.0
202300006755,155 668 549,A01,2,7,8,0,1,1,1,0.0
202300006756,155 668 548,A01,1,33,0,2,0,1,1,0.0
202300006757,155 668 546,A01,2,15,0,2,2,12,1,0.0
202300006757,155 668 551,B01,2,7,0,2,6,1,2,0.0
202300006758,155 668 544,A01,2,7,0,2,3,1,1,0.0
202300006758,155 668 547,B01,1,34,0,2,3,1,1,0.0
202300006759,155 668 542,A01,0,7,0,2,3,19,1,0.0
202300006759,155 668 545,B01,0,37,0,2,3,15,1,4.0
202300006760,155 668 540,A01,2,7,0,2,2,2,1,0.0
202300006760,155 668 543,B01,2,7,0,2,4,1,1,0.0
202300006761,155 668 539,B01,0,33,0,2,2,1,1,0.0
202300006761,155 668 541,A01,0,7,0,2,1,9,1,0.0
202300006762,155 668 537,A01,3,34,9,0,1,1,1,0.0
202300006763,155 668 536,A01,1,31,0,0,0,1,1,0.0
202300006764,155 668 535,A01,1,7,0,2,2,12,1,0.0
202300006764,155 668 538,B01,1,33,0,2,8,3,1,0.0
202300006765,155 668 530,B01,3,7,0,2,3,16,1,0.0
202300006765,155 668 533,A01,1,32,0,2,1,17,1,0.0
202300006766,155 668 531,A01,1,99,0,2,1,1,3,0.0
202300006766,155 668 534,B01,3,1,0,2,0,23,5,0.0
202300006767,155 668 529,A01,3,30,0,1,1,24,1,0.0
202300006768,155 668 528,A01,1,7,0,2,2,9,1,0.0
202300006768,155 668 532,B01,2,33,0,2,2,1,1,0.0
202300006769,155 668 527,A01,1,7,2,0,2,1,1,0.0
202300006770,155 668 522,A01,2,7,0,2,1,9,0,0.0
202300006770,155 668 526,B01,2,7,0,2,4,1,1,0.0
202300006771,155 668 519,A01,1,7,0,2,1,2,0,0.0
202300006771,155 668 524,B01,0,1,0,2,1,5,5,0.0
202300006772,155 668 521,B01,1,1,0,2,8,1,5,0.0
202300006772,155 668 525,A01,1,14,0,2,7,16,1,0.0
202300006773,155 668 518,A01,1,1,0,2,1,2,5,0.0
202300006773,155 668 523,B01,1,7,0,2,6,2,1,0.0
202300006774,155 668 516,B01,2,7,0,2,8,15,1,0.0
202300006774,155 668 520,A01,2,33,0,2,1,17,1,0.0
202300006775,155 668 515,A01,3,7,0,2,8,19,1,0.0
202300006775,155 668 517,B01,3,33,0,2,1,1,1,0.0
202300006776,155 668 512,A01,1,7,12,1,3,26,6,0.0
202300006777,155 668 510,A01,2,7,0,2,1,1,1,0.0
202300006777,155 668 513,B01,1,10,0,2,1,1,1,0.0
202300006778,155 668 506,A01,0,2,0,2,8,15,1,0.0
202300006778,155 668 511,B01,1,7,0,2,1,1,1,0.0
202300006779,155 668 504,A01,1,7,0,2,3,12,1,0.0
202300006779,155 668 508,C01,1,7,0,2,2,1,1,0.0
202300006779,155 668 514,B01,1,7,0,2,6,0,1,0.0
202300006780,155 668 502,A01,2,32,0,2,1,1,1,0.0
202300006780,155 668 505,B01,1,50,0,2,1,5,3,0.0
202300006781,155 668 500,A01,2,7,0,2,1,2,1,0.0
202300006781,155 668 503,B01,2,33,0,2,4,9,1,0.0
202300006782,155 668 499,A01,3,37,0,2,0,21,6,5.0
202300006782,155 668 509,B01,3,50,0,0,0,19,3,0.0
202300006783,155 668 501,A01,3,14,2,0,3,0,1,0.0
202300006784,155 668 498,A01,3,33,0,0,0,1,1,0.0
202300006785,155 668 494,B01,3,10,0,2,5,23,1,0.0
202300006785,155 668 496,A01,3,31,0,2,1,1,1,0.0
202300006786,155 668 495,A01,1,7,0,2,4,1,1,0.0
202300006786,155 668 497,B01,1,7,0,2,1,1,1,0.0
202300006787,155 668 493,A01,2,21,0,1,1,26,1,0.0
202300006788,155 668 492,A01,1,30,11,0,6,26,1,0.0
202300006789,155 668 491,A01,3,33,0,1,1,1,1,0.0
202300006790,155 668 490,A01,3,14,6,0,1,26,1,0.0
202300006791,155 668 489,A01,1,10,8,1,5,4,1,0.0
202300006792,155 668 486,A01,1,7,6,1,1,16,2,0.0
202300006793,155 668 487,A01,2,10,0,2,2,1,1,0.0
202300006793,155 668 488,B01,1,1,0,2,1,5,5,0.0
202300006794,155 668 483,A01,2,7,10,0,1,1,1,0.0
202300006795,155 668 481,A01,2,7,0,0,8,1,1,0.0
202300006795,155 668 485,B01,1,7,0,0,0,0,1,0.0
202300006796,155 668 479,A01,3,7,0,2,1,1,1,0.0
202300006796,155 668 482,B01,3,34,0,2,2,9,1,0.0
202300006797,155 668 477,A01,2,7,0,2,1,15,0,0.0
202300006797,155 668 480,B01,1,7,0,2,1,1,1,0.0
202300006797,155 668 484,C01,2,7,0,2,3,23,1,0.0
202300006798,155 668 475,A01,3,10,0,2,3,1,1,0.0
202300006798,155 668 478,B01,3,33,0,2,4,1,1,0.0
202300006799,155 668 476,A01,1,7,0,1,3,2,1,0.0
202300006800,155 668 472,A01,3,31,12,0,1,17,1,0.0
202300006801,155 668 471,B01,3,7,14,0,5,1,1,0.0
202300006801,155 668 474,A01,3,7,0,2,3,1,1,0.0
202300006802,155 668 468,A01,2,7,6,0,1,1,6,0.0
202300006803,155 668 467,A01,1,33,0,2,7,1,1,0.0
202300006803,155 668 470,B01,1,7,0,2,8,11,1,0.0
202300006803,155 668 473,C01,1,7,0,2,4,1,1,0.0
202300006804,155 668 465,A01,0,7,0,2,2,2,1,0.0
202300006804,155 668 469,B01,0,7,0,2,1,1,1,0.0
202300006805,155 668 461,A01,1,7,0,2,2,1,1,0.0
202300006805,155 668 463,B01,2,1,0,2,1,5,5,0.0
202300006806,155 668 457,A01,1,34,0,2,1,26,1,0.0
202300006806,155 668 462,B01,1,7,0,2,4,1,1,0.0
202300006806,155 668 464,C01,1,7,0,2,2,1,1,0.0
202300006807,155 668 459,A01,3,7,0,2,1,9,6,0.0
202300006807,155 668 466,B01,3,1,0,2,4,1,5,0.0
202300006808,155 668 455,A01,2,7,0,2,3,2,1,0.0
202300006808,155 668 460,B01,2,7,0,2,5,2,1,0.0
202300006809,155 668 456,A01,2,1,13,0,7,0,5,0.0
202300006810,155 668 454,A01,0,34,0,2,8,13,1,0.0
202300006810,155 668 458,B01,0,37,0,2,2,1,1,1.0
202300006811,155 668 450,A01,3,2,12,0,1,1,1,0.0
202300006812,155 668 449,A01,1,7,0,1,3,15,1,0.0
202300006813,155 668 451,A01,3,7,0,1,1,26,1,0.0
202300006814,155 668 448,A01,1,34,0,2,7,17,1,0.0
202300006814,155 668 452,B01,1,7,0,2,8,10,1,0.0
202300006815,155 668 445,A01,1,7,13,0,0,0,1,0.0
202300006816,155 668 444,A01,2,30,0,2,1,13,2,0.0
202300006816,155 668 447,B01,2,33,0,2,3,1,1,0.0
202300006817,155 668 439,A01,2,7,6,0,1,16,1,0.0
202300006818,155 668 438,B01,1,13,0,2,1,1,1,0.0
202300006818,155 668 443,A01,1,7,0,2,4,15,1,0.0
202300006819,155 668 434,A01,2,7,13,0,0,0,1,0.0
202300006819,155 668 440,B01,2,33,0,2,7,17,1,0.0
202300006820,155 668 431,A01,1,7,0,0,9,1,1,0.0
202300006821,155 668 430,A01,1,7,0,1,1,25,1,0.0
202300006822,155 668 429,A01,1,33,3,0,9,17,1,0.0
202300006823,155 668 428,A01,2,34,0,2,1,17,1,0.0
202300006823,155 668 433,B01,2,7,0,2,3,9,1,0.0
202300006824,155 668 422,Z01,1,7,0,2,2,1,1,0.0
202300006824,155 668 426,A01,1,30,0,2,3,19,1,0.0
202300006825,155 668 421,B01,2,7,0,0,3,1,1,0.0
202300006825,155 668 424,A01,1,7,0,2,3,5,1,0.0
202300006826,155 668 420,A01,2,32,0,2,1,3,1,0.0
202300006826,155 668 423,B01,2,7,0,2,5,1,1,0.0
202300006827,155 668 419,A01,2,33,12,0,8,1,1,0.0
202300006828,155 668 417,A01,3,7,0,1,3,2,1,0.0
202300006829,155 668 418,G01,0,10,0,2,6,23,1,0.0
202300006829,155 668 425,F01,0,10,0,2,3,0,1,0.0
202300006829,155 668 427,C01,0,10,0,2,4,23,1,0.0
202300006829,155 668 432,A01,0,7,0,2,1,2,1,0.0
202300006829,155 668 436,B01,0,7,0,2,4,23,1,0.0
202300006829,155 668 441,D01,0,7,0,2,4,0,1,0.0
202300006829,155 668 442,E01,0,7,0,2,4,0,1,0.0
202300006830,155 668 411,B01,2,10,0,2,5,1,1,0.0
202300006830,155 668 415,A01,2,31,0,2,1,3,1,0.0
202300006831,155 668 413,A01,1,7,0,2,1,2,1,0.0
202300006831,155 668 416,B01,1,7,0,2,4,2,0,0.0
202300006832,155 668 410,A01,2,7,0,2,3,11,1,0.0
202300006832,155 668 414,B01,2,31,0,2,2,1,1,0.0
202300006833,155 668 409,B01,3,33,0,2,2,1,1,0.0
202300006833,155 668 412,A01,3,33,0,2,1,1,1,0.0
202300006834,155 668 405,A01,3,7,16,0,9,14,1,0.0
202300006835,155 668 404,B01,3,7,0,2,8,1,1,0.0
202300006835,155 668 408,A01,3,30,0,2,1,26,1,0.0
202300006836,155 668 402,B01,1,10,0,2,4,1,1,0.0
202300006836,155 668 407,A01,1,7,3,2,1,1,1,0.0
202300006837,155 668 403,A01,2,1,0,0,4,2,5,0.0
202300006837,155 668 406,B01,2,50,0,0,4,2,3,0.0
202300006838,155 668 401,A01,3,2,0,0,0,0,1,0.0
202300006839,155 668 398,A01,1,7,0,2,1,13,1,0.0
202300006839,155 668 400,B01,2,10,0,2,2,1,1,0.0
202300006840,155 668 397,A01,1,50,0,0,0,26,3,0.0
202300006841,155 668 396,A01,1,30,0,0,0,1,1,0.0
202300006842,155 668 393,A01,1,7,8,0,1,0,1,0.0
202300006843,155 668 392,A01,1,7,0,2,3,1,2,0.0
202300006843,155 668 395,B01,2,50,0,2,2,15,3,0.0
202300006844,155 668 391,B01,1,1,0,2,0,2,5,0.0
202300006844,155 668 394,A01,1,7,0,9,0,2,-1,0.0
202300006845,155 668 389,A01,2,7,13,0,0,1,1,0.0
202300006846,155 668 388,A01,1,7,7,0,2,14,0,0.0
202300006847,155 668 387,A01,2,30,0,0,0,1,1,0.0
202300006848,155 668 384,A01,3,7,3,0,4,10,1,0.0
202300006849,155 668 386,B01,1,7,0,2,8,1,1,0.0
202300006849,155 668 390,A01,2,50,0,2,1,26,3,0.0
202300006850,155 668 383,A01,0,1,0,2,1,26,5,0.0
202300006850,155 668 385,B01,0,7,0,2,4,26,1,0.0
202300006851,155 668 382,A01,2,10,0,1,1,9,1,0.0
202300006852,155 668 381,A01,1,50,0,1,1,1,3,0.0
202300006853,155 668 379,Z01,1,2,0,1,1,1,0,0.0
202300006854,155 668 376,A01,1,7,0,2,8,1,1,0.0
202300006854,155 668 378,B01,2,7,13,2,1,1,1,0.0
202300006855,155 668 375,A01,1,7,0,2,2,16,1,0.0
202300006855,155 668 380,B01,2,50,0,2,8,1,3,0.0
202300006856,155 668 374,B01,1,7,0,2,7,1,1,0.0
202300006856,155 668 377,A01,1,7,0,2,6,9,1,0.0
202300006857,155 668 370,Z01,1,31,0,1,1,7,1,0.0
202300006858,155 668 368,A01,2,33,0,2,1,2,1,0.0
202300006858,155 668 373,B01,2,7,0,0,3,15,1,0.0
202300006859,155 668 366,A01,3,7,0,2,3,15,1,0.0
202300006859,155 668 371,B01,3,2,0,2,1,1,1,0.0
202300006860,155 668 365,A01,0,30,0,2,1,2,1,0.0
202300006860,155 668 367,B01,0,7,0,2,4,2,1,0.0
202300006861,155 668 364,A01,1,1,0,2,7,2,5,0.0
202300006861,155 668 369,B01,1,7,0,2,1,2,3,0.0
202300006862,155 668 356,A01,1,37,0,2,3,0,0,1.0
202300006862,155 668 360,C01,1,7,0,2,4,0,1,0.0
202300006862,155 668 363,B01,1,7,0,2,4,0,1,0.0
202300006863,155 668 357,A01,3,7,0,2,8,10,1,0.0
202300006863,155 668 361,B01,3,31,0,2,1,1,0,0.0
202300006864,155 668 355,B01,1,33,1,0,1,1,1,0.0
202300006864,155 668 359,A01,1,7,0,2,8,22,1,0.0
202300006864,155 668 362,C01,1,38,0,2,5,1,1,1.0
202300006865,155 668 354,A01,2,7,0,0,1,13,1,0.0
202300006866,155 668 353,A01,2,7,0,2,3,9,1,0.0
202300006866,155 668 358,B01,1,2,0,2,2,1,1,0.0
202300006867,155 668 351,A01,0,7,0,0,2,1,1,0.0
202300006868,155 668 350,A01,1,7,0,2,3,1,1,0.0
202300006868,155 668 352,B01,1,60,0,2,1,1,5,0.0
202300006869,155 668 347,A01,3,32,0,9,0,1,1,0.0
202300006870,155 668 346,A01,1,7,0,2,2,15,3,0.0
202300006870,155 668 349,B01,2,1,0,2,1,1,5,0.0
202300006871,155 668 345,A01,1,7,0,1,2,0,1,0.0
202300006872,155 668 344,A01,3,7,0,2,8,19,1,0.0
202300006872,155 668 348,B01,3,7,0,2,1,1,1,0.0
202300006873,155 668 339,B01,1,7,0,0,4,2,1,0.0
202300006873,155 668 342,A01,1,7,0,2,1,2,1,0.0
202300006874,155 668 335,B01,1,7,0,2,1,1,2,0.0
202300006874,155 668 341,A01,1,1,0,2,4,1,5,0.0
202300006875,155 668 334,A01,1,7,0,2,3,1,1,0.0
202300006875,155 668 337,B01,1,7,0,2,3,23,1,0.0
202300006876,155 668 333,B01,2,17,0,0,3,1,1,0.0
202300006876,155 668 336,A01,1,10,0,0,3,13,1,0.0
202300006877,155 668 332,A01,2,7,0,1,3,15,1,0.0
202300006878,155 668 331,A01,1,7,0,1,1,2,1,0.0
202300006879,155 668 329,A01,1,30,1,0,1,21,1,0.0
202300006880,155 668 326,B01,1,7,0,2,1,1,1,0.0
202300006880,155 668 330,A01,1,7,0,2,2,15,1,0.0
202300006881,155 668 321,A01,1,33,0,2,7,17,1,0.0
202300006881,155 668 324,B01,1,7,0,2,8,13,1,0.0
202300006882,155 668 320,A01,2,7,0,2,3,15,1,0.0
202300006882,155 668 322,B01,2,33,0,2,1,17,1,0.0
202300006883,155 668 325,B01,3,2,0,2,4,15,1,0.0
202300006883,155 668 328,A01,3,2,0,2,1,17,1,0.0
202300006884,155 668 323,A01,1,7,0,2,3,17,1,0.0