num_acc,id_vehicule,num_veh,senc,catv,obs,obsm,choc,manv,motor,occutc
202300006884,155 668 327,B01,1,7,0,2,3,15,1,0.0
202300006885,155 668 318,A01,1,7,0,2,1,15,1,0.0
202300006885,155 668 319,B01,2,31,0,2,8,1,1,0.0
202300006886,155 668 312,A01,1,7,0,2,3,9,2,0.0
202300006886,155 668 317,B01,2,2,0,2,1,3,1,0.0
202300006887,155 668 309,A01,1,32,0,2,2,17,1,0.0
202300006887,155 668 316,B01,1,7,0,2,8,1,1,0.0
202300006888,155 668 313,A01,2,7,0,2,1,2,1,0.0
202300006888,155 668 315,B01,2,7,0,2,4,2,1,0.0
202300006889,155 668 308,A01,1,7,0,2,2,1,1,0.0
202300006889,155 668 314,B01,1,1,0,2,3,15,5,0.0
202300006890,155 668 303,A01,1,7,0,2,1,1,1,0.0
202300006890,155 668 307,B01,1,7,0,2,4,23,1,0.0
202300006890,155 668 310,C01,1,32,0,2,4,23,1,0.0
202300006891,155 668 300,A01,1,1,0,2,4,16,5,0.0
202300006891,155 668 304,B01,1,10,0,9,1,26,0,0.0
202300006892,155 668 301,A01,1,7,0,2,3,5,0,0.0
202300006892,155 668 305,B01,2,7,0,2,3,1,0,0.0
202300006892,155 668 311,C01,2,7,0,2,3,1,0,0.0
202300006893,155 668 298,A01,1,34,0,2,1,13,1,0.0
202300006893,155 668 302,C01,2,7,0,2,1,1,1,0.0
202300006893,155 668 306,B01,2,7,0,2,6,1,1,0.0
202300006894,155 668 295,B01,3,33,0,2,2,16,1,0.0
202300006894,155 668 299,A01,3,7,0,2,2,1,1,0.0
202300006895,155 668 294,A01,2,7,0,2,3,22,3,0.0
202300006895,155 668 296,B01,2,50,0,2,7,21,3,0.0
202300006896,155 668 292,A01,3,30,6,2,1,14,1,0.0
202300006896,155 668 297,B01,3,30,0,2,0,1,1,0.0
202300006897,155 668 291,A01,2,7,0,0,1,1,1,0.0
202300006898,155 668 289,A01,1,10,0,1,2,1,1,0.0
202300006899,155 668 290,A01,1,7,0,0,3,15,1,0.0
202300006899,155 668 293,B01,1,33,0,2,1,17,1,0.0
202300006900,155 668 287,B01,0,37,0,0,2,1,1,1.0
202300006900,155 668 288,A01,0,7,0,2,1,26,1,0.0
202300006901,155 668 284,A01,1,7,0,2,2,16,2,0.0
202300006901,155 668 286,B01,1,50,0,2,3,1,3,0.0
202300006902,155 668 279,A01,0,7,0,2,3,16,1,0.0
202300006902,155 668 282,B01,0,33,0,2,2,3,1,0.0
202300006903,155 668 280,B01,3,7,0,2,2,1,1,0.0
202300006903,155 668 283,A01,3,7,0,2,1,19,1,0.0
202300006904,155 668 275,A01,2,7,0,1,2,1,1,0.0
202300006905,155 668 281,A01,1,1,0,2,2,15,5,0.0
202300006905,155 668 285,B01,2,1,0,2,1,1,5,0.0
202300006906,155 668 278,Z01,2,10,0,1,3,1,0,0.0
202300006907,155 668 273,A01,2,7,17,0,1,1,1,0.0
202300006908,155 668 272,A01,1,7,0,2,4,23,2,0.0
202300006908,155 668 274,B01,1,1,1,0,1,1,5,0.0
202300006909,155 668 271,A01,2,7,0,2,2,15,0,0.0
202300006909,155 668 276,B01,2,33,0,2,1,1,0,0.0
202300006910,155 668 270,A01,2,7,15,0,2,14,1,0.0
202300006911,155 668 268,A01,3,33,0,0,8,15,1,0.0
202300006912,155 668 267,A01,2,32,0,0,0,1,1,0.0
202300006913,155 668 266,A01,3,7,0,2,3,22,1,0.0
202300006913,155 668 269,B01,2,80,0,2,5,1,3,0.0
202300006914,155 668 264,A01,2,10,0,1,4,26,1,0.0
202300006915,155 668 265,A01,1,1,0,1,0,10,5,0.0
202300006916,155 668 263,Z01,3,99,0,1,0,0,0,0.0
202300006917,155 668 259,B01,3,7,0,0,0,0,1,0.0
202300006917,155 668 262,A01,3,7,0,0,0,0,1,0.0
202300006918,155 668 258,A01,1,50,0,2,1,3,3,0.0
202300006918,155 668 261,B01,2,10,0,2,3,23,1,0.0
202300006919,155 668 255,B01,1,2,0,2,4,2,1,0.0
202300006919,155 668 256,A01,1,7,0,2,1,0,0,0.0
202300006920,155 668 253,A01,3,7,1,0,0,21,0,0.0
202300006921,155 668 254,A01,3,1,0,2,7,19,5,0.0
202300006921,155 668 257,Z01,3,30,0,2,1,1,0,0.0
202300006922,155 668 251,A01,3,10,0,2,4,11,1,0.0
202300006922,155 668 252,B01,3,33,0,2,1,1,1,0.0
202300006923,155 668 249,A01,1,7,7,0,3,13,1,0.0
202300006924,155 668 247,B01,2,15,0,2,6,1,1,0.0
202300006924,155 668 250,A01,2,7,0,2,2,14,1,0.0
202300006924,155 668 260,C01,2,10,14,0,1,1,1,0.0
202300006925,155 668 246,A01,1,31,6,0,1,0,1,0.0
202300006926,155 668 245,A01,1,37,0,1,2,1,1,1.0
202300006927,155 668 242,A01,1,7,0,2,1,1,2,0.0
202300006927,155 668 248,B01,2,7,0,2,6,1,3,0.0
202300006928,155 668 241,B01,1,33,0,2,3,1,0,0.0
202300006928,155 668 244,A01,3,7,0,2,5,12,1,0.0
202300006929,155 668 240,B01,3,33,0,2,7,1,1,0.0
202300006929,155 668 243,A01,3,7,0,2,6,11,1,0.0
202300006930,155 668 238,B01,2,15,0,0,6,1,1,0.0
202300006930,155 668 239,A01,2,31,0,2,0,17,1,0.0
202300006931,155 668 235,A01,1,7,13,0,9,1,1,0.0
202300006932,155 668 231,A01,1,33,0,1,2,3,1,0.0
202300006933,155 668 232,A01,2,7,0,2,1,1,2,0.0
202300006933,155 668 237,B01,2,37,0,2,4,23,1,1.0
202300006934,155 668 230,A01,1,2,0,2,6,18,1,0.0
202300006934,155 668 236,B01,1,7,0,2,2,16,1,0.0
202300006935,155 668 227,A01,1,7,0,2,1,1,1,0.0
202300006935,155 668 229,B01,2,33,0,2,1,13,1,0.0
202300006936,155 668 224,A01,1,32,0,2,8,3,1,0.0
202300006936,155 668 225,Z01,1,7,0,2,0,12,0,0.0
202300006937,155 668 219,B01,1,1,0,2,1,1,5,0.0
202300006937,155 668 223,A01,1,10,1,2,3,24,0,0.0
202300006938,155 668 220,A01,0,50,0,2,1,1,3,0.0
202300006938,155 668 222,B01,3,7,0,2,3,1,1,0.0
202300006939,155 668 215,A01,2,2,0,2,1,13,1,0.0
202300006939,155 668 217,B01,1,7,0,2,3,1,1,0.0
202300006940,155 668 214,A01,2,7,0,2,5,1,1,0.0
202300006940,155 668 221,B01,1,30,0,2,1,1,1,0.0
202300006941,155 668 216,B01,1,30,0,2,1,1,1,0.0
202300006941,155 668 218,A01,2,10,0,2,1,15,1,0.0
202300006942,155 668 212,A01,2,7,0,2,1,2,1,0.0
202300006942,155 668 213,B01,2,14,0,2,4,2,1,0.0
202300006943,155 668 206,A01,1,7,0,2,3,1,1,0.0
202300006943,155 668 209,B01,1,33,0,2,8,23,1,0.0
202300006944,155 668 207,A01,0,7,0,2,2,1,1,0.0
202300006944,155 668 211,B01,2,33,0,2,3,16,1,0.0
202300006945,155 668 205,A01,2,7,2,0,1,19,1,0.0
202300006946,155 668 203,A01,1,7,12,2,3,15,2,0.0
202300006946,155 668 208,B01,1,50,8,2,4,1,3,0.0
202300006947,155 668 202,A01,2,7,0,2,1,2,2,0.0
202300006947,155 668 210,B01,2,7,0,2,4,2,1,0.0
202300006948,155 668 197,A01,3,7,0,2,2,1,1,0.0
202300006948,155 668 201,B01,2,2,0,2,8,9,3,0.0
202300006949,155 668 198,A01,1,7,0,2,2,15,1,0.0
202300006949,155 668 200,B01,2,2,0,2,1,1,1,0.0
202300006950,155 668 195,A01,2,10,0,2,6,1,1,0.0
202300006950,155 668 204,B01,1,7,0,2,1,1,1,0.0
202300006951,155 668 192,A01,1,7,0,2,2,13,1,0.0
202300006951,155 668 199,B01,1,17,0,2,4,1,1,0.0
202300006952,155 668 191,A01,1,7,0,2,1,1,1,0.0
202300006952,155 668 194,B01,1,7,0,2,4,23,1,0.0
202300006953,155 668 193,A01,2,7,0,2,7,1,3,0.0
202300006953,155 668 196,B01,3,7,0,2,0,1,1,0.0
202300006954,155 668 189,A01,2,7,0,1,2,16,1,0.0
202300006955,155 668 185,A01,1,50,0,0,0,5,3,0.0
202300006955,155 668 188,B01,1,33,0,0,8,1,1,0.0
202300006956,155 668 186,A01,3,7,0,2,2,15,1,0.0
202300006956,155 668 190,B01,3,34,0,2,3,1,1,0.0
202300006957,155 668 183,A01,2,7,0,1,1,1,1,0.0
202300006958,155 668 182,A01,2,7,4,2,7,3,1,0.0
202300006958,155 668 184,B01,2,15,0,2,8,1,1,0.0
202300006959,155 668 180,A01,1,50,0,0,0,1,3,0.0
202300006960,155 668 173,B01,2,2,0,2,1,1,3,0.0
202300006960,155 668 179,A01,1,7,0,2,2,1,1,0.0
202300006961,155 668 175,A01,2,1,0,2,0,15,5,0.0
202300006961,155 668 177,Z01,2,7,0,2,0,15,0,0.0
202300006962,155 668 171,A01,1,7,0,2,7,1,2,0.0
202300006962,155 668 178,B01,1,2,0,2,1,1,3,0.0
202300006963,155 668 172,A01,2,7,6,0,1,13,1,0.0
202300006964,155 668 169,A01,2,30,0,2,1,1,1,0.0
202300006964,155 668 176,B01,2,37,0,2,3,1,1,1.0
202300006965,155 668 170,A01,1,7,7,2,7,9,1,0.0
202300006965,155 668 174,B01,1,17,0,2,1,1,1,0.0
202300006966,155 668 166,A01,2,7,0,1,3,1,2,0.0
202300006967,155 668 164,A01,3,7,0,1,3,1,1,0.0
202300006968,155 668 163,B01,2,1,0,2,0,1,5,0.0
202300006968,155 668 168,A01,1,7,0,2,8,1,1,0.0
202300006969,155 668 161,A01,3,10,0,9,1,1,1,0.0
202300006969,155 668 167,B01,3,1,0,2,8,19,5,0.0
202300006970,155 668 160,B01,1,50,8,0,1,1,3,0.0
202300006970,155 668 165,A01,1,32,8,0,2,1,1,0.0
202300006971,155 668 159,B01,3,30,0,2,4,2,1,0.0
202300006971,155 668 162,Z01,3,7,0,2,1,0,0,0.0
202300006972,155 668 158,A01,3,7,0,1,7,1,2,0.0
202300006973,155 668 155,A01,1,10,0,2,1,13,1,0.0
202300006973,155 668 157,B01,2,7,0,2,1,1,1,0.0
202300006974,155 668 153,A01,2,34,0,1,0,1,0,0.0
202300006975,155 668 152,A01,1,1,0,1,1,1,5,0.0
202300006976,155 668 145,A01,1,7,0,2,1,1,1,0.0
202300006976,155 668 149,B01,1,7,0,2,2,19,1,0.0
202300006977,155 668 144,A01,3,33,0,2,5,1,1,0.0
202300006977,155 668 150,B01,3,7,0,2,2,1,2,0.0
202300006978,155 668 141,B01,2,50,0,2,0,1,3,0.0
202300006978,155 668 146,A01,2,7,0,2,5,16,1,0.0
202300006979,155 668 142,A01,1,7,8,2,1,5,0,0.0
202300006979,155 668 148,B01,2,10,0,2,3,1,0,0.0
202300006979,155 668 151,D01,1,7,0,2,1,1,0,0.0
202300006979,155 668 154,E01,1,7,0,9,3,1,0,0.0
202300006979,155 668 156,C01,1,33,0,9,0,0,1,0.0
202300006980,155 668 140,B01,2,2,0,2,1,1,0,0.0
202300006980,155 668 147,A01,1,7,0,2,1,15,1,0.0
202300006981,155 668 139,A01,1,7,0,2,1,26,1,0.0
202300006981,155 668 143,B01,1,7,0,2,4,2,1,0.0
202300006982,155 668 136,A01,1,7,0,1,2,0,0,0.0
202300006983,155 668 133,A01,2,50,0,0,0,1,3,0.0
202300006984,155 668 134,B01,3,7,0,0,6,1,1,0.0
202300006984,155 668 138,A01,3,31,0,0,1,1,1,0.0
202300006985,155 668 132,A01,1,7,6,2,6,13,1,0.0
202300006985,155 668 135,B01,2,7,0,2,3,1,1,0.0
202300006986,155 668 131,B01,1,7,0,2,3,1,1,0.0
202300006986,155 668 137,A01,3,7,0,2,2,19,1,0.0
202300006987,155 668 128,Y01,2,1,0,2,1,17,5,0.0
202300006987,155 668 130,A01,2,7,0,2,3,15,1,0.0
202300006988,155 668 126,A01,1,30,0,2,2,17,1,0.0
202300006988,155 668 129,B01,3,7,0,2,1,15,1,0.0
202300006989,155 668 124,A01,2,7,0,2,3,1,0,0.0
202300006989,155 668 127,B01,1,7,0,2,3,1,0,0.0
202300006990,155 668 121,A01,1,7,0,2,7,14,1,0.0
202300006990,155 668 125,B01,1,31,0,2,6,1,1,0.0
202300006991,155 668 123,A01,0,7,0,1,1,16,1,0.0
202300006992,155 668 120,B01,1,30,0,2,1,1,1,0.0
202300006992,155 668 122,A01,1,7,0,2,6,16,2,0.0
202300006993,155 668 119,A01,1,7,0,1,1,1,1,0.0
202300006994,155 668 114,A01,1,10,0,1,4,4,1,0.0
202300006995,155 668 112,B01,3,1,0,2,2,15,5,0.0
202300006995,155 668 118,A01,1,7,0,2,3,9,1,0.0
202300006996,155 668 111,A01,2,7,11,2,1,21,1,0.0
202300006996,155 668 115,B01,2,1,0,2,7,19,5,0.0
202300006996,155 668 117,C01,2,7,0,2,5,23,1,0.0
202300006997,155 668 109,A01,1,7,0,1,1,16,0,0.0
202300006998,155 668 110,A01,1,7,0,2,7,23,0,0.0
202300006998,155 668 116,B01,1,1,14,2,7,1,5,0.0
202300006999,155 668 108,B01,3,7,0,2,0,0,1,0.0
202300006999,155 668 113,A01,3,7,1,1,0,0,0,0.0
202300007000,155 668 107,A01,2,34,0,1,2,1,1,0.0
202300007001,155 668 103,A01,2,7,0,1,1,0,1,0.0
202300007002,155 668 100,A01,3,7,0,2,2,0,1,0.0
202300007002,155 668 105,B01,3,50,0,2,1,1,3,0.0
202300007003,155 668 101,A01,2,7,0,1,1,2,1,0.0
202300007004,155 668 102,A01,3,7,0,0,5,19,1,0.0
202300007004,155 668 106,B01,3,33,0,2,1,1,1,0.0
202300007005,155 668 099,A01,1,50,12,0,1,14,3,0.0
202300007006,155 668 098,A01,3,10,0,2,8,1,1,0.0
202300007006,155 668 104,Z01,1,10,0,2,2,1,1,0.0
202300007007,155 668 095,B01,2,7,0,2,6,1,1,0.0
202300007007,155 668 097,A01,2,10,0,2,1,26,1,0.0
202300007008,155 668 094,A01,1,7,6,0,6,1,1,0.0
202300007009,155 668 091,B01,2,7,0,2,1,20,1,0.0
202300007009,155 668 096,A01,2,33,0,0,9,21,1,0.0
202300007010,155 668 093,A01,3,43,0,1,2,3,1,0.0
202300007011,155 668 090,A01,2,7,0,1,3,15,1,0.0
202300007012,155 668 089,B01,1,7,0,2,3,1,0,0.0
202300007012,155 668 092,A01,1,33,0,2,5,3,0,0.0
202300007013,155 668 087,A01,0,33,0,0,0,1,1,0.0
202300007014,155 668 084,A01,2,1,0,2,8,1,5,0.0
202300007014,155 668 088,B01,2,7,8,2,2,16,0,0.0
202300007015,155 668 083,A01,1,50,0,2,3,15,3,0.0
202300007015,155 668 085,B01,1,10,0,2,3,1,3,0.0
202300007016,155 668 076,B01,1,7,0,2,5,12,1,0.0
202300007016,155 668 079,A01,1,33,0,2,3,1,1,0.0
202300007017,155 668 078,A01,1,7,0,2,3,13,1,0.0
202300007017,155 668 082,B01,2,7,0,2,3,1,1,0.0
202300007017,155 668 086,C01,1,33,0,2,1,1,1,0.0
202300007018,155 668 077,A01,3,30,0,2,2,26,0,0.0
202300007018,155 668 080,B01,3,30,0,2,6,21,2,0.0
202300007019,155 668 073,A01,1,7,0,2,1,26,1,0.0
202300007019,155 668 075,B01,1,7,0,2,4,0,1,0.0
202300007019,155 668 081,C01,1,7,0,2,4,26,1,0.0
202300007020,155 668 072,A01,1,7,0,1,1,1,1,0.0
202300007021,155 668 069,A01,1,33,4,0,9,1,1,0.0
202300007022,155 668 066,A01,1,7,0,2,6,11,1,0.0
202300007022,155 668 070,B01,1,7,0,2,2,1,1,0.0
202300007023,155 668 067,A01,1,7,0,2,1,1,1,0.0
202300007023,155 668 071,B01,1,7,0,2,4,1,1,0.0
202300007023,155 668 074,C01,1,7,0,2,4,1,0,0.0
202300007024,155 668 065,B01,1,34,0,2,7,13,0,0.0
202300007024,155 668 068,A01,1,99,0,2,3,10,0,0.0
202300007025,155 668 063,A01,3,30,0,0,8,13,1,0.0
202300007026,155 668 060,A01,1,7,0,0,1,1,1,0.0
202300007026,155 668 064,B01,1,32,0,2,4,1,1,0.0
202300007027,155 668 059,A01,2,7,0,0,8,15,1,0.0
202300007027,155 668 062,B01,2,32,0,2,7,17,1,0.0
202300007028,155 668 055,A01,1,7,0,2,1,0,1,0.0
202300007028,155 668 057,B01,1,7,0,2,4,0,1,0.0
202300007029,155 668 052,Y01,2,1,0,2,6,15,5,0.0
202300007029,155 668 054,A01,2,33,0,2,5,1,0,0.0
202300007030,155 668 049,A01,1,7,0,2,4,1,1,0.0
202300007030,155 668 058,B01,1,7,0,2,4,2,1,0.0
202300007030,155 668 061,C01,1,14,0,2,1,2,1,0.0
202300007031,155 668 050,A01,2,33,-1,-1,-1,-1,-1,0.0
202300007032,155 668 051,A01,1,10,0,2,2,1,1,0.0
202300007032,155 668 056,B01,1,7,0,2,2,1,1,0.0
202300007033,155 668 047,B01,2,10,0,2,7,1,1,0.0
202300007033,155 668 053,A01,1,7,0,2,3,9,1,0.0
202300007034,155 668 046,B01,3,1,0,2,0,0,5,0.0
202300007034,155 668 048,A01,3,7,0,2,0,0,1,0.0
202300007035,155 668 043,A01,2,7,0,2,1,1,1,0.0
202300007035,155 668 045,B01,3,1,0,2,7,26,5,0.0
202300007036,155 668 044,A01,2,7,6,2,4,1,1,0.0
202300007037,155 668 042,A01,1,7,8,0,1,13,1,0.0
202300007038,155 668 037,A01,2,7,0,2,8,22,1,0.0
202300007038,155 668 040,B01,2,1,1,0,1,1,5,0.0
202300007039,155 668 038,A01,2,14,0,2,5,15,1,0.0
202300007039,155 668 041,B01,1,7,0,2,1,0,1,0.0
202300007040,155 668 034,A01,2,7,0,1,1,1,1,0.0
202300007041,155 668 032,A01,2,7,16,2,3,15,0,0.0
202300007041,155 668 036,B01,2,50,9,2,2,21,3,0.0
202300007042,155 668 035,A01,1,7,0,2,3,1,1,0.0
202300007042,155 668 039,B01,2,7,0,2,2,15,2,0.0
202300007043,155 668 030,A01,1,10,12,0,1,26,1,0.0
202300007044,155 668 025,A01,1,33,0,0,7,16,1,0.0
202300007045,155 668 024,A01,1,7,0,2,1,1,1,0.0
202300007045,155 668 028,B01,2,7,0,2,3,1,1,0.0
202300007046,155 668 021,A01,1,7,0,2,5,1,1,0.0
202300007046,155 668 023,B01,1,7,0,2,3,2,1,0.0
202300007046,155 668 031,Z01,1,0,0,2,0,0,0,0.0
202300007046,155 668 033,C01,1,10,0,2,8,1,1,0.0
202300007047,155 668 020,A01,2,10,0,2,1,1,1,0.0
202300007047,155 668 026,B01,2,7,0,2,4,23,1,0.0
202300007047,155 668 029,C01,2,7,0,2,4,1,3,0.0
202300007048,155 668 022,A01,3,7,14,0,6,23,1,0.0
202300007048,155 668 027,B01,3,7,0,2,3,0,0,0.0
202300007049,155 668 017,A01,2,7,4,0,9,1,1,0.0
202300007050,155 668 014,A01,3,33,0,2,1,1,1,0.0
202300007050,155 668 019,B01,3,1,0,2,8,1,5,0.0
202300007051,155 668 011,A01,1,7,0,2,1,13,1,0.0
202300007051,155 668 016,B01,2,7,0,2,1,1,1,0.0
202300007051,155 668 018,C01,1,7,0,2,3,1,0,0.0
202300007052,155 668 010,A01,1,7,0,2,2,12,1,0.0
202300007052,155 668 015,B01,1,33,0,2,8,3,1,0.0
202300007053,155 668 007,A01,3,7,1,5,1,1,1,0.0
202300007054,155 668 008,B01,0,3,0,2,1,0,0,0.0
202300007054,155 668 012,A01,1,7,0,2,1,1,1,0.0
202300007055,155 668 004,C01,3,7,0,2,1,1,0,0.0
202300007055,155 668 009,A01,3,7,0,2,1,1,0,0.0
202300007055,155 668 013,B01,3,7,0,2,1,0,0,0.0
202300007056,155 668 003,A01,2,7,0,1,1,1,1,0.0
202300007057,155 668 002,A01,2,15,0,2,0,16,1,0.0
202300007057,155 668 005,B01,1,7,13,9,3,15,2,0.0
202300007058,155 668 000,A01,2,33,0,2,1,21,1,0.0
202300007058,155 668 006,B01,2,7,0,2,5,19,1,0.0
202300007059,155 667 999,B01,1,1,0,2,3,16,5,0.0
202300007059,155 668 001,A01,1,7,0,2,3,16,1,0.0
202300007060,155 667 994,A01,1,7,0,2,3,13,1,0.0
202300007060,155 667 996,B01,1,7,0,2,5,1,1,0.0
202300007061,155 667 993,A01,1,7,14,0,4,2,1,0.0
202300007061,155 667 998,B01,2,7,14,0,1,2,1,0.0
202300007062,155 667 992,A01,2,7,0,2,1,17,1,0.0
202300007062,155 667 995,B01,1,7,0,2,1,1,1,0.0
202300007063,155 667 987,A01,2,2,0,2,1,17,1,0.0
202300007063,155 667 990,B01,2,7,0,2,4,15,1,0.0
202300007064,155 667 991,A01,1,10,0,2,1,1,1,0.0
202300007064,155 667 997,B01,1,33,0,2,7,1,1,0.0
202300007065,155 667 983,B01,1,7,0,2,3,1,1,0.0
202300007065,155 667 989,A01,1,33,0,2,2,15,1,0.0
202300007066,155 667 981,A01,2,7,0,2,1,13,1,0.0
202300007066,155 667 985,B01,1,7,0,2,1,1,1,0.0
202300007067,155 667 982,A01,1,30,0,2,1,1,1,0.0
202300007067,155 667 986,B01,1,7,0,2,5,1,1,0.0
202300007068,155 667 980,B01,2,7,3,2,8,13,1,0.0
202300007068,155 667 984,C01,2,14,3,2,2,2,1,0.0
202300007068,155 667 988,A01,2,7,3,2,2,1,1,0.0
202300007069,155 667 973,B01,1,7,0,2,2,1,1,0.0
202300007069,155 667 979,A01,1,10,4,2,3,13,1,0.0
202300007070,155 667 971,A01,3,10,0,2,2,16,1,0.0
202300007070,155 667 977,B01,3,7,0,2,8,1,1,0.0
202300007071,155 667 970,B01,1,1,0,2,4,17,5,0.0
202300007071,155 667 974,A01,2,7,0,2,3,2,1,0.0
202300007072,155 667 966,C01,1,7,0,2,1,2,1,0.0
202300007072,155 667 968,A01,1,7,0,0,4,23,1,0.0
202300007072,155 667 972,B01,1,7,0,2,1,2,1,0.0
202300007072,155 667 976,D01,1,2,0,2,1,2,1,0.0
202300007073,155 667 967,A01,3,7,0,2,3,11,1,0.0
202300007073,155 667 969,B01,3,33,0,2,3,3,1,0.0
202300007073,155 667 975,C01,3,7,0,2,0,0,1,0.0
202300007073,155 667 978,D01,0,20,0,2,0,0,0,0.0
202300007074,155 667 963,A01,2,7,0,1,8,1,4,0.0
202300007075,155 667 960,B01,2,31,0,2,7,2,1,0.0
202300007075,155 667 965,A01,2,7,0,2,1,9,1,0.0
202300007076,155 667 959,A01,2,7,0,2,3,5,1,0.0
202300007076,155 667 962,B01,1,7,0,2,3,1,1,0.0
202300007077,155 667 957,B01,2,7,0,2,1,1,1,0.0
202300007077,155 667 964,A01,2,7,0,2,8,1,1,0.0
202300007078,155 667 958,B01,2,3,0,2,8,1,1,0.0
202300007078,155 667 961,A01,1,7,0,2,2,15,1,0.0
202300007079,155 667 954,A01,1,7,9,4,1,16,1,0.0
202300007079,155 667 956,B01,3,40,0,2,8,1,3,0.0
202300007080,155 667 951,A01,1,7,0,1,2,1,1,0.0
202300007081,155 667 949,B01,1,50,0,2,1,0,3,0.0
202300007081,155 667 953,A01,1,7,0,2,3,15,2,0.0
202300007082,155 667 952,A01,1,7,0,0,8,10,1,0.0
202300007082,155 667 955,B01,2,7,0,2,1,1,1,0.0
202300007083,155 667 947,A01,1,7,0,2,1,2,1,0.0
202300007083,155 667 948,C01,1,7,0,2,4,23,2,0.0
202300007083,155 667 950,B01,1,7,0,2,4,24,1,0.0
202300007084,155 667 946,A01,3,32,0,0,0,9,1,0.0
202300007085,155 667 944,A01,1,7,0,1,1,1,1,0.0
202300007086,155 667 943,A01,0,30,0,2,1,1,1,0.0
202300007086,155 667 945,B01,0,7,0,2,3,0,1,0.0
202300007087,155 667 942,A01,3,7,0,0,0,1,1,0.0
202300007088,155 667 940,A01,1,34,0,1,1,2,0,0.0
202300007089,155 667 939,A01,1,10,0,2,1,1,1,0.0
202300007089,155 667 941,B01,1,7,0,2,4,23,1,0.0
202300007090,155 667 935,B01,0,60,0,2,2,1,5,0.0
202300007090,155 667 938,A01,2,7,0,2,2,16,1,0.0
202300007091,155 667 934,A01,2,7,0,2,1,2,1,0.0
202300007091,155 667 937,B01,2,33,0,0,4,1,1,0.0
202300007092,155 667 936,A01,1,7,0,1,2,15,1,0.0
202300007093,155 667 932,A01,0,1,0,1,3,1,5,0.0
202300007094,155 667 930,A01,1,37,0,1,2,1,1,1.0
202300007095,155 667 931,B01,2,34,0,2,1,1,1,0.0
202300007095,155 667 933,A01,1,7,9,0,3,1,1,0.0
202300007096,155 667 927,B01,1,50,0,2,8,1,3,0.0
202300007096,155 667 928,A01,2,50,0,2,3,19,3,0.0
202300007097,155 667 926,B01,1,7,0,2,2,1,1,0.0
202300007097,155 667 929,A01,1,7,0,2,3,9,1,0.0
202300007098,155 667 924,A01,3,10,0,1,3,1,1,0.0
202300007099,155 667 922,A01,0,7,0,2,3,26,0,0.0
202300007099,155 667 925,B01,3,30,0,2,1,26,0,0.0
202300007100,155 667 921,B01,2,7,6,2,8,1,1,0.0
202300007100,155 667 923,A01,2,10,0,2,1,1,1,0.0
202300007101,155 667 919,A01,3,7,0,1,2,1,1,0.0
202300007102,155 667 917,A01,1,32,0,1,1,1,1,0.0
202300007103,155 667 918,A01,2,7,0,1,2,1,1,0.0
202300007104,155 667 916,B01,3,7,0,2,2,16,1,0.0
202300007104,155 667 920,A01,3,7,0,2,3,9,1,0.0
202300007105,155 667 913,A01,3,1,0,0,0,1,5,0.0
202300007106,155 667 911,A01,1,7,0,2,8,1,1,0.0
202300007106,155 667 915,B01,1,10,0,0,8,1,1,0.0
202300007107,155 667 910,B01,0,7,0,2,1,1,0,0.0
202300007107,155 667 912,A01,0,7,0,0,3,15,0,0.0
202300007108,155 667 909,A01,0,7,0,1,2,1,1,0.0
202300007109,155 667 907,A01,2,13,0,0,0,2,1,0.0
202300007109,155 667 914,B01,2,80,0,0,0,2,3,0.0
202300007110,155 667 906,A01,1,7,0,1,1,1,1,0.0
202300007111,155 667 904,A01,2,2,0,2,0,0,0,0.0
202300007111,155 667 908,B01,2,7,0,2,0,0,1,0.0
202300007112,155 667 905,A01,1,7,0,1,1,0,1,0.0
202300007113,155 667 902,A01,3,7,0,1,1,1,1,0.0
202300007114,155 667 898,B01,1,50,0,2,1,1,3,0.0
202300007114,155 667 901,A01,1,7,0,2,2,23,1,0.0
202300007115,155 667 899,A01,0,7,0,2,7,15,1,0.0
202300007115,155 667 903,B01,0,33,0,2,1,1,1,0.0
202300007116,155 667 896,A01,2,7,4,0,6,2,1,0.0
202300007116,155 667 897,B01,2,7,4,2,2,2,1,0.0
202300007117,155 667 895,A01,2,1,0,2,1,26,5,0.0
202300007117,155 667 900,B01,3,7,0,2,3,15,1,0.0
202300007118,155 667 893,A01,1,7,0,1,1,15,1,0.0
202300007119,155 667 892,B01,2,31,0,2,1,1,1,0.0
202300007119,155 667 894,A01,1,7,0,2,8,15,1,0.0
202300007120,155 667 891,A01,1,38,2,1,8,15,1,1.0
202300007121,155 667 890,A01,1,30,0,1,3,18,1,0.0
202300007122,155 667 887,A01,0,10,0,1,2,1,1,0.0
202300007123,155 667 886,A01,1,32,6,0,1,19,1,0.0
202300007124,155 667 884,B01,1,31,0,2,1,1,1,0.0
202300007124,155 667 889,A01,0,7,0,0,1,16,1,0.0
202300007125,155 667 883,B01,3,33,0,2,1,1,1,0.0
202300007125,155 667 888,A01,3,10,0,2,3,9,1,0.0
202300007126,155 667 882,A01,0,7,0,2,1,26,1,0.0
202300007126,155 667 885,B01,0,99,0,2,8,25,3,0.0
202300007127,155 667 881,A01,0,42,12,0,2,1,1,0.0
202300007128,155 667 879,A01,2,7,0,0,9,0,1,0.0
202300007129,155 667 878,A01,2,7,0,1,1,2,1,0.0