num_acc,id_vehicule,num_veh,senc,catv,obs,obsm,choc,manv,motor,occutc
202300007404,155 667 435,A01,1,14,0,2,2,1,1,0.0
202300007405,155 667 433,A01,1,7,8,0,1,0,1,0.0
202300007406,155 667 431,A01,1,7,0,2,3,15,0,0.0
202300007406,155 667 432,B01,1,7,0,2,1,17,0,0.0
202300007407,155 667 429,A01,2,7,0,0,3,13,1,0.0
202300007407,155 667 430,B01,2,7,6,0,3,13,1,0.0
202300007408,155 667 428,A01,1,36,13,0,6,0,1,0.0
202300007409,155 667 426,A01,1,2,0,2,1,1,1,0.0
202300007409,155 667 427,B01,1,7,0,2,3,1,1,0.0
202300007410,155 667 424,A01,0,33,0,2,0,1,1,0.0
202300007410,155 667 425,B01,0,7,0,2,3,23,0,0.0
202300007411,155 667 422,A01,1,7,0,2,3,9,0,0.0
202300007411,155 667 423,B01,1,1,0,2,0,1,5,0.0
202300007412,155 667 421,A01,3,7,13,0,3,13,0,0.0
202300007413,155 667 420,A01,3,33,0,2,1,21,0,0.0
202300007414,155 667 418,A01,2,7,7,2,1,26,1,0.0
202300007414,155 667 419,B01,2,7,7,2,3,26,1,0.0
202300007415,155 667 416,A01,1,33,0,2,8,1,1,0.0
202300007415,155 667 417,B01,0,7,0,2,1,19,1,0.0
202300007416,155 667 414,A01,1,10,1,0,2,2,1,0.0
202300007416,155 667 415,B01,1,7,13,0,6,23,1,0.0
202300007417,155 667 412,A01,2,7,0,9,8,13,1,0.0
202300007417,155 667 413,B01,1,80,0,2,3,1,3,0.0
202300007418,155 667 410,A01,3,7,0,2,3,9,1,0.0
202300007418,155 667 411,B01,1,10,0,2,3,1,1,0.0
202300007419,155 667 409,A01,2,7,0,1,2,1,1,0.0
202300007420,155 667 408,A01,2,7,0,1,1,1,1,0.0
202300007421,155 667 406,A01,2,7,0,2,1,17,1,0.0
202300007421,155 667 407,B01,1,7,0,2,1,1,3,0.0
202300007422,155 667 405,A01,1,7,2,0,2,0,1,0.0
202300007423,155 667 404,A01,1,7,13,0,3,13,1,0.0
202300007424,155 667 402,A01,1,7,0,2,1,15,1,0.0
202300007424,155 667 403,B01,1,50,0,2,3,1,3,0.0
202300007425,155 667 401,A01,1,2,0,0,7,1,1,0.0
202300007426,155 667 399,A01,2,7,0,2,1,13,1,0.0
202300007426,155 667 400,B01,1,7,0,2,3,1,2,0.0
202300007427,155 667 397,A01,2,7,0,2,1,13,1,0.0
202300007427,155 667 398,B01,1,7,0,2,8,1,1,0.0
202300007428,155 667 396,A01,1,7,0,0,0,1,1,0.0
202300007429,155 667 394,B01,1,2,0,0,4,1,3,0.0
202300007429,155 667 395,A01,1,7,0,2,2,1,1,0.0
202300007430,155 667 393,A01,1,7,13,0,2,1,1,0.0
202300007431,155 667 391,B01,2,1,0,2,1,0,5,0.0
202300007431,155 667 392,A01,1,7,0,9,8,26,0,0.0
202300007432,155 667 389,B01,1,60,0,2,8,16,5,0.0
202300007432,155 667 390,A01,1,10,0,2,2,1,1,0.0
202300007433,155 667 388,A01,2,7,6,0,1,1,1,0.0
202300007434,155 667 387,A01,2,7,3,0,2,26,1,0.0
202300007435,155 667 386,A01,1,7,13,0,1,1,1,0.0
202300007436,155 667 385,A01,3,33,0,0,8,23,1,0.0
202300007437,155 667 384,A01,1,7,0,1,3,1,1,0.0
202300007438,155 667 382,B01,2,7,0,0,4,11,1,0.0
202300007438,155 667 383,A01,2,7,0,2,1,1,1,0.0
202300007439,155 667 379,C01,2,15,0,0,8,1,1,0.0
202300007439,155 667 380,A01,2,7,0,2,1,2,0,0.0
202300007439,155 667 381,B01,2,7,3,0,4,1,0,0.0
202300007440,155 667 377,A01,1,2,0,2,9,17,1,0.0
202300007440,155 667 378,B01,2,10,0,2,0,1,1,0.0
202300007441,155 667 375,A01,1,7,0,2,3,1,1,0.0
202300007441,155 667 376,B01,2,7,0,2,2,15,1,0.0
202300007442,155 667 373,A01,1,7,0,2,1,13,1,0.0
202300007442,155 667 374,B01,2,7,0,0,1,1,1,0.0
202300007443,155 667 371,A01,1,7,0,2,3,10,2,0.0
202300007443,155 667 372,B01,1,33,0,2,1,26,1,0.0
202300007444,155 667 369,B01,0,33,0,2,7,1,1,0.0
202300007444,155 667 370,A01,3,10,0,2,2,9,1,0.0
202300007445,155 667 368,A01,2,99,0,1,7,16,1,0.0
202300007446,155 667 366,B01,1,7,0,0,1,1,1,0.0
202300007446,155 667 367,A01,2,7,0,2,1,13,1,0.0
202300007447,155 667 364,B01,3,1,0,2,1,17,5,0.0
202300007447,155 667 365,A01,3,10,0,0,8,15,1,0.0
202300007448,155 667 363,A01,1,33,3,0,3,13,1,0.0
202300007449,155 667 360,B01,1,1,0,2,7,9,5,0.0
202300007449,155 667 361,A01,1,7,0,2,3,1,1,0.0
202300007450,155 667 358,B01,2,7,0,2,3,1,1,0.0
202300007450,155 667 359,A01,1,7,0,2,3,13,1,0.0
202300007451,155 667 357,A01,1,31,0,2,1,1,1,0.0
202300007452,155 667 356,A01,0,7,0,1,2,0,1,0.0
202300007453,155 667 355,A01,2,7,2,0,8,1,1,0.0
202300007454,155 667 354,A01,1,2,8,0,1,13,1,0.0
202300007455,155 667 352,B01,1,31,0,2,7,1,1,0.0
202300007455,155 667 353,A01,1,15,0,2,8,1,1,0.0
202300007456,155 667 350,A01,2,7,0,2,4,23,1,0.0
202300007456,155 667 351,B01,2,13,1,0,1,1,1,0.0
202300007457,155 667 348,A01,1,7,0,2,7,2,1,0.0
202300007457,155 667 349,B01,1,7,0,2,8,1,1,0.0
202300007458,155 667 347,A01,2,7,4,0,1,0,1,0.0
202300007459,155 667 345,A01,2,10,0,2,1,11,1,0.0
202300007459,155 667 346,B01,2,7,0,2,4,23,1,0.0
202300007460,155 667 343,B01,2,7,0,2,1,1,1,0.0
202300007460,155 667 344,A01,2,33,0,2,4,23,1,0.0
202300007461,155 667 340,B01,2,10,0,2,3,1,0,0.0
202300007461,155 667 341,C01,2,7,0,2,1,1,0,0.0
202300007461,155 667 342,A01,1,7,0,2,2,6,0,0.0
202300007462,155 667 339,A01,2,7,4,0,1,14,0,0.0
202300007463,155 667 338,A01,1,43,0,0,0,1,1,0.0
202300007464,155 667 336,A01,2,7,0,2,3,11,1,0.0
202300007464,155 667 337,B01,2,33,0,2,2,3,1,0.0
202300007465,155 667 333,A01,2,7,0,2,2,14,1,0.0
202300007465,155 667 334,B01,2,7,0,2,6,12,1,0.0
202300007465,155 667 335,C01,2,10,0,2,2,0,1,0.0
202300007466,155 667 332,A01,2,7,4,0,1,11,1,0.0
202300007467,155 667 330,B01,2,7,0,2,3,11,1,0.0
202300007467,155 667 331,A01,2,33,0,2,2,3,1,0.0
202300007468,155 667 328,B01,1,33,0,2,2,3,1,0.0
202300007468,155 667 329,A01,1,7,0,2,6,12,1,0.0
202300007469,155 667 327,A01,2,31,0,0,5,14,1,0.0
202300007470,155 667 323,B01,2,7,0,2,4,2,1,0.0
202300007470,155 667 324,C01,2,7,0,2,4,2,1,0.0
202300007470,155 667 325,D01,2,7,0,2,6,2,1,0.0
202300007470,155 667 326,A01,2,10,0,2,1,1,1,0.0
202300007471,155 667 321,A01,1,7,3,0,3,1,1,0.0
202300007471,155 667 322,B01,1,7,0,2,3,1,1,0.0
202300007472,155 667 320,A01,1,17,0,1,0,1,1,0.0
202300007473,155 667 319,A01,1,32,3,0,0,0,1,0.0
202300007474,155 667 317,B01,2,33,0,2,7,1,1,0.0
202300007474,155 667 318,A01,2,7,0,2,8,11,1,0.0
202300007475,155 667 314,B01,2,7,0,2,4,2,1,0.0
202300007475,155 667 315,C01,2,10,0,2,1,2,1,0.0
202300007475,155 667 316,A01,2,7,0,2,4,2,1,0.0
202300007476,155 667 311,C01,1,10,0,2,4,2,1,0.0
202300007476,155 667 312,A01,1,7,0,2,1,2,1,0.0
202300007476,155 667 313,B01,1,10,0,2,4,2,1,0.0
202300007477,155 667 309,A01,1,7,0,2,1,1,1,0.0
202300007477,155 667 310,B01,1,50,0,2,1,19,3,0.0
202300007478,155 667 307,A01,1,37,0,2,0,0,1,4.0
202300007478,155 667 308,B01,1,10,0,0,0,0,0,0.0
202300007479,155 667 306,A01,2,2,0,0,2,2,1,0.0
202300007480,155 667 305,A01,3,34,1,0,2,14,3,0.0
202300007481,155 667 303,B01,1,2,0,2,8,1,3,0.0
202300007481,155 667 304,A01,1,7,0,2,7,13,0,0.0
202300007482,155 667 301,A01,1,1,0,4,8,1,5,0.0
202300007482,155 667 302,B01,2,40,0,2,1,1,3,0.0
202300007483,155 667 299,A01,1,33,2,2,1,1,1,0.0
202300007483,155 667 300,B01,1,33,0,2,1,1,1,0.0
202300007484,155 667 298,A01,2,32,0,1,8,17,1,0.0
202300007485,155 667 296,A01,2,30,0,2,1,3,1,0.0
202300007485,155 667 297,B01,2,7,0,0,8,15,1,0.0
202300007486,155 667 291,A01,1,7,0,2,9,12,2,0.0
202300007486,155 667 292,B01,1,7,0,2,7,1,2,0.0
202300007486,155 667 293,C01,1,7,0,2,8,1,2,0.0
202300007486,155 667 294,D01,1,7,0,2,8,1,1,0.0
202300007487,155 667 290,A01,0,7,0,1,2,11,1,0.0
202300007488,155 667 288,A01,1,7,0,2,1,2,1,0.0
202300007488,155 667 289,B01,1,2,0,2,4,26,1,0.0
202300007489,155 667 286,B01,1,33,0,2,1,1,1,0.0
202300007489,155 667 287,A01,1,7,0,2,3,19,1,0.0
202300007490,155 667 284,A01,2,2,0,2,1,17,1,0.0
202300007490,155 667 285,B01,1,7,0,2,6,15,1,0.0
202300007491,155 667 282,B01,1,30,0,2,7,1,1,0.0
202300007491,155 667 283,A01,3,7,0,2,3,9,1,0.0
202300007492,155 667 280,A01,2,7,0,2,3,20,1,0.0
202300007492,155 667 281,B01,2,2,0,2,1,17,1,0.0
202300007493,155 667 279,A01,3,7,0,1,4,4,1,0.0
202300007494,155 667 278,A01,2,7,0,1,8,1,1,0.0
202300007495,155 667 276,A01,0,7,0,2,2,16,1,0.0
202300007495,155 667 277,B01,0,32,0,2,8,7,1,0.0
202300007496,155 667 274,B01,2,7,0,2,4,1,1,0.0
202300007496,155 667 275,A01,2,7,0,2,1,1,1,0.0
202300007497,155 667 270,B01,3,7,0,2,3,9,1,0.0
202300007497,155 667 271,A01,2,50,0,2,1,25,3,0.0
202300007498,155 667 268,A01,3,33,0,2,1,2,1,0.0
202300007498,155 667 269,B01,3,7,0,2,3,2,1,0.0
202300007499,155 667 267,A01,0,7,0,1,0,1,1,0.0
202300007500,155 667 265,A01,1,7,0,2,3,1,1,0.0
202300007500,155 667 266,B01,3,50,0,2,1,19,3,0.0
202300007501,155 667 263,B01,1,7,0,2,6,1,1,0.0
202300007501,155 667 264,A01,2,32,0,2,1,16,1,0.0
202300007502,155 667 261,A01,1,7,0,2,1,16,1,0.0
202300007502,155 667 262,B01,1,33,0,2,7,17,1,0.0
202300007503,155 667 259,A01,1,7,0,2,2,9,0,0.0
202300007503,155 667 260,B01,1,1,0,2,3,1,0,0.0
202300007504,155 667 257,A01,3,10,0,2,1,16,1,0.0
202300007504,155 667 258,B01,3,3,0,2,4,16,1,0.0
202300007505,155 667 256,Z01,1,50,0,1,7,0,3,0.0
202300007506,155 667 254,A01,2,7,0,2,1,2,1,0.0
202300007506,155 667 255,B01,2,7,0,2,6,2,1,0.0
202300007507,155 667 252,A01,2,14,0,2,7,2,1,0.0
202300007507,155 667 253,B01,2,80,0,2,8,2,3,0.0
202300007508,155 667 250,A01,2,7,0,2,2,1,1,0.0
202300007508,155 667 251,B01,3,80,0,2,7,19,3,0.0
202300007509,155 667 249,A01,1,7,0,1,1,1,1,0.0
202300007510,155 667 247,B01,2,7,0,2,3,1,2,0.0
202300007510,155 667 248,A01,2,7,0,2,1,1,1,0.0
202300007511,155 667 246,A01,2,7,0,1,1,1,1,0.0
202300007512,155 667 245,A01,3,7,0,1,4,20,1,0.0
202300007513,155 667 243,B01,0,2,0,2,7,1,1,0.0
202300007513,155 667 244,A01,1,7,0,2,1,9,1,0.0
202300007514,155 667 241,A01,0,7,0,2,1,26,1,0.0
202300007514,155 667 242,B01,1,33,0,2,7,17,1,0.0
202300007515,155 667 240,A01,2,33,0,0,8,0,0,0.0
202300007516,155 667 238,A01,1,7,0,2,1,13,1,0.0
202300007516,155 667 239,B01,1,7,0,2,1,1,1,0.0
202300007517,155 667 236,A01,1,7,0,2,3,15,1,0.0
202300007517,155 667 237,B01,3,50,0,2,1,2,3,0.0
202300007518,155 667 235,A01,2,7,1,0,7,4,1,0.0
202300007519,155 667 232,B01,1,7,0,2,8,11,1,0.0
202300007519,155 667 233,C01,1,7,0,0,4,1,2,0.0
202300007519,155 667 234,A01,1,43,0,2,1,3,1,0.0
202300007520,155 667 230,B01,1,33,0,2,1,3,1,0.0
202300007520,155 667 231,A01,1,10,0,2,8,11,1,0.0
202300007521,155 667 228,A01,1,7,0,2,1,2,1,0.0
202300007521,155 667 229,B01,1,7,0,2,4,2,2,0.0
202300007522,155 667 226,B01,2,7,0,2,0,12,1,0.0
202300007522,155 667 227,A01,2,33,0,2,1,3,1,0.0
202300007523,155 667 224,A01,1,10,0,2,1,11,1,0.0
202300007523,155 667 225,B01,1,7,0,2,4,1,2,0.0
202300007524,155 667 223,A01,1,17,0,1,3,1,1,0.0
202300007525,155 667 222,A01,1,7,0,1,1,14,2,0.0
202300007526,155 667 218,C01,3,7,0,2,4,23,1,0.0
202300007526,155 667 219,D01,3,7,0,2,4,23,1,0.0
202300007526,155 667 220,A01,3,43,0,2,1,14,1,0.0
202300007526,155 667 221,B01,3,7,0,2,8,23,1,0.0
202300007527,155 667 216,B01,3,7,0,2,1,15,1,0.0
202300007527,155 667 217,A01,0,32,0,2,8,1,1,0.0
202300007528,155 667 215,A01,0,7,0,1,1,15,1,0.0
202300007529,155 667 214,A01,1,7,0,1,3,1,1,0.0
202300007530,155 667 212,A01,3,7,0,2,3,15,1,0.0
202300007530,155 667 213,B01,3,7,0,2,3,1,1,0.0
202300007531,155 667 211,A01,3,7,8,0,3,13,0,0.0
202300007532,155 667 209,B01,2,7,0,2,7,15,2,0.0
202300007532,155 667 210,A01,2,33,0,2,1,1,1,0.0
202300007533,155 667 207,A01,2,30,0,2,2,17,1,0.0
202300007533,155 667 208,B01,2,7,0,0,8,9,1,0.0
202300007534,155 667 206,A01,1,50,0,1,1,1,3,0.0
202300007535,155 667 205,A01,1,7,0,1,3,15,1,0.0
202300007536,155 667 204,A01,3,7,0,1,1,17,1,0.0
202300007537,155 667 202,A01,2,1,0,2,1,1,5,0.0
202300007537,155 667 203,B01,2,34,0,2,3,1,1,0.0
202300007538,155 667 201,A01,3,7,0,1,2,1,0,0.0
202300007539,155 667 200,A01,2,7,1,0,2,14,1,0.0
202300007540,155 667 198,A01,1,7,0,2,3,1,2,0.0
202300007540,155 667 199,B01,3,1,0,2,2,19,5,0.0
202300007541,155 667 197,A01,1,7,0,1,2,2,0,0.0
202300007542,155 667 195,A01,3,1,0,2,1,19,5,0.0
202300007542,155 667 196,B01,2,32,0,2,1,1,1,0.0
202300007543,155 667 193,A01,2,7,0,2,2,15,1,0.0
202300007543,155 667 194,B01,2,2,0,2,1,1,1,0.0
202300007544,155 667 191,A01,3,7,0,2,1,26,1,0.0
202300007544,155 667 192,B01,3,99,0,0,0,0,0,0.0
202300007545,155 667 189,A01,1,7,0,2,8,11,1,0.0
202300007545,155 667 190,B01,1,34,0,2,6,1,1,0.0
202300007546,155 667 187,A01,0,7,0,2,4,1,1,0.0
202300007546,155 667 188,B01,0,7,0,2,1,1,0,0.0
202300007547,155 667 185,A01,1,7,0,2,3,2,1,0.0
202300007547,155 667 186,B01,3,1,0,2,1,25,5,0.0
202300007548,155 667 183,A01,0,7,0,2,2,1,1,0.0
202300007548,155 667 184,B01,0,1,0,2,8,19,5,0.0
202300007549,155 667 182,A01,3,60,12,0,1,1,5,0.0
202300007550,155 667 181,A01,2,17,0,0,0,1,1,0.0
202300007551,155 667 179,A01,1,7,0,2,1,9,1,0.0
202300007551,155 667 180,B01,1,33,0,2,8,1,1,0.0
202300007552,155 667 177,A01,1,7,0,0,6,23,1,0.0
202300007552,155 667 178,B01,1,33,0,2,7,1,1,0.0
202300007553,155 667 175,A01,2,7,0,2,1,13,0,0.0
202300007553,155 667 176,B01,1,7,0,2,1,0,0,0.0
202300007554,155 667 174,A01,1,7,0,1,1,1,0,0.0
202300007555,155 667 172,A01,1,7,0,2,1,1,1,0.0
202300007555,155 667 173,B01,2,3,0,2,1,1,1,0.0
202300007556,155 667 170,B01,0,1,0,2,1,19,5,0.0
202300007556,155 667 171,A01,0,1,0,2,1,1,5,0.0
202300007557,155 667 169,A01,1,33,0,9,0,1,0,0.0
202300007558,155 667 167,A01,3,7,5,2,2,17,0,0.0
202300007558,155 667 168,B01,3,10,5,0,6,1,0,0.0
202300007559,155 667 165,B01,1,33,0,2,7,17,0,0.0
202300007559,155 667 166,A01,1,7,0,2,3,13,0,0.0
202300007560,155 667 164,A01,1,10,13,0,3,1,1,0.0
202300007561,155 667 163,A01,0,7,15,0,1,1,0,0.0
202300007562,155 667 162,A01,2,10,6,0,1,1,1,0.0
202300007563,155 667 160,A01,2,2,0,9,1,1,1,0.0
202300007563,155 667 161,B01,1,1,0,2,1,1,5,0.0
202300007564,155 667 158,A01,1,7,13,0,0,1,0,0.0
202300007565,155 667 156,B01,2,7,0,2,1,17,1,0.0
202300007565,155 667 157,A01,1,7,0,2,3,1,1,0.0
202300007566,155 667 154,B01,2,1,0,2,4,2,5,0.0
202300007566,155 667 155,A01,2,10,0,2,2,2,1,0.0
202300007567,155 667 152,B01,2,7,0,2,3,15,1,0.0
202300007567,155 667 153,A01,2,7,0,2,2,17,1,0.0
202300007568,155 667 151,A01,1,14,1,1,2,1,1,0.0
202300007569,155 667 150,A01,1,7,8,0,1,1,1,0.0
202300007570,155 667 149,A01,3,36,12,0,7,10,1,0.0
202300007571,155 667 147,A01,2,14,0,0,4,23,1,0.0
202300007571,155 667 148,B01,2,7,0,2,1,1,1,0.0
202300007572,155 667 145,A01,2,7,0,2,8,15,1,0.0
202300007572,155 667 146,B01,2,7,0,2,1,1,3,0.0
202300007573,155 667 144,A01,1,7,13,0,0,1,1,0.0
202300007574,155 667 142,B01,2,7,0,2,7,19,1,0.0
202300007574,155 667 143,A01,1,1,0,2,2,1,5,0.0
202300007575,155 667 141,A01,2,2,3,0,7,1,1,0.0
202300007576,155 667 139,A01,3,36,0,2,2,2,1,0.0
202300007576,155 667 140,B01,3,36,0,0,5,2,1,0.0
202300007577,155 667 138,A01,2,7,16,0,9,1,1,0.0
202300007578,155 667 137,A01,3,7,16,0,9,1,1,0.0
202300007579,155 667 135,B01,2,7,0,0,3,1,1,0.0
202300007579,155 667 136,A01,1,7,0,2,3,13,1,0.0
202300007580,155 667 134,A01,2,33,16,0,7,1,1,0.0
202300007581,155 667 132,A01,1,10,0,2,1,3,1,0.0
202300007581,155 667 133,B01,1,10,0,0,6,2,1,0.0
202300007582,155 667 131,A01,3,7,0,1,1,1,1,0.0
202300007583,155 667 130,A01,3,7,0,1,1,1,1,0.0
202300007584,155 667 129,A01,2,7,6,0,1,1,1,0.0
202300007585,155 667 127,A01,1,7,0,2,2,19,1,0.0
202300007585,155 667 128,B01,2,31,0,2,7,1,1,0.0
202300007586,155 667 125,A01,2,7,0,2,3,15,2,0.0
202300007586,155 667 126,B01,1,1,0,2,3,1,5,0.0
202300007587,155 667 123,A01,2,7,0,2,4,9,1,0.0
202300007587,155 667 124,B01,2,10,0,2,1,1,1,0.0
202300007588,155 667 121,A01,2,7,0,2,1,13,1,0.0
202300007588,155 667 122,B01,1,7,0,2,1,1,1,0.0
202300007589,155 667 119,B01,3,7,0,2,7,19,1,0.0
202300007589,155 667 120,A01,2,10,0,2,1,1,1,0.0
202300007590,155 667 118,A01,2,7,6,0,2,0,1,0.0
202300007591,155 667 116,B01,2,32,0,2,1,1,1,0.0
202300007591,155 667 117,A01,1,7,0,9,5,15,1,0.0
202300007592,155 667 115,A01,1,7,2,0,3,13,1,0.0
202300007593,155 667 113,A01,1,7,0,9,2,2,1,0.0
202300007593,155 667 114,B01,1,1,0,0,4,2,5,0.0
202300007594,155 667 112,A01,0,10,0,1,3,0,1,0.0
202300007595,155 667 111,A01,1,2,13,0,1,14,1,0.0
202300007596,155 667 108,B01,0,7,0,2,4,0,1,0.0
202300007596,155 667 109,C01,0,7,0,2,1,0,1,0.0
202300007596,155 667 110,A01,0,7,0,0,4,15,1,0.0
202300007597,155 667 106,B01,3,1,0,0,0,26,5,0.0
202300007597,155 667 107,A01,3,36,0,0,0,26,1,0.0
202300007598,155 667 105,A01,2,7,0,1,2,1,1,0.0
202300007599,155 667 101,A01,1,10,14,2,1,1,0,0.0
202300007599,155 667 102,B01,1,7,0,2,4,24,1,0.0
202300007599,155 667 103,C01,1,7,0,2,1,23,1,0.0
202300007599,155 667 104,D01,1,7,0,2,3,1,1,0.0
202300007600,155 667 100,A01,1,7,4,0,9,0,1,0.0
202300007601,155 667 098,B01,2,7,3,2,1,2,1,0.0
202300007601,155 667 099,A01,1,15,3,2,1,13,1,0.0
202300007602,155 667 096,A01,1,7,3,2,2,2,1,0.0
202300007602,155 667 097,B01,1,7,1,2,3,2,1,0.0
202300007603,155 667 095,A01,2,7,13,0,1,0,1,0.0
202300007604,155 667 091,C01,1,7,3,2,1,1,1,0.0
202300007604,155 667 092,D01,1,7,3,2,1,1,1,0.0
202300007604,155 667 093,A01,1,7,3,2,1,1,1,0.0
202300007604,155 667 094,B01,1,7,3,2,2,1,1,0.0
202300007605,155 667 090,A01,1,7,4,0,2,0,1,0.0
202300007606,155 667 087,A01,1,7,14,0,0,0,1,0.0
202300007606,155 667 088,B01,1,7,14,0,0,0,1,0.0
202300007606,155 667 089,C01,1,7,14,0,0,0,1,0.0
202300007607,155 667 084,A01,2,7,0,2,4,11,1,0.0
202300007607,155 667 085,B01,2,7,0,2,1,1,1,0.0
202300007607,155 667 086,C01,2,99,0,2,1,1,1,0.0
202300007608,155 667 083,A01,2,34,12,0,2,1,1,0.0
202300007609,155 667 082,A01,3,10,1,1,1,13,1,0.0
202300007610,155 667 080,A01,1,7,0,2,9,0,1,0.0
202300007610,155 667 081,B01,1,10,0,2,2,0,1,0.0
202300007611,155 667 079,A01,1,7,-1,1,1,1,1,0.0
202300007612,155 667 077,A01,1,7,0,2,7,19,1,0.0
202300007612,155 667 078,B01,2,33,0,2,1,1,1,0.0
202300007613,155 667 074,A01,1,7,1,0,1,1,1,0.0
202300007613,155 667 075,B01,1,7,1,0,4,23,1,0.0
202300007613,155 667 076,C01,1,7,0,0,4,23,1,0.0
202300007614,155 667 072,A01,1,33,0,2,1,1,1,0.0
202300007614,155 667 073,B01,1,7,0,2,5,2,1,0.0
202300007615,155 667 071,A01,3,7,0,1,5,20,1,0.0
202300007616,155 667 070,A01,2,10,13,0,2,1,1,0.0
202300007617,155 667 069,A01,2,7,13,2,2,21,1,0.0
202300007618,155 667 067,B01,3,37,0,2,2,1,1,6.0
202300007618,155 667 068,A01,3,7,0,2,3,16,1,0.0
202300007619,155 667 065,A01,3,7,0,2,3,24,1,0.0
202300007619,155 667 066,B01,3,30,1,0,1,0,1,0.0
202300007620,155 667 063,A01,1,7,0,2,1,2,1,0.0
202300007620,155 667 064,B01,1,7,0,2,4,17,1,0.0
202300007621,155 667 061,A01,1,7,0,2,1,1,1,0.0
202300007621,155 667 062,B01,1,1,0,2,4,19,5,0.0
202300007622,155 667 059,B01,2,60,0,2,8,1,5,0.0
202300007622,155 667 060,A01,1,7,0,2,1,15,1,0.0
202300007623,155 667 057,A01,2,7,0,2,1,2,1,0.0
202300007623,155 667 058,B01,2,7,0,2,7,2,1,0.0
202300007624,155 667 056,A01,1,7,0,1,2,19,1,0.0
202300007625,155 667 055,A01,0,7,15,0,0,14,1,0.0
202300007626,155 667 053,A01,1,7,0,2,1,19,1,0.0
202300007626,155 667 054,B01,1,3,0,2,3,0,1,0.0
202300007627,155 667 052,A01,1,7,0,1,1,1,1,0.0
202300007628,155 667 050,A01,1,10,0,2,3,15,0,0.0
202300007628,155 667 051,B01,1,50,0,2,1,17,3,0.0
202300007629,155 667 048,B01,2,10,0,2,2,0,1,0.0
202300007629,155 667 049,A01,1,7,0,2,2,1,1,0.0
202300007630,155 667 046,A01,1,7,0,2,1,5,1,0.0
202300007630,155 667 047,B01,2,37,0,2,1,1,1,1.0
202300007631,155 667 043,A01,1,7,0,1,1,1,1,0.0
202300007632,155 667 040,B01,1,2,0,2,7,1,1,0.0
202300007632,155 667 041,Z01,2,7,0,2,8,26,1,0.0
202300007633,155 667 039,A01,3,7,1,0,1,21,1,0.0
202300007634,155 667 038,A01,2,10,0,1,7,1,1,0.0
202300007635,155 667 036,A01,3,7,0,2,1,2,1,0.0
202300007635,155 667 037,B01,1,7,16,0,4,0,1,0.0
202300007636,155 667 034,B01,3,7,0,2,2,1,1,0.0
202300007636,155 667 035,A01,3,7,1,2,3,26,1,0.0
202300007637,155 667 033,A01,1,7,0,1,2,1,1,0.0
202300007638,155 667 031,A01,2,30,0,2,6,16,1,0.0
202300007638,155 667 032,B01,1,7,0,2,7,1,1,0.0
202300007639,155 667 030,A01,2,7,0,1,3,16,1,0.0
202300007640,155 667 028,B01,2,7,0,2,7,1,1,0.0
202300007640,155 667 029,A01,2,7,0,2,1,19,1,0.0
202300007641,155 667 026,A01,2,7,0,2,4,23,1,0.0
202300007641,155 667 027,B01,2,7,0,2,1,2,1,0.0
202300007642,155 667 024,A01,1,34,0,2,2,2,1,0.0
202300007642,155 667 025,B01,1,7,0,2,6,16,1,0.0
202300007643,155 667 023,A01,3,33,0,0,0,1,1,0.0
202300007644,155 667 022,Z01,3,0,0,1,1,1,0,0.0
202300007645,155 667 020,A01,3,7,0,2,1,1,1,0.0
202300007645,155 667 021,B01,3,50,0,2,7,19,3,0.0
202300007646,155 667 019,A01,3,7,8,0,0,26,1,0.0
202300007647,155 667 017,Z01,0,10,0,2,0,0,0,0.0
202300007647,155 667 018,A01,0,1,0,2,4,2,5,0.0
202300007648,155 667 015,A01,2,7,0,2,2,15,1,0.0
202300007648,155 667 016,B01,1,50,0,2,1,1,3,0.0
202300007649,155 667 014,A01,0,31,6,0,1,1,1,0.0
202300007650,155 667 013,A01,1,50,0,1,1,1,3,0.0
202300007651,155 667 012,A01,1,7,8,0,3,1,1,0.0
202300007652,155 667 011,A01,3,7,13,0,2,9,1,0.0
202300007653,155 667 009,B01,2,7,0,0,0,1,1,0.0
202300007653,155 667 010,A01,1,33,0,0,0,11,1,0.0
202300007654,155 667 008,A01,1,7,0,1,4,20,1,0.0
202300007655,155 667 006,B01,1,30,0,2,1,1,1,0.0
202300007655,155 667 007,A01,2,7,0,2,5,15,1,0.0
202300007656,155 667 003,A01,1,7,0,2,1,2,1,0.0
202300007656,155 667 004,B01,1,32,0,2,4,2,1,0.0
202300007656,155 667 005,C01,1,7,0,2,4,2,1,0.0
202300007657,155 667 000,A01,2,7,0,2,1,26,1,0.0
202300007657,155 667 001,C01,2,10,0,2,4,0,1,0.0
202300007657,155 667 002,B01,2,10,0,2,1,26,1,0.0
202300007658,155 666 998,B01,2,7,0,2,4,1,2,0.0
202300007658,155 666 999,A01,2,7,0,2,1,2,1,0.0
202300007659,155 666 997,A01,3,7,13,0,0,16,1,0.0
202300007660,155 666 994,A01,2,7,0,2,5,17,1,0.0
202300007660,155 666 995,B01,2,7,0,2,3,15,1,0.0
202300007661,155 666 993,A01,3,7,0,1,3,20,1,0.0
202300007662,155 666 991,B01,1,7,0,2,1,13,0,0.0
202300007662,155 666 992,A01,2,30,0,2,1,9,1,0.0