num_acc,id_vehicule,num_veh,senc,catv,obs,obsm,choc,manv,motor,occutc
202300007663,155 666 990,A01,2,7,1,0,3,21,1,0.0
202300007664,155 666 988,B01,1,7,8,2,2,2,1,0.0
202300007664,155 666 989,A01,1,7,0,2,3,2,1,0.0
202300007665,155 666 987,A01,1,33,8,0,1,26,1,0.0
202300007666,155 666 985,A01,2,43,0,0,8,26,0,0.0
202300007666,155 666 986,B01,2,43,0,0,8,26,0,0.0
202300007667,155 666 984,Z01,3,33,0,1,1,1,0,0.0
202300007668,155 666 982,A01,1,7,0,2,3,16,1,0.0
202300007668,155 666 983,B01,2,2,0,2,1,21,1,0.0
202300007669,155 666 980,B01,0,7,0,1,1,1,1,0.0
202300007669,155 666 981,A01,0,7,0,1,1,1,1,0.0
202300007670,155 666 977,B01,1,10,0,2,6,1,1,0.0
202300007670,155 666 978,C01,1,7,0,2,7,1,1,0.0
202300007670,155 666 979,A01,1,33,0,2,2,1,1,0.0
202300007671,155 666 976,A01,1,30,0,1,1,1,3,0.0
202300007672,155 666 974,A01,1,7,0,2,7,22,1,0.0
202300007672,155 666 975,B01,1,1,0,2,1,1,5,0.0
202300007673,155 666 972,A01,1,2,0,2,1,15,1,0.0
202300007673,155 666 973,B01,1,50,0,2,1,1,3,0.0
202300007674,155 666 970,A01,1,30,0,2,7,15,1,0.0
202300007674,155 666 971,B01,2,7,0,2,1,2,1,0.0
202300007675,155 666 968,A01,1,7,0,2,8,10,3,0.0
202300007675,155 666 969,B01,1,2,0,2,7,17,3,0.0
202300007676,155 666 967,B01,2,1,0,1,1,1,5,0.0
202300007677,155 666 966,A01,2,30,0,1,1,1,1,0.0
202300007678,155 666 965,A01,2,7,8,0,1,13,1,0.0
202300007679,155 666 963,A01,1,7,0,2,4,1,1,0.0
202300007679,155 666 964,Z01,1,7,0,2,1,1,0,0.0
202300007680,155 666 962,A01,2,7,0,1,7,9,1,0.0
202300007681,155 666 961,A01,1,2,0,0,0,1,3,0.0
202300007682,155 666 959,A01,1,13,0,2,0,1,0,0.0
202300007682,155 666 960,B01,1,7,0,2,4,1,1,0.0
202300007683,155 666 957,A01,1,33,0,2,1,1,1,0.0
202300007683,155 666 958,B01,1,1,0,2,4,1,5,0.0
202300007684,155 666 955,A01,1,1,0,2,1,18,5,0.0
202300007684,155 666 956,B01,1,7,0,2,7,16,1,0.0
202300007685,155 666 954,A01,2,33,0,0,7,1,1,0.0
202300007686,155 666 952,A01,1,7,0,2,3,15,1,0.0
202300007686,155 666 953,B01,2,30,0,2,8,1,1,0.0
202300007687,155 666 950,A01,1,32,0,2,8,3,0,0.0
202300007687,155 666 951,B01,1,7,0,2,7,1,0,0.0
202300007688,155 666 949,A01,3,7,1,0,1,5,1,0.0
202300007689,155 666 948,A01,3,7,14,0,1,1,1,0.0
202300007690,155 666 946,A01,2,7,0,2,1,1,1,0.0
202300007690,155 666 947,B01,2,7,0,2,4,1,1,0.0
202300007691,155 666 944,A01,1,33,0,2,1,1,1,0.0
202300007691,155 666 945,B01,1,7,0,2,6,23,0,0.0
202300007692,155 666 942,A01,1,10,0,2,8,9,1,0.0
202300007692,155 666 943,B01,1,2,0,2,7,1,0,0.0
202300007693,155 666 940,A01,1,1,0,2,1,1,5,0.0
202300007693,155 666 941,B01,2,30,0,9,1,1,0,0.0
202300007694,155 666 939,A01,3,7,11,1,1,15,2,0.0
202300007695,155 666 936,B01,2,7,0,2,6,20,1,0.0
202300007695,155 666 937,A01,0,34,0,0,0,0,1,0.0
202300007696,155 666 934,A01,2,30,0,2,1,18,1,0.0
202300007696,155 666 935,B01,2,7,0,2,2,14,2,0.0
202300007697,155 666 932,A01,1,7,0,0,4,23,1,0.0
202300007697,155 666 933,B01,1,7,1,0,1,9,1,0.0
202300007698,155 666 929,C01,1,7,0,2,1,2,1,0.0
202300007698,155 666 930,B01,1,7,0,2,1,1,1,0.0
202300007698,155 666 931,A01,1,10,5,2,1,1,1,0.0
202300007699,155 666 927,A01,1,34,0,2,1,17,1,0.0
202300007699,155 666 928,B01,1,7,0,2,3,15,1,0.0
202300007700,155 666 926,A01,2,7,0,1,3,1,1,0.0
202300007701,155 666 924,A01,2,31,0,2,1,26,1,0.0
202300007701,155 666 925,B01,1,7,0,2,1,1,1,0.0
202300007702,155 666 923,A01,1,7,3,0,6,2,1,0.0
202300007703,155 666 921,A01,2,7,0,2,3,13,1,0.0
202300007703,155 666 922,B01,1,7,0,2,6,1,1,0.0
202300007704,155 666 920,A01,1,7,8,0,1,1,1,0.0
202300007705,155 666 919,A01,1,7,17,0,8,13,1,0.0
202300007706,155 666 917,A01,1,7,0,0,5,15,3,0.0
202300007706,155 666 918,B01,2,33,0,2,1,1,1,0.0
202300007707,155 666 916,A01,1,7,0,1,2,1,1,0.0
202300007708,155 666 915,A01,0,7,0,1,5,26,1,0.0
202300007709,155 666 913,B01,1,7,0,2,3,1,1,0.0
202300007709,155 666 914,A01,2,2,0,2,1,13,1,0.0
202300007710,155 666 912,A01,2,7,17,0,1,1,1,0.0
202300007711,155 666 910,B01,1,7,0,2,1,1,1,0.0
202300007711,155 666 911,A01,2,7,0,2,3,9,1,0.0
202300007712,155 666 908,B01,2,21,0,2,1,19,0,0.0
202300007712,155 666 909,A01,1,7,0,2,8,1,0,0.0
202300007713,155 666 904,A01,1,7,0,2,2,17,1,0.0
202300007713,155 666 905,B01,1,21,0,0,8,15,1,0.0
202300007714,155 666 902,A01,2,7,0,2,3,15,1,0.0
202300007714,155 666 903,B01,1,1,0,2,8,1,5,0.0
202300007715,155 666 901,A01,1,33,0,0,7,1,1,0.0
202300007716,155 666 900,A01,2,33,13,0,1,1,1,0.0
202300007717,155 666 898,B01,2,1,0,2,1,17,5,0.0
202300007717,155 666 899,A01,2,7,0,9,3,15,0,0.0
202300007718,155 666 896,A01,2,7,0,0,0,2,1,0.0
202300007718,155 666 897,B01,2,33,12,0,8,14,1,0.0
202300007719,155 666 895,A01,2,7,6,0,1,13,1,0.0
202300007720,155 666 891,D01,2,7,0,9,3,1,1,0.0
202300007720,155 666 892,C01,2,7,0,9,1,1,1,0.0
202300007720,155 666 893,B01,1,7,13,2,3,1,1,0.0
202300007720,155 666 894,A01,2,33,0,2,1,17,1,0.0
202300007721,155 666 889,A01,2,7,0,2,3,13,2,0.0
202300007721,155 666 890,B01,1,7,0,2,3,1,1,0.0
202300007722,155 666 888,A01,1,7,8,1,2,1,2,0.0
202300007723,155 666 886,B01,2,14,0,2,8,1,1,0.0
202300007723,155 666 887,A01,1,33,0,2,4,1,1,0.0
202300007724,155 666 885,A01,2,7,0,1,2,2,1,0.0
202300007725,155 666 883,A01,0,7,13,2,2,19,1,0.0
202300007725,155 666 884,B01,2,3,13,2,3,1,1,0.0
202300007726,155 666 881,A01,2,7,0,0,1,1,1,0.0
202300007726,155 666 882,B01,2,7,0,0,4,1,1,0.0
202300007727,155 666 880,A01,2,33,0,0,7,0,1,0.0
202300007728,155 666 878,A01,2,15,0,0,6,1,1,0.0
202300007728,155 666 879,B01,2,7,0,2,2,12,2,0.0
202300007729,155 666 876,B01,1,10,0,2,2,1,1,0.0
202300007729,155 666 877,A01,2,2,0,2,1,5,1,0.0
202300007730,155 666 875,A01,1,7,12,0,1,14,1,0.0
202300007731,155 666 873,A01,1,7,0,2,3,1,1,0.0
202300007731,155 666 874,B01,2,7,3,2,3,1,1,0.0
202300007732,155 666 871,A01,3,7,0,2,2,13,1,0.0
202300007732,155 666 872,B01,3,7,0,2,2,1,1,0.0
202300007733,155 666 869,B01,1,7,0,2,2,1,1,0.0
202300007733,155 666 870,A01,1,7,0,2,3,15,1,0.0
202300007734,155 666 867,A01,3,7,0,2,1,1,1,0.0
202300007734,155 666 868,B01,3,50,0,2,8,5,3,0.0
202300007735,155 666 865,B01,2,1,0,0,8,1,5,0.0
202300007735,155 666 866,A01,2,10,0,9,2,1,1,0.0
202300007736,155 666 864,A01,0,3,8,0,1,14,1,0.0
202300007737,155 666 863,A01,3,7,14,0,1,1,0,0.0
202300007738,155 666 860,A01,2,10,0,2,5,1,1,0.0
202300007738,155 666 861,B01,2,36,0,2,1,3,1,0.0
202300007739,155 666 859,A01,1,7,0,1,2,1,1,0.0
202300007740,155 666 857,A01,2,7,0,2,1,2,1,0.0
202300007740,155 666 858,B01,2,7,0,2,4,2,1,0.0
202300007741,155 666 855,B01,2,7,0,2,5,2,1,0.0
202300007741,155 666 856,A01,2,33,0,2,1,1,1,0.0
202300007742,155 666 852,C01,2,7,0,2,4,1,0,0.0
202300007742,155 666 853,B01,2,7,0,2,4,1,0,0.0
202300007742,155 666 854,A01,2,10,0,2,1,1,0,0.0
202300007743,155 666 850,A01,2,7,0,2,2,12,1,0.0
202300007743,155 666 851,B01,2,33,0,2,1,3,1,0.0
202300007744,155 666 848,A01,2,7,0,2,5,1,1,0.0
202300007744,155 666 849,B01,2,33,0,2,3,3,1,0.0
202300007745,155 666 846,A01,1,7,0,2,1,1,1,0.0
202300007745,155 666 847,B01,1,7,0,2,4,1,3,0.0
202300007746,155 666 844,A01,2,7,0,2,1,1,1,0.0
202300007746,155 666 845,B01,2,7,0,2,4,14,1,0.0
202300007747,155 666 841,C01,2,7,0,0,4,0,1,0.0
202300007747,155 666 842,B01,2,10,0,2,5,12,1,0.0
202300007747,155 666 843,A01,2,33,0,2,2,1,1,0.0
202300007748,155 666 839,A01,2,7,0,2,8,21,1,0.0
202300007748,155 666 840,B01,2,15,1,0,7,23,1,0.0
202300007749,155 666 836,C01,1,7,0,2,6,1,1,0.0
202300007749,155 666 837,B01,1,33,0,2,5,0,1,0.0
202300007749,155 666 838,A01,1,7,0,2,7,11,1,0.0
202300007750,155 666 833,C01,2,7,0,2,0,0,0,0.0
202300007750,155 666 834,B01,2,7,0,2,0,0,1,0.0
202300007750,155 666 835,A01,2,7,0,2,1,0,1,0.0
202300007751,155 666 832,A01,1,7,4,0,2,14,1,0.0
202300007752,155 666 830,B01,2,33,0,2,0,0,1,0.0
202300007752,155 666 831,A01,2,7,0,2,1,2,1,0.0
202300007753,155 666 828,A01,2,7,0,2,8,1,2,0.0
202300007753,155 666 829,B01,2,14,0,2,7,12,1,0.0
202300007754,155 666 825,B01,1,7,0,2,4,1,1,0.0
202300007754,155 666 826,C01,1,7,0,2,4,1,1,0.0
202300007754,155 666 827,A01,1,7,0,2,1,1,1,0.0
202300007755,155 666 823,B01,1,33,0,2,1,1,1,0.0
202300007755,155 666 824,A01,1,7,0,2,3,11,1,0.0
202300007756,155 666 821,A01,2,10,0,2,1,2,1,0.0
202300007756,155 666 822,B01,1,7,0,2,4,2,1,0.0
202300007757,155 666 819,A01,2,7,0,2,8,1,1,0.0
202300007757,155 666 820,B01,2,43,0,2,2,3,1,0.0
202300007758,155 666 816,A01,1,10,0,2,1,1,1,0.0
202300007758,155 666 817,B01,1,7,0,2,4,1,2,0.0
202300007758,155 666 818,C01,1,7,0,2,4,1,1,0.0
202300007759,155 666 815,A01,2,7,3,0,1,26,1,0.0
202300007760,155 666 811,A01,1,10,0,2,7,12,1,0.0
202300007760,155 666 812,B01,1,33,0,2,1,3,1,0.0
202300007760,155 666 813,C01,1,33,0,2,1,1,1,0.0
202300007760,155 666 814,D01,1,7,0,2,4,1,1,0.0
202300007761,155 666 808,A01,2,7,0,1,2,15,1,0.0
202300007762,155 666 806,Y01,2,60,0,9,8,15,5,0.0
202300007762,155 666 807,A01,2,80,0,2,2,1,3,0.0
202300007763,155 666 804,B01,2,7,0,2,8,1,1,0.0
202300007763,155 666 805,A01,2,33,0,2,2,17,1,0.0
202300007764,155 666 802,A01,1,7,0,2,1,9,1,0.0
202300007764,155 666 803,B01,1,7,0,2,6,1,1,0.0
202300007765,155 666 800,A01,2,80,0,2,8,1,3,0.0
202300007765,155 666 801,Z01,2,10,0,2,7,1,0,0.0
202300007766,155 666 797,A01,1,7,0,2,4,14,1,0.0
202300007766,155 666 798,B01,1,7,0,0,0,0,0,0.0
202300007766,155 666 799,C01,1,7,0,9,6,1,1,0.0
202300007767,155 666 795,B01,2,33,0,2,1,1,1,0.0
202300007767,155 666 796,A01,1,7,0,2,2,15,1,0.0
202300007768,155 666 794,A01,1,7,0,1,3,1,1,0.0
202300007769,155 666 793,A01,0,7,0,1,3,1,1,0.0
202300007770,155 666 791,B01,1,7,0,2,5,10,1,0.0
202300007770,155 666 792,A01,1,7,0,2,1,1,1,0.0
202300007771,155 666 789,A01,1,7,0,2,5,1,1,0.0
202300007771,155 666 790,B01,1,80,0,2,0,1,3,0.0
202300007772,155 666 787,B01,1,7,0,2,4,23,1,0.0
202300007772,155 666 788,A01,1,10,0,2,1,2,1,0.0
202300007773,155 666 784,A01,2,10,0,1,1,13,1,0.0
202300007774,155 666 782,A01,0,7,0,0,2,17,0,0.0
202300007774,155 666 783,B01,0,7,0,0,0,1,0,0.0
202300007775,155 666 780,A01,3,7,0,1,2,16,2,0.0
202300007776,155 666 778,A01,0,7,0,1,0,1,1,0.0
202300007777,155 666 777,A01,3,7,9,0,3,5,1,0.0
202300007778,155 666 775,B01,2,7,0,2,1,1,1,0.0
202300007778,155 666 776,A01,2,7,0,2,4,1,1,0.0
202300007779,155 666 774,A01,1,7,0,1,1,15,1,0.0
202300007780,155 666 772,B01,2,7,0,2,3,0,1,0.0
202300007780,155 666 773,A01,2,7,0,2,2,15,1,0.0
202300007781,155 666 770,A01,2,50,0,2,1,17,3,0.0
202300007781,155 666 771,B01,1,7,0,2,3,1,1,0.0
202300007782,155 666 769,A01,2,7,1,0,1,1,1,0.0
202300007783,155 666 768,A01,1,3,0,1,1,16,1,0.0
202300007784,155 666 766,A01,3,7,0,2,5,1,1,0.0
202300007784,155 666 767,B01,3,7,0,0,6,10,1,0.0
202300007785,155 666 765,A01,1,7,0,1,3,1,0,0.0
202300007786,155 666 764,A01,2,7,0,1,1,1,1,0.0
202300007787,155 666 763,A01,3,7,0,1,1,1,1,0.0
202300007788,155 666 761,A01,1,7,0,9,3,1,1,0.0
202300007788,155 666 762,B01,3,1,0,2,7,19,5,0.0
202300007789,155 666 760,A01,1,7,0,1,1,1,1,0.0
202300007790,155 666 758,A01,3,7,16,0,8,19,1,0.0
202300007790,155 666 759,B01,3,7,0,2,0,0,1,0.0
202300007791,155 666 755,A01,2,7,0,1,2,1,1,0.0
202300007792,155 666 754,A01,1,60,0,0,0,1,5,0.0
202300007793,155 666 753,A01,2,7,0,1,1,9,1,0.0
202300007794,155 666 752,A01,3,7,0,1,1,1,1,0.0
202300007795,155 666 751,A01,1,7,8,0,1,13,1,0.0
202300007796,155 666 749,B01,2,2,0,2,1,1,0,0.0
202300007796,155 666 750,A01,1,7,0,2,7,19,1,0.0
202300007797,155 666 746,Z01,0,7,0,0,0,0,0,0.0
202300007798,155 666 744,B01,1,10,0,2,4,4,1,0.0
202300007798,155 666 745,A01,1,7,0,2,4,4,1,0.0
202300007799,155 666 742,A01,2,7,0,2,2,2,1,0.0
202300007799,155 666 743,B01,2,7,0,2,2,2,1,0.0
202300007800,155 666 739,A01,2,7,0,2,1,1,1,0.0
202300007800,155 666 740,B01,2,7,0,2,4,1,1,0.0
202300007800,155 666 741,C01,2,7,0,2,4,1,1,0.0
202300007801,155 666 738,A01,1,7,0,1,1,1,1,0.0
202300007802,155 666 737,A01,3,7,0,1,2,15,1,0.0
202300007803,155 666 735,B01,1,33,0,2,3,1,1,0.0
202300007803,155 666 736,A01,1,7,0,2,5,12,1,0.0
202300007804,155 666 734,A01,2,7,0,1,1,15,1,0.0
202300007805,155 666 733,B01,2,7,2,0,1,21,1,0.0
202300007806,155 666 732,A01,0,7,0,1,1,19,1,0.0
202300007807,155 666 730,A01,1,37,0,2,1,1,1,2.0
202300007807,155 666 731,Z01,1,7,0,2,4,18,1,0.0
202300007808,155 666 728,B01,1,7,0,2,4,2,1,0.0
202300007808,155 666 729,A01,1,37,0,2,1,2,2,1.0
202300007809,155 666 727,A01,2,7,0,1,1,1,1,0.0
202300007810,155 666 725,B01,3,33,0,2,1,1,1,0.0
202300007810,155 666 726,A01,3,7,0,2,8,10,1,0.0
202300007811,155 666 723,B01,1,1,1,0,1,1,5,0.0
202300007811,155 666 724,A01,1,7,0,2,8,22,1,0.0
202300007812,155 666 722,A01,1,1,0,1,3,1,5,0.0
202300007813,155 666 720,B01,1,33,0,2,8,20,1,0.0
202300007813,155 666 721,A01,1,32,0,2,1,1,1,0.0
202300007814,155 666 718,A01,2,10,0,2,2,1,1,0.0
202300007814,155 666 719,B01,1,43,0,2,3,1,1,0.0
202300007815,155 666 717,A01,2,1,0,1,1,1,5,0.0
202300007816,155 666 716,A01,2,1,0,1,4,5,5,0.0
202300007817,155 666 714,A01,1,7,0,2,2,1,1,0.0
202300007817,155 666 715,B01,3,1,0,2,3,19,5,0.0
202300007818,155 666 712,A01,1,1,0,2,7,11,5,0.0
202300007818,155 666 713,B01,1,1,0,2,8,1,5,0.0
202300007819,155 666 710,B01,2,31,0,2,1,1,1,0.0
202300007819,155 666 711,A01,2,7,0,2,8,10,2,0.0
202300007820,155 666 708,A01,2,7,0,2,1,1,1,0.0
202300007820,155 666 709,B01,2,33,0,2,2,15,0,0.0
202300007821,155 666 706,A01,0,33,0,2,1,1,0,0.0
202300007821,155 666 707,B01,0,7,0,2,8,20,0,0.0
202300007822,155 666 703,C01,1,37,0,2,4,23,0,1.0
202300007822,155 666 704,A01,1,7,0,2,1,1,0,0.0
202300007822,155 666 705,B01,1,7,0,2,1,1,0,0.0
202300007823,155 666 701,A01,1,40,0,2,1,1,3,0.0
202300007823,155 666 702,B01,2,14,0,4,5,15,0,0.0
202300007824,155 666 700,A01,2,7,0,1,1,1,1,0.0
202300007825,155 666 699,A01,3,7,4,0,2,15,2,0.0
202300007826,155 666 697,B01,3,1,0,2,1,1,5,0.0
202300007826,155 666 698,A01,0,7,0,0,3,1,1,0.0
202300007827,155 666 695,A01,2,7,0,2,8,0,1,0.0
202300007827,155 666 696,B01,2,31,1,2,1,3,1,0.0
202300007828,155 666 693,B01,2,7,0,2,1,1,1,0.0
202300007828,155 666 694,A01,1,7,0,2,1,1,1,0.0
202300007829,155 666 691,A01,1,37,0,2,1,2,2,1.0
202300007829,155 666 692,B01,2,7,0,2,0,0,0,0.0
202300007830,155 666 689,B01,1,7,0,0,8,1,1,0.0
202300007830,155 666 690,A01,2,7,0,2,1,1,1,0.0
202300007831,155 666 688,A01,0,7,0,1,3,1,1,0.0
202300007832,155 666 686,B01,1,7,0,2,2,16,1,0.0
202300007832,155 666 687,A01,1,7,0,2,1,2,1,0.0
202300007833,155 666 684,A01,3,7,0,2,0,9,1,0.0
202300007833,155 666 685,B01,3,50,0,2,0,1,3,0.0
202300007834,155 666 683,A01,0,7,0,1,0,0,1,0.0
202300007835,155 666 682,A01,0,0,0,1,5,26,0,0.0
202300007836,155 666 681,A01,1,10,0,1,3,16,1,0.0
202300007837,155 666 679,A01,2,30,14,2,5,17,1,0.0
202300007837,155 666 680,B01,2,7,0,2,6,2,1,0.0
202300007838,155 666 678,A01,2,7,1,0,3,0,1,0.0
202300007839,155 666 676,A01,2,7,1,9,8,0,1,0.0
202300007839,155 666 677,B01,2,1,1,0,1,0,5,0.0
202300007840,155 666 675,A01,2,7,0,1,1,1,1,0.0
202300007841,155 666 673,A01,1,33,1,2,1,18,1,0.0
202300007841,155 666 674,B01,1,7,16,0,2,20,1,0.0
202300007842,155 666 672,A01,1,30,0,1,7,17,0,0.0
202300007843,155 666 671,A01,2,7,0,1,1,1,0,0.0
202300007844,155 666 670,A01,1,7,0,1,3,15,1,0.0
202300007845,155 666 669,A01,1,50,0,0,1,1,3,0.0
202300007846,155 666 667,A01,2,7,0,2,3,15,1,0.0
202300007846,155 666 668,B01,2,33,0,2,1,1,1,0.0
202300007847,155 666 663,B01,2,7,0,2,3,15,1,0.0
202300007847,155 666 664,A01,2,33,0,2,2,17,1,0.0
202300007848,155 666 662,A01,1,7,0,1,3,1,1,0.0
202300007849,155 666 661,A01,3,34,12,0,7,1,1,0.0
202300007850,155 666 659,B01,1,7,0,2,3,1,1,0.0
202300007850,155 666 660,A01,2,7,0,2,3,1,1,0.0
202300007851,155 666 657,A01,1,7,0,2,1,5,1,0.0
202300007851,155 666 658,B01,2,7,0,2,3,1,1,0.0
202300007852,155 666 656,A01,2,7,0,1,0,10,1,0.0
202300007853,155 666 655,A01,2,7,2,0,9,17,1,0.0
202300007854,155 666 654,A01,0,10,15,0,1,0,0,0.0
202300007855,155 666 652,A01,0,31,0,2,1,2,1,0.0
202300007855,155 666 653,B01,0,7,0,0,4,2,1,0.0
202300007856,155 666 650,A01,1,7,0,2,1,13,0,0.0
202300007856,155 666 651,B01,2,7,0,2,1,1,0,0.0
202300007857,155 666 648,B01,2,7,0,2,1,1,1,0.0
202300007857,155 666 649,A01,1,31,0,2,1,5,1,0.0
202300007858,155 666 646,A01,1,7,0,2,7,15,1,0.0
202300007858,155 666 647,B01,2,43,0,2,2,1,1,0.0
202300007859,155 666 645,A01,3,10,0,1,1,1,1,0.0
202300007860,155 666 644,A01,1,2,12,0,0,1,1,0.0
202300007861,155 666 643,A01,1,7,13,0,0,1,1,0.0
202300007862,155 666 641,A01,1,7,0,2,3,13,1,0.0
202300007862,155 666 642,B01,2,7,0,2,3,1,1,0.0
202300007863,155 666 639,A01,1,7,0,2,3,13,1,0.0
202300007863,155 666 640,B01,2,7,0,2,3,1,1,0.0
202300007864,155 666 637,A01,1,7,0,2,1,9,1,0.0
202300007864,155 666 638,B01,1,50,0,2,7,0,3,0.0
202300007865,155 666 635,A01,2,7,0,2,1,0,0,0.0
202300007865,155 666 636,B01,1,7,0,2,1,1,0,0.0
202300007866,155 666 634,A01,1,7,0,0,1,1,1,0.0
202300007867,155 666 633,A01,2,2,0,0,0,0,0,0.0
202300007868,155 666 632,A01,2,7,0,0,0,1,1,0.0
202300007869,155 666 630,B01,2,7,0,2,1,1,1,0.0
202300007869,155 666 631,A01,1,7,0,2,1,13,1,0.0
202300007870,155 666 629,A01,2,7,0,1,3,1,1,0.0
202300007871,155 666 628,A01,3,7,0,1,4,4,1,0.0
202300007872,155 666 626,A01,1,7,0,2,7,14,1,0.0
202300007872,155 666 627,B01,1,7,0,2,3,16,1,0.0
202300007873,155 666 624,B01,1,7,0,2,0,17,0,0.0
202300007873,155 666 625,A01,1,1,0,0,6,2,5,0.0
202300007874,155 666 623,A01,2,32,3,0,2,1,1,0.0
202300007875,155 666 621,B01,2,17,1,0,6,24,1,0.0
202300007875,155 666 622,A01,2,7,1,0,2,14,1,0.0
202300007876,155 666 620,A01,2,33,13,0,7,1,1,0.0
202300007877,155 666 619,A01,0,7,0,1,2,2,1,0.0
202300007878,155 666 617,B01,2,7,0,2,3,1,1,0.0
202300007878,155 666 618,A01,1,7,0,2,2,17,1,0.0
202300007879,155 666 615,A01,2,7,0,0,5,2,1,0.0
202300007879,155 666 616,B01,2,33,0,2,1,2,1,0.0
202300007880,155 666 614,A01,1,7,0,0,0,1,1,0.0
202300007881,155 666 612,B01,2,7,0,2,7,19,1,0.0
202300007881,155 666 613,A01,2,7,0,2,1,1,1,0.0
202300007882,155 666 610,B01,2,7,0,2,2,0,1,0.0
202300007882,155 666 611,A01,2,10,0,2,8,1,1,0.0
202300007883,155 666 608,B01,2,7,0,2,4,1,1,0.0
202300007883,155 666 609,A01,2,10,0,2,1,1,2,0.0
202300007884,155 666 605,B01,1,10,0,2,4,2,1,0.0
202300007884,155 666 606,C01,1,7,0,2,4,2,1,0.0
202300007884,155 666 607,A01,1,7,0,2,1,1,1,0.0
202300007885,155 666 603,A01,2,7,0,2,1,2,1,0.0
202300007885,155 666 604,B01,2,7,0,2,4,2,1,0.0
202300007886,155 666 600,A01,2,7,0,2,1,2,1,0.0
202300007886,155 666 601,B01,2,7,0,2,4,2,1,0.0
202300007886,155 666 602,C01,2,7,0,2,4,2,1,0.0
202300007887,155 666 599,A01,2,7,3,0,1,6,1,0.0
202300007888,155 666 597,A01,2,7,0,2,1,2,1,0.0
202300007888,155 666 598,B01,2,14,0,2,4,13,1,0.0
202300007889,155 666 595,B01,2,7,0,2,2,1,1,0.0
202300007889,155 666 596,A01,2,33,0,2,3,3,1,0.0
202300007890,155 666 593,B01,2,31,0,2,7,1,1,0.0
202300007890,155 666 594,A01,2,7,0,2,8,11,1,0.0
202300007891,155 666 591,B01,1,7,0,2,4,2,1,0.0
202300007891,155 666 592,A01,1,7,0,2,1,1,1,0.0
202300007892,155 666 589,B01,2,7,0,2,3,11,1,0.0
202300007892,155 666 590,A01,2,33,0,2,1,3,1,0.0
202300007893,155 666 586,C01,2,7,0,2,1,1,1,0.0
202300007893,155 666 587,B01,2,33,0,2,8,3,1,0.0
202300007893,155 666 588,A01,2,10,0,2,7,12,1,0.0
202300007894,155 666 585,A01,3,7,0,1,3,15,1,0.0
202300007895,155 666 584,B01,0,7,0,1,3,15,1,0.0
202300007896,155 666 582,B01,1,7,0,2,3,15,1,0.0
202300007896,155 666 583,A01,1,7,0,2,2,1,1,0.0
202300007897,155 666 581,A01,3,7,0,1,4,20,1,0.0
202300007898,155 666 580,A01,0,7,0,1,1,1,0,0.0
202300007899,155 666 578,A01,2,7,16,0,6,26,1,0.0
202300007899,155 666 579,B01,1,14,0,2,3,26,1,0.0
202300007900,155 666 577,A01,1,10,0,0,9,2,1,0.0
202300007901,155 666 576,A01,2,43,0,0,0,0,0,0.0
202300007902,155 666 574,A01,1,7,0,2,3,20,0,0.0
202300007902,155 666 575,B01,1,43,0,2,7,1,1,0.0
202300007903,155 666 572,B01,2,1,0,0,4,15,5,0.0
202300007903,155 666 573,A01,2,15,0,2,2,1,1,0.0
202300007904,155 666 567,B01,2,7,0,2,4,2,1,0.0
202300007904,155 666 568,A01,2,10,0,2,1,2,1,0.0
202300007904,155 666 569,C01,2,7,0,2,4,2,1,0.0
202300007904,155 666 570,D01,2,7,0,2,4,2,1,0.0
202300007904,155 666 571,E01,2,7,0,2,4,2,1,0.0
202300007905,155 666 565,B01,2,10,4,2,5,1,1,0.0
202300007905,155 666 566,A01,2,31,4,2,1,1,1,0.0
202300007906,155 666 563,A01,1,7,0,2,1,2,1,0.0
202300007906,155 666 564,B01,1,7,0,2,4,2,2,0.0
202300007907,155 666 561,B01,1,14,0,2,4,24,1,0.0
202300007907,155 666 562,A01,1,15,1,0,2,21,1,0.0
202300007908,155 666 560,A01,2,7,4,0,1,21,1,0.0
202300007909,155 666 558,A01,2,7,0,2,1,2,1,0.0
202300007909,155 666 559,B01,2,7,0,2,5,23,3,0.0
202300007910,155 666 555,A01,2,7,0,2,5,23,1,0.0
202300007910,155 666 556,B01,2,7,14,2,4,21,1,0.0
202300007910,155 666 557,C01,2,37,0,2,1,1,1,1.0
202300007911,155 666 553,B01,1,7,0,2,3,1,1,0.0
202300007911,155 666 554,A01,1,7,0,2,5,1,1,0.0
202300007912,155 666 551,B01,1,14,0,9,7,15,1,0.0
202300007912,155 666 552,A01,1,1,0,2,1,19,5,0.0
202300007913,155 666 549,Z01,1,7,0,2,1,0,0,0.0
202300007913,155 666 550,A01,1,31,0,2,4,2,1,0.0
202300007914,155 666 548,A01,1,7,4,0,1,14,1,0.0
202300007915,155 666 547,A01,2,7,6,0,1,1,1,0.0
202300007916,155 666 545,A01,1,33,0,2,0,0,1,0.0
202300007916,155 666 546,B01,1,7,0,2,2,16,1,0.0
202300007917,155 666 543,A01,3,7,0,2,3,13,1,0.0
202300007917,155 666 544,B01,3,7,0,2,3,1,1,0.0
202300007918,155 666 541,A01,2,7,0,2,2,1,1,0.0
202300007918,155 666 542,B01,2,7,0,2,6,1,1,0.0
202300007919,155 666 540,A01,1,7,0,1,1,1,2,0.0
202300007920,155 666 538,A01,1,7,0,2,4,2,1,0.0