num_acc,id_vehicule,num_veh,senc,catv,obs,obsm,choc,manv,motor,occutc
202300008174,155 666 088,A01,1,7,0,2,3,1,1,0.0
202300008174,155 666 098,B01,3,50,0,2,7,19,3,0.0
202300008175,155 666 079,A01,1,7,0,2,2,12,1,0.0
202300008175,155 666 081,B01,1,43,0,2,8,3,1,0.0
202300008175,155 666 083,C01,1,10,0,2,5,1,1,0.0
202300008176,155 666 077,A01,1,10,0,1,2,1,1,0.0
202300008177,155 666 076,A01,2,7,0,2,8,23,1,0.0
202300008177,155 666 078,B01,2,7,0,2,7,23,1,0.0
202300008177,155 666 080,C01,2,7,0,2,4,23,1,0.0
202300008177,155 666 084,D01,2,10,0,2,1,2,1,0.0
202300008178,155 666 073,A01,2,32,0,2,1,1,1,0.0
202300008178,155 666 075,B01,3,7,0,2,5,23,2,0.0
202300008179,155 666 070,Z01,3,0,0,2,0,2,0,0.0
202300008179,155 666 072,A01,3,7,12,2,1,2,2,0.0
202300008180,155 666 069,A01,2,33,0,2,1,14,1,0.0
202300008180,155 666 071,B01,2,10,0,2,5,2,1,0.0
202300008181,155 666 068,A01,2,7,0,1,2,17,2,0.0
202300008182,155 666 065,A01,3,7,0,2,1,15,0,0.0
202300008182,155 666 066,B01,3,34,0,2,1,1,0,0.0
202300008183,155 666 061,A01,2,7,0,2,5,12,1,0.0
202300008183,155 666 063,B01,2,33,0,2,3,14,1,0.0
202300008184,155 666 067,B01,1,31,0,2,7,0,1,0.0
202300008184,155 666 074,A01,1,7,0,2,8,17,1,0.0
202300008185,155 666 060,A01,3,32,0,2,1,10,1,0.0
202300008185,155 666 064,B01,3,50,0,2,1,1,3,0.0
202300008186,155 666 058,A01,3,7,1,2,3,5,1,0.0
202300008186,155 666 059,B01,3,7,0,2,3,1,1,0.0
202300008186,155 666 062,C01,0,7,1,2,6,0,1,0.0
202300008187,155 666 055,A01,3,33,0,2,2,17,1,0.0
202300008187,155 666 056,B01,3,7,0,2,3,9,1,0.0
202300008188,155 666 054,A01,2,7,0,2,7,12,0,0.0
202300008188,155 666 057,B01,2,33,0,2,3,3,0,0.0
202300008189,155 666 051,B01,3,7,1,0,3,0,2,0.0
202300008189,155 666 052,A01,3,7,0,0,2,2,1,0.0
202300008190,155 666 050,B01,1,7,0,2,3,0,1,0.0
202300008190,155 666 053,A01,1,7,0,2,1,1,1,0.0
202300008191,155 666 047,A01,1,7,0,2,8,1,1,0.0
202300008191,155 666 049,B01,2,10,0,2,1,1,1,0.0
202300008192,155 666 044,A01,1,7,0,2,5,16,1,0.0
202300008192,155 666 046,B01,1,1,0,2,1,1,5,0.0
202300008193,155 666 045,B01,2,7,0,2,4,23,1,0.0
202300008193,155 666 048,A01,2,7,0,2,1,2,1,0.0
202300008194,155 666 041,A01,0,50,0,1,1,25,3,0.0
202300008195,155 666 042,AA01,1,2,0,2,1,1,1,0.0
202300008195,155 666 043,B01,1,7,0,2,2,15,1,0.0
202300008196,155 666 038,A01,1,33,0,2,8,18,1,0.0
202300008196,155 666 040,B01,1,7,0,2,7,0,1,0.0
202300008197,155 666 035,A01,2,7,0,2,3,9,1,0.0
202300008197,155 666 037,B01,1,33,0,2,1,1,1,0.0
202300008198,155 666 032,B01,3,2,0,2,0,17,1,0.0
202300008198,155 666 036,A01,3,7,0,2,6,15,1,0.0
202300008199,155 666 031,A01,2,7,0,2,6,12,0,0.0
202300008199,155 666 033,B01,2,33,0,2,2,3,0,0.0
202300008199,155 666 034,C01,2,7,0,2,4,23,0,0.0
202300008200,155 666 029,A01,3,7,9,2,1,10,1,0.0
202300008200,155 666 030,B01,3,7,9,2,1,1,1,0.0
202300008201,155 666 024,A01,0,37,0,2,5,16,4,1.0
202300008201,155 666 027,B01,0,33,0,2,8,16,1,0.0
202300008202,155 666 025,A01,1,32,12,0,2,2,1,0.0
202300008203,155 666 028,B01,2,7,0,2,4,0,1,0.0
202300008203,155 666 039,A01,2,7,0,2,1,1,1,0.0
202300008204,155 666 021,A01,2,1,0,1,8,1,5,0.0
202300008205,155 666 018,A01,2,7,0,2,6,22,1,0.0
202300008205,155 666 020,B01,2,37,1,2,5,1,1,1.0
202300008206,155 666 017,E01,1,10,0,2,1,2,1,0.0
202300008206,155 666 019,A01,1,7,0,2,4,1,1,0.0
202300008206,155 666 022,B01,1,7,0,2,4,2,1,0.0
202300008206,155 666 023,C01,1,7,0,2,1,2,1,0.0
202300008206,155 666 026,D01,1,7,0,2,4,2,3,0.0
202300008207,155 666 014,A01,1,30,1,0,1,0,1,0.0
202300008208,155 666 008,B01,1,7,0,2,4,23,1,0.0
202300008208,155 666 011,D01,1,7,1,0,1,1,1,0.0
202300008208,155 666 013,C01,1,7,0,2,4,23,1,0.0
202300008208,155 666 015,A01,1,7,0,2,4,23,1,0.0
202300008209,155 666 009,B01,1,7,4,2,4,12,1,0.0
202300008209,155 666 012,A01,1,31,4,2,1,3,1,0.0
202300008210,155 666 006,B01,2,1,0,2,8,2,5,0.0
202300008210,155 666 010,A01,2,7,0,2,7,16,3,0.0
202300008211,155 666 005,A01,2,7,0,2,4,23,0,0.0
202300008211,155 666 007,B01,2,30,1,0,1,1,0,0.0
202300008212,155 666 003,A01,2,7,3,0,3,14,1,0.0
202300008213,155 666 002,A01,2,7,0,2,3,11,1,0.0
202300008213,155 666 004,B01,2,33,0,2,2,1,1,0.0
202300008214,155 666 001,A01,2,7,4,0,1,1,1,0.0
202300008215,155 666 000,A01,1,7,0,1,3,1,1,0.0
202300008216,155 665 996,A01,2,10,0,2,8,13,1,0.0
202300008216,155 665 999,B01,2,7,0,2,1,0,1,0.0
202300008217,155 665 994,A01,2,7,0,2,1,2,1,0.0
202300008217,155 665 998,B01,2,10,0,2,6,1,1,0.0
202300008218,155 665 995,A01,2,7,9,0,1,1,1,0.0
202300008219,155 665 991,A01,2,33,0,0,0,13,1,0.0
202300008220,155 665 993,B01,1,7,0,2,4,23,1,0.0
202300008220,155 665 997,A01,1,10,1,2,1,2,1,0.0
202300008221,155 665 988,A01,1,7,0,2,1,2,1,0.0
202300008221,155 665 990,B01,1,30,0,2,4,2,1,0.0
202300008222,155 665 987,A01,1,7,0,2,6,1,1,0.0
202300008222,155 665 989,Z01,1,7,0,2,0,0,0,0.0
202300008222,155 665 992,B01,1,7,3,2,4,1,1,0.0
202300008223,155 665 984,A01,1,7,4,2,1,18,1,0.0
202300008223,155 665 986,B01,1,7,0,2,4,1,1,0.0
202300008224,155 665 985,A01,1,7,6,0,1,1,1,0.0
202300008225,155 665 982,A01,2,7,0,1,2,1,1,0.0
202300008226,155 665 983,A01,2,1,0,1,1,17,5,0.0
202300008227,155 665 979,A01,2,7,4,2,1,2,1,0.0
202300008227,155 665 980,B01,2,7,4,2,4,2,1,0.0
202300008227,155 665 981,Z01,2,7,4,2,4,2,1,0.0
202300008228,155 665 973,A01,1,10,0,2,1,2,1,0.0
202300008228,155 665 975,B01,1,7,0,2,4,2,1,0.0
202300008228,155 665 978,C01,1,7,0,2,4,2,1,0.0
202300008229,155 665 974,A01,1,7,0,2,3,2,2,0.0
202300008229,155 665 977,B01,1,31,0,2,5,2,1,0.0
202300008230,155 665 972,B01,1,50,0,2,1,1,3,0.0
202300008230,155 665 976,A01,2,10,0,2,1,15,0,0.0
202300008231,155 665 967,A01,1,7,4,2,4,1,1,0.0
202300008231,155 665 970,B01,1,33,4,2,1,3,1,0.0
202300008232,155 665 965,A01,1,7,0,2,1,26,1,0.0
202300008232,155 665 971,B01,1,7,0,2,4,0,2,0.0
202300008233,155 665 966,A01,2,7,0,2,1,1,1,0.0
202300008233,155 665 969,B01,2,1,0,2,1,1,5,0.0
202300008234,155 665 964,B01,1,33,0,2,1,0,1,0.0
202300008234,155 665 968,A01,1,7,0,2,1,9,1,0.0
202300008235,155 665 959,A01,1,15,0,2,1,2,1,0.0
202300008235,155 665 962,B01,1,7,0,2,4,2,1,0.0
202300008235,155 665 963,C01,1,15,0,2,4,2,1,0.0
202300008236,155 665 961,A01,2,31,11,0,3,1,1,0.0
202300008237,155 665 954,A01,1,7,3,2,7,12,1,0.0
202300008237,155 665 957,B01,1,33,3,2,1,3,1,0.0
202300008238,155 665 958,A01,1,7,0,2,1,12,1,0.0
202300008238,155 665 960,B01,1,7,0,2,4,9,1,0.0
202300008239,155 665 953,B01,2,1,0,2,1,21,5,0.0
202300008239,155 665 956,A01,2,10,0,2,8,10,1,0.0
202300008240,155 665 952,B01,1,7,0,2,8,1,2,0.0
202300008240,155 665 955,A01,2,7,0,2,1,1,2,0.0
202300008241,155 665 949,A01,2,10,0,2,5,12,1,0.0
202300008241,155 665 951,B01,2,43,0,2,8,1,1,0.0
202300008242,155 665 947,B01,2,7,0,2,2,1,1,0.0
202300008242,155 665 950,A01,2,7,0,2,3,1,1,0.0
202300008243,155 665 944,A01,2,7,0,2,1,2,1,0.0
202300008243,155 665 946,B01,2,7,0,2,4,2,1,0.0
202300008243,155 665 948,C01,2,7,0,2,4,2,1,0.0
202300008244,155 665 945,A01,3,7,0,1,1,1,1,0.0
202300008245,155 665 940,A01,1,7,11,0,3,1,1,0.0
202300008246,155 665 941,B01,2,7,0,2,1,1,1,0.0
202300008246,155 665 943,A01,2,33,0,2,7,1,1,0.0
202300008247,155 665 939,B01,3,7,0,2,1,1,1,0.0
202300008247,155 665 942,A01,3,33,14,2,6,16,1,0.0
202300008248,155 665 936,A01,1,7,0,2,2,2,1,0.0
202300008248,155 665 938,B01,1,32,0,2,4,23,1,0.0
202300008249,155 665 937,A01,1,7,0,1,3,1,1,0.0
202300008250,155 665 934,B01,3,37,0,2,2,7,1,3.0
202300008250,155 665 935,A01,3,7,0,2,3,15,1,0.0
202300008251,155 665 933,A01,0,7,1,1,4,4,1,0.0
202300008252,155 665 928,A01,3,7,0,2,5,15,6,0.0
202300008252,155 665 929,B01,3,36,0,2,1,1,6,0.0
202300008253,155 665 930,A01,3,7,0,2,1,2,1,0.0
202300008253,155 665 932,B01,3,7,0,2,4,23,1,0.0
202300008254,155 665 927,B01,3,1,0,2,8,19,5,0.0
202300008254,155 665 931,A01,3,7,0,9,3,1,1,0.0
202300008255,155 665 925,A01,2,7,6,0,1,1,1,0.0
202300008256,155 665 924,B01,1,33,0,2,1,1,1,0.0
202300008256,155 665 926,A01,2,7,0,2,8,1,1,0.0
202300008257,155 665 921,A01,3,7,0,2,1,0,0,0.0
202300008257,155 665 922,B01,3,2,0,2,1,0,0,0.0
202300008258,155 665 919,B01,1,1,0,2,8,1,5,0.0
202300008258,155 665 920,A01,1,7,0,2,2,16,1,0.0
202300008259,155 665 916,B01,2,7,0,2,4,11,1,0.0
202300008259,155 665 918,A01,2,33,0,2,1,3,1,0.0
202300008260,155 665 915,A01,2,50,0,2,8,13,3,0.0
202300008260,155 665 917,B01,2,7,0,2,5,17,1,0.0
202300008261,155 665 911,A01,1,7,0,2,1,2,1,0.0
202300008261,155 665 913,B01,1,7,0,2,4,2,1,0.0
202300008262,155 665 914,A01,2,10,0,2,2,1,1,0.0
202300008262,155 665 923,B01,2,31,0,2,4,0,1,0.0
202300008263,155 665 910,B01,0,7,12,2,7,2,1,0.0
202300008263,155 665 912,A01,0,7,12,2,1,2,1,0.0
202300008264,155 665 907,A01,0,33,0,2,0,1,0,0.0
202300008264,155 665 908,B01,3,10,0,2,0,12,0,0.0
202300008265,155 665 905,B01,1,7,0,2,1,1,1,0.0
202300008265,155 665 909,A01,3,7,0,2,1,1,1,0.0
202300008266,155 665 906,A01,0,7,0,1,1,1,1,0.0
202300008267,155 665 903,A01,3,7,0,2,8,10,0,0.0
202300008267,155 665 904,B01,0,32,0,2,1,1,0,0.0
202300008268,155 665 902,A01,2,33,0,1,2,17,1,0.0
202300008269,155 665 901,A01,1,43,0,1,1,21,1,0.0
202300008270,155 665 899,A01,2,7,0,1,1,1,2,0.0
202300008271,155 665 897,A01,2,7,0,2,3,15,1,0.0
202300008271,155 665 900,B01,1,50,0,2,1,1,3,0.0
202300008272,155 665 896,A01,3,10,0,1,1,1,1,0.0
202300008273,155 665 893,B01,3,7,0,2,4,2,2,0.0
202300008273,155 665 894,A01,3,31,0,2,1,2,1,0.0
202300008274,155 665 890,A01,3,7,14,2,7,0,1,0.0
202300008274,155 665 891,B01,1,7,0,2,1,26,1,0.0
202300008275,155 665 895,A01,2,7,0,2,1,1,1,0.0
202300008275,155 665 898,B01,2,10,0,2,4,1,1,0.0
202300008276,155 665 889,A01,1,33,0,1,1,17,1,0.0
202300008277,155 665 887,A01,0,7,0,0,1,0,-1,0.0
202300008278,155 665 885,A01,0,7,0,1,1,1,1,0.0
202300008279,155 665 886,Z01,2,7,0,2,2,1,0,0.0
202300008279,155 665 888,B01,2,1,0,2,3,1,5,0.0
202300008280,155 665 883,A01,1,7,0,1,2,1,1,0.0
202300008281,155 665 882,Z01,2,10,0,1,1,0,0,0.0
202300008282,155 665 878,B01,2,10,0,2,6,15,1,0.0
202300008282,155 665 881,A01,2,1,0,2,7,1,5,0.0
202300008283,155 665 876,A01,1,7,0,2,3,15,1,0.0
202300008283,155 665 879,B01,1,50,0,2,1,1,3,0.0
202300008284,155 665 875,A01,1,7,0,2,1,15,1,0.0
202300008284,155 665 880,B01,2,33,0,2,1,1,0,0.0
202300008285,155 665 874,A01,1,33,0,2,0,1,1,0.0
202300008285,155 665 877,B01,2,7,0,0,7,15,1,0.0
202300008286,155 665 873,A01,3,10,0,1,1,1,1,0.0
202300008287,155 665 868,B01,2,33,9,2,6,18,1,0.0
202300008287,155 665 871,A01,2,7,0,2,2,16,1,0.0
202300008288,155 665 867,A01,2,7,0,2,2,12,1,0.0
202300008288,155 665 872,B01,2,34,0,2,3,0,1,0.0
202300008289,155 665 866,B01,2,7,0,2,1,1,1,0.0
202300008289,155 665 869,A01,1,7,4,2,1,5,1,0.0
202300008290,155 665 865,A01,1,7,0,2,1,17,1,0.0
202300008290,155 665 870,B01,1,1,0,2,4,1,5,0.0
202300008291,155 665 864,A01,1,7,7,0,1,6,1,0.0
202300008292,155 665 859,A01,1,30,0,1,1,1,1,0.0
202300008293,155 665 857,B01,1,50,0,2,1,5,3,0.0
202300008293,155 665 862,A01,1,7,0,2,1,26,1,0.0
202300008294,155 665 858,B01,2,33,0,2,2,17,1,0.0
202300008294,155 665 863,A01,2,7,0,2,8,15,1,0.0
202300008295,155 665 856,A01,2,7,0,2,2,19,1,0.0
202300008295,155 665 861,B01,2,1,0,2,1,1,5,0.0
202300008296,155 665 853,C01,1,7,0,2,4,2,1,0.0
202300008296,155 665 855,B01,1,7,0,2,4,2,1,0.0
202300008296,155 665 860,A01,1,7,0,2,1,2,1,0.0
202300008297,155 665 854,A01,3,7,0,1,2,15,1,0.0
202300008298,155 665 849,A01,3,7,0,2,1,1,1,0.0
202300008298,155 665 852,B01,3,1,0,2,8,19,5,0.0
202300008299,155 665 847,A01,2,7,0,0,0,10,1,0.0
202300008299,155 665 851,B01,1,31,0,0,0,1,1,0.0
202300008300,155 665 848,A01,2,2,0,2,1,1,1,0.0
202300008300,155 665 850,B01,2,7,0,2,3,9,1,0.0
202300008301,155 665 844,A01,1,7,0,2,1,1,0,0.0
202300008301,155 665 846,B01,1,7,0,2,4,1,0,0.0
202300008302,155 665 842,B01,2,7,0,0,9,1,0,0.0
202300008302,155 665 845,A01,1,7,13,2,2,1,1,0.0
202300008303,155 665 841,A01,0,7,0,2,3,9,1,0.0
202300008303,155 665 843,B01,0,2,0,2,1,1,1,0.0
202300008304,155 665 839,A01,1,7,13,0,2,1,1,0.0
202300008305,155 665 836,B01,2,1,0,2,0,15,5,0.0
202300008305,155 665 840,A01,2,33,0,2,1,17,1,0.0
202300008306,155 665 833,B01,2,2,0,2,4,2,1,0.0
202300008306,155 665 837,A01,2,7,0,2,1,2,1,0.0
202300008307,155 665 834,A01,2,33,0,2,3,1,1,0.0
202300008307,155 665 838,B01,1,7,0,2,3,15,1,0.0
202300008308,155 665 832,A01,1,7,1,0,3,15,1,0.0
202300008308,155 665 835,B01,2,1,0,2,1,1,5,0.0
202300008309,155 665 828,A01,1,30,16,0,0,1,1,0.0
202300008310,155 665 830,B01,2,2,0,2,2,1,1,0.0
202300008310,155 665 831,A01,2,7,0,2,2,9,1,0.0
202300008311,155 665 825,Z01,3,7,0,1,1,19,1,0.0
202300008312,155 665 827,B01,1,7,0,2,7,16,1,0.0
202300008312,155 665 829,A01,1,33,0,2,8,18,1,0.0
202300008313,155 665 824,A01,2,7,0,2,3,15,0,0.0
202300008313,155 665 826,B01,1,32,0,2,1,1,0,0.0
202300008314,155 665 822,A01,0,33,0,2,1,0,1,0.0
202300008314,155 665 823,B01,0,1,0,2,0,0,5,0.0
202300008315,155 665 818,B01,2,15,0,2,2,1,1,0.0
202300008315,155 665 821,A01,1,7,0,2,1,13,1,0.0
202300008316,155 665 819,A01,1,7,14,2,8,1,1,0.0
202300008316,155 665 820,B01,2,13,0,2,5,4,1,0.0
202300008317,155 665 816,A01,2,10,0,1,2,1,0,0.0
202300008318,155 665 814,B01,1,2,0,0,0,21,1,0.0
202300008318,155 665 817,A01,1,43,0,0,0,21,1,0.0
202300008319,155 665 811,A01,3,7,0,2,1,1,1,0.0
202300008319,155 665 813,B01,3,7,0,2,4,1,1,0.0
202300008320,155 665 808,A01,1,7,2,0,1,14,1,0.0
202300008321,155 665 809,A01,1,1,12,0,3,6,5,0.0
202300008322,155 665 805,Z01,3,7,0,1,2,16,1,0.0
202300008323,155 665 806,A01,3,7,0,2,2,19,1,0.0
202300008323,155 665 807,B01,3,1,0,2,8,1,5,0.0
202300008324,155 665 802,B01,2,14,0,2,2,1,1,0.0
202300008324,155 665 804,A01,2,10,0,2,8,9,1,0.0
202300008325,155 665 803,A01,1,7,0,0,2,1,2,0.0
202300008326,155 665 797,A01,3,7,0,2,3,1,1,0.0
202300008326,155 665 800,B01,3,7,0,2,6,13,1,0.0
202300008327,155 665 799,A01,1,80,0,2,6,11,3,0.0
202300008327,155 665 801,B01,1,80,0,2,2,1,3,0.0
202300008328,155 665 796,A01,1,33,0,2,1,1,1,0.0
202300008328,155 665 798,B01,2,7,0,2,1,15,1,0.0
202300008329,155 665 793,A01,2,7,16,0,1,13,1,0.0
202300008330,155 665 791,A01,2,50,1,0,1,13,3,0.0
202300008331,155 665 792,A01,3,7,0,1,6,4,1,0.0
202300008332,155 665 794,A01,1,7,0,1,3,1,1,0.0
202300008333,155 665 788,A01,1,7,0,2,1,1,1,0.0
202300008333,155 665 795,B01,1,17,0,0,4,1,1,0.0
202300008334,155 665 789,A01,3,1,0,2,1,1,5,0.0
202300008334,155 665 790,B01,3,7,0,2,1,15,1,0.0
202300008335,155 665 786,A01,1,7,0,0,9,14,1,0.0
202300008336,155 665 787,A01,1,7,1,0,1,0,1,0.0
202300008337,155 665 784,A01,2,33,0,6,1,2,1,0.0
202300008338,155 665 782,B01,1,7,0,2,1,1,1,0.0
202300008338,155 665 785,A01,2,50,0,2,8,15,3,0.0
202300008339,155 665 781,A01,1,7,0,2,1,13,1,0.0
202300008339,155 665 783,B01,2,7,0,2,1,21,1,0.0
202300008340,155 665 779,A01,2,7,9,0,1,1,1,0.0
202300008341,155 665 780,A01,3,33,1,0,1,1,1,0.0
202300008342,155 665 777,A01,1,7,13,0,1,21,1,0.0
202300008343,155 665 774,A01,2,34,12,0,0,1,1,0.0
202300008344,155 665 775,A01,2,7,0,2,1,13,1,0.0
202300008344,155 665 778,B01,1,15,0,2,1,1,1,0.0
202300008345,155 665 773,A01,2,7,0,2,3,13,1,0.0
202300008345,155 665 776,B01,1,7,5,2,6,1,1,0.0
202300008346,155 665 768,A01,1,33,13,0,1,0,1,0.0
202300008347,155 665 770,A01,2,80,0,2,7,1,3,0.0
202300008347,155 665 772,B01,2,7,0,2,1,9,2,0.0
202300008348,155 665 767,A01,1,7,0,2,1,15,1,0.0
202300008348,155 665 771,B01,2,32,0,2,1,1,1,0.0
202300008349,155 665 766,A01,2,7,0,9,5,16,6,0.0
202300008349,155 665 769,B01,2,80,0,2,3,1,3,0.0
202300008350,155 665 765,A01,1,7,2,0,1,13,1,0.0
202300008351,155 665 759,B01,2,50,0,2,2,1,3,0.0
202300008351,155 665 764,A01,1,7,0,9,3,1,1,0.0
202300008352,155 665 760,A01,0,7,0,1,1,21,0,0.0
202300008353,155 665 758,A01,2,33,0,2,1,2,1,0.0
202300008353,155 665 763,B01,2,7,0,2,8,15,1,0.0
202300008354,155 665 757,B01,3,32,0,2,1,1,1,0.0
202300008354,155 665 762,A01,3,7,0,2,1,17,1,0.0
202300008355,155 665 755,A01,3,7,16,0,9,0,1,0.0
202300008356,155 665 756,A01,2,10,0,2,2,1,1,0.0
202300008356,155 665 761,B01,2,1,0,2,6,1,5,0.0
202300008357,155 665 749,A01,1,2,0,0,8,1,1,0.0
202300008358,155 665 750,A01,2,7,1,0,3,26,1,0.0
202300008359,155 665 748,A01,3,7,0,2,3,15,1,0.0
202300008359,155 665 752,B01,3,7,0,2,1,1,1,0.0
202300008360,155 665 746,A01,2,7,0,2,1,17,1,0.0
202300008360,155 665 751,B01,1,34,0,2,9,1,1,0.0
202300008360,155 665 754,C01,2,10,0,2,8,1,1,0.0
202300008361,155 665 747,A01,2,7,0,2,3,2,0,0.0
202300008361,155 665 753,B01,1,7,0,2,2,15,0,0.0
202300008362,155 665 745,A01,2,7,13,0,3,13,1,0.0
202300008363,155 665 741,A01,1,7,0,2,7,15,1,0.0
202300008363,155 665 744,B01,1,33,0,2,1,1,1,0.0
202300008364,155 665 740,B01,1,33,0,2,8,1,5,0.0
202300008364,155 665 743,A01,2,7,0,2,1,15,2,0.0
202300008365,155 665 739,A01,3,10,0,1,2,4,1,0.0
202300008366,155 665 738,B01,2,7,0,2,1,2,1,0.0
202300008366,155 665 742,A01,2,7,0,2,4,2,1,0.0
202300008367,155 665 735,B01,2,31,0,2,1,1,1,0.0
202300008367,155 665 736,A01,1,7,0,2,2,15,1,0.0
202300008368,155 665 737,A01,1,7,8,0,2,14,1,0.0
202300008369,155 665 734,A01,3,7,1,0,4,20,1,0.0
202300008370,155 665 730,A01,1,7,0,2,1,15,1,0.0
202300008370,155 665 733,B01,2,31,0,2,1,1,1,0.0
202300008371,155 665 728,A01,2,50,0,2,0,0,3,0.0
202300008371,155 665 732,B01,2,7,0,2,3,1,1,0.0
202300008372,155 665 727,B01,1,33,0,2,2,0,1,0.0
202300008372,155 665 731,A01,1,10,0,2,6,11,1,0.0
202300008373,155 665 725,A01,3,80,0,0,0,1,3,0.0
202300008374,155 665 726,A01,1,7,0,1,2,1,1,0.0
202300008375,155 665 724,A01,2,7,0,2,1,13,1,0.0
202300008375,155 665 729,B01,1,14,0,2,1,1,1,0.0
202300008376,155 665 719,A01,2,7,0,2,3,17,1,0.0
202300008376,155 665 722,B01,1,7,0,2,3,1,1,0.0
202300008377,155 665 723,A01,2,33,3,0,0,1,1,0.0
202300008378,155 665 716,B01,1,7,0,2,8,1,2,0.0
202300008378,155 665 720,A01,1,7,0,2,1,1,2,0.0
202300008379,155 665 718,A01,0,7,0,2,2,15,0,0.0
202300008379,155 665 721,B01,0,32,0,2,1,13,0,0.0
202300008380,155 665 713,A01,2,10,0,2,1,2,0,0.0
202300008380,155 665 715,B01,2,10,0,2,4,2,0,0.0
202300008381,155 665 711,B01,2,33,0,2,1,1,1,0.0
202300008381,155 665 714,A01,1,7,0,2,7,10,1,0.0
202300008382,155 665 707,A01,0,7,0,1,1,19,1,0.0
202300008383,155 665 710,A01,1,7,6,0,1,13,1,0.0
202300008384,155 665 709,B01,1,7,11,2,3,1,1,0.0
202300008384,155 665 712,A01,1,7,0,2,2,16,1,0.0
202300008385,155 665 704,B01,0,1,0,0,1,0,5,0.0
202300008385,155 665 705,A01,0,7,0,9,2,16,1,0.0
202300008386,155 665 706,B01,1,7,0,2,1,0,3,0.0
202300008386,155 665 708,A01,1,32,0,0,0,0,0,0.0
202300008387,155 665 702,A01,2,7,0,1,1,26,6,0.0
202300008388,155 665 701,A01,1,3,2,0,0,0,1,0.0
202300008389,155 665 700,A01,2,7,0,2,3,6,1,0.0
202300008389,155 665 703,B01,2,7,0,2,1,26,0,0.0
202300008390,155 665 695,A01,1,10,1,2,2,14,1,0.0
202300008390,155 665 699,B01,0,1,0,2,0,0,5,0.0
202300008391,155 665 694,A01,2,7,0,2,1,13,1,0.0
202300008391,155 665 698,B01,1,7,0,2,1,1,1,0.0
202300008392,155 665 689,B01,1,1,0,2,0,1,5,0.0
202300008392,155 665 692,A01,2,7,8,2,0,17,1,0.0
202300008393,155 665 690,C01,1,15,0,2,7,14,1,0.0
202300008393,155 665 693,B01,1,7,0,2,8,1,1,0.0
202300008394,155 665 691,B01,1,7,0,2,1,1,1,0.0
202300008394,155 665 696,A01,3,7,0,2,3,9,1,0.0
202300008395,155 665 684,A01,2,7,0,2,4,2,1,0.0
202300008395,155 665 686,B01,2,1,0,2,3,2,5,0.0
202300008396,155 665 683,A01,2,7,0,2,3,1,1,0.0
202300008396,155 665 687,B01,1,7,0,2,3,1,3,0.0
202300008397,155 665 681,A01,2,7,0,2,3,15,1,0.0
202300008397,155 665 688,B01,2,33,0,2,2,17,1,0.0
202300008398,155 665 678,A01,3,33,0,0,8,15,1,0.0
202300008399,155 665 679,A01,2,7,1,2,2,15,1,0.0
202300008399,155 665 682,B01,1,7,1,2,1,1,3,0.0
202300008400,155 665 676,A01,1,7,0,0,0,13,1,0.0
202300008401,155 665 674,C01,2,10,0,2,7,1,1,0.0
202300008401,155 665 677,B01,2,7,0,2,6,1,1,0.0
202300008401,155 665 680,A01,2,10,0,2,2,11,1,0.0
202300008401,155 665 685,D01,2,10,0,2,2,1,1,0.0
202300008402,155 665 671,A01,3,50,0,2,1,26,3,0.0
202300008402,155 665 673,B01,3,3,0,2,1,26,3,0.0
202300008403,155 665 672,A01,0,7,0,0,2,15,1,0.0
202300008403,155 665 675,B01,0,50,0,2,2,0,3,0.0
202300008404,155 665 668,A01,1,7,13,0,2,14,1,0.0
202300008405,155 665 666,A01,1,7,1,0,2,0,1,0.0
202300008406,155 665 664,B01,1,2,0,2,1,1,1,0.0
202300008406,155 665 669,A01,1,7,0,2,2,9,1,0.0
202300008407,155 665 663,A01,1,32,0,2,1,2,1,0.0
202300008407,155 665 667,B01,1,7,0,2,4,2,1,0.0
202300008408,155 665 665,A01,1,7,1,0,3,2,1,0.0
202300008408,155 665 670,B01,1,10,0,0,5,23,1,0.0
202300008409,155 665 660,A01,1,7,0,1,1,1,1,0.0
202300008410,155 665 657,A01,1,7,0,2,3,19,1,0.0
202300008410,155 665 662,B01,1,33,0,2,1,19,1,0.0
202300008411,155 665 655,A01,1,10,0,2,1,1,1,0.0
202300008411,155 665 658,B01,1,7,0,2,4,1,2,0.0
202300008412,155 665 654,A01,2,7,0,2,7,15,1,0.0
202300008412,155 665 659,B01,1,2,0,2,1,1,1,0.0
202300008413,155 665 652,A01,1,33,0,1,3,19,1,0.0
202300008414,155 665 650,A01,2,7,2,6,6,14,1,0.0
202300008415,155 665 649,B01,1,7,0,2,1,1,2,0.0
202300008415,155 665 653,A01,1,7,0,2,2,1,1,0.0
202300008416,155 665 646,A01,1,7,0,1,1,1,1,0.0
202300008417,155 665 643,B01,1,37,0,2,0,1,1,1.0
202300008417,155 665 647,A01,2,50,0,2,1,9,3,0.0
202300008418,155 665 641,A01,3,15,9,0,2,1,1,0.0
202300008418,155 665 642,B01,3,32,0,2,0,1,1,0.0
202300008419,155 665 640,A01,2,7,0,2,1,13,1,0.0
202300008419,155 665 644,B01,1,15,0,2,1,1,1,0.0
202300008420,155 665 637,A01,3,7,4,0,1,2,1,0.0
202300008421,155 665 638,D01,2,10,0,2,6,1,1,0.0