num_acc,id_vehicule,num_veh,senc,catv,obs,obsm,choc,manv,motor,occutc
202300009438,155 663 849,Z01,1,7,0,2,5,17,0,0.0
202300009439,155 663 846,B01,0,2,0,2,7,1,1,0.0
202300009439,155 663 847,A01,2,14,0,2,3,9,0,0.0
202300009440,155 663 845,A01,1,10,0,1,1,2,1,0.0
202300009441,155 663 843,A01,2,3,0,2,7,16,1,0.0
202300009441,155 663 844,B01,1,37,0,2,1,1,1,1.0
202300009442,155 663 841,A01,3,7,0,2,1,1,0,0.0
202300009442,155 663 842,B01,3,7,0,2,8,19,0,0.0
202300009443,155 663 840,A01,3,2,0,0,6,1,1,0.0
202300009444,155 663 838,A01,1,7,0,2,2,15,1,0.0
202300009444,155 663 839,B01,2,30,0,2,1,1,1,0.0
202300009445,155 663 837,A01,1,7,0,1,2,1,1,0.0
202300009446,155 663 835,A01,1,31,0,2,8,3,1,0.0
202300009446,155 663 836,Z01,0,7,0,2,7,12,0,0.0
202300009447,155 663 833,B01,3,7,0,2,1,1,1,0.0
202300009447,155 663 834,A01,3,10,0,2,1,15,1,0.0
202300009448,155 663 831,B01,2,33,0,2,1,1,1,0.0
202300009448,155 663 832,A01,1,7,0,2,2,13,1,0.0
202300009449,155 663 830,A01,3,7,0,0,0,1,6,0.0
202300009450,155 663 828,B01,2,7,0,2,1,1,1,0.0
202300009450,155 663 829,A01,1,7,0,2,1,13,1,0.0
202300009451,155 663 827,A01,2,33,6,0,0,1,1,0.0
202300009452,155 663 826,A01,2,7,6,0,1,1,0,0.0
202300009453,155 663 824,A01,1,2,1,0,1,14,1,0.0
202300009453,155 663 825,B01,1,7,0,2,2,24,1,0.0
202300009454,155 663 822,A01,1,1,0,0,6,1,5,0.0
202300009454,155 663 823,B01,3,3,0,0,3,19,1,0.0
202300009455,155 663 821,A01,0,32,0,0,0,0,1,0.0
202300009456,155 663 820,A01,2,7,17,0,2,1,1,0.0
202300009457,155 663 819,A01,1,10,8,0,1,14,1,0.0
202300009458,155 663 816,B01,2,7,0,1,3,23,1,0.0
202300009458,155 663 817,C01,1,7,0,1,6,23,1,0.0
202300009458,155 663 818,A01,2,7,1,2,2,1,1,0.0
202300009459,155 663 814,B01,1,7,0,2,3,1,1,0.0
202300009459,155 663 815,A01,2,7,0,2,3,1,1,0.0
202300009460,155 663 812,A01,2,7,3,2,3,13,1,0.0
202300009460,155 663 813,B01,1,7,10,2,3,1,1,0.0
202300009461,155 663 811,A01,1,7,3,0,1,1,1,0.0
202300009462,155 663 808,A01,2,7,0,2,2,21,1,0.0
202300009462,155 663 809,B01,2,7,0,2,6,2,1,0.0
202300009462,155 663 810,C01,2,7,0,0,4,2,1,0.0
202300009463,155 663 806,A01,2,10,0,2,1,1,1,0.0
202300009463,155 663 807,B01,1,2,0,2,7,15,1,0.0
202300009464,155 663 805,A01,2,7,0,0,9,1,1,0.0
202300009465,155 663 803,A01,2,15,0,2,7,15,1,0.0
202300009465,155 663 804,B01,1,2,0,2,1,1,1,0.0
202300009466,155 663 802,A01,2,33,9,0,1,6,1,0.0
202300009467,155 663 800,A01,1,31,0,2,1,13,1,0.0
202300009467,155 663 801,B01,2,33,0,2,1,1,1,0.0
202300009468,155 663 799,A01,2,33,0,9,0,1,1,0.0
202300009469,155 663 797,A01,3,7,0,2,9,15,1,0.0
202300009469,155 663 798,B01,3,7,0,2,1,1,1,0.0
202300009470,155 663 795,B01,1,15,0,2,1,1,1,0.0
202300009470,155 663 796,A01,0,33,0,2,8,9,1,0.0
202300009471,155 663 793,A01,1,7,0,2,3,15,1,0.0
202300009471,155 663 794,B01,2,33,0,0,6,15,1,0.0
202300009472,155 663 792,A01,1,7,7,0,1,2,1,0.0
202300009473,155 663 790,A01,1,33,6,2,1,21,1,0.0
202300009473,155 663 791,B01,1,7,0,0,5,23,1,0.0
202300009474,155 663 787,C01,1,7,0,2,8,1,1,0.0
202300009474,155 663 788,B01,1,7,0,2,3,1,1,0.0
202300009474,155 663 789,A01,2,7,0,2,3,13,1,0.0
202300009475,155 663 785,B01,3,7,0,2,8,1,0,0.0
202300009475,155 663 786,A01,1,1,0,0,8,1,5,0.0
202300009476,155 663 784,A01,2,7,13,0,1,1,1,0.0
202300009477,155 663 782,A01,1,7,0,2,1,15,1,0.0
202300009477,155 663 783,B01,1,7,0,2,8,1,2,0.0
202300009478,155 663 780,A01,3,7,0,2,1,13,1,0.0
202300009478,155 663 781,B01,3,7,0,2,1,1,1,0.0
202300009479,155 663 776,A01,2,7,0,2,4,1,1,0.0
202300009479,155 663 777,B01,2,7,1,0,4,1,1,0.0
202300009479,155 663 778,C01,2,7,0,2,4,1,1,0.0
202300009479,155 663 779,D01,2,7,0,2,1,1,1,0.0
202300009480,155 663 775,B01,2,7,0,1,2,26,1,0.0
202300009481,155 663 774,A01,0,7,0,0,0,0,1,0.0
202300009482,155 663 773,A01,2,7,16,0,1,14,1,0.0
202300009483,155 663 771,B01,1,7,0,2,4,1,1,0.0
202300009483,155 663 772,A01,1,7,0,2,1,1,1,0.0
202300009484,155 663 769,A01,1,7,0,2,7,17,1,0.0
202300009484,155 663 770,B01,1,7,0,2,2,2,1,0.0
202300009485,155 663 767,A01,1,7,0,2,6,2,1,0.0
202300009485,155 663 768,B01,2,33,0,2,5,2,1,0.0
202300009486,155 663 765,A01,2,7,0,2,7,12,1,0.0
202300009486,155 663 766,B01,2,31,0,2,1,1,1,0.0
202300009487,155 663 761,A01,2,7,0,2,1,2,1,0.0
202300009487,155 663 762,B01,2,7,0,2,4,2,1,0.0
202300009487,155 663 763,C01,2,7,0,2,4,2,1,0.0
202300009487,155 663 764,D01,2,7,0,2,4,2,1,0.0
202300009488,155 663 759,A01,1,10,4,0,3,12,1,0.0
202300009488,155 663 760,B01,1,7,1,0,8,21,1,0.0
202300009489,155 663 758,A01,2,7,4,0,1,21,1,0.0
202300009490,155 663 757,A01,0,1,1,0,1,14,5,0.0
202300009491,155 663 756,A01,2,99,0,1,6,0,0,0.0
202300009492,155 663 754,A01,3,32,0,2,1,1,1,0.0
202300009492,155 663 755,B01,3,7,0,2,3,11,1,0.0
202300009493,155 663 752,A01,3,7,0,9,2,1,1,0.0
202300009493,155 663 753,B01,0,80,0,2,8,15,3,0.0
202300009494,155 663 749,B01,2,7,0,2,4,23,1,0.0
202300009494,155 663 750,A01,2,10,0,2,1,1,1,0.0
202300009494,155 663 751,C01,2,7,0,2,4,23,1,0.0
202300009495,155 663 748,A01,1,7,0,1,1,0,1,0.0
202300009496,155 663 746,A01,2,7,0,2,4,1,1,0.0
202300009496,155 663 747,B01,2,7,0,2,4,2,1,0.0
202300009497,155 663 744,A01,2,7,0,2,1,1,1,0.0
202300009497,155 663 745,B01,2,7,0,2,4,15,1,0.0
202300009498,155 663 742,B01,3,2,0,2,1,1,1,0.0
202300009498,155 663 743,A01,1,7,0,2,3,1,1,0.0
202300009499,155 663 740,A01,1,7,0,2,1,1,1,0.0
202300009499,155 663 741,B01,1,10,0,2,4,23,1,0.0
202300009500,155 663 738,A01,2,7,3,2,6,2,1,0.0
202300009500,155 663 739,B01,2,7,3,0,0,0,1,0.0
202300009501,155 663 736,A01,1,1,0,2,1,21,5,0.0
202300009501,155 663 737,B01,2,2,0,2,1,1,1,0.0
202300009502,155 663 732,B01,1,7,0,2,2,19,1,0.0
202300009502,155 663 733,A01,2,10,0,2,5,19,1,0.0
202300009503,155 663 730,B01,1,32,0,2,1,13,1,0.0
202300009503,155 663 731,A01,1,7,0,2,1,1,1,0.0
202300009504,155 663 727,A01,1,7,0,0,1,14,1,0.0
202300009505,155 663 725,B01,1,34,0,2,1,1,1,0.0
202300009505,155 663 726,A01,3,7,0,2,3,15,1,0.0
202300009506,155 663 723,A01,1,7,0,2,1,15,1,0.0
202300009506,155 663 724,B01,2,30,0,2,1,1,1,0.0
202300009507,155 663 721,B01,1,7,0,2,5,1,1,0.0
202300009507,155 663 722,A01,2,7,0,2,3,1,1,0.0
202300009508,155 663 719,B01,1,7,0,2,4,2,1,0.0
202300009508,155 663 720,A01,1,7,0,2,1,0,1,0.0
202300009509,155 663 713,B01,2,7,0,2,6,23,1,0.0
202300009509,155 663 714,A01,2,33,1,0,1,1,1,0.0
202300009510,155 663 710,B01,3,7,0,2,1,1,1,0.0
202300009510,155 663 711,A01,3,7,0,2,8,15,1,0.0
202300009510,155 663 712,C01,3,7,0,2,0,23,1,0.0
202300009511,155 663 709,A01,2,7,0,1,1,15,1,0.0
202300009512,155 663 708,A01,3,7,14,0,8,26,1,0.0
202300009513,155 663 707,A01,3,1,0,1,1,1,5,0.0
202300009514,155 663 705,B01,3,7,0,2,8,1,1,0.0
202300009514,155 663 706,A01,3,50,0,2,1,15,3,0.0
202300009515,155 663 703,A01,1,7,0,2,3,1,1,0.0
202300009515,155 663 704,B01,1,7,0,2,6,15,1,0.0
202300009516,155 663 702,A01,1,7,0,1,1,1,1,0.0
202300009517,155 663 701,B01,0,7,0,1,8,1,1,0.0
202300009518,155 663 699,B01,2,7,0,2,3,1,1,0.0
202300009518,155 663 700,A01,2,10,0,2,3,15,1,0.0
202300009519,155 663 697,B01,1,7,0,2,7,15,1,0.0
202300009519,155 663 698,A01,2,7,0,2,1,15,1,0.0
202300009520,155 663 696,A01,1,7,0,1,2,1,1,0.0
202300009521,155 663 694,B01,0,1,0,2,7,1,5,0.0
202300009521,155 663 695,A01,2,7,0,2,1,9,6,0.0
202300009522,155 663 692,B01,1,80,0,2,0,0,3,0.0
202300009522,155 663 693,A01,1,7,0,2,7,15,1,0.0
202300009523,155 663 690,A01,2,7,0,2,2,15,1,0.0
202300009523,155 663 691,B01,1,1,0,2,1,1,5,0.0
202300009524,155 663 688,A01,3,7,0,2,1,0,1,0.0
202300009524,155 663 689,B01,0,7,0,2,6,0,1,0.0
202300009525,155 663 687,A01,1,7,0,1,1,1,1,0.0
202300009526,155 663 685,A01,1,50,0,2,0,0,3,0.0
202300009526,155 663 686,B01,1,7,0,2,2,14,1,0.0
202300009527,155 663 683,B01,2,7,0,2,0,0,1,0.0
202300009527,155 663 684,A01,1,7,0,2,0,0,1,0.0
202300009528,155 663 681,A01,1,7,0,2,2,15,1,0.0
202300009528,155 663 682,B01,2,1,0,2,1,1,5,0.0
202300009529,155 663 680,A01,1,7,0,1,1,1,1,0.0
202300009530,155 663 678,B01,2,1,0,2,6,19,5,0.0
202300009530,155 663 679,A01,2,10,0,2,1,1,1,0.0
202300009531,155 663 677,A01,3,7,1,0,1,1,1,0.0
202300009532,155 663 676,A01,1,7,0,1,1,1,1,0.0
202300009533,155 663 674,B01,3,1,0,2,2,15,5,0.0
202300009533,155 663 675,A01,1,7,0,2,3,9,3,0.0
202300009534,155 663 673,A01,2,7,6,0,3,13,1,0.0
202300009535,155 663 671,A01,1,7,0,2,1,13,1,0.0
202300009535,155 663 672,B01,2,7,0,2,3,1,1,0.0
202300009536,155 663 669,A01,0,7,0,9,3,1,1,0.0
202300009536,155 663 670,B01,0,50,0,2,1,1,3,0.0
202300009537,155 663 668,A01,1,38,0,1,6,15,1,1.0
202300009538,155 663 667,A01,1,7,0,1,1,1,1,0.0
202300009539,155 663 666,A01,2,7,0,1,3,1,1,0.0
202300009540,155 663 664,B01,0,1,8,2,4,1,5,0.0
202300009540,155 663 665,A01,1,10,0,2,2,1,1,0.0
202300009541,155 663 663,A01,1,7,0,1,2,1,1,0.0
202300009542,155 663 662,A01,1,10,0,1,1,1,1,0.0
202300009543,155 663 659,A01,0,7,0,2,1,1,1,0.0
202300009543,155 663 660,B01,0,7,0,2,4,23,1,0.0
202300009543,155 663 661,C01,0,7,0,2,4,23,1,0.0
202300009544,155 663 658,A01,3,7,0,1,1,15,0,0.0
202300009545,155 663 656,A01,1,7,0,2,1,1,1,0.0
202300009545,155 663 657,B01,3,80,0,2,8,1,3,0.0
202300009546,155 663 655,A01,2,7,14,0,7,9,1,0.0
202300009547,155 663 653,A01,2,7,0,2,1,19,1,0.0
202300009547,155 663 654,B01,1,3,0,2,7,1,1,0.0
202300009548,155 663 652,A01,1,7,1,1,2,1,1,0.0
202300009549,155 663 648,B01,2,7,0,2,4,1,3,0.0
202300009549,155 663 650,A01,2,2,0,2,1,2,1,0.0
202300009550,155 663 649,A01,1,10,0,2,7,16,1,0.0
202300009550,155 663 651,B01,2,1,0,2,1,1,5,0.0
202300009551,155 663 644,C01,1,7,0,2,4,1,3,0.0
202300009551,155 663 645,A01,1,7,3,2,3,1,1,0.0
202300009551,155 663 646,B01,1,7,0,2,5,1,1,0.0
202300009551,155 663 647,D01,1,7,0,2,1,1,1,0.0
202300009552,155 663 642,A01,1,7,0,2,6,10,1,0.0
202300009552,155 663 643,B01,1,31,0,2,1,0,1,0.0
202300009553,155 663 640,A01,1,7,0,2,3,17,1,0.0
202300009553,155 663 641,B01,2,7,0,2,3,1,1,0.0
202300009554,155 663 637,B01,1,31,2,2,7,3,0,0.0
202300009554,155 663 639,A01,1,7,2,2,8,2,1,0.0
202300009555,155 663 636,A01,0,7,0,2,2,14,1,0.0
202300009555,155 663 638,B01,3,50,0,2,4,1,3,0.0
202300009556,155 663 633,C01,2,7,0,2,4,0,1,0.0
202300009556,155 663 634,A01,1,7,8,2,1,26,1,0.0
202300009556,155 663 635,B01,1,7,0,2,6,9,1,0.0
202300009557,155 663 631,A01,3,50,0,2,0,0,3,0.0
202300009557,155 663 632,B01,3,7,0,2,0,0,1,0.0
202300009558,155 663 630,A01,1,30,5,2,0,0,1,0.0
202300009559,155 663 629,A01,1,7,0,1,2,26,1,0.0
202300009560,155 663 627,A01,1,32,12,0,1,1,0,0.0
202300009561,155 663 626,B01,1,7,0,2,7,1,2,0.0
202300009561,155 663 628,A01,1,7,0,2,1,1,1,0.0
202300009562,155 663 625,A01,2,50,0,1,1,1,3,0.0
202300009563,155 663 623,A01,1,7,0,2,6,19,1,0.0
202300009563,155 663 624,B01,2,2,0,2,1,17,1,0.0
202300009564,155 663 619,A01,0,7,0,1,4,20,1,0.0
202300009565,155 663 618,B01,1,7,0,2,0,1,1,0.0
202300009565,155 663 620,A01,1,30,0,2,1,1,1,0.0
202300009565,155 663 621,D01,1,7,0,2,7,1,1,0.0
202300009565,155 663 622,C01,1,10,0,2,4,1,1,0.0
202300009566,155 663 617,A01,1,7,0,1,1,1,1,0.0
202300009567,155 663 615,A01,3,7,0,2,1,2,1,0.0
202300009567,155 663 616,B01,0,34,0,2,4,1,1,0.0
202300009568,155 663 613,B01,2,33,0,2,1,3,1,0.0
202300009568,155 663 614,A01,2,7,0,2,3,15,1,0.0
202300009569,155 663 610,B01,2,34,0,2,1,1,1,0.0
202300009569,155 663 612,A01,1,7,0,2,2,15,1,0.0
202300009570,155 663 609,A01,1,10,0,2,8,9,1,0.0
202300009570,155 663 611,B01,2,30,0,2,1,1,1,0.0
202300009571,155 663 604,C01,1,10,0,2,1,1,1,0.0
202300009571,155 663 606,A01,1,7,0,2,4,2,1,0.0
202300009571,155 663 608,B01,1,7,0,2,4,2,1,0.0
202300009572,155 663 603,C01,1,7,0,2,1,1,1,0.0
202300009572,155 663 605,A01,2,33,0,2,2,16,1,0.0
202300009572,155 663 607,B01,2,7,0,2,1,1,1,0.0
202300009573,155 663 597,B01,3,31,0,2,1,1,1,0.0
202300009573,155 663 600,A01,2,10,0,2,3,1,1,0.0
202300009574,155 663 598,B01,1,7,0,2,7,16,1,0.0
202300009574,155 663 599,A01,1,43,0,2,3,18,1,0.0
202300009575,155 663 595,B01,2,37,0,2,3,1,1,1.0
202300009575,155 663 596,A01,2,7,0,2,7,19,1,0.0
202300009576,155 663 590,A01,2,10,0,2,1,1,1,0.0
202300009576,155 663 593,B01,1,7,0,2,8,1,1,0.0
202300009577,155 663 591,A01,2,30,0,9,1,26,3,0.0
202300009577,155 663 592,B01,2,1,0,2,1,1,5,0.0
202300009578,155 663 587,B01,1,7,0,2,1,1,1,0.0
202300009578,155 663 589,A01,2,7,0,2,6,1,2,0.0
202300009579,155 663 584,A01,2,7,0,2,3,1,1,0.0
202300009579,155 663 586,B01,2,7,0,2,4,23,1,0.0
202300009579,155 663 588,C01,2,7,0,2,4,23,1,0.0
202300009580,155 663 583,B01,1,33,0,2,1,1,1,0.0
202300009580,155 663 585,A01,2,7,0,2,3,15,1,0.0
202300009581,155 663 582,A01,0,7,0,1,1,1,1,0.0
202300009582,155 663 581,A01,3,7,0,1,1,1,1,0.0
202300009583,155 663 579,A01,2,10,0,1,3,26,1,0.0
202300009584,155 663 576,A01,2,7,0,2,7,16,1,0.0
202300009584,155 663 577,B01,2,50,0,2,3,18,3,0.0
202300009585,155 663 575,A01,1,7,0,1,2,1,1,0.0
202300009586,155 663 574,A01,1,7,13,0,9,1,1,0.0
202300009587,155 663 572,B01,0,7,0,2,3,1,1,0.0
202300009587,155 663 573,A01,3,7,0,2,3,1,1,0.0
202300009588,155 663 571,A01,2,7,0,1,3,1,1,0.0
202300009589,155 663 569,B01,2,50,0,2,1,1,3,0.0
202300009589,155 663 570,A01,1,7,0,2,2,15,1,0.0
202300009590,155 663 568,A01,1,7,0,1,3,2,1,0.0
202300009591,155 663 567,A01,3,7,0,1,1,1,1,0.0
202300009592,155 663 565,EA01,1,7,0,1,1,1,1,0.0
202300009593,155 663 564,A01,0,7,0,2,1,15,1,0.0
202300009593,155 663 566,B01,1,30,0,2,1,1,1,0.0
202300009594,155 663 563,A01,2,50,0,1,1,1,3,0.0
202300009595,155 663 560,A01,1,7,0,2,3,15,1,0.0
202300009595,155 663 562,B01,2,1,0,2,1,15,5,0.0
202300009596,155 663 559,B01,2,7,0,2,7,26,1,0.0
202300009596,155 663 561,A01,1,7,0,2,7,13,1,0.0
202300009597,155 663 557,A01,2,7,0,2,8,9,1,0.0
202300009597,155 663 558,B01,1,2,0,2,1,1,1,0.0
202300009598,155 663 555,A01,1,7,0,2,1,0,0,0.0
202300009598,155 663 556,B01,1,7,0,0,0,0,0,0.0
202300009599,155 663 553,B01,2,0,0,2,1,9,0,0.0
202300009599,155 663 554,A01,2,1,0,2,0,0,5,0.0
202300009600,155 663 549,A01,2,7,0,2,1,2,1,0.0
202300009600,155 663 551,B01,2,7,0,2,4,2,1,0.0
202300009601,155 663 548,B01,1,7,0,2,4,23,1,0.0
202300009601,155 663 550,C01,1,7,0,2,4,23,1,0.0
202300009601,155 663 552,A01,1,7,0,2,1,1,1,0.0
202300009602,155 663 547,A01,2,7,0,1,2,26,1,0.0
202300009603,155 663 544,B01,3,7,0,2,1,2,1,0.0
202300009603,155 663 546,A01,3,7,0,2,4,2,1,0.0
202300009604,155 663 543,B01,1,7,0,2,8,23,1,0.0
202300009604,155 663 545,A01,1,99,0,2,7,17,1,0.0
202300009605,155 663 540,A01,1,7,0,2,1,1,1,0.0
202300009605,155 663 542,B01,1,50,0,2,7,1,3,0.0
202300009606,155 663 539,A01,2,7,0,2,8,13,1,0.0
202300009606,155 663 541,B01,1,13,0,2,3,1,1,0.0
202300009607,155 663 537,A01,2,7,0,2,5,15,1,0.0
202300009607,155 663 538,B01,1,7,0,2,1,1,1,0.0
202300009608,155 663 535,A01,2,7,0,2,2,2,1,0.0
202300009608,155 663 536,B01,2,33,0,2,5,2,1,0.0
202300009609,155 663 533,B01,1,80,0,2,1,1,3,0.0
202300009609,155 663 534,A01,2,7,0,2,6,15,1,0.0
202300009610,155 663 528,D01,1,7,0,2,6,2,1,0.0
202300009610,155 663 530,B01,1,33,0,2,4,3,1,0.0
202300009610,155 663 531,A01,1,31,0,2,1,3,1,0.0
202300009610,155 663 532,C01,1,10,0,2,2,2,1,0.0
202300009611,155 663 527,A01,2,7,0,2,1,1,1,0.0
202300009611,155 663 529,B01,1,7,0,2,8,1,1,0.0
202300009612,155 663 525,A01,3,7,1,0,0,0,1,0.0
202300009613,155 663 524,A01,2,7,0,2,8,11,1,0.0
202300009613,155 663 526,B01,2,31,0,2,2,3,1,0.0
202300009614,155 663 523,A01,2,37,0,1,2,1,0,1.0
202300009615,155 663 521,A01,1,10,0,1,8,1,1,0.0
202300009616,155 663 518,C01,2,7,0,2,3,1,1,0.0
202300009616,155 663 520,A01,2,10,0,2,1,14,1,0.0
202300009616,155 663 522,B01,2,31,6,2,7,25,1,0.0
202300009617,155 663 517,B01,2,2,0,2,1,1,1,0.0
202300009617,155 663 519,A01,1,7,0,2,7,19,1,0.0
202300009618,155 663 516,A01,1,80,0,1,1,1,3,0.0
202300009619,155 663 515,A01,1,7,0,1,3,9,1,0.0
202300009620,155 663 512,A01,2,37,0,2,0,1,3,1.0
202300009620,155 663 514,B01,2,1,0,2,0,1,5,0.0
202300009621,155 663 513,A01,2,7,0,1,1,1,1,0.0
202300009622,155 663 510,A01,3,50,0,2,1,1,3,0.0
202300009622,155 663 511,B01,3,7,0,2,2,16,1,0.0
202300009623,155 663 507,B01,1,7,0,2,5,15,1,0.0
202300009623,155 663 509,A01,2,33,0,2,2,1,1,0.0
202300009624,155 663 506,A01,2,10,0,1,1,1,1,0.0
202300009625,155 663 505,A01,1,7,0,2,2,19,1,0.0
202300009625,155 663 508,B01,2,1,0,2,1,1,5,0.0
202300009626,155 663 503,A01,1,7,0,2,2,5,2,0.0
202300009626,155 663 504,B01,1,10,0,2,2,5,0,0.0
202300009627,155 663 501,A01,1,50,14,0,1,1,3,0.0
202300009628,155 663 498,B01,1,7,0,2,3,20,3,0.0
202300009628,155 663 500,A01,2,1,0,2,1,5,5,0.0
202300009629,155 663 499,A01,3,1,0,2,8,19,5,0.0
202300009629,155 663 502,B01,1,7,0,2,2,1,1,0.0
202300009630,155 663 495,A01,1,50,0,1,1,1,3,0.0
202300009631,155 663 496,A01,1,7,0,2,1,15,1,0.0
202300009631,155 663 497,B01,1,1,0,2,1,1,5,0.0
202300009632,155 663 492,A01,0,7,0,2,2,17,1,0.0
202300009632,155 663 494,B01,0,7,0,2,3,15,1,0.0
202300009633,155 663 491,A01,3,7,0,2,2,15,1,0.0
202300009633,155 663 493,B01,1,43,0,2,3,1,1,0.0
202300009634,155 663 490,A01,2,7,0,1,1,1,1,0.0
202300009635,155 663 489,A01,3,80,12,0,2,9,3,0.0
202300009636,155 663 487,B01,0,1,0,2,1,0,5,0.0
202300009636,155 663 488,A01,0,7,0,2,7,15,1,0.0
202300009637,155 663 485,A01,3,7,0,1,0,26,1,0.0
202300009638,155 663 484,A01,2,30,0,2,1,2,1,0.0
202300009638,155 663 486,B01,2,7,0,2,6,2,1,0.0
202300009639,155 663 483,A01,2,7,0,1,2,1,1,0.0
202300009640,155 663 481,Z01,2,30,0,1,1,1,0,0.0
202300009641,155 663 480,B01,3,10,0,2,3,1,1,0.0
202300009641,155 663 482,A01,3,7,9,2,3,1,1,0.0
202300009642,155 663 477,B01,1,7,0,2,7,1,2,0.0
202300009642,155 663 479,A01,1,33,0,2,1,18,1,0.0
202300009643,155 663 476,A01,1,7,0,2,2,1,1,0.0
202300009643,155 663 478,B01,3,50,0,2,1,19,3,0.0
202300009644,155 663 475,A01,3,7,0,1,1,1,1,0.0
202300009645,155 663 472,A01,2,7,0,2,1,0,2,0.0
202300009645,155 663 474,B01,1,7,0,2,1,1,1,0.0
202300009646,155 663 471,A01,1,7,1,2,3,22,1,0.0
202300009646,155 663 473,B01,1,1,1,2,1,1,5,0.0
202300009647,155 663 468,A01,2,30,0,1,1,5,1,0.0
202300009648,155 663 465,A01,1,33,0,2,1,18,1,0.0
202300009648,155 663 467,B01,2,7,0,2,5,15,1,0.0
202300009649,155 663 466,A01,1,33,0,0,0,1,1,0.0
202300009650,155 663 464,Z01,2,1,0,1,0,1,5,0.0
202300009651,155 663 462,B01,2,2,0,2,7,1,3,0.0
202300009651,155 663 463,A01,2,7,0,2,6,13,2,0.0
202300009652,155 663 459,A01,2,7,0,1,2,1,1,0.0
202300009653,155 663 458,A01,1,7,0,2,1,2,1,0.0
202300009653,155 663 460,B01,1,7,0,2,7,1,1,0.0
202300009653,155 663 461,C01,1,7,0,2,4,1,1,0.0
202300009654,155 663 455,A01,2,30,0,2,1,1,1,0.0
202300009654,155 663 457,B01,1,10,0,2,1,1,3,0.0
202300009655,155 663 453,B01,2,33,0,2,4,2,1,0.0
202300009655,155 663 454,C01,2,14,0,2,4,2,1,0.0
202300009655,155 663 456,A01,2,7,0,2,1,2,1,0.0
202300009656,155 663 449,A01,1,7,0,9,3,15,1,0.0
202300009656,155 663 451,B01,2,1,0,2,1,8,5,0.0
202300009657,155 663 450,A01,1,34,0,1,1,17,1,0.0
202300009658,155 663 447,A01,3,7,0,2,1,1,1,0.0
202300009658,155 663 448,B01,3,7,0,2,3,9,2,0.0
202300009659,155 663 445,B01,3,50,0,2,5,2,3,0.0
202300009659,155 663 446,A01,3,7,0,2,2,2,0,0.0
202300009660,155 663 442,A01,0,7,0,2,1,15,1,0.0
202300009660,155 663 444,B01,0,7,0,2,8,1,1,0.0
202300009661,155 663 441,A01,3,7,0,0,5,1,1,0.0
202300009661,155 663 443,B01,0,1,0,2,1,1,5,0.0
202300009662,155 663 440,A01,1,33,14,0,1,9,1,0.0
202300009663,155 663 437,B01,0,50,0,9,7,16,3,0.0
202300009663,155 663 439,A01,2,7,0,2,8,26,2,0.0
202300009664,155 663 438,A01,2,7,2,0,1,1,1,0.0
202300009665,155 663 434,B01,3,7,0,2,1,0,1,0.0
202300009665,155 663 435,A01,0,2,0,2,1,0,1,0.0
202300009666,155 663 433,A01,0,7,0,2,3,26,1,0.0
202300009666,155 663 436,B01,0,7,0,2,3,0,1,0.0
202300009667,155 663 430,A01,1,7,0,2,1,1,1,0.0
202300009667,155 663 431,B01,2,7,0,2,1,1,0,0.0
202300009668,155 663 429,B01,2,60,0,9,7,0,5,0.0
202300009668,155 663 432,A01,3,2,0,9,0,0,1,0.0
202300009669,155 663 427,A01,1,7,0,2,2,16,1,0.0
202300009669,155 663 428,B01,1,2,0,2,7,16,1,0.0
202300009670,155 663 425,A01,2,7,0,2,2,17,1,0.0
202300009670,155 663 426,B01,2,7,0,2,6,1,1,0.0
202300009671,155 663 422,B01,2,7,0,2,5,1,1,0.0
202300009671,155 663 424,A01,2,7,0,2,2,26,1,0.0
202300009672,155 663 423,A01,0,7,0,1,4,20,1,0.0
202300009673,155 663 418,B01,3,30,0,2,7,19,1,0.0
202300009673,155 663 421,A01,2,7,0,2,2,1,2,0.0
202300009674,155 663 419,A01,2,7,0,9,7,16,1,0.0
202300009674,155 663 420,B01,2,99,0,2,1,18,0,0.0
202300009675,155 663 415,A01,1,7,0,2,0,0,0,0.0
202300009675,155 663 417,B01,2,7,14,0,1,2,0,0.0
202300009676,155 663 414,A01,0,7,0,1,5,4,1,0.0
202300009677,155 663 413,Z01,0,10,0,1,1,16,1,0.0
202300009678,155 663 409,B01,3,7,0,2,5,2,1,0.0
202300009678,155 663 410,Z01,3,10,0,2,1,2,1,0.0
202300009678,155 663 411,A01,3,7,0,2,4,2,1,0.0
202300009678,155 663 412,C01,3,7,0,2,4,2,1,0.0
202300009679,155 663 405,B01,3,7,0,2,2,15,1,0.0
202300009679,155 663 407,A01,3,7,0,2,1,16,1,0.0
202300009680,155 663 406,A01,3,7,0,2,3,19,1,0.0
202300009680,155 663 408,B01,3,33,14,2,1,1,1,0.0
202300009681,155 663 401,A01,3,2,0,2,1,17,1,0.0
202300009681,155 663 403,B01,3,7,0,2,3,15,1,0.0
202300009682,155 663 398,B01,1,7,0,2,2,0,1,0.0
202300009682,155 663 400,A01,1,7,0,2,8,2,1,0.0
202300009683,155 663 397,A01,1,34,0,2,1,14,3,0.0
202300009683,155 663 399,B01,3,7,0,2,5,14,1,0.0
202300009684,155 663 396,A01,2,7,8,0,1,1,1,0.0
202300009685,155 663 393,A01,0,7,0,2,1,10,1,0.0
202300009685,155 663 395,B01,2,32,8,2,8,21,1,0.0