num_acc,id_vehicule,num_veh,senc,catv,obs,obsm,choc,manv,motor,occutc
202300009686,155 663 392,Y01,3,60,0,2,0,0,5,0.0
202300009686,155 663 394,A01,1,10,0,2,2,2,1,0.0
202300009687,155 663 390,A01,1,7,0,2,2,15,1,0.0
202300009687,155 663 391,B01,2,30,0,2,1,1,0,0.0
202300009688,155 663 389,A01,1,10,0,1,1,11,1,0.0
202300009689,155 663 386,B01,3,7,0,2,8,1,1,0.0
202300009689,155 663 388,A01,3,7,0,2,3,15,1,0.0
202300009690,155 663 385,B01,2,7,1,2,1,1,0,0.0
202300009690,155 663 387,A01,1,7,0,2,3,13,1,0.0
202300009691,155 663 384,A01,1,7,0,1,3,15,1,0.0
202300009692,155 663 383,A01,3,10,1,1,4,4,1,0.0
202300009693,155 663 382,A01,2,7,0,1,3,1,1,0.0
202300009694,155 663 379,B01,1,33,0,2,1,1,1,0.0
202300009694,155 663 380,A01,2,7,9,0,5,15,3,0.0
202300009695,155 663 378,B01,1,34,0,2,8,1,1,0.0
202300009695,155 663 381,A01,2,50,0,2,0,19,3,0.0
202300009696,155 663 376,B01,3,2,0,2,1,1,1,0.0
202300009696,155 663 377,A01,3,7,0,2,1,15,0,0.0
202300009697,155 663 375,A01,1,37,0,1,1,15,1,1.0
202300009698,155 663 373,B01,1,7,3,2,4,1,1,0.0
202300009698,155 663 374,A01,1,7,3,2,1,2,1,0.0
202300009699,155 663 372,A01,1,7,2,0,3,14,1,0.0
202300009700,155 663 370,B01,3,1,0,2,1,2,5,0.0
202300009700,155 663 371,A01,3,7,0,2,5,23,2,0.0
202300009701,155 663 368,B01,2,7,0,2,3,21,1,0.0
202300009701,155 663 369,A01,1,7,0,2,6,10,1,0.0
202300009702,155 663 367,A01,1,7,15,0,2,1,1,0.0
202300009703,155 663 365,B01,1,2,0,2,1,1,1,0.0
202300009703,155 663 366,A01,1,80,0,2,6,15,3,0.0
202300009704,155 663 361,A01,1,7,0,2,1,2,1,0.0
202300009704,155 663 363,B01,1,7,0,2,5,1,1,0.0
202300009705,155 663 362,B01,1,15,13,2,1,5,1,0.0
202300009705,155 663 364,A01,2,7,0,2,1,1,1,0.0
202300009706,155 663 358,B01,1,1,0,2,1,1,5,0.0
202300009706,155 663 360,A01,2,2,0,9,1,1,1,0.0
202300009707,155 663 357,A01,2,7,0,0,6,11,1,0.0
202300009707,155 663 359,B01,2,2,0,2,2,17,1,0.0
202300009708,155 663 355,B01,2,30,0,2,3,1,1,0.0
202300009708,155 663 356,A01,1,7,0,2,3,15,1,0.0
202300009709,155 663 353,A01,1,7,0,1,1,1,1,0.0
202300009710,155 663 352,A01,2,7,0,2,3,13,1,0.0
202300009710,155 663 354,B01,1,7,0,2,3,1,1,0.0
202300009711,155 663 350,B01,3,10,0,2,2,15,1,0.0
202300009711,155 663 351,A01,3,32,0,2,1,1,1,0.0
202300009712,155 663 347,A01,1,7,0,2,1,2,1,0.0
202300009712,155 663 348,B01,1,17,0,2,4,1,1,0.0
202300009713,155 663 344,A01,2,30,0,2,3,17,3,0.0
202300009713,155 663 346,B01,2,7,0,2,3,15,1,0.0
202300009714,155 663 343,B01,2,33,0,2,1,1,1,0.0
202300009714,155 663 345,A01,1,7,0,2,2,15,1,0.0
202300009715,155 663 340,A01,1,7,0,2,1,1,1,0.0
202300009715,155 663 341,B01,1,7,0,2,5,1,1,0.0
202300009715,155 663 342,C01,1,10,0,2,4,1,1,0.0
202300009716,155 663 336,A01,2,7,2,0,1,1,1,0.0
202300009717,155 663 335,A01,1,7,0,2,1,1,1,0.0
202300009717,155 663 337,C01,1,7,0,2,6,0,1,0.0
202300009717,155 663 338,B01,1,7,0,2,5,6,1,0.0
202300009718,155 663 333,A01,3,10,0,1,2,16,1,0.0
202300009719,155 663 332,A01,1,7,0,9,1,1,1,0.0
202300009719,155 663 334,B01,1,1,0,2,3,15,5,0.0
202300009720,155 663 330,A01,1,7,0,2,1,1,1,0.0
202300009720,155 663 331,B01,2,7,0,2,1,23,1,0.0
202300009721,155 663 326,A01,2,7,0,2,2,5,1,0.0
202300009721,155 663 328,B01,1,7,0,2,2,1,1,0.0
202300009721,155 663 329,C01,2,7,0,2,1,1,1,0.0
202300009722,155 663 325,B01,2,1,0,2,1,1,5,0.0
202300009722,155 663 327,A01,1,7,0,2,2,15,1,0.0
202300009723,155 663 323,A01,3,10,0,1,4,4,3,0.0
202300009724,155 663 322,A01,2,7,0,2,1,15,1,0.0
202300009724,155 663 324,B01,1,7,0,2,1,1,1,0.0
202300009725,155 663 321,A01,2,3,0,1,1,16,3,0.0
202300009726,155 663 320,A01,2,7,2,0,1,15,1,0.0
202300009727,155 663 318,A01,3,33,0,2,7,1,1,0.0
202300009727,155 663 319,B01,0,7,0,2,1,9,1,0.0
202300009728,155 663 316,A01,3,7,14,0,1,1,1,0.0
202300009729,155 663 317,A01,1,2,9,0,7,1,1,0.0
202300009730,155 663 311,A01,3,7,0,2,1,13,1,0.0
202300009730,155 663 313,B01,3,7,0,2,3,21,1,0.0
202300009730,155 663 315,C01,3,7,0,2,1,1,1,0.0
202300009731,155 663 312,B01,2,2,0,2,4,15,1,0.0
202300009731,155 663 314,A01,1,7,0,2,3,9,1,0.0
202300009732,155 663 310,A01,1,7,2,0,1,14,1,0.0
202300009733,155 663 308,A01,2,7,0,1,3,15,1,0.0
202300009734,155 663 307,A01,1,2,0,2,1,17,1,0.0
202300009734,155 663 309,B01,1,7,0,9,8,15,1,0.0
202300009735,155 663 304,A01,1,10,0,1,2,1,1,0.0
202300009736,155 663 302,A01,1,43,13,0,1,0,1,0.0
202300009737,155 663 301,Z01,0,7,0,1,1,26,1,0.0
202300009738,155 663 299,A01,1,2,0,0,9,15,1,0.0
202300009738,155 663 300,B01,1,7,0,2,2,17,1,0.0
202300009739,155 663 297,A01,3,7,0,2,3,13,1,0.0
202300009739,155 663 298,B01,3,7,0,2,3,1,1,0.0
202300009740,155 663 295,A01,2,7,0,2,1,0,1,0.0
202300009740,155 663 296,B01,1,7,0,2,1,1,1,0.0
202300009741,155 663 293,B01,2,33,0,2,1,1,1,0.0
202300009741,155 663 294,A01,2,10,0,2,2,1,1,0.0
202300009742,155 663 289,B01,1,7,0,2,3,1,1,0.0
202300009742,155 663 291,A01,1,2,0,2,1,1,1,0.0
202300009743,155 663 288,B01,2,7,0,2,3,1,1,0.0
202300009743,155 663 290,C01,2,7,0,2,2,2,1,0.0
202300009743,155 663 292,A01,1,7,0,2,3,13,1,0.0
202300009744,155 663 286,A01,1,10,0,2,4,23,1,0.0
202300009744,155 663 287,B01,1,1,0,2,0,0,5,0.0
202300009745,155 663 284,A01,1,7,0,0,6,1,1,0.0
202300009745,155 663 285,B01,1,2,0,2,1,1,1,0.0
202300009746,155 663 280,A01,1,7,0,2,1,13,1,0.0
202300009746,155 663 282,B01,2,10,0,2,1,1,1,0.0
202300009747,155 663 278,B01,1,7,0,2,3,23,1,0.0
202300009747,155 663 279,C01,2,7,0,2,3,1,1,0.0
202300009747,155 663 281,A01,2,7,0,2,3,15,1,0.0
202300009748,155 663 276,A01,3,10,0,0,0,0,0,0.0
202300009749,155 663 277,A01,3,2,8,0,1,14,1,0.0
202300009750,155 663 273,A01,1,7,0,2,3,13,1,0.0
202300009750,155 663 274,B01,2,7,0,2,3,1,1,0.0
202300009750,155 663 275,C01,2,7,0,2,3,1,1,0.0
202300009751,155 663 271,B01,2,31,0,2,7,1,3,0.0
202300009751,155 663 272,A01,1,7,0,2,2,9,1,0.0
202300009752,155 663 270,A01,1,7,0,1,3,15,1,0.0
202300009753,155 663 268,A01,1,7,0,2,2,2,1,0.0
202300009753,155 663 269,B01,1,10,0,2,6,2,1,0.0
202300009754,155 663 265,A01,3,7,0,2,1,13,1,0.0
202300009754,155 663 266,B01,3,7,0,2,3,0,1,0.0
202300009754,155 663 267,C01,3,7,0,2,1,1,1,0.0
202300009755,155 663 264,A01,3,7,0,1,1,1,1,0.0
202300009756,155 663 263,A01,1,7,0,2,1,1,1,0.0
202300009757,155 663 262,A01,2,7,8,1,3,21,1,0.0
202300009758,155 663 260,A01,2,30,1,2,6,2,1,0.0
202300009758,155 663 261,B01,1,7,1,0,0,0,1,0.0
202300009759,155 663 259,A01,0,7,0,0,1,21,1,0.0
202300009760,155 663 258,A01,2,7,0,1,1,1,0,0.0
202300009761,155 663 257,A01,3,7,0,1,2,16,0,0.0
202300009762,155 663 256,A01,1,7,0,1,1,19,1,0.0
202300009763,155 663 255,AB01,0,41,1,0,1,2,-1,0.0
202300009764,155 663 254,A01,1,7,5,0,2,14,1,0.0
202300009765,155 663 253,A01,1,7,13,0,2,1,1,0.0
202300009766,155 663 251,A01,1,2,0,2,1,1,1,0.0
202300009766,155 663 252,B01,1,1,0,2,8,19,5,0.0
202300009767,155 663 250,A01,1,7,0,1,1,1,1,0.0
202300009768,155 663 248,A01,1,7,0,2,2,19,1,0.0
202300009768,155 663 249,B01,2,7,0,2,6,1,1,0.0
202300009769,155 663 246,B01,1,7,0,2,4,2,1,0.0
202300009769,155 663 247,A01,1,10,0,2,1,2,1,0.0
202300009770,155 663 244,B01,1,7,0,2,4,2,1,0.0
202300009770,155 663 245,A01,1,7,0,2,1,2,1,0.0
202300009771,155 663 243,A01,2,7,13,0,1,13,1,0.0
202300009772,155 663 241,B01,2,33,0,2,1,2,1,0.0
202300009772,155 663 242,A01,2,7,0,0,6,15,1,0.0
202300009773,155 663 239,A01,1,7,0,2,2,15,1,0.0
202300009773,155 663 240,B01,2,7,0,2,2,0,1,0.0
202300009774,155 663 237,A01,3,99,0,2,1,1,1,0.0
202300009774,155 663 238,B01,1,7,0,2,6,1,1,0.0
202300009775,155 663 236,A01,1,7,0,1,7,1,1,0.0
202300009776,155 663 234,B01,3,7,0,2,5,12,0,0.0
202300009776,155 663 235,A01,3,7,0,2,3,17,1,0.0
202300009777,155 663 233,A01,2,7,0,1,1,26,1,0.0
202300009778,155 663 232,A01,1,7,0,1,1,16,1,0.0
202300009779,155 663 231,A01,2,33,0,1,2,1,1,0.0
202300009780,155 663 229,A01,2,7,0,2,1,9,1,0.0
202300009780,155 663 230,B01,1,7,0,2,7,1,1,0.0
202300009781,155 663 228,A01,0,50,0,0,1,1,3,0.0
202300009782,155 663 226,A01,2,30,0,2,1,1,1,0.0
202300009782,155 663 227,B01,2,10,0,2,4,1,0,0.0
202300009783,155 663 225,A01,2,7,0,1,3,16,0,0.0
202300009784,155 663 223,B01,3,7,0,2,5,9,2,0.0
202300009784,155 663 224,A01,1,7,0,2,3,1,1,0.0
202300009785,155 663 222,A01,2,7,0,1,1,2,1,0.0
202300009786,155 663 220,B01,1,31,0,2,7,1,1,0.0
202300009786,155 663 221,Z01,1,7,0,2,1,16,0,0.0
202300009787,155 663 218,B01,1,7,0,0,4,1,1,0.0
202300009787,155 663 219,A01,1,7,0,2,1,2,1,0.0
202300009788,155 663 217,A01,1,7,8,0,1,13,1,0.0
202300009789,155 663 215,B01,2,7,0,2,1,1,1,0.0
202300009789,155 663 216,A01,1,33,0,2,1,13,1,0.0
202300009790,155 663 213,B01,3,7,0,0,4,26,1,0.0
202300009790,155 663 214,A01,0,7,0,2,1,1,1,0.0
202300009791,155 663 211,B01,2,7,0,2,5,15,3,0.0
202300009791,155 663 212,A01,1,33,14,0,7,1,1,0.0
202300009792,155 663 209,B01,1,10,0,0,2,1,1,0.0
202300009792,155 663 210,A01,2,30,0,2,1,1,1,0.0
202300009793,155 663 207,A01,3,7,0,2,2,12,2,0.0
202300009793,155 663 208,B01,3,32,12,2,9,1,1,0.0
202300009794,155 663 205,A01,2,7,0,2,1,15,1,0.0
202300009794,155 663 206,B01,1,7,5,2,7,0,1,0.0
202300009795,155 663 203,A01,1,32,0,2,1,17,1,0.0
202300009795,155 663 204,B01,1,7,0,2,3,15,1,0.0
202300009796,155 663 202,A01,3,7,0,1,2,0,1,0.0
202300009797,155 663 201,A01,0,7,0,1,1,26,1,0.0
202300009798,155 663 199,A01,1,43,0,2,1,2,1,0.0
202300009798,155 663 200,B01,1,10,0,2,6,2,1,0.0
202300009799,155 663 197,B01,2,7,0,2,5,2,2,0.0
202300009799,155 663 198,A01,2,10,0,2,3,2,1,0.0
202300009800,155 663 195,B01,2,31,0,2,4,2,3,0.0
202300009800,155 663 196,A01,2,7,0,2,2,2,1,0.0
202300009801,155 663 194,A01,2,1,0,5,2,1,5,0.0
202300009802,155 663 193,Z01,1,30,0,1,7,1,-1,0.0
202300009803,155 663 191,Z01,2,33,0,2,1,1,0,0.0
202300009803,155 663 192,A01,1,1,0,2,7,1,5,0.0
202300009804,155 663 190,A01,2,50,0,1,1,1,3,0.0
202300009805,155 663 188,A01,2,7,0,2,3,15,2,0.0
202300009805,155 663 189,B01,2,50,0,2,1,1,3,0.0
202300009806,155 663 186,B01,1,7,0,2,2,16,2,0.0
202300009806,155 663 187,A01,2,1,0,2,1,19,5,0.0
202300009807,155 663 185,A01,1,7,0,1,7,1,1,0.0
202300009808,155 663 184,A01,1,1,0,1,1,1,5,0.0
202300009809,155 663 182,B01,2,1,0,2,0,15,5,0.0
202300009809,155 663 183,A01,2,10,0,2,0,17,1,0.0
202300009810,155 663 181,A01,3,7,0,1,3,0,1,0.0
202300009811,155 663 179,A01,2,33,0,2,1,17,1,0.0
202300009811,155 663 180,B01,1,7,0,2,7,15,1,0.0
202300009812,155 663 177,B01,1,50,0,2,1,1,3,0.0
202300009812,155 663 178,A01,2,7,0,2,7,1,2,0.0
202300009813,155 663 175,A01,2,7,0,2,7,20,1,0.0
202300009813,155 663 176,B01,2,50,0,2,7,0,3,0.0
202300009814,155 663 173,A01,0,7,0,2,1,2,1,0.0
202300009814,155 663 174,B01,0,7,0,2,4,2,1,0.0
202300009815,155 663 172,A01,1,7,0,2,0,0,1,0.0
202300009816,155 663 171,A01,2,10,0,1,2,2,1,0.0
202300009817,155 663 169,C01,2,50,0,2,1,1,3,0.0
202300009817,155 663 170,A01,2,7,0,2,5,16,1,0.0
202300009818,155 663 167,B01,1,2,0,2,1,17,1,0.0
202300009818,155 663 168,A01,1,7,0,2,3,15,1,0.0
202300009819,155 663 165,A01,2,7,0,2,2,1,1,0.0
202300009819,155 663 166,B01,2,7,0,2,1,1,1,0.0
202300009820,155 663 163,B01,3,7,0,2,3,16,1,0.0
202300009820,155 663 164,A01,3,7,0,2,2,21,1,0.0
202300009821,155 663 162,A01,2,7,0,1,2,1,0,0.0
202300009822,155 663 160,A01,2,10,0,2,6,20,1,0.0
202300009822,155 663 161,B01,2,33,0,2,3,21,1,0.0
202300009823,155 663 157,B01,1,7,1,0,6,2,0,0.0
202300009823,155 663 158,A01,1,10,1,0,1,2,3,0.0
202300009823,155 663 159,C01,1,43,1,0,1,2,1,0.0
202300009824,155 663 155,B01,2,50,0,2,2,1,3,0.0
202300009824,155 663 156,A01,2,7,0,2,3,20,1,0.0
202300009825,155 663 153,B01,2,7,0,2,3,15,0,0.0
202300009825,155 663 154,A01,1,42,0,2,1,1,1,0.0
202300009826,155 663 152,A01,2,10,0,1,1,1,1,0.0
202300009827,155 663 150,A01,1,33,0,2,7,1,1,0.0
202300009827,155 663 151,B01,1,7,0,2,1,15,1,0.0
202300009828,155 663 149,A01,3,7,0,1,1,1,1,0.0
202300009829,155 663 147,B01,1,39,0,2,1,1,3,0.0
202300009829,155 663 148,A01,1,7,15,4,7,5,1,0.0
202300009830,155 663 145,B01,1,7,0,2,8,1,1,0.0
202300009830,155 663 146,A01,2,7,0,2,1,15,1,0.0
202300009831,155 663 143,A01,1,10,13,2,6,24,1,0.0
202300009831,155 663 144,B01,1,7,0,2,2,21,1,0.0
202300009832,155 663 141,B01,1,7,0,2,4,1,1,0.0
202300009832,155 663 142,A01,1,33,0,2,1,2,1,0.0
202300009833,155 663 140,A01,1,7,4,0,3,0,1,0.0
202300009834,155 663 138,A01,1,34,0,2,8,2,1,0.0
202300009834,155 663 139,Z01,1,7,0,2,7,12,1,0.0
202300009835,155 663 136,A01,2,7,0,2,7,12,1,0.0
202300009835,155 663 137,B01,2,33,0,2,8,3,1,0.0
202300009836,155 663 135,A01,1,10,0,1,3,15,1,0.0
202300009837,155 663 133,A01,1,7,0,2,2,1,1,0.0
202300009837,155 663 134,B01,1,32,-1,2,1,15,-1,0.0
202300009838,155 663 131,B01,1,7,0,2,8,0,1,0.0
202300009838,155 663 132,A01,2,7,0,2,1,19,1,0.0
202300009839,155 663 129,A01,1,7,0,2,6,11,0,0.0
202300009839,155 663 130,B01,1,7,0,2,2,1,1,0.0
202300009840,155 663 128,A01,2,7,4,0,9,9,1,0.0
202300009841,155 663 126,B01,1,7,0,2,4,1,1,0.0
202300009841,155 663 127,A01,1,10,0,2,1,1,1,0.0
202300009842,155 663 125,B01,2,50,0,0,7,21,3,0.0
202300009843,155 663 123,A01,1,10,0,2,3,11,1,0.0
202300009843,155 663 124,B01,1,7,0,2,2,1,1,0.0
202300009844,155 663 122,A01,1,7,0,1,3,9,1,0.0
202300009845,155 663 121,A01,2,7,0,1,1,1,1,0.0
202300009846,155 663 119,A01,1,7,0,2,1,2,1,0.0
202300009846,155 663 120,B01,1,7,0,2,4,15,1,0.0
202300009847,155 663 117,B01,0,1,0,2,0,0,5,0.0
202300009847,155 663 118,A01,3,7,0,9,1,26,0,0.0
202300009848,155 663 115,A01,1,30,0,2,1,1,1,0.0
202300009848,155 663 116,B01,1,7,0,2,4,1,1,0.0
202300009849,155 663 114,A01,1,7,13,0,1,13,1,0.0
202300009850,155 663 109,A01,2,7,0,2,1,2,1,0.0
202300009850,155 663 110,B01,2,7,0,2,1,2,1,0.0
202300009851,155 663 107,A01,1,7,0,2,3,15,1,0.0
202300009851,155 663 108,B01,0,33,0,2,3,1,1,0.0
202300009852,155 663 102,D01,3,7,0,2,1,26,1,0.0
202300009852,155 663 103,A01,3,7,0,2,4,23,1,0.0
202300009852,155 663 104,B01,3,7,0,2,4,26,1,0.0
202300009852,155 663 105,C01,3,7,0,2,4,26,1,0.0
202300009852,155 663 106,E01,3,7,0,2,0,10,1,0.0
202300009853,155 663 100,B01,1,1,0,2,2,1,5,0.0
202300009853,155 663 101,A01,1,7,0,2,6,24,1,0.0
202300009854,155 663 098,B01,0,2,0,2,1,2,1,0.0
202300009854,155 663 099,A01,3,7,0,2,8,10,1,0.0
202300009855,155 663 096,B01,1,50,0,0,0,0,5,0.0
202300009855,155 663 097,A01,1,7,0,0,1,16,1,0.0
202300009856,155 663 094,B01,2,30,0,2,3,1,1,0.0
202300009856,155 663 095,A01,1,7,0,2,2,15,1,0.0
202300009857,155 663 092,B01,3,7,0,2,4,0,1,0.0
202300009857,155 663 093,A01,3,10,0,2,1,26,0,0.0
202300009858,155 663 090,A01,1,7,0,2,1,9,1,0.0
202300009858,155 663 091,B01,1,2,0,2,7,1,1,0.0
202300009859,155 663 088,B01,1,7,0,2,4,1,1,0.0
202300009859,155 663 089,A01,1,7,0,2,1,1,1,0.0
202300009860,155 663 087,A01,2,7,8,0,1,0,1,0.0
202300009861,155 663 085,B01,3,30,1,0,8,1,3,0.0
202300009861,155 663 086,A01,3,7,0,2,2,15,1,0.0
202300009862,155 663 083,B01,2,7,0,2,3,1,1,0.0
202300009862,155 663 084,A01,1,7,0,2,2,1,1,0.0
202300009863,155 663 082,A01,3,7,0,1,2,1,0,0.0
202300009864,155 663 080,A01,2,7,0,2,1,1,1,0.0
202300009864,155 663 081,B01,0,1,0,2,3,1,5,0.0
202300009865,155 663 078,A01,1,50,0,2,8,1,3,0.0
202300009865,155 663 079,B01,2,7,0,2,2,1,1,0.0
202300009866,155 663 076,A01,2,7,0,2,1,13,1,0.0
202300009866,155 663 077,B01,1,10,0,2,1,1,1,0.0
202300009867,155 663 074,A01,3,7,0,2,1,1,1,0.0
202300009867,155 663 075,B01,3,99,0,2,1,1,0,0.0
202300009868,155 663 073,A01,2,7,3,0,1,14,1,0.0
202300009869,155 663 071,B01,1,7,0,2,8,1,1,0.0
202300009869,155 663 072,A01,1,10,0,2,1,9,1,0.0
202300009870,155 663 069,A01,3,7,0,2,1,2,1,0.0
202300009870,155 663 070,B01,3,7,0,2,4,23,2,0.0
202300009871,155 663 067,B01,2,7,0,2,2,2,1,0.0
202300009871,155 663 068,A01,2,30,0,2,3,13,1,0.0
202300009872,155 663 066,A01,2,7,0,1,0,26,1,0.0
202300009873,155 663 064,A01,1,33,0,2,4,16,1,0.0
202300009873,155 663 065,B01,1,7,0,2,3,9,1,0.0
202300009874,155 663 062,B01,0,1,0,2,5,1,5,0.0
202300009874,155 663 063,A01,0,7,0,2,1,9,1,0.0
202300009875,155 663 061,A01,1,7,0,1,2,26,6,0.0
202300009876,155 663 060,A01,3,7,0,0,9,1,1,0.0
202300009877,155 663 058,A01,3,7,0,2,1,2,1,0.0
202300009877,155 663 059,B01,3,7,0,2,4,2,1,0.0
202300009878,155 663 056,B01,1,33,0,2,1,1,1,0.0
202300009878,155 663 057,A01,2,7,0,2,3,15,1,0.0
202300009879,155 663 054,B01,1,7,0,2,2,16,1,0.0
202300009879,155 663 055,A01,1,2,0,2,3,16,1,0.0
202300009880,155 663 052,A01,1,7,3,2,7,15,1,0.0
202300009880,155 663 053,B01,2,7,0,2,1,2,1,0.0
202300009881,155 663 050,Z01,2,7,0,2,1,2,1,0.0
202300009881,155 663 051,A01,2,7,0,2,4,2,1,0.0
202300009882,155 663 048,A01,1,37,0,2,5,1,1,1.0
202300009882,155 663 049,B01,1,1,0,2,0,1,5,0.0
202300009883,155 663 046,A01,2,32,0,0,8,9,1,0.0
202300009883,155 663 047,B01,2,31,0,2,1,1,1,0.0
202300009884,155 663 044,B01,1,7,0,2,5,20,1,0.0
202300009884,155 663 045,A01,1,30,0,2,1,18,1,0.0
202300009885,155 663 042,A01,0,50,0,2,1,16,3,0.0
202300009885,155 663 043,B01,0,7,0,2,1,1,3,0.0
202300009886,155 663 041,A01,1,80,12,0,8,15,3,0.0
202300009887,155 663 040,A01,2,30,12,0,1,13,1,0.0
202300009888,155 663 038,B01,2,32,0,2,1,1,1,0.0
202300009888,155 663 039,A01,1,7,0,2,2,15,1,0.0
202300009889,155 663 036,A01,2,7,0,2,2,1,1,0.0
202300009889,155 663 037,B01,3,33,0,2,2,1,1,0.0
202300009890,155 663 033,A01,1,33,2,0,1,17,1,0.0
202300009891,155 663 031,A01,1,30,1,2,1,1,1,0.0
202300009891,155 663 032,B01,1,7,0,2,6,23,1,0.0
202300009892,155 663 029,B01,1,7,4,0,4,2,2,0.0
202300009892,155 663 030,A01,1,7,4,2,1,26,1,0.0
202300009893,155 663 027,A01,2,7,0,2,2,16,0,0.0
202300009893,155 663 028,B01,2,31,0,2,3,1,0,0.0
202300009894,155 663 024,C01,1,7,0,2,0,0,1,0.0
202300009894,155 663 025,B01,1,3,0,2,0,0,1,0.0
202300009894,155 663 026,A01,1,7,0,2,4,0,1,0.0
202300009895,155 663 022,A01,1,7,0,2,2,15,0,0.0
202300009895,155 663 023,B01,2,32,0,2,3,1,3,0.0
202300009896,155 663 021,A01,2,34,0,1,1,1,1,0.0
202300009897,155 663 019,B01,2,10,0,2,3,1,1,0.0
202300009897,155 663 020,A01,1,2,0,2,1,1,1,0.0
202300009898,155 663 017,A01,1,7,0,2,1,1,0,0.0
202300009898,155 663 018,B01,1,7,0,2,0,0,0,0.0
202300009899,155 663 015,A01,1,7,0,2,1,15,1,0.0
202300009899,155 663 016,B01,1,7,0,2,0,0,1,0.0
202300009900,155 663 014,A01,1,33,1,0,1,1,1,0.0
202300009901,155 663 011,A01,1,2,13,0,1,14,1,0.0
202300009902,155 663 008,A01,0,7,0,2,4,9,0,0.0
202300009902,155 663 009,B01,0,7,0,0,2,1,0,0.0
202300009902,155 663 010,C01,0,7,0,2,1,9,0,0.0
202300009903,155 663 006,B01,2,33,0,2,1,1,1,0.0
202300009903,155 663 007,A01,1,7,0,2,5,15,1,0.0
202300009904,155 663 004,B01,2,7,0,2,1,5,1,0.0
202300009904,155 663 005,A01,1,10,0,2,1,5,1,0.0
202300009905,155 663 002,B01,0,7,0,2,1,1,1,0.0
202300009905,155 663 003,A01,0,7,0,2,3,1,0,0.0
202300009906,155 663 001,A01,1,33,13,0,3,1,1,0.0
202300009907,155 663 000,A01,2,7,13,0,9,1,0,0.0
202300009908,155 662 998,A01,1,7,0,2,3,1,1,0.0
202300009908,155 662 999,B01,2,7,0,2,3,1,1,0.0
202300009909,155 662 997,A01,2,7,0,0,1,1,1,0.0
202300009910,155 662 996,A01,2,33,13,0,1,1,1,0.0
202300009911,155 662 994,A01,1,7,0,2,2,15,1,0.0
202300009911,155 662 995,B01,2,33,0,2,1,1,1,0.0
202300009912,155 662 993,A01,1,33,15,0,9,1,1,0.0
202300009913,155 662 991,A01,1,1,0,0,7,14,5,0.0
202300009914,155 662 988,C01,1,7,14,0,1,1,1,0.0
202300009914,155 662 989,B01,1,7,0,2,3,1,1,0.0
202300009914,155 662 990,A01,2,7,0,2,3,13,1,0.0
202300009915,155 662 986,A01,3,7,0,2,3,15,0,0.0
202300009915,155 662 987,B01,3,1,0,2,8,15,5,0.0
202300009916,155 662 984,A01,1,7,0,2,7,17,1,0.0
202300009916,155 662 985,B01,1,33,0,2,8,11,1,0.0
202300009917,155 662 983,A01,1,7,0,0,9,1,1,0.0
202300009918,155 662 982,A01,3,33,13,0,8,10,1,0.0
202300009919,155 662 979,A01,2,2,13,0,1,1,1,0.0
202300009920,155 662 978,A01,1,7,0,0,9,1,1,0.0
202300009921,155 662 976,B01,2,7,1,0,1,1,1,0.0
202300009921,155 662 977,A01,2,7,0,0,4,23,1,0.0
202300009922,155 662 974,B01,2,33,0,0,1,0,1,0.0
202300009922,155 662 975,A01,1,7,0,0,1,15,1,0.0
202300009923,155 662 972,A01,3,2,14,0,0,1,1,0.0
202300009924,155 662 971,A01,3,7,0,1,1,1,1,0.0
202300009925,155 662 969,A01,1,33,0,2,1,13,1,0.0
202300009925,155 662 970,B01,2,7,0,2,1,1,1,0.0
202300009926,155 662 968,A01,3,7,0,0,1,1,0,0.0
202300009927,155 662 966,A01,2,7,0,2,8,9,1,0.0
202300009927,155 662 967,B01,2,33,0,2,1,1,1,0.0
202300009928,155 662 964,B01,1,7,0,2,8,1,1,0.0
202300009928,155 662 965,A01,2,7,8,2,8,13,1,0.0
202300009929,155 662 962,A01,1,33,0,2,1,13,1,0.0
202300009929,155 662 963,B01,2,7,0,2,1,1,1,0.0
202300009930,155 662 960,A01,2,2,0,2,3,13,1,0.0
202300009930,155 662 961,B01,1,10,0,2,8,1,1,0.0
202300009931,155 662 957,B01,1,7,0,0,6,15,1,0.0
202300009931,155 662 958,A01,1,7,0,2,1,1,1,0.0
202300009932,155 662 956,A01,0,33,0,0,0,0,0,0.0
202300009933,155 662 955,A01,1,36,0,0,0,1,1,0.0
202300009934,155 662 952,B01,1,7,0,2,1,15,1,0.0
202300009934,155 662 953,C01,1,7,0,2,1,1,1,0.0
202300009934,155 662 954,A01,2,33,0,2,2,1,1,0.0
202300009935,155 662 951,A01,3,31,13,0,0,0,1,0.0
202300009936,155 662 949,A01,2,33,3,0,9,1,1,0.0
202300009936,155 662 950,B01,2,33,0,0,9,1,1,0.0
202300009937,155 662 947,A01,3,1,0,2,1,9,5,0.0
202300009937,155 662 948,B01,2,7,0,9,2,1,0,0.0
202300009938,155 662 946,A01,2,7,2,0,3,13,0,0.0
202300009939,155 662 944,A01,3,7,0,2,6,9,1,0.0
202300009939,155 662 945,B01,3,1,0,2,7,26,5,0.0
202300009940,155 662 943,A01,1,32,1,0,1,1,1,0.0
202300009941,155 662 942,A01,3,33,3,0,2,2,1,0.0
202300009942,155 662 940,B01,2,7,0,2,1,1,1,0.0