num_acc,id_vehicule,num_veh,senc,catv,obs,obsm,choc,manv,motor,occutc
202300009942,155 662 941,A01,1,7,0,2,2,19,1,0.0
202300009943,155 662 939,A01,1,33,12,0,1,0,1,0.0
202300009944,155 662 938,A01,1,7,0,1,2,1,1,0.0
202300009945,155 662 936,A01,1,7,0,2,9,1,1,0.0
202300009945,155 662 937,B01,1,7,0,2,3,19,1,0.0
202300009946,155 662 935,A01,2,7,0,0,9,21,1,0.0
202300009947,155 662 933,Z01,1,7,0,2,1,17,0,0.0
202300009947,155 662 934,A01,1,33,0,0,6,1,1,0.0
202300009948,155 662 932,A01,1,7,3,0,5,2,1,0.0
202300009949,155 662 929,A01,1,7,0,2,3,5,1,0.0
202300009949,155 662 930,B01,2,7,0,2,3,1,1,0.0
202300009949,155 662 931,C01,2,7,0,9,1,1,1,0.0
202300009950,155 662 927,B01,2,7,0,2,4,26,0,0.0
202300009950,155 662 928,A01,2,10,0,2,1,26,1,0.0
202300009951,155 662 925,B01,2,7,0,2,6,13,1,0.0
202300009951,155 662 926,A01,2,33,0,2,2,3,1,0.0
202300009952,155 662 924,A01,1,7,0,1,2,1,1,0.0
202300009953,155 662 923,A01,1,33,6,0,1,1,1,0.0
202300009954,155 662 920,A01,2,7,0,2,1,2,1,0.0
202300009954,155 662 921,C01,2,7,0,2,4,2,1,0.0
202300009954,155 662 922,B01,2,7,0,2,4,2,1,0.0
202300009955,155 662 918,A01,1,7,3,2,1,1,1,0.0
202300009955,155 662 919,Z01,1,7,3,2,1,1,1,0.0
202300009956,155 662 916,B01,1,7,4,2,1,11,1,0.0
202300009956,155 662 917,A01,1,7,4,2,5,1,1,0.0
202300009957,155 662 914,A01,2,33,0,2,3,3,1,0.0
202300009957,155 662 915,B01,2,7,0,2,2,12,1,0.0
202300009958,155 662 910,A01,1,7,0,2,8,10,1,0.0
202300009958,155 662 911,B01,2,10,0,2,2,2,1,0.0
202300009959,155 662 908,A01,1,32,0,2,2,1,1,0.0
202300009959,155 662 909,B01,1,10,0,2,7,0,1,0.0
202300009960,155 662 906,B01,1,7,1,2,5,1,1,0.0
202300009960,155 662 907,A01,1,7,1,2,9,18,2,0.0
202300009961,155 662 904,B01,1,33,0,2,1,1,1,0.0
202300009961,155 662 905,A01,2,7,0,2,3,15,1,0.0
202300009962,155 662 902,B01,3,80,0,2,8,2,3,0.0
202300009962,155 662 903,A01,3,7,0,2,2,17,1,0.0
202300009963,155 662 900,B01,1,7,0,2,4,23,1,0.0
202300009963,155 662 901,A01,1,7,0,2,1,1,1,0.0
202300009964,155 662 899,A01,2,7,1,0,1,1,1,0.0
202300009965,155 662 898,A01,1,33,13,0,1,1,1,0.0
202300009966,155 662 896,B01,2,7,0,2,3,1,1,0.0
202300009966,155 662 897,A01,2,50,0,2,7,9,3,0.0
202300009967,155 662 895,A01,0,33,5,0,7,1,1,0.0
202300009968,155 662 893,B01,1,1,0,2,1,16,0,0.0
202300009968,155 662 894,A01,1,7,0,2,2,16,1,0.0
202300009969,155 662 891,A01,1,2,0,2,8,19,1,0.0
202300009969,155 662 892,B01,1,37,0,2,2,1,3,3.0
202300009970,155 662 890,A01,3,7,0,1,3,1,1,0.0
202300009971,155 662 888,A01,1,7,0,2,1,1,1,0.0
202300009971,155 662 889,B01,1,7,0,2,1,1,1,0.0
202300009972,155 662 887,A01,1,7,3,0,1,9,1,0.0
202300009973,155 662 886,A01,3,33,13,0,7,15,1,0.0
202300009974,155 662 883,B01,0,10,0,0,0,0,1,0.0
202300009974,155 662 885,A01,2,17,0,0,1,1,1,0.0
202300009975,155 662 882,B01,3,7,0,2,3,21,1,0.0
202300009975,155 662 884,A01,3,7,0,2,2,21,1,0.0
202300009976,155 662 877,A01,1,7,0,2,3,9,1,0.0
202300009976,155 662 879,B01,2,50,0,2,1,25,3,0.0
202300009977,155 662 875,B01,2,7,0,2,6,1,1,0.0
202300009977,155 662 876,A01,1,7,0,2,1,9,1,0.0
202300009978,155 662 873,B01,2,7,0,2,7,1,1,0.0
202300009978,155 662 874,A01,2,7,0,2,1,2,3,0.0
202300009979,155 662 871,A01,1,7,0,2,2,16,1,0.0
202300009979,155 662 872,B01,1,1,0,2,8,15,5,0.0
202300009980,155 662 870,A01,3,7,1,0,2,14,1,0.0
202300009981,155 662 868,A01,2,10,0,2,2,16,1,0.0
202300009981,155 662 869,B01,2,2,0,2,8,18,1,0.0
202300009982,155 662 866,B01,2,33,0,2,1,1,1,0.0
202300009982,155 662 867,A01,2,7,0,9,1,15,1,0.0
202300009983,155 662 864,B01,1,33,0,2,1,1,1,0.0
202300009983,155 662 865,A01,1,7,0,2,1,15,1,0.0
202300009984,155 662 863,A01,3,7,0,1,1,1,1,0.0
202300009985,155 662 862,A01,3,7,0,1,3,1,1,0.0
202300009986,155 662 861,A01,2,7,1,0,2,14,1,0.0
202300009987,155 662 858,A01,3,7,0,2,1,2,1,0.0
202300009987,155 662 859,B01,3,7,0,2,6,2,1,0.0
202300009988,155 662 857,A01,3,7,15,0,7,14,0,0.0
202300009989,155 662 852,A01,2,7,0,2,1,16,1,0.0
202300009989,155 662 854,B01,1,32,0,2,3,5,1,0.0
202300009990,155 662 853,A01,1,7,0,2,7,1,1,0.0
202300009990,155 662 855,B01,1,7,0,2,1,1,1,0.0
202300009991,155 662 849,A01,2,31,0,2,1,1,1,0.0
202300009991,155 662 851,B01,1,7,0,2,1,15,1,0.0
202300009992,155 662 848,B01,3,7,0,2,3,1,1,0.0
202300009992,155 662 850,A01,3,10,0,2,7,15,1,0.0
202300009993,155 662 845,A01,1,7,0,2,1,15,1,0.0
202300009994,155 662 846,A01,1,33,0,2,1,1,1,0.0
202300009994,155 662 847,B01,2,7,0,2,5,15,1,0.0
202300009995,155 662 842,A01,2,7,0,2,1,15,1,0.0
202300009995,155 662 843,B01,1,36,0,2,3,1,0,0.0
202300009996,155 662 841,A01,1,7,0,2,1,16,1,0.0
202300009996,155 662 844,B01,3,7,0,2,3,1,1,0.0
202300009997,155 662 839,A01,0,2,0,2,1,17,1,0.0
202300009997,155 662 840,B01,1,7,0,2,3,15,1,0.0
202300009998,155 662 835,B01,3,43,0,2,3,17,1,0.0
202300009998,155 662 837,A01,3,7,0,2,1,11,1,0.0
202300009999,155 662 834,A01,1,7,0,2,2,2,0,0.0
202300009999,155 662 836,C01,1,7,0,2,4,2,0,0.0
202300009999,155 662 838,B01,1,7,0,2,4,2,0,0.0
202300010000,155 662 831,A01,1,80,0,2,1,1,3,0.0
202300010000,155 662 832,B01,1,7,0,9,5,1,1,0.0
202300010001,155 662 830,B01,1,33,0,2,2,3,1,0.0
202300010001,155 662 833,A01,1,7,0,2,8,11,1,0.0
202300010002,155 662 829,A01,2,30,16,0,0,1,1,0.0
202300010003,155 662 826,A01,1,7,0,1,1,1,1,0.0
202300010004,155 662 827,B01,1,7,0,2,5,2,1,0.0
202300010004,155 662 828,A01,1,7,0,2,3,2,1,0.0
202300010005,155 662 823,A01,2,7,0,2,8,1,1,0.0
202300010005,155 662 825,B01,1,2,0,2,1,1,1,0.0
202300010006,155 662 822,A01,1,80,0,2,3,1,3,0.0
202300010006,155 662 824,Z01,2,7,0,2,1,15,1,0.0
202300010007,155 662 819,B01,2,80,0,2,7,1,3,0.0
202300010007,155 662 821,A01,1,7,0,2,3,9,1,0.0
202300010008,155 662 817,A01,1,50,0,0,0,15,3,0.0
202300010009,155 662 818,B01,2,50,0,2,1,1,3,0.0
202300010009,155 662 820,A01,1,7,0,2,3,1,2,0.0
202300010010,155 662 814,B01,1,7,0,2,3,1,1,0.0
202300010010,155 662 816,A01,2,3,0,2,1,13,1,0.0
202300010011,155 662 813,A01,1,50,0,2,7,1,3,0.0
202300010011,155 662 815,B01,2,7,0,2,3,1,1,0.0
202300010012,155 662 811,A01,2,7,0,2,2,15,1,0.0
202300010012,155 662 812,B01,1,30,0,2,3,1,1,0.0
202300010013,155 662 807,B01,2,7,0,9,7,1,1,0.0
202300010013,155 662 809,A01,2,33,0,2,3,13,1,0.0
202300010014,155 662 808,B01,3,32,0,0,9,1,0,0.0
202300010014,155 662 810,A01,3,7,0,2,3,10,1,0.0
202300010015,155 662 805,Z01,2,50,0,1,7,25,3,0.0
202300010016,155 662 804,B01,1,1,0,0,0,0,5,0.0
202300010016,155 662 806,A01,1,7,0,2,0,1,1,0.0
202300010017,155 662 802,A01,2,7,0,1,0,1,1,0.0
202300010018,155 662 801,A01,2,7,0,2,1,15,1,0.0
202300010018,155 662 803,B01,1,1,0,2,8,1,5,0.0
202300010019,155 662 798,A01,1,7,0,2,1,1,1,0.0
202300010019,155 662 799,B01,1,7,0,0,4,1,1,0.0
202300010020,155 662 797,A01,1,7,0,2,1,11,1,0.0
202300010020,155 662 800,B01,1,1,0,2,2,1,5,0.0
202300010021,155 662 796,A01,2,7,1,0,1,14,1,0.0
202300010022,155 662 795,A01,2,7,0,1,2,0,1,0.0
202300010023,155 662 792,B01,2,43,16,0,3,15,1,0.0
202300010023,155 662 794,A01,1,80,0,2,2,5,3,0.0
202300010024,155 662 791,B01,3,1,0,2,7,1,5,0.0
202300010024,155 662 793,A01,3,7,0,2,1,9,1,0.0
202300010025,155 662 789,A01,2,7,0,1,2,1,1,0.0
202300010026,155 662 788,A01,3,7,0,2,8,15,1,0.0
202300010026,155 662 790,B01,3,34,0,2,7,1,1,0.0
202300010027,155 662 786,A01,2,7,0,2,1,26,1,0.0
202300010027,155 662 787,B01,2,7,0,2,1,15,1,0.0
202300010028,155 662 782,B01,0,7,0,2,4,2,1,0.0
202300010028,155 662 784,A01,0,7,0,2,1,1,1,0.0
202300010029,155 662 783,B01,0,7,0,1,1,0,0,0.0
202300010029,155 662 785,A01,0,7,0,1,3,0,0,0.0
202300010030,155 662 779,B01,1,10,0,2,1,1,1,0.0
202300010030,155 662 781,A01,1,10,0,2,4,1,1,0.0
202300010031,155 662 778,A01,3,7,0,2,3,16,1,0.0
202300010031,155 662 780,B01,3,7,0,2,1,1,1,0.0
202300010032,155 662 776,B01,2,7,0,9,7,1,1,0.0
202300010032,155 662 777,A01,2,1,0,2,8,26,5,0.0
202300010033,155 662 773,A01,3,0,0,0,0,0,0,0.0
202300010034,155 662 774,A01,1,7,0,2,2,15,1,0.0
202300010034,155 662 775,B01,3,80,0,2,1,19,3,0.0
202300010035,155 662 772,A01,3,10,0,1,1,0,0,0.0
202300010036,155 662 771,A01,1,7,6,0,1,2,1,0.0
202300010037,155 662 770,A01,3,10,0,1,1,1,1,0.0
202300010038,155 662 769,A01,0,7,12,1,2,1,1,0.0
202300010039,155 662 768,A01,1,2,8,0,1,13,1,0.0
202300010040,155 662 766,A01,1,7,13,0,1,1,1,0.0
202300010041,155 662 764,B01,0,7,0,2,4,23,1,0.0
202300010041,155 662 765,A01,0,7,0,2,1,1,1,0.0
202300010041,155 662 767,C01,0,7,0,2,4,23,1,0.0
202300010042,155 662 763,A01,3,33,12,0,8,2,1,0.0
202300010043,155 662 762,A01,2,7,6,0,9,2,1,0.0
202300010044,155 662 761,A01,2,7,2,0,9,1,1,0.0
202300010045,155 662 759,B01,1,7,0,2,2,2,1,0.0
202300010045,155 662 760,A01,1,7,4,2,3,13,1,0.0
202300010046,155 662 756,B01,1,7,0,2,2,2,2,0.0
202300010046,155 662 757,A01,1,10,0,2,8,13,1,0.0
202300010047,155 662 755,A01,3,2,0,0,0,0,0,0.0
202300010047,155 662 758,B01,3,7,0,0,0,0,0,0.0
202300010048,155 662 753,A01,2,43,0,2,3,3,1,0.0
202300010048,155 662 754,B01,2,7,0,2,7,12,1,0.0
202300010049,155 662 748,A01,1,31,0,2,1,3,1,0.0
202300010049,155 662 750,B01,1,10,0,2,4,12,1,0.0
202300010049,155 662 751,C01,1,7,4,0,8,1,1,0.0
202300010050,155 662 749,B01,2,99,1,2,1,13,3,0.0
202300010050,155 662 752,A01,2,7,1,2,4,17,1,0.0
202300010051,155 662 744,A01,1,7,0,2,1,2,1,0.0
202300010051,155 662 746,B01,1,10,0,2,4,2,1,0.0
202300010051,155 662 747,C01,1,10,0,2,4,1,1,0.0
202300010052,155 662 742,A01,3,30,0,0,7,16,1,0.0
202300010053,155 662 743,A01,2,7,0,2,1,15,1,0.0
202300010053,155 662 745,B01,1,50,0,2,8,0,3,0.0
202300010054,155 662 741,A01,2,1,0,0,1,9,5,0.0
202300010055,155 662 739,A01,1,34,0,0,1,1,1,0.0
202300010056,155 662 738,A01,2,7,0,2,3,16,0,0.0
202300010056,155 662 740,B01,0,2,0,2,0,0,-1,0.0
202300010057,155 662 737,A01,3,7,0,1,1,1,1,0.0
202300010058,155 662 735,A01,3,1,0,2,2,17,5,0.0
202300010058,155 662 736,B01,3,1,0,2,3,1,5,0.0
202300010059,155 662 733,A01,2,7,0,2,1,1,2,0.0
202300010059,155 662 734,B01,2,7,0,2,8,1,1,0.0
202300010060,155 662 730,Z01,1,7,0,2,0,13,0,0.0
202300010060,155 662 731,A01,3,33,0,2,2,18,1,0.0
202300010061,155 662 729,B01,3,7,0,2,1,1,1,0.0
202300010061,155 662 732,A01,0,7,0,2,1,1,1,0.0
202300010062,155 662 726,C01,1,1,1,2,9,1,5,0.0
202300010062,155 662 727,A01,1,7,0,2,8,22,1,0.0
202300010062,155 662 728,B01,1,1,1,0,9,1,5,0.0
202300010063,155 662 724,A01,2,7,0,2,0,16,2,0.0
202300010063,155 662 725,B01,2,1,0,2,1,1,5,0.0
202300010064,155 662 721,B01,1,7,0,2,8,1,3,0.0
202300010064,155 662 723,A01,1,30,0,2,1,1,1,0.0
202300010065,155 662 722,A01,1,7,1,0,1,21,1,0.0
202300010066,155 662 719,A01,1,31,0,2,1,2,1,0.0
202300010066,155 662 720,B01,1,1,0,2,4,2,5,0.0
202300010067,155 662 717,A01,1,33,0,2,8,3,1,0.0
202300010067,155 662 718,B01,1,7,0,2,7,1,1,0.0
202300010068,155 662 715,A01,2,7,0,2,3,10,1,0.0
202300010068,155 662 716,B01,2,50,0,2,1,2,3,0.0
202300010069,155 662 712,A01,1,7,0,2,5,1,1,0.0
202300010069,155 662 713,B01,1,7,0,2,1,1,1,0.0
202300010069,155 662 714,C01,1,7,0,2,1,1,1,0.0
202300010070,155 662 709,A01,1,7,0,2,4,1,1,0.0
202300010070,155 662 711,B01,1,7,0,2,1,1,4,0.0
202300010071,155 662 708,B01,1,7,0,2,2,12,1,0.0
202300010071,155 662 710,A01,1,32,0,2,8,2,1,0.0
202300010072,155 662 704,A01,3,7,0,2,1,2,1,0.0
202300010072,155 662 706,B01,3,7,0,0,4,0,1,0.0
202300010073,155 662 703,C01,1,7,0,2,7,1,2,0.0
202300010073,155 662 705,A01,1,15,0,2,2,12,1,0.0
202300010073,155 662 707,B01,1,7,0,2,6,1,1,0.0
202300010074,155 662 701,A01,1,7,9,0,5,15,1,0.0
202300010074,155 662 702,B01,1,7,0,0,1,1,1,0.0
202300010075,155 662 699,A01,1,33,0,2,1,3,1,0.0
202300010075,155 662 700,B01,1,7,0,2,6,11,1,0.0
202300010076,155 662 698,A01,2,33,0,0,8,1,0,0.0
202300010077,155 662 696,A01,1,7,0,2,4,4,1,0.0
202300010077,155 662 697,B01,1,2,0,2,1,2,1,0.0
202300010078,155 662 694,A01,1,34,0,2,7,17,1,0.0
202300010078,155 662 695,B01,1,7,0,2,8,13,1,0.0
202300010079,155 662 692,A01,3,15,0,2,2,16,1,0.0
202300010079,155 662 693,C01,3,80,0,2,4,1,3,0.0
202300010080,155 662 691,A01,3,31,0,0,9,21,1,0.0
202300010081,155 662 689,A01,2,7,0,2,2,1,2,0.0
202300010081,155 662 690,B01,3,7,0,2,8,16,1,0.0
202300010082,155 662 688,A01,1,43,0,6,1,1,1,0.0
202300010083,155 662 686,A01,1,7,0,2,6,15,1,0.0
202300010083,155 662 687,B01,1,31,0,2,1,21,3,0.0
202300010084,155 662 685,A01,1,7,7,0,3,14,1,0.0
202300010085,155 662 683,A01,1,7,0,2,3,10,2,0.0
202300010085,155 662 684,B01,1,43,0,2,1,1,1,0.0
202300010086,155 662 682,A01,1,33,13,0,7,1,1,0.0
202300010087,155 662 681,A01,1,7,6,0,4,4,1,0.0
202300010088,155 662 677,B01,2,37,0,2,8,1,1,1.0
202300010088,155 662 679,A01,1,30,0,2,8,13,3,0.0
202300010089,155 662 678,A01,2,7,0,2,2,11,1,0.0
202300010089,155 662 680,B01,1,2,0,2,1,1,1,0.0
202300010090,155 662 676,A01,1,33,0,1,1,1,1,0.0
202300010091,155 662 674,A01,3,1,0,0,1,1,5,0.0
202300010092,155 662 673,A01,1,30,0,2,1,17,1,0.0
202300010092,155 662 675,B01,3,7,0,0,3,15,1,0.0
202300010093,155 662 669,A01,1,31,0,2,2,9,1,0.0
202300010093,155 662 671,B01,1,7,0,2,3,1,1,0.0
202300010093,155 662 672,C01,1,7,0,2,6,1,1,0.0
202300010094,155 662 667,A01,1,7,0,1,5,20,1,0.0
202300010095,155 662 666,C01,1,7,0,2,1,1,1,0.0
202300010095,155 662 668,A01,1,7,0,2,3,11,1,0.0
202300010095,155 662 670,B01,1,7,0,2,5,11,1,0.0
202300010096,155 662 663,A01,2,10,0,2,5,22,1,0.0
202300010096,155 662 665,B01,2,1,0,2,2,1,5,0.0
202300010097,155 662 662,A01,2,7,0,2,7,12,1,0.0
202300010097,155 662 664,B01,2,7,0,2,1,1,1,0.0
202300010098,155 662 660,B01,1,15,0,2,5,1,1,0.0
202300010098,155 662 661,A01,2,1,0,2,3,16,5,0.0
202300010099,155 662 658,A01,3,32,12,0,7,16,1,0.0
202300010100,155 662 657,B01,2,7,0,2,2,15,1,0.0
202300010100,155 662 659,A01,2,7,0,0,3,1,1,0.0
202300010101,155 662 655,A01,2,7,0,2,2,1,1,0.0
202300010101,155 662 656,B01,1,34,0,2,1,1,3,0.0
202300010102,155 662 653,A01,2,31,0,2,1,17,1,0.0
202300010102,155 662 654,B01,1,7,0,2,1,1,1,0.0
202300010103,155 662 650,A01,3,7,0,2,2,15,1,0.0
202300010103,155 662 652,B01,2,10,0,2,3,1,1,0.0
202300010104,155 662 649,A01,1,7,0,2,2,21,1,0.0
202300010104,155 662 651,Z01,1,7,0,2,0,0,1,0.0
202300010105,155 662 645,A01,1,7,0,2,3,17,1,0.0
202300010105,155 662 648,B01,1,32,0,2,2,3,1,0.0
202300010106,155 662 644,A01,3,7,0,2,0,0,0,0.0
202300010106,155 662 646,B01,3,7,0,2,0,0,0,0.0
202300010107,155 662 647,A01,2,7,13,0,1,0,1,0.0
202300010108,155 662 641,B01,3,7,0,2,1,1,1,0.0
202300010108,155 662 643,A01,3,31,0,2,8,1,1,0.0
202300010109,155 662 640,B01,0,2,0,2,0,0,0,0.0
202300010109,155 662 642,A01,1,33,0,2,0,0,0,0.0
202300010110,155 662 638,A01,3,7,0,1,2,20,2,0.0
202300010111,155 662 637,A01,1,7,0,1,7,1,2,0.0
202300010112,155 662 639,A01,2,10,0,9,2,1,1,0.0
202300010113,155 662 632,A01,3,7,1,2,3,14,1,0.0
202300010113,155 662 634,B01,3,7,0,2,3,1,1,0.0
202300010114,155 662 631,B01,2,7,0,2,4,2,1,0.0
202300010114,155 662 633,C01,2,7,0,2,4,2,1,0.0
202300010114,155 662 635,D01,2,7,0,2,4,2,1,0.0
202300010114,155 662 636,A01,2,7,0,2,1,2,1,0.0
202300010115,155 662 627,A01,3,7,15,0,0,0,1,0.0
202300010116,155 662 628,B01,1,7,0,2,1,7,2,0.0
202300010116,155 662 629,A01,1,50,0,2,7,13,3,0.0
202300010117,155 662 624,A01,1,7,0,1,3,9,1,0.0
202300010118,155 662 623,A01,1,7,0,2,1,13,1,0.0
202300010118,155 662 625,C01,2,7,0,2,1,1,1,0.0
202300010118,155 662 630,B01,2,7,0,2,1,1,1,0.0
202300010119,155 662 622,A01,1,7,0,2,1,15,1,0.0
202300010119,155 662 626,B01,2,32,0,2,3,1,1,0.0
202300010120,155 662 620,A01,1,7,0,9,2,15,1,0.0
202300010120,155 662 621,B01,2,1,0,2,1,1,5,0.0
202300010121,155 662 618,A01,1,33,0,2,1,5,1,0.0
202300010121,155 662 619,B01,1,7,0,2,6,15,2,0.0
202300010122,155 662 616,A01,1,2,0,1,3,1,1,0.0
202300010123,155 662 615,A01,2,1,0,2,1,1,5,0.0
202300010123,155 662 617,Z01,1,7,0,2,5,15,0,0.0
202300010124,155 662 611,A01,2,7,0,2,1,26,1,0.0
202300010124,155 662 613,B01,1,30,0,2,8,15,1,0.0
202300010125,155 662 610,A01,2,32,0,2,1,1,1,0.0
202300010125,155 662 614,B01,2,7,0,2,2,15,1,0.0
202300010126,155 662 609,A01,2,7,0,2,3,2,1,0.0
202300010126,155 662 612,B01,2,17,0,0,5,0,1,0.0
202300010127,155 662 608,A01,1,10,0,1,1,15,1,0.0
202300010128,155 662 603,C01,2,10,0,2,1,1,1,0.0
202300010128,155 662 605,B01,1,7,0,2,3,0,2,0.0
202300010128,155 662 607,A01,2,7,0,2,1,1,1,0.0
202300010129,155 662 602,B01,0,2,0,2,1,1,1,0.0
202300010129,155 662 606,A01,0,7,0,2,5,9,1,0.0
202300010130,155 662 600,A01,1,10,0,2,1,26,1,0.0
202300010130,155 662 601,B01,1,10,0,2,4,0,1,0.0
202300010131,155 662 595,A01,3,7,0,2,1,1,0,0.0
202300010131,155 662 597,B01,3,7,0,2,0,16,0,0.0
202300010132,155 662 593,A01,2,7,0,2,4,2,1,0.0
202300010132,155 662 598,B01,2,7,0,2,1,2,3,0.0
202300010132,155 662 599,C01,2,7,0,2,1,2,1,0.0
202300010132,155 662 604,D01,2,7,0,2,1,2,1,0.0
202300010133,155 662 592,B01,2,50,0,2,8,1,3,0.0
202300010133,155 662 596,A01,1,10,0,2,1,15,1,0.0
202300010134,155 662 591,A01,1,7,0,2,1,2,2,0.0
202300010134,155 662 594,B01,1,7,0,2,4,15,1,0.0
202300010135,155 662 589,A01,2,7,16,0,1,14,1,0.0
202300010136,155 662 588,B01,1,1,0,2,2,0,5,0.0
202300010136,155 662 590,A01,1,10,0,2,2,21,1,0.0
202300010137,155 662 587,A01,1,7,0,0,9,1,1,0.0
202300010138,155 662 585,A01,1,7,7,0,3,1,1,0.0
202300010139,155 662 586,A01,1,7,0,1,3,1,1,0.0
202300010140,155 662 582,A01,2,10,0,2,3,15,1,0.0
202300010140,155 662 584,B01,1,33,0,2,3,1,1,0.0
202300010141,155 662 581,A01,1,7,0,0,6,2,1,0.0
202300010141,155 662 583,B01,1,7,0,2,2,2,1,0.0
202300010142,155 662 579,B01,2,10,0,2,3,15,1,0.0
202300010142,155 662 580,A01,2,33,0,2,1,17,1,0.0
202300010143,155 662 578,B01,1,0,0,1,0,0,0,0.0
202300010144,155 662 577,A01,2,7,9,0,1,16,1,0.0
202300010145,155 662 575,A01,2,43,12,0,1,1,1,0.0
202300010146,155 662 574,B01,2,7,0,2,3,15,1,0.0
202300010146,155 662 576,A01,2,43,0,0,7,17,1,0.0
202300010147,155 662 569,A01,1,7,0,2,8,9,0,0.0
202300010147,155 662 573,B01,1,7,0,2,1,1,1,0.0
202300010148,155 662 570,A01,1,33,10,0,1,0,1,0.0
202300010149,155 662 568,A01,3,7,0,2,5,1,2,0.0
202300010149,155 662 572,B01,3,43,0,2,1,0,1,0.0
202300010150,155 662 566,A01,1,10,0,2,1,2,1,0.0
202300010150,155 662 567,B01,1,7,0,2,4,2,1,0.0
202300010150,155 662 571,C01,1,7,0,0,4,2,1,0.0
202300010151,155 662 563,A01,3,7,0,1,8,4,1,0.0
202300010152,155 662 562,B01,3,31,0,2,8,1,1,0.0
202300010152,155 662 564,A01,3,7,0,2,3,19,1,0.0
202300010153,155 662 560,A01,3,7,0,1,5,19,1,0.0
202300010154,155 662 561,A01,2,7,0,2,8,23,1,0.0
202300010154,155 662 565,B01,2,7,0,2,2,1,1,0.0
202300010155,155 662 556,A01,1,33,15,0,1,0,1,0.0
202300010156,155 662 552,A01,3,7,12,0,3,16,2,0.0
202300010157,155 662 551,Z01,2,0,14,2,4,1,0,0.0
202300010157,155 662 554,A01,2,7,0,2,4,0,1,0.0
202300010157,155 662 555,B01,2,7,14,0,1,1,1,0.0
202300010157,155 662 557,C01,2,7,14,0,1,1,1,0.0
202300010158,155 662 550,A01,0,7,0,2,0,1,1,0.0
202300010158,155 662 553,B01,0,14,0,0,8,1,1,0.0
202300010159,155 662 548,A01,1,7,0,0,7,15,1,0.0
202300010159,155 662 549,B01,2,33,0,2,1,1,1,0.0
202300010160,155 662 546,A01,1,1,0,0,1,13,5,0.0
202300010161,155 662 544,B01,3,33,0,2,1,1,1,0.0
202300010161,155 662 547,A01,3,7,0,2,7,10,1,0.0
202300010162,155 662 543,A01,1,2,0,2,1,5,1,0.0
202300010162,155 662 545,B01,2,7,0,2,3,5,1,0.0
202300010163,155 662 541,B01,1,99,0,2,1,1,1,0.0
202300010163,155 662 542,A01,2,7,0,2,1,13,1,0.0
202300010164,155 662 538,B01,3,31,0,2,3,1,0,0.0
202300010164,155 662 540,A01,3,7,0,2,8,1,1,0.0
202300010165,155 662 537,A01,3,15,2,0,1,26,1,0.0
202300010166,155 662 535,A01,1,7,13,0,1,1,1,0.0
202300010167,155 662 534,C01,1,7,1,2,4,2,1,0.0
202300010167,155 662 536,A01,1,7,1,2,2,2,0,0.0
202300010167,155 662 539,B01,1,7,1,2,5,2,1,0.0
202300010168,155 662 529,A01,2,33,0,2,1,17,1,0.0
202300010168,155 662 533,B01,2,7,0,2,6,15,1,0.0
202300010169,155 662 527,A01,1,7,0,2,3,15,1,0.0
202300010169,155 662 531,B01,2,2,0,2,3,1,1,0.0
202300010170,155 662 526,A01,1,7,0,2,2,17,1,0.0
202300010170,155 662 530,B01,1,7,0,2,3,1,1,0.0
202300010171,155 662 525,A01,1,33,0,2,1,2,1,0.0
202300010171,155 662 528,C01,1,7,0,0,4,2,1,0.0
202300010171,155 662 532,B01,1,33,0,2,3,2,1,0.0
202300010172,155 662 519,A01,2,31,0,1,1,17,1,0.0
202300010173,155 662 517,C01,1,7,0,2,4,1,1,0.0
202300010173,155 662 521,B01,1,7,0,2,1,1,1,0.0
202300010173,155 662 523,A01,1,7,0,2,1,1,1,0.0
202300010174,155 662 518,C01,2,7,0,2,1,1,1,0.0
202300010174,155 662 522,A01,1,7,0,2,3,13,1,0.0
202300010174,155 662 524,B01,2,7,0,2,1,1,1,0.0
202300010175,155 662 516,B01,1,33,0,2,1,1,1,0.0
202300010175,155 662 520,A01,2,7,0,2,8,16,1,0.0
202300010176,155 662 512,A01,2,30,0,2,1,2,1,0.0
202300010176,155 662 514,B01,2,7,0,0,5,1,1,0.0
202300010177,155 662 513,A01,1,7,2,0,3,1,0,0.0
202300010178,155 662 511,A01,2,7,0,2,1,2,1,0.0
202300010178,155 662 515,B01,1,7,0,2,8,1,1,0.0
202300010179,155 662 510,A01,1,7,4,0,9,1,1,0.0
202300010180,155 662 507,A01,1,33,0,2,1,13,1,0.0
202300010180,155 662 509,B01,2,7,0,2,1,1,1,0.0
202300010181,155 662 506,A01,1,7,0,0,6,2,1,0.0
202300010181,155 662 508,B01,1,2,1,0,2,17,1,0.0
202300010182,155 662 504,A01,2,7,3,0,1,1,1,0.0
202300010183,155 662 505,A01,1,7,2,0,1,1,1,0.0
202300010184,155 662 503,A01,1,7,1,0,9,13,1,0.0
202300010185,155 662 498,A01,2,7,0,0,4,23,1,0.0
202300010185,155 662 500,B01,2,7,1,2,9,23,1,0.0
202300010185,155 662 502,C01,2,7,1,2,1,1,1,0.0
202300010186,155 662 497,B01,1,33,0,2,1,1,1,0.0
202300010186,155 662 501,A01,0,7,0,0,5,0,1,0.0
202300010187,155 662 496,A01,2,7,0,2,1,15,0,0.0