num_acc,id_vehicule,num_veh,senc,catv,obs,obsm,choc,manv,motor,occutc
202300010940,155 661 148,A01,2,10,0,2,3,15,1,0.0
202300010941,155 661 147,A01,3,1,0,2,3,19,5,0.0
202300010941,155 661 150,B01,2,7,0,2,1,1,2,0.0
202300010942,155 661 143,Z01,1,30,0,0,0,2,1,0.0
202300010943,155 661 140,B01,1,7,0,2,3,1,1,0.0
202300010943,155 661 142,C01,1,10,0,2,4,2,1,0.0
202300010943,155 661 144,A01,1,32,0,2,8,10,1,0.0
202300010944,155 661 138,A01,1,33,0,2,0,17,1,0.0
202300010945,155 661 139,B01,-1,7,0,1,1,1,-1,0.0
202300010946,155 661 136,A01,2,31,0,2,8,3,1,0.0
202300010946,155 661 141,B01,2,7,0,2,7,1,2,0.0
202300010947,155 661 135,A01,1,30,0,2,1,0,1,0.0
202300010947,155 661 137,B01,1,7,0,2,5,2,1,0.0
202300010948,155 661 134,A01,1,60,8,0,1,25,5,0.0
202300010949,155 661 128,A01,2,1,0,2,1,1,5,0.0
202300010949,155 661 132,B01,1,7,0,2,3,1,3,0.0
202300010950,155 661 127,A01,2,7,0,2,8,9,1,0.0
202300010950,155 661 133,B01,1,7,0,2,3,13,1,0.0
202300010951,155 661 125,B01,2,33,0,2,1,1,1,0.0
202300010951,155 661 130,A01,2,7,0,2,6,11,1,0.0
202300010952,155 661 122,A01,2,37,0,9,5,1,1,1.0
202300010952,155 661 126,B01,2,60,0,2,3,1,5,0.0
202300010953,155 661 123,A01,2,7,0,2,3,9,1,0.0
202300010953,155 661 129,B01,2,34,0,2,1,1,1,0.0
202300010954,155 661 121,A01,1,7,0,2,1,1,1,0.0
202300010954,155 661 124,B01,1,7,0,2,9,1,1,0.0
202300010954,155 661 131,C01,1,7,0,2,4,9,1,0.0
202300010955,155 661 119,A01,1,7,0,1,0,0,0,0.0
202300010956,155 661 117,B01,1,7,0,2,8,1,3,0.0
202300010956,155 661 120,A01,1,32,0,2,7,17,0,0.0
202300010957,155 661 116,A01,2,7,1,0,2,1,1,0.0
202300010958,155 661 110,D01,1,7,0,2,2,13,1,0.0
202300010958,155 661 112,C01,1,7,14,2,1,23,1,0.0
202300010958,155 661 115,A01,1,33,0,0,7,16,1,0.0
202300010958,155 661 118,B01,1,7,14,2,4,23,1,0.0
202300010959,155 661 109,B01,2,33,0,2,0,1,0,0.0
202300010959,155 661 114,A01,3,7,0,2,6,19,1,0.0
202300010960,155 661 108,A01,3,33,0,2,0,1,1,0.0
202300010961,155 661 105,A01,1,2,0,2,1,17,3,0.0
202300010961,155 661 111,B01,1,7,0,2,3,1,1,0.0
202300010962,155 661 107,A01,1,7,0,2,3,15,0,0.0
202300010962,155 661 113,B01,1,34,0,2,1,1,1,0.0
202300010963,155 661 102,B01,1,7,0,2,1,1,1,0.0
202300010963,155 661 103,A01,3,50,0,2,7,19,3,0.0
202300010964,155 661 101,A01,1,13,0,1,2,16,0,0.0
202300010965,155 661 100,B01,3,7,0,2,2,1,1,0.0
202300010965,155 661 106,A01,3,34,0,2,1,19,1,0.0
202300010966,155 661 098,A01,1,7,0,2,2,26,1,0.0
202300010966,155 661 104,B01,2,1,0,2,1,1,5,0.0
202300010967,155 661 096,A01,1,7,0,2,3,15,1,0.0
202300010967,155 661 099,B01,2,7,0,2,2,1,1,0.0
202300010968,155 661 097,A01,2,1,0,1,7,1,5,0.0
202300010969,155 661 093,A01,1,7,0,1,1,1,1,0.0
202300010970,155 661 092,B01,2,33,0,2,1,1,1,0.0
202300010970,155 661 095,A01,2,7,0,2,6,19,1,0.0
202300010971,155 661 091,B01,1,50,0,2,7,19,3,0.0
202300010971,155 661 094,A01,1,7,0,9,1,16,1,0.0
202300010972,155 661 088,B01,1,34,0,2,1,26,1,0.0
202300010972,155 661 090,A01,2,10,0,2,3,15,1,0.0
202300010973,155 661 085,A01,2,7,13,0,1,13,1,0.0
202300010974,155 661 087,A01,1,1,0,1,1,21,5,0.0
202300010975,155 661 084,B01,2,33,0,2,7,1,1,0.0
202300010975,155 661 089,A01,2,7,0,2,2,9,1,0.0
202300010976,155 661 082,B01,1,2,0,2,1,1,1,0.0
202300010976,155 661 086,A01,1,7,0,2,1,16,1,0.0
202300010977,155 661 080,B01,2,31,0,2,0,0,0,0.0
202300010977,155 661 083,A01,1,7,0,2,0,0,0,0.0
202300010978,155 661 079,A01,1,10,0,1,1,1,1,0.0
202300010979,155 661 076,Z01,1,50,9,2,0,25,3,0.0
202300010979,155 661 081,B01,2,1,9,2,0,25,5,0.0
202300010980,155 661 078,A01,2,30,0,0,0,21,1,0.0
202300010981,155 661 075,A01,1,7,0,2,3,1,2,0.0
202300010981,155 661 077,B01,2,7,0,2,3,1,1,0.0
202300010982,155 661 072,A01,1,32,0,2,8,7,1,0.0
202300010982,155 661 074,B01,1,7,0,2,7,16,1,0.0
202300010983,155 661 069,A01,1,33,0,2,1,1,1,0.0
202300010983,155 661 073,B01,2,7,0,2,3,9,1,0.0
202300010984,155 661 070,B01,2,32,0,2,2,1,1,0.0
202300010984,155 661 071,A01,2,7,0,2,3,9,1,0.0
202300010985,155 661 067,A01,2,7,15,0,1,0,3,0.0
202300010986,155 661 066,A01,1,7,0,1,1,1,1,0.0
202300010987,155 661 068,A01,2,80,0,1,1,1,3,0.0
202300010988,155 661 064,B01,1,10,0,2,8,1,1,0.0
202300010988,155 661 065,A01,1,7,0,2,1,19,1,0.0
202300010989,155 661 063,A01,3,7,0,1,1,1,0,0.0
202300010990,155 661 062,A01,1,7,15,1,1,25,1,0.0
202300010991,155 661 055,B01,1,7,0,0,4,1,1,0.0
202300010991,155 661 058,A01,1,7,0,2,1,1,1,0.0
202300010992,155 661 059,A01,3,7,0,2,1,26,1,0.0
202300010992,155 661 060,B01,3,33,0,2,7,26,1,0.0
202300010993,155 661 056,A01,1,80,0,0,1,1,3,0.0
202300010994,155 661 057,A01,1,7,0,2,3,1,1,0.0
202300010994,155 661 061,B01,2,7,0,2,6,1,1,0.0
202300010995,155 661 054,A01,3,7,0,1,3,1,1,0.0
202300010996,155 661 051,A01,1,7,0,2,3,2,1,0.0
202300010996,155 661 053,B01,1,7,0,2,5,2,1,0.0
202300010997,155 661 049,A01,2,7,0,1,1,1,1,0.0
202300010998,155 661 050,A01,2,30,14,0,1,1,1,0.0
202300010999,155 661 046,B01,1,10,0,2,1,12,1,0.0
202300010999,155 661 048,A01,1,33,0,2,2,3,3,0.0
202300011000,155 661 044,A01,3,7,0,2,2,17,1,0.0
202300011000,155 661 047,B01,3,33,0,2,1,1,0,0.0
202300011000,155 661 052,C01,3,7,0,2,6,2,1,0.0
202300011001,155 661 045,A01,3,3,0,1,1,21,1,0.0
202300011002,155 661 043,A01,2,33,7,0,1,1,1,0.0
202300011003,155 661 041,A01,1,7,0,1,7,2,1,0.0
202300011004,155 661 034,A01,1,10,0,0,1,1,0,0.0
202300011005,155 661 032,A01,1,7,0,2,1,9,1,0.0
202300011005,155 661 039,B01,1,7,0,2,4,1,1,0.0
202300011005,155 661 042,C01,2,7,0,2,0,0,1,0.0
202300011006,155 661 031,B01,1,1,0,2,0,1,5,0.0
202300011006,155 661 033,A01,2,7,0,0,0,13,1,0.0
202300011007,155 661 029,A01,3,30,0,2,1,17,1,0.0
202300011007,155 661 037,B01,3,7,0,2,8,1,1,0.0
202300011008,155 661 036,A01,2,17,4,0,1,1,1,0.0
202300011008,155 661 038,B01,2,7,0,0,0,1,1,0.0
202300011008,155 661 040,C01,2,7,0,0,0,0,1,0.0
202300011009,155 661 026,A01,1,7,9,0,1,0,1,0.0
202300011010,155 661 027,A01,2,7,0,1,2,1,1,0.0
202300011011,155 661 023,B01,1,7,0,2,4,26,1,0.0
202300011011,155 661 028,A01,1,7,0,2,1,26,1,0.0
202300011012,155 661 021,A01,1,30,0,2,7,1,1,0.0
202300011012,155 661 025,B01,2,7,0,2,6,15,2,0.0
202300011013,155 661 019,A01,3,7,0,1,3,13,1,0.0
202300011014,155 661 017,A01,0,7,5,1,1,1,1,0.0
202300011015,155 661 015,A01,1,7,0,2,0,15,2,0.0
202300011015,155 661 018,B01,2,34,0,2,2,17,0,0.0
202300011016,155 661 016,A01,3,7,0,2,7,19,0,0.0
202300011016,155 661 020,B01,3,34,0,2,8,19,0,0.0
202300011017,155 661 013,A01,2,7,13,0,1,13,1,0.0
202300011018,155 661 014,A01,2,7,0,1,1,2,0,0.0
202300011019,155 661 011,A01,2,30,7,0,1,13,0,0.0
202300011020,155 661 008,A01,1,34,0,2,1,1,1,0.0
202300011020,155 661 012,B01,1,34,0,2,4,1,1,0.0
202300011021,155 661 006,A01,2,7,0,2,5,15,1,0.0
202300011021,155 661 010,B01,1,32,0,2,1,1,1,0.0
202300011022,155 661 007,A01,2,43,0,1,1,1,1,0.0
202300011023,155 661 005,A01,2,2,0,2,1,18,1,0.0
202300011023,155 661 009,B01,1,7,0,2,5,15,1,0.0
202300011024,155 661 000,A01,3,0,0,2,1,1,0,0.0
202300011024,155 661 003,B01,3,1,0,2,4,1,0,0.0
202300011025,155 660 997,B01,0,33,0,2,1,5,0,0.0
202300011025,155 661 002,A01,0,7,0,2,3,9,1,0.0
202300011026,155 660 998,X01,2,50,0,2,1,1,3,0.0
202300011026,155 661 001,Y01,1,1,0,2,8,1,5,0.0
202300011027,155 660 996,A01,3,7,0,2,1,13,1,0.0
202300011027,155 660 999,B01,3,32,0,2,1,1,1,0.0
202300011028,155 660 994,A01,1,7,0,2,8,22,1,0.0
202300011028,155 660 995,B01,1,50,1,2,1,17,3,0.0
202300011029,155 660 991,A01,3,7,4,0,1,0,1,0.0
202300011030,155 660 987,A01,0,10,0,2,1,16,1,0.0
202300011030,155 660 990,B01,3,7,0,1,1,2,1,0.0
202300011031,155 660 986,A01,1,7,0,2,1,2,1,0.0
202300011031,155 660 989,B01,1,7,0,2,4,2,1,0.0
202300011031,155 660 992,C01,1,7,0,2,4,2,0,0.0
202300011032,155 660 985,A01,3,7,0,1,3,15,1,0.0
202300011033,155 660 983,B01,2,7,0,2,1,15,1,0.0
202300011033,155 660 988,A01,1,7,0,2,1,16,1,0.0
202300011034,155 660 981,B01,-1,33,1,2,1,1,1,0.0
202300011034,155 660 984,A01,-1,3,0,2,8,1,1,0.0
202300011035,155 660 979,B01,2,7,0,2,3,1,1,0.0
202300011035,155 660 980,A01,1,7,0,2,3,1,1,0.0
202300011036,155 660 974,A01,1,7,0,2,2,1,1,0.0
202300011036,155 660 977,B01,1,7,0,2,8,15,1,0.0
202300011037,155 660 971,A01,3,7,0,1,8,1,0,0.0
202300011037,155 660 978,B01,3,7,0,2,3,23,0,0.0
202300011038,155 660 969,A01,2,7,0,2,1,1,1,0.0
202300011038,155 660 973,D01,2,7,0,2,4,23,1,0.0
202300011038,155 660 975,C01,2,7,0,2,4,23,1,0.0
202300011038,155 660 976,B01,2,10,0,2,4,23,1,0.0
202300011039,155 660 967,A01,0,37,0,1,2,16,1,1.0
202300011040,155 660 968,B01,1,7,0,2,3,15,1,0.0
202300011040,155 660 972,A01,1,30,0,2,7,17,1,0.0
202300011041,155 660 966,A01,1,1,0,1,1,21,5,0.0
202300011042,155 660 963,A01,1,10,0,1,2,1,1,0.0
202300011043,155 660 962,B01,3,33,0,2,1,1,0,0.0
202300011043,155 660 964,A01,0,7,0,2,2,5,1,0.0
202300011044,155 660 960,A01,1,7,0,2,2,1,0,0.0
202300011044,155 660 961,B01,3,50,0,2,3,1,3,0.0
202300011045,155 660 959,A01,2,33,13,0,1,1,1,0.0
202300011046,155 660 965,C01,1,7,0,2,3,1,1,0.0
202300011046,155 660 970,A01,2,7,0,2,1,13,1,0.0
202300011046,155 660 982,B01,1,7,0,2,3,1,1,0.0
202300011046,155 660 993,D01,1,7,0,2,1,1,1,0.0
202300011047,155 660 956,A01,2,10,12,2,7,1,1,0.0
202300011047,155 660 958,B01,1,3,0,0,0,0,1,0.0
202300011048,155 660 954,A01,1,7,13,0,1,1,1,0.0
202300011049,155 660 955,A01,0,7,0,1,0,25,0,0.0
202300011050,155 660 953,A01,1,7,0,2,1,1,1,0.0
202300011050,155 660 957,B01,1,7,0,2,6,4,1,0.0
202300011051,155 660 951,A01,2,7,1,0,1,13,1,0.0
202300011052,155 660 952,A01,1,7,12,0,0,0,1,0.0
202300011053,155 660 949,A01,3,7,0,1,1,9,1,0.0
202300011054,155 660 943,A01,1,7,0,1,2,2,0,0.0
202300011055,155 660 947,A01,3,7,0,2,3,0,1,0.0
202300011055,155 660 950,B01,3,30,0,2,1,13,1,0.0
202300011056,155 660 941,A01,3,7,0,2,3,17,1,0.0
202300011056,155 660 942,B01,3,7,0,2,1,1,1,0.0
202300011056,155 660 945,C01,3,7,0,2,3,1,1,0.0
202300011057,155 660 940,B01,1,7,0,2,4,23,1,0.0
202300011057,155 660 946,A01,1,10,0,2,1,0,1,0.0
202300011058,155 660 944,B01,0,7,0,2,7,1,1,0.0
202300011058,155 660 948,A01,0,7,0,2,1,1,1,0.0
202300011059,155 660 937,B01,1,31,0,2,7,26,0,0.0
202300011059,155 660 939,A01,1,7,0,9,1,26,0,0.0
202300011060,155 660 933,A01,1,10,0,1,1,15,3,0.0
202300011061,155 660 932,A01,2,7,0,1,1,5,0,0.0
202300011062,155 660 931,A01,1,30,1,0,2,1,3,0.0
202300011063,155 660 935,A01,1,7,0,2,1,10,1,0.0
202300011063,155 660 938,B01,1,33,0,2,8,1,1,0.0
202300011064,155 660 930,A01,2,7,0,2,1,5,1,0.0
202300011064,155 660 934,B01,1,7,0,2,1,1,1,0.0
202300011064,155 660 936,C01,1,7,0,2,1,1,1,0.0
202300011065,155 660 926,A01,1,7,0,2,3,10,1,0.0
202300011065,155 660 929,B01,1,2,0,2,3,1,1,0.0
202300011066,155 660 925,A01,1,7,0,2,1,21,1,0.0
202300011066,155 660 928,B01,1,7,0,2,3,1,1,0.0
202300011067,155 660 923,B01,0,7,0,0,4,1,1,0.0
202300011067,155 660 927,A01,0,13,0,2,1,1,1,0.0
202300011068,155 660 922,A01,0,7,12,0,2,14,1,0.0
202300011069,155 660 917,B01,3,1,0,2,4,9,5,0.0
202300011069,155 660 920,A01,2,7,0,2,1,1,1,0.0
202300011070,155 660 916,B01,1,30,0,2,1,2,1,0.0
202300011070,155 660 918,C01,1,7,0,2,4,2,1,0.0
202300011070,155 660 919,A01,1,7,0,2,1,2,1,0.0
202300011071,155 660 915,A01,1,7,0,1,8,1,1,0.0
202300011072,155 660 910,A01,3,7,0,9,4,4,1,0.0
202300011072,155 660 913,B01,3,33,0,2,1,1,1,0.0
202300011073,155 660 912,A01,1,32,1,2,1,1,1,0.0
202300011073,155 660 914,B01,0,1,1,2,8,1,5,0.0
202300011074,155 660 906,B01,3,7,0,2,7,2,1,0.0
202300011074,155 660 911,A01,3,37,0,2,1,2,1,1.0
202300011075,155 660 907,A01,2,7,0,2,8,15,1,0.0
202300011075,155 660 909,B01,1,34,0,2,1,1,1,0.0
202300011076,155 660 908,A01,1,7,0,1,7,16,1,0.0
202300011077,155 660 900,A01,1,13,0,2,1,1,0,0.0
202300011077,155 660 902,B01,1,3,0,2,4,1,0,0.0
202300011078,155 660 901,A01,1,7,0,2,2,15,1,0.0
202300011078,155 660 904,B01,2,33,0,2,1,1,1,0.0
202300011079,155 660 897,Z01,1,7,0,2,1,1,1,0.0
202300011079,155 660 903,B01,2,7,0,2,1,9,1,0.0
202300011080,155 660 896,A01,2,30,0,2,7,1,1,0.0
202300011080,155 660 899,B01,2,50,0,2,1,14,3,0.0
202300011081,155 660 894,A01,1,33,0,0,7,2,1,0.0
202300011082,155 660 893,A01,3,7,0,2,8,2,1,0.0
202300011082,155 660 895,B01,3,31,0,2,8,15,1,0.0
202300011083,155 660 898,B01,2,7,0,0,4,9,0,0.0
202300011083,155 660 905,A01,2,7,0,2,1,2,1,0.0
202300011084,155 660 890,A01,1,7,5,0,1,1,1,0.0
202300011085,155 660 889,A01,0,7,0,2,1,1,0,0.0
202300011085,155 660 892,B01,3,7,0,2,8,9,1,0.0
202300011086,155 660 888,B01,0,7,0,2,2,5,1,0.0
202300011086,155 660 891,A01,0,1,0,2,8,14,5,0.0
202300011087,155 660 886,A01,3,33,0,0,0,21,1,0.0
202300011088,155 660 884,A01,1,7,0,1,2,26,1,0.0
202300011089,155 660 885,A01,2,7,0,2,3,13,1,0.0
202300011089,155 660 887,B01,1,33,0,2,1,1,1,0.0
202300011090,155 660 882,A01,1,7,0,1,2,16,4,0.0
202300011091,155 660 883,A01,1,7,0,1,2,2,1,0.0
202300011092,155 660 880,A01,1,7,0,2,2,15,1,0.0
202300011092,155 660 881,B01,2,31,0,2,1,19,1,0.0
202300011093,155 660 879,A01,1,7,2,0,1,2,1,0.0
202300011094,155 660 877,A01,3,33,0,2,1,1,1,0.0
202300011094,155 660 878,B01,3,7,0,2,3,1,1,0.0
202300011095,155 660 875,A01,2,7,3,0,1,13,1,0.0
202300011096,155 660 873,A01,0,7,0,2,3,15,0,0.0
202300011096,155 660 876,B01,0,32,0,2,1,1,1,0.0
202300011097,155 660 872,B01,1,1,0,2,8,1,5,0.0
202300011097,155 660 874,A01,2,7,0,2,7,16,1,0.0
202300011098,155 660 870,A01,3,7,2,0,3,14,1,0.0
202300011099,155 660 868,A01,2,7,0,2,5,17,0,0.0
202300011099,155 660 871,B01,1,33,0,2,1,1,0,0.0
202300011100,155 660 863,B01,1,30,0,2,1,1,6,0.0
202300011100,155 660 865,A01,1,7,0,2,2,2,6,0.0
202300011101,155 660 864,A01,0,31,1,0,0,0,0,0.0
202300011102,155 660 867,A01,3,7,8,0,3,1,1,0.0
202300011103,155 660 860,A01,2,10,0,1,3,1,1,0.0
202300011104,155 660 859,A01,2,10,0,2,1,2,1,0.0
202300011104,155 660 862,B01,2,7,0,2,4,2,1,0.0
202300011105,155 660 857,B01,1,60,0,2,0,0,5,0.0
202300011105,155 660 861,A01,1,7,0,2,1,0,1,0.0
202300011106,155 660 855,A01,2,1,1,0,3,21,5,0.0
202300011107,155 660 854,A01,1,1,0,1,1,1,5,0.0
202300011108,155 660 852,A01,2,50,0,1,3,21,3,0.0
202300011109,155 660 853,B01,1,7,0,0,6,1,1,0.0
202300011109,155 660 856,A01,1,33,0,2,1,1,1,0.0
202300011109,155 660 858,C01,2,7,0,2,1,0,1,0.0
202300011110,155 660 849,A01,3,7,0,2,6,16,1,0.0
202300011110,155 660 851,B01,3,30,0,2,2,1,1,0.0
202300011111,155 660 848,A01,1,50,0,2,1,13,3,0.0
202300011111,155 660 850,B01,2,80,0,2,1,1,3,0.0
202300011112,155 660 847,A01,0,10,0,1,2,1,3,0.0
202300011113,155 660 845,A01,2,50,14,0,1,21,3,0.0
202300011114,155 660 843,Z01,3,7,0,2,5,9,0,0.0
202300011114,155 660 846,B01,3,30,0,2,3,1,1,0.0
202300011115,155 660 841,A01,2,7,0,2,1,1,3,0.0
202300011115,155 660 844,B01,2,7,0,2,3,1,2,0.0
202300011116,155 660 838,A01,3,10,0,2,3,10,1,0.0
202300011116,155 660 840,B01,3,2,0,2,1,17,1,0.0
202300011117,155 660 836,A01,2,7,0,2,8,1,1,0.0
202300011117,155 660 839,B01,2,33,0,2,7,3,1,0.0
202300011117,155 660 842,C01,2,10,0,2,7,1,1,0.0
202300011118,155 660 835,A01,3,7,0,1,2,1,1,0.0
202300011119,155 660 834,A01,2,7,0,2,1,15,1,0.0
202300011119,155 660 837,B01,1,7,7,2,1,1,1,0.0
202300011120,155 660 833,Z01,3,7,8,0,1,1,1,0.0
202300011121,155 660 832,A01,0,7,0,1,2,1,1,0.0
202300011122,155 660 831,A01,3,33,4,0,2,14,1,0.0
202300011123,155 660 830,A01,2,30,1,0,1,14,3,0.0
202300011124,155 660 824,A01,3,43,0,2,7,1,1,0.0
202300011124,155 660 827,Z01,3,7,0,2,8,13,1,0.0
202300011125,155 660 825,A01,2,7,0,2,2,15,3,0.0
202300011125,155 660 828,B01,1,33,0,2,1,1,1,0.0
202300011126,155 660 822,A01,2,7,0,2,2,15,1,0.0
202300011126,155 660 826,B01,1,32,0,2,1,1,1,0.0
202300011127,155 660 823,B01,1,7,0,2,4,1,1,0.0
202300011127,155 660 829,A01,1,7,0,2,1,1,1,0.0
202300011128,155 660 821,A01,3,7,1,0,2,14,1,0.0
202300011129,155 660 818,A01,1,7,0,2,3,10,1,0.0
202300011129,155 660 820,B01,1,33,0,2,2,1,1,0.0
202300011130,155 660 816,A01,0,7,0,2,3,16,0,0.0
202300011130,155 660 819,B01,0,30,0,2,8,23,0,0.0
202300011131,155 660 813,A01,2,32,0,2,8,2,1,0.0
202300011131,155 660 815,B01,2,30,0,2,1,2,3,0.0
202300011132,155 660 814,Z01,3,7,0,2,8,1,0,0.0
202300011132,155 660 817,B01,3,33,0,2,8,1,1,0.0
202300011133,155 660 810,A01,0,7,15,0,1,19,1,0.0
202300011133,155 660 812,B01,3,7,0,2,5,1,1,0.0
202300011134,155 660 809,A01,2,37,0,9,2,17,0,1.0
202300011134,155 660 811,B01,2,1,0,2,6,13,5,0.0
202300011135,155 660 806,B01,2,7,0,2,1,1,1,0.0
202300011135,155 660 808,A01,1,7,0,2,1,15,1,0.0
202300011136,155 660 804,B01,3,7,0,2,6,0,1,0.0
202300011136,155 660 807,A01,3,32,0,2,2,2,1,0.0
202300011137,155 660 803,A01,1,1,0,1,1,1,5,0.0
202300011138,155 660 802,A01,1,7,0,2,1,1,6,0.0
202300011138,155 660 805,B01,1,60,0,2,0,0,5,0.0
202300011139,155 660 799,A01,1,10,0,2,2,1,0,0.0
202300011139,155 660 801,B01,1,32,0,2,8,18,1,0.0
202300011140,155 660 797,A01,0,7,1,2,1,1,1,0.0
202300011140,155 660 800,C01,2,7,0,2,0,19,1,0.0
202300011141,155 660 795,A01,3,7,0,2,2,15,2,0.0
202300011141,155 660 798,B01,3,7,0,2,3,1,1,0.0
202300011142,155 660 796,A01,1,7,0,1,5,1,1,0.0
202300011143,155 660 792,B01,2,43,0,2,1,1,1,0.0
202300011143,155 660 794,A01,2,7,0,2,6,15,2,0.0
202300011144,155 660 791,A01,1,10,0,2,1,1,1,0.0
202300011144,155 660 793,B01,1,7,0,2,2,26,3,0.0
202300011145,155 660 790,A01,2,7,12,1,1,1,1,0.0
202300011146,155 660 787,B01,2,7,0,2,4,2,1,0.0
202300011146,155 660 789,A01,2,7,0,2,2,2,1,0.0
202300011147,155 660 786,A01,3,7,0,2,3,9,1,0.0
202300011147,155 660 788,B01,2,43,0,2,1,1,1,0.0
202300011148,155 660 782,B01,1,7,0,2,6,1,1,0.0
202300011148,155 660 784,C01,2,7,0,2,8,1,1,0.0
202300011148,155 660 785,A01,1,34,0,2,1,17,1,0.0
202300011149,155 660 781,A01,1,7,2,0,3,1,1,0.0
202300011150,155 660 780,B01,1,7,0,2,8,15,1,0.0
202300011150,155 660 783,A01,1,33,0,2,1,2,1,0.0
202300011151,155 660 779,A01,1,7,13,0,9,1,1,0.0
202300011152,155 660 778,A01,1,33,14,2,1,1,1,0.0
202300011153,155 660 777,A01,0,7,1,1,2,13,1,0.0
202300011154,155 660 773,A01,0,7,0,2,5,12,0,0.0
202300011154,155 660 776,B01,0,7,0,2,3,1,0,0.0
202300011155,155 660 774,A01,1,7,13,0,1,1,1,0.0
202300011156,155 660 772,A01,1,7,0,2,1,2,1,0.0
202300011156,155 660 775,B01,1,7,0,2,4,2,2,0.0
202300011157,155 660 770,A01,2,15,3,0,2,20,1,0.0
202300011158,155 660 768,A01,2,33,0,2,1,17,1,0.0
202300011158,155 660 771,B01,2,21,0,0,3,11,1,0.0
202300011159,155 660 766,A01,2,7,0,2,1,2,1,0.0
202300011159,155 660 767,B01,2,7,0,0,4,23,1,0.0
202300011159,155 660 769,C01,2,7,0,0,4,23,1,0.0
202300011160,155 660 762,A01,2,7,0,2,2,1,1,0.0
202300011160,155 660 764,B01,2,1,0,2,8,1,5,0.0
202300011161,155 660 763,A01,2,7,0,2,8,0,1,0.0
202300011161,155 660 765,B01,2,43,0,2,2,0,1,0.0
202300011162,155 660 761,A01,1,7,1,1,2,1,1,0.0
202300011163,155 660 760,A01,1,7,0,1,2,2,1,0.0
202300011164,155 660 759,A01,1,2,6,0,7,1,1,0.0
202300011165,155 660 756,A01,1,7,0,2,3,20,1,0.0
202300011165,155 660 758,B01,1,32,0,2,2,1,1,0.0
202300011166,155 660 755,A01,0,7,0,2,3,1,1,0.0
202300011166,155 660 757,B01,0,7,0,2,3,1,2,0.0
202300011167,155 660 754,A01,1,32,0,0,2,1,1,0.0
202300011168,155 660 753,A01,1,7,0,1,3,1,1,0.0
202300011169,155 660 752,A01,1,7,12,1,1,20,1,0.0
202300011170,155 660 751,A01,1,7,13,0,3,0,1,0.0
202300011171,155 660 749,A01,1,2,6,0,7,1,1,0.0
202300011172,155 660 747,A01,1,33,13,0,1,1,1,0.0
202300011173,155 660 748,A01,1,7,0,9,1,1,1,0.0
202300011173,155 660 750,B01,1,80,0,0,4,11,3,0.0
202300011174,155 660 746,A01,3,2,6,0,1,1,1,0.0
202300011175,155 660 743,A01,0,7,3,2,1,1,1,0.0
202300011175,155 660 745,B01,0,1,3,2,0,0,5,0.0
202300011176,155 660 744,A01,3,7,2,0,1,1,1,0.0
202300011177,155 660 741,B01,2,1,0,2,8,1,5,0.0
202300011177,155 660 742,A01,2,7,0,2,7,1,1,0.0
202300011178,155 660 740,A01,2,7,15,0,1,1,1,0.0
202300011179,155 660 737,A01,2,7,4,0,3,2,1,0.0
202300011180,155 660 736,A01,2,7,13,0,9,14,1,0.0
202300011181,155 660 738,A01,1,37,0,2,7,1,1,1.0
202300011181,155 660 739,B01,2,60,0,2,1,5,5,0.0
202300011182,155 660 735,A01,2,33,0,0,7,2,1,0.0
202300011183,155 660 734,A01,3,7,14,0,1,1,0,0.0
202300011184,155 660 733,A01,1,33,4,0,7,16,1,0.0
202300011185,155 660 731,A01,1,7,0,0,3,2,1,0.0
202300011186,155 660 730,A01,1,7,0,2,1,13,1,0.0
202300011186,155 660 732,B01,2,21,0,2,1,1,1,0.0
202300011187,155 660 728,A01,2,33,0,2,1,17,1,0.0
202300011187,155 660 729,B01,2,20,0,0,3,15,1,0.0
202300011188,155 660 725,B01,1,7,0,2,1,1,1,0.0
202300011188,155 660 727,A01,2,7,0,2,3,1,1,0.0
202300011189,155 660 724,A01,3,2,0,2,1,0,1,0.0
202300011189,155 660 726,B01,3,2,0,0,1,0,1,0.0
202300011190,155 660 722,B01,1,7,13,2,3,21,1,0.0
202300011190,155 660 723,A01,2,7,0,2,3,13,1,0.0
202300011191,155 660 719,A01,2,7,0,2,1,2,1,0.0
202300011191,155 660 721,B01,2,0,0,2,4,2,-1,0.0
202300011192,155 660 718,B01,1,1,0,2,1,26,5,0.0
202300011192,155 660 720,A01,1,7,0,2,2,26,1,0.0
202300011193,155 660 714,B01,0,7,0,2,2,9,1,0.0
202300011193,155 660 716,A01,0,34,0,2,3,1,1,0.0
202300011194,155 660 715,A01,1,7,0,0,1,1,1,0.0
202300011194,155 660 717,B01,2,7,0,0,1,13,1,0.0
202300011195,155 660 712,A01,2,7,0,2,1,2,1,0.0
202300011195,155 660 713,B01,2,1,0,2,4,1,5,0.0
202300011196,155 660 711,A01,3,7,6,0,1,1,1,0.0
202300011197,155 660 710,A01,2,7,0,0,0,1,1,0.0
202300011198,155 660 709,A01,1,32,0,0,8,1,1,0.0
202300011199,155 660 706,A01,3,33,0,2,3,1,1,0.0
202300011199,155 660 708,B01,3,7,0,2,3,1,1,0.0
202300011200,155 660 705,A01,3,7,0,2,3,15,1,0.0
202300011200,155 660 707,B01,3,3,0,2,1,1,1,0.0
202300011201,155 660 700,D01,2,7,0,2,1,1,1,0.0