num_acc,id_vehicule,num_veh,senc,catv,obs,obsm,choc,manv,motor,occutc
202300011711,155 659 783,A01,2,7,0,2,3,15,6,0.0
202300011712,155 659 779,A01,3,0,0,0,1,2,1,0.0
202300011713,155 659 777,B01,1,7,0,2,5,1,1,0.0
202300011713,155 659 778,A01,1,7,0,2,3,1,1,0.0
202300011714,155 659 776,A01,3,7,0,1,2,9,1,0.0
202300011715,155 659 774,A01,1,30,0,2,1,2,1,0.0
202300011715,155 659 775,B01,1,1,0,2,4,1,5,0.0
202300011716,155 659 771,A01,1,80,0,2,1,1,2,0.0
202300011716,155 659 773,B01,1,7,0,2,4,23,1,0.0
202300011717,155 659 772,A01,2,7,0,1,3,19,1,0.0
202300011718,155 659 770,A01,1,30,16,0,1,1,1,0.0
202300011719,155 659 768,A01,1,33,15,0,2,16,1,0.0
202300011720,155 659 765,A01,2,7,0,1,2,16,1,0.0
202300011721,155 659 766,A01,1,10,0,2,1,1,1,0.0
202300011721,155 659 767,B01,1,7,0,2,4,1,1,0.0
202300011721,155 659 769,C01,1,7,0,2,4,1,1,0.0
202300011722,155 659 763,B01,2,30,0,2,4,23,1,0.0
202300011722,155 659 764,A01,2,7,0,2,1,1,1,0.0
202300011723,155 659 760,A01,2,7,0,2,7,1,1,0.0
202300011723,155 659 762,B01,1,7,0,0,2,1,1,0.0
202300011724,155 659 761,A01,1,7,0,1,1,1,2,0.0
202300011725,155 659 757,A01,1,13,0,2,8,22,1,0.0
202300011725,155 659 759,B01,1,1,0,2,1,1,5,0.0
202300011726,155 659 758,A01,1,33,0,0,0,1,1,0.0
202300011727,155 659 753,B01,2,7,1,0,1,1,1,0.0
202300011727,155 659 755,A01,2,10,1,0,4,23,3,0.0
202300011728,155 659 754,A01,1,10,0,2,3,22,1,0.0
202300011728,155 659 756,B01,1,1,1,0,1,1,5,0.0
202300011729,155 659 752,Z01,2,1,0,1,0,5,5,0.0
202300011730,155 659 750,A01,0,1,0,2,0,19,5,0.0
202300011730,155 659 751,B01,1,33,0,2,1,1,1,0.0
202300011731,155 659 749,A01,1,80,0,0,0,7,3,0.0
202300011732,155 659 748,A01,2,1,0,0,0,1,5,0.0
202300011733,155 659 747,A01,2,10,0,1,3,1,3,0.0
202300011734,155 659 745,B01,3,13,0,2,0,15,0,0.0
202300011734,155 659 746,A01,1,1,0,2,4,1,5,0.0
202300011735,155 659 743,A01,1,7,0,2,5,12,1,0.0
202300011735,155 659 744,B01,1,32,0,2,3,1,1,0.0
202300011736,155 659 741,A01,2,7,0,2,8,15,1,0.0
202300011736,155 659 742,B01,1,50,0,2,8,11,3,0.0
202300011737,155 659 739,A01,2,7,8,2,2,15,0,0.0
202300011737,155 659 740,B01,1,10,8,2,1,1,0,0.0
202300011738,155 659 736,B01,2,34,0,2,1,1,0,0.0
202300011738,155 659 737,A01,1,7,0,2,1,19,1,0.0
202300011739,155 659 734,A01,1,7,0,2,1,1,3,0.0
202300011739,155 659 735,B01,1,7,0,2,4,26,1,0.0
202300011740,155 659 730,A01,3,7,0,2,3,16,1,0.0
202300011740,155 659 731,B01,3,80,0,2,1,1,3,0.0
202300011741,155 659 728,B01,0,7,0,2,3,9,1,0.0
202300011741,155 659 729,Z01,3,7,0,2,0,0,1,0.0
202300011742,155 659 727,A01,3,7,6,0,2,26,1,0.0
202300011743,155 659 726,A01,3,2,0,0,3,26,1,0.0
202300011744,155 659 725,A01,1,7,1,0,2,1,0,0.0
202300011745,155 659 723,A01,1,7,0,2,3,1,1,0.0
202300011745,155 659 724,B01,2,7,0,2,3,1,1,0.0
202300011746,155 659 722,A01,1,7,0,1,3,1,1,0.0
202300011747,155 659 720,A01,1,7,0,2,1,1,2,0.0
202300011747,155 659 721,B01,1,50,0,2,7,1,3,0.0
202300011748,155 659 718,A01,2,30,0,9,4,2,1,0.0
202300011748,155 659 719,B01,2,50,0,0,4,2,3,0.0
202300011749,155 659 714,D01,1,7,0,2,4,2,0,0.0
202300011749,155 659 715,C01,1,7,0,2,4,2,0,0.0
202300011749,155 659 716,A01,1,7,0,2,1,2,0,0.0
202300011749,155 659 717,B01,1,7,0,2,4,2,0,0.0
202300011750,155 659 712,A01,1,33,0,2,1,9,1,0.0
202300011750,155 659 713,B01,3,7,0,2,2,1,1,0.0
202300011751,155 659 711,A01,2,33,0,1,1,1,1,0.0
202300011752,155 659 709,A01,1,7,0,2,4,23,1,0.0
202300011752,155 659 710,B01,1,43,0,2,1,2,1,0.0
202300011753,155 659 707,A01,2,30,0,2,1,18,1,0.0
202300011753,155 659 708,B01,2,37,0,2,7,16,1,1.0
202300011754,155 659 705,A01,2,80,0,2,1,1,3,0.0
202300011754,155 659 706,B01,1,7,0,2,3,15,2,0.0
202300011755,155 659 704,A01,3,50,12,0,0,1,3,0.0
202300011756,155 659 702,A01,2,7,0,2,1,16,1,0.0
202300011756,155 659 703,B01,1,1,0,2,3,1,5,0.0
202300011757,155 659 700,A01,2,50,0,2,2,25,3,0.0
202300011757,155 659 701,B01,1,37,0,2,2,9,1,1.0
202300011758,155 659 696,A01,1,7,0,2,2,2,1,0.0
202300011758,155 659 697,B01,1,7,0,2,6,15,2,0.0
202300011759,155 659 694,B01,1,7,0,2,4,16,1,0.0
202300011759,155 659 695,A01,1,7,0,2,1,1,1,0.0
202300011760,155 659 692,B01,1,1,0,2,4,1,5,0.0
202300011760,155 659 693,A01,1,10,1,2,2,14,1,0.0
202300011761,155 659 690,A01,1,7,0,2,2,16,1,0.0
202300011761,155 659 691,B01,2,1,0,2,7,26,5,0.0
202300011762,155 659 687,A01,1,7,0,2,1,0,1,0.0
202300011762,155 659 688,B01,1,7,6,2,4,1,1,0.0
202300011762,155 659 689,C01,1,7,12,2,7,1,1,0.0
202300011763,155 659 685,A01,3,1,0,2,1,0,5,0.0
202300011763,155 659 686,B01,3,10,0,2,1,0,1,0.0
202300011764,155 659 683,B01,2,7,0,2,3,9,1,0.0
202300011764,155 659 684,A01,2,43,0,2,1,1,1,0.0
202300011765,155 659 681,B01,1,10,0,2,8,15,1,0.0
202300011765,155 659 682,A01,1,33,0,2,7,17,1,0.0
202300011766,155 659 679,A01,2,7,0,2,2,16,1,0.0
202300011766,155 659 680,B01,2,1,0,2,8,19,5,0.0
202300011767,155 659 678,A01,3,1,0,0,0,0,5,0.0
202300011768,155 659 676,A01,3,7,12,2,1,1,1,0.0
202300011768,155 659 677,B01,0,7,0,2,6,15,1,0.0
202300011769,155 659 675,A01,3,33,0,0,7,21,1,0.0
202300011770,155 659 673,A01,0,33,0,2,3,1,0,0.0
202300011770,155 659 674,B01,0,7,0,2,2,9,0,0.0
202300011771,155 659 671,A01,1,3,0,2,2,1,1,0.0
202300011771,155 659 672,B01,0,1,0,0,1,16,5,0.0
202300011772,155 659 670,A01,3,1,8,0,1,1,5,0.0
202300011773,155 659 669,A01,1,34,0,2,1,3,1,0.0
202300011774,155 659 667,B01,1,7,0,2,4,2,1,0.0
202300011774,155 659 668,A01,1,2,0,2,1,2,1,0.0
202300011775,155 659 664,C01,3,7,0,2,4,0,1,0.0
202300011775,155 659 665,A01,3,7,0,2,1,0,1,0.0
202300011775,155 659 666,B01,3,7,0,2,4,1,0,0.0
202300011776,155 659 662,B01,3,34,0,2,7,15,1,0.0
202300011776,155 659 663,A01,3,7,0,2,6,15,1,0.0
202300011777,155 659 660,A01,0,7,0,2,2,26,1,0.0
202300011777,155 659 661,B01,0,30,0,2,1,16,1,0.0
202300011778,155 659 657,A01,1,10,0,2,2,1,1,0.0
202300011778,155 659 658,B01,1,10,0,2,3,1,3,0.0
202300011778,155 659 659,C01,1,7,0,2,5,1,1,0.0
202300011779,155 659 655,A01,1,7,0,2,1,13,0,0.0
202300011779,155 659 656,B01,2,7,0,2,1,1,0,0.0
202300011780,155 659 654,A01,1,7,6,0,3,26,1,0.0
202300011781,155 659 653,A01,1,7,3,0,1,0,1,0.0
202300011782,155 659 651,A01,1,7,3,2,9,11,1,0.0
202300011782,155 659 652,B01,1,7,0,2,3,2,1,0.0
202300011783,155 659 649,B01,2,7,0,2,4,1,1,0.0
202300011783,155 659 650,A01,2,7,6,2,1,1,1,0.0
202300011784,155 659 648,A01,0,36,0,0,0,1,1,0.0
202300011785,155 659 647,A01,2,7,2,0,2,1,1,0.0
202300011786,155 659 645,A01,2,32,0,2,1,5,1,0.0
202300011786,155 659 646,B01,1,7,0,2,3,1,1,0.0
202300011787,155 659 644,A01,1,7,13,0,1,1,1,0.0
202300011788,155 659 643,A01,1,7,6,0,1,1,1,0.0
202300011789,155 659 641,A01,1,7,0,2,7,13,1,0.0
202300011789,155 659 642,B01,2,1,0,2,1,1,5,0.0
202300011790,155 659 640,A01,2,7,15,0,1,1,1,0.0
202300011791,155 659 637,A01,1,7,0,0,1,0,1,0.0
202300011792,155 659 636,A01,1,7,6,0,3,13,2,0.0
202300011793,155 659 633,A01,1,31,0,0,0,1,1,0.0
202300011793,155 659 634,B01,1,33,0,0,5,1,1,0.0
202300011793,155 659 635,C01,1,33,0,2,3,1,1,0.0
202300011794,155 659 631,B01,1,7,0,2,4,15,1,0.0
202300011794,155 659 632,A01,1,7,0,2,1,2,1,0.0
202300011795,155 659 630,A01,2,33,0,0,9,14,1,0.0
202300011796,155 659 628,A01,2,7,0,2,3,15,0,0.0
202300011796,155 659 629,B01,1,7,0,2,3,1,0,0.0
202300011797,155 659 627,A01,1,7,8,0,2,0,1,0.0
202300011798,155 659 625,B01,2,7,0,2,1,1,1,0.0
202300011798,155 659 626,A01,1,7,0,2,1,5,1,0.0
202300011799,155 659 624,A01,1,33,13,0,9,1,1,0.0
202300011800,155 659 622,A01,1,7,0,2,1,13,1,0.0
202300011800,155 659 623,B01,2,7,3,2,1,21,1,0.0
202300011801,155 659 621,A01,2,33,8,0,1,14,1,0.0
202300011802,155 659 620,A01,1,7,13,0,0,2,1,0.0
202300011803,155 659 618,A01,3,7,0,2,2,15,1,0.0
202300011803,155 659 619,B01,3,2,0,2,1,1,1,0.0
202300011804,155 659 617,A01,3,7,8,0,7,0,1,0.0
202300011805,155 659 612,B01,1,7,0,0,4,2,1,0.0
202300011805,155 659 613,A01,1,10,0,2,1,2,1,0.0
202300011806,155 659 611,A01,2,33,3,0,8,13,1,0.0
202300011807,155 659 609,A01,1,7,0,2,3,19,1,0.0
202300011807,155 659 610,B01,2,32,0,2,1,17,1,0.0
202300011808,155 659 608,A01,1,7,4,0,3,13,3,0.0
202300011809,155 659 607,A01,1,2,8,0,1,14,1,0.0
202300011810,155 659 604,C01,1,15,0,0,8,24,1,0.0
202300011810,155 659 605,B01,1,15,0,0,5,24,1,0.0
202300011810,155 659 606,A01,1,7,1,0,1,9,2,0.0
202300011811,155 659 603,A01,1,7,6,0,0,1,1,0.0
202300011812,155 659 602,A01,0,32,13,0,1,14,1,0.0
202300011813,155 659 600,B01,2,33,0,2,1,1,1,0.0
202300011813,155 659 601,A01,1,10,0,2,7,15,1,0.0
202300011814,155 659 597,A01,1,31,0,0,4,9,1,0.0
202300011814,155 659 598,B01,1,7,0,2,1,2,1,0.0
202300011815,155 659 596,A01,2,7,2,0,0,19,1,0.0
202300011816,155 659 594,A01,2,33,0,2,1,19,1,0.0
202300011816,155 659 595,B01,1,7,0,2,1,1,1,0.0
202300011817,155 659 593,A01,2,33,3,0,7,1,1,0.0
202300011818,155 659 591,A01,3,7,0,2,3,15,1,0.0
202300011818,155 659 592,B01,3,33,0,2,1,17,1,0.0
202300011819,155 659 589,B01,0,31,0,2,1,1,1,0.0
202300011819,155 659 590,A01,0,10,0,2,6,10,1,0.0
202300011820,155 659 587,B01,1,7,0,2,2,1,1,0.0
202300011820,155 659 588,A01,2,7,13,2,7,1,1,0.0
202300011821,155 659 585,B01,0,7,0,0,1,1,1,0.0
202300011821,155 659 586,A01,0,7,0,0,3,1,1,0.0
202300011822,155 659 583,A01,3,7,2,0,1,0,0,0.0
202300011823,155 659 581,A01,1,7,0,2,3,13,1,0.0
202300011823,155 659 582,B01,2,7,0,2,3,1,1,0.0
202300011824,155 659 580,A01,1,30,2,0,1,1,1,0.0
202300011825,155 659 576,B01,1,10,0,2,4,2,1,0.0
202300011825,155 659 577,A01,1,7,0,2,1,2,1,0.0
202300011825,155 659 578,C01,1,7,0,2,1,2,1,0.0
202300011825,155 659 579,D01,1,7,0,2,6,2,1,0.0
202300011826,155 659 574,A01,1,15,0,2,7,12,1,0.0
202300011826,155 659 575,B01,1,7,0,2,8,1,1,0.0
202300011827,155 659 571,A01,2,7,0,2,5,14,1,0.0
202300011827,155 659 572,B01,2,33,0,2,1,3,1,0.0
202300011827,155 659 573,C01,2,7,0,2,3,2,1,0.0
202300011828,155 659 568,C01,1,10,0,2,4,1,1,0.0
202300011828,155 659 569,A01,1,7,0,2,1,1,1,0.0
202300011828,155 659 570,B01,1,7,0,2,4,1,1,0.0
202300011829,155 659 566,B01,2,7,0,2,4,1,1,0.0
202300011829,155 659 567,A01,2,7,0,2,1,1,1,0.0
202300011830,155 659 564,A01,2,7,4,2,1,21,1,0.0
202300011830,155 659 565,B01,2,10,0,2,8,1,1,0.0
202300011831,155 659 562,B01,2,7,0,2,7,12,1,0.0
202300011831,155 659 563,A01,2,43,0,2,8,3,1,0.0
202300011832,155 659 561,A01,1,7,1,0,1,1,1,0.0
202300011833,155 659 559,B01,1,7,3,0,4,1,1,0.0
202300011833,155 659 560,A01,1,7,1,2,1,1,1,0.0
202300011834,155 659 557,A01,1,7,0,2,6,15,1,0.0
202300011834,155 659 558,B01,2,32,0,2,6,1,1,0.0
202300011835,155 659 555,A01,3,2,0,2,1,17,1,0.0
202300011835,155 659 556,B01,3,7,0,2,3,15,1,0.0
202300011836,155 659 554,A01,3,33,15,0,3,26,1,0.0
202300011837,155 659 553,A01,3,7,0,1,2,0,0,0.0
202300011838,155 659 552,A01,3,7,3,0,1,0,1,0.0
202300011839,155 659 550,B01,1,50,0,2,1,1,3,0.0
202300011839,155 659 551,A01,1,7,0,2,5,15,1,0.0
202300011840,155 659 548,A01,3,10,0,9,3,0,1,0.0
202300011840,155 659 549,B01,3,34,0,2,7,15,1,0.0
202300011841,155 659 546,A01,3,7,0,2,3,0,1,0.0
202300011841,155 659 547,B01,3,1,0,2,0,0,5,0.0
202300011842,155 659 544,B01,3,50,0,2,7,1,3,0.0
202300011842,155 659 545,A01,1,10,0,2,1,9,1,0.0
202300011843,155 659 542,A01,3,7,0,2,1,1,1,0.0
202300011843,155 659 543,B01,3,7,0,2,3,1,1,0.0
202300011844,155 659 541,A01,1,10,0,1,0,16,1,0.0
202300011845,155 659 539,B01,3,7,0,2,1,1,1,0.0
202300011845,155 659 540,A01,3,7,0,1,1,1,1,0.0
202300011846,155 659 537,A01,1,7,0,0,6,13,1,0.0
202300011846,155 659 538,B01,2,33,0,2,1,13,1,0.0
202300011847,155 659 536,A01,2,7,0,1,4,4,1,0.0
202300011848,155 659 535,A01,0,7,0,1,0,1,1,0.0
202300011849,155 659 533,A01,2,50,0,2,1,1,3,0.0
202300011849,155 659 534,B01,2,7,0,9,3,19,1,0.0
202300011850,155 659 531,A01,1,7,0,2,0,15,1,0.0
202300011850,155 659 532,B01,2,34,0,2,8,1,1,0.0
202300011851,155 659 530,A01,1,7,0,1,1,2,1,0.0
202300011852,155 659 528,B01,2,7,0,2,3,15,1,0.0
202300011852,155 659 529,A01,2,33,0,2,5,11,1,0.0
202300011853,155 659 527,A01,0,50,0,0,0,14,3,0.0
202300011854,155 659 525,B01,1,7,0,2,2,1,1,0.0
202300011854,155 659 526,A01,1,7,0,9,3,16,1,0.0
202300011855,155 659 524,A01,3,7,1,0,2,0,1,0.0
202300011856,155 659 522,B01,2,7,0,2,2,15,1,0.0
202300011856,155 659 523,A01,1,7,0,2,1,1,1,0.0
202300011857,155 659 519,A01,1,7,1,2,1,26,1,0.0
202300011857,155 659 520,C01,3,1,0,2,1,1,5,0.0
202300011857,155 659 521,D01,3,1,0,2,1,1,5,0.0
202300011858,155 659 517,A01,2,7,0,2,8,1,1,0.0
202300011858,155 659 518,B01,2,7,0,2,1,1,1,0.0
202300011859,155 659 513,B01,1,7,0,2,4,2,2,0.0
202300011859,155 659 514,A01,1,7,0,2,4,2,1,0.0
202300011859,155 659 515,D01,1,7,0,2,4,2,1,0.0
202300011859,155 659 516,C01,1,7,0,2,4,2,1,0.0
202300011860,155 659 512,A01,3,7,0,2,1,2,1,0.0
202300011861,155 659 510,B01,1,50,0,2,5,4,3,0.0
202300011861,155 659 511,A01,1,7,0,2,5,20,1,0.0
202300011862,155 659 509,A01,1,0,0,1,1,1,0,0.0
202300011863,155 659 507,B01,1,31,0,2,7,1,1,0.0
202300011863,155 659 508,A01,1,7,0,2,8,15,1,0.0
202300011864,155 659 505,A01,1,7,0,2,3,9,1,0.0
202300011864,155 659 506,B01,2,33,0,2,5,1,1,0.0
202300011865,155 659 504,A01,1,7,0,1,7,15,1,0.0
202300011866,155 659 503,A01,2,7,0,1,1,1,1,0.0
202300011867,155 659 501,A01,1,7,0,2,1,19,1,0.0
202300011867,155 659 502,B01,1,1,0,2,8,1,5,0.0
202300011868,155 659 500,A01,2,2,0,0,3,17,3,0.0
202300011869,155 659 498,B01,2,7,0,2,4,2,1,0.0
202300011869,155 659 499,A01,2,10,0,2,1,2,1,0.0
202300011870,155 659 496,A01,2,10,0,2,1,1,1,0.0
202300011870,155 659 497,B01,2,7,0,2,4,1,1,0.0
202300011871,155 659 495,A01,1,7,0,1,2,5,1,0.0
202300011872,155 659 493,B01,1,33,0,2,1,1,1,0.0
202300011872,155 659 494,A01,1,7,0,2,8,10,1,0.0
202300011873,155 659 491,B01,1,30,0,0,8,7,0,0.0
202300011873,155 659 492,A01,1,7,0,0,2,20,0,0.0
202300011874,155 659 489,B01,0,1,0,2,8,1,5,0.0
202300011874,155 659 490,A01,0,7,0,9,2,14,1,0.0
202300011875,155 659 488,B01,1,1,0,0,8,15,5,0.0
202300011876,155 659 486,A01,1,7,0,2,1,2,1,0.0
202300011876,155 659 487,B01,1,7,0,0,5,1,1,0.0
202300011877,155 659 485,A01,1,31,12,0,1,1,1,0.0
202300011878,155 659 483,B01,1,7,0,2,3,1,1,0.0
202300011878,155 659 484,A01,2,7,0,2,3,13,1,0.0
202300011879,155 659 482,A01,1,7,0,2,1,1,1,0.0
202300011880,155 659 480,A01,3,7,0,2,4,4,1,0.0
202300011880,155 659 481,B01,3,80,0,2,5,1,3,0.0
202300011881,155 659 479,A01,3,7,6,0,1,15,1,0.0
202300011882,155 659 476,A01,1,7,1,0,1,1,1,0.0
202300011882,155 659 477,B01,1,7,0,2,6,24,1,0.0
202300011882,155 659 478,C01,1,7,0,2,4,23,1,0.0
202300011883,155 659 473,C01,1,7,0,2,4,1,1,0.0
202300011883,155 659 474,B01,1,2,0,2,1,2,1,0.0
202300011883,155 659 475,A01,1,10,0,2,1,1,1,0.0
202300011884,155 659 471,A01,0,7,0,2,1,1,1,0.0
202300011884,155 659 472,B01,0,1,0,2,7,1,5,0.0
202300011885,155 659 469,B01,1,1,0,2,6,1,5,0.0
202300011885,155 659 470,A01,1,7,0,2,1,16,1,0.0
202300011886,155 659 467,A01,1,7,0,2,7,19,1,0.0
202300011886,155 659 468,B01,2,37,0,2,2,1,1,9.0
202300011887,155 659 466,Z01,1,7,0,1,0,1,1,0.0
202300011888,155 659 464,Z01,2,7,0,2,3,13,0,0.0
202300011888,155 659 465,A01,1,7,0,2,3,1,1,0.0
202300011889,155 659 462,B01,1,32,0,2,1,1,1,0.0
202300011889,155 659 463,A01,1,7,0,2,7,15,1,0.0
202300011890,155 659 460,A01,1,7,0,2,1,2,1,0.0
202300011890,155 659 461,B01,1,7,0,2,4,2,1,0.0
202300011891,155 659 458,B01,3,10,0,2,1,1,1,0.0
202300011891,155 659 459,A01,3,7,0,2,5,13,1,0.0
202300011892,155 659 456,B01,3,7,0,2,1,13,1,0.0
202300011892,155 659 457,A01,3,7,0,2,1,1,1,0.0
202300011893,155 659 454,B01,1,10,0,2,1,1,1,0.0
202300011893,155 659 455,A01,2,7,0,2,1,17,1,0.0
202300011894,155 659 452,A01,3,7,0,2,2,19,1,0.0
202300011894,155 659 453,B01,3,2,0,2,1,0,1,0.0
202300011895,155 659 451,A01,2,7,1,1,1,16,1,0.0
202300011896,155 659 450,A01,3,7,0,1,1,1,1,0.0
202300011897,155 659 449,A01,1,7,0,2,1,1,1,0.0
202300011898,155 659 447,A01,2,7,0,2,3,15,1,0.0
202300011898,155 659 448,B01,1,2,0,2,1,1,0,0.0
202300011899,155 659 445,B01,2,7,0,2,2,0,1,0.0
202300011899,155 659 446,A01,1,7,14,2,6,26,1,0.0
202300011900,155 659 443,A01,1,7,0,2,1,2,1,0.0
202300011900,155 659 444,B01,3,7,0,2,4,2,1,0.0
202300011901,155 659 441,B01,1,34,0,2,1,1,1,0.0
202300011901,155 659 442,A01,2,7,0,2,3,15,1,0.0
202300011902,155 659 439,A01,1,7,0,2,2,1,1,0.0
202300011902,155 659 440,B01,2,33,0,2,1,1,1,0.0
202300011903,155 659 438,A01,3,40,0,1,1,1,3,0.0
202300011904,155 659 434,A01,3,7,0,2,1,17,0,0.0
202300011904,155 659 435,B01,3,7,0,2,1,13,0,0.0
202300011905,155 659 433,A01,2,7,0,1,2,1,1,0.0
202300011906,155 659 431,B01,3,7,0,2,3,1,1,0.0
202300011906,155 659 432,A01,3,10,0,2,1,1,1,0.0
202300011907,155 659 428,A01,2,7,0,2,1,1,1,0.0
202300011907,155 659 429,B01,2,7,0,2,4,1,1,0.0
202300011907,155 659 430,C01,2,7,0,2,4,15,3,0.0
202300011908,155 659 426,B01,2,7,0,2,0,1,1,0.0
202300011908,155 659 427,A01,1,10,0,2,1,15,1,0.0
202300011909,155 659 424,A01,3,7,0,2,3,15,1,0.0
202300011909,155 659 425,B01,3,30,0,2,1,1,1,0.0
202300011910,155 659 422,B01,0,7,0,2,8,15,1,0.0
202300011910,155 659 423,A01,1,33,0,2,1,17,1,0.0
202300011911,155 659 420,A01,1,43,0,2,1,2,1,0.0
202300011911,155 659 421,B01,1,10,0,2,4,2,1,0.0
202300011912,155 659 417,A01,2,7,0,2,1,2,2,0.0
202300011912,155 659 418,B01,2,7,0,2,4,2,1,0.0
202300011912,155 659 419,C01,2,7,0,2,4,2,2,0.0
202300011913,155 659 414,A01,3,33,12,2,1,1,1,0.0
202300011913,155 659 415,B01,3,7,0,2,8,23,1,0.0
202300011913,155 659 416,C01,3,7,0,2,8,23,1,0.0
202300011914,155 659 412,Z01,1,2,0,0,0,1,0,0.0
202300011914,155 659 413,A01,1,30,0,1,0,1,1,0.0
202300011915,155 659 410,A01,2,7,0,2,0,13,1,0.0
202300011915,155 659 411,B01,1,1,0,2,1,1,5,0.0
202300011916,155 659 408,A01,3,7,0,2,8,11,1,0.0
202300011916,155 659 409,B01,3,34,0,2,2,3,1,0.0
202300011917,155 659 406,A01,2,10,0,2,2,1,3,0.0
202300011917,155 659 407,B01,0,1,0,2,0,13,5,0.0
202300011918,155 659 404,A01,1,50,0,2,8,1,3,0.0
202300011918,155 659 405,Z01,1,7,0,2,2,14,3,0.0
202300011919,155 659 403,A01,2,1,0,0,0,1,5,0.0
202300011920,155 659 401,B01,1,1,0,2,7,15,5,0.0
202300011920,155 659 402,A01,2,33,0,2,1,7,1,0.0
202300011921,155 659 399,A01,2,10,0,2,2,1,1,0.0
202300011921,155 659 400,B01,2,7,0,0,6,23,1,0.0
202300011922,155 659 397,A01,3,80,0,2,3,15,3,0.0
202300011922,155 659 398,B01,3,31,0,2,1,1,3,0.0
202300011923,155 659 396,Z01,1,1,0,1,1,1,5,0.0
202300011924,155 659 394,A01,1,32,0,2,1,21,1,0.0
202300011924,155 659 395,B01,2,7,0,2,3,1,2,0.0
202300011925,155 659 393,A01,1,1,0,1,1,1,5,0.0
202300011926,155 659 391,B01,1,80,0,2,1,1,3,0.0
202300011926,155 659 392,A01,1,7,0,2,8,22,1,0.0
202300011927,155 659 389,A01,3,34,0,2,1,26,1,0.0
202300011927,155 659 390,B01,3,10,0,2,4,0,1,0.0
202300011928,155 659 387,B01,2,2,0,2,5,17,1,0.0
202300011928,155 659 388,A01,2,7,0,2,3,20,1,0.0
202300011929,155 659 385,A01,1,10,0,2,2,1,1,0.0
202300011929,155 659 386,B01,1,7,0,2,3,1,1,0.0
202300011930,155 659 384,A01,3,40,0,1,1,1,3,0.0
202300011931,155 659 382,B01,1,7,0,2,8,1,1,0.0
202300011931,155 659 383,A01,2,7,6,2,1,15,1,0.0
202300011932,155 659 380,A01,1,30,0,2,2,15,0,0.0
202300011932,155 659 381,B01,1,3,0,2,2,2,0,0.0
202300011933,155 659 379,A01,1,2,0,0,7,1,1,0.0
202300011934,155 659 378,A01,0,60,1,0,1,1,5,0.0
202300011935,155 659 377,A01,2,43,0,1,7,5,1,0.0
202300011936,155 659 375,B01,1,50,0,2,1,1,3,0.0
202300011936,155 659 376,A01,1,7,0,2,2,1,1,0.0
202300011937,155 659 373,A01,3,7,0,2,1,2,1,0.0
202300011937,155 659 374,B01,0,34,0,2,4,2,1,0.0
202300011938,155 659 372,A01,2,7,0,1,2,1,1,0.0
202300011939,155 659 370,A01,3,10,0,2,0,0,1,0.0
202300011939,155 659 371,B01,3,7,0,2,0,0,1,0.0
202300011940,155 659 368,A01,2,7,0,2,2,15,0,0.0
202300011940,155 659 369,B01,1,33,0,2,1,1,1,0.0
202300011941,155 659 367,A01,1,7,12,0,2,1,1,0.0
202300011942,155 659 365,A01,3,7,0,2,6,15,1,0.0
202300011942,155 659 366,B01,3,31,0,2,1,1,1,0.0
202300011943,155 659 363,A01,2,7,6,2,1,1,1,0.0
202300011943,155 659 364,B01,1,10,15,2,7,1,1,0.0
202300011944,155 659 362,A01,1,2,0,0,0,1,1,0.0
202300011945,155 659 360,A01,1,7,0,2,8,5,1,0.0
202300011945,155 659 361,B01,2,7,0,2,3,1,1,0.0
202300011946,155 659 359,A01,1,36,6,0,2,1,1,0.0
202300011947,155 659 357,A01,2,7,0,2,4,2,1,0.0
202300011947,155 659 358,B01,2,7,0,2,1,2,1,0.0
202300011948,155 659 355,A01,3,1,1,2,8,19,5,0.0
202300011948,155 659 356,B01,1,7,0,2,2,1,1,0.0
202300011949,155 659 354,A01,1,7,0,9,2,1,1,0.0
202300011950,155 659 352,A01,1,7,0,2,1,13,1,0.0
202300011950,155 659 353,B01,2,7,0,2,1,1,1,0.0
202300011951,155 659 351,A01,1,31,7,0,1,15,1,0.0
202300011952,155 659 349,A01,1,10,0,0,3,19,1,0.0
202300011952,155 659 350,B01,2,33,0,0,1,1,0,0.0
202300011953,155 659 348,A01,1,31,0,6,1,1,1,0.0
202300011954,155 659 346,B01,1,32,0,2,1,21,6,0.0
202300011954,155 659 347,A01,1,7,0,2,3,16,6,0.0
202300011955,155 659 345,A01,3,33,2,0,1,0,1,0.0
202300011956,155 659 344,A01,1,7,13,0,3,0,1,0.0
202300011957,155 659 342,B01,3,30,0,2,6,2,0,0.0
202300011957,155 659 343,A01,3,7,0,2,3,2,1,0.0
202300011958,155 659 340,A01,2,50,12,0,1,26,3,0.0
202300011959,155 659 339,A01,1,33,0,2,3,13,1,0.0
202300011959,155 659 341,B01,2,7,0,2,3,14,1,0.0
202300011960,155 659 337,A01,2,33,0,0,9,1,1,0.0
202300011961,155 659 336,B01,1,2,0,2,1,9,1,0.0
202300011961,155 659 338,A01,3,7,0,2,7,1,1,0.0
202300011962,155 659 332,A01,2,10,0,2,2,15,1,0.0
202300011962,155 659 334,B01,1,33,0,2,1,1,1,0.0
202300011963,155 659 330,A01,1,7,0,2,0,1,1,0.0
202300011963,155 659 331,B01,1,37,0,2,4,1,4,1.0