num_acc,id_vehicule,num_veh,senc,catv,obs,obsm,choc,manv,motor,occutc
202300011963,155 659 333,C01,1,34,0,2,0,1,1,0.0
202300011963,155 659 335,D01,1,7,0,2,0,1,1,0.0
202300011964,155 659 328,A01,3,80,0,2,1,0,3,0.0
202300011964,155 659 329,B01,3,7,0,9,1,0,1,0.0
202300011965,155 659 326,A01,3,7,0,2,5,15,1,0.0
202300011965,155 659 327,B01,1,32,0,2,1,1,1,0.0
202300011966,155 659 324,A01,2,7,5,0,1,6,1,0.0
202300011967,155 659 322,B01,1,7,0,2,3,21,1,0.0
202300011967,155 659 325,A01,3,7,0,2,8,19,1,0.0
202300011968,155 659 321,A01,1,7,0,0,0,26,1,0.0
202300011969,155 659 319,A01,2,7,6,0,1,2,1,0.0
202300011970,155 659 320,A01,2,7,0,2,2,1,1,0.0
202300011970,155 659 323,B01,2,7,0,2,3,15,1,0.0
202300011971,155 659 316,A01,2,33,0,2,3,1,1,0.0
202300011971,155 659 317,B01,1,7,0,2,3,3,1,0.0
202300011972,155 659 315,A01,1,7,0,2,2,15,1,0.0
202300011972,155 659 318,B01,1,7,0,2,2,1,1,0.0
202300011973,155 659 311,A01,1,7,17,0,1,1,3,0.0
202300011974,155 659 310,A01,3,7,0,2,6,15,1,0.0
202300011974,155 659 312,B01,2,7,0,2,3,1,1,0.0
202300011975,155 659 313,A01,1,7,0,2,1,13,1,0.0
202300011975,155 659 314,B01,2,7,0,2,1,1,1,0.0
202300011976,155 659 308,B01,1,7,13,2,8,1,1,0.0
202300011976,155 659 309,A01,2,10,0,2,1,19,1,0.0
202300011977,155 659 306,A01,3,7,0,2,3,1,0,0.0
202300011977,155 659 307,B01,0,2,0,2,1,3,1,0.0
202300011978,155 659 304,A01,0,7,0,2,1,1,1,0.0
202300011978,155 659 305,B01,0,7,0,0,4,23,1,0.0
202300011979,155 659 302,A01,3,7,0,1,1,1,1,0.0
202300011980,155 659 300,A01,0,2,0,2,9,1,1,0.0
202300011980,155 659 301,B01,0,21,0,2,3,1,1,0.0
202300011981,155 659 296,A01,2,7,0,2,1,1,1,0.0
202300011981,155 659 298,B01,1,1,0,2,7,19,5,0.0
202300011982,155 659 294,A01,1,33,0,2,1,1,1,0.0
202300011982,155 659 297,B01,2,7,0,2,2,15,1,0.0
202300011983,155 659 293,B01,3,1,0,2,8,0,5,0.0
202300011983,155 659 295,A01,1,7,0,0,3,0,1,0.0
202300011984,155 659 290,A01,2,33,2,0,1,1,1,0.0
202300011985,155 659 289,A01,3,50,0,2,1,5,3,0.0
202300011985,155 659 291,B01,0,7,0,0,3,1,3,0.0
202300011986,155 659 299,A01,2,32,6,2,6,17,1,0.0
202300011986,155 659 303,B01,2,7,0,2,6,16,1,0.0
202300011987,155 659 288,A01,1,7,0,2,1,9,1,0.0
202300011987,155 659 292,B01,1,7,0,0,0,0,1,0.0
202300011988,155 659 285,A01,1,7,0,1,1,1,1,0.0
202300011989,155 659 283,A01,1,7,0,2,2,1,1,0.0
202300011989,155 659 286,B01,1,1,0,2,1,19,5,0.0
202300011990,155 659 279,A01,1,31,14,0,1,1,1,0.0
202300011991,155 659 278,A01,0,7,0,1,1,17,1,0.0
202300011992,155 659 277,A01,1,7,0,2,3,1,1,0.0
202300011992,155 659 280,B01,2,2,0,2,1,13,1,0.0
202300011993,155 659 281,B01,2,7,0,0,3,5,1,0.0
202300011993,155 659 282,A01,1,10,0,0,3,1,1,0.0
202300011994,155 659 275,A01,1,7,6,0,1,1,1,0.0
202300011995,155 659 273,A01,1,33,0,2,1,1,1,0.0
202300011995,155 659 276,B01,1,7,0,2,3,9,1,0.0
202300011996,155 659 272,B01,2,20,0,2,1,24,1,0.0
202300011996,155 659 274,A01,1,10,14,0,1,1,1,0.0
202300011997,155 659 271,A01,1,7,16,0,9,13,1,0.0
202300011998,155 659 270,A01,1,7,0,1,1,1,1,0.0
202300011999,155 659 264,B01,3,7,0,2,6,1,1,0.0
202300011999,155 659 266,A01,3,7,14,0,1,1,1,0.0
202300012000,155 659 262,B01,2,7,0,2,2,1,1,0.0
202300012000,155 659 269,A01,1,10,0,2,3,9,1,0.0
202300012001,155 659 259,A01,3,7,8,0,1,15,1,0.0
202300012002,155 659 260,A01,1,15,0,0,5,1,1,0.0
202300012002,155 659 261,C01,1,33,0,0,1,1,1,0.0
202300012002,155 659 263,D01,1,7,4,0,3,1,1,0.0
202300012002,155 659 268,B01,1,10,0,2,1,12,1,0.0
202300012003,155 659 265,A01,1,7,0,2,3,13,1,0.0
202300012003,155 659 267,B01,2,7,0,2,8,1,1,0.0
202300012004,155 659 257,A01,1,7,0,2,1,0,1,0.0
202300012004,155 659 258,B01,2,14,0,0,8,1,1,0.0
202300012005,155 659 253,A01,1,7,0,2,3,17,1,0.0
202300012005,155 659 256,B01,2,33,0,2,3,1,1,0.0
202300012006,155 659 252,B01,2,33,0,2,2,13,1,0.0
202300012006,155 659 254,A01,1,7,0,2,3,13,1,0.0
202300012007,155 659 251,A01,3,7,0,1,1,1,1,0.0
202300012008,155 659 248,B01,1,31,0,2,1,1,1,0.0
202300012008,155 659 249,A01,2,7,0,2,7,15,1,0.0
202300012009,155 659 246,A01,3,21,0,1,7,1,1,0.0
202300012010,155 659 244,A01,1,10,0,2,1,1,1,0.0
202300012010,155 659 247,B01,1,7,0,2,4,1,1,0.0
202300012010,155 659 250,C01,1,7,0,2,4,2,1,0.0
202300012010,155 659 255,D01,1,7,0,2,1,2,1,0.0
202300012011,155 659 243,A01,0,7,0,1,1,1,1,0.0
202300012012,155 659 245,A01,1,7,6,1,2,14,1,0.0
202300012013,155 659 240,A01,2,7,0,2,2,9,1,0.0
202300012013,155 659 242,B01,1,1,0,2,7,16,5,0.0
202300012014,155 659 239,A01,1,1,0,2,1,0,5,0.0
202300012014,155 659 241,B01,2,7,0,2,7,1,1,0.0
202300012015,155 659 236,A01,1,7,0,2,2,15,1,0.0
202300012015,155 659 238,B01,2,33,0,2,1,1,1,0.0
202300012016,155 659 234,B01,2,7,0,2,1,21,1,0.0
202300012016,155 659 237,A01,1,13,0,2,2,13,1,0.0
202300012017,155 659 232,A01,3,7,0,2,3,13,0,0.0
202300012017,155 659 235,B01,3,7,0,2,3,0,0,0.0
202300012018,155 659 231,B01,1,32,0,2,1,1,1,0.0
202300012018,155 659 233,A01,3,7,0,2,8,23,1,0.0
202300012019,155 659 229,A01,2,7,1,2,1,5,1,0.0
202300012020,155 659 225,A01,1,7,0,2,2,2,1,0.0
202300012020,155 659 228,B01,1,7,0,6,9,1,1,0.0
202300012021,155 659 226,A01,1,33,0,2,1,1,1,0.0
202300012021,155 659 230,B01,2,7,0,0,6,16,1,0.0
202300012022,155 659 223,A01,2,7,0,2,7,10,1,0.0
202300012022,155 659 227,B01,1,31,0,2,1,1,1,0.0
202300012023,155 659 222,A01,1,33,0,2,1,17,1,0.0
202300012023,155 659 224,B01,1,7,0,0,8,15,1,0.0
202300012024,155 659 221,A01,1,21,0,1,1,1,1,0.0
202300012025,155 659 219,A01,2,7,6,0,2,0,1,0.0
202300012026,155 659 218,A01,3,7,0,2,3,1,1,0.0
202300012026,155 659 220,B01,3,1,0,2,1,13,5,0.0
202300012027,155 659 214,A01,1,7,4,0,3,0,1,0.0
202300012028,155 659 210,A01,1,15,0,2,3,1,1,0.0
202300012028,155 659 212,B01,2,7,0,2,3,13,1,0.0
202300012029,155 659 208,A01,1,7,0,1,1,16,1,0.0
202300012030,155 659 206,C01,1,10,0,2,4,2,1,0.0
202300012030,155 659 209,D01,1,17,0,2,4,2,1,0.0
202300012030,155 659 211,E01,1,14,0,0,4,1,1,0.0
202300012030,155 659 213,A01,1,17,0,2,2,2,1,0.0
202300012030,155 659 216,B01,1,7,0,2,4,2,1,0.0
202300012031,155 659 205,A01,1,2,0,0,4,0,1,0.0
202300012031,155 659 207,B01,1,7,0,2,1,14,1,0.0
202300012032,155 659 203,B01,1,50,0,2,1,1,3,0.0
202300012032,155 659 204,A01,2,7,0,2,7,15,1,0.0
202300012033,155 659 201,A01,2,7,0,2,4,2,1,0.0
202300012034,155 659 200,A01,3,33,0,2,2,17,1,0.0
202300012034,155 659 202,B01,3,7,0,2,5,13,1,0.0
202300012035,155 659 199,A01,2,7,13,0,9,1,1,0.0
202300012036,155 659 195,A01,2,7,0,2,4,2,0,0.0
202300012036,155 659 197,B01,2,7,0,2,1,2,0,0.0
202300012037,155 659 193,A01,1,7,0,2,2,1,1,0.0
202300012037,155 659 196,B01,1,7,0,2,3,1,1,0.0
202300012038,155 659 194,A01,1,7,0,1,1,15,0,0.0
202300012039,155 659 192,A01,2,7,3,0,1,21,1,0.0
202300012040,155 659 190,A01,2,7,0,2,3,10,1,0.0
202300012040,155 659 198,B01,2,7,0,2,1,1,1,0.0
202300012041,155 659 188,B01,1,2,0,2,1,1,1,0.0
202300012041,155 659 191,A01,2,7,0,2,3,19,1,0.0
202300012042,155 659 186,A01,1,7,0,2,3,13,1,0.0
202300012042,155 659 189,B01,2,7,0,2,3,1,1,0.0
202300012043,155 659 180,A01,1,1,0,2,1,13,5,0.0
202300012043,155 659 182,B01,2,80,0,2,1,13,3,0.0
202300012044,155 659 183,A01,1,7,0,2,3,1,1,0.0
202300012044,155 659 185,B01,1,1,0,2,6,26,5,0.0
202300012045,155 659 177,A01,1,7,0,2,2,2,2,0.0
202300012045,155 659 179,B01,1,1,0,2,4,1,5,0.0
202300012046,155 659 175,A01,1,33,0,0,3,1,1,0.0
202300012047,155 659 170,E01,1,7,0,2,4,2,1,0.0
202300012047,155 659 173,C01,1,7,0,2,9,0,1,0.0
202300012047,155 659 176,F01,1,7,0,2,9,2,1,0.0
202300012047,155 659 178,G01,1,7,0,2,1,2,1,0.0
202300012047,155 659 181,D01,1,7,0,2,9,2,1,0.0
202300012047,155 659 184,A01,1,7,0,2,9,1,1,0.0
202300012047,155 659 187,B01,1,7,0,2,4,2,1,0.0
202300012048,155 659 169,B01,1,7,0,9,2,9,1,0.0
202300012048,155 659 172,A01,1,50,0,2,4,1,3,0.0
202300012049,155 659 168,B01,2,7,0,2,3,15,1,0.0
202300012049,155 659 174,A01,1,2,0,2,3,1,3,0.0
202300012050,155 659 167,A01,3,14,12,0,2,16,1,0.0
202300012050,155 659 171,B01,1,7,12,0,3,16,1,0.0
202300012051,155 659 162,A01,1,43,14,0,1,13,1,0.0
202300012052,155 659 161,Z01,2,0,0,2,0,0,0,0.0
202300012052,155 659 164,A01,2,7,0,2,4,2,1,0.0
202300012052,155 659 166,B01,2,7,0,2,4,2,1,0.0
202300012053,155 659 160,A01,2,31,0,2,1,21,1,0.0
202300012053,155 659 165,B01,0,7,0,2,1,21,1,0.0
202300012054,155 659 159,B01,3,32,0,2,2,12,0,0.0
202300012054,155 659 163,A01,3,7,0,0,6,1,0,0.0
202300012055,155 659 157,A01,2,33,16,0,9,14,1,0.0
202300012056,155 659 153,A01,2,7,0,2,2,15,1,0.0
202300012056,155 659 156,B01,0,7,0,2,3,1,1,0.0
202300012057,155 659 152,B01,2,7,3,0,6,1,1,0.0
202300012057,155 659 155,A01,2,10,0,2,2,13,1,0.0
202300012058,155 659 150,A01,1,7,0,2,4,1,1,0.0
202300012058,155 659 151,B01,1,7,0,0,0,0,1,0.0
202300012058,155 659 154,C01,1,7,0,2,4,1,1,0.0
202300012058,155 659 158,D01,1,7,0,2,1,1,1,0.0
202300012059,155 659 148,A01,3,7,0,2,2,26,1,0.0
202300012059,155 659 149,B01,3,7,0,0,6,23,1,0.0
202300012060,155 659 147,A01,2,7,1,0,3,1,1,0.0
202300012061,155 659 144,A01,1,7,3,2,6,12,1,0.0
202300012061,155 659 146,B01,1,7,0,2,2,2,1,0.0
202300012062,155 659 143,A01,1,7,0,2,6,11,1,0.0
202300012062,155 659 145,B01,1,34,0,2,1,1,1,0.0
202300012063,155 659 141,A01,2,33,0,1,8,21,1,0.0
202300012064,155 659 142,A01,0,50,0,0,0,1,3,0.0
202300012065,155 659 139,A01,1,7,0,0,8,19,1,0.0
202300012065,155 659 140,B01,1,33,0,2,1,1,1,0.0
202300012066,155 659 135,A01,1,7,0,2,3,1,1,0.0
202300012066,155 659 137,B01,1,80,0,2,3,1,3,0.0
202300012067,155 659 133,B01,0,7,1,0,2,1,5,0.0
202300012068,155 659 132,C01,1,7,0,2,8,1,1,0.0
202300012068,155 659 134,A01,2,7,0,2,1,13,1,0.0
202300012068,155 659 136,B01,1,7,0,2,1,1,1,0.0
202300012069,155 659 129,A01,1,7,1,0,3,0,0,0.0
202300012070,155 659 130,A01,1,33,1,0,1,13,0,0.0
202300012071,155 659 131,A01,1,7,13,0,1,13,1,0.0
202300012072,155 659 125,A01,2,10,0,2,6,13,1,0.0
202300012072,155 659 127,B01,2,33,0,2,1,17,1,0.0
202300012073,155 659 124,A01,1,7,0,1,1,16,1,0.0
202300012074,155 659 123,A01,1,1,0,2,4,2,5,0.0
202300012074,155 659 126,B01,1,0,0,9,2,1,0,0.0
202300012075,155 659 119,A01,0,7,0,1,0,26,1,0.0
202300012076,155 659 121,Z01,2,7,0,2,8,0,0,0.0
202300012076,155 659 122,A01,2,7,0,2,7,1,1,0.0
202300012077,155 659 118,A01,1,7,13,0,1,1,1,0.0
202300012078,155 659 117,B01,2,1,0,2,8,1,5,0.0
202300012078,155 659 120,Z01,1,7,0,2,1,15,2,0.0
202300012079,155 659 112,A01,3,7,0,2,1,0,1,0.0
202300012079,155 659 116,B01,3,7,0,2,3,26,1,0.0
202300012080,155 659 110,A01,1,50,0,2,1,5,3,0.0
202300012080,155 659 114,B01,1,7,0,2,7,15,1,0.0
202300012081,155 659 108,A01,3,7,0,2,7,26,1,0.0
202300012081,155 659 113,B01,1,7,0,2,1,1,1,0.0
202300012082,155 659 107,A01,1,7,0,2,8,1,1,0.0
202300012082,155 659 109,B01,1,7,0,2,1,1,1,0.0
202300012083,155 659 105,A01,1,7,15,0,8,1,1,0.0
202300012084,155 659 111,A01,2,7,0,2,1,2,0,0.0
202300012084,155 659 115,B01,2,7,0,2,4,2,0,0.0
202300012085,155 659 104,A01,1,7,0,2,6,9,1,0.0
202300012085,155 659 106,B01,1,30,0,2,1,1,1,0.0
202300012086,155 659 102,B01,1,10,0,2,1,1,1,0.0
202300012086,155 659 103,A01,2,10,0,2,1,5,1,0.0
202300012087,155 659 098,B01,1,2,0,0,5,1,1,0.0
202300012087,155 659 101,A01,2,7,0,2,3,9,1,0.0
202300012088,155 659 097,B01,1,1,0,2,7,13,5,0.0
202300012088,155 659 100,A01,2,14,0,2,2,16,1,0.0
202300012089,155 659 094,A01,1,7,0,2,3,9,1,0.0
202300012089,155 659 096,B01,1,33,0,2,2,15,1,0.0
202300012090,155 659 090,B01,1,7,0,2,3,1,1,0.0
202300012090,155 659 093,A01,1,7,0,2,2,1,1,0.0
202300012091,155 659 091,A01,1,7,0,2,2,2,0,0.0
202300012091,155 659 095,B01,1,7,0,2,6,0,0,0.0
202300012091,155 659 099,C01,1,7,0,2,4,0,0,0.0
202300012092,155 659 088,A01,2,7,0,2,3,13,1,0.0
202300012092,155 659 092,B01,1,7,0,2,3,1,1,0.0
202300012093,155 659 086,A01,3,7,0,2,2,19,1,0.0
202300012093,155 659 089,B01,1,7,0,2,3,1,1,0.0
202300012094,155 659 083,A01,2,7,0,2,3,13,1,0.0
202300012094,155 659 087,B01,1,32,0,2,3,1,1,0.0
202300012095,155 659 082,A01,2,7,0,2,8,12,1,0.0
202300012095,155 659 084,B01,2,15,0,2,7,11,1,0.0
202300012096,155 659 077,A01,1,33,0,2,7,0,1,0.0
202300012096,155 659 081,B01,3,7,0,2,3,0,1,0.0
202300012097,155 659 075,A01,2,30,0,2,1,18,1,0.0
202300012097,155 659 079,B01,2,7,0,2,0,0,1,0.0
202300012098,155 659 076,A01,2,33,0,2,2,13,0,0.0
202300012098,155 659 080,B01,2,7,0,2,6,1,0,0.0
202300012098,155 659 085,C01,2,7,0,2,2,1,0,0.0
202300012099,155 659 074,A01,1,7,0,2,1,2,1,0.0
202300012099,155 659 078,B01,1,7,0,2,4,2,1,0.0
202300012100,155 659 071,A01,3,7,0,2,3,15,1,0.0
202300012100,155 659 072,B01,3,33,0,2,7,2,1,0.0
202300012101,155 659 069,B01,1,7,0,0,4,2,1,0.0
202300012101,155 659 073,A01,1,7,4,2,3,2,3,0.0
202300012102,155 659 067,B01,2,33,0,2,8,1,1,0.0
202300012102,155 659 070,A01,2,10,0,2,7,12,1,0.0
202300012103,155 659 066,A01,2,7,0,1,1,26,1,0.0
202300012104,155 659 064,A01,1,7,0,2,1,14,1,0.0
202300012104,155 659 068,B01,1,7,0,2,4,0,1,0.0
202300012105,155 659 063,A01,2,7,0,2,1,13,1,0.0
202300012105,155 659 065,B01,1,30,0,2,1,1,3,0.0
202300012106,155 659 059,A01,2,33,0,2,1,3,1,0.0
202300012106,155 659 061,B01,2,33,0,2,4,3,1,0.0
202300012106,155 659 062,C01,2,7,0,2,4,12,1,0.0
202300012107,155 659 058,CB01,1,2,0,2,1,2,0,0.0
202300012107,155 659 060,A01,1,7,0,2,5,23,1,0.0
202300012108,155 659 056,A01,1,33,0,2,2,1,1,0.0
202300012108,155 659 057,B01,2,7,0,2,3,15,1,0.0
202300012109,155 659 053,A01,2,7,0,2,1,2,1,0.0
202300012109,155 659 055,B01,2,7,0,2,4,2,0,0.0
202300012110,155 659 050,A01,1,7,4,0,1,1,1,0.0
202300012111,155 659 049,A01,1,7,8,2,1,16,1,0.0
202300012111,155 659 054,B01,3,50,0,2,7,26,3,0.0
202300012112,155 659 048,A01,3,7,0,2,5,16,1,0.0
202300012112,155 659 051,B01,3,32,0,2,1,5,1,0.0
202300012113,155 659 044,B01,1,7,0,2,2,10,2,0.0
202300012113,155 659 046,A01,1,32,0,2,1,1,1,0.0
202300012114,155 659 047,A01,2,7,0,2,2,12,1,0.0
202300012114,155 659 052,B01,2,7,0,2,6,1,1,0.0
202300012115,155 659 039,A01,2,10,0,2,1,2,0,0.0
202300012115,155 659 040,B01,2,7,0,2,4,2,0,0.0
202300012115,155 659 042,C01,2,7,0,2,4,2,0,0.0
202300012115,155 659 045,D01,2,7,0,2,4,2,0,0.0
202300012116,155 659 038,A01,1,7,0,1,2,20,1,0.0
202300012117,155 659 033,A01,2,31,14,0,2,0,1,0.0
202300012118,155 659 034,A01,1,7,0,2,1,1,1,0.0
202300012118,155 659 036,B01,1,7,0,2,4,1,1,0.0
202300012119,155 659 032,A01,2,1,0,0,0,2,5,0.0
202300012120,155 659 026,A01,2,43,0,2,7,3,1,0.0
202300012120,155 659 028,B01,2,7,0,2,8,0,1,0.0
202300012121,155 659 025,C01,2,7,0,2,2,1,1,0.0
202300012121,155 659 030,A01,2,7,0,2,4,1,1,0.0
202300012121,155 659 031,B01,2,7,0,2,1,1,1,0.0
202300012122,155 659 022,A01,1,33,0,2,8,15,1,0.0
202300012122,155 659 027,B01,3,33,0,2,1,17,1,0.0
202300012123,155 659 020,A01,3,7,0,9,2,17,0,0.0
202300012123,155 659 023,B01,3,1,0,2,8,19,5,0.0
202300012124,155 659 013,A01,0,7,0,2,1,3,1,0.0
202300012124,155 659 018,B01,0,7,0,2,1,3,1,0.0
202300012125,155 659 015,A01,3,30,12,0,1,1,3,0.0
202300012126,155 659 014,C01,1,7,0,2,4,1,1,0.0
202300012126,155 659 017,D01,1,7,0,2,4,1,1,0.0
202300012126,155 659 021,E01,1,7,0,2,4,1,1,0.0
202300012126,155 659 024,A01,1,7,0,2,1,1,1,0.0
202300012126,155 659 029,B01,1,7,0,2,4,1,1,0.0
202300012127,155 659 012,A01,1,34,0,2,1,3,1,0.0
202300012127,155 659 016,B01,1,10,0,2,4,2,1,0.0
202300012127,155 659 019,C01,1,10,0,2,4,2,1,0.0
202300012128,155 659 011,A01,0,7,0,1,8,1,1,0.0
202300012129,155 659 008,A01,2,7,4,0,1,1,1,0.0
202300012130,155 659 006,A01,0,1,0,2,1,5,5,0.0
202300012130,155 659 010,B01,0,7,0,2,2,1,1,0.0
202300012131,155 659 007,A01,3,7,0,9,1,15,2,0.0
202300012131,155 659 009,B01,3,1,0,2,1,1,5,0.0
202300012132,155 659 003,B01,1,7,0,2,1,2,1,0.0
202300012132,155 659 005,A01,1,7,0,2,4,2,1,0.0
202300012133,155 659 001,A01,2,10,0,2,7,13,1,0.0
202300012133,155 659 002,B01,2,15,0,2,2,1,1,0.0
202300012134,155 658 997,A01,1,37,0,2,4,2,1,6.0
202300012134,155 659 004,B01,2,7,0,2,1,1,1,0.0
202300012135,155 658 995,B01,1,2,0,2,7,1,1,0.0
202300012135,155 658 999,A01,1,7,0,2,2,15,1,0.0
202300012136,155 658 993,A01,3,7,0,9,2,1,1,0.0
202300012136,155 658 998,B01,0,1,0,2,1,1,5,0.0
202300012137,155 658 994,B01,1,7,0,2,1,1,1,0.0
202300012137,155 659 000,A01,1,7,0,2,3,16,1,0.0
202300012138,155 658 992,A01,2,7,0,2,6,1,1,0.0
202300012138,155 658 996,Z01,2,7,0,2,2,11,1,0.0
202300012139,155 658 989,A01,1,7,0,1,3,16,1,0.0
202300012140,155 658 988,A01,2,33,0,0,9,1,1,0.0
202300012140,155 658 991,B01,2,33,0,0,9,1,1,0.0
202300012141,155 658 984,A01,1,10,0,2,1,1,1,0.0
202300012141,155 658 986,B01,1,7,0,2,4,1,1,0.0
202300012142,155 658 983,A01,1,34,0,2,1,2,-1,0.0
202300012142,155 658 985,B01,1,7,0,0,6,23,0,0.0
202300012142,155 658 990,C01,1,3,0,0,0,23,1,0.0
202300012143,155 658 982,A01,3,43,0,2,1,18,0,0.0
202300012143,155 658 987,B01,3,7,0,2,5,16,0,0.0
202300012144,155 658 981,A01,2,7,0,0,9,13,1,0.0
202300012145,155 658 977,A01,1,7,0,2,3,15,0,0.0
202300012145,155 658 980,B01,2,7,0,2,3,1,0,0.0
202300012146,155 658 975,A01,1,2,0,0,0,1,1,0.0
202300012147,155 658 976,A01,0,7,0,1,2,0,1,0.0
202300012148,155 658 974,A01,2,7,0,2,3,1,0,0.0
202300012148,155 658 979,B01,1,7,0,2,3,1,0,0.0
202300012149,155 658 973,B01,2,7,0,2,1,1,1,0.0
202300012149,155 658 978,A01,1,3,0,2,7,19,1,0.0
202300012150,155 658 972,A01,2,7,0,1,3,1,1,0.0
202300012151,155 658 968,A01,3,2,12,0,0,0,1,0.0
202300012152,155 658 966,A01,1,2,0,0,7,1,1,0.0
202300012152,155 658 969,B01,0,7,0,2,1,20,1,0.0
202300012153,155 658 965,A01,1,7,13,0,9,14,1,0.0
202300012154,155 658 967,A01,2,7,0,2,2,16,1,0.0
202300012154,155 658 971,B01,2,50,0,2,1,1,3,0.0
202300012155,155 658 964,A01,3,7,0,1,1,19,1,0.0
202300012156,155 658 963,A01,3,7,0,1,2,15,1,0.0
202300012157,155 658 959,A01,1,7,0,1,1,1,1,0.0
202300012158,155 658 957,A01,2,7,0,2,6,2,1,0.0
202300012158,155 658 960,B01,2,33,0,2,1,2,1,0.0
202300012159,155 658 956,A01,2,2,0,1,1,21,1,0.0
202300012160,155 658 955,A01,2,1,15,0,1,1,5,0.0
202300012161,155 658 953,A01,1,7,2,0,2,1,1,0.0
202300012162,155 658 949,A01,2,7,2,0,2,1,1,0.0
202300012163,155 658 952,B01,1,7,0,2,1,1,1,0.0
202300012163,155 658 954,A01,2,7,0,2,7,15,1,0.0
202300012164,155 658 945,A01,1,7,0,2,1,13,1,0.0
202300012164,155 658 947,B01,1,7,0,2,6,1,2,0.0
202300012164,155 658 950,C01,1,7,0,2,5,1,1,0.0
202300012165,155 658 937,A01,3,7,8,0,1,1,1,0.0
202300012166,155 658 938,A01,1,7,0,2,1,2,1,0.0
202300012166,155 658 941,C01,1,7,0,2,4,0,1,0.0
202300012166,155 658 944,B01,1,10,0,2,4,2,1,0.0
202300012167,155 658 939,B01,1,33,0,2,1,1,1,0.0
202300012167,155 658 943,A01,2,7,0,0,7,15,1,0.0
202300012168,155 658 936,A01,2,7,0,2,3,9,1,0.0
202300012168,155 658 940,B01,2,2,0,2,7,1,1,0.0
202300012169,155 658 933,B01,0,37,0,0,6,0,1,1.0
202300012169,155 658 935,A01,0,7,0,2,2,17,1,0.0
202300012170,155 658 932,A01,1,7,1,0,2,1,1,0.0
202300012170,155 658 934,B01,3,7,0,2,3,24,1,0.0
202300012171,155 658 928,A01,3,7,0,1,2,1,1,0.0
202300012172,155 658 929,A01,2,7,0,2,1,1,1,0.0
202300012172,155 658 931,B01,2,7,0,2,4,1,1,0.0
202300012173,155 658 926,A01,2,7,6,0,1,0,1,0.0
202300012174,155 658 925,B01,1,7,0,2,8,15,1,0.0
202300012174,155 658 930,A01,1,33,0,2,7,2,1,0.0
202300012175,155 658 923,A01,1,40,0,1,7,1,3,0.0
202300012176,155 658 924,A01,0,7,0,2,7,16,1,0.0
202300012176,155 658 927,B01,0,1,0,2,8,1,5,0.0
202300012177,155 658 922,A01,1,33,12,0,0,0,1,0.0
202300012178,155 658 920,A01,2,2,0,2,1,1,1,0.0
202300012178,155 658 921,B01,2,7,0,2,4,1,1,0.0
202300012179,155 658 915,A01,2,2,0,2,7,1,1,0.0
202300012179,155 658 919,Z01,3,7,0,2,1,0,0,0.0
202300012180,155 658 916,B01,1,7,0,2,4,2,1,0.0
202300012180,155 658 917,A01,1,33,0,2,5,21,1,0.0
202300012181,155 658 914,A01,1,7,0,2,8,19,0,0.0
202300012181,155 658 918,B01,1,7,0,2,1,1,0,0.0
202300012182,155 658 912,A01,2,37,2,0,2,1,1,5.0
202300012183,155 658 911,B01,1,33,0,2,0,15,0,0.0
202300012183,155 658 913,RA01,2,7,0,2,2,1,1,0.0
202300012184,155 658 909,A01,3,7,0,2,3,1,1,0.0
202300012184,155 658 910,B01,3,7,1,2,4,20,1,0.0
202300012185,155 658 908,A01,2,2,10,0,7,1,1,0.0
202300012186,155 658 906,A01,1,50,0,0,0,1,3,0.0
202300012187,155 658 905,A01,1,33,0,2,1,1,1,0.0
202300012187,155 658 907,B01,2,7,0,2,7,15,2,0.0
202300012188,155 658 900,A01,1,7,0,2,1,15,0,0.0
202300012188,155 658 904,B01,2,80,0,2,7,1,3,0.0
202300012189,155 658 899,A01,1,7,13,2,1,13,1,0.0
202300012189,155 658 903,B01,2,7,0,2,5,1,1,0.0
202300012190,155 658 898,A01,1,7,0,0,0,23,1,0.0
202300012191,155 658 897,B01,1,0,-1,-1,-1,-1,-1,0.0
202300012191,155 658 901,A01,1,50,0,2,5,0,3,0.0
202300012192,155 658 896,A01,1,30,0,2,1,17,1,0.0
202300012192,155 658 902,B01,1,7,0,2,3,15,1,0.0
202300012193,155 658 893,A01,1,33,2,0,1,1,1,0.0
202300012194,155 658 891,A01,0,31,0,2,7,0,1,0.0
202300012194,155 658 892,B01,0,7,0,2,2,0,1,0.0
202300012195,155 658 889,A01,1,7,8,2,1,2,1,0.0
202300012195,155 658 894,B01,1,7,8,0,4,2,1,0.0
202300012196,155 658 888,A01,1,7,0,2,1,15,1,0.0
202300012196,155 658 895,B01,2,1,0,2,8,1,5,0.0
202300012197,155 658 890,A01,1,32,10,0,2,0,1,0.0
202300012198,155 658 887,A01,2,33,0,0,0,26,1,0.0
202300012199,155 658 885,A01,1,10,2,0,1,1,1,0.0
202300012200,155 658 884,A01,0,7,2,0,1,1,1,0.0
202300012201,155 658 883,B01,2,7,0,2,2,1,1,0.0
202300012201,155 658 886,A01,2,7,0,2,3,9,1,0.0
202300012202,155 658 881,A01,2,50,0,0,7,1,3,0.0
202300012203,155 658 880,A01,2,30,14,0,7,1,1,0.0
202300012204,155 658 879,A01,2,7,0,2,3,1,1,0.0
202300012204,155 658 882,B01,1,1,0,2,1,0,5,0.0
202300012205,155 658 875,A01,3,7,6,0,1,1,0,0.0