num_acc,id_vehicule,num_veh,senc,catv,obs,obsm,choc,manv,motor,occutc
202300012206,155 658 873,A01,1,2,0,2,1,1,1,0.0
202300012206,155 658 877,B01,2,7,0,2,3,1,1,0.0
202300012207,155 658 874,A01,3,7,0,1,2,15,1,0.0
202300012208,155 658 871,A01,1,7,2,0,2,1,1,0.0
202300012209,155 658 870,A01,2,7,0,2,2,1,6,0.0
202300012209,155 658 872,B01,2,7,0,2,3,9,6,0.0
202300012210,155 658 866,A01,3,1,0,2,4,1,5,0.0
202300012210,155 658 867,Z01,2,0,0,2,1,1,0,0.0
202300012211,155 658 865,A01,0,33,16,0,0,0,1,0.0
202300012212,155 658 863,B01,1,1,0,2,1,1,5,0.0
202300012212,155 658 868,A01,1,10,0,2,7,16,1,0.0
202300012213,155 658 864,B01,2,1,0,2,4,1,5,0.0
202300012213,155 658 869,A01,1,7,0,9,1,1,1,0.0
202300012214,155 658 861,A01,1,7,0,1,3,1,1,0.0
202300012215,155 658 856,A01,1,7,0,2,3,1,1,0.0
202300012215,155 658 859,B01,1,7,0,2,1,1,2,0.0
202300012216,155 658 854,A01,2,7,0,2,3,9,1,0.0
202300012216,155 658 858,B01,2,1,0,2,7,1,5,0.0
202300012217,155 658 855,B01,2,7,0,2,1,17,1,0.0
202300012217,155 658 857,A01,1,33,0,2,1,0,1,0.0
202300012217,155 658 862,C01,3,7,1,0,0,23,1,0.0
202300012218,155 658 851,A01,2,33,0,2,3,3,1,0.0
202300012218,155 658 853,B01,2,10,0,2,7,1,1,0.0
202300012219,155 658 850,A01,1,33,13,0,2,1,1,0.0
202300012220,155 658 849,A01,2,99,14,2,3,13,1,0.0
202300012220,155 658 852,B01,1,7,0,2,0,1,1,0.0
202300012221,155 658 847,A01,1,7,0,2,1,2,1,0.0
202300012221,155 658 848,B01,1,7,1,0,6,23,1,0.0
202300012222,155 658 846,A01,3,33,14,0,8,19,6,0.0
202300012223,155 658 842,A01,1,1,0,2,2,11,5,0.0
202300012223,155 658 845,B01,1,7,0,2,3,17,1,0.0
202300012224,155 658 843,B01,1,33,0,2,1,21,1,0.0
202300012224,155 658 844,A01,1,7,0,2,5,19,1,0.0
202300012225,155 658 840,B01,0,7,0,2,0,0,1,0.0
202300012225,155 658 841,A01,0,2,0,2,8,17,1,0.0
202300012226,155 658 839,A01,3,7,0,1,1,2,1,0.0
202300012227,155 658 835,B01,2,2,0,2,2,1,1,0.0
202300012227,155 658 837,A01,2,7,0,2,3,9,1,0.0
202300012228,155 658 836,A01,1,33,13,0,1,19,1,0.0
202300012229,155 658 833,A01,1,7,0,2,2,1,6,0.0
202300012229,155 658 838,B01,1,7,0,2,3,15,6,0.0
202300012230,155 658 832,A01,1,7,0,2,1,19,2,0.0
202300012230,155 658 834,B01,2,7,16,0,7,15,1,0.0
202300012231,155 658 829,A01,1,7,0,1,3,1,1,0.0
202300012232,155 658 827,A01,2,7,0,2,1,2,1,0.0
202300012232,155 658 831,B01,2,7,0,2,4,2,1,0.0
202300012233,155 658 828,A01,2,7,0,0,5,6,1,0.0
202300012233,155 658 830,B01,1,1,0,0,5,1,5,0.0
202300012234,155 658 826,A01,3,7,0,9,1,12,1,0.0
202300012235,155 658 824,A01,1,33,3,0,0,21,1,0.0
202300012236,155 658 823,A01,1,10,0,1,8,1,1,0.0
202300012237,155 658 821,A01,1,50,0,2,1,1,3,0.0
202300012237,155 658 822,B01,1,7,0,2,2,1,1,0.0
202300012238,155 658 820,A01,2,10,0,2,3,1,1,0.0
202300012238,155 658 825,B01,1,7,0,2,8,1,1,0.0
202300012239,155 658 817,A01,1,7,0,1,0,1,0,0.0
202300012240,155 658 816,A01,1,7,0,9,7,16,2,0.0
202300012240,155 658 819,B01,1,50,0,2,1,1,3,0.0
202300012241,155 658 815,A01,2,7,0,2,1,13,1,0.0
202300012241,155 658 818,B01,1,10,0,2,1,1,1,0.0
202300012242,155 658 812,A01,1,10,0,2,7,16,1,0.0
202300012242,155 658 814,Y01,2,1,0,2,8,1,5,0.0
202300012243,155 658 808,A01,1,7,0,2,3,9,1,0.0
202300012243,155 658 813,B01,2,7,0,2,1,1,1,0.0
202300012244,155 658 807,A01,1,7,0,2,7,19,1,0.0
202300012244,155 658 811,B01,3,30,0,2,1,16,1,0.0
202300012245,155 658 806,A01,0,7,0,0,5,9,1,0.0
202300012245,155 658 810,B01,0,30,0,2,1,1,1,0.0
202300012246,155 658 805,A01,3,7,0,2,7,16,1,0.0
202300012246,155 658 809,B01,1,34,0,2,8,1,1,0.0
202300012247,155 658 801,A01,2,33,0,2,7,1,1,0.0
202300012247,155 658 804,B01,1,7,0,2,1,9,0,0.0
202300012248,155 658 799,A01,0,1,0,2,1,1,5,0.0
202300012248,155 658 802,B01,1,7,0,2,7,1,1,0.0
202300012249,155 658 798,A01,1,1,0,2,5,19,5,0.0
202300012249,155 658 803,B01,2,7,0,2,1,1,1,0.0
202300012250,155 658 796,A01,1,10,0,2,7,17,1,0.0
202300012250,155 658 800,B01,1,7,0,2,3,13,1,0.0
202300012251,155 658 794,A01,1,30,9,0,1,26,0,0.0
202300012252,155 658 792,A01,2,50,0,2,1,5,3,0.0
202300012252,155 658 795,B01,1,7,0,2,3,16,1,0.0
202300012253,155 658 791,A01,2,7,0,2,3,1,1,0.0
202300012253,155 658 797,B01,1,32,0,2,1,1,1,0.0
202300012254,155 658 789,A01,1,7,1,0,3,17,1,0.0
202300012254,155 658 793,B01,2,32,0,0,1,2,1,0.0
202300012255,155 658 788,A01,0,7,0,2,7,1,6,0.0
202300012255,155 658 790,B01,0,1,0,2,0,19,5,0.0
202300012256,155 658 785,A01,1,7,2,0,2,2,1,0.0
202300012257,155 658 787,A01,3,7,1,1,2,16,1,0.0
202300012258,155 658 784,A01,2,7,0,1,1,1,1,0.0
202300012259,155 658 782,B01,1,1,0,2,7,1,5,0.0
202300012259,155 658 786,Z01,1,10,0,2,1,16,1,0.0
202300012260,155 658 777,A01,1,7,0,2,8,11,1,0.0
202300012260,155 658 780,B01,1,33,4,2,7,21,1,0.0
202300012261,155 658 779,B01,3,7,0,2,3,15,1,0.0
202300012261,155 658 781,A01,3,1,0,2,1,1,5,0.0
202300012262,155 658 775,B01,3,2,0,2,1,1,1,0.0
202300012262,155 658 778,A01,3,7,0,2,7,15,1,0.0
202300012263,155 658 773,A01,2,7,0,2,2,1,1,0.0
202300012263,155 658 774,B01,1,7,0,2,2,15,1,0.0
202300012264,155 658 770,A01,3,7,0,1,4,20,1,0.0
202300012265,155 658 771,A01,2,10,0,1,2,10,0,0.0
202300012266,155 658 765,A01,1,7,0,2,2,20,1,0.0
202300012266,155 658 767,B01,1,1,0,2,8,1,5,0.0
202300012267,155 658 766,B01,2,7,0,2,1,2,1,0.0
202300012267,155 658 769,C01,2,7,0,2,1,2,1,0.0
202300012267,155 658 772,D01,2,7,0,2,1,2,3,0.0
202300012267,155 658 776,A01,2,7,0,2,4,1,2,0.0
202300012268,155 658 761,A01,1,2,1,0,6,10,1,0.0
202300012268,155 658 763,B01,1,33,0,2,1,2,1,0.0
202300012269,155 658 762,A01,3,7,0,2,5,2,1,0.0
202300012269,155 658 768,B01,3,30,0,2,1,2,1,0.0
202300012270,155 658 760,A01,2,7,0,2,3,13,1,0.0
202300012270,155 658 764,B01,1,7,0,2,2,1,1,0.0
202300012271,155 658 756,B01,1,7,16,2,1,2,1,0.0
202300012271,155 658 758,A01,1,1,0,2,1,13,5,0.0
202300012272,155 658 752,B01,0,7,0,2,8,15,1,0.0
202300012272,155 658 754,A01,0,31,0,2,7,17,1,0.0
202300012273,155 658 751,A01,1,7,0,2,1,14,1,0.0
202300012273,155 658 759,B01,2,10,0,2,2,23,1,0.0
202300012274,155 658 753,A01,1,7,1,0,1,14,1,0.0
202300012274,155 658 757,B01,1,7,0,2,4,23,1,0.0
202300012275,155 658 750,B01,3,7,0,2,8,1,0,0.0
202300012275,155 658 755,A01,3,10,0,2,1,19,0,0.0
202300012276,155 658 749,A01,3,7,15,1,2,17,1,0.0
202300012277,155 658 748,A01,3,7,6,0,1,1,1,0.0
202300012278,155 658 745,A01,0,7,0,2,7,26,1,0.0
202300012278,155 658 747,B01,0,7,0,2,8,26,1,0.0
202300012279,155 658 743,A01,2,1,0,2,0,15,5,0.0
202300012279,155 658 746,B01,2,7,0,2,5,17,0,0.0
202300012280,155 658 742,A01,1,7,4,0,1,1,1,0.0
202300012281,155 658 740,A01,1,7,2,0,3,13,0,0.0
202300012282,155 658 737,A01,3,7,0,2,1,16,1,0.0
202300012282,155 658 741,B01,3,50,0,2,8,1,3,0.0
202300012283,155 658 734,A01,2,7,0,2,3,15,1,0.0
202300012283,155 658 738,B01,1,1,0,2,1,1,5,0.0
202300012284,155 658 732,A01,2,7,0,2,1,1,1,0.0
202300012284,155 658 736,C01,2,7,0,2,4,2,1,0.0
202300012284,155 658 739,B01,2,7,0,2,4,2,1,0.0
202300012285,155 658 733,A01,2,7,8,9,1,17,1,0.0
202300012286,155 658 729,A01,0,10,0,1,4,26,0,0.0
202300012287,155 658 728,A01,1,7,2,0,8,1,1,0.0
202300012288,155 658 724,C01,1,7,0,0,6,2,0,0.0
202300012288,155 658 726,A01,1,7,0,0,4,2,0,0.0
202300012288,155 658 730,B01,1,7,0,0,4,2,0,0.0
202300012288,155 658 731,D01,1,7,0,0,2,17,0,0.0
202300012288,155 658 735,E01,2,7,0,0,2,1,3,0.0
202300012289,155 658 727,A01,1,7,1,2,3,0,1,0.0
202300012290,155 658 722,B01,1,2,0,2,0,1,1,0.0
202300012290,155 658 725,A01,1,7,0,2,1,1,1,0.0
202300012291,155 658 720,A01,2,7,1,2,1,5,1,0.0
202300012291,155 658 723,B01,2,7,0,2,1,1,0,0.0
202300012292,155 658 719,A01,1,7,0,2,3,0,1,0.0
202300012292,155 658 721,B01,2,7,0,2,3,0,1,0.0
202300012293,155 658 718,A01,3,7,2,0,1,1,1,0.0
202300012294,155 658 717,A01,1,7,9,0,1,26,1,0.0
202300012295,155 658 716,A01,2,33,13,0,2,1,1,0.0
202300012296,155 658 712,A01,1,7,0,2,3,20,1,0.0
202300012296,155 658 714,B01,1,33,9,2,2,1,1,0.0
202300012297,155 658 709,B01,2,30,0,2,3,15,1,0.0
202300012297,155 658 713,A01,2,7,0,2,5,17,1,0.0
202300012298,155 658 708,A01,0,7,13,0,2,1,1,0.0
202300012299,155 658 706,A01,1,33,0,2,0,1,1,0.0
202300012299,155 658 711,B01,1,7,0,0,0,19,1,0.0
202300012300,155 658 702,A01,1,33,0,0,3,2,1,0.0
202300012301,155 658 700,A01,1,7,0,2,3,10,1,0.0
202300012301,155 658 704,B01,1,7,0,2,2,2,0,0.0
202300012302,155 658 699,A01,1,7,0,2,1,2,1,0.0
202300012302,155 658 701,B01,1,7,4,0,4,23,1,0.0
202300012303,155 658 697,A01,2,7,0,1,3,16,1,0.0
202300012304,155 658 696,B01,1,2,0,2,1,1,1,0.0
202300012304,155 658 698,A01,2,10,0,2,7,15,1,0.0
202300012305,155 658 693,A01,1,7,1,0,1,1,1,0.0
202300012306,155 658 691,B01,3,7,0,2,3,1,1,0.0
202300012306,155 658 694,A01,3,7,0,2,1,13,1,0.0
202300012307,155 658 692,A01,3,34,0,2,1,1,1,0.0
202300012307,155 658 695,B01,3,7,0,2,7,15,2,0.0
202300012308,155 658 689,A01,2,7,8,0,1,14,1,0.0
202300012309,155 658 688,A01,2,1,0,2,1,19,5,0.0
202300012309,155 658 690,B01,1,7,0,0,6,1,1,0.0
202300012310,155 658 683,B01,2,7,0,0,6,0,1,0.0
202300012310,155 658 686,A01,1,33,0,2,1,1,1,0.0
202300012311,155 658 685,A01,3,33,0,1,3,1,0,0.0
202300012312,155 658 684,A01,1,7,0,2,2,15,2,0.0
202300012312,155 658 687,B01,2,7,0,2,1,1,1,0.0
202300012313,155 658 681,A01,2,7,2,0,3,0,1,0.0
202300012314,155 658 680,A01,0,7,0,2,1,16,1,0.0
202300012314,155 658 682,B01,0,30,0,2,1,0,1,0.0
202300012315,155 658 676,A01,1,33,0,2,1,17,1,0.0
202300012315,155 658 679,B01,1,7,0,2,8,15,1,0.0
202300012316,155 658 675,A01,2,7,0,9,7,15,1,0.0
202300012316,155 658 677,B01,1,1,0,2,1,1,5,0.0
202300012317,155 658 674,A01,2,17,0,1,2,1,1,0.0
202300012318,155 658 672,A01,2,7,2,0,3,13,0,0.0
202300012319,155 658 673,B01,3,14,0,2,6,13,1,0.0
202300012319,155 658 678,A01,3,10,0,2,1,15,1,0.0
202300012320,155 658 669,A01,1,7,0,2,7,9,1,0.0
202300012320,155 658 671,B01,2,1,0,2,7,1,5,0.0
202300012321,155 658 667,A01,1,7,0,1,1,16,1,0.0
202300012322,155 658 664,B01,1,7,0,2,6,24,1,0.0
202300012322,155 658 665,A01,1,7,1,0,2,14,1,0.0
202300012323,155 658 663,A01,1,31,0,2,7,1,1,0.0
202300012323,155 658 668,B01,1,7,0,2,1,1,1,0.0
202300012324,155 658 661,A01,1,7,0,1,2,1,1,0.0
202300012325,155 658 662,A01,2,7,0,1,2,1,2,0.0
202300012326,155 658 660,A01,2,7,6,0,1,1,1,0.0
202300012327,155 658 659,A01,2,7,0,1,3,1,1,0.0
202300012328,155 658 658,A01,1,2,12,0,1,1,1,0.0
202300012329,155 658 657,A01,0,7,6,0,1,1,0,0.0
202300012330,155 658 656,A01,3,7,1,0,1,14,1,0.0
202300012331,155 658 652,A01,0,7,0,2,1,15,1,0.0
202300012331,155 658 654,B01,3,31,0,2,7,2,1,0.0
202300012332,155 658 651,B01,2,33,0,2,8,1,1,0.0
202300012332,155 658 655,A01,2,7,0,2,7,12,1,0.0
202300012333,155 658 650,A01,1,7,2,0,1,14,1,0.0
202300012334,155 658 649,A01,1,7,0,1,2,1,2,0.0
202300012335,155 658 648,A01,2,7,13,0,1,14,1,0.0
202300012336,155 658 644,B01,0,7,0,2,1,26,2,0.0
202300012336,155 658 647,A01,0,7,0,2,7,26,1,0.0
202300012337,155 658 642,A01,2,7,8,0,1,13,2,0.0
202300012338,155 658 643,A01,2,32,0,2,3,3,1,0.0
202300012338,155 658 646,B01,1,10,0,2,8,1,1,0.0
202300012339,155 658 641,A01,1,80,0,2,1,13,3,0.0
202300012339,155 658 645,B01,2,7,0,9,1,1,3,0.0
202300012340,155 658 637,A01,0,33,0,0,1,17,1,0.0
202300012341,155 658 635,A01,2,7,0,1,1,1,1,0.0
202300012342,155 658 632,A01,1,7,0,2,2,1,2,0.0
202300012342,155 658 638,B01,1,1,0,2,1,1,5,0.0
202300012343,155 658 629,A01,1,7,0,2,1,19,1,0.0
202300012343,155 658 634,B01,2,31,0,2,7,1,1,0.0
202300012344,155 658 631,A01,1,33,0,2,4,2,1,0.0
202300012344,155 658 633,Z01,1,33,0,2,1,2,0,0.0
202300012344,155 658 636,B01,1,10,0,2,4,2,1,0.0
202300012345,155 658 628,A01,1,7,0,0,4,2,1,0.0
202300012345,155 658 630,B01,1,7,0,0,1,2,1,0.0
202300012346,155 658 626,A01,1,37,0,1,2,1,1,1.0
202300012347,155 658 625,A01,1,32,0,2,1,5,1,0.0
202300012347,155 658 627,B01,1,7,0,2,3,9,2,0.0
202300012348,155 658 622,A01,2,7,0,1,2,1,1,0.0
202300012349,155 658 621,A01,0,7,2,0,0,1,1,0.0
202300012350,155 658 623,B01,2,10,0,2,5,1,1,0.0
202300012350,155 658 624,A01,2,43,0,2,3,3,1,0.0
202300012351,155 658 616,A01,3,7,2,0,1,1,0,0.0
202300012352,155 658 617,B01,2,50,0,2,1,1,3,0.0
202300012352,155 658 620,A01,1,7,0,2,1,15,1,0.0
202300012353,155 658 618,A01,1,7,0,2,5,22,3,0.0
202300012353,155 658 619,B01,1,33,0,2,1,1,1,0.0
202300012354,155 658 615,A01,1,1,0,1,0,1,5,0.0
202300012355,155 658 612,B01,2,10,0,2,2,1,1,0.0
202300012355,155 658 614,A01,2,31,0,2,6,13,1,0.0
202300012356,155 658 608,B01,0,2,0,2,7,17,1,0.0
202300012356,155 658 613,A01,0,7,0,2,3,15,1,0.0
202300012357,155 658 607,A01,0,3,0,2,2,15,1,0.0
202300012357,155 658 610,B01,0,2,0,2,1,0,1,0.0
202300012358,155 658 605,A01,2,7,0,2,1,15,1,0.0
202300012358,155 658 606,B01,1,7,0,2,1,1,3,0.0
202300012358,155 658 609,C01,2,10,0,2,1,1,1,0.0
202300012359,155 658 604,A01,2,7,0,4,5,19,1,0.0
202300012359,155 658 611,B01,2,40,0,2,1,19,3,0.0
202300012360,155 658 597,A01,1,31,7,0,1,0,0,0.0
202300012361,155 658 599,B01,2,7,0,2,8,1,1,0.0
202300012361,155 658 603,A01,2,31,0,2,7,5,1,0.0
202300012362,155 658 595,B01,0,7,0,2,4,23,1,0.0
202300012362,155 658 600,C01,0,7,0,2,4,23,1,0.0
202300012362,155 658 602,A01,0,7,0,2,1,1,1,0.0
202300012363,155 658 592,A01,2,7,0,0,1,1,1,0.0
202300012364,155 658 594,B01,1,2,0,2,1,26,1,0.0
202300012364,155 658 596,A01,1,15,0,2,2,1,1,0.0
202300012365,155 658 591,A01,2,7,0,2,1,2,1,0.0
202300012365,155 658 593,B01,2,7,0,2,4,23,1,0.0
202300012365,155 658 598,C01,2,10,0,2,4,2,1,0.0
202300012365,155 658 601,D01,2,7,0,2,4,2,1,0.0
202300012366,155 658 590,A01,1,7,0,1,1,1,2,0.0
202300012367,155 658 589,A01,2,10,2,0,1,0,1,0.0
202300012368,155 658 587,A01,1,7,1,0,6,14,1,0.0
202300012369,155 658 586,A01,1,33,0,2,7,1,1,0.0
202300012369,155 658 588,B01,1,7,0,2,3,15,1,0.0
202300012370,155 658 582,A01,3,7,2,0,1,1,1,0.0
202300012371,155 658 581,A01,2,7,0,2,1,1,1,0.0
202300012371,155 658 583,B01,2,7,0,2,0,1,1,0.0
202300012371,155 658 585,C01,2,7,0,2,4,0,1,0.0
202300012372,155 658 578,B01,3,37,0,0,0,1,0,3.0
202300012372,155 658 584,A01,3,10,0,0,0,10,1,0.0
202300012373,155 658 577,A01,1,33,5,0,3,14,1,0.0
202300012373,155 658 580,B01,1,33,0,2,3,1,1,0.0
202300012374,155 658 579,A01,1,7,0,1,1,15,3,0.0
202300012375,155 658 574,B01,2,17,0,2,4,24,1,0.0
202300012375,155 658 575,A01,2,7,1,0,1,0,1,0.0
202300012376,155 658 571,A01,2,7,0,2,2,1,0,0.0
202300012376,155 658 576,B01,2,15,0,2,6,14,1,0.0
202300012377,155 658 569,A01,2,33,0,2,1,16,1,0.0
202300012377,155 658 572,B01,1,7,0,0,8,1,0,0.0
202300012378,155 658 568,A01,3,2,0,2,1,9,5,0.0
202300012378,155 658 573,B01,3,33,0,0,8,2,1,0.0
202300012379,155 658 567,B01,2,1,0,2,1,1,5,0.0
202300012379,155 658 570,A01,1,7,0,2,1,1,1,0.0
202300012380,155 658 565,A01,2,33,0,2,1,3,1,0.0
202300012380,155 658 566,B01,2,7,0,2,4,11,1,0.0
202300012381,155 658 563,A01,1,7,0,0,1,2,1,0.0
202300012382,155 658 562,A01,2,13,0,0,4,1,0,0.0
202300012382,155 658 564,B01,2,7,0,2,1,1,0,0.0
202300012383,155 658 560,A01,0,1,12,0,1,19,5,0.0
202300012384,155 658 559,A01,1,7,0,2,2,1,1,0.0
202300012384,155 658 561,B01,1,1,0,2,8,15,5,0.0
202300012385,155 658 555,A01,1,7,0,0,2,0,0,0.0
202300012385,155 658 557,B01,1,33,8,0,2,0,0,0.0
202300012386,155 658 552,A01,2,7,6,0,1,1,1,0.0
202300012387,155 658 550,B01,1,7,0,2,7,1,0,0.0
202300012387,155 658 554,C01,1,7,0,2,5,2,1,0.0
202300012387,155 658 556,D01,1,7,0,9,0,1,1,0.0
202300012387,155 658 558,A01,1,7,0,2,1,1,2,0.0
202300012388,155 658 553,A01,1,50,0,1,1,1,3,0.0
202300012389,155 658 547,A01,0,7,0,2,3,1,1,0.0
202300012389,155 658 549,B01,0,2,0,2,3,1,1,0.0
202300012390,155 658 548,B01,2,33,0,2,1,1,1,0.0
202300012390,155 658 551,A01,1,7,0,2,1,15,1,0.0
202300012391,155 658 546,A01,2,33,13,0,0,2,1,0.0
202300012392,155 658 544,A01,2,33,4,0,1,1,1,0.0
202300012393,155 658 543,A01,3,31,0,2,2,17,1,0.0
202300012393,155 658 545,B01,3,7,0,2,3,15,1,0.0
202300012394,155 658 539,A01,1,7,0,2,3,17,1,0.0
202300012394,155 658 541,B01,1,33,0,0,0,1,1,0.0
202300012395,155 658 537,A01,1,7,0,2,4,2,2,0.0
202300012395,155 658 542,B01,1,7,0,2,4,2,1,0.0
202300012396,155 658 536,B01,1,10,0,2,4,11,1,0.0
202300012396,155 658 538,A01,1,33,0,2,1,3,1,0.0
202300012397,155 658 535,A01,1,7,0,2,8,1,1,0.0
202300012397,155 658 540,B01,2,7,0,2,8,1,1,0.0
202300012398,155 658 534,A01,1,2,7,0,2,0,0,0.0
202300012399,155 658 532,A01,1,7,0,1,3,23,2,0.0
202300012400,155 658 530,A01,1,7,0,2,1,9,1,0.0
202300012400,155 658 533,B01,1,1,0,2,4,1,5,0.0
202300012401,155 658 528,A01,2,33,0,2,1,3,1,0.0
202300012401,155 658 531,Z01,2,7,0,2,4,0,0,0.0
202300012402,155 658 527,A01,2,7,17,0,1,21,0,0.0
202300012403,155 658 526,B01,2,33,0,2,8,1,1,0.0
202300012403,155 658 529,A01,2,7,0,0,8,9,1,0.0
202300012404,155 658 523,A01,1,1,0,1,2,1,5,0.0
202300012405,155 658 520,A01,1,10,0,2,1,2,1,0.0
202300012405,155 658 521,B01,1,10,0,2,4,2,1,0.0
202300012405,155 658 522,C01,1,7,0,2,4,2,1,0.0
202300012405,155 658 525,D01,1,7,0,2,4,2,1,0.0
202300012406,155 658 519,A01,2,7,13,0,5,14,1,0.0
202300012407,155 658 518,A01,1,43,1,0,3,0,1,0.0
202300012408,155 658 517,A01,0,7,14,0,2,1,1,0.0
202300012409,155 658 515,A01,2,17,0,2,1,1,1,0.0
202300012409,155 658 516,B01,2,7,0,2,4,12,1,0.0
202300012410,155 658 510,A01,1,7,6,0,2,14,1,0.0
202300012411,155 658 509,Z01,1,30,0,1,0,1,0,0.0
202300012412,155 658 508,A01,2,7,0,2,2,13,1,0.0
202300012412,155 658 513,B01,1,7,0,2,2,21,1,0.0
202300012413,155 658 507,A01,1,7,0,2,8,15,1,0.0
202300012413,155 658 512,B01,1,31,0,2,1,17,1,0.0
202300012414,155 658 506,A01,2,7,0,2,1,2,1,0.0
202300012414,155 658 511,B01,2,7,0,2,4,2,3,0.0
202300012414,155 658 514,C01,2,7,0,2,4,2,1,0.0
202300012415,155 658 505,A01,3,7,0,1,1,15,1,0.0
202300012416,155 658 501,A01,2,7,6,0,1,1,1,0.0
202300012417,155 658 500,B01,2,1,12,2,6,1,5,0.0
202300012417,155 658 503,A01,2,14,0,2,2,26,1,0.0
202300012418,155 658 502,A01,2,30,0,0,0,9,1,0.0
202300012419,155 658 499,A01,1,7,0,2,2,1,1,0.0
202300012419,155 658 504,B01,1,7,12,2,1,19,1,0.0
202300012420,155 658 494,A01,3,10,0,1,1,1,1,0.0
202300012421,155 658 495,A01,0,7,0,2,1,1,1,0.0
202300012421,155 658 498,B01,0,50,0,2,8,19,3,0.0
202300012422,155 658 491,A01,1,33,0,0,9,21,1,0.0
202300012423,155 658 490,A01,1,7,0,2,1,0,1,0.0
202300012423,155 658 493,B01,1,7,0,2,4,0,1,0.0
202300012424,155 658 489,A01,2,7,1,0,1,1,1,0.0
202300012425,155 658 486,A01,2,33,4,0,1,0,1,0.0
202300012426,155 658 485,B01,3,7,0,2,8,1,1,0.0
202300012426,155 658 488,A01,1,13,0,2,1,1,0,0.0
202300012427,155 658 484,A01,1,7,0,0,1,1,1,0.0
202300012427,155 658 487,B01,1,60,0,2,4,15,5,0.0
202300012428,155 658 483,A01,2,7,0,1,1,1,1,0.0
202300012429,155 658 482,A01,1,7,0,1,1,1,1,0.0
202300012430,155 658 481,A01,2,13,0,1,2,1,1,0.0
202300012431,155 658 478,A01,3,7,0,1,1,2,1,0.0
202300012432,155 658 477,A01,1,7,0,2,1,0,0,0.0
202300012432,155 658 480,B01,1,7,0,2,4,0,0,0.0
202300012433,155 658 476,A01,1,2,0,1,2,1,1,0.0
202300012434,155 658 475,B01,1,99,0,2,1,1,1,0.0
202300012434,155 658 479,A01,2,7,0,2,8,19,1,0.0
202300012435,155 658 473,A01,3,7,0,1,1,1,0,0.0
202300012436,155 658 472,B01,1,7,0,2,4,2,1,0.0
202300012436,155 658 474,A01,1,7,0,2,1,2,1,0.0
202300012437,155 658 471,A01,1,7,0,1,1,1,0,0.0
202300012438,155 658 470,A01,1,30,0,2,8,21,1,0.0
202300012439,155 658 468,A01,2,7,2,0,8,1,0,0.0
202300012440,155 658 469,A01,2,7,3,0,8,2,1,0.0
202300012441,155 658 467,A01,3,7,0,1,1,0,1,0.0
202300012442,155 658 464,A01,1,7,0,2,6,21,1,0.0
202300012442,155 658 466,B01,2,33,0,2,7,2,1,0.0
202300012443,155 658 462,A01,0,7,0,1,7,1,1,0.0
202300012444,155 658 460,B01,2,10,0,2,3,1,1,0.0
202300012444,155 658 465,A01,1,21,0,2,5,1,1,0.0
202300012445,155 658 461,A01,2,7,0,0,0,1,1,0.0
202300012446,155 658 456,D01,1,10,0,2,4,2,1,0.0
202300012446,155 658 458,A01,1,10,0,2,4,2,1,0.0
202300012446,155 658 459,C01,1,7,0,2,1,2,1,0.0
202300012446,155 658 463,B01,1,7,0,2,4,1,1,0.0
202300012447,155 658 454,A01,1,7,0,2,1,15,1,0.0
202300012447,155 658 457,B01,2,7,0,2,1,1,1,0.0
202300012448,155 658 452,B01,3,7,0,2,2,1,1,0.0
202300012448,155 658 455,A01,3,7,0,2,1,15,1,0.0
202300012449,155 658 451,A01,2,7,13,0,9,26,1,0.0
202300012450,155 658 450,A01,1,37,0,2,2,15,0,1.0
202300012450,155 658 453,B01,2,80,0,2,0,0,3,0.0
202300012451,155 658 448,A01,2,7,0,2,7,14,0,0.0
202300012451,155 658 449,B01,2,33,0,2,3,1,1,0.0
202300012452,155 658 446,A01,2,7,0,2,7,16,1,0.0
202300012452,155 658 447,B01,2,33,0,2,7,7,1,0.0
202300012453,155 658 440,A01,2,2,0,2,2,1,1,0.0
202300012453,155 658 445,B01,2,7,0,2,4,16,1,0.0
202300012454,155 658 441,A01,2,30,8,0,4,15,1,0.0
202300012454,155 658 443,Z01,2,7,8,2,1,0,1,0.0
202300012455,155 658 439,A01,2,7,0,2,2,1,1,0.0
202300012455,155 658 444,B01,2,50,0,2,7,1,3,0.0
202300012456,155 658 438,B01,2,7,0,2,4,2,1,0.0
202300012456,155 658 442,A01,2,7,0,2,1,2,1,0.0
202300012457,155 658 432,A01,2,2,0,2,1,1,1,0.0
202300012457,155 658 436,B01,1,7,0,2,1,1,1,0.0
202300012458,155 658 433,A01,1,10,0,1,2,16,1,0.0
202300012459,155 658 430,A01,1,2,0,2,1,13,1,0.0
202300012459,155 658 435,B01,2,7,0,2,3,15,1,0.0
202300012460,155 658 428,B01,2,7,0,2,6,1,0,0.0
202300012460,155 658 431,A01,2,31,0,2,1,1,1,0.0
202300012461,155 658 429,A01,2,7,0,2,1,2,1,0.0
202300012461,155 658 434,C01,2,7,0,2,4,23,1,0.0
202300012461,155 658 437,B01,2,7,0,2,1,2,1,0.0
202300012462,155 658 422,A01,1,7,0,2,6,11,2,0.0
202300012462,155 658 426,B01,1,33,0,2,1,3,1,0.0
202300012463,155 658 423,A01,2,10,0,1,1,1,1,0.0
202300012464,155 658 425,A01,2,30,0,2,1,13,1,0.0