num_acc,id_vehicule,num_veh,senc,catv,obs,obsm,choc,manv,motor,occutc
202300012464,155 658 427,B01,2,50,0,2,8,15,3,0.0
202300012465,155 658 420,A01,0,7,0,2,0,0,-1,0.0
202300012465,155 658 424,B01,0,50,0,0,4,0,3,0.0
202300012466,155 658 419,B01,1,43,0,2,1,1,1,0.0
202300012466,155 658 421,A01,3,7,0,2,8,16,1,0.0
202300012467,155 658 414,A01,1,30,0,2,1,18,1,0.0
202300012467,155 658 418,B01,1,7,0,2,5,2,1,0.0
202300012468,155 658 413,A01,1,14,0,2,4,1,1,0.0
202300012468,155 658 417,B01,1,7,0,2,0,12,1,0.0
202300012469,155 658 412,A01,2,33,14,9,8,17,1,0.0
202300012470,155 658 411,B01,2,7,0,2,8,1,1,0.0
202300012470,155 658 416,A01,2,10,0,2,2,1,1,0.0
202300012471,155 658 410,A01,3,7,0,2,3,1,1,0.0
202300012471,155 658 415,B01,3,7,0,2,1,1,1,0.0
202300012472,155 658 405,A01,1,30,0,2,1,2,1,0.0
202300012472,155 658 409,B01,1,37,0,2,3,1,1,1.0
202300012473,155 658 404,A01,1,10,0,2,2,17,1,0.0
202300012473,155 658 407,B01,1,7,0,2,8,15,1,0.0
202300012474,155 658 401,A01,2,7,0,2,1,2,1,0.0
202300012474,155 658 403,B01,2,10,0,2,4,23,1,0.0
202300012475,155 658 400,A01,1,33,0,0,0,0,1,0.0
202300012475,155 658 402,B01,1,7,0,2,2,0,1,0.0
202300012476,155 658 397,B01,2,7,0,2,6,2,1,0.0
202300012476,155 658 398,C01,2,7,0,2,4,2,1,0.0
202300012476,155 658 406,D01,2,7,0,2,4,2,1,0.0
202300012476,155 658 408,A01,2,7,0,2,1,2,1,0.0
202300012477,155 658 395,B01,1,7,0,2,3,1,1,0.0
202300012477,155 658 399,A01,1,1,0,2,1,1,5,0.0
202300012478,155 658 393,A01,1,7,0,2,2,20,1,0.0
202300012478,155 658 396,B01,1,1,0,2,1,1,5,0.0
202300012479,155 658 392,A01,1,50,0,0,0,2,3,0.0
202300012480,155 658 391,A01,1,7,0,2,4,1,1,0.0
202300012480,155 658 394,B01,1,7,0,2,1,1,1,0.0
202300012481,155 658 388,A01,3,7,0,2,8,15,1,0.0
202300012481,155 658 390,B01,3,31,6,2,1,17,1,0.0
202300012482,155 658 386,B01,1,7,0,2,3,15,1,0.0
202300012482,155 658 389,A01,1,30,0,2,1,3,1,0.0
202300012483,155 658 387,A01,2,7,6,0,2,14,1,0.0
202300012484,155 658 384,A01,2,31,15,0,1,13,1,0.0
202300012485,155 658 382,A01,1,32,0,2,2,0,3,0.0
202300012485,155 658 385,B01,3,1,0,2,3,19,5,0.0
202300012486,155 658 381,A01,0,30,0,0,0,0,0,0.0
202300012486,155 658 383,B01,3,7,0,0,0,0,1,0.0
202300012487,155 658 377,A01,1,10,17,0,2,1,1,0.0
202300012488,155 658 378,B01,1,10,0,2,1,2,1,0.0
202300012488,155 658 380,A01,1,7,0,2,4,0,1,0.0
202300012489,155 658 376,A01,1,7,0,1,3,1,1,0.0
202300012489,155 658 379,B01,2,10,0,1,8,23,1,0.0
202300012490,155 658 374,A01,2,14,0,1,1,1,-1,0.0
202300012491,155 658 371,A01,2,7,0,2,5,1,1,0.0
202300012491,155 658 375,B01,2,34,0,2,1,1,1,0.0
202300012492,155 658 368,A01,3,33,0,2,2,1,1,0.0
202300012492,155 658 372,B01,0,7,0,0,3,15,1,0.0
202300012493,155 658 366,A01,3,7,16,0,1,14,1,0.0
202300012494,155 658 363,A01,2,7,0,0,3,1,1,0.0
202300012494,155 658 369,B01,1,7,0,0,1,15,1,0.0
202300012495,155 658 361,B01,3,1,0,2,3,13,5,0.0
202300012495,155 658 362,A01,3,15,0,2,5,17,1,0.0
202300012496,155 658 360,B01,2,33,0,2,3,1,0,0.0
202300012496,155 658 364,A01,1,7,0,2,3,15,0,0.0
202300012497,155 658 355,A01,1,31,14,0,9,26,1,0.0
202300012497,155 658 358,B01,3,31,0,2,0,0,0,0.0
202300012498,155 658 353,A01,2,7,0,2,3,15,1,0.0
202300012498,155 658 359,B01,3,1,0,2,1,1,5,0.0
202300012499,155 658 352,A01,1,7,0,0,2,16,1,0.0
202300012499,155 658 356,B01,2,7,0,0,1,1,1,0.0
202300012500,155 658 349,B01,2,7,0,2,0,1,0,0.0
202300012500,155 658 351,A01,2,50,0,2,4,2,3,0.0
202300012501,155 658 346,A01,0,7,0,2,3,15,0,0.0
202300012501,155 658 348,B01,3,31,0,2,0,0,0,0.0
202300012502,155 658 344,A01,3,31,13,0,1,1,1,0.0
202300012503,155 658 343,A01,1,30,0,2,4,9,1,0.0
202300012503,155 658 347,B01,1,7,0,2,1,9,1,0.0
202300012504,155 658 338,A01,1,60,0,2,3,1,5,0.0
202300012504,155 658 341,Z01,1,7,0,2,0,1,0,0.0
202300012505,155 658 337,A01,1,7,10,0,1,1,1,0.0
202300012506,155 658 336,A01,3,7,0,0,1,15,1,0.0
202300012507,155 658 335,C01,2,7,0,2,0,0,1,0.0
202300012507,155 658 340,B01,2,7,0,2,1,1,1,0.0
202300012507,155 658 342,A01,2,7,0,2,4,1,1,0.0
202300012508,155 658 334,A01,3,7,0,2,2,15,1,0.0
202300012508,155 658 339,B01,1,7,0,2,1,2,1,0.0
202300012509,155 658 333,A01,3,21,13,0,0,14,1,0.0
202300012510,155 658 330,A01,0,10,0,2,0,0,1,0.0
202300012510,155 658 332,B01,3,1,0,2,0,0,5,0.0
202300012511,155 658 329,A01,1,7,0,0,3,2,1,0.0
202300012512,155 658 326,A01,0,7,0,1,1,1,1,0.0
202300012513,155 658 324,A01,2,7,0,2,2,0,1,0.0
202300012513,155 658 328,B01,2,7,0,2,1,2,1,0.0
202300012513,155 658 331,C01,2,7,0,0,6,23,1,0.0
202300012514,155 658 325,A01,2,7,0,2,6,13,1,0.0
202300012514,155 658 327,B01,1,33,0,2,3,2,1,0.0
202300012515,155 658 323,A01,3,33,0,1,1,17,1,0.0
202300012516,155 658 322,A01,1,7,0,1,2,12,1,0.0
202300012517,155 658 319,A01,1,1,9,0,7,16,5,0.0
202300012518,155 658 316,A01,2,15,0,2,6,11,1,0.0
202300012518,155 658 318,B01,2,7,0,2,7,9,1,0.0
202300012519,155 658 314,B01,2,2,0,2,1,26,1,0.0
202300012519,155 658 320,A01,2,10,0,2,3,15,1,0.0
202300012520,155 658 313,A01,1,7,0,2,1,1,1,0.0
202300012520,155 658 321,B01,3,7,0,2,8,0,0,0.0
202300012521,155 658 312,A01,2,7,0,2,6,17,1,0.0
202300012521,155 658 315,B01,2,33,0,2,7,17,1,0.0
202300012521,155 658 317,C01,2,7,0,2,6,1,1,0.0
202300012522,155 658 308,A01,3,50,15,0,1,1,3,0.0
202300012523,155 658 306,B01,2,7,0,2,2,12,2,0.0
202300012523,155 658 310,A01,2,32,0,2,3,3,1,0.0
202300012524,155 658 307,A01,3,7,0,9,0,1,1,0.0
202300012524,155 658 311,B01,0,2,0,2,0,1,1,0.0
202300012525,155 658 304,B01,1,7,0,2,1,0,1,0.0
202300012525,155 658 309,A01,2,7,0,2,1,0,1,0.0
202300012526,155 658 302,A01,3,7,0,2,1,15,1,0.0
202300012526,155 658 305,B01,3,50,0,2,8,19,3,0.0
202300012527,155 658 301,A01,1,7,0,1,1,15,1,0.0
202300012528,155 658 298,B01,1,7,0,2,1,1,1,0.0
202300012528,155 658 299,A01,1,7,0,2,4,1,1,0.0
202300012529,155 658 296,B01,1,7,0,2,4,23,1,0.0
202300012529,155 658 300,C01,1,10,0,2,4,23,1,0.0
202300012529,155 658 303,A01,1,10,0,2,1,1,1,0.0
202300012530,155 658 294,A01,1,7,0,2,1,1,1,0.0
202300012530,155 658 297,B01,1,7,4,2,9,11,1,0.0
202300012531,155 658 293,A01,1,7,0,2,5,15,1,0.0
202300012531,155 658 295,B01,2,2,0,2,1,1,1,0.0
202300012532,155 658 292,A01,3,34,6,0,1,15,1,0.0
202300012533,155 658 290,A01,0,7,0,1,3,1,1,0.0
202300012534,155 658 284,A01,1,34,0,2,2,17,1,0.0
202300012534,155 658 287,B01,1,7,0,2,8,15,1,0.0
202300012535,155 658 285,A01,1,7,0,2,1,2,1,0.0
202300012535,155 658 289,C01,1,7,0,2,4,2,1,0.0
202300012535,155 658 291,B01,1,7,0,2,4,2,1,0.0
202300012536,155 658 282,A01,1,7,0,2,1,2,0,0.0
202300012536,155 658 283,B01,1,7,0,2,4,2,1,0.0
202300012536,155 658 288,C01,1,7,0,2,4,2,1,0.0
202300012537,155 658 278,A01,1,7,0,2,7,1,0,0.0
202300012537,155 658 281,B01,1,31,0,2,8,1,0,0.0
202300012538,155 658 274,A01,3,7,0,2,1,26,1,0.0
202300012538,155 658 277,B01,3,7,0,2,8,1,1,0.0
202300012539,155 658 273,A01,3,7,0,2,1,0,1,0.0
202300012539,155 658 279,B01,3,7,0,2,4,0,1,0.0
202300012540,155 658 275,A01,0,30,0,2,1,17,1,0.0
202300012540,155 658 280,B01,3,7,0,2,3,15,1,0.0
202300012541,155 658 270,C01,2,7,0,2,1,2,0,0.0
202300012541,155 658 272,A01,2,7,0,2,3,11,0,0.0
202300012541,155 658 276,B01,2,32,0,2,2,3,0,0.0
202300012542,155 658 268,A01,1,10,0,2,2,17,1,0.0
202300012542,155 658 271,B01,1,31,0,2,4,1,1,0.0
202300012543,155 658 267,A01,0,31,0,5,1,1,1,0.0
202300012544,155 658 266,A01,3,7,0,2,1,13,1,0.0
202300012544,155 658 269,B01,3,7,0,2,1,1,1,0.0
202300012545,155 658 265,A01,3,7,0,1,2,16,1,0.0
202300012546,155 658 264,A01,0,2,12,0,1,1,1,0.0
202300012547,155 658 263,A01,1,7,2,0,9,1,1,0.0
202300012548,155 658 260,A01,3,20,0,2,2,1,1,0.0
202300012548,155 658 262,B01,0,80,0,2,0,1,3,0.0
202300012549,155 658 259,A01,1,7,0,2,1,1,1,0.0
202300012549,155 658 261,B01,1,31,0,2,4,23,1,0.0
202300012550,155 658 257,A01,1,1,3,0,1,1,5,0.0
202300012551,155 658 255,B01,3,1,0,2,4,2,5,0.0
202300012551,155 658 258,A01,3,1,0,2,1,2,5,0.0
202300012552,155 658 254,A01,1,7,4,2,1,2,1,0.0
202300012552,155 658 256,B01,1,7,4,2,4,3,1,0.0
202300012553,155 658 253,A01,2,7,0,1,1,1,1,0.0
202300012554,155 658 251,A01,3,7,0,1,3,1,0,0.0
202300012555,155 658 250,A01,1,3,0,2,0,5,0,0.0
202300012555,155 658 252,B01,2,33,0,2,8,1,1,0.0
202300012556,155 658 246,A01,3,7,0,2,3,13,1,0.0
202300012556,155 658 249,B01,3,7,0,2,3,1,1,0.0
202300012557,155 658 247,A01,2,33,1,0,9,26,1,0.0
202300012558,155 658 245,A01,1,7,0,2,1,2,1,0.0
202300012558,155 658 248,B01,1,7,0,2,4,2,1,0.0
202300012559,155 658 243,A01,1,7,4,0,1,3,1,0.0
202300012560,155 658 242,A01,0,7,0,2,2,1,1,0.0
202300012560,155 658 244,B01,0,7,0,2,3,16,1,0.0
202300012561,155 658 240,A01,1,7,4,0,1,1,1,0.0
202300012562,155 658 238,A01,1,7,0,2,2,17,1,0.0
202300012562,155 658 241,B01,1,1,0,2,3,11,5,0.0
202300012563,155 658 237,A01,2,7,0,2,3,1,1,0.0
202300012563,155 658 239,Z01,2,7,0,2,2,12,0,0.0
202300012564,155 658 233,B01,3,7,0,2,4,20,1,0.0
202300012564,155 658 235,A01,3,7,0,2,1,2,1,0.0
202300012565,155 658 234,B01,2,7,0,2,3,1,1,0.0
202300012565,155 658 236,A01,3,7,0,2,2,1,1,0.0
202300012566,155 658 229,A01,2,7,0,1,2,1,1,0.0
202300012567,155 658 228,A01,1,33,0,2,1,17,1,0.0
202300012567,155 658 231,B01,2,7,0,2,3,1,1,0.0
202300012568,155 658 225,A01,3,7,0,2,1,9,1,0.0
202300012568,155 658 227,B01,3,1,0,2,7,0,5,0.0
202300012569,155 658 219,A01,2,10,6,0,1,19,1,0.0
202300012570,155 658 221,A01,1,7,0,2,2,19,1,0.0
202300012570,155 658 226,B01,3,1,0,2,1,1,5,0.0
202300012571,155 658 223,A01,1,7,0,2,4,23,1,0.0
202300012571,155 658 224,B01,1,7,0,2,1,2,2,0.0
202300012572,155 658 218,A01,1,30,0,2,7,2,1,0.0
202300012572,155 658 222,B01,0,10,0,2,3,15,1,0.0
202300012573,155 658 217,B01,0,30,0,2,2,9,1,0.0
202300012573,155 658 220,A01,0,7,0,2,3,9,2,0.0
202300012574,155 658 213,B01,1,7,0,2,3,12,1,0.0
202300012574,155 658 216,A01,1,7,9,2,2,15,1,0.0
202300012575,155 658 214,A01,0,7,0,1,4,24,1,0.0
202300012576,155 658 215,A01,1,7,6,0,1,1,1,0.0
202300012577,155 658 209,A01,1,7,0,2,7,1,1,0.0
202300012577,155 658 212,B01,1,7,0,2,1,1,1,0.0
202300012578,155 658 210,Z01,0,7,0,1,1,16,0,0.0
202300012579,155 658 207,B01,3,7,0,0,6,1,1,0.0
202300012580,155 658 208,A01,2,1,0,2,1,12,5,0.0
202300012580,155 658 211,Z01,1,2,0,2,1,1,1,0.0
202300012581,155 658 203,B01,3,7,0,2,4,2,1,0.0
202300012581,155 658 205,A01,3,2,0,2,1,2,1,0.0
202300012582,155 658 202,A01,3,10,0,2,2,15,1,0.0
202300012582,155 658 206,B01,2,33,0,2,1,1,1,0.0
202300012583,155 658 200,A01,3,10,0,1,4,20,1,0.0
202300012584,155 658 198,A01,3,50,0,2,7,1,3,0.0
202300012584,155 658 204,B01,3,7,0,2,1,1,1,0.0
202300012585,155 658 196,C01,3,7,0,2,3,23,1,0.0
202300012585,155 658 199,A01,3,7,0,2,2,19,1,0.0
202300012585,155 658 201,B01,3,7,0,2,1,1,1,0.0
202300012586,155 658 193,B01,1,34,0,2,6,1,0,0.0
202300012586,155 658 197,A01,2,7,0,2,3,11,1,0.0
202300012587,155 658 191,A01,1,10,1,0,2,1,1,0.0
202300012588,155 658 190,A01,2,30,0,2,1,17,-1,0.0
202300012588,155 658 194,B01,1,34,0,2,1,1,-1,0.0
202300012589,155 658 192,A01,1,33,0,2,1,17,1,0.0
202300012589,155 658 195,B01,2,7,0,2,1,1,1,0.0
202300012590,155 658 185,A01,1,7,2,0,1,1,1,0.0
202300012591,155 658 187,B01,0,7,0,2,2,2,1,0.0
202300012591,155 658 189,A01,0,7,0,2,6,2,1,0.0
202300012592,155 658 183,A01,1,7,0,2,2,15,1,0.0
202300012592,155 658 184,B01,2,1,0,2,1,19,5,0.0
202300012593,155 658 182,A01,3,7,0,2,1,2,1,0.0
202300012593,155 658 188,B01,3,7,0,2,3,16,1,0.0
202300012594,155 658 181,A01,1,33,0,0,0,1,1,0.0
202300012595,155 658 177,B01,1,7,14,0,1,1,1,0.0
202300012595,155 658 178,A01,2,7,14,0,1,1,1,0.0
202300012596,155 658 176,A01,1,33,0,0,0,14,1,0.0
202300012597,155 658 173,A01,3,10,0,9,3,26,1,0.0
202300012597,155 658 175,B01,3,1,0,2,7,26,5,0.0
202300012598,155 658 174,B01,3,3,0,0,0,0,0,0.0
202300012598,155 658 179,C01,3,7,0,2,4,2,0,0.0
202300012598,155 658 180,A01,3,7,0,2,0,0,0,0.0
202300012599,155 658 172,B01,3,7,0,2,6,15,1,0.0
202300012599,155 658 186,A01,1,30,0,2,6,1,1,0.0
202300012600,155 658 171,A01,0,7,0,1,4,23,1,0.0
202300012601,155 658 167,A01,2,7,0,2,3,13,1,0.0
202300012601,155 658 170,B01,1,10,0,2,3,1,1,0.0
202300012602,155 658 164,A01,2,7,9,2,0,0,0,0.0
202300012602,155 658 169,B01,2,7,9,2,0,0,0,0.0
202300012603,155 658 162,A01,1,38,0,2,3,9,1,1.0
202300012603,155 658 168,B01,1,7,0,2,7,0,0,0.0
202300012604,155 658 163,A01,1,7,0,2,1,1,1,0.0
202300012604,155 658 166,B01,1,7,0,2,1,0,1,0.0
202300012605,155 658 161,A01,3,7,0,2,1,1,1,0.0
202300012605,155 658 165,B01,3,3,0,2,4,2,1,0.0
202300012606,155 658 158,B01,1,7,0,2,2,0,1,0.0
202300012606,155 658 160,A01,2,2,0,2,8,1,1,0.0
202300012607,155 658 157,A01,2,30,0,0,1,1,1,0.0
202300012608,155 658 156,A01,1,3,0,1,2,1,1,0.0
202300012609,155 658 154,B01,1,7,0,2,1,1,1,0.0
202300012609,155 658 159,A01,2,7,0,2,1,13,1,0.0
202300012610,155 658 153,A01,1,7,0,2,2,15,1,0.0
202300012610,155 658 155,B01,2,33,0,2,1,1,1,0.0
202300012611,155 658 152,A01,2,7,8,0,9,1,1,0.0
202300012612,155 658 150,A01,1,50,1,0,1,14,3,0.0
202300012613,155 658 149,A01,1,1,0,2,3,14,5,0.0
202300012613,155 658 151,B01,1,7,0,0,2,1,1,0.0
202300012614,155 658 148,A01,2,7,2,0,3,13,1,0.0
202300012615,155 658 147,A01,1,7,6,0,2,14,2,0.0
202300012616,155 658 146,A01,3,10,0,1,3,19,1,0.0
202300012617,155 658 141,B01,2,2,0,2,1,1,1,0.0
202300012617,155 658 145,A01,1,7,0,2,1,15,1,0.0
202300012618,155 658 139,A01,0,33,0,2,1,17,1,0.0
202300012618,155 658 144,B01,0,7,0,0,6,19,0,0.0
202300012619,155 658 138,A01,1,7,0,2,3,11,1,0.0
202300012619,155 658 142,B01,1,7,0,2,2,1,1,0.0
202300012620,155 658 136,A01,2,7,0,2,3,15,1,0.0
202300012620,155 658 140,B01,2,33,0,2,7,3,1,0.0
202300012621,155 658 135,A01,3,1,14,0,0,0,5,0.0
202300012622,155 658 137,A01,2,37,9,2,7,16,1,3.0
202300012622,155 658 143,B01,2,10,0,2,4,23,1,0.0
202300012623,155 658 133,A01,2,7,0,1,2,1,1,0.0
202300012624,155 658 132,A01,1,7,0,2,3,15,1,0.0
202300012624,155 658 134,B01,2,33,0,2,0,1,1,0.0
202300012625,155 658 129,A01,1,7,6,0,1,1,1,0.0
202300012626,155 658 128,B01,3,50,0,2,1,1,3,0.0
202300012626,155 658 130,A01,3,7,0,2,5,16,1,0.0
202300012627,155 658 127,A01,1,7,0,1,3,1,1,0.0
202300012628,155 658 126,A01,3,7,0,2,0,16,1,0.0
202300012628,155 658 131,B01,2,37,0,2,3,1,1,3.0
202300012629,155 658 124,A01,1,7,0,2,3,1,1,0.0
202300012629,155 658 125,B01,3,7,0,0,0,0,0,0.0
202300012630,155 658 120,A01,2,2,0,2,1,2,1,0.0
202300012630,155 658 123,B01,2,2,0,0,4,1,1,0.0
202300012631,155 658 118,B01,3,30,0,2,1,1,1,0.0
202300012631,155 658 122,A01,3,7,0,2,2,15,1,0.0
202300012632,155 658 115,A01,1,7,0,2,1,6,1,0.0
202300012632,155 658 116,B01,2,7,0,2,1,1,1,0.0
202300012633,155 658 114,B01,1,7,0,0,7,1,3,0.0
202300012633,155 658 117,A01,1,50,0,2,1,1,3,0.0
202300012634,155 658 112,A01,3,33,0,0,0,0,1,0.0
202300012635,155 658 110,A01,0,7,0,2,3,13,1,0.0
202300012635,155 658 113,B01,0,7,0,2,2,1,1,0.0
202300012636,155 658 109,A01,3,7,0,2,3,16,1,0.0
202300012636,155 658 111,B01,0,33,0,2,1,1,1,0.0
202300012637,155 658 108,A01,3,7,0,1,1,1,1,0.0
202300012638,155 658 106,A01,1,7,0,1,1,1,1,0.0
202300012639,155 658 104,A01,2,10,0,0,1,1,1,0.0
202300012640,155 658 096,B01,3,33,0,2,1,26,1,0.0
202300012640,155 658 100,A01,3,7,0,2,5,15,1,0.0
202300012641,155 658 095,B01,2,7,0,2,8,1,1,0.0
202300012641,155 658 103,A01,1,30,0,2,1,1,1,0.0
202300012642,155 658 098,A01,0,32,0,2,1,1,0,0.0
202300012642,155 658 102,B01,0,7,0,2,2,15,0,0.0
202300012643,155 658 101,B01,2,7,0,2,4,1,2,0.0
202300012643,155 658 105,A01,2,7,0,2,4,1,1,0.0
202300012643,155 658 107,C01,2,7,0,2,1,1,1,0.0
202300012644,155 658 094,B01,1,7,3,2,4,1,0,0.0
202300012644,155 658 097,Z01,1,7,0,2,0,0,0,0.0
202300012644,155 658 099,A01,1,7,0,2,1,26,1,0.0
202300012645,155 658 092,A01,2,10,0,1,2,1,0,0.0
202300012646,155 658 089,A01,1,7,0,1,2,1,0,0.0
202300012647,155 658 088,A01,1,2,0,2,8,18,1,0.0
202300012647,155 658 091,B01,3,7,0,2,2,1,1,0.0
202300012648,155 658 090,A01,1,10,0,2,3,22,1,0.0
202300012648,155 658 093,B01,1,50,0,2,1,1,3,0.0
202300012649,155 658 086,B01,1,33,0,2,1,1,1,0.0
202300012649,155 658 087,A01,1,7,0,2,5,12,1,0.0
202300012650,155 658 084,A01,1,33,8,0,1,1,1,0.0
202300012651,155 658 083,A01,2,7,0,2,1,1,1,0.0
202300012651,155 658 085,B01,2,7,0,2,4,23,1,0.0
202300012652,155 658 081,B01,1,7,0,2,0,15,1,0.0
202300012652,155 658 082,A01,1,30,0,2,1,0,1,0.0
202300012653,155 658 079,A01,3,31,0,0,7,1,1,0.0
202300012654,155 658 077,A01,2,7,15,0,1,1,1,0.0
202300012655,155 658 076,A01,1,7,0,1,1,1,1,0.0
202300012656,155 658 078,B01,3,10,0,2,6,9,1,0.0
202300012656,155 658 080,A01,3,7,0,2,2,16,1,0.0
202300012657,155 658 075,A01,1,10,0,1,4,20,1,0.0
202300012658,155 658 070,A01,3,7,0,2,2,26,1,0.0
202300012658,155 658 074,B01,3,7,0,2,1,1,1,0.0
202300012659,155 658 072,A01,2,10,13,0,3,13,1,0.0
202300012660,155 658 071,A01,3,10,16,0,0,1,1,0.0
202300012661,155 658 069,A01,2,31,0,2,1,17,1,0.0
202300012661,155 658 073,B01,2,7,0,2,8,19,1,0.0
202300012662,155 658 067,A01,2,10,0,2,2,15,1,0.0
202300012662,155 658 068,B01,2,2,0,2,1,1,1,0.0
202300012663,155 658 061,A01,3,7,0,2,3,1,1,0.0
202300012663,155 658 065,B01,3,32,0,2,7,1,1,0.0
202300012664,155 658 059,A01,2,7,0,2,2,16,0,0.0
202300012664,155 658 062,B01,2,50,0,2,1,1,3,0.0
202300012665,155 658 060,C01,2,7,0,2,3,1,1,0.0
202300012665,155 658 063,B01,2,7,0,2,1,1,1,0.0
202300012665,155 658 066,A01,2,38,0,2,7,15,1,1.0
202300012666,155 658 058,A01,1,31,0,0,0,1,3,0.0
202300012667,155 658 057,B01,3,1,0,2,1,1,5,0.0
202300012667,155 658 064,A01,3,7,0,9,3,1,1,0.0
202300012668,155 658 054,Z01,3,7,0,1,1,1,0,0.0
202300012669,155 658 055,A01,1,3,0,9,8,21,1,0.0
202300012670,155 658 052,A01,2,7,13,0,9,9,1,0.0
202300012671,155 658 051,A01,3,30,0,2,1,13,1,0.0
202300012671,155 658 056,B01,3,7,0,2,3,9,1,0.0
202300012672,155 658 050,A01,1,1,0,2,1,13,5,0.0
202300012672,155 658 053,B01,2,1,0,2,1,1,5,0.0
202300012673,155 658 043,Z01,0,99,0,1,0,26,0,0.0
202300012674,155 658 045,A01,1,7,0,2,6,9,1,0.0
202300012674,155 658 048,B01,1,32,0,2,1,1,1,0.0
202300012675,155 658 042,A01,1,7,0,2,1,1,1,0.0
202300012675,155 658 047,B01,1,7,0,2,4,2,1,0.0
202300012675,155 658 049,C01,1,7,0,2,4,2,1,0.0
202300012676,155 658 041,A01,2,7,0,2,8,9,1,0.0
202300012676,155 658 046,B01,2,50,0,0,0,0,3,0.0
202300012677,155 658 040,B01,2,7,0,2,8,15,3,0.0
202300012677,155 658 044,A01,1,1,0,2,1,1,5,0.0
202300012678,155 658 038,A01,1,7,0,1,1,1,1,0.0
202300012679,155 658 036,A01,2,7,0,1,1,1,0,0.0
202300012680,155 658 035,A01,2,15,0,2,2,1,1,0.0
202300012680,155 658 037,B01,1,7,0,2,8,1,1,0.0
202300012681,155 658 029,B01,3,50,0,2,7,1,3,0.0
202300012681,155 658 034,A01,3,7,0,2,1,9,0,0.0
202300012682,155 658 033,B01,1,33,0,2,1,1,1,0.0
202300012682,155 658 039,A01,1,7,0,2,3,15,1,0.0
202300012683,155 658 030,A01,1,7,0,2,1,1,1,0.0
202300012683,155 658 032,B01,2,7,0,2,2,19,2,0.0
202300012684,155 658 027,A01,1,7,0,2,3,1,1,0.0
202300012684,155 658 031,B01,2,7,0,2,3,1,1,0.0
202300012685,155 658 026,B01,2,32,0,2,7,1,1,0.0
202300012685,155 658 028,A01,1,7,0,2,2,15,1,0.0
202300012686,155 658 024,A01,3,7,0,2,3,13,1,0.0
202300012686,155 658 025,B01,3,1,0,2,2,17,5,0.0
202300012687,155 658 021,A01,0,1,0,2,1,1,5,0.0
202300012687,155 658 023,B01,0,1,0,2,1,13,5,0.0
202300012688,155 658 018,A01,2,7,0,2,2,12,1,0.0
202300012688,155 658 022,B01,2,32,0,2,8,3,1,0.0
202300012689,155 658 017,A01,0,31,0,0,0,0,1,0.0
202300012690,155 658 019,A01,3,7,0,2,1,17,0,0.0
202300012691,155 658 013,A01,3,7,0,2,1,5,1,0.0
202300012691,155 658 016,B01,3,7,0,2,1,1,1,0.0
202300012692,155 658 015,A01,1,33,0,2,6,11,1,0.0
202300012692,155 658 020,B01,1,7,0,2,1,11,1,0.0
202300012693,155 658 011,A01,1,33,0,2,1,18,1,0.0
202300012693,155 658 014,B01,1,7,0,0,4,1,1,0.0
202300012694,155 658 008,B01,2,2,0,2,4,2,1,0.0
202300012694,155 658 012,A01,2,0,0,2,4,0,0,0.0
202300012695,155 658 006,A01,1,30,0,0,0,21,3,0.0
202300012696,155 658 009,C01,3,14,0,2,0,0,0,0.0
202300012696,155 658 010,B01,3,7,0,2,3,15,1,0.0
202300012697,155 658 005,A01,1,7,0,1,2,26,1,0.0
202300012698,155 658 003,A01,2,7,0,2,2,19,1,0.0
202300012698,155 658 007,B01,1,7,0,2,7,1,1,0.0
202300012699,155 658 000,A01,0,15,14,0,3,0,1,0.0
202300012699,155 658 002,B01,2,7,0,2,2,11,1,0.0
202300012700,155 657 999,A01,1,10,9,0,1,1,1,0.0
202300012701,155 658 001,B01,0,37,0,0,8,15,1,1.0
202300012701,155 658 004,A01,2,33,0,2,1,7,1,0.0
202300012702,155 657 997,A01,1,7,1,0,9,26,1,0.0
202300012703,155 657 996,A01,2,7,0,2,6,23,1,0.0
202300012703,155 657 998,B01,2,7,0,2,3,21,1,0.0
202300012704,155 657 993,A01,1,31,0,1,8,1,1,0.0
202300012705,155 657 991,B01,2,1,0,2,2,1,5,0.0
202300012705,155 657 995,A01,1,7,0,2,3,11,0,0.0
202300012706,155 657 992,B01,2,7,0,2,4,23,1,0.0
202300012706,155 657 994,A01,2,7,0,2,1,1,1,0.0
202300012707,155 657 989,A01,1,30,0,1,7,1,0,0.0
202300012708,155 657 990,A01,1,1,0,0,3,26,5,0.0
202300012709,155 657 987,A01,2,7,0,2,3,9,3,0.0
202300012709,155 657 988,B01,2,1,0,2,1,1,5,0.0
202300012710,155 657 985,A01,3,32,0,0,8,13,1,0.0
202300012711,155 657 986,A01,1,7,0,1,1,1,2,0.0
202300012712,155 657 984,A01,0,7,0,1,2,1,1,0.0
202300012713,155 657 982,A01,1,2,1,0,2,1,1,0.0
202300012714,155 657 981,A01,1,33,14,0,0,17,1,0.0
202300012715,155 657 978,A01,2,7,0,2,4,23,1,0.0
202300012715,155 657 980,B01,2,7,0,2,1,1,1,0.0
202300012716,155 657 979,A01,2,43,0,2,1,2,1,0.0
202300012716,155 657 983,B01,2,7,16,0,6,2,1,0.0
202300012717,155 657 973,B01,1,7,0,2,5,1,1,0.0
202300012717,155 657 977,A01,1,7,0,2,1,9,1,0.0