num_acc,id_vehicule,num_veh,senc,catv,obs,obsm,choc,manv,motor,occutc
202300012718,155 657 974,A01,2,2,0,2,2,18,1,0.0
202300012718,155 657 976,B01,2,10,0,2,2,1,1,0.0
202300012719,155 657 971,B01,1,7,0,2,3,1,1,0.0
202300012719,155 657 975,A01,2,7,0,2,2,19,1,0.0
202300012720,155 657 969,A01,1,7,0,2,3,1,0,0.0
202300012720,155 657 970,B01,2,14,0,2,3,15,0,0.0
202300012721,155 657 968,A01,1,30,0,2,1,1,3,0.0
202300012721,155 657 972,B01,1,7,0,2,4,1,1,0.0
202300012722,155 657 964,B01,2,7,0,2,2,1,1,0.0
202300012722,155 657 967,A01,3,50,0,2,8,26,3,0.0
202300012723,155 657 966,A01,1,10,9,0,1,2,1,0.0
202300012724,155 657 962,A01,2,7,0,2,2,14,1,0.0
202300012724,155 657 965,B01,2,7,0,2,3,1,0,0.0
202300012725,155 657 961,B01,3,7,0,2,4,23,1,0.0
202300012725,155 657 963,A01,3,43,0,2,1,2,1,0.0
202300012726,155 657 960,A01,3,7,6,0,9,14,1,0.0
202300012727,155 657 957,B01,0,7,0,2,3,1,1,0.0
202300012727,155 657 959,A01,0,7,0,2,3,13,1,0.0
202300012728,155 657 956,A01,3,30,0,1,1,3,1,0.0
202300012729,155 657 955,A01,1,7,0,1,0,0,1,0.0
202300012730,155 657 953,B01,2,50,0,2,1,1,3,0.0
202300012730,155 657 958,A01,2,7,0,2,3,16,6,0.0
202300012731,155 657 952,B01,2,33,0,2,7,1,1,0.0
202300012731,155 657 954,A01,1,7,0,2,1,15,1,0.0
202300012732,155 657 950,A01,1,7,0,1,2,1,1,0.0
202300012733,155 657 949,A01,1,7,0,1,1,1,3,0.0
202300012734,155 657 946,A01,2,7,4,0,9,1,1,0.0
202300012735,155 657 947,A01,1,7,0,2,2,15,1,0.0
202300012735,155 657 951,B01,2,2,0,2,1,1,1,0.0
202300012736,155 657 948,A01,2,1,1,0,1,1,5,0.0
202300012737,155 657 945,A01,1,7,2,0,7,14,1,0.0
202300012738,155 657 940,A01,1,7,0,2,1,5,0,0.0
202300012738,155 657 944,B01,2,13,0,2,1,1,0,0.0
202300012739,155 657 938,A01,1,7,0,0,2,15,1,0.0
202300012739,155 657 943,B01,3,30,0,0,8,1,1,0.0
202300012740,155 657 936,B01,3,7,0,2,0,0,1,0.0
202300012740,155 657 941,A01,3,33,0,2,2,2,1,0.0
202300012741,155 657 937,A01,3,50,12,0,1,26,3,0.0
202300012742,155 657 934,Z01,0,7,0,2,1,9,1,0.0
202300012742,155 657 942,B01,0,32,0,2,4,1,1,0.0
202300012743,155 657 930,A01,1,7,0,2,1,13,1,0.0
202300012743,155 657 933,B01,2,7,0,2,6,1,1,0.0
202300012744,155 657 931,A01,1,7,0,1,1,15,1,0.0
202300012745,155 657 932,A01,2,7,0,1,1,15,1,0.0
202300012746,155 657 926,A01,3,7,0,2,1,9,1,0.0
202300012746,155 657 928,B01,3,2,0,2,7,1,1,0.0
202300012747,155 657 925,A01,3,7,0,2,3,10,1,0.0
202300012747,155 657 929,B01,3,33,0,2,2,1,1,0.0
202300012748,155 657 922,B01,3,7,0,2,2,1,1,0.0
202300012748,155 657 927,A01,3,7,0,2,3,15,1,0.0
202300012749,155 657 920,B01,1,33,0,2,1,17,1,0.0
202300012749,155 657 924,A01,1,7,0,2,3,15,1,0.0
202300012750,155 657 919,A01,3,10,0,2,1,2,1,0.0
202300012750,155 657 921,B01,3,14,0,2,4,1,1,0.0
202300012751,155 657 918,A01,2,7,3,2,1,2,1,0.0
202300012751,155 657 923,B01,2,17,0,0,4,2,1,0.0
202300012752,155 657 914,Z01,1,14,0,2,7,17,0,0.0
202300012752,155 657 916,A01,1,50,1,2,8,1,3,0.0
202300012753,155 657 912,B01,1,1,0,2,1,1,5,0.0
202300012753,155 657 917,A01,1,7,0,2,3,15,1,0.0
202300012754,155 657 910,A01,1,30,0,2,2,17,1,0.0
202300012754,155 657 915,B01,1,7,0,2,6,15,1,0.0
202300012755,155 657 908,A01,0,33,8,2,1,13,1,0.0
202300012755,155 657 909,B01,0,7,0,0,3,15,1,0.0
202300012756,155 657 907,A01,3,7,0,9,1,16,0,0.0
202300012756,155 657 911,B01,3,1,0,2,8,1,5,0.0
202300012757,155 657 905,A01,1,7,0,2,1,2,1,0.0
202300012757,155 657 913,B01,1,7,0,2,7,1,1,0.0
202300012758,155 657 902,A01,2,30,14,2,3,1,6,0.0
202300012758,155 657 904,B01,1,7,14,0,2,0,0,0.0
202300012759,155 657 901,A01,1,50,0,2,8,5,3,0.0
202300012759,155 657 906,Z01,3,10,0,2,0,1,0,0.0
202300012760,155 657 899,A01,1,30,0,2,1,2,1,0.0
202300012760,155 657 903,B01,1,7,0,2,4,2,1,0.0
202300012761,155 657 896,A01,1,7,0,1,1,1,1,0.0
202300012762,155 657 897,A01,1,3,15,0,1,19,1,0.0
202300012763,155 657 893,A01,1,7,6,0,1,9,1,0.0
202300012764,155 657 892,A01,2,7,16,0,8,0,1,0.0
202300012765,155 657 894,A01,2,7,0,2,6,22,1,0.0
202300012765,155 657 895,B01,2,1,1,0,1,22,5,0.0
202300012766,155 657 888,B01,3,7,0,2,4,16,1,0.0
202300012766,155 657 890,A01,3,30,0,2,1,2,1,0.0
202300012767,155 657 887,A01,3,7,0,2,3,13,1,0.0
202300012767,155 657 891,B01,3,33,0,2,7,17,1,0.0
202300012768,155 657 884,B01,2,7,0,2,1,1,1,0.0
202300012768,155 657 889,A01,3,7,0,2,1,1,1,0.0
202300012769,155 657 882,B01,1,2,0,2,3,2,1,0.0
202300012769,155 657 885,A01,1,10,0,2,7,2,1,0.0
202300012770,155 657 878,A01,1,33,0,2,3,18,1,0.0
202300012770,155 657 881,B01,1,10,0,2,2,16,1,0.0
202300012771,155 657 876,A01,3,30,0,1,3,11,1,0.0
202300012772,155 657 872,A01,1,7,0,0,4,1,2,0.0
202300012772,155 657 879,B01,1,7,0,2,1,2,1,0.0
202300012772,155 657 883,C01,1,7,0,2,4,23,1,0.0
202300012772,155 657 886,D01,1,7,0,2,1,2,1,0.0
202300012773,155 657 870,B01,3,7,1,2,1,1,1,0.0
202300012773,155 657 875,A01,2,7,6,2,1,15,1,0.0
202300012774,155 657 868,A01,2,7,16,2,7,16,6,0.0
202300012774,155 657 871,B01,2,1,0,2,1,1,5,0.0
202300012775,155 657 867,C01,1,7,0,2,4,2,1,0.0
202300012775,155 657 869,A01,1,7,0,2,1,2,1,0.0
202300012775,155 657 874,B01,1,7,0,2,4,2,1,0.0
202300012776,155 657 863,A01,1,7,0,0,1,14,1,0.0
202300012777,155 657 865,A01,2,7,6,0,1,1,1,0.0
202300012778,155 657 864,A01,2,7,14,9,7,16,1,0.0
202300012778,155 657 866,B01,2,1,1,0,0,0,5,0.0
202300012779,155 657 862,A01,3,7,0,1,2,12,1,0.0
202300012780,155 657 860,A01,1,50,14,0,1,1,3,0.0
202300012781,155 657 859,B01,2,33,0,2,1,1,1,0.0
202300012781,155 657 861,A01,1,7,0,2,2,15,1,0.0
202300012782,155 657 855,B01,2,7,1,0,0,0,1,0.0
202300012782,155 657 858,A01,2,30,0,2,7,23,3,0.0
202300012783,155 657 856,A01,2,7,1,1,3,20,1,0.0
202300012784,155 657 853,B01,2,34,0,2,1,1,1,0.0
202300012784,155 657 857,A01,1,7,0,2,8,1,2,0.0
202300012785,155 657 851,A01,0,7,0,2,3,13,1,0.0
202300012785,155 657 854,B01,0,2,0,2,1,1,1,0.0
202300012786,155 657 850,A01,2,7,0,2,2,1,1,0.0
202300012786,155 657 852,B01,1,10,0,2,2,15,1,0.0
202300012787,155 657 848,A01,1,1,0,2,0,2,5,0.0
202300012787,155 657 849,B01,1,1,0,2,0,1,5,0.0
202300012788,155 657 847,A01,1,32,0,0,8,1,1,0.0
202300012789,155 657 844,B01,1,1,0,2,1,1,5,0.0
202300012789,155 657 846,A01,0,7,0,9,7,19,1,0.0
202300012790,155 657 843,B01,1,10,0,2,4,23,1,0.0
202300012790,155 657 845,A01,3,10,0,2,1,1,1,0.0
202300012791,155 657 842,A01,3,7,8,0,1,0,1,0.0
202300012792,155 657 839,A01,2,7,0,2,3,15,1,0.0
202300012792,155 657 841,B01,1,10,0,2,2,1,1,0.0
202300012793,155 657 838,A01,2,21,0,2,5,0,1,0.0
202300012793,155 657 840,B01,2,1,0,2,1,0,5,0.0
202300012794,155 657 837,A01,1,1,0,1,1,1,5,0.0
202300012795,155 657 832,A01,1,7,0,1,1,1,1,0.0
202300012796,155 657 833,B01,2,7,7,2,6,1,1,0.0
202300012796,155 657 836,A01,1,7,0,2,3,1,1,0.0
202300012797,155 657 830,B01,1,7,0,2,4,1,1,0.0
202300012797,155 657 834,A01,1,7,0,2,1,1,1,0.0
202300012798,155 657 829,A01,2,7,0,2,1,26,1,0.0
202300012798,155 657 835,B01,2,1,0,2,7,25,5,0.0
202300012799,155 657 828,B01,3,37,0,2,3,1,6,2.0
202300012799,155 657 831,A01,1,7,0,2,7,16,1,0.0
202300012800,155 657 823,A01,1,33,0,2,1,1,1,0.0
202300012800,155 657 826,B01,1,7,0,2,6,1,1,0.0
202300012801,155 657 822,A01,1,7,0,2,1,1,0,0.0
202300012801,155 657 827,B01,1,7,0,2,4,23,0,0.0
202300012802,155 657 824,A01,2,7,0,1,1,15,1,0.0
202300012803,155 657 821,A01,1,7,0,2,3,15,1,0.0
202300012803,155 657 825,B01,1,1,0,2,1,17,5,0.0
202300012804,155 657 819,A01,3,10,0,2,1,1,2,0.0
202300012804,155 657 820,B01,3,10,0,2,4,1,1,0.0
202300012805,155 657 816,A01,1,7,2,0,1,6,1,0.0
202300012806,155 657 814,B01,1,7,0,2,4,1,0,0.0
202300012806,155 657 817,A01,1,10,0,2,1,9,0,0.0
202300012807,155 657 811,A01,2,7,0,2,1,2,1,0.0
202300012807,155 657 813,C01,2,7,0,2,1,1,1,0.0
202300012807,155 657 818,B01,2,7,0,2,4,2,1,0.0
202300012808,155 657 812,B01,1,50,0,2,1,1,3,0.0
202300012808,155 657 815,A01,1,7,0,2,7,16,1,0.0
202300012809,155 657 810,A01,1,7,0,1,1,1,3,0.0
202300012810,155 657 807,B01,1,33,0,2,4,1,1,0.0
202300012810,155 657 809,A01,1,10,0,2,1,1,1,0.0
202300012811,155 657 806,A01,1,7,0,2,1,15,1,0.0
202300012811,155 657 808,B01,2,1,0,2,1,1,5,0.0
202300012812,155 657 802,B01,3,37,0,2,4,2,1,1.0
202300012812,155 657 805,A01,3,7,0,2,1,2,1,0.0
202300012813,155 657 800,B01,1,1,0,2,0,0,5,0.0
202300012813,155 657 804,A01,1,30,0,2,1,1,1,0.0
202300012814,155 657 798,B01,1,33,16,2,1,1,1,0.0
202300012814,155 657 801,A01,3,7,16,2,8,9,1,0.0
202300012815,155 657 794,B01,1,7,0,2,4,1,1,0.0
202300012815,155 657 796,A01,1,7,0,2,1,1,1,0.0
202300012816,155 657 795,A01,1,7,0,2,0,1,1,0.0
202300012816,155 657 799,B01,1,7,0,2,3,13,0,0.0
202300012816,155 657 803,C01,2,7,0,2,3,5,0,0.0
202300012817,155 657 793,B01,2,10,0,2,2,1,1,0.0
202300012817,155 657 797,A01,1,7,0,2,2,13,1,0.0
202300012818,155 657 790,A01,1,7,9,0,1,1,1,0.0
202300012819,155 657 789,B01,3,50,0,2,0,0,3,0.0
202300012819,155 657 791,A01,3,7,0,2,1,1,1,0.0
202300012820,155 657 787,A01,2,7,0,2,1,15,3,0.0
202300012820,155 657 792,B01,1,7,0,2,1,1,1,0.0
202300012821,155 657 786,A01,2,7,6,0,1,14,1,0.0
202300012822,155 657 782,A01,2,15,0,2,5,17,1,0.0
202300012822,155 657 784,B01,2,1,0,2,3,1,5,0.0
202300012823,155 657 785,A01,2,50,0,2,1,7,3,0.0
202300012823,155 657 788,B01,2,99,0,2,3,16,0,0.0
202300012824,155 657 781,B01,3,10,0,2,3,1,1,0.0
202300012824,155 657 783,A01,3,7,0,2,1,1,1,0.0
202300012825,155 657 779,A01,1,7,8,0,1,14,0,0.0
202300012826,155 657 775,A01,1,7,0,1,2,15,1,0.0
202300012827,155 657 778,A01,1,7,0,2,1,17,1,0.0
202300012827,155 657 780,B01,2,33,0,2,1,1,1,0.0
202300012828,155 657 774,A01,1,33,0,2,6,17,1,0.0
202300012828,155 657 777,B01,1,7,0,9,8,15,2,0.0
202300012829,155 657 776,A01,1,7,0,1,1,1,1,0.0
202300012830,155 657 770,A01,0,10,0,2,4,23,0,0.0
202300012830,155 657 772,B01,1,7,0,2,1,1,0,0.0
202300012831,155 657 768,Z01,2,7,0,2,1,1,1,0.0
202300012831,155 657 773,B01,1,2,6,2,7,1,1,0.0
202300012832,155 657 766,A01,3,7,0,2,2,15,1,0.0
202300012832,155 657 769,B01,3,99,0,2,1,1,3,0.0
202300012833,155 657 767,A01,0,7,0,2,8,22,1,0.0
202300012833,155 657 771,B01,0,80,1,0,5,1,3,0.0
202300012834,155 657 762,A01,1,7,0,2,3,1,1,0.0
202300012834,155 657 764,B01,3,1,0,2,6,26,5,0.0
202300012835,155 657 761,A01,1,7,0,2,1,13,1,0.0
202300012835,155 657 763,B01,2,7,0,2,1,1,1,0.0
202300012836,155 657 760,A01,1,33,0,2,1,1,1,0.0
202300012836,155 657 765,B01,1,7,0,2,2,15,1,0.0
202300012837,155 657 757,A01,3,33,0,2,1,2,1,0.0
202300012837,155 657 758,B01,3,7,0,2,3,15,1,0.0
202300012838,155 657 756,A01,3,7,0,2,3,13,1,0.0
202300012838,155 657 759,B01,3,7,0,2,3,1,1,0.0
202300012839,155 657 751,A01,3,7,0,2,1,13,1,0.0
202300012839,155 657 754,B01,3,30,0,2,1,13,1,0.0
202300012840,155 657 747,B01,1,7,0,2,4,23,1,0.0
202300012840,155 657 752,C01,1,7,0,2,4,2,1,0.0
202300012840,155 657 755,A01,1,10,0,2,1,2,1,0.0
202300012841,155 657 748,A01,2,7,0,2,3,13,1,0.0
202300012841,155 657 750,B01,1,10,0,2,3,1,1,0.0
202300012842,155 657 746,A01,2,7,3,0,1,26,1,0.0
202300012843,155 657 749,A01,0,7,1,0,4,10,1,0.0
202300012843,155 657 753,B01,0,7,0,2,2,24,1,0.0
202300012844,155 657 744,A01,2,32,0,2,2,17,1,0.0
202300012844,155 657 745,B01,2,7,0,2,3,15,1,0.0
202300012845,155 657 741,A01,3,7,8,0,2,13,1,0.0
202300012846,155 657 740,B01,3,32,0,2,8,2,1,0.0
202300012846,155 657 743,A01,3,7,0,2,1,19,1,0.0
202300012847,155 657 739,A01,0,10,0,1,1,15,1,0.0
202300012848,155 657 736,A01,2,43,0,2,8,15,1,0.0
202300012848,155 657 737,Z01,2,30,0,2,0,17,0,0.0
202300012849,155 657 735,B01,1,31,0,2,1,9,1,0.0
202300012849,155 657 738,A01,2,7,0,2,7,1,1,0.0
202300012850,155 657 732,A01,2,7,0,2,5,16,1,0.0
202300012850,155 657 734,B01,2,37,0,2,1,0,1,1.0
202300012851,155 657 733,A01,2,7,8,0,8,13,1,0.0
202300012852,155 657 731,A01,1,10,0,1,3,1,1,0.0
202300012853,155 657 729,A01,1,7,15,0,1,14,1,0.0
202300012854,155 657 728,B01,1,7,0,2,4,1,1,0.0
202300012854,155 657 730,A01,1,7,0,2,1,1,1,0.0
202300012855,155 657 727,A01,1,34,0,9,0,1,1,0.0
202300012856,155 657 724,A01,2,7,0,2,1,13,1,0.0
202300012856,155 657 726,B01,1,7,0,2,1,1,1,0.0
202300012857,155 657 723,A01,2,7,0,0,9,13,1,0.0
202300012858,155 657 721,A01,3,7,0,2,0,1,1,0.0
202300012858,155 657 725,B01,3,7,0,2,1,0,1,0.0
202300012859,155 657 720,B01,2,50,0,2,1,9,3,0.0
202300012859,155 657 722,A01,2,7,0,2,3,16,1,0.0
202300012860,155 657 717,A01,0,10,0,2,4,4,1,0.0
202300012860,155 657 719,B01,0,2,0,2,1,23,1,0.0
202300012861,155 657 715,A01,1,7,2,0,7,1,1,0.0
202300012862,155 657 716,A01,1,7,0,1,1,16,0,0.0
202300012863,155 657 713,A01,2,7,0,0,0,0,1,0.0
202300012864,155 657 714,A01,3,7,0,2,2,1,1,0.0
202300012864,155 657 718,B01,3,7,0,2,3,1,1,0.0
202300012865,155 657 712,A01,1,7,1,1,4,20,1,0.0
202300012866,155 657 711,A01,1,7,0,1,3,1,1,0.0
202300012867,155 657 709,A01,1,32,12,0,1,1,1,0.0
202300012868,155 657 707,A01,3,7,0,2,1,1,1,0.0
202300012868,155 657 710,B01,3,1,0,2,7,1,5,0.0
202300012869,155 657 706,B01,3,1,0,2,5,0,5,0.0
202300012869,155 657 708,A01,3,3,0,9,3,15,1,0.0
202300012870,155 657 704,A01,3,7,0,1,4,16,1,0.0
202300012871,155 657 702,B01,3,1,0,2,0,0,5,0.0
202300012871,155 657 705,A01,1,7,0,2,3,1,1,0.0
202300012872,155 657 701,B01,1,37,0,2,4,23,1,1.0
202300012872,155 657 703,A01,1,30,0,2,1,1,3,0.0
202300012873,155 657 700,A01,1,7,13,0,1,26,0,0.0
202300012874,155 657 696,A01,2,7,0,2,3,13,6,0.0
202300012874,155 657 699,B01,1,10,0,2,3,21,6,0.0
202300012875,155 657 695,A01,3,7,0,2,3,15,0,0.0
202300012875,155 657 698,B01,3,31,0,2,7,17,1,0.0
202300012876,155 657 694,B01,3,1,0,2,7,1,5,0.0
202300012876,155 657 697,A01,1,3,0,2,3,9,0,0.0
202300012877,155 657 689,A01,2,10,0,2,1,1,1,0.0
202300012877,155 657 691,B01,2,7,0,2,4,1,1,0.0
202300012877,155 657 693,C01,2,7,0,2,4,1,1,0.0
202300012878,155 657 690,A01,0,7,0,1,1,0,1,0.0
202300012879,155 657 688,A01,2,7,0,2,3,13,1,0.0
202300012879,155 657 692,B01,1,7,0,2,3,1,1,0.0
202300012880,155 657 686,A01,1,7,9,0,1,9,2,0.0
202300012881,155 657 685,A01,1,7,0,2,1,1,1,0.0
202300012881,155 657 687,B01,1,7,0,2,4,1,1,0.0
202300012882,155 657 682,A01,2,7,0,2,1,15,0,0.0
202300012882,155 657 684,B01,1,7,0,2,4,1,0,0.0
202300012883,155 657 681,A01,1,33,0,2,1,13,1,0.0
202300012883,155 657 683,B01,2,7,0,2,1,1,1,0.0
202300012884,155 657 680,A01,1,7,0,1,2,2,1,0.0
202300012885,155 657 678,A01,3,32,0,0,7,1,1,0.0
202300012886,155 657 677,A01,1,7,8,0,5,19,1,0.0
202300012886,155 657 679,B01,1,1,8,0,1,19,5,0.0
202300012887,155 657 675,A01,2,7,0,1,1,1,1,0.0
202300012888,155 657 674,A01,3,7,8,0,1,14,1,0.0
202300012889,155 657 671,A01,1,7,0,2,3,24,1,0.0
202300012889,155 657 672,B01,1,50,1,0,1,1,3,0.0
202300012890,155 657 670,A01,1,10,0,1,3,15,1,0.0
202300012891,155 657 669,B01,1,7,0,2,3,1,1,0.0
202300012891,155 657 673,A01,2,7,0,2,1,1,1,0.0
202300012892,155 657 668,A01,1,7,2,0,2,1,1,0.0
202300012893,155 657 666,A01,1,10,0,2,8,15,1,0.0
202300012893,155 657 667,B01,1,32,0,2,7,17,1,0.0
202300012894,155 657 665,A01,2,10,0,1,3,20,1,0.0
202300012895,155 657 663,B01,3,7,0,2,8,15,1,0.0
202300012895,155 657 664,A01,3,30,0,2,7,1,1,0.0
202300012896,155 657 662,A01,1,7,0,1,1,26,1,0.0
202300012897,155 657 655,A01,3,10,2,2,3,1,1,0.0
202300012897,155 657 659,B01,3,7,0,2,1,1,1,0.0
202300012898,155 657 654,B01,1,1,0,0,4,1,5,0.0
202300012898,155 657 657,A01,1,7,0,9,2,2,1,0.0
202300012899,155 657 656,A01,2,7,0,2,2,16,1,0.0
202300012899,155 657 658,B01,2,50,0,2,1,1,3,0.0
202300012900,155 657 651,B01,1,7,0,2,3,1,0,0.0
202300012900,155 657 653,A01,1,7,7,2,2,26,0,0.0
202300012901,155 657 650,A01,2,7,0,2,3,15,1,0.0
202300012901,155 657 652,B01,1,32,0,2,3,1,1,0.0
202300012902,155 657 645,A01,0,31,0,2,1,1,1,0.0
202300012902,155 657 649,B01,0,7,0,2,2,15,1,0.0
202300012903,155 657 646,A01,3,7,0,2,1,15,1,0.0
202300012903,155 657 648,B01,3,32,0,2,1,1,1,0.0
202300012904,155 657 644,B01,1,15,0,2,3,21,1,0.0
202300012904,155 657 647,A01,2,2,0,2,1,13,1,0.0
202300012905,155 657 643,A01,3,30,1,0,1,14,1,0.0
202300012906,155 657 639,A01,1,7,0,2,1,1,1,0.0
202300012906,155 657 642,B01,1,7,0,2,4,1,1,0.0
202300012907,155 657 637,A01,1,30,0,2,8,13,3,0.0
202300012907,155 657 640,B01,1,32,0,2,7,14,1,0.0
202300012908,155 657 635,A01,2,10,0,2,2,15,1,0.0
202300012908,155 657 638,B01,1,7,0,2,1,1,1,0.0
202300012909,155 657 636,A01,1,7,0,2,3,13,1,0.0
202300012909,155 657 641,B01,2,7,0,2,3,1,1,0.0
202300012910,155 657 631,A01,1,7,2,0,2,1,1,0.0
202300012911,155 657 630,A01,2,7,0,2,1,1,1,0.0
202300012911,155 657 633,B01,2,7,0,2,4,23,2,0.0
202300012912,155 657 628,A01,2,14,0,2,1,1,1,0.0
202300012912,155 657 629,B01,2,7,0,2,4,2,1,0.0
202300012912,155 657 632,C01,2,7,0,2,4,2,1,0.0
202300012912,155 657 634,D01,2,14,0,2,4,2,1,0.0
202300012913,155 657 625,A01,1,33,0,2,1,1,1,0.0
202300012913,155 657 627,B01,0,10,0,2,8,10,1,0.0
202300012914,155 657 624,A01,3,7,0,2,3,9,1,0.0
202300012914,155 657 626,B01,3,32,0,2,1,5,1,0.0
202300012915,155 657 620,A01,1,7,0,2,1,2,1,0.0
202300012915,155 657 623,B01,1,10,0,2,4,2,1,0.0
202300012916,155 657 618,A01,2,7,0,2,3,9,2,0.0
202300012916,155 657 621,B01,2,50,0,2,2,1,3,0.0
202300012917,155 657 619,A01,2,31,0,2,7,17,1,0.0
202300012917,155 657 622,B01,2,7,0,2,8,15,1,0.0
202300012918,155 657 616,A01,1,7,4,0,3,26,1,0.0
202300012919,155 657 614,Z01,1,7,0,2,2,1,0,0.0
202300012919,155 657 617,A01,3,1,0,2,1,1,5,0.0
202300012920,155 657 613,B01,1,2,0,2,1,1,1,0.0
202300012920,155 657 615,A01,2,7,0,9,3,15,1,0.0
202300012921,155 657 611,A01,2,1,0,1,1,1,5,0.0
202300012922,155 657 608,A01,2,7,0,0,3,17,0,0.0
202300012922,155 657 610,B01,2,7,0,0,1,0,0,0.0
202300012922,155 657 612,C01,2,7,0,0,4,0,0,0.0
202300012923,155 657 607,A01,1,7,0,2,5,0,1,0.0
202300012923,155 657 609,B01,1,33,0,2,1,0,1,0.0
202300012924,155 657 605,A01,2,7,0,2,2,15,2,0.0
202300012924,155 657 606,B01,1,43,0,2,1,1,1,0.0
202300012925,155 657 604,A01,1,7,2,0,3,13,1,0.0
202300012926,155 657 602,A01,2,7,0,2,2,1,1,0.0
202300012926,155 657 603,B01,2,2,0,0,4,1,1,0.0
202300012927,155 657 600,A01,1,7,0,2,1,14,0,0.0
202300012927,155 657 601,B01,2,7,0,2,1,1,0,0.0
202300012928,155 657 599,A01,2,2,1,9,1,1,1,0.0
202300012929,155 657 596,A01,2,7,0,1,1,1,1,0.0
202300012930,155 657 595,A01,1,7,0,2,8,11,1,0.0
202300012930,155 657 598,B01,2,33,0,2,7,3,1,0.0
202300012931,155 657 589,B01,3,7,0,2,6,0,0,0.0
202300012931,155 657 592,A01,3,34,0,2,3,5,0,0.0
202300012932,155 657 588,B01,2,33,0,2,2,1,1,0.0
202300012932,155 657 590,A01,1,7,0,2,2,15,1,0.0
202300012933,155 657 591,A01,2,7,0,2,3,13,1,0.0
202300012933,155 657 593,B01,1,7,0,2,3,1,1,0.0
202300012934,155 657 587,A01,1,7,0,1,2,1,0,0.0
202300012935,155 657 585,A01,2,32,0,2,4,23,1,0.0
202300012935,155 657 586,Z01,2,7,0,2,1,1,1,0.0
202300012936,155 657 582,B01,3,7,0,2,5,1,1,0.0
202300012936,155 657 583,A01,3,2,0,2,3,11,1,0.0
202300012937,155 657 581,A01,1,7,5,0,0,0,1,0.0
202300012937,155 657 584,B01,1,10,5,0,3,1,1,0.0
202300012938,155 657 580,A01,1,1,0,1,1,1,5,0.0
202300012939,155 657 579,A01,3,2,0,0,7,1,1,0.0
202300012940,155 657 574,B01,1,1,0,2,7,1,5,0.0
202300012940,155 657 577,A01,2,7,0,2,1,1,1,0.0
202300012941,155 657 573,A01,2,7,0,2,2,15,1,0.0
202300012941,155 657 576,B01,1,31,0,2,3,2,1,0.0
202300012942,155 657 575,A01,1,31,0,2,1,26,1,0.0
202300012942,155 657 578,B01,2,7,0,2,3,15,1,0.0
202300012943,155 657 572,A01,1,7,0,1,1,1,3,0.0
202300012944,155 657 571,A01,3,10,0,1,1,15,0,0.0
202300012945,155 657 570,A01,3,10,0,1,1,9,1,0.0
202300012946,155 657 568,A01,2,7,0,2,6,15,1,0.0
202300012946,155 657 569,B01,2,32,0,2,1,17,1,0.0
202300012947,155 657 567,A01,2,7,2,0,3,1,1,0.0
202300012948,155 657 566,A01,1,7,0,1,1,1,1,0.0
202300012949,155 657 563,B01,2,14,0,2,3,2,1,0.0
202300012949,155 657 565,A01,2,7,0,0,5,2,1,0.0
202300012950,155 657 564,A01,3,7,1,0,3,15,1,0.0
202300012951,155 657 558,A01,1,34,0,2,9,3,1,0.0
202300012951,155 657 561,B01,1,14,0,2,8,1,1,0.0
202300012951,155 657 562,C01,0,7,0,2,7,1,1,0.0
202300012952,155 657 556,A01,1,7,0,2,5,1,3,0.0
202300012952,155 657 560,B01,1,2,0,2,1,1,1,0.0
202300012953,155 657 557,A01,2,33,0,2,1,1,1,0.0
202300012953,155 657 559,Z01,1,1,0,2,1,5,5,0.0
202300012954,155 657 554,A01,2,7,13,0,9,1,1,0.0
202300012955,155 657 553,B01,1,1,0,2,8,15,5,0.0
202300012955,155 657 555,A01,2,7,0,2,1,1,1,0.0
202300012956,155 657 552,A01,2,2,7,0,1,13,1,0.0
202300012957,155 657 551,A01,3,2,0,0,0,0,1,0.0
202300012958,155 657 550,Z01,2,34,0,1,2,7,0,0.0
202300012959,155 657 549,A01,1,7,0,1,3,9,1,0.0
202300012960,155 657 547,A01,1,34,0,1,1,0,0,0.0
202300012961,155 657 548,A01,2,30,0,2,1,21,2,0.0
202300012962,155 657 543,B01,0,7,0,2,4,2,6,0.0
202300012962,155 657 545,A01,0,10,0,2,1,2,6,0.0
202300012963,155 657 542,A01,0,7,0,2,1,1,1,0.0
202300012963,155 657 546,B01,0,99,0,2,1,1,1,0.0
202300012964,155 657 541,B01,1,7,14,2,3,1,1,0.0
202300012964,155 657 544,A01,3,10,0,2,3,1,1,0.0
202300012965,155 657 539,A01,2,7,3,0,1,26,1,0.0
202300012966,155 657 538,A01,1,7,0,2,1,2,1,0.0
202300012966,155 657 540,B01,1,10,0,2,5,2,1,0.0
202300012967,155 657 534,A01,2,33,0,2,1,13,1,0.0
202300012967,155 657 537,B01,1,7,0,2,3,1,1,0.0
202300012968,155 657 533,A01,3,7,0,2,0,0,0,0.0
202300012968,155 657 536,B01,3,7,0,2,0,0,0,0.0
202300012969,155 657 531,A01,1,7,2,0,3,1,1,0.0
202300012970,155 657 532,A01,2,7,0,2,3,1,1,0.0
202300012970,155 657 535,B01,2,7,0,2,2,0,1,0.0
202300012971,155 657 530,A01,3,50,12,0,0,0,3,0.0
202300012972,155 657 529,A01,1,7,0,1,3,13,1,0.0
202300012973,155 657 527,A01,3,7,0,5,1,1,1,0.0