num_acc,id_vehicule,num_veh,senc,catv,obs,obsm,choc,manv,motor,occutc
202300013489,155 656 631,B01,2,7,0,2,4,1,1,0.0
202300013490,155 656 629,A01,2,37,0,1,5,1,0,1.0
202300013491,155 656 627,A01,1,2,0,2,7,17,1,0.0
202300013491,155 656 628,B01,1,7,0,2,8,15,1,0.0
202300013492,155 656 624,A01,2,7,0,2,2,1,1,0.0
202300013493,155 656 622,A01,1,7,0,2,3,1,1,0.0
202300013493,155 656 625,B01,1,7,0,2,6,11,1,0.0
202300013493,155 656 626,C01,1,7,0,0,3,1,1,0.0
202300013494,155 656 620,C01,3,80,0,2,1,12,3,0.0
202300013494,155 656 621,A01,1,7,0,2,2,2,1,0.0
202300013494,155 656 623,B01,1,33,0,2,3,1,1,0.0
202300013495,155 656 615,B01,1,7,0,2,2,1,1,0.0
202300013495,155 656 618,A01,2,10,0,2,3,2,1,0.0
202300013496,155 656 614,A01,1,7,0,1,1,19,1,0.0
202300013497,155 656 616,A01,1,7,0,0,4,2,1,0.0
202300013497,155 656 617,C01,1,7,0,2,1,2,1,0.0
202300013497,155 656 619,B01,1,10,0,2,4,2,1,0.0
202300013498,155 656 613,A01,3,7,12,0,0,1,1,0.0
202300013499,155 656 610,A01,1,7,0,1,2,13,1,0.0
202300013500,155 656 609,B01,2,7,0,2,4,1,1,0.0
202300013500,155 656 611,C01,2,7,0,2,4,1,1,0.0
202300013500,155 656 612,A01,2,7,0,2,1,1,1,0.0
202300013501,155 656 608,A01,3,7,0,1,3,15,1,0.0
202300013502,155 656 607,A01,1,33,0,0,7,1,1,0.0
202300013503,155 656 603,A01,2,7,0,2,8,15,0,0.0
202300013503,155 656 604,B01,2,50,0,2,1,0,3,0.0
202300013504,155 656 599,A01,1,7,0,2,2,15,1,0.0
202300013504,155 656 601,B01,2,31,0,2,1,1,1,0.0
202300013505,155 656 600,A01,3,7,0,9,2,1,1,0.0
202300013505,155 656 602,B01,3,1,0,2,4,2,5,0.0
202300013506,155 656 597,A01,2,33,0,2,1,2,1,0.0
202300013506,155 656 598,B01,2,7,0,2,4,2,1,0.0
202300013507,155 656 594,B01,2,7,0,2,1,1,1,0.0
202300013507,155 656 596,A01,1,7,0,2,3,9,1,0.0
202300013508,155 656 595,A01,3,7,0,1,7,13,1,0.0
202300013509,155 656 592,A01,3,7,0,2,1,1,1,0.0
202300013509,155 656 593,B01,0,30,0,2,1,13,1,0.0
202300013510,155 656 590,A01,1,7,13,2,3,13,1,0.0
202300013510,155 656 591,B01,2,14,13,2,3,21,1,0.0
202300013511,155 656 589,A01,3,7,0,1,1,19,1,0.0
202300013512,155 656 587,A01,1,34,0,2,1,8,1,0.0
202300013512,155 656 588,B01,2,37,0,2,3,8,1,2.0
202300013513,155 656 585,A01,1,2,0,1,1,1,1,0.0
202300013514,155 656 583,A01,1,7,8,0,2,1,1,0.0
202300013515,155 656 584,A01,1,7,0,0,1,1,1,0.0
202300013515,155 656 586,B01,1,7,0,0,8,9,1,0.0
202300013516,155 656 581,A01,2,7,0,0,1,1,1,0.0
202300013516,155 656 582,B01,2,10,0,2,8,9,3,0.0
202300013517,155 656 577,A01,3,41,6,2,8,14,1,0.0
202300013517,155 656 578,B01,3,7,0,2,7,1,1,0.0
202300013518,155 656 579,A01,2,7,0,2,1,19,1,0.0
202300013518,155 656 580,B01,1,33,4,2,7,17,1,0.0
202300013519,155 656 575,B01,1,33,0,2,4,1,1,0.0
202300013519,155 656 576,A01,1,7,0,2,1,12,1,0.0
202300013520,155 656 573,B01,2,7,0,2,3,13,1,0.0
202300013520,155 656 574,A01,1,7,0,2,3,14,1,0.0
202300013521,155 656 571,A01,1,33,0,0,0,1,1,0.0
202300013522,155 656 572,A01,2,7,0,1,1,15,1,0.0
202300013523,155 656 570,A01,1,7,13,0,2,14,1,0.0
202300013524,155 656 568,A01,3,10,0,1,1,1,0,0.0
202300013525,155 656 564,A01,2,7,0,2,1,13,3,0.0
202300013525,155 656 566,B01,0,7,0,2,1,9,2,0.0
202300013526,155 656 565,A01,2,7,0,2,3,13,1,0.0
202300013526,155 656 567,B01,1,15,0,2,1,1,1,0.0
202300013526,155 656 569,C01,2,7,0,2,1,1,1,0.0
202300013527,155 656 562,A01,2,7,0,2,1,1,1,0.0
202300013527,155 656 563,B01,1,7,0,2,4,23,1,0.0
202300013528,155 656 560,A01,2,7,0,2,1,13,1,0.0
202300013528,155 656 561,B01,1,7,0,2,2,1,1,0.0
202300013529,155 656 559,Z01,1,7,0,1,1,1,1,0.0
202300013530,155 656 558,A01,1,7,13,0,0,1,1,0.0
202300013531,155 656 556,B01,1,10,0,2,2,15,1,0.0
202300013531,155 656 557,A01,1,30,0,2,1,9,1,0.0
202300013532,155 656 554,A01,1,7,0,2,5,11,1,0.0
202300013532,155 656 555,B01,1,2,0,2,1,2,1,0.0
202300013533,155 656 552,A01,1,1,1,0,1,14,5,0.0
202300013534,155 656 551,A01,2,7,0,2,1,13,1,0.0
202300013534,155 656 553,B01,1,10,0,2,1,1,1,0.0
202300013535,155 656 550,A01,1,33,8,0,1,1,1,0.0
202300013536,155 656 548,A01,1,7,5,0,3,1,1,0.0
202300013537,155 656 549,A01,1,7,13,0,9,1,1,0.0
202300013538,155 656 546,A01,1,7,0,9,7,26,2,0.0
202300013538,155 656 547,B01,1,99,0,2,7,26,6,0.0
202300013539,155 656 543,A01,0,40,1,2,1,1,3,0.0
202300013539,155 656 544,B01,0,7,0,4,5,1,1,0.0
202300013540,155 656 541,A01,3,7,0,1,1,1,0,0.0
202300013541,155 656 540,A01,1,7,1,0,1,17,1,0.0
202300013542,155 656 542,A01,1,7,0,2,2,1,2,0.0
202300013542,155 656 545,B01,1,2,0,2,1,1,1,0.0
202300013543,155 656 539,A01,1,7,1,1,1,1,1,0.0
202300013544,155 656 538,A01,1,7,0,1,3,1,1,0.0
202300013545,155 656 536,A01,1,10,0,2,7,16,1,0.0
202300013545,155 656 537,B01,2,37,0,2,1,1,4,1.0
202300013546,155 656 533,Z01,1,10,0,2,1,1,1,0.0
202300013546,155 656 534,B01,1,1,0,2,4,15,5,0.0
202300013547,155 656 532,B01,1,7,0,2,1,1,1,0.0
202300013547,155 656 535,A01,2,7,0,2,1,1,1,0.0
202300013548,155 656 530,B01,2,43,0,2,1,1,0,0.0
202300013548,155 656 531,A01,1,7,0,2,1,15,1,0.0
202300013549,155 656 528,A01,2,7,0,2,9,0,1,0.0
202300013549,155 656 529,B01,2,7,0,2,9,0,1,0.0
202300013550,155 656 527,A01,1,7,0,1,3,15,1,0.0
202300013551,155 656 525,A01,2,7,13,0,9,17,1,0.0
202300013552,155 656 524,B01,1,7,0,2,9,26,1,0.0
202300013552,155 656 526,A01,1,7,0,2,7,12,2,0.0
202300013553,155 656 522,B01,2,30,0,2,1,1,1,0.0
202300013553,155 656 523,A01,1,7,0,2,1,15,1,0.0
202300013554,155 656 518,B01,2,7,0,2,6,1,1,0.0
202300013554,155 656 519,A01,2,10,0,2,2,2,1,0.0
202300013555,155 656 514,C01,2,7,0,2,3,2,1,0.0
202300013555,155 656 516,D01,2,7,0,2,4,2,1,0.0
202300013555,155 656 517,A01,2,7,0,2,1,2,1,0.0
202300013555,155 656 520,B01,2,10,0,2,4,2,1,0.0
202300013555,155 656 521,E01,2,7,0,2,8,2,1,0.0
202300013556,155 656 512,B01,2,7,0,2,1,2,1,0.0
202300013556,155 656 513,A01,2,43,0,2,2,3,1,0.0
202300013557,155 656 515,A01,0,33,12,0,0,17,1,0.0
202300013558,155 656 510,A01,2,7,0,2,7,12,1,0.0
202300013558,155 656 511,B01,2,7,0,2,8,1,1,0.0
202300013559,155 656 507,A01,1,7,0,1,3,1,1,0.0
202300013560,155 656 508,A01,1,7,0,2,5,12,1,0.0
202300013560,155 656 509,B01,1,33,0,2,8,3,1,0.0
202300013561,155 656 505,A01,1,7,0,2,6,13,1,0.0
202300013561,155 656 506,B01,1,2,0,2,1,3,0,0.0
202300013562,155 656 504,A01,1,7,4,0,1,1,1,0.0
202300013563,155 656 503,A01,1,10,3,0,1,0,2,0.0
202300013564,155 656 498,E01,1,10,0,2,4,2,1,0.0
202300013564,155 656 499,A01,1,7,0,2,3,2,1,0.0
202300013564,155 656 500,B01,1,7,0,2,5,2,1,0.0
202300013564,155 656 501,C01,1,7,0,2,4,2,1,0.0
202300013564,155 656 502,D01,1,7,0,2,4,2,1,0.0
202300013565,155 656 496,A01,2,7,0,2,5,1,1,0.0
202300013565,155 656 497,B01,2,7,0,2,5,1,1,0.0
202300013566,155 656 494,A01,1,10,0,2,1,18,1,0.0
202300013566,155 656 495,B01,1,43,0,2,7,14,1,0.0
202300013567,155 656 490,B01,1,10,0,2,7,1,1,0.0
202300013567,155 656 491,C01,1,7,0,2,4,1,1,0.0
202300013567,155 656 492,D01,1,10,0,2,1,2,1,0.0
202300013567,155 656 493,A01,1,15,0,2,8,13,1,0.0
202300013568,155 656 489,A01,3,7,4,0,3,1,1,0.0
202300013569,155 656 487,B01,1,7,0,2,6,1,1,0.0
202300013569,155 656 488,A01,1,7,0,2,2,2,1,0.0
202300013570,155 656 485,A01,2,50,0,2,1,1,3,0.0
202300013570,155 656 486,B01,2,7,0,2,2,1,1,0.0
202300013571,155 656 483,A01,1,7,0,2,1,13,1,0.0
202300013571,155 656 484,B01,1,7,0,2,1,0,1,0.0
202300013572,155 656 482,A01,3,7,0,0,1,16,1,0.0
202300013573,155 656 480,A01,1,7,0,2,8,15,1,0.0
202300013573,155 656 481,B01,1,1,0,2,1,1,5,0.0
202300013574,155 656 479,A01,2,14,12,0,7,9,1,0.0
202300013575,155 656 477,B01,3,7,0,9,1,26,1,0.0
202300013575,155 656 478,A01,3,50,0,2,2,26,3,0.0
202300013576,155 656 476,A01,2,50,0,2,0,5,3,0.0
202300013577,155 656 475,A01,1,2,0,0,8,15,1,0.0
202300013578,155 656 474,A01,1,7,0,1,2,15,0,0.0
202300013579,155 656 472,A01,1,2,1,2,7,1,1,0.0
202300013579,155 656 473,B01,1,7,0,2,1,1,1,0.0
202300013580,155 656 471,A01,1,33,1,1,8,21,1,0.0
202300013581,155 656 469,A01,2,1,0,2,4,1,5,0.0
202300013581,155 656 470,Z01,2,0,0,2,4,0,0,0.0
202300013582,155 656 467,A01,2,7,0,2,3,15,1,0.0
202300013582,155 656 468,B01,1,34,0,2,1,25,1,0.0
202300013583,155 656 465,A01,1,7,0,2,1,2,1,0.0
202300013583,155 656 466,B01,1,7,0,2,4,0,1,0.0
202300013584,155 656 461,A01,2,50,0,0,0,1,3,0.0
202300013585,155 656 460,A01,2,33,0,0,7,26,1,0.0
202300013586,155 656 458,B01,0,7,0,2,4,23,1,0.0
202300013586,155 656 459,A01,0,7,1,0,1,1,1,0.0
202300013587,155 656 456,A01,1,10,0,2,3,5,1,0.0
202300013587,155 656 457,B01,1,7,0,2,3,1,1,0.0
202300013588,155 656 454,B01,3,7,3,2,1,26,3,0.0
202300013588,155 656 455,A01,3,10,3,0,0,15,1,0.0
202300013589,155 656 452,B01,1,30,0,2,1,1,1,0.0
202300013589,155 656 453,A01,3,7,0,2,3,15,1,0.0
202300013590,155 656 451,A01,0,1,0,0,0,1,5,0.0
202300013591,155 656 449,B01,1,34,0,2,2,1,1,0.0
202300013591,155 656 450,A01,1,7,0,2,8,10,1,0.0
202300013592,155 656 448,A01,0,10,0,1,0,2,1,0.0
202300013593,155 656 446,B01,3,50,0,2,1,26,3,0.0
202300013593,155 656 447,A01,3,7,0,2,1,26,1,0.0
202300013594,155 656 444,B01,3,50,0,2,8,1,3,0.0
202300013594,155 656 445,A01,3,10,0,2,7,16,1,0.0
202300013595,155 656 442,B01,1,21,0,2,8,1,0,0.0
202300013595,155 656 443,A01,2,38,0,2,8,1,1,3.0
202300013596,155 656 441,A01,1,33,0,0,8,0,1,0.0
202300013597,155 656 439,B01,1,50,0,2,1,1,3,0.0
202300013597,155 656 440,A01,1,7,0,2,2,14,1,0.0
202300013598,155 656 437,B01,2,1,0,2,2,19,0,0.0
202300013598,155 656 438,A01,1,7,0,2,2,2,1,0.0
202300013599,155 656 435,A01,1,7,0,9,2,26,1,0.0
202300013599,155 656 436,B01,2,1,0,2,4,15,5,0.0
202300013600,155 656 433,A01,1,7,0,2,5,9,0,0.0
202300013600,155 656 434,B01,1,30,0,2,1,2,0,0.0
202300013601,155 656 431,A01,3,7,0,2,1,9,1,0.0
202300013601,155 656 432,B01,1,2,0,2,4,1,1,0.0
202300013602,155 656 430,A01,0,10,0,1,3,1,1,0.0
202300013603,155 656 429,A01,3,7,-1,1,3,1,1,0.0
202300013604,155 656 428,A01,3,7,0,1,4,4,0,0.0
202300013605,155 656 427,A01,0,7,0,1,2,1,1,0.0
202300013606,155 656 425,B01,1,80,0,2,1,15,3,0.0
202300013606,155 656 426,A01,2,7,0,2,3,9,1,0.0
202300013607,155 656 424,A01,1,7,0,1,3,1,1,0.0
202300013608,155 656 422,A01,0,7,0,2,1,13,0,0.0
202300013608,155 656 423,B01,0,7,0,2,3,0,1,0.0
202300013609,155 656 420,B01,1,10,0,2,2,15,1,0.0
202300013609,155 656 421,A01,2,2,0,2,1,1,1,0.0
202300013610,155 656 418,B01,3,50,0,2,1,1,3,0.0
202300013610,155 656 419,A01,3,14,0,2,5,16,1,0.0
202300013611,155 656 416,A01,3,7,0,2,3,15,1,0.0
202300013611,155 656 417,B01,3,33,0,2,8,1,1,0.0
202300013612,155 656 414,A01,1,7,0,2,4,10,1,0.0
202300013612,155 656 415,B01,2,33,0,2,0,0,1,0.0
202300013613,155 656 410,B01,1,7,0,2,3,1,1,0.0
202300013613,155 656 411,A01,2,17,0,2,8,13,1,0.0
202300013614,155 656 408,B01,3,7,0,2,1,1,1,0.0
202300013614,155 656 409,A01,3,7,0,2,7,9,1,0.0
202300013615,155 656 406,B01,3,7,0,2,2,1,1,0.0
202300013615,155 656 407,A01,3,7,0,2,5,15,1,0.0
202300013616,155 656 405,A01,3,7,0,1,5,1,1,0.0
202300013617,155 656 403,B01,1,7,0,2,3,1,1,0.0
202300013617,155 656 404,A01,2,7,0,2,2,15,3,0.0
202300013618,155 656 401,B01,2,31,0,2,1,1,1,0.0
202300013618,155 656 402,A01,1,10,0,2,2,15,1,0.0
202300013619,155 656 399,B01,1,7,0,2,5,1,1,0.0
202300013619,155 656 400,A01,1,7,0,2,1,16,1,0.0
202300013620,155 656 397,B01,2,10,0,2,1,1,1,0.0
202300013620,155 656 398,A01,2,1,12,2,9,1,5,0.0
202300013621,155 656 395,A01,1,37,0,9,1,15,1,1.0
202300013621,155 656 396,B01,2,1,0,2,1,1,5,0.0
202300013622,155 656 394,A01,2,10,0,1,3,15,1,0.0
202300013623,155 656 392,B01,0,7,0,2,3,0,0,0.0
202300013623,155 656 393,A01,0,33,0,2,1,0,0,0.0
202300013624,155 656 390,B01,2,7,0,2,4,23,1,0.0
202300013624,155 656 391,A01,2,7,0,2,1,2,1,0.0
202300013625,155 656 389,A01,2,37,0,1,2,1,1,1.0
202300013626,155 656 387,A01,2,7,0,2,3,13,1,0.0
202300013626,155 656 388,B01,1,10,0,2,6,21,1,0.0
202300013627,155 656 384,A01,1,10,0,2,4,1,1,0.0
202300013627,155 656 385,B01,1,7,0,2,4,23,1,0.0
202300013627,155 656 386,C01,1,7,0,0,4,23,1,0.0
202300013628,155 656 383,A01,1,7,0,1,6,20,3,0.0
202300013629,155 656 381,AC01,-1,7,-1,-1,-1,-1,-1,0.0
202300013629,155 656 382,B01,3,1,0,2,8,1,5,0.0
202300013630,155 656 379,A01,2,33,0,2,1,1,1,0.0
202300013630,155 656 380,B01,2,7,0,2,4,0,1,0.0
202300013631,155 656 378,A01,3,1,0,1,8,1,5,0.0
202300013632,155 656 376,A01,1,7,0,2,3,4,2,0.0
202300013632,155 656 377,B01,3,1,0,2,8,19,5,0.0
202300013633,155 656 374,A01,2,7,0,2,3,15,2,0.0
202300013633,155 656 375,B01,2,30,0,2,7,1,1,0.0
202300013634,155 656 373,Z01,2,1,0,1,1,25,5,0.0
202300013635,155 656 372,A01,1,1,0,1,2,16,5,0.0
202300013636,155 656 371,Z01,1,30,0,1,1,1,1,0.0
202300013637,155 656 370,Z01,2,1,0,1,1,1,5,0.0
202300013638,155 656 368,A01,1,7,0,2,5,22,1,0.0
202300013638,155 656 369,B01,1,1,0,2,1,1,5,0.0
202300013639,155 656 366,B01,1,1,0,2,1,1,5,0.0
202300013639,155 656 367,A01,1,7,0,2,3,15,2,0.0
202300013640,155 656 365,A01,2,32,0,1,1,18,1,0.0
202300013641,155 656 364,A01,1,7,0,1,3,1,0,0.0
202300013642,155 656 363,A01,2,7,0,1,1,15,1,0.0
202300013643,155 656 360,A01,1,37,0,2,1,1,1,1.0
202300013643,155 656 361,B01,1,10,0,2,4,23,1,0.0
202300013643,155 656 362,C01,1,7,0,2,4,23,1,0.0
202300013644,155 656 358,A01,3,13,0,2,1,2,1,0.0
202300013644,155 656 359,B01,3,13,0,2,4,2,1,0.0
202300013645,155 656 356,A01,1,15,0,2,5,1,1,0.0
202300013645,155 656 357,B01,1,37,0,2,6,9,1,1.0
202300013646,155 656 354,A01,3,7,0,2,1,2,1,0.0
202300013646,155 656 355,B01,3,7,0,2,4,1,1,0.0
202300013647,155 656 353,A01,2,1,0,1,1,13,5,0.0
202300013648,155 656 351,A01,3,10,0,2,2,2,1,0.0
202300013648,155 656 352,B01,3,7,0,2,6,23,1,0.0
202300013649,155 656 350,A01,3,7,6,0,3,13,1,0.0
202300013650,155 656 348,A01,0,7,0,2,2,15,1,0.0
202300013650,155 656 349,B01,3,7,0,2,1,1,1,0.0
202300013651,155 656 345,B01,1,17,0,0,4,2,1,0.0
202300013651,155 656 347,A01,1,7,0,2,1,2,1,0.0
202300013652,155 656 342,A01,1,10,0,2,3,2,1,0.0
202300013652,155 656 344,B01,1,7,0,2,4,2,1,0.0
202300013652,155 656 346,C01,1,7,0,2,4,2,1,0.0
202300013653,155 656 341,B01,2,7,0,2,1,1,1,0.0
202300013653,155 656 343,A01,3,7,0,2,8,19,1,0.0
202300013654,155 656 338,A01,0,32,0,2,2,1,1,0.0
202300013654,155 656 339,B01,0,7,0,2,6,1,1,0.0
202300013654,155 656 340,C01,0,7,0,2,3,5,1,0.0
202300013655,155 656 337,A01,2,7,3,0,1,1,1,0.0
202300013656,155 656 336,A01,1,7,9,0,2,1,1,0.0
202300013657,155 656 335,A01,3,7,0,0,0,1,1,0.0
202300013658,155 656 332,A01,0,33,0,9,3,9,1,0.0
202300013658,155 656 334,Z01,0,1,0,2,1,25,5,0.0
202300013659,155 656 331,B01,3,2,0,2,1,19,1,0.0
202300013659,155 656 333,A01,2,7,0,0,7,1,1,0.0
202300013660,155 656 329,A01,1,7,0,2,1,1,1,0.0
202300013660,155 656 330,B01,1,1,0,2,1,1,5,0.0
202300013661,155 656 328,A01,3,36,0,0,0,10,0,0.0
202300013662,155 656 326,A01,2,7,0,2,5,11,1,0.0
202300013662,155 656 327,B01,1,33,0,2,6,2,1,0.0
202300013663,155 656 324,B01,2,33,0,2,4,2,1,0.0
202300013663,155 656 325,A01,2,33,0,2,1,2,1,0.0
202300013664,155 656 322,A01,2,2,0,2,1,2,1,0.0
202300013664,155 656 323,B01,2,7,0,2,4,23,1,0.0
202300013665,155 656 320,A01,1,7,0,2,1,15,1,0.0
202300013665,155 656 321,B01,2,33,0,2,1,1,1,0.0
202300013666,155 656 318,A01,3,3,0,9,3,13,0,0.0
202300013666,155 656 319,B01,3,1,0,2,3,1,5,0.0
202300013667,155 656 317,A01,2,7,13,0,1,1,1,0.0
202300013668,155 656 314,A01,1,7,2,0,1,13,1,0.0
202300013669,155 656 313,A01,0,7,0,2,7,2,1,0.0
202300013669,155 656 315,B01,0,32,0,2,7,3,3,0.0
202300013669,155 656 316,C01,0,10,0,0,8,1,0,0.0
202300013670,155 656 312,A01,2,34,2,0,1,1,1,0.0
202300013671,155 656 309,A01,1,7,0,2,1,0,2,0.0
202300013671,155 656 311,B01,1,7,0,0,4,1,2,0.0
202300013672,155 656 308,A01,1,1,13,0,1,16,5,0.0
202300013673,155 656 306,B01,3,7,0,2,2,9,0,0.0
202300013673,155 656 307,A01,3,31,0,2,1,2,1,0.0
202300013674,155 656 304,A01,2,7,0,2,1,17,1,0.0
202300013674,155 656 305,B01,2,1,0,2,6,15,5,0.0
202300013675,155 656 302,A01,2,31,0,2,2,1,1,0.0
202300013675,155 656 303,B01,1,7,0,2,1,2,1,0.0
202300013676,155 656 301,A01,1,31,2,0,2,1,1,0.0
202300013677,155 656 299,A01,2,10,0,2,1,1,1,0.0
202300013677,155 656 300,B01,2,7,0,2,4,23,1,0.0
202300013678,155 656 297,B01,2,7,0,2,2,1,1,0.0
202300013678,155 656 298,A01,2,3,0,2,3,1,1,0.0
202300013679,155 656 295,B01,2,7,14,0,6,2,1,0.0
202300013679,155 656 296,A01,1,43,0,2,3,2,1,0.0
202300013680,155 656 293,B01,3,32,0,2,1,1,1,0.0
202300013680,155 656 294,A01,3,7,0,2,3,15,1,0.0
202300013681,155 656 289,A01,1,32,0,2,8,18,1,0.0
202300013681,155 656 291,C01,1,10,0,2,0,0,1,0.0
202300013681,155 656 292,B01,2,7,0,2,1,15,0,0.0
202300013682,155 656 288,B01,3,7,0,2,2,19,1,0.0
202300013682,155 656 290,A01,2,7,0,2,3,1,1,0.0
202300013683,155 656 285,B01,1,33,0,2,1,3,1,0.0
202300013683,155 656 287,A01,1,7,0,2,5,11,1,0.0
202300013684,155 656 284,A01,2,7,0,2,1,15,1,0.0
202300013684,155 656 286,B01,1,7,0,2,1,1,1,0.0
202300013685,155 656 281,B01,2,7,1,2,8,20,1,0.0
202300013685,155 656 283,A01,2,7,8,2,1,1,1,0.0
202300013686,155 656 279,C01,1,33,0,2,1,1,1,0.0
202300013686,155 656 280,A01,2,33,0,2,1,21,1,0.0
202300013686,155 656 282,B01,2,7,0,2,6,23,1,0.0
202300013687,155 656 274,A01,1,7,0,2,1,1,0,0.0
202300013687,155 656 275,B01,2,7,0,2,1,1,0,0.0
202300013688,155 656 276,A01,2,7,0,2,1,1,1,0.0
202300013688,155 656 277,B01,2,7,0,2,4,1,1,0.0
202300013688,155 656 278,C01,2,7,0,2,4,15,1,0.0
202300013689,155 656 271,B01,1,1,0,2,1,1,5,0.0
202300013689,155 656 273,A01,2,7,0,2,3,9,3,0.0
202300013690,155 656 270,A01,3,33,2,2,1,5,1,0.0
202300013690,155 656 272,B01,3,99,0,2,8,15,1,0.0
202300013691,155 656 268,A01,1,7,0,1,1,1,1,0.0
202300013692,155 656 267,A01,3,33,0,2,1,1,1,0.0
202300013692,155 656 269,B01,0,7,0,2,5,1,1,0.0
202300013693,155 656 265,A01,2,7,13,0,0,0,0,0.0
202300013694,155 656 262,B01,1,1,0,2,2,1,5,0.0
202300013694,155 656 263,D01,1,1,0,0,0,21,5,0.0
202300013694,155 656 264,C01,1,1,0,2,2,21,5,0.0
202300013694,155 656 266,A01,2,10,0,9,3,15,1,0.0
202300013695,155 656 260,A01,2,7,0,2,8,1,1,0.0
202300013695,155 656 261,B01,1,7,13,2,3,13,1,0.0
202300013696,155 656 258,A01,1,2,11,0,1,1,1,0.0
202300013697,155 656 257,A01,1,7,0,2,3,5,1,0.0
202300013697,155 656 259,B01,2,30,0,2,1,1,1,0.0
202300013698,155 656 254,C01,2,7,6,0,1,1,1,0.0
202300013698,155 656 255,B01,2,7,0,0,6,15,1,0.0
202300013698,155 656 256,A01,1,10,0,2,1,13,1,0.0
202300013699,155 656 253,A01,1,7,3,0,2,1,1,0.0
202300013700,155 656 251,A01,1,7,0,2,7,17,1,0.0
202300013700,155 656 252,B01,1,1,0,0,8,1,5,0.0
202300013701,155 656 249,B01,1,33,0,2,6,1,0,0.0
202300013701,155 656 250,A01,1,7,0,2,2,15,1,0.0
202300013702,155 656 248,A01,1,30,6,0,1,13,1,0.0
202300013703,155 656 247,A01,0,31,0,0,0,26,1,0.0
202300013704,155 656 246,A01,1,33,8,0,1,13,1,0.0
202300013705,155 656 243,B01,1,15,0,0,4,23,1,0.0
202300013705,155 656 245,A01,1,37,1,0,2,21,1,1.0
202300013706,155 656 241,A01,1,7,0,2,3,15,1,0.0
202300013706,155 656 242,B01,2,7,0,2,3,1,1,0.0
202300013707,155 656 240,A01,1,10,13,0,3,13,1,0.0
202300013708,155 656 239,A01,1,7,0,2,1,13,1,0.0
202300013708,155 656 244,B01,2,10,0,2,2,1,1,0.0
202300013709,155 656 237,A01,1,7,6,2,1,2,1,0.0
202300013709,155 656 238,B01,1,2,6,2,4,1,1,0.0
202300013710,155 656 236,A01,3,10,0,1,4,4,0,0.0
202300013711,155 656 235,A01,2,7,8,0,1,13,0,0.0
202300013712,155 656 233,A01,2,7,0,2,2,1,1,0.0
202300013712,155 656 234,B01,1,7,0,2,1,19,1,0.0
202300013713,155 656 231,B01,1,33,0,2,1,1,1,0.0
202300013713,155 656 232,A01,1,7,0,2,8,16,1,0.0
202300013714,155 656 229,A01,1,7,2,0,1,1,0,0.0
202300013715,155 656 228,A01,2,10,14,0,2,13,1,0.0
202300013716,155 656 225,A01,1,2,0,2,3,1,1,0.0
202300013716,155 656 227,B01,2,7,0,2,3,17,3,0.0
202300013717,155 656 222,B01,1,7,0,2,2,15,1,0.0
202300013717,155 656 224,A01,2,33,0,2,1,1,1,0.0
202300013718,155 656 223,A01,2,7,0,2,1,1,0,0.0
202300013718,155 656 226,B01,1,7,0,2,3,15,0,0.0
202300013719,155 656 220,A01,1,7,0,2,7,17,1,0.0
202300013719,155 656 221,B01,1,2,0,2,8,15,1,0.0
202300013720,155 656 218,A01,1,32,0,2,1,17,1,0.0
202300013720,155 656 219,B01,1,7,0,0,3,15,0,0.0
202300013721,155 656 215,A01,1,7,0,2,1,1,1,0.0
202300013721,155 656 217,B01,1,30,0,2,4,2,1,0.0
202300013722,155 656 212,A01,1,7,0,2,1,2,1,0.0
202300013722,155 656 213,B01,1,7,0,2,4,1,1,0.0
202300013722,155 656 214,C01,1,7,1,2,4,2,1,0.0
202300013722,155 656 216,D01,1,7,1,0,1,2,1,0.0
202300013723,155 656 210,A01,1,7,0,0,1,13,1,0.0
202300013723,155 656 211,B01,2,7,0,0,1,1,1,0.0
202300013724,155 656 208,A01,2,7,0,2,3,13,1,0.0
202300013724,155 656 209,B01,1,17,0,2,3,1,1,0.0
202300013725,155 656 207,A01,1,33,13,0,1,1,1,0.0
202300013726,155 656 204,A01,1,7,0,2,1,5,1,0.0
202300013726,155 656 206,B01,2,7,0,2,1,1,1,0.0
202300013727,155 656 203,A01,3,7,2,0,1,1,1,0.0
202300013728,155 656 201,A01,1,7,1,0,1,2,1,0.0
202300013729,155 656 202,A01,1,15,0,2,3,13,0,0.0
202300013729,155 656 205,B01,2,7,0,2,3,13,0,0.0
202300013730,155 656 200,A01,3,31,0,0,0,26,1,0.0
202300013731,155 656 199,A01,1,7,2,0,1,14,1,0.0
202300013732,155 656 197,A01,2,33,0,2,1,1,1,0.0
202300013732,155 656 198,B01,1,7,0,2,1,15,1,0.0
202300013733,155 656 194,B01,3,7,0,2,1,1,1,0.0
202300013733,155 656 196,A01,3,2,0,2,7,19,1,0.0
202300013734,155 656 193,A01,1,7,13,2,3,1,1,0.0
202300013734,155 656 195,B01,2,7,13,2,3,13,1,0.0
202300013735,155 656 192,A01,1,2,0,1,1,17,1,0.0
202300013736,155 656 191,A01,2,7,6,0,3,13,1,0.0
202300013737,155 656 190,A01,2,33,8,0,1,16,1,0.0
202300013738,155 656 188,A01,2,31,0,2,1,1,1,0.0
202300013738,155 656 189,B01,2,7,0,2,5,23,1,0.0