num_acc,id_vehicule,num_veh,senc,catv,obs,obsm,choc,manv,motor,occutc
202300013994,155 655 736,A01,0,7,13,0,0,1,0,0.0
202300013995,155 655 735,A01,2,7,0,2,3,15,1,0.0
202300013995,155 655 737,B01,1,33,0,2,8,1,1,0.0
202300013996,155 655 734,A01,1,7,15,0,6,1,2,0.0
202300013997,155 655 732,A01,1,7,1,0,2,14,1,0.0
202300013997,155 655 733,B01,2,7,0,0,2,24,1,0.0
202300013998,155 655 731,A01,0,33,12,0,2,1,1,0.0
202300013999,155 655 730,A01,3,7,2,0,2,0,1,0.0
202300014000,155 655 728,A01,2,33,0,2,2,26,1,0.0
202300014000,155 655 729,B01,1,7,0,2,2,15,1,0.0
202300014001,155 655 727,A01,1,7,6,0,1,1,1,0.0
202300014002,155 655 724,A01,2,2,0,0,7,2,1,0.0
202300014003,155 655 722,A01,2,7,2,0,1,13,1,0.0
202300014004,155 655 723,A01,2,7,0,2,2,15,1,0.0
202300014004,155 655 725,B01,1,50,0,2,1,1,3,0.0
202300014005,155 655 720,A01,1,7,0,0,1,17,1,0.0
202300014006,155 655 717,A01,1,7,0,2,1,13,1,0.0
202300014006,155 655 719,B01,2,7,0,2,1,1,1,0.0
202300014007,155 655 718,A01,2,10,0,1,9,2,1,0.0
202300014007,155 655 721,B01,2,7,0,2,1,2,1,0.0
202300014008,155 655 715,A01,2,7,0,2,3,5,1,0.0
202300014008,155 655 716,B01,1,1,0,2,1,1,5,0.0
202300014009,155 655 713,A01,2,7,4,0,1,1,1,0.0
202300014010,155 655 712,A01,1,33,0,2,1,5,1,0.0
202300014010,155 655 714,B01,2,7,0,2,2,5,1,0.0
202300014011,155 655 710,A01,2,33,0,2,2,3,1,0.0
202300014011,155 655 711,B01,2,7,0,2,6,11,1,0.0
202300014012,155 655 706,A01,1,7,0,2,1,2,1,0.0
202300014012,155 655 709,B01,1,7,0,2,4,2,0,0.0
202300014013,155 655 704,A01,2,7,0,2,3,1,1,0.0
202300014013,155 655 708,B01,3,2,0,2,0,0,0,0.0
202300014014,155 655 703,A01,1,33,0,2,3,13,1,0.0
202300014014,155 655 707,B01,2,7,13,2,3,1,0,0.0
202300014015,155 655 702,A01,2,50,0,2,1,5,3,0.0
202300014015,155 655 705,B01,1,7,0,9,2,1,1,0.0
202300014016,155 655 700,A01,1,2,8,0,1,14,1,0.0
202300014017,155 655 699,A01,2,7,4,0,1,13,1,0.0
202300014018,155 655 698,A01,2,7,0,2,4,1,3,0.0
202300014018,155 655 701,B01,2,7,0,2,2,1,1,0.0
202300014019,155 655 695,A01,1,21,0,2,3,1,1,0.0
202300014019,155 655 697,B01,2,7,0,2,3,1,1,0.0
202300014020,155 655 692,B01,1,7,0,2,4,1,1,0.0
202300014020,155 655 694,A01,1,7,0,2,1,1,1,0.0
202300014021,155 655 691,A01,1,7,0,2,4,15,1,0.0
202300014021,155 655 693,B01,1,30,0,2,1,1,1,0.0
202300014022,155 655 689,A01,2,7,0,2,1,13,1,0.0
202300014022,155 655 690,B01,1,7,0,2,1,1,1,0.0
202300014023,155 655 687,A01,2,7,3,0,9,1,1,0.0
202300014024,155 655 684,A01,2,7,0,2,1,16,1,0.0
202300014024,155 655 686,B01,1,80,0,2,8,1,3,0.0
202300014025,155 655 685,B01,1,7,0,2,1,19,1,0.0
202300014025,155 655 688,A01,1,7,0,2,1,1,1,0.0
202300014026,155 655 681,A01,2,7,0,2,3,1,1,0.0
202300014026,155 655 683,B01,1,7,0,2,3,1,1,0.0
202300014027,155 655 682,A01,2,7,3,0,9,0,1,0.0
202300014028,155 655 679,A01,0,7,0,1,1,1,1,0.0
202300014029,155 655 680,A01,3,7,6,0,2,1,1,0.0
202300014030,155 655 677,A01,1,7,3,0,1,1,1,0.0
202300014031,155 655 673,B01,1,7,0,2,3,1,1,0.0
202300014031,155 655 678,A01,2,7,0,2,3,13,1,0.0
202300014032,155 655 671,A01,2,7,4,0,1,1,1,0.0
202300014033,155 655 672,A01,1,7,0,2,3,13,1,0.0
202300014033,155 655 675,B01,2,21,0,2,8,1,1,0.0
202300014034,155 655 667,A01,1,7,4,0,1,1,1,0.0
202300014035,155 655 668,A01,1,31,0,2,1,13,1,0.0
202300014035,155 655 670,B01,1,7,0,2,6,15,1,0.0
202300014036,155 655 666,A01,3,7,0,1,2,0,1,0.0
202300014037,155 655 665,A01,1,7,0,2,1,13,1,0.0
202300014037,155 655 669,B01,2,7,2,2,1,1,1,0.0
202300014038,155 655 662,B01,1,7,0,2,3,1,1,0.0
202300014038,155 655 664,A01,2,33,11,2,6,13,1,0.0
202300014039,155 655 659,A01,2,7,0,2,3,13,1,0.0
202300014039,155 655 661,B01,1,7,0,2,3,1,1,0.0
202300014040,155 655 658,B01,0,99,0,2,0,0,0,0.0
202300014040,155 655 663,A01,0,7,0,9,5,1,1,0.0
202300014041,155 655 657,B01,1,7,0,2,1,1,0,0.0
202300014041,155 655 660,A01,2,7,0,2,3,13,1,0.0
202300014042,155 655 656,A01,2,7,13,0,3,1,1,0.0
202300014043,155 655 655,A01,2,7,2,0,3,0,1,0.0
202300014044,155 655 653,B01,2,7,0,2,1,1,1,0.0
202300014044,155 655 654,A01,1,7,0,2,1,13,1,0.0
202300014045,155 655 652,A01,2,2,6,0,1,19,1,0.0
202300014046,155 655 651,A01,3,7,2,0,7,1,1,0.0
202300014047,155 655 649,A01,1,7,6,0,1,1,1,0.0
202300014048,155 655 647,B01,1,2,0,2,1,0,1,0.0
202300014048,155 655 650,A01,1,7,0,2,2,19,1,0.0
202300014049,155 655 646,A01,1,7,2,0,1,1,1,0.0
202300014050,155 655 645,A01,2,7,0,2,5,15,1,0.0
202300014050,155 655 648,B01,1,33,0,2,1,1,1,0.0
202300014051,155 655 644,A01,3,10,0,1,2,1,1,0.0
202300014052,155 655 642,A01,2,7,8,0,1,1,1,0.0
202300014053,155 655 643,A01,2,7,2,0,1,13,1,0.0
202300014054,155 655 638,A01,2,7,2,0,2,1,1,0.0
202300014055,155 655 640,A01,2,7,0,2,2,15,1,0.0
202300014055,155 655 641,B01,2,7,8,2,1,1,1,0.0
202300014056,155 655 636,B01,0,31,0,2,1,0,1,0.0
202300014056,155 655 639,A01,0,2,0,2,1,0,1,0.0
202300014057,155 655 634,A01,2,7,16,0,1,1,1,0.0
202300014058,155 655 635,A01,1,7,0,2,2,15,1,0.0
202300014058,155 655 637,B01,2,33,0,2,1,1,1,0.0
202300014059,155 655 633,A01,2,7,0,0,1,0,1,0.0
202300014060,155 655 632,A01,1,10,14,1,3,1,1,0.0
202300014061,155 655 631,A01,1,7,0,0,1,1,1,0.0
202300014062,155 655 630,A01,2,3,0,1,1,1,1,0.0
202300014063,155 655 629,A01,3,3,2,0,1,0,1,0.0
202300014064,155 655 625,A01,2,10,0,2,7,15,1,0.0
202300014064,155 655 628,B01,2,30,0,2,1,1,1,0.0
202300014065,155 655 622,A01,1,7,0,2,3,15,1,0.0
202300014065,155 655 627,B01,2,7,0,0,2,1,1,0.0
202300014066,155 655 623,B01,2,30,0,2,0,0,1,0.0
202300014066,155 655 626,A01,1,7,0,2,0,0,2,0.0
202300014067,155 655 621,A01,1,7,0,0,1,0,1,0.0
202300014068,155 655 620,A01,1,7,13,0,2,1,1,0.0
202300014069,155 655 618,A01,2,7,2,0,9,13,1,0.0
202300014070,155 655 617,A01,2,10,0,2,7,14,1,0.0
202300014070,155 655 619,B01,2,43,0,2,8,1,1,0.0
202300014071,155 655 615,A01,1,7,13,2,3,1,1,0.0
202300014071,155 655 616,B01,2,7,13,2,6,21,1,0.0
202300014072,155 655 612,A01,1,7,0,2,3,5,2,0.0
202300014072,155 655 614,B01,2,7,0,2,3,1,1,0.0
202300014073,155 655 613,A01,2,7,13,0,2,0,1,0.0
202300014074,155 655 611,A01,3,7,2,0,8,26,1,0.0
202300014075,155 655 607,A01,2,7,0,2,8,13,1,0.0
202300014075,155 655 609,B01,1,7,0,2,8,1,1,0.0
202300014076,155 655 608,A01,1,33,16,0,1,1,1,0.0
202300014077,155 655 605,A01,2,7,0,2,6,16,1,0.0
202300014077,155 655 610,B01,1,7,0,2,6,19,1,0.0
202300014078,155 655 604,B01,3,50,0,2,0,0,3,0.0
202300014078,155 655 606,A01,3,7,0,2,0,0,1,0.0
202300014079,155 655 603,A01,2,33,6,0,2,3,1,0.0
202300014080,155 655 598,B01,1,2,0,2,1,1,1,0.0
202300014080,155 655 602,A01,2,7,0,2,1,15,1,0.0
202300014081,155 655 597,A01,2,7,0,2,1,17,1,0.0
202300014081,155 655 600,B01,2,7,0,2,4,15,1,0.0
202300014082,155 655 595,A01,3,7,0,2,1,11,1,0.0
202300014082,155 655 596,B01,3,7,0,2,1,1,1,0.0
202300014083,155 655 594,A01,1,7,2,0,1,17,1,0.0
202300014084,155 655 592,A01,3,7,1,0,1,26,1,0.0
202300014085,155 655 591,A01,1,7,1,0,3,13,1,0.0
202300014085,155 655 593,B01,1,17,0,0,7,24,1,0.0
202300014086,155 655 588,A01,1,7,2,0,8,1,0,0.0
202300014087,155 655 589,A01,2,7,0,2,3,13,1,0.0
202300014087,155 655 590,B01,2,15,0,2,3,1,1,0.0
202300014088,155 655 583,A01,2,36,6,0,1,1,1,0.0
202300014089,155 655 582,B01,1,33,0,2,1,17,1,0.0
202300014089,155 655 585,A01,1,7,0,2,8,15,1,0.0
202300014090,155 655 579,A01,1,31,0,0,0,0,1,0.0
202300014090,155 655 581,C01,2,13,0,2,0,1,1,0.0
202300014090,155 655 584,B01,1,7,0,0,0,1,0,0.0
202300014091,155 655 580,A01,1,7,0,1,2,1,1,0.0
202300014092,155 655 576,B01,1,33,0,2,1,1,1,0.0
202300014092,155 655 578,A01,2,7,0,2,7,15,1,0.0
202300014093,155 655 573,A01,3,33,2,0,1,15,1,0.0
202300014094,155 655 570,A01,2,33,0,0,3,1,1,0.0
202300014094,155 655 574,B01,1,10,0,0,3,1,1,0.0
202300014095,155 655 571,A01,1,7,2,0,3,26,1,0.0
202300014096,155 655 572,A01,1,7,3,2,1,1,1,0.0
202300014096,155 655 575,B01,1,10,0,2,3,26,1,0.0
202300014097,155 655 568,A01,2,33,13,0,2,1,1,0.0
202300014098,155 655 567,A01,1,7,0,1,3,26,1,0.0
202300014099,155 655 566,A01,1,7,0,2,1,5,1,0.0
202300014099,155 655 569,B01,2,13,0,2,1,1,1,0.0
202300014100,155 655 563,A01,2,7,0,5,9,21,1,0.0
202300014101,155 655 561,A01,1,7,0,2,1,13,6,0.0
202300014101,155 655 564,B01,2,15,0,2,1,1,1,0.0
202300014102,155 655 562,B01,1,13,0,2,2,2,1,0.0
202300014102,155 655 565,A01,0,7,12,2,3,9,1,0.0
202300014103,155 655 556,A01,0,7,3,2,1,2,1,0.0
202300014103,155 655 559,B01,1,33,13,2,4,2,1,0.0
202300014103,155 655 560,C01,1,10,0,2,3,2,1,0.0
202300014104,155 655 554,B01,0,7,0,2,1,1,1,0.0
202300014104,155 655 557,A01,0,7,0,2,8,15,1,0.0
202300014105,155 655 553,A01,1,33,0,2,1,12,1,0.0
202300014105,155 655 558,B01,1,7,0,2,5,1,2,0.0
202300014106,155 655 552,A01,0,7,0,0,4,23,1,0.0
202300014106,155 655 555,B01,0,3,0,0,1,2,1,0.0
202300014107,155 655 550,A01,1,33,3,0,8,26,1,0.0
202300014108,155 655 548,B01,2,10,6,2,8,1,1,0.0
202300014108,155 655 551,A01,2,7,0,2,1,9,1,0.0
202300014109,155 655 547,A01,3,32,12,0,1,1,1,0.0
202300014110,155 655 546,A01,2,14,0,2,8,13,1,0.0
202300014110,155 655 549,B01,2,7,3,2,2,1,2,0.0
202300014111,155 655 541,A01,1,7,0,2,1,0,1,0.0
202300014111,155 655 544,B01,2,7,0,2,1,0,1,0.0
202300014112,155 655 537,A01,1,7,0,2,2,17,1,0.0
202300014112,155 655 540,B01,2,7,0,2,3,1,1,0.0
202300014112,155 655 545,C01,2,7,0,2,2,17,2,0.0
202300014113,155 655 539,B01,1,80,0,2,1,1,3,0.0
202300014113,155 655 543,A01,1,14,0,2,3,15,6,0.0
202300014114,155 655 536,A01,2,1,13,0,0,1,5,0.0
202300014115,155 655 534,A01,1,7,0,0,0,1,0,0.0
202300014116,155 655 533,A01,1,7,0,2,1,19,1,0.0
202300014116,155 655 535,B01,1,1,0,2,6,1,5,0.0
202300014117,155 655 532,A01,1,7,0,1,1,1,1,0.0
202300014118,155 655 531,A01,1,7,14,0,1,1,0,0.0
202300014119,155 655 530,A01,1,33,0,0,0,1,1,0.0
202300014120,155 655 528,A01,2,33,0,0,8,1,1,0.0
202300014121,155 655 527,B01,1,1,0,0,8,2,5,0.0
202300014121,155 655 529,A01,1,7,0,9,2,2,1,0.0
202300014122,155 655 524,A01,1,7,0,2,8,13,1,0.0
202300014122,155 655 526,B01,1,33,0,2,0,1,1,0.0
202300014123,155 655 523,A01,1,33,13,0,7,16,1,0.0
202300014124,155 655 521,A01,2,7,0,0,3,10,1,0.0
202300014124,155 655 525,B01,2,33,0,2,1,17,1,0.0
202300014125,155 655 520,A01,3,10,0,2,1,1,1,0.0
202300014125,155 655 522,B01,0,2,0,2,2,19,1,0.0
202300014126,155 655 517,A01,1,7,6,0,2,17,1,0.0
202300014127,155 655 518,B01,2,14,0,2,4,24,1,0.0
202300014127,155 655 519,A01,2,37,1,2,1,21,1,1.0
202300014128,155 655 516,A01,1,32,0,1,1,1,1,0.0
202300014129,155 655 514,A01,1,7,3,0,1,1,1,0.0
202300014130,155 655 513,A01,1,7,0,0,3,15,0,0.0
202300014130,155 655 515,B01,1,33,0,2,1,17,0,0.0
202300014131,155 655 509,A01,3,7,0,2,1,15,1,0.0
202300014131,155 655 512,B01,2,80,0,2,2,1,3,0.0
202300014132,155 655 508,A01,1,33,0,2,1,2,1,0.0
202300014132,155 655 511,B01,1,7,0,0,4,2,1,0.0
202300014133,155 655 506,B01,2,37,0,0,3,1,1,1.0
202300014133,155 655 510,A01,1,7,0,2,3,1,1,0.0
202300014134,155 655 505,A01,2,7,0,0,3,1,1,0.0
202300014134,155 655 507,B01,1,7,0,0,3,2,1,0.0
202300014135,155 655 504,A01,3,32,0,1,3,21,1,0.0
202300014136,155 655 503,A01,1,33,16,1,1,2,1,0.0
202300014137,155 655 501,A01,3,7,0,9,1,1,1,0.0
202300014137,155 655 502,B01,3,1,0,2,5,19,5,0.0
202300014138,155 655 498,Z01,2,7,0,2,3,10,0,0.0
202300014138,155 655 500,B01,2,2,0,2,1,1,1,0.0
202300014139,155 655 494,C01,2,7,0,2,6,1,1,0.0
202300014139,155 655 497,A01,2,7,0,2,5,15,1,0.0
202300014139,155 655 499,B01,1,7,0,2,2,1,1,0.0
202300014140,155 655 493,B01,1,7,0,2,2,1,1,0.0
202300014140,155 655 495,A01,1,2,13,2,4,1,1,0.0
202300014141,155 655 492,B01,2,32,0,9,2,1,1,0.0
202300014142,155 655 490,A01,1,7,13,0,2,1,1,0.0
202300014143,155 655 488,A01,1,7,2,0,1,1,1,0.0
202300014144,155 655 489,A01,2,7,0,2,2,1,0,0.0
202300014144,155 655 491,B01,1,1,0,2,8,1,5,0.0
202300014145,155 655 484,A01,3,7,6,0,3,2,1,0.0
202300014146,155 655 485,B01,1,1,0,2,1,1,5,0.0
202300014146,155 655 487,A01,1,7,0,2,2,9,3,0.0
202300014147,155 655 482,B01,2,7,0,9,3,9,1,0.0
202300014147,155 655 486,A01,1,1,0,2,7,0,5,0.0
202300014148,155 655 481,A01,1,7,13,2,3,13,0,0.0
202300014148,155 655 483,B01,2,7,16,2,3,1,0,0.0
202300014149,155 655 478,A01,2,7,0,2,3,13,1,0.0
202300014149,155 655 479,B01,2,7,0,2,7,1,1,0.0
202300014150,155 655 475,A01,2,7,0,0,3,16,1,0.0
202300014150,155 655 480,B01,1,7,0,0,3,1,0,0.0
202300014151,155 655 474,A01,1,7,0,2,2,15,1,0.0
202300014151,155 655 477,B01,1,7,0,2,3,1,1,0.0
202300014152,155 655 473,A01,1,7,0,2,7,17,1,0.0
202300014152,155 655 476,B01,1,33,0,2,0,1,1,0.0
202300014153,155 655 469,A01,3,2,0,0,0,1,1,0.0
202300014154,155 655 468,A01,1,33,13,0,2,0,1,0.0
202300014154,155 655 471,B01,1,7,0,0,3,15,1,0.0
202300014155,155 655 470,A01,1,10,0,2,1,15,1,0.0
202300014155,155 655 472,B01,2,2,0,2,3,1,1,0.0
202300014156,155 655 467,A01,1,31,0,0,0,1,1,0.0
202300014157,155 655 466,A01,3,7,4,0,8,17,1,0.0
202300014158,155 655 465,A01,1,7,0,1,2,1,1,0.0
202300014159,155 655 463,A01,3,1,8,2,4,2,5,0.0
202300014159,155 655 464,B01,3,1,0,2,1,2,5,0.0
202300014160,155 655 460,A01,2,7,0,2,3,10,1,0.0
202300014160,155 655 462,B01,2,2,0,2,1,1,1,0.0
202300014161,155 655 459,B01,0,50,0,2,1,1,3,0.0
202300014161,155 655 461,A01,1,7,0,0,0,1,0,0.0
202300014162,155 655 456,B01,1,10,0,2,1,1,1,0.0
202300014162,155 655 458,A01,2,7,0,2,7,1,1,0.0
202300014163,155 655 455,A01,2,10,0,2,4,23,1,0.0
202300014163,155 655 457,Z01,2,10,0,2,0,1,1,0.0
202300014164,155 655 452,A01,2,7,0,2,3,9,1,0.0
202300014164,155 655 453,B01,2,33,0,2,1,1,1,0.0
202300014165,155 655 451,A01,2,33,0,2,1,17,1,0.0
202300014165,155 655 454,B01,1,7,0,2,2,9,2,0.0
202300014166,155 655 448,A01,1,7,0,2,4,1,1,0.0
202300014166,155 655 450,B01,0,7,0,0,0,0,1,0.0
202300014167,155 655 449,A01,1,34,0,0,0,21,1,0.0
202300014168,155 655 446,A01,1,33,0,0,8,1,1,0.0
202300014169,155 655 445,B01,3,31,0,2,3,0,1,0.0
202300014169,155 655 447,A01,3,10,0,2,7,17,1,0.0
202300014170,155 655 443,A01,3,31,4,0,0,1,1,0.0
202300014171,155 655 442,A01,3,43,0,2,2,3,1,0.0
202300014171,155 655 444,B01,3,7,0,2,5,13,1,0.0
202300014172,155 655 438,B01,2,15,0,2,6,1,1,0.0
202300014172,155 655 441,A01,2,7,0,2,5,14,1,0.0
202300014173,155 655 437,A01,2,7,0,2,1,5,1,0.0
202300014173,155 655 439,B01,1,7,0,2,1,1,1,0.0
202300014174,155 655 436,A01,1,1,0,0,0,1,5,0.0
202300014175,155 655 435,A01,1,33,2,0,1,17,1,0.0
202300014176,155 655 434,A01,0,7,13,0,3,17,1,0.0
202300014177,155 655 432,Y01,2,1,0,0,0,19,5,0.0
202300014178,155 655 431,A01,1,7,0,0,0,0,0,0.0
202300014179,155 655 430,A01,1,7,0,2,5,12,1,0.0
202300014179,155 655 433,B01,1,33,0,2,3,3,1,0.0
202300014180,155 655 428,A01,1,7,0,2,1,21,1,0.0
202300014180,155 655 429,B01,1,7,0,2,2,19,1,0.0
202300014181,155 655 427,A01,2,1,13,0,0,1,5,0.0
202300014182,155 655 424,A01,1,50,0,2,1,13,3,0.0
202300014182,155 655 426,B01,2,1,0,2,1,1,5,0.0
202300014183,155 655 423,A01,1,7,0,2,2,18,1,0.0
202300014183,155 655 425,B01,1,7,0,2,6,1,1,0.0
202300014184,155 655 420,B01,2,10,0,2,2,11,1,0.0
202300014184,155 655 422,A01,1,7,0,2,1,16,1,0.0
202300014185,155 655 419,A01,1,1,0,2,1,13,5,0.0
202300014185,155 655 421,B01,2,7,0,9,3,1,2,0.0
202300014186,155 655 414,A01,2,33,0,0,1,1,1,0.0
202300014187,155 655 417,A01,1,10,0,2,2,15,1,0.0
202300014187,155 655 418,B01,3,33,0,2,6,1,1,0.0
202300014188,155 655 412,A01,1,7,0,2,1,9,1,0.0
202300014188,155 655 415,B01,1,7,0,2,4,9,1,0.0
202300014189,155 655 406,B01,1,33,0,2,7,17,1,0.0
202300014189,155 655 408,C01,2,17,0,0,4,23,1,0.0
202300014189,155 655 411,D01,2,7,0,2,9,23,1,0.0
202300014189,155 655 413,E01,2,99,0,2,1,2,1,0.0
202300014189,155 655 416,A01,1,21,0,2,8,15,1,0.0
202300014190,155 655 407,A01,1,50,0,2,2,1,3,0.0
202300014190,155 655 409,B01,3,7,0,2,1,1,2,0.0
202300014191,155 655 403,A01,1,7,0,2,1,17,1,0.0
202300014191,155 655 405,B01,2,32,0,2,1,1,1,0.0
202300014192,155 655 402,A01,2,7,0,2,1,1,1,0.0
202300014192,155 655 404,B01,2,7,0,2,4,1,1,0.0
202300014193,155 655 397,A01,1,7,0,2,1,9,3,0.0
202300014193,155 655 399,B01,1,7,1,0,8,1,1,0.0
202300014193,155 655 401,C01,1,7,0,0,3,23,1,0.0
202300014194,155 655 400,A01,1,10,0,1,3,16,1,0.0
202300014195,155 655 395,Z01,1,7,3,2,1,2,1,0.0
202300014195,155 655 396,A01,1,7,3,2,4,1,1,0.0
202300014196,155 655 391,B01,2,7,0,2,1,26,1,0.0
202300014196,155 655 392,A01,1,7,0,2,1,0,1,0.0
202300014197,155 655 389,A01,2,7,0,1,2,1,1,0.0
202300014198,155 655 386,C01,1,7,0,2,0,0,1,0.0
202300014198,155 655 388,A01,1,7,0,2,1,2,1,0.0
202300014198,155 655 390,B01,1,7,0,2,4,1,1,0.0
202300014199,155 655 384,A01,3,33,13,2,7,17,1,0.0
202300014199,155 655 385,B01,3,7,0,2,8,1,1,0.0
202300014200,155 655 379,B01,1,7,0,0,4,2,1,0.0
202300014200,155 655 382,A01,1,7,0,2,1,2,1,0.0
202300014201,155 655 380,A01,2,1,0,2,1,15,5,0.0
202300014201,155 655 383,Z01,1,1,0,2,1,1,5,0.0
202300014202,155 655 378,A01,2,7,0,2,1,2,1,0.0
202300014202,155 655 381,B01,2,7,0,2,4,2,1,0.0
202300014203,155 655 376,A01,1,35,0,2,2,15,1,0.0
202300014203,155 655 377,B01,2,7,0,2,1,1,1,0.0
202300014204,155 655 374,A01,2,33,0,0,8,21,1,0.0
202300014205,155 655 373,A01,1,1,0,1,1,1,5,0.0
202300014206,155 655 371,A01,1,7,0,2,2,2,1,0.0
202300014206,155 655 375,B01,1,7,0,2,6,2,1,0.0
202300014207,155 655 370,A01,1,7,0,2,4,23,1,0.0
202300014207,155 655 372,B01,1,1,0,2,1,2,5,0.0
202300014208,155 655 366,A01,2,33,0,0,0,1,1,0.0
202300014209,155 655 368,A01,1,33,0,0,0,21,1,0.0
202300014210,155 655 364,A01,2,7,0,2,6,11,1,0.0
202300014210,155 655 367,B01,2,33,0,2,2,3,1,0.0
202300014210,155 655 369,C01,2,7,0,2,8,1,1,0.0
202300014211,155 655 365,A01,2,7,0,1,1,9,1,0.0
202300014212,155 655 363,A01,2,7,4,0,1,1,1,0.0
202300014213,155 655 362,A01,1,33,7,0,1,6,1,0.0
202300014214,155 655 360,A01,2,10,13,0,1,15,1,0.0
202300014215,155 655 357,A01,1,7,2,0,8,1,1,0.0
202300014216,155 655 359,A01,1,7,0,2,2,1,1,0.0
202300014216,155 655 361,B01,1,2,0,0,8,13,1,0.0
202300014217,155 655 358,A01,2,34,0,0,8,26,1,0.0
202300014218,155 655 355,A01,2,33,13,0,1,13,1,0.0
202300014219,155 655 353,A01,2,7,4,0,8,13,1,0.0
202300014220,155 655 352,A01,3,2,0,2,1,1,1,0.0
202300014220,155 655 356,B01,3,7,0,2,3,16,1,0.0
202300014221,155 655 351,A01,1,34,1,2,2,26,1,0.0
202300014221,155 655 354,B01,2,7,1,2,2,1,1,0.0
202300014222,155 655 347,A01,2,15,0,2,1,2,1,0.0
202300014222,155 655 349,B01,2,14,0,0,4,2,1,0.0
202300014223,155 655 345,A01,2,16,0,0,8,15,1,0.0
202300014223,155 655 348,B01,2,2,0,2,1,17,1,0.0
202300014224,155 655 344,B01,0,7,0,2,1,1,1,0.0
202300014224,155 655 350,A01,1,7,0,2,6,19,1,0.0
202300014225,155 655 343,A01,1,32,0,2,1,7,1,0.0
202300014225,155 655 346,B01,3,7,0,2,5,16,1,0.0
202300014226,155 655 335,A01,1,7,0,2,4,2,1,0.0
202300014226,155 655 340,B01,1,3,0,2,9,2,1,0.0
202300014226,155 655 342,C01,1,7,0,2,1,2,1,0.0
202300014227,155 655 338,A01,1,33,14,0,1,6,1,0.0
202300014228,155 655 333,B01,2,7,0,2,4,1,1,0.0
202300014228,155 655 336,C01,2,7,0,2,5,23,1,0.0
202300014228,155 655 341,A01,2,7,0,2,1,12,1,0.0
202300014229,155 655 331,D01,2,1,0,2,4,1,5,0.0
202300014229,155 655 332,E01,2,1,0,2,4,1,5,0.0
202300014229,155 655 334,A01,2,7,1,9,1,1,1,0.0
202300014229,155 655 337,B01,2,1,0,2,4,1,5,0.0
202300014229,155 655 339,C01,2,1,0,2,4,1,5,0.0
202300014230,155 655 330,A01,3,7,2,0,2,0,1,0.0
202300014231,155 655 328,A01,3,7,0,1,4,20,0,0.0
202300014232,155 655 327,A01,1,7,0,2,2,2,1,0.0
202300014232,155 655 329,B01,1,14,0,2,6,1,1,0.0
202300014233,155 655 325,A01,2,80,0,0,0,0,3,0.0
202300014234,155 655 324,A01,2,7,0,2,3,13,1,0.0
202300014234,155 655 326,B01,1,34,0,2,1,1,1,0.0
202300014235,155 655 323,A01,1,32,0,0,0,26,1,0.0
202300014236,155 655 321,B01,2,33,0,2,1,1,1,0.0
202300014236,155 655 322,A01,2,7,0,2,5,12,1,0.0
202300014237,155 655 320,A01,2,7,0,1,1,1,1,0.0
202300014238,155 655 317,A01,2,33,0,2,1,17,1,0.0
202300014238,155 655 318,B01,2,7,0,2,8,19,1,0.0
202300014239,155 655 316,A01,2,7,2,2,1,2,1,0.0
202300014239,155 655 319,B01,2,7,0,2,4,2,1,0.0
202300014240,155 655 314,A01,1,7,13,0,2,1,1,0.0
202300014241,155 655 311,B01,1,7,1,2,2,11,1,0.0
202300014241,155 655 313,C01,1,13,1,0,1,2,1,0.0
202300014241,155 655 315,A01,1,7,3,2,1,23,1,0.0
202300014242,155 655 308,A01,2,7,0,2,5,15,1,0.0
202300014242,155 655 310,B01,1,33,0,2,1,1,1,0.0
202300014243,155 655 307,B01,0,7,0,2,6,9,0,0.0
202300014243,155 655 312,A01,0,7,0,2,1,9,0,0.0
202300014244,155 655 306,B01,1,7,0,2,5,15,1,0.0
202300014244,155 655 309,A01,2,33,0,2,1,1,1,0.0
202300014245,155 655 304,B01,2,30,0,2,1,17,1,0.0
202300014245,155 655 305,A01,2,7,0,2,8,10,1,0.0
202300014246,155 655 303,A01,2,7,4,0,0,0,1,0.0
202300014247,155 655 300,B01,1,7,0,2,1,1,1,0.0
202300014247,155 655 302,A01,2,7,0,2,3,9,1,0.0
202300014248,155 655 299,B01,0,33,0,2,1,17,1,0.0
202300014248,155 655 301,A01,0,7,0,2,8,10,1,0.0
202300014249,155 655 296,B01,3,7,0,2,8,2,1,0.0
202300014249,155 655 298,A01,3,10,6,0,0,2,1,0.0
202300014250,155 655 293,A01,1,7,0,2,4,1,1,0.0
202300014250,155 655 295,B01,1,7,0,2,1,1,1,0.0
202300014250,155 655 297,C01,1,10,0,2,1,1,1,0.0
202300014251,155 655 291,A01,1,10,6,0,8,1,1,0.0
202300014252,155 655 290,A01,3,7,0,2,8,15,1,0.0
202300014252,155 655 294,B01,3,33,0,2,2,17,1,0.0
202300014253,155 655 289,A01,0,7,0,2,3,1,1,0.0
202300014253,155 655 292,B01,1,60,0,2,1,19,5,0.0
202300014254,155 655 288,A01,1,7,4,0,3,1,1,0.0
202300014255,155 655 284,A01,1,1,0,2,1,1,5,0.0
202300014255,155 655 287,B01,2,1,0,0,4,5,5,0.0
202300014256,155 655 282,A01,1,15,3,2,1,13,1,0.0
202300014256,155 655 286,B01,2,7,3,0,1,1,1,0.0