num_acc,id_vehicule,num_veh,senc,catv,obs,obsm,choc,manv,motor,occutc
202300014521,155 654 839,B01,2,7,0,2,1,1,1,0.0
202300014522,155 654 836,A01,1,7,2,0,1,13,1,0.0
202300014523,155 654 835,A01,1,33,13,0,1,1,1,0.0
202300014524,155 654 837,A01,3,7,0,2,2,21,1,0.0
202300014524,155 654 849,B01,3,50,0,2,1,0,3,0.0
202300014525,155 654 834,A01,2,7,0,2,7,1,1,0.0
202300014525,155 654 848,B01,1,7,2,2,2,13,1,0.0
202300014526,155 654 833,A01,1,31,7,0,0,1,1,0.0
202300014527,155 654 829,A01,1,33,0,2,1,0,1,0.0
202300014527,155 654 832,B01,2,7,0,2,2,15,1,0.0
202300014528,155 654 827,A01,1,7,0,2,5,1,1,0.0
202300014528,155 654 830,B01,1,30,0,2,1,1,1,0.0
202300014529,155 654 825,C01,1,10,0,2,2,1,1,0.0
202300014529,155 654 828,A01,1,7,0,2,1,5,1,0.0
202300014529,155 654 831,B01,2,15,0,2,1,1,1,0.0
202300014530,155 654 824,A01,2,7,2,0,1,1,1,0.0
202300014531,155 654 820,A01,3,50,0,1,1,5,3,0.0
202300014532,155 654 823,A01,0,7,0,2,1,15,1,0.0
202300014532,155 654 826,B01,0,50,0,2,1,19,3,0.0
202300014533,155 654 818,A01,1,10,0,2,3,9,1,0.0
202300014533,155 654 819,B01,1,2,0,2,7,21,1,0.0
202300014534,155 654 817,A01,1,7,2,0,7,1,1,0.0
202300014535,155 654 821,A01,2,7,0,2,8,9,1,0.0
202300014535,155 654 822,B01,2,7,0,2,2,1,2,0.0
202300014536,155 654 816,A01,3,7,0,1,3,15,1,0.0
202300014537,155 654 813,A01,0,2,1,0,1,14,1,0.0
202300014538,155 654 809,A01,3,7,0,2,3,19,0,0.0
202300014538,155 654 814,B01,2,33,0,2,1,1,1,0.0
202300014539,155 654 807,A01,3,7,0,2,1,15,1,0.0
202300014539,155 654 812,B01,3,7,0,2,3,0,1,0.0
202300014540,155 654 802,A01,3,7,6,0,2,13,1,0.0
202300014541,155 654 801,A01,2,34,0,2,1,9,1,0.0
202300014541,155 654 804,B01,1,7,0,2,2,26,1,0.0
202300014542,155 654 800,E01,2,7,0,2,1,26,1,0.0
202300014542,155 654 805,B01,2,7,0,2,4,26,1,0.0
202300014542,155 654 806,D01,2,7,0,2,4,26,1,0.0
202300014542,155 654 808,A01,2,7,0,2,1,26,1,0.0
202300014542,155 654 811,C01,2,10,0,2,4,26,1,0.0
202300014543,155 654 798,A01,1,7,13,2,3,9,1,0.0
202300014543,155 654 803,B01,1,10,12,2,1,1,1,0.0
202300014544,155 654 797,A01,2,7,0,2,5,16,1,0.0
202300014544,155 654 799,B01,2,80,0,2,1,1,3,0.0
202300014545,155 654 794,A01,3,7,0,0,0,0,1,0.0
202300014546,155 654 791,B01,0,7,0,2,8,1,1,0.0
202300014546,155 654 796,A01,0,10,0,2,1,1,1,0.0
202300014547,155 654 792,A01,3,10,0,2,3,16,1,0.0
202300014547,155 654 795,B01,3,1,0,2,6,19,5,0.0
202300014548,155 654 789,A01,3,2,0,2,1,1,1,0.0
202300014548,155 654 793,B01,3,7,0,2,3,15,1,0.0
202300014549,155 654 787,A01,1,40,0,2,2,1,3,0.0
202300014549,155 654 790,B01,0,1,0,4,1,14,5,0.0
202300014550,155 654 788,A01,2,7,16,0,9,1,1,0.0
202300014551,155 654 785,B01,2,7,0,2,1,1,1,0.0
202300014551,155 654 786,A01,1,7,3,2,1,5,1,0.0
202300014552,155 654 784,A01,3,7,0,1,1,1,0,0.0
202300014553,155 654 783,A01,1,7,0,1,1,1,1,0.0
202300014554,155 654 780,A01,1,32,0,2,1,13,1,0.0
202300014554,155 654 782,B01,2,7,0,2,3,1,1,0.0
202300014555,155 654 775,B01,3,7,0,2,2,0,1,0.0
202300014555,155 654 778,A01,1,80,0,2,1,5,3,0.0
202300014556,155 654 773,A01,2,10,0,9,3,11,6,0.0
202300014556,155 654 777,B01,2,50,0,2,2,13,3,0.0
202300014557,155 654 770,A01,1,7,0,2,6,24,1,0.0
202300014557,155 654 774,B01,1,32,0,2,1,1,1,0.0
202300014558,155 654 771,A01,2,7,0,2,4,2,1,0.0
202300014558,155 654 776,B01,2,31,0,2,1,2,1,0.0
202300014559,155 654 769,A01,1,7,0,2,3,1,1,0.0
202300014559,155 654 772,B01,1,33,0,2,1,1,1,0.0
202300014560,155 654 762,A01,1,7,0,2,1,9,1,0.0
202300014561,155 654 763,A01,1,7,0,1,3,1,1,0.0
202300014562,155 654 761,A01,1,7,0,2,7,19,1,0.0
202300014562,155 654 767,B01,1,10,0,2,1,1,1,0.0
202300014563,155 654 760,A01,1,7,0,2,3,9,1,0.0
202300014563,155 654 765,B01,1,80,0,2,7,1,3,0.0
202300014564,155 654 758,A01,3,7,15,0,1,0,1,0.0
202300014565,155 654 756,A01,2,7,0,2,0,1,1,0.0
202300014565,155 654 759,B01,2,7,0,2,1,2,1,0.0
202300014566,155 654 755,A01,3,7,0,2,0,0,1,0.0
202300014566,155 654 757,B01,0,34,0,2,1,1,1,0.0
202300014567,155 654 754,A01,0,43,12,0,2,1,1,0.0
202300014568,155 654 753,A01,2,7,0,1,2,1,1,0.0
202300014569,155 654 751,A01,2,7,0,1,3,1,1,0.0
202300014570,155 654 749,B01,1,7,0,0,6,23,1,0.0
202300014570,155 654 752,A01,1,17,1,0,2,14,1,0.0
202300014571,155 654 747,A01,1,7,8,0,1,26,1,0.0
202300014572,155 654 746,C01,1,7,0,2,1,0,0,0.0
202300014572,155 654 748,A01,1,7,0,2,4,0,0,0.0
202300014572,155 654 750,B01,1,7,0,2,4,0,0,0.0
202300014573,155 654 744,A01,2,7,0,2,2,1,1,0.0
202300014573,155 654 745,B01,2,2,0,2,4,23,1,0.0
202300014574,155 654 743,A01,2,33,4,0,8,0,1,0.0
202300014575,155 654 742,A01,1,7,9,0,1,26,1,0.0
202300014576,155 654 739,A01,2,16,0,2,2,12,1,0.0
202300014576,155 654 741,B01,2,7,4,2,6,1,1,0.0
202300014577,155 654 737,A01,1,32,0,2,1,2,1,0.0
202300014577,155 654 740,B01,1,10,0,2,4,2,1,0.0
202300014578,155 654 735,Z01,1,7,0,2,8,15,0,0.0
202300014578,155 654 738,A01,1,33,0,2,1,17,1,0.0
202300014579,155 654 734,A01,3,50,14,0,1,21,3,0.0
202300014580,155 654 732,B01,1,10,0,2,2,15,1,0.0
202300014580,155 654 736,A01,1,10,0,2,3,1,1,0.0
202300014581,155 654 729,A01,3,7,0,2,1,1,0,0.0
202300014581,155 654 731,B01,3,7,0,2,1,1,0,0.0
202300014582,155 654 725,A01,1,7,0,2,1,2,1,0.0
202300014582,155 654 728,B01,1,7,0,2,4,2,3,0.0
202300014583,155 654 724,A01,0,30,0,2,1,1,1,0.0
202300014583,155 654 726,B01,0,7,0,2,5,16,0,0.0
202300014584,155 654 723,A01,2,7,0,2,3,1,1,0.0
202300014584,155 654 727,B01,0,7,0,2,1,19,1,0.0
202300014585,155 654 730,A01,2,7,4,2,1,17,1,0.0
202300014585,155 654 733,B01,2,7,4,0,4,1,1,0.0
202300014586,155 654 721,A01,2,7,2,0,2,1,1,0.0
202300014587,155 654 720,A01,-1,50,0,2,8,-1,3,0.0
202300014587,155 654 722,B01,0,33,0,2,7,1,0,0.0
202300014588,155 654 718,A01,1,7,12,0,1,14,2,0.0
202300014589,155 654 717,A01,1,7,4,0,1,1,1,0.0
202300014590,155 654 715,A01,1,7,1,0,3,1,1,0.0
202300014591,155 654 716,B01,2,7,0,2,1,1,1,0.0
202300014591,155 654 719,A01,1,7,0,2,1,5,1,0.0
202300014592,155 654 714,A01,1,7,3,0,3,17,1,0.0
202300014593,155 654 713,A01,1,33,16,0,7,16,1,0.0
202300014594,155 654 709,A01,1,7,0,1,1,1,1,0.0
202300014595,155 654 710,B01,1,32,0,2,1,3,1,0.0
202300014595,155 654 712,A01,1,7,0,2,4,12,1,0.0
202300014596,155 654 708,A01,2,7,0,1,1,1,0,0.0
202300014597,155 654 707,A01,2,31,0,2,1,3,1,0.0
202300014597,155 654 711,B01,2,7,0,2,1,15,1,0.0
202300014598,155 654 705,A01,1,30,0,0,7,1,1,0.0
202300014599,155 654 702,C01,2,7,0,2,4,1,1,0.0
202300014599,155 654 704,B01,2,10,0,2,4,1,1,0.0
202300014599,155 654 706,A01,2,7,0,2,1,1,1,0.0
202300014600,155 654 700,A01,1,80,0,0,7,2,3,0.0
202300014601,155 654 699,B01,2,10,0,2,1,15,1,0.0
202300014601,155 654 701,A01,1,33,0,2,1,1,1,0.0
202300014602,155 654 698,A01,1,2,0,2,1,1,1,0.0
202300014602,155 654 703,B01,2,10,0,2,4,15,0,0.0
202300014603,155 654 694,A01,2,7,0,2,1,17,1,0.0
202300014603,155 654 696,B01,2,7,0,2,3,2,1,0.0
202300014604,155 654 691,A01,2,14,0,2,2,1,1,0.0
202300014604,155 654 695,B01,3,7,0,2,3,15,1,0.0
202300014605,155 654 689,A01,2,42,0,2,8,1,1,0.0
202300014605,155 654 692,B01,2,7,0,2,7,1,1,0.0
202300014606,155 654 688,A01,3,7,0,1,1,15,1,0.0
202300014607,155 654 683,A01,1,7,0,2,2,25,1,0.0
202300014607,155 654 685,B01,2,50,0,2,1,25,3,0.0
202300014608,155 654 682,B01,1,14,0,2,7,1,1,0.0
202300014608,155 654 686,A01,3,33,0,2,1,9,1,0.0
202300014609,155 654 678,A01,1,10,0,2,2,12,1,0.0
202300014609,155 654 681,B01,1,33,0,2,3,3,1,0.0
202300014610,155 654 675,D01,1,7,0,2,8,1,1,0.0
202300014610,155 654 679,C01,1,7,0,2,5,1,1,0.0
202300014610,155 654 680,B01,1,7,0,2,4,14,0,0.0
202300014610,155 654 684,A01,1,10,0,2,1,1,1,0.0
202300014611,155 654 673,B01,1,31,0,2,7,3,1,0.0
202300014611,155 654 677,A01,1,7,0,2,3,11,1,0.0
202300014612,155 654 676,A01,2,32,0,1,1,1,1,0.0
202300014613,155 654 667,B01,2,7,0,2,4,2,1,0.0
202300014613,155 654 671,A01,2,17,0,2,1,2,1,0.0
202300014614,155 654 668,A01,2,7,0,2,8,11,1,0.0
202300014614,155 654 672,B01,2,34,0,2,7,3,1,0.0
202300014615,155 654 669,A01,1,7,0,2,1,1,1,0.0
202300014615,155 654 674,B01,1,7,0,2,7,1,1,0.0
202300014616,155 654 666,B01,2,7,0,2,3,1,1,0.0
202300014616,155 654 670,A01,2,33,0,2,8,12,1,0.0
202300014617,155 654 664,A01,1,1,0,2,8,18,5,0.0
202300014617,155 654 665,B01,1,14,0,2,7,1,1,0.0
202300014618,155 654 660,A01,1,7,4,2,1,2,1,0.0
202300014618,155 654 663,B01,1,7,4,2,4,2,1,0.0
202300014619,155 654 658,B01,2,7,0,2,4,1,1,0.0
202300014619,155 654 661,A01,2,31,0,2,1,3,1,0.0
202300014620,155 654 656,A01,1,7,0,2,5,12,2,0.0
202300014620,155 654 659,B01,1,33,0,2,1,3,1,0.0
202300014620,155 654 662,C01,1,14,0,2,8,1,1,0.0
202300014621,155 654 657,A01,1,7,14,0,1,1,1,0.0
202300014622,155 654 653,B01,1,33,4,2,8,1,1,0.0
202300014622,155 654 655,A01,1,7,3,2,7,12,1,0.0
202300014623,155 654 650,A01,1,7,0,2,1,2,1,0.0
202300014623,155 654 654,B01,1,7,0,2,4,2,1,0.0
202300014624,155 654 651,A01,1,7,7,0,1,13,1,0.0
202300014625,155 654 646,A01,1,13,0,2,2,12,1,0.0
202300014625,155 654 647,B01,2,7,0,2,6,1,3,0.0
202300014626,155 654 644,A01,0,7,0,2,1,9,1,0.0
202300014626,155 654 649,B01,0,33,0,0,5,1,1,0.0
202300014627,155 654 640,C01,3,7,0,2,8,23,1,0.0
202300014627,155 654 643,B01,3,33,1,2,1,1,1,0.0
202300014627,155 654 645,A01,3,7,0,2,1,12,1,0.0
202300014628,155 654 637,A01,1,7,0,2,2,12,1,0.0
202300014628,155 654 641,B01,1,33,0,2,3,3,1,0.0
202300014629,155 654 633,A01,3,7,0,2,1,2,1,0.0
202300014629,155 654 636,B01,3,7,0,0,4,2,1,0.0
202300014630,155 654 631,A01,1,33,0,2,1,3,1,0.0
202300014630,155 654 635,B01,1,7,0,2,3,11,1,0.0
202300014630,155 654 638,C01,1,7,0,2,4,1,3,0.0
202300014631,155 654 634,A01,1,2,0,2,1,1,1,0.0
202300014631,155 654 639,B01,1,7,0,2,3,1,1,0.0
202300014631,155 654 642,C01,1,7,0,2,6,24,1,0.0
202300014632,155 654 629,B01,2,2,0,2,4,1,1,0.0
202300014632,155 654 632,A01,2,7,0,2,3,2,1,0.0
202300014633,155 654 625,C01,2,7,0,2,1,2,1,0.0
202300014633,155 654 628,B01,2,7,0,2,6,18,1,0.0
202300014633,155 654 630,A01,2,15,0,2,2,12,1,0.0
202300014634,155 654 627,A01,1,33,13,0,1,2,1,0.0
202300014635,155 654 624,A01,2,7,0,2,8,11,1,0.0
202300014635,155 654 626,B01,2,33,0,2,7,3,1,0.0
202300014636,155 654 623,A01,2,1,0,1,1,1,5,0.0
202300014637,155 654 620,A01,0,7,0,1,3,1,1,0.0
202300014638,155 654 622,A01,2,10,0,1,3,1,1,0.0
202300014639,155 654 619,B01,2,33,0,2,1,18,1,0.0
202300014639,155 654 621,A01,2,7,0,2,2,12,1,0.0
202300014640,155 654 616,B01,1,7,0,2,4,2,1,0.0
202300014640,155 654 618,A01,1,7,0,2,1,2,2,0.0
202300014641,155 654 617,A01,1,33,0,1,2,0,0,0.0
202300014642,155 654 613,B01,1,7,0,2,2,12,1,0.0
202300014642,155 654 615,A01,1,33,0,2,1,3,1,0.0
202300014643,155 654 611,A01,1,7,0,2,5,16,1,0.0
202300014643,155 654 614,B01,1,50,0,2,1,1,3,0.0
202300014644,155 654 609,B01,1,7,0,2,5,1,1,0.0
202300014644,155 654 612,A01,1,33,0,2,3,3,1,0.0
202300014645,155 654 606,B01,1,10,0,2,4,2,1,0.0
202300014645,155 654 608,A01,1,7,0,2,1,1,1,0.0
202300014646,155 654 607,A01,3,7,0,2,7,2,1,0.0
202300014646,155 654 610,B01,3,7,0,2,1,1,1,0.0
202300014647,155 654 604,A01,1,2,0,4,1,15,1,0.0
202300014647,155 654 605,B01,1,40,0,2,2,1,3,0.0
202300014648,155 654 601,B01,2,32,0,2,3,1,1,0.0
202300014648,155 654 602,A01,2,7,0,2,7,12,1,0.0
202300014649,155 654 600,A01,1,7,0,2,3,2,1,0.0
202300014649,155 654 603,B01,1,7,0,2,5,2,1,0.0
202300014650,155 654 599,A01,0,30,0,1,0,0,1,0.0
202300014651,155 654 598,A01,1,7,9,0,3,1,1,0.0
202300014652,155 654 597,A01,2,7,4,0,3,1,1,0.0
202300014653,155 654 594,A01,2,7,0,2,1,2,1,0.0
202300014653,155 654 596,B01,2,14,0,2,4,2,1,0.0
202300014654,155 654 593,Z01,1,50,0,1,1,2,3,0.0
202300014655,155 654 592,A01,1,7,0,2,1,19,2,0.0
202300014655,155 654 595,B01,2,50,0,2,7,5,3,0.0
202300014656,155 654 589,A01,2,7,0,2,3,11,1,0.0
202300014656,155 654 590,B01,2,33,0,2,2,3,1,0.0
202300014657,155 654 588,B01,2,7,0,2,8,1,1,0.0
202300014657,155 654 591,A01,2,14,0,2,3,21,1,0.0
202300014658,155 654 585,A01,3,33,0,2,3,19,1,0.0
202300014658,155 654 587,B01,3,1,0,2,0,19,5,0.0
202300014659,155 654 581,B01,1,7,4,2,8,11,1,0.0
202300014659,155 654 584,A01,1,33,4,2,1,3,1,0.0
202300014660,155 654 583,A01,3,7,0,2,4,1,0,0.0
202300014660,155 654 586,B01,0,7,0,2,1,1,0,0.0
202300014661,155 654 579,A01,2,33,14,0,0,1,1,0.0
202300014662,155 654 578,B01,1,7,0,2,4,1,1,0.0
202300014662,155 654 580,A01,1,15,0,2,1,1,1,0.0
202300014662,155 654 582,C01,1,10,0,2,4,1,1,0.0
202300014663,155 654 577,A01,2,7,4,0,3,21,1,0.0
202300014664,155 654 576,A01,0,7,14,0,0,0,0,0.0
202300014665,155 654 574,A01,1,50,0,0,1,1,3,0.0
202300014666,155 654 573,A01,2,7,0,2,2,12,1,0.0
202300014666,155 654 575,B01,2,33,0,2,1,1,1,0.0
202300014667,155 654 571,B01,2,33,0,2,1,3,1,0.0
202300014667,155 654 572,A01,2,7,0,2,3,11,1,0.0
202300014668,155 654 569,Z01,2,7,0,1,1,16,1,0.0
202300014669,155 654 570,A01,1,2,0,1,1,1,1,0.0
202300014670,155 654 566,A01,3,1,0,1,1,1,5,0.0
202300014671,155 654 567,A01,1,7,0,2,1,5,1,0.0
202300014671,155 654 568,B01,2,37,0,2,3,5,1,6.0
202300014672,155 654 564,A01,1,7,0,2,3,1,1,0.0
202300014672,155 654 565,B01,1,7,0,2,5,1,1,0.0
202300014673,155 654 562,A01,1,7,1,0,1,1,1,0.0
202300014674,155 654 561,B01,3,50,0,2,1,1,3,0.0
202300014674,155 654 563,A01,3,7,0,2,2,16,1,0.0
202300014675,155 654 558,A01,3,10,0,1,4,4,1,0.0
202300014676,155 654 555,A01,2,3,1,0,3,20,1,0.0
202300014676,155 654 557,B01,2,30,1,2,2,1,1,0.0
202300014677,155 654 556,A01,3,2,0,2,1,1,1,0.0
202300014677,155 654 560,B01,3,7,0,2,5,15,1,0.0
202300014678,155 654 549,A01,1,7,0,0,0,20,0,0.0
202300014678,155 654 551,B01,0,1,0,2,1,26,5,0.0
202300014679,155 654 548,A01,2,7,0,2,3,3,1,0.0
202300014679,155 654 553,C01,1,10,0,2,8,2,1,0.0
202300014679,155 654 554,B01,1,7,0,2,5,2,1,0.0
202300014680,155 654 547,B01,3,2,0,2,3,9,1,0.0
202300014680,155 654 550,A01,3,2,0,0,1,9,6,0.0
202300014681,155 654 552,A01,2,10,0,2,1,1,1,0.0
202300014681,155 654 559,B01,2,7,0,2,4,1,1,0.0
202300014682,155 654 544,A01,0,33,0,2,1,1,1,0.0
202300014682,155 654 546,B01,0,7,0,2,3,13,1,0.0
202300014683,155 654 545,A01,1,33,0,1,3,1,1,0.0
202300014684,155 654 541,A01,1,30,0,2,8,2,3,0.0
202300014684,155 654 543,B01,1,13,0,2,7,2,1,0.0
202300014685,155 654 542,A01,1,7,14,0,1,1,1,0.0
202300014686,155 654 540,A01,2,7,0,1,3,15,1,0.0
202300014687,155 654 536,B01,1,7,0,9,6,15,1,0.0
202300014687,155 654 538,A01,1,60,0,2,1,1,5,0.0
202300014688,155 654 535,A01,2,7,0,2,3,1,1,0.0
202300014688,155 654 537,B01,1,37,0,2,3,15,1,1.0
202300014689,155 654 533,A01,2,33,0,2,1,3,1,0.0
202300014689,155 654 539,B01,2,10,0,2,5,12,1,0.0
202300014690,155 654 531,A01,2,7,0,2,1,1,1,0.0
202300014690,155 654 534,B01,2,7,0,0,4,15,1,0.0
202300014691,155 654 530,A01,2,2,0,2,8,18,1,0.0
202300014691,155 654 532,B01,1,7,0,2,3,15,1,0.0
202300014692,155 654 528,A01,2,32,6,0,1,1,6,0.0
202300014693,155 654 527,A01,1,43,0,0,8,1,1,0.0
202300014694,155 654 526,A01,1,99,0,2,1,0,0,0.0
202300014694,155 654 529,B01,1,99,0,2,0,0,0,0.0
202300014695,155 654 525,A01,1,7,1,0,0,1,1,0.0
202300014696,155 654 524,A01,3,7,13,0,9,1,1,0.0
202300014697,155 654 522,A01,1,7,0,2,6,9,1,0.0
202300014697,155 654 523,B01,1,33,0,2,1,2,1,0.0
202300014698,155 654 521,A01,1,30,0,1,1,9,1,0.0
202300014699,155 654 520,A01,1,7,2,0,9,12,1,0.0
202300014700,155 654 517,A01,3,7,0,2,6,15,1,0.0
202300014700,155 654 519,B01,3,80,0,2,1,2,3,0.0
202300014701,155 654 516,A01,1,33,0,2,0,26,1,0.0
202300014702,155 654 515,B01,3,7,0,1,2,15,1,0.0
202300014703,155 654 513,B01,1,7,0,2,6,1,1,0.0
202300014703,155 654 514,C01,1,7,0,2,1,1,2,0.0
202300014703,155 654 518,A01,2,7,0,2,1,1,1,0.0
202300014704,155 654 511,A01,1,34,0,1,1,7,1,0.0
202300014705,155 654 507,B01,3,33,1,2,1,16,1,0.0
202300014705,155 654 510,A01,3,10,0,2,1,13,1,0.0
202300014706,155 654 506,B01,1,7,0,2,1,9,1,0.0
202300014706,155 654 509,A01,2,7,0,2,3,9,1,0.0
202300014707,155 654 503,A01,1,30,0,2,7,17,1,0.0
202300014707,155 654 505,B01,1,7,0,2,8,1,1,0.0
202300014708,155 654 500,B01,1,1,0,2,1,13,5,0.0
202300014708,155 654 504,A01,1,10,0,2,2,2,1,0.0
202300014709,155 654 501,B01,1,7,0,0,1,1,1,0.0
202300014709,155 654 508,C01,2,7,0,0,1,1,1,0.0
202300014709,155 654 512,A01,2,7,0,0,1,13,1,0.0
202300014710,155 654 499,A01,3,30,0,0,0,0,1,0.0
202300014711,155 654 498,A01,2,7,0,2,1,2,1,0.0
202300014711,155 654 502,B01,2,10,0,2,4,2,1,0.0
202300014712,155 654 497,A01,2,7,0,0,1,14,1,0.0
202300014713,155 654 491,A01,1,3,0,2,1,2,1,0.0
202300014713,155 654 494,B01,1,7,0,2,4,2,1,0.0
202300014714,155 654 490,B01,2,31,0,2,1,15,1,0.0
202300014714,155 654 495,A01,2,7,0,2,3,15,1,0.0
202300014715,155 654 492,A01,2,7,0,1,3,1,1,0.0
202300014716,155 654 489,C01,2,7,0,0,1,1,1,0.0
202300014716,155 654 493,A01,1,7,0,0,1,5,1,0.0
202300014716,155 654 496,B01,2,7,0,0,3,1,1,0.0
202300014717,155 654 488,A01,1,32,14,0,1,26,1,0.0
202300014718,155 654 483,A01,1,7,0,1,2,17,1,0.0
202300014719,155 654 485,A01,1,7,0,2,2,17,1,0.0
202300014719,155 654 487,B01,1,80,0,2,8,13,3,0.0
202300014720,155 654 481,B01,3,7,0,2,5,19,1,0.0
202300014720,155 654 486,A01,3,10,0,2,2,1,1,0.0
202300014721,155 654 482,B01,1,7,0,1,3,1,1,0.0
202300014722,155 654 480,A01,1,7,0,2,2,2,0,0.0
202300014722,155 654 484,B01,1,1,0,0,1,2,5,0.0
202300014723,155 654 475,A01,2,1,0,2,2,1,5,0.0
202300014723,155 654 477,B01,1,7,0,2,2,15,1,0.0
202300014724,155 654 476,A01,3,34,0,1,2,3,1,0.0
202300014725,155 654 474,A01,1,7,17,0,1,1,1,0.0
202300014726,155 654 467,A01,3,2,15,0,1,5,1,0.0
202300014727,155 654 471,A01,2,7,0,0,6,15,0,0.0
202300014727,155 654 473,B01,2,7,0,0,1,17,0,0.0
202300014728,155 654 464,A01,3,7,0,1,1,1,1,0.0
202300014729,155 654 465,A01,2,7,4,2,1,11,1,0.0
202300014729,155 654 469,B01,2,7,4,2,2,0,2,0.0
202300014730,155 654 463,A01,1,33,13,0,0,16,1,0.0
202300014731,155 654 462,A01,2,1,0,0,0,1,5,0.0
202300014732,155 654 457,A01,1,7,0,2,1,13,1,0.0
202300014732,155 654 460,B01,1,7,0,2,6,1,1,0.0
202300014733,155 654 458,Z01,2,7,0,2,1,15,0,0.0
202300014733,155 654 461,A01,1,32,0,2,1,1,3,0.0
202300014734,155 654 455,A01,1,7,0,2,3,13,1,0.0
202300014734,155 654 459,B01,2,2,0,2,1,1,1,0.0
202300014735,155 654 454,A01,3,2,14,0,1,1,1,0.0
202300014736,155 654 452,A01,2,7,0,2,2,2,1,0.0
202300014736,155 654 453,B01,2,7,0,2,9,2,1,0.0
202300014736,155 654 456,C01,2,7,0,2,5,2,1,0.0
202300014737,155 654 448,A01,3,7,0,9,3,15,1,0.0
202300014737,155 654 450,B01,3,80,0,2,1,1,3,0.0
202300014738,155 654 442,B01,2,33,0,0,0,0,1,0.0
202300014738,155 654 447,A01,2,7,0,2,3,10,1,0.0
202300014739,155 654 443,A01,1,7,0,2,3,21,1,0.0
202300014739,155 654 445,B01,2,99,0,0,8,1,1,0.0
202300014740,155 654 441,A01,2,7,0,2,1,5,0,0.0
202300014740,155 654 444,B01,2,7,0,2,1,2,0,0.0
202300014741,155 654 438,A01,1,7,0,0,1,2,1,0.0
202300014741,155 654 440,B01,1,7,0,0,4,2,1,0.0
202300014742,155 654 439,A01,0,7,0,0,1,0,1,0.0
202300014743,155 654 435,A01,0,1,0,2,1,1,5,0.0
202300014743,155 654 437,B01,0,7,0,2,8,1,1,0.0
202300014744,155 654 436,A01,2,7,6,0,1,17,1,0.0
202300014745,155 654 429,B01,1,10,0,2,1,1,1,0.0
202300014745,155 654 433,A01,1,7,0,2,4,15,1,0.0
202300014746,155 654 428,B01,2,7,0,2,1,5,1,0.0
202300014746,155 654 432,A01,1,7,0,2,3,1,1,0.0
202300014747,155 654 430,A01,3,7,0,2,1,21,1,0.0
202300014747,155 654 434,B01,3,7,0,2,1,1,1,0.0
202300014748,155 654 426,B01,1,50,0,2,7,15,3,0.0
202300014748,155 654 431,A01,1,37,0,2,1,1,1,1.0
202300014749,155 654 424,A01,2,31,0,2,1,1,1,0.0
202300014749,155 654 427,B01,3,80,0,2,6,15,3,0.0
202300014750,155 654 423,A01,1,7,0,2,1,1,1,0.0
202300014750,155 654 425,B01,1,17,0,2,4,1,1,0.0
202300014751,155 654 420,A01,1,34,12,0,1,14,1,0.0
202300014752,155 654 419,A01,1,7,0,2,2,15,2,0.0
202300014752,155 654 421,B01,1,2,0,2,1,3,1,0.0
202300014753,155 654 418,B01,2,7,0,9,1,16,0,0.0
202300014753,155 654 422,A01,2,50,0,2,7,19,3,0.0
202300014754,155 654 411,A01,2,2,0,2,1,13,1,0.0
202300014754,155 654 414,B01,1,37,0,2,1,1,1,1.0
202300014755,155 654 412,A01,2,7,0,2,2,17,1,0.0
202300014755,155 654 415,B01,2,7,0,2,6,2,1,0.0
202300014756,155 654 410,A01,3,7,0,2,1,1,1,0.0
202300014756,155 654 416,B01,3,80,0,2,0,19,3,0.0
202300014757,155 654 409,A01,3,7,0,2,8,1,0,0.0
202300014757,155 654 417,B01,1,10,0,2,2,1,0,0.0
202300014758,155 654 408,A01,3,7,0,2,7,10,1,0.0
202300014758,155 654 413,B01,3,7,0,2,1,1,1,0.0
202300014759,155 654 406,A01,2,7,3,0,1,16,1,0.0
202300014760,155 654 404,A01,1,15,3,2,1,6,1,0.0
202300014760,155 654 407,B01,2,15,0,2,1,1,1,0.0
202300014761,155 654 405,A01,1,7,13,0,2,14,1,0.0
202300014762,155 654 403,A01,2,7,2,0,1,14,1,0.0
202300014763,155 654 401,B01,2,50,0,2,1,1,0,0.0
202300014763,155 654 402,A01,2,7,0,9,5,16,0,0.0
202300014764,155 654 399,A01,2,10,4,0,3,13,1,0.0
202300014765,155 654 398,A01,2,33,12,0,0,1,1,0.0
202300014766,155 654 397,A01,2,34,0,2,7,3,1,0.0
202300014766,155 654 400,B01,2,7,0,2,3,15,1,0.0
202300014767,155 654 396,A01,3,7,13,0,0,0,0,0.0
202300014768,155 654 394,A01,0,7,15,0,1,14,1,0.0
202300014769,155 654 388,B01,2,7,0,2,1,2,1,0.0
202300014769,155 654 393,A01,2,7,0,0,4,26,1,0.0
202300014770,155 654 390,A01,1,7,1,0,2,14,1,0.0
202300014770,155 654 395,B01,1,7,0,2,6,0,1,0.0
202300014771,155 654 389,A01,1,7,0,0,0,0,1,0.0
202300014772,155 654 391,A01,1,7,0,2,3,9,1,0.0
202300014772,155 654 392,B01,2,33,0,2,1,1,1,0.0
202300014773,155 654 386,B01,3,1,0,2,4,1,5,0.0
202300014773,155 654 387,A01,3,7,0,2,4,15,1,0.0
202300014774,155 654 385,A01,2,50,1,0,0,1,3,0.0