num_acc,id_vehicule,num_veh,senc,catv,obs,obsm,choc,manv,motor,occutc
202300014775,155 654 381,A01,1,32,0,1,3,17,1,0.0
202300014776,155 654 382,A01,3,7,0,1,3,1,1,0.0
202300014777,155 654 380,B01,1,7,0,2,1,1,1,0.0
202300014777,155 654 383,A01,2,7,0,2,1,1,1,0.0
202300014778,155 654 378,A01,1,31,0,1,1,16,1,0.0
202300014779,155 654 376,A01,1,15,3,0,1,0,1,0.0
202300014780,155 654 375,A01,1,32,0,2,1,1,1,0.0
202300014780,155 654 377,B01,1,7,0,2,6,23,1,0.0
202300014781,155 654 368,A01,1,7,0,1,1,1,1,0.0
202300014782,155 654 370,B01,3,1,0,0,1,2,5,0.0
202300014782,155 654 374,A01,3,7,0,2,4,4,1,0.0
202300014783,155 654 366,D01,2,7,0,2,4,2,1,0.0
202300014783,155 654 369,E01,2,7,0,2,4,2,2,0.0
202300014783,155 654 373,A01,2,7,0,2,1,2,0,0.0
202300014783,155 654 379,B01,2,7,0,2,9,2,1,0.0
202300014783,155 654 384,C01,2,7,0,2,4,2,0,0.0
202300014784,155 654 365,A01,1,2,0,2,3,1,1,0.0
202300014784,155 654 371,B01,0,10,0,2,2,9,1,0.0
202300014785,155 654 367,B01,1,10,0,1,1,23,1,0.0
202300014785,155 654 372,A01,1,7,0,2,1,2,1,0.0
202300014786,155 654 363,A01,2,7,0,2,5,15,1,0.0
202300014786,155 654 364,B01,1,33,0,2,1,1,1,0.0
202300014787,155 654 362,A01,2,33,4,0,8,1,1,0.0
202300014788,155 654 360,A01,1,7,13,0,1,1,0,0.0
202300014789,155 654 359,A01,3,7,0,2,1,15,1,0.0
202300014789,155 654 361,B01,3,33,0,2,1,17,1,0.0
202300014790,155 654 358,A01,0,7,0,1,3,1,1,0.0
202300014791,155 654 357,A01,1,7,6,0,1,0,1,0.0
202300014792,155 654 347,B01,1,1,0,2,1,1,5,0.0
202300014792,155 654 351,A01,1,10,0,2,2,1,1,0.0
202300014793,155 654 346,B01,0,1,0,2,1,16,5,0.0
202300014793,155 654 353,A01,0,7,0,2,2,15,1,0.0
202300014794,155 654 344,A01,1,7,0,2,4,1,1,0.0
202300014794,155 654 349,B01,1,7,0,2,4,0,1,0.0
202300014794,155 654 355,D01,1,7,0,2,1,0,0,0.0
202300014794,155 654 356,C01,1,7,0,2,1,1,1,0.0
202300014795,155 654 343,A01,1,7,0,2,9,13,1,0.0
202300014795,155 654 350,B01,1,7,0,2,1,18,1,0.0
202300014795,155 654 354,C01,2,7,0,2,1,1,1,0.0
202300014796,155 654 342,C01,2,7,0,2,4,2,1,0.0
202300014796,155 654 345,B01,2,7,0,2,4,2,1,0.0
202300014796,155 654 348,D01,2,7,0,2,4,2,1,0.0
202300014796,155 654 352,A01,1,7,0,2,1,2,1,0.0
202300014797,155 654 341,A01,1,7,8,0,1,0,0,0.0
202300014798,155 654 340,A01,2,33,0,1,1,1,1,0.0
202300014799,155 654 339,A01,1,10,3,0,0,26,1,0.0
202300014800,155 654 337,A01,1,7,9,2,1,1,1,0.0
202300014800,155 654 338,B01,2,7,0,2,2,15,1,0.0
202300014801,155 654 336,A01,1,14,0,1,1,1,1,0.0
202300014802,155 654 335,A01,2,10,0,1,1,1,1,0.0
202300014803,155 654 334,A01,1,7,8,0,1,1,1,0.0
202300014804,155 654 330,A01,1,7,0,2,2,15,1,0.0
202300014804,155 654 332,B01,2,1,0,2,1,1,5,0.0
202300014805,155 654 327,A01,3,7,0,2,3,15,1,0.0
202300014805,155 654 333,B01,3,7,0,2,2,1,1,0.0
202300014806,155 654 328,A01,2,7,0,2,1,2,1,0.0
202300014806,155 654 331,B01,2,7,0,2,4,2,1,0.0
202300014807,155 654 322,A01,1,33,0,0,8,1,1,0.0
202300014808,155 654 320,A01,0,7,14,2,4,23,1,0.0
202300014808,155 654 324,B01,3,7,14,2,1,2,1,0.0
202300014809,155 654 323,B01,2,7,13,2,3,1,1,0.0
202300014809,155 654 325,A01,1,7,13,2,3,13,1,0.0
202300014810,155 654 321,A01,3,7,0,0,7,1,1,0.0
202300014811,155 654 314,B01,1,7,0,2,2,1,1,0.0
202300014811,155 654 318,A01,1,7,0,2,3,9,1,0.0
202300014812,155 654 313,A01,1,15,0,2,1,1,1,0.0
202300014812,155 654 319,B01,1,10,0,2,4,1,1,0.0
202300014813,155 654 315,A01,2,2,11,0,1,17,1,0.0
202300014814,155 654 312,Z01,1,7,0,2,0,1,0,0.0
202300014814,155 654 317,A01,1,33,0,2,8,1,1,0.0
202300014815,155 654 311,A01,3,7,0,2,8,1,1,0.0
202300014815,155 654 316,B01,3,7,0,2,1,1,1,0.0
202300014816,155 654 307,A01,1,7,13,0,9,1,1,0.0
202300014817,155 654 306,B01,1,7,0,2,2,1,1,0.0
202300014817,155 654 310,A01,1,32,0,2,6,1,1,0.0
202300014818,155 654 305,B01,2,2,0,2,2,1,1,0.0
202300014818,155 654 308,A01,2,7,0,2,3,10,1,0.0
202300014819,155 654 304,B01,3,7,0,2,4,1,1,0.0
202300014819,155 654 309,A01,3,7,0,2,1,1,1,0.0
202300014820,155 654 301,A01,0,34,0,0,7,1,1,0.0
202300014821,155 654 296,A01,1,7,0,1,1,15,1,0.0
202300014822,155 654 298,A01,3,7,8,0,2,0,1,0.0
202300014823,155 654 295,C01,1,7,0,2,1,1,1,0.0
202300014823,155 654 297,A01,1,7,0,2,4,1,1,0.0
202300014823,155 654 300,B01,1,7,0,2,9,1,1,0.0
202300014824,155 654 294,A01,3,7,0,1,3,1,1,0.0
202300014825,155 654 293,A01,1,7,0,2,1,1,1,0.0
202300014826,155 654 291,A01,0,2,0,1,1,1,1,0.0
202300014827,155 654 287,A01,1,7,0,2,1,2,1,0.0
202300014827,155 654 292,B01,1,7,0,2,4,2,1,0.0
202300014827,155 654 299,C01,1,7,0,2,4,2,1,0.0
202300014827,155 654 302,D01,1,7,0,2,4,2,1,0.0
202300014827,155 654 303,E01,1,7,0,0,4,2,1,0.0
202300014828,155 654 284,A01,1,7,0,1,2,15,1,0.0
202300014829,155 654 283,B01,3,31,0,2,7,1,1,0.0
202300014829,155 654 289,A01,0,7,0,2,1,1,0,0.0
202300014830,155 654 282,A01,3,50,0,2,1,5,3,0.0
202300014830,155 654 286,B01,0,7,0,2,1,1,1,0.0
202300014831,155 654 281,A01,1,50,0,0,0,1,3,0.0
202300014832,155 654 280,A01,2,7,13,0,2,0,1,0.0
202300014833,155 654 277,A01,1,10,0,1,1,1,1,0.0
202300014834,155 654 276,A01,2,7,0,2,7,17,1,0.0
202300014834,155 654 279,B01,2,30,0,2,8,1,1,0.0
202300014835,155 654 275,A01,3,1,0,2,1,26,5,0.0
202300014835,155 654 278,B01,2,33,0,2,0,1,1,0.0
202300014836,155 654 273,A01,2,7,3,0,9,1,1,0.0
202300014837,155 654 268,A01,1,7,0,2,1,2,1,0.0
202300014837,155 654 270,B01,1,7,0,2,6,1,1,0.0
202300014838,155 654 266,A01,3,7,8,2,1,6,1,0.0
202300014838,155 654 271,C01,3,10,15,2,0,0,1,0.0
202300014838,155 654 274,B01,3,7,0,2,8,1,1,0.0
202300014839,155 654 264,A01,2,7,0,2,3,13,1,0.0
202300014839,155 654 267,B01,1,17,0,2,1,1,1,0.0
202300014840,155 654 263,A01,1,7,3,0,1,1,1,0.0
202300014841,155 654 260,A01,2,10,0,2,3,13,1,0.0
202300014841,155 654 265,B01,1,10,0,2,3,1,1,0.0
202300014842,155 654 259,A01,2,7,0,2,3,15,3,0.0
202300014842,155 654 262,B01,1,50,0,2,1,1,3,0.0
202300014843,155 654 257,B01,2,50,0,0,1,1,3,0.0
202300014843,155 654 261,A01,1,7,0,9,2,15,1,0.0
202300014844,155 654 258,A01,1,30,0,0,7,16,1,0.0
202300014845,155 654 256,A01,2,7,0,1,1,1,1,0.0
202300014846,155 654 253,A01,2,7,0,0,2,1,0,0.0
202300014847,155 654 254,A01,2,7,0,1,1,1,1,0.0
202300014848,155 654 251,A01,1,7,10,0,3,13,1,0.0
202300014849,155 654 250,B01,1,10,0,2,1,1,1,0.0
202300014849,155 654 255,A01,1,7,0,2,3,15,1,0.0
202300014850,155 654 249,A01,1,7,0,2,3,1,1,0.0
202300014850,155 654 252,B01,2,7,0,2,3,13,0,0.0
202300014851,155 654 247,A01,1,7,0,1,3,1,1,0.0
202300014852,155 654 246,A01,3,1,0,2,4,15,5,0.0
202300014852,155 654 248,B01,3,33,0,2,7,1,1,0.0
202300014853,155 654 244,A01,1,7,8,0,1,14,1,0.0
202300014854,155 654 245,A01,2,10,0,1,1,19,1,0.0
202300014855,155 654 242,A01,2,7,0,0,5,1,1,0.0
202300014855,155 654 243,B01,2,7,0,0,6,2,1,0.0
202300014856,155 654 238,A01,3,7,0,2,1,9,0,0.0
202300014856,155 654 241,B01,3,2,0,2,1,1,0,0.0
202300014857,155 654 239,A01,-1,1,0,0,0,-1,5,0.0
202300014858,155 654 237,A01,2,7,0,2,2,1,1,0.0
202300014858,155 654 240,B01,1,7,0,2,2,1,1,0.0
202300014859,155 654 234,A01,2,7,0,2,8,13,1,0.0
202300014859,155 654 236,B01,2,33,0,2,1,1,1,0.0
202300014860,155 654 231,A01,1,7,4,2,1,2,1,0.0
202300014860,155 654 235,B01,1,10,0,2,4,1,1,0.0
202300014861,155 654 233,A01,3,2,0,1,1,1,0,0.0
202300014862,155 654 229,B01,2,10,0,2,4,2,0,0.0
202300014862,155 654 232,A01,2,17,0,2,1,2,1,0.0
202300014863,155 654 228,B01,2,7,0,2,6,1,1,0.0
202300014863,155 654 230,A01,1,7,2,2,3,1,1,0.0
202300014864,155 654 224,A01,1,7,0,2,1,16,1,0.0
202300014864,155 654 227,B01,1,33,0,2,1,2,1,0.0
202300014865,155 654 221,A01,2,7,0,1,2,1,1,0.0
202300014866,155 654 220,A01,1,7,0,2,1,13,1,0.0
202300014866,155 654 225,B01,2,7,0,2,1,2,1,0.0
202300014867,155 654 223,A01,1,33,0,2,2,17,1,0.0
202300014867,155 654 226,B01,1,7,0,2,6,11,1,0.0
202300014868,155 654 219,A01,2,7,0,1,2,1,1,0.0
202300014869,155 654 215,B01,3,50,0,0,6,2,3,0.0
202300014869,155 654 218,A01,3,7,0,9,3,2,1,0.0
202300014870,155 654 210,A01,1,33,0,2,1,17,1,0.0
202300014870,155 654 212,B01,2,10,16,0,3,15,1,0.0
202300014871,155 654 211,A01,1,50,0,2,1,1,3,0.0
202300014871,155 654 216,B01,1,7,0,2,6,1,1,0.0
202300014872,155 654 214,A01,0,31,0,0,0,1,1,0.0
202300014873,155 654 207,A01,1,7,0,2,1,1,1,0.0
202300014873,155 654 209,B01,1,7,0,2,4,1,1,0.0
202300014874,155 654 213,A01,1,33,0,2,1,1,0,0.0
202300014874,155 654 217,B01,1,7,0,2,4,1,1,0.0
202300014875,155 654 206,A01,1,33,15,0,1,26,1,0.0
202300014876,155 654 203,A01,1,10,0,2,1,1,1,0.0
202300014876,155 654 208,B01,1,7,0,2,5,1,1,0.0
202300014877,155 654 200,A01,2,7,0,2,2,13,1,0.0
202300014877,155 654 201,B01,1,7,0,2,1,1,1,0.0
202300014878,155 654 194,A01,1,7,0,1,2,1,1,0.0
202300014879,155 654 193,B01,1,50,0,2,1,0,3,0.0
202300014879,155 654 196,A01,1,7,0,2,7,9,0,0.0
202300014880,155 654 195,A01,3,7,0,1,3,1,0,0.0
202300014881,155 654 189,A01,2,7,0,2,8,9,1,0.0
202300014881,155 654 192,B01,2,2,0,2,1,1,1,0.0
202300014882,155 654 188,A01,2,7,0,2,2,13,1,0.0
202300014882,155 654 191,B01,1,7,0,2,3,1,1,0.0
202300014882,155 654 198,C01,1,7,0,2,6,23,2,0.0
202300014883,155 654 187,A01,2,33,0,2,1,17,1,0.0
202300014883,155 654 190,B01,2,7,0,2,8,15,1,0.0
202300014884,155 654 183,A01,1,30,0,2,6,2,1,0.0
202300014884,155 654 185,B01,1,7,0,2,8,0,1,0.0
202300014884,155 654 186,C01,1,7,0,2,6,0,1,0.0
202300014885,155 654 184,A01,1,7,14,0,1,0,1,0.0
202300014886,155 654 182,A01,1,7,13,0,8,13,1,0.0
202300014887,155 654 178,A01,0,7,0,2,3,2,1,0.0
202300014887,155 654 181,B01,0,1,0,2,0,9,5,0.0
202300014888,155 654 177,B01,3,1,0,2,1,1,5,0.0
202300014888,155 654 180,A01,3,10,0,2,8,15,1,0.0
202300014889,155 654 176,A01,2,7,0,0,2,1,1,0.0
202300014890,155 654 175,A01,2,7,0,2,1,0,1,0.0
202300014890,155 654 179,B01,1,1,0,2,0,0,5,0.0
202300014891,155 654 172,A01,3,10,6,2,1,9,1,0.0
202300014891,155 654 174,B01,3,7,0,2,3,9,1,0.0
202300014892,155 654 170,A01,1,7,0,2,1,13,0,0.0
202300014892,155 654 173,B01,2,43,0,2,1,1,1,0.0
202300014893,155 654 169,A01,1,7,0,2,1,1,3,0.0
202300014893,155 654 171,B01,1,33,0,2,4,1,1,0.0
202300014894,155 654 168,A01,1,7,0,1,1,15,1,0.0
202300014895,155 654 165,B01,3,7,0,2,1,1,0,0.0
202300014895,155 654 166,A01,3,10,0,2,5,9,0,0.0
202300014896,155 654 164,A01,0,7,0,2,2,1,1,0.0
202300014896,155 654 167,B01,3,1,0,2,1,1,5,0.0
202300014897,155 654 162,A01,1,31,0,1,1,25,1,0.0
202300014898,155 654 161,A01,2,7,0,1,2,1,1,0.0
202300014899,155 654 159,A01,1,2,0,0,0,1,1,0.0
202300014900,155 654 157,A01,3,7,0,1,2,1,1,0.0
202300014901,155 654 156,A01,3,7,0,2,1,9,1,0.0
202300014901,155 654 158,B01,3,7,0,2,7,9,1,0.0
202300014902,155 654 160,A01,1,7,0,2,1,2,1,0.0
202300014902,155 654 163,B01,1,7,0,2,4,2,1,0.0
202300014903,155 654 155,A01,3,30,0,0,1,1,1,0.0
202300014904,155 654 154,A01,2,7,0,1,1,15,1,0.0
202300014905,155 654 152,Z01,1,7,0,1,1,1,1,0.0
202300014906,155 654 151,A01,0,30,0,0,0,1,1,0.0
202300014907,155 654 150,A01,1,7,0,2,1,1,1,0.0
202300014907,155 654 153,B01,1,7,0,2,4,9,1,0.0
202300014908,155 654 147,B01,1,32,0,2,1,1,1,0.0
202300014908,155 654 149,A01,1,7,0,2,8,10,1,0.0
202300014909,155 654 146,A01,2,7,0,0,3,1,1,0.0
202300014910,155 654 145,B01,2,1,0,2,4,1,5,0.0
202300014910,155 654 148,A01,2,33,0,2,1,21,1,0.0
202300014911,155 654 141,A01,2,7,0,2,3,1,1,0.0
202300014911,155 654 144,B01,2,7,0,0,4,1,1,0.0
202300014912,155 654 139,B01,3,7,0,2,5,24,1,0.0
202300014912,155 654 142,A01,3,2,1,2,1,1,1,0.0
202300014912,155 654 143,C01,3,10,0,2,8,4,1,0.0
202300014913,155 654 137,B01,3,33,0,2,8,1,1,0.0
202300014913,155 654 140,A01,3,7,0,2,1,15,1,0.0
202300014914,155 654 136,B01,2,2,0,2,1,1,1,0.0
202300014914,155 654 138,A01,1,7,0,2,7,15,1,0.0
202300014915,155 654 134,A01,1,7,0,1,1,9,1,0.0
202300014916,155 654 132,A01,2,7,0,2,4,2,1,0.0
202300014916,155 654 135,B01,2,33,0,2,1,2,1,0.0
202300014917,155 654 129,A01,3,7,0,2,3,10,1,0.0
202300014917,155 654 131,B01,3,33,0,2,1,21,1,0.0
202300014918,155 654 127,B01,1,33,15,2,1,1,1,0.0
202300014918,155 654 130,A01,1,7,0,2,6,15,3,0.0
202300014918,155 654 133,C01,2,7,0,2,3,1,1,0.0
202300014919,155 654 126,B01,1,31,0,2,1,17,1,0.0
202300014919,155 654 128,A01,1,3,0,2,8,15,1,0.0
202300014920,155 654 124,A01,0,7,3,0,2,1,3,0.0
202300014921,155 654 123,A01,1,2,0,0,0,26,1,0.0
202300014922,155 654 125,A01,1,7,0,1,2,1,1,0.0
202300014923,155 654 117,B01,2,33,0,2,8,1,1,0.0
202300014923,155 654 121,A01,2,7,0,2,2,14,1,0.0
202300014924,155 654 118,B01,3,33,0,2,8,1,1,0.0
202300014924,155 654 120,A01,3,10,0,2,1,15,1,0.0
202300014925,155 654 115,A01,3,10,0,2,1,1,1,0.0
202300014925,155 654 116,B01,0,10,15,2,4,1,1,0.0
202300014926,155 654 114,A01,1,7,11,0,9,1,1,0.0
202300014927,155 654 119,A01,2,7,0,2,4,20,0,0.0
202300014927,155 654 122,B01,2,1,0,2,7,1,5,0.0
202300014928,155 654 113,A01,0,7,6,0,1,0,1,0.0
202300014929,155 654 110,A01,2,7,0,2,1,26,1,0.0
202300014929,155 654 112,Z01,3,2,0,2,1,1,1,0.0
202300014930,155 654 105,A01,1,33,0,2,0,1,1,0.0
202300014930,155 654 107,Z01,3,30,0,2,0,0,0,0.0
202300014931,155 654 106,A01,1,7,9,0,1,6,1,0.0
202300014932,155 654 103,A01,3,60,0,1,0,0,5,0.0
202300014933,155 654 104,A01,3,33,0,0,3,2,1,0.0
202300014933,155 654 108,B01,3,7,0,2,3,13,1,0.0
202300014934,155 654 101,A01,2,30,0,2,1,1,1,0.0
202300014934,155 654 102,B01,1,7,0,2,5,1,1,0.0
202300014935,155 654 100,A01,1,50,0,1,0,7,3,0.0
202300014936,155 654 096,A01,1,33,0,0,5,9,1,0.0
202300014936,155 654 099,B01,1,7,0,0,3,1,3,0.0
202300014937,155 654 094,A01,2,7,0,2,1,1,1,0.0
202300014937,155 654 095,B01,2,7,0,1,1,23,1,0.0
202300014938,155 654 093,B01,1,7,0,2,4,1,1,0.0
202300014938,155 654 097,A01,1,7,0,2,1,1,1,0.0
202300014938,155 654 098,C01,1,7,0,2,4,1,1,0.0
202300014939,155 654 091,A01,2,7,0,2,3,13,1,0.0
202300014939,155 654 092,B01,1,7,0,2,1,26,1,0.0
202300014940,155 654 090,A01,3,7,0,1,7,1,1,0.0
202300014941,155 654 085,B01,3,1,0,2,7,19,5,0.0
202300014941,155 654 086,A01,1,10,0,2,2,1,1,0.0
202300014942,155 654 084,A01,2,7,0,2,3,9,1,0.0
202300014942,155 654 088,B01,1,7,0,2,2,1,1,0.0
202300014943,155 654 087,A01,2,7,0,2,1,2,1,0.0
202300014943,155 654 089,B01,2,7,0,0,4,1,1,0.0
202300014944,155 654 082,A01,3,0,12,0,0,26,0,0.0
202300014945,155 654 083,A01,3,7,6,0,1,16,1,0.0
202300014946,155 654 078,B01,3,7,0,0,0,0,1,0.0
202300014946,155 654 079,A01,2,31,0,2,1,21,1,0.0
202300014947,155 654 080,A01,1,7,0,2,3,5,0,0.0
202300014947,155 654 081,B01,2,7,0,2,8,1,0,0.0
202300014948,155 654 077,A01,3,7,0,1,3,1,0,0.0
202300014949,155 654 075,A01,1,7,0,1,1,15,0,0.0
202300014950,155 654 074,A01,1,7,0,1,1,16,1,0.0
202300014951,155 654 072,A01,1,7,1,0,2,14,1,0.0
202300014952,155 654 071,A01,0,7,0,1,1,1,1,0.0
202300014953,155 654 073,B01,0,7,0,2,3,1,1,0.0
202300014953,155 654 076,A01,0,33,0,2,1,0,1,0.0
202300014954,155 654 070,A01,1,34,0,0,7,1,1,0.0
202300014955,155 654 064,A01,1,7,0,0,4,23,0,0.0
202300014955,155 654 065,B01,1,7,0,2,1,2,0,0.0
202300014956,155 654 066,A01,1,7,8,0,7,2,1,0.0
202300014957,155 654 063,B01,3,50,0,2,1,19,3,0.0
202300014957,155 654 067,A01,3,37,0,2,7,16,1,2.0
202300014958,155 654 062,A01,3,7,1,0,7,19,0,0.0
202300014959,155 654 061,A01,1,7,0,1,3,1,1,0.0
202300014960,155 654 060,A01,1,7,0,1,3,1,1,0.0
202300014961,155 654 059,A01,3,60,8,0,0,14,5,0.0
202300014962,155 654 057,A01,1,7,0,1,1,1,1,0.0
202300014963,155 654 053,A01,0,7,0,2,1,2,1,0.0
202300014963,155 654 055,B01,0,7,0,2,3,15,1,0.0
202300014964,155 654 052,B01,2,7,0,2,4,23,1,0.0
202300014964,155 654 054,A01,2,10,0,2,1,2,1,0.0
202300014965,155 654 051,A01,2,15,0,9,7,15,1,0.0
202300014966,155 654 047,A01,3,7,0,2,1,2,1,0.0
202300014966,155 654 049,B01,3,7,0,2,7,2,1,0.0
202300014967,155 654 046,A01,1,33,0,2,8,1,1,0.0
202300014967,155 654 050,Z01,2,7,0,2,3,15,1,0.0
202300014968,155 654 045,A01,1,7,0,2,3,9,1,0.0
202300014968,155 654 048,B01,1,2,0,2,7,1,1,0.0
202300014969,155 654 041,Z01,1,0,0,2,0,0,0,0.0
202300014969,155 654 043,A01,1,10,0,2,5,1,1,0.0
202300014970,155 654 042,A01,3,7,0,2,2,16,1,0.0
202300014970,155 654 044,B01,3,1,0,2,6,1,5,0.0
202300014971,155 654 040,A01,0,7,0,1,1,0,0,0.0
202300014972,155 654 038,A01,2,7,0,1,2,13,1,0.0
202300014973,155 654 037,A01,1,80,0,2,2,14,3,0.0
202300014973,155 654 039,B01,1,7,0,2,3,1,2,0.0
202300014974,155 654 034,B01,1,7,0,2,3,16,1,0.0
202300014974,155 654 036,A01,2,37,0,2,2,1,1,1.0
202300014975,155 654 033,A01,1,7,9,2,7,17,1,0.0
202300014975,155 654 035,B01,1,7,9,2,6,15,1,0.0
202300014976,155 654 032,A01,1,7,0,2,3,15,1,0.0
202300014977,155 654 029,A01,2,7,0,1,2,1,3,0.0
202300014978,155 654 028,A01,1,7,0,2,3,15,2,0.0
202300014978,155 654 031,B01,1,34,0,2,2,17,1,0.0
202300014979,155 654 026,A01,3,7,12,0,9,1,1,0.0
202300014980,155 654 030,A01,3,10,0,0,7,26,1,0.0
202300014981,155 654 025,A01,3,7,0,2,1,2,1,0.0
202300014981,155 654 027,B01,3,7,0,2,4,2,1,0.0
202300014982,155 654 024,A01,2,7,0,1,2,1,1,0.0
202300014983,155 654 023,A01,1,0,0,1,1,1,0,0.0
202300014984,155 654 022,A01,2,31,8,0,1,13,1,0.0
202300014985,155 654 019,A01,3,7,0,2,2,1,1,0.0
202300014985,155 654 021,B01,2,7,0,2,8,1,1,0.0
202300014986,155 654 018,B01,2,7,0,2,3,15,1,0.0
202300014986,155 654 020,A01,2,30,7,2,7,17,1,0.0
202300014987,155 654 015,A01,3,7,0,2,3,9,1,0.0
202300014987,155 654 017,B01,3,7,8,2,5,9,1,0.0
202300014988,155 654 014,B01,0,7,0,2,1,1,1,0.0
202300014988,155 654 016,A01,1,30,0,2,1,13,1,0.0
202300014989,155 654 011,A01,1,7,11,0,1,19,1,0.0
202300014990,155 654 010,B01,1,7,0,2,0,20,0,0.0
202300014990,155 654 012,A01,1,7,0,2,1,1,1,0.0
202300014991,155 654 007,B01,2,7,0,2,8,1,1,0.0
202300014991,155 654 009,A01,2,10,0,2,2,1,1,0.0
202300014992,155 654 006,A01,2,32,0,2,1,3,1,0.0
202300014992,155 654 008,B01,2,7,0,2,3,12,1,0.0
202300014993,155 654 005,A01,1,33,0,0,0,3,1,0.0
202300014994,155 654 004,A01,1,7,3,0,1,6,1,0.0
202300014995,155 654 001,A01,0,7,0,1,4,4,1,0.0
202300014996,155 654 000,B01,2,43,0,2,7,3,1,0.0
202300014996,155 654 002,Z01,2,7,0,2,8,11,0,0.0
202300014997,155 653 999,A01,2,33,0,2,1,1,0,0.0
202300014997,155 654 003,B01,1,7,0,2,6,4,1,0.0
202300014998,155 653 997,A01,2,1,0,2,1,1,5,0.0
202300014998,155 653 998,B01,2,7,0,2,8,15,0,0.0
202300014999,155 653 996,A01,1,7,4,0,1,1,1,0.0
202300015000,155 653 993,A01,1,1,0,2,1,2,5,0.0
202300015000,155 653 994,B01,1,1,0,2,4,2,5,0.0
202300015001,155 653 991,Z01,2,7,0,2,3,15,1,0.0
202300015001,155 653 992,B01,1,7,0,2,3,1,1,0.0
202300015002,155 653 989,A01,1,7,0,1,1,23,1,0.0
202300015002,155 653 995,B01,1,7,14,0,1,2,3,0.0
202300015003,155 653 987,Y01,3,1,0,2,1,19,5,0.0
202300015003,155 653 990,A01,2,7,0,2,2,1,1,0.0
202300015004,155 653 986,A01,1,2,0,2,1,1,1,0.0
202300015004,155 653 988,B01,2,7,0,2,3,15,1,0.0
202300015005,155 653 985,A01,2,7,0,1,0,9,1,0.0
202300015006,155 653 982,B01,1,80,0,2,8,1,3,0.0
202300015006,155 653 984,A01,1,37,0,2,5,1,6,1.0
202300015007,155 653 981,B01,2,7,0,2,1,1,1,0.0
202300015007,155 653 983,A01,1,7,0,2,2,15,1,0.0
202300015008,155 653 980,A01,1,7,8,0,1,1,1,0.0
202300015009,155 653 979,A01,1,7,0,0,3,13,1,0.0
202300015010,155 653 977,B01,1,7,0,2,3,15,1,0.0
202300015010,155 653 978,A01,1,30,0,2,1,17,1,0.0
202300015011,155 653 976,A01,1,7,0,1,0,15,1,0.0
202300015012,155 653 973,B01,3,2,0,2,1,1,1,0.0
202300015012,155 653 975,A01,3,7,0,2,3,1,1,0.0
202300015013,155 653 974,A01,2,7,0,1,2,1,1,0.0
202300015014,155 653 972,A01,2,7,0,1,7,1,3,0.0
202300015015,155 653 969,A01,1,10,0,2,3,9,1,0.0
202300015015,155 653 971,B01,2,2,0,2,1,3,1,0.0
202300015016,155 653 968,B01,1,7,0,2,2,1,1,0.0
202300015016,155 653 970,A01,1,32,0,2,8,10,1,0.0
202300015017,155 653 964,B01,3,7,0,2,1,1,1,0.0
202300015017,155 653 967,A01,3,7,0,2,1,15,1,0.0
202300015018,155 653 962,B01,1,1,0,2,1,1,5,0.0
202300015018,155 653 965,A01,1,7,0,2,7,22,1,0.0
202300015019,155 653 963,A01,3,7,0,2,8,9,1,0.0
202300015019,155 653 966,B01,3,2,0,2,1,9,1,0.0
202300015020,155 653 961,A01,2,7,0,1,7,1,1,0.0
202300015021,155 653 959,A01,1,7,1,0,2,14,2,0.0
202300015022,155 653 958,B01,1,33,0,2,1,1,1,0.0
202300015022,155 653 960,A01,1,10,0,2,2,15,1,0.0
202300015023,155 653 957,A01,1,3,13,0,1,2,1,0.0
202300015024,155 653 955,A01,1,7,0,1,1,1,1,0.0
202300015025,155 653 956,A01,2,7,0,1,2,1,1,0.0
202300015026,155 653 950,A01,2,7,0,2,4,26,1,0.0
202300015026,155 653 953,B01,1,30,0,2,1,1,1,0.0
202300015027,155 653 951,B01,1,3,0,0,4,0,3,0.0
202300015027,155 653 954,A01,1,7,0,0,1,2,1,0.0
202300015028,155 653 949,B01,2,1,1,0,8,1,5,0.0
202300015028,155 653 952,A01,2,7,0,0,5,24,1,0.0
202300015029,155 653 948,A01,1,7,0,1,2,1,1,0.0
202300015030,155 653 945,B01,2,50,0,2,1,1,3,0.0
202300015030,155 653 946,A01,2,1,0,2,8,9,5,0.0
202300015031,155 653 944,A01,2,7,0,2,1,1,1,0.0
202300015031,155 653 947,B01,0,7,0,2,8,1,1,0.0
202300015032,155 653 943,A01,0,7,17,0,2,14,1,0.0
202300015033,155 653 942,A01,2,1,12,0,8,1,5,0.0
202300015034,155 653 938,B01,1,7,0,0,1,1,1,0.0
202300015034,155 653 941,A01,2,7,0,0,2,15,1,0.0
202300015035,155 653 937,B01,3,1,0,2,7,19,5,0.0
202300015035,155 653 940,A01,2,7,0,2,1,15,2,0.0
202300015036,155 653 936,A01,1,1,0,2,0,1,5,0.0
202300015036,155 653 939,B01,1,7,0,2,3,22,2,0.0
202300015037,155 653 935,A01,1,10,0,1,4,4,1,0.0
202300015038,155 653 933,A01,1,32,0,1,1,1,1,0.0
202300015039,155 653 932,A01,1,7,0,2,5,11,1,0.0
202300015039,155 653 934,B01,1,34,0,2,2,1,1,0.0
202300015040,155 653 929,A01,1,30,0,1,1,3,1,0.0
202300015041,155 653 928,B01,2,7,0,2,1,1,1,0.0
202300015041,155 653 930,A01,2,7,0,2,4,23,1,0.0