num_acc,id_vehicule,num_veh,senc,catv,obs,obsm,choc,manv,motor,occutc
202300015042,155 653 927,A01,1,7,0,2,1,1,1,0.0
202300015042,155 653 931,B01,3,1,1,2,8,0,5,0.0
202300015043,155 653 926,A01,3,7,0,1,2,1,1,0.0
202300015044,155 653 925,A01,1,34,0,1,1,1,0,0.0
202300015045,155 653 923,A01,3,7,0,2,3,16,1,0.0
202300015045,155 653 924,B01,3,1,0,2,1,15,5,0.0
202300015046,155 653 920,A01,2,33,0,2,7,17,1,0.0
202300015046,155 653 921,B01,2,14,0,2,8,15,6,0.0
202300015047,155 653 919,B01,2,7,0,2,3,1,1,0.0
202300015047,155 653 922,A01,2,7,0,2,1,9,1,0.0
202300015048,155 653 918,A01,2,7,2,0,1,15,2,0.0
202300015049,155 653 915,A01,3,7,0,2,1,1,1,0.0
202300015049,155 653 916,B01,3,7,0,2,4,1,1,0.0
202300015049,155 653 917,C01,3,7,0,2,4,1,1,0.0
202300015050,155 653 914,A01,2,30,9,0,1,26,0,0.0
202300015051,155 653 912,A01,3,1,0,2,1,1,5,0.0
202300015051,155 653 913,B01,3,7,0,2,4,23,1,0.0
202300015052,155 653 911,A01,1,7,3,0,2,1,1,0.0
202300015053,155 653 910,A01,2,1,0,0,1,1,5,0.0
202300015054,155 653 908,A01,2,7,0,2,9,1,1,0.0
202300015054,155 653 909,B01,1,7,0,2,1,15,1,0.0
202300015055,155 653 907,A01,1,1,9,0,3,2,5,0.0
202300015056,155 653 906,A01,1,32,0,0,2,1,1,0.0
202300015057,155 653 905,Z01,2,7,0,1,1,1,0,0.0
202300015058,155 653 903,A01,2,7,0,2,8,15,0,0.0
202300015058,155 653 904,B01,2,33,0,2,7,17,1,0.0
202300015059,155 653 901,B01,0,7,0,2,1,13,1,0.0
202300015059,155 653 902,A01,0,7,0,2,1,1,1,0.0
202300015060,155 653 899,A01,1,33,0,2,0,26,1,0.0
202300015060,155 653 900,B01,1,33,0,2,0,0,1,0.0
202300015061,155 653 896,A01,2,7,0,2,3,15,1,0.0
202300015061,155 653 898,B01,1,33,1,2,1,2,1,0.0
202300015062,155 653 895,A01,1,32,0,2,1,2,1,0.0
202300015062,155 653 897,B01,1,7,0,2,2,15,1,0.0
202300015063,155 653 894,A01,3,7,1,0,2,5,1,0.0
202300015064,155 653 892,A01,3,10,0,2,2,26,1,0.0
202300015064,155 653 893,B01,0,0,0,2,0,19,0,0.0
202300015065,155 653 891,A01,0,7,4,0,8,1,1,0.0
202300015066,155 653 888,B01,3,33,0,9,1,1,0,0.0
202300015066,155 653 890,A01,0,7,0,2,2,16,0,0.0
202300015067,155 653 887,A01,2,7,0,2,3,15,1,0.0
202300015067,155 653 889,B01,1,2,0,2,1,1,1,0.0
202300015068,155 653 884,A01,3,36,16,0,0,1,1,0.0
202300015069,155 653 885,A01,1,7,0,2,5,15,1,0.0
202300015069,155 653 886,B01,2,80,0,2,1,1,3,0.0
202300015070,155 653 883,A01,2,7,13,0,2,1,1,0.0
202300015071,155 653 881,B01,1,33,0,0,0,0,0,0.0
202300015071,155 653 882,A01,1,7,0,2,0,0,0,0.0
202300015072,155 653 880,A01,1,7,13,0,9,1,1,0.0
202300015073,155 653 879,A01,0,7,0,1,1,0,1,0.0
202300015074,155 653 875,C01,2,7,0,2,1,1,1,0.0
202300015074,155 653 877,A01,2,7,0,2,1,2,1,0.0
202300015074,155 653 878,B01,2,7,3,2,4,0,1,0.0
202300015075,155 653 874,B01,0,7,0,2,0,0,0,0.0
202300015075,155 653 876,A01,2,7,6,0,5,19,1,0.0
202300015076,155 653 872,A01,1,7,0,2,3,1,0,0.0
202300015076,155 653 873,B01,2,7,0,2,3,1,0,0.0
202300015077,155 653 870,A01,3,2,0,1,1,0,1,0.0
202300015078,155 653 869,A01,2,7,0,2,7,1,0,0.0
202300015078,155 653 871,B01,1,7,0,2,1,1,0,0.0
202300015079,155 653 867,A01,1,7,0,2,3,1,0,0.0
202300015079,155 653 868,B01,1,7,0,2,3,1,0,0.0
202300015080,155 653 866,A01,1,7,0,1,1,1,1,0.0
202300015081,155 653 865,A01,1,7,13,0,2,1,1,0.0
202300015082,155 653 864,A01,0,33,0,0,0,0,0,0.0
202300015083,155 653 863,A01,1,2,16,0,0,1,1,0.0
202300015084,155 653 862,A01,3,7,0,2,2,14,1,0.0
202300015085,155 653 861,A01,2,50,0,1,1,1,3,0.0
202300015086,155 653 858,A01,2,7,0,2,1,1,1,0.0
202300015086,155 653 860,B01,1,7,0,2,5,15,1,0.0
202300015087,155 653 856,A01,1,7,0,2,3,1,1,0.0
202300015087,155 653 857,B01,2,7,0,2,3,1,1,0.0
202300015087,155 653 859,C01,1,7,0,9,3,1,1,0.0
202300015088,155 653 855,A01,1,33,0,0,8,10,1,0.0
202300015089,155 653 851,A01,1,7,8,0,8,26,1,0.0
202300015090,155 653 849,A01,3,31,0,0,0,0,1,0.0
202300015091,155 653 848,A01,1,7,0,2,8,15,1,0.0
202300015091,155 653 850,B01,1,7,0,2,1,17,1,0.0
202300015092,155 653 846,A01,1,7,0,2,1,15,1,0.0
202300015092,155 653 847,B01,2,2,0,2,1,1,1,0.0
202300015093,155 653 844,A01,2,7,0,2,1,1,1,0.0
202300015093,155 653 845,B01,2,7,0,2,7,1,1,0.0
202300015094,155 653 843,A01,1,33,13,0,0,1,0,0.0
202300015095,155 653 842,A01,1,7,0,1,2,1,1,0.0
202300015096,155 653 841,A01,3,2,0,0,0,26,1,0.0
202300015097,155 653 840,A01,3,7,0,0,9,1,1,0.0
202300015098,155 653 838,B01,1,7,0,2,2,1,1,0.0
202300015098,155 653 839,A01,2,7,0,2,3,15,1,0.0
202300015099,155 653 836,A01,1,7,0,2,1,13,0,0.0
202300015099,155 653 837,B01,2,7,0,2,1,26,3,0.0
202300015100,155 653 835,A01,1,31,0,1,1,3,1,0.0
202300015101,155 653 834,A01,2,7,2,0,3,1,1,0.0
202300015102,155 653 832,A01,1,7,0,0,3,0,0,0.0
202300015102,155 653 833,B01,2,7,0,0,1,0,2,0.0
202300015103,155 653 831,A01,2,7,13,0,0,0,1,0.0
202300015104,155 653 828,B01,1,7,0,0,3,13,0,0.0
202300015104,155 653 830,A01,1,33,0,0,7,2,0,0.0
202300015105,155 653 827,B01,1,10,0,2,1,13,1,0.0
202300015105,155 653 829,A01,2,7,0,2,1,1,1,0.0
202300015106,155 653 824,A01,2,7,0,2,6,11,1,0.0
202300015106,155 653 826,B01,2,33,0,2,2,17,1,0.0
202300015107,155 653 823,B01,3,7,0,2,1,16,1,0.0
202300015107,155 653 825,A01,3,7,0,2,2,1,1,0.0
202300015108,155 653 820,B01,2,2,0,2,3,1,1,0.0
202300015108,155 653 821,A01,1,7,0,2,2,15,1,0.0
202300015109,155 653 819,A01,1,7,0,2,3,15,1,0.0
202300015109,155 653 822,B01,1,7,0,2,2,1,1,0.0
202300015110,155 653 817,A01,1,7,0,1,1,1,1,0.0
202300015111,155 653 816,A01,1,7,0,2,1,2,1,0.0
202300015111,155 653 818,B01,1,1,0,2,4,1,5,0.0
202300015112,155 653 814,B01,1,7,0,2,1,1,1,0.0
202300015112,155 653 815,A01,2,7,0,2,1,13,1,0.0
202300015113,155 653 813,A01,3,7,8,0,1,1,1,0.0
202300015114,155 653 812,A01,0,7,2,0,3,0,1,0.0
202300015115,155 653 809,A01,2,33,0,2,1,1,1,0.0
202300015115,155 653 811,B01,2,7,0,2,8,9,1,0.0
202300015116,155 653 806,A01,1,33,0,0,1,1,1,0.0
202300015117,155 653 805,A01,2,7,3,2,1,13,1,0.0
202300015117,155 653 807,B01,1,7,0,2,1,1,1,0.0
202300015118,155 653 804,A01,1,7,0,1,2,1,1,0.0
202300015119,155 653 802,A01,1,7,8,0,7,1,1,0.0
202300015119,155 653 803,B01,1,10,8,2,2,19,1,0.0
202300015120,155 653 800,A01,3,7,0,1,1,26,1,0.0
202300015121,155 653 798,A01,1,7,0,0,0,0,1,0.0
202300015122,155 653 797,A01,1,7,2,0,1,1,1,0.0
202300015123,155 653 796,A01,1,2,0,0,2,1,1,0.0
202300015124,155 653 795,A01,1,7,0,1,2,1,1,0.0
202300015125,155 653 794,A01,1,7,17,0,1,1,1,0.0
202300015126,155 653 792,A01,1,7,0,2,8,13,1,0.0
202300015126,155 653 793,B01,2,10,0,2,8,1,1,0.0
202300015127,155 653 791,A01,2,7,2,0,1,12,1,0.0
202300015128,155 653 790,A01,3,30,0,0,0,1,1,0.0
202300015129,155 653 788,A01,3,10,13,0,7,13,1,0.0
202300015130,155 653 787,A01,2,10,13,2,1,13,1,0.0
202300015130,155 653 789,B01,1,7,0,2,1,1,1,0.0
202300015131,155 653 783,A01,2,31,0,0,0,0,1,0.0
202300015132,155 653 784,B01,1,33,0,2,6,26,1,0.0
202300015132,155 653 785,C01,2,38,0,2,2,23,1,1.0
202300015132,155 653 786,A01,1,33,4,2,3,26,1,0.0
202300015133,155 653 782,A01,2,33,8,0,0,0,1,0.0
202300015134,155 653 780,A01,3,2,0,2,1,5,1,0.0
202300015134,155 653 781,B01,3,7,0,2,3,16,1,0.0
202300015135,155 653 779,A01,1,7,0,1,2,1,1,0.0
202300015136,155 653 777,B01,2,7,8,0,4,1,1,0.0
202300015136,155 653 778,A01,2,10,0,2,1,1,1,0.0
202300015137,155 653 776,A01,1,7,13,0,1,1,1,0.0
202300015138,155 653 775,A01,3,32,0,0,1,1,1,0.0
202300015139,155 653 773,A01,2,7,0,2,3,13,1,0.0
202300015139,155 653 774,B01,1,7,0,2,3,1,1,0.0
202300015140,155 653 771,A01,1,7,0,2,1,15,1,0.0
202300015140,155 653 772,B01,2,33,0,2,1,1,1,0.0
202300015141,155 653 770,A01,3,37,15,0,3,9,1,4.0
202300015142,155 653 769,A01,3,7,0,1,4,4,0,0.0
202300015143,155 653 767,A01,2,33,0,2,1,17,1,0.0
202300015143,155 653 768,B01,2,21,0,2,3,15,1,0.0
202300015144,155 653 766,A01,2,7,0,1,2,1,1,0.0
202300015145,155 653 765,A01,1,1,13,0,1,1,5,0.0
202300015146,155 653 763,A01,2,34,0,2,1,1,1,0.0
202300015146,155 653 764,B01,2,7,0,0,4,15,1,0.0
202300015147,155 653 762,A01,1,1,0,0,0,1,5,0.0
202300015148,155 653 760,A01,0,7,6,9,1,15,1,0.0
202300015148,155 653 761,B01,0,1,0,0,8,1,5,0.0
202300015149,155 653 759,A01,3,7,13,0,9,1,1,0.0
202300015150,155 653 757,A01,2,2,0,2,4,2,1,0.0
202300015150,155 653 758,B01,2,7,0,2,1,2,1,0.0
202300015151,155 653 755,A01,2,7,0,2,3,10,1,0.0
202300015151,155 653 756,B01,2,33,0,2,1,26,1,0.0
202300015152,155 653 754,A01,1,10,0,1,1,1,1,0.0
202300015153,155 653 753,A01,1,1,14,1,1,1,5,0.0
202300015154,155 653 751,A01,2,7,0,2,7,19,1,0.0
202300015154,155 653 752,B01,1,31,0,2,1,1,1,0.0
202300015155,155 653 750,A01,-1,7,2,0,1,1,1,0.0
202300015156,155 653 748,A01,1,33,0,2,3,1,1,0.0
202300015156,155 653 749,B01,2,7,0,2,3,17,0,0.0
202300015157,155 653 746,C01,3,7,0,0,3,24,1,0.0
202300015157,155 653 747,A01,1,7,1,0,2,0,1,0.0
202300015158,155 653 744,B01,3,10,0,2,1,1,1,0.0
202300015158,155 653 745,A01,3,36,0,2,1,1,1,0.0
202300015159,155 653 743,A01,1,7,0,1,1,15,1,0.0
202300015160,155 653 742,A01,1,7,15,0,1,19,0,0.0
202300015161,155 653 740,B01,3,7,0,2,1,1,1,0.0
202300015161,155 653 741,A01,3,7,0,0,7,15,1,0.0
202300015162,155 653 738,A01,2,7,0,2,6,2,1,0.0
202300015162,155 653 739,B01,2,33,0,2,1,2,1,0.0
202300015163,155 653 735,A01,1,7,8,0,0,1,0,0.0
202300015164,155 653 736,A01,3,7,0,2,3,14,1,0.0
202300015164,155 653 737,B01,3,7,4,2,2,21,1,0.0
202300015165,155 653 733,A01,1,2,0,2,1,13,1,0.0
202300015165,155 653 734,B01,1,7,0,2,6,1,1,0.0
202300015166,155 653 728,A01,1,3,0,9,8,1,0,0.0
202300015166,155 653 729,B01,2,1,0,2,8,1,5,0.0
202300015166,155 653 731,C01,2,1,0,2,8,1,5,0.0
202300015167,155 653 726,A01,1,13,0,2,1,19,1,0.0
202300015167,155 653 727,B01,2,7,0,2,7,1,1,0.0
202300015168,155 653 722,A01,1,7,17,0,1,13,1,0.0
202300015169,155 653 723,B01,1,7,0,2,4,23,1,0.0
202300015169,155 653 724,A01,2,7,1,0,1,14,1,0.0
202300015170,155 653 721,A01,1,10,13,0,2,14,1,0.0
202300015171,155 653 719,A01,1,7,0,2,6,1,3,0.0
202300015171,155 653 720,B01,1,7,0,2,2,1,1,0.0
202300015172,155 653 717,A01,2,7,4,0,1,0,1,0.0
202300015172,155 653 718,B01,2,7,0,2,1,11,1,0.0
202300015173,155 653 714,B01,0,33,0,2,1,2,1,0.0
202300015173,155 653 716,A01,0,43,0,0,4,2,1,0.0
202300015174,155 653 715,A01,1,7,0,2,4,26,1,0.0
202300015175,155 653 711,A01,2,7,0,0,6,1,0,0.0
202300015175,155 653 713,B01,2,7,0,2,2,12,0,0.0
202300015176,155 653 710,A01,2,7,0,0,3,1,1,0.0
202300015176,155 653 712,B01,1,7,0,9,1,1,1,0.0
202300015177,155 653 708,A01,1,1,0,2,1,1,5,0.0
202300015177,155 653 709,B01,2,7,0,2,7,15,1,0.0
202300015178,155 653 705,B01,1,7,0,2,8,0,1,0.0
202300015178,155 653 707,A01,1,17,0,2,1,0,1,0.0
202300015179,155 653 704,A01,1,7,0,2,2,1,1,0.0
202300015179,155 653 706,B01,2,7,0,2,1,1,1,0.0
202300015180,155 653 702,A01,1,7,8,1,1,0,1,0.0
202300015181,155 653 700,A01,2,7,0,2,1,1,1,0.0
202300015181,155 653 701,B01,2,7,0,2,4,1,1,0.0
202300015181,155 653 703,C01,2,7,0,2,4,1,1,0.0
202300015182,155 653 697,A01,2,33,0,2,7,17,1,0.0
202300015182,155 653 699,B01,2,33,0,2,8,15,1,0.0
202300015183,155 653 698,A01,1,2,0,0,0,13,1,0.0
202300015184,155 653 696,A01,2,7,0,1,1,9,1,0.0
202300015185,155 653 695,A01,2,7,0,1,1,1,1,0.0
202300015186,155 653 693,A01,1,7,0,1,2,1,1,0.0
202300015187,155 653 692,B01,0,7,0,2,2,15,-1,0.0
202300015187,155 653 694,A01,0,7,0,2,1,2,1,0.0
202300015188,155 653 690,A01,-1,7,0,0,6,23,1,0.0
202300015188,155 653 691,B01,-1,33,0,2,1,26,1,0.0
202300015189,155 653 688,A01,1,43,0,0,0,0,1,0.0
202300015190,155 653 685,A01,1,7,0,2,3,2,1,0.0
202300015190,155 653 686,B01,1,80,0,0,4,1,3,0.0
202300015191,155 653 687,A01,2,7,0,2,1,15,1,0.0
202300015191,155 653 689,B01,1,32,0,2,1,17,1,0.0
202300015192,155 653 684,A01,1,7,3,0,1,1,1,0.0
202300015193,155 653 682,Z01,3,0,0,2,0,26,0,0.0
202300015193,155 653 683,B01,3,2,0,2,8,0,3,0.0
202300015194,155 653 680,A01,1,31,0,2,1,2,1,0.0
202300015194,155 653 681,B01,1,33,0,2,4,1,1,0.0
202300015195,155 653 678,A01,1,7,2,0,1,14,1,0.0
202300015196,155 653 677,A01,1,7,0,2,3,1,1,0.0
202300015196,155 653 679,B01,2,7,0,2,8,0,0,0.0
202300015197,155 653 676,A01,1,7,0,1,2,1,1,0.0
202300015198,155 653 675,A01,1,31,0,0,9,1,1,0.0
202300015199,155 653 674,A01,3,10,0,1,3,2,1,0.0
202300015200,155 653 672,A01,1,7,13,0,0,0,1,0.0
202300015201,155 653 671,A01,1,7,0,2,1,13,1,0.0
202300015201,155 653 673,B01,2,31,0,2,1,1,1,0.0
202300015202,155 653 669,B01,2,7,0,2,1,1,1,0.0
202300015202,155 653 670,A01,3,7,0,2,3,1,2,0.0
202300015203,155 653 666,A01,2,30,0,2,1,5,1,0.0
202300015203,155 653 668,B01,1,7,0,2,1,1,1,0.0
202300015204,155 653 662,A01,0,7,0,2,2,1,1,0.0
202300015204,155 653 664,B01,0,1,0,0,4,1,5,0.0
202300015205,155 653 661,B01,1,7,0,2,2,1,1,0.0
202300015205,155 653 663,A01,1,7,0,2,3,18,1,0.0
202300015206,155 653 658,A01,1,7,0,2,5,12,1,0.0
202300015206,155 653 660,B01,1,7,0,2,3,1,1,0.0
202300015207,155 653 656,B01,1,7,0,2,8,1,1,0.0
202300015207,155 653 659,A01,1,7,0,2,1,9,1,0.0
202300015208,155 653 655,B01,1,37,0,2,6,1,1,1.0
202300015208,155 653 657,A01,1,7,0,2,2,14,1,0.0
202300015209,155 653 654,A01,1,7,13,0,2,1,1,0.0
202300015210,155 653 652,A01,2,33,0,2,1,3,1,0.0
202300015210,155 653 653,B01,2,7,0,2,6,12,1,0.0
202300015211,155 653 650,A01,0,32,3,0,8,0,1,0.0
202300015212,155 653 649,A01,2,7,0,2,3,15,1,0.0
202300015212,155 653 651,B01,1,33,0,2,1,21,1,0.0
202300015213,155 653 647,A01,2,32,3,2,1,2,1,0.0
202300015213,155 653 648,B01,2,10,3,2,4,1,1,0.0
202300015214,155 653 646,A01,2,7,1,0,6,1,1,0.0
202300015215,155 653 643,A01,2,33,0,2,1,3,1,0.0
202300015215,155 653 645,B01,2,7,0,2,6,11,1,0.0
202300015216,155 653 642,A01,1,7,0,2,1,1,1,0.0
202300015216,155 653 644,B01,1,7,0,2,7,15,1,0.0
202300015217,155 653 641,A01,3,32,0,0,7,14,1,0.0
202300015218,155 653 639,A01,2,7,0,1,1,1,1,0.0
202300015219,155 653 638,B01,3,1,0,2,1,2,5,0.0
202300015219,155 653 640,A01,3,1,0,2,4,2,5,0.0
202300015220,155 653 637,A01,2,7,0,1,3,1,1,0.0
202300015221,155 653 636,A01,1,50,0,1,3,1,3,0.0
202300015222,155 653 635,A01,3,7,0,1,1,15,2,0.0
202300015223,155 653 634,A01,1,7,0,1,4,4,2,0.0
202300015224,155 653 631,A01,1,32,15,0,8,15,1,0.0
202300015225,155 653 629,A01,1,7,0,1,1,1,1,0.0
202300015226,155 653 627,A01,1,7,0,2,1,2,1,0.0
202300015226,155 653 628,B01,3,7,0,2,4,23,1,0.0
202300015227,155 653 625,A01,2,7,0,0,1,1,0,0.0
202300015228,155 653 624,A01,1,33,0,2,1,2,1,0.0
202300015228,155 653 626,B01,1,7,0,2,4,23,1,0.0
202300015229,155 653 622,Z01,2,33,0,2,1,10,0,0.0
202300015229,155 653 623,A01,1,30,0,2,8,2,1,0.0
202300015230,155 653 621,A01,1,1,0,1,1,1,5,0.0
202300015231,155 653 620,A01,1,7,3,0,1,15,1,0.0
202300015232,155 653 618,A01,2,1,0,2,1,2,5,0.0
202300015232,155 653 619,B01,2,1,0,0,4,2,5,0.0
202300015233,155 653 617,A01,2,7,1,0,1,14,1,0.0
202300015234,155 653 615,A01,1,30,0,2,7,1,1,0.0
202300015234,155 653 616,B01,1,7,0,2,1,1,1,0.0
202300015235,155 653 614,A01,1,10,0,1,1,1,1,0.0
202300015236,155 653 612,A01,2,7,0,2,1,1,1,0.0
202300015236,155 653 613,B01,1,7,0,2,7,0,1,0.0
202300015237,155 653 611,A01,1,7,0,0,0,0,1,0.0
202300015238,155 653 610,A01,2,7,1,2,2,1,1,0.0
202300015239,155 653 609,A01,3,7,0,1,1,1,1,0.0
202300015240,155 653 606,A01,2,7,0,1,3,1,1,0.0
202300015241,155 653 605,A01,1,0,0,1,1,1,0,0.0
202300015242,155 653 603,A01,2,7,13,0,9,0,1,0.0
202300015242,155 653 604,B01,2,7,0,2,7,1,1,0.0
202300015243,155 653 600,A01,1,7,0,0,4,2,0,0.0
202300015243,155 653 601,C01,1,7,0,2,1,2,1,0.0
202300015243,155 653 602,B01,1,7,0,2,1,2,1,0.0
202300015244,155 653 596,B01,1,7,0,2,0,0,1,0.0
202300015244,155 653 597,A01,1,7,8,2,2,0,1,0.0
202300015245,155 653 594,A01,1,10,0,2,2,1,1,0.0
202300015245,155 653 595,B01,1,7,0,2,3,1,1,0.0
202300015246,155 653 593,A01,2,7,2,0,1,14,1,0.0
202300015247,155 653 591,B01,2,30,0,2,8,18,1,0.0
202300015247,155 653 592,A01,2,7,0,2,2,1,1,0.0
202300015248,155 653 589,B01,1,31,0,2,1,17,1,0.0
202300015248,155 653 590,A01,1,7,0,2,8,15,3,0.0
202300015249,155 653 588,A01,1,33,15,0,1,1,1,0.0
202300015250,155 653 586,A01,1,32,0,2,2,1,3,0.0
202300015250,155 653 587,B01,1,7,0,2,3,9,3,0.0
202300015251,155 653 584,B01,1,33,0,2,7,3,1,0.0
202300015251,155 653 585,A01,1,7,0,2,8,11,1,0.0
202300015252,155 653 581,B01,2,10,0,2,4,2,1,0.0
202300015252,155 653 582,C01,2,7,0,2,4,2,1,0.0
202300015252,155 653 583,A01,2,14,0,2,1,2,1,0.0
202300015253,155 653 579,A01,1,33,0,2,1,2,1,0.0
202300015253,155 653 580,B01,1,7,0,2,6,2,3,0.0
202300015254,155 653 577,B01,2,50,0,2,1,1,3,0.0
202300015254,155 653 578,A01,2,10,0,2,6,1,1,0.0
202300015255,155 653 576,A01,2,1,0,1,1,1,5,0.0
202300015256,155 653 575,A01,1,7,0,1,1,16,2,0.0
202300015257,155 653 573,A01,1,10,0,2,4,23,1,0.0
202300015257,155 653 574,B01,2,50,1,1,9,21,3,0.0
202300015258,155 653 571,B01,3,80,0,2,8,1,3,0.0
202300015258,155 653 572,A01,3,7,0,2,1,1,1,0.0
202300015259,155 653 569,A01,2,7,0,2,3,9,1,0.0
202300015259,155 653 570,B01,2,7,0,2,2,1,1,0.0
202300015260,155 653 567,B01,2,50,0,2,8,13,3,0.0
202300015260,155 653 568,A01,2,37,0,2,7,17,1,1.0
202300015261,155 653 566,A01,2,37,0,1,2,1,1,1.0
202300015262,155 653 564,A01,1,80,0,2,1,1,3,0.0
202300015262,155 653 565,B01,2,7,0,2,3,15,1,0.0
202300015263,155 653 562,B01,1,33,0,2,8,1,1,0.0
202300015263,155 653 563,A01,2,7,0,2,1,15,1,0.0
202300015264,155 653 561,A01,2,1,4,0,8,15,5,0.0
202300015265,155 653 559,A01,1,34,0,2,1,17,1,0.0
202300015265,155 653 560,B01,1,7,0,2,1,1,3,0.0
202300015266,155 653 557,A01,2,7,0,2,2,12,2,0.0
202300015266,155 653 558,B01,2,7,8,2,1,7,1,0.0
202300015267,155 653 556,A01,1,31,0,0,3,21,1,0.0
202300015268,155 653 555,A01,2,7,0,1,7,1,1,0.0
202300015269,155 653 553,A01,3,50,0,2,1,1,3,0.0
202300015269,155 653 554,B01,1,7,0,2,1,1,2,0.0
202300015270,155 653 551,B01,2,10,0,2,1,1,1,0.0
202300015270,155 653 552,A01,1,2,0,2,1,17,1,0.0
202300015271,155 653 549,A01,2,7,0,0,0,0,0,0.0
202300015271,155 653 550,B01,1,7,0,0,0,0,1,0.0
202300015272,155 653 548,A01,2,32,0,1,0,0,1,0.0
202300015273,155 653 547,A01,3,32,15,1,1,1,0,0.0
202300015274,155 653 545,A01,2,7,0,2,1,15,1,0.0
202300015274,155 653 546,B01,2,7,0,2,2,15,1,0.0
202300015275,155 653 543,A01,1,7,0,2,1,15,1,0.0
202300015275,155 653 544,B01,1,7,9,2,8,1,1,0.0
202300015276,155 653 541,A01,1,7,0,2,1,16,1,0.0
202300015276,155 653 542,B01,1,33,0,2,5,1,1,0.0
202300015277,155 653 539,A01,3,7,0,9,1,15,1,0.0
202300015277,155 653 540,B01,3,50,0,2,1,1,3,0.0
202300015278,155 653 538,A01,1,33,15,0,1,13,1,0.0
202300015279,155 653 536,B01,0,1,0,2,5,19,5,0.0
202300015279,155 653 537,A01,0,32,0,9,1,19,0,0.0
202300015280,155 653 534,B01,3,33,0,2,2,1,1,0.0
202300015280,155 653 535,A01,3,7,0,2,1,26,2,0.0
202300015281,155 653 533,A01,1,37,0,1,7,1,4,1.0
202300015282,155 653 531,B01,1,1,0,2,0,1,5,0.0
202300015282,155 653 532,A01,2,7,0,9,0,20,1,0.0
202300015283,155 653 529,A01,1,10,0,2,4,23,1,0.0
202300015283,155 653 530,B01,1,2,0,2,1,2,1,0.0
202300015284,155 653 528,A01,2,7,0,1,6,15,1,0.0
202300015285,155 653 526,A01,1,7,0,2,3,13,1,0.0
202300015285,155 653 527,B01,2,7,0,2,1,1,1,0.0
202300015286,155 653 525,A01,1,7,2,0,2,0,0,0.0
202300015287,155 653 524,A01,2,7,0,1,3,1,1,0.0
202300015288,155 653 523,A01,1,7,0,1,2,1,1,0.0
202300015289,155 653 520,B01,2,7,0,2,1,1,1,0.0
202300015289,155 653 521,A01,1,7,0,2,2,19,1,0.0
202300015290,155 653 519,A01,2,7,0,1,1,1,1,0.0
202300015291,155 653 517,A01,2,7,0,0,1,0,0,0.0
202300015291,155 653 518,B01,1,2,0,2,8,15,1,0.0
202300015292,155 653 515,B01,1,7,0,2,1,1,0,0.0
202300015292,155 653 516,A01,2,10,0,2,7,1,6,0.0
202300015293,155 653 510,A01,1,7,0,2,1,13,1,0.0
202300015293,155 653 511,B01,2,7,0,2,8,1,1,0.0
202300015293,155 653 512,C01,2,7,0,2,2,1,1,0.0
202300015293,155 653 513,D01,2,7,0,2,2,0,1,0.0
202300015293,155 653 514,E01,2,7,0,2,1,1,1,0.0
202300015294,155 653 508,A01,2,38,0,0,7,17,1,1.0
202300015294,155 653 509,B01,2,1,12,0,8,1,5,0.0
202300015295,155 653 507,A01,1,33,10,0,0,1,1,0.0
202300015296,155 653 506,A01,2,31,0,0,8,15,1,0.0
202300015297,155 653 505,A01,1,10,13,0,3,13,1,0.0
202300015298,155 653 504,A01,1,7,0,1,2,2,1,0.0
202300015299,155 653 502,A01,1,7,0,9,1,9,1,0.0
202300015299,155 653 503,B01,1,1,0,0,7,1,5,0.0
202300015300,155 653 500,B01,2,7,0,2,1,1,3,0.0
202300015300,155 653 501,A01,1,7,0,2,2,13,1,0.0
202300015301,155 653 499,A01,1,7,2,0,9,14,1,0.0
202300015302,155 653 497,A01,2,7,0,2,3,17,1,0.0
202300015302,155 653 498,B01,1,7,0,2,3,1,1,0.0
202300015303,155 653 496,A01,1,7,6,0,1,1,1,0.0
202300015304,155 653 494,A01,1,7,0,2,3,13,1,0.0
202300015304,155 653 495,B01,2,7,0,2,3,1,1,0.0
202300015305,155 653 492,A01,1,7,0,2,1,1,1,0.0
202300015305,155 653 493,B01,2,7,0,2,1,1,1,0.0
202300015306,155 653 490,B01,1,7,0,0,3,16,1,0.0
202300015306,155 653 491,A01,1,7,0,2,1,1,1,0.0
202300015307,155 653 488,B01,2,7,0,2,1,1,1,0.0
202300015307,155 653 489,A01,1,7,0,2,2,15,1,0.0
202300015308,155 653 485,C01,1,7,0,2,1,1,1,0.0
202300015308,155 653 486,B01,1,7,0,2,8,1,1,0.0
202300015308,155 653 487,A01,2,7,0,2,3,13,1,0.0
202300015309,155 653 484,A01,2,7,0,1,2,1,1,0.0
202300015310,155 653 483,A01,1,7,13,0,2,14,4,0.0
202300015311,155 653 482,A01,1,7,0,0,3,1,1,0.0
202300015312,155 653 480,B01,1,1,0,2,1,1,5,0.0
202300015312,155 653 481,A01,1,7,0,9,7,16,0,0.0
202300015313,155 653 478,B01,1,7,0,2,3,1,1,0.0
202300015313,155 653 479,A01,1,7,0,2,5,17,1,0.0
202300015314,155 653 477,A01,1,7,0,0,9,13,1,0.0
202300015315,155 653 475,A01,2,7,0,2,1,1,0,0.0
202300015315,155 653 476,B01,1,7,0,2,1,13,0,0.0
202300015316,155 653 473,B01,2,15,0,2,2,1,1,0.0
202300015316,155 653 474,A01,1,7,7,2,5,15,1,0.0