num_acc,id_vehicule,num_veh,senc,catv,obs,obsm,choc,manv,motor,occutc
202300015317,155 653 471,A01,2,7,0,0,4,2,1,0.0
202300015317,155 653 472,B01,2,10,0,2,1,2,1,0.0
202300015318,155 653 469,A01,1,33,0,2,1,2,1,0.0
202300015318,155 653 470,B01,1,15,0,0,6,2,1,0.0
202300015319,155 653 466,C01,1,17,0,2,4,1,1,0.0
202300015319,155 653 467,B01,1,17,3,2,1,2,1,0.0
202300015319,155 653 468,A01,1,17,0,2,2,2,1,0.0
202300015320,155 653 463,C01,1,15,0,0,6,24,1,0.0
202300015320,155 653 464,B01,1,15,1,-1,3,1,1,0.0
202300015320,155 653 465,A01,1,10,0,2,2,1,1,0.0
202300015321,155 653 460,B01,2,7,0,2,4,16,1,0.0
202300015321,155 653 461,A01,2,33,0,2,1,1,1,0.0
202300015321,155 653 462,C01,1,10,0,2,1,21,1,0.0
202300015322,155 653 459,A01,1,7,0,1,3,1,1,0.0
202300015323,155 653 458,A01,2,7,2,0,2,14,1,0.0
202300015324,155 653 457,A01,2,7,15,0,2,14,0,0.0
202300015325,155 653 456,A01,1,7,0,1,2,1,1,0.0
202300015326,155 653 455,A01,2,10,0,1,3,1,1,0.0
202300015327,155 653 453,B01,1,2,0,2,1,2,1,0.0
202300015327,155 653 454,A01,1,31,0,0,8,26,1,0.0
202300015328,155 653 451,A01,1,7,6,2,1,13,3,0.0
202300015328,155 653 452,B01,2,7,9,2,8,1,1,0.0
202300015329,155 653 449,B01,1,7,0,2,2,19,1,0.0
202300015329,155 653 450,A01,2,7,0,2,3,1,1,0.0
202300015330,155 653 447,A01,2,7,0,2,3,1,1,0.0
202300015330,155 653 448,B01,1,10,0,2,3,13,1,0.0
202300015331,155 653 445,A01,2,33,0,2,3,5,1,0.0
202300015331,155 653 446,B01,1,10,0,2,3,1,1,0.0
202300015332,155 653 444,A01,1,33,8,0,1,17,1,0.0
202300015333,155 653 442,A01,1,7,0,2,3,2,1,0.0
202300015333,155 653 443,B01,1,1,0,2,5,2,5,0.0
202300015334,155 653 439,A01,2,7,0,2,1,0,1,0.0
202300015334,155 653 440,B01,2,7,0,2,4,0,1,0.0
202300015335,155 653 430,B01,1,7,0,2,6,2,1,0.0
202300015335,155 653 431,A01,1,7,0,2,1,1,1,0.0
202300015335,155 653 432,C01,1,33,0,2,1,2,1,0.0
202300015336,155 653 426,B01,2,7,0,2,6,1,1,0.0
202300015336,155 653 427,C01,2,7,0,2,1,1,2,0.0
202300015336,155 653 428,D01,2,7,0,2,1,1,1,0.0
202300015336,155 653 429,Z01,2,14,0,2,2,12,0,0.0
202300015337,155 653 425,A01,1,7,0,2,1,1,1,0.0
202300015338,155 653 424,A01,1,7,0,0,9,14,1,0.0
202300015339,155 653 422,A01,2,7,0,2,3,18,1,0.0
202300015339,155 653 423,B01,2,7,0,2,5,1,1,0.0
202300015340,155 653 420,Z01,1,7,0,2,7,14,-1,0.0
202300015340,155 653 421,A01,1,33,0,2,8,1,1,0.0
202300015341,155 653 419,A01,1,33,0,9,7,1,1,0.0
202300015342,155 653 416,A01,1,7,0,2,1,2,1,0.0
202300015342,155 653 417,B01,1,7,0,2,4,2,1,0.0
202300015342,155 653 418,C01,1,7,0,2,4,2,1,0.0
202300015343,155 653 414,B01,2,7,0,2,4,2,1,0.0
202300015343,155 653 415,A01,2,7,0,2,1,1,1,0.0
202300015344,155 653 413,A01,1,7,0,1,1,1,1,0.0
202300015345,155 653 411,B01,1,37,0,2,2,1,1,1.0
202300015345,155 653 412,A01,3,7,0,2,1,19,1,0.0
202300015346,155 653 409,B01,2,7,0,2,2,1,1,0.0
202300015346,155 653 410,A01,2,33,0,2,4,9,1,0.0
202300015347,155 653 408,A01,2,7,8,0,1,1,1,0.0
202300015348,155 653 406,A01,0,1,0,2,3,0,5,0.0
202300015348,155 653 407,B01,2,60,0,2,1,0,5,0.0
202300015349,155 653 404,A01,1,37,0,2,1,1,1,1.0
202300015349,155 653 405,B01,2,7,0,2,8,1,1,0.0
202300015350,155 653 403,A01,1,10,0,1,2,1,1,0.0
202300015351,155 653 401,A01,1,7,0,2,7,16,0,0.0
202300015351,155 653 402,B01,1,32,0,2,8,26,0,0.0
202300015352,155 653 400,A01,2,7,0,1,2,1,0,0.0
202300015353,155 653 398,A01,2,10,0,2,3,15,1,0.0
202300015353,155 653 399,B01,2,31,0,2,1,1,1,0.0
202300015354,155 653 396,B01,1,50,0,2,1,14,3,0.0
202300015354,155 653 397,A01,1,7,0,2,2,15,1,0.0
202300015355,155 653 394,A01,2,32,0,2,1,1,1,0.0
202300015355,155 653 395,B01,1,80,0,2,7,15,3,0.0
202300015356,155 653 392,A01,3,34,0,2,8,3,1,0.0
202300015356,155 653 393,B01,3,7,0,2,5,2,1,0.0
202300015357,155 653 390,B01,3,7,0,2,3,9,1,0.0
202300015357,155 653 391,A01,2,7,0,2,1,1,1,0.0
202300015358,155 653 384,B01,1,7,0,2,7,2,1,0.0
202300015358,155 653 385,A01,1,14,0,2,3,14,1,0.0
202300015359,155 653 380,A01,1,31,0,2,1,17,1,0.0
202300015359,155 653 381,B01,1,10,0,2,3,11,1,0.0
202300015360,155 653 377,A01,1,7,0,2,1,1,1,0.0
202300015360,155 653 378,B01,1,7,0,2,4,1,1,0.0
202300015360,155 653 379,C01,1,7,0,2,4,1,1,0.0
202300015361,155 653 376,A01,1,7,13,0,8,1,1,0.0
202300015362,155 653 375,A01,1,32,0,1,1,1,1,0.0
202300015363,155 653 373,A01,1,7,0,2,8,1,1,0.0
202300015363,155 653 374,B01,2,7,0,2,1,1,1,0.0
202300015364,155 653 372,A01,3,7,0,1,4,4,1,0.0
202300015365,155 653 370,B01,1,7,0,2,1,1,3,0.0
202300015365,155 653 371,A01,2,7,0,2,2,15,1,0.0
202300015366,155 653 369,A01,2,31,0,5,1,1,1,0.0
202300015367,155 653 366,C01,1,7,11,0,4,23,1,0.0
202300015367,155 653 367,A01,1,7,0,2,1,1,1,0.0
202300015367,155 653 368,B01,1,7,11,0,4,23,1,0.0
202300015368,155 653 365,A01,2,7,0,0,9,2,1,0.0
202300015369,155 653 364,A01,2,7,0,1,2,1,1,0.0
202300015370,155 653 362,A01,1,7,0,2,2,15,1,0.0
202300015370,155 653 363,B01,2,30,0,2,1,1,1,0.0
202300015371,155 653 361,A01,2,7,1,0,2,14,1,0.0
202300015372,155 653 360,A01,3,7,0,0,0,26,1,0.0
202300015373,155 653 357,A01,2,7,0,2,1,2,1,0.0
202300015373,155 653 358,C01,2,7,0,2,4,2,1,0.0
202300015373,155 653 359,B01,2,7,0,2,4,2,1,0.0
202300015374,155 653 356,A01,2,7,0,1,1,1,1,0.0
202300015375,155 653 354,A01,1,10,0,2,3,10,1,0.0
202300015375,155 653 355,B01,2,43,0,2,2,17,1,0.0
202300015376,155 653 351,C01,1,7,0,2,4,2,1,0.0
202300015376,155 653 352,B01,1,7,0,2,4,2,1,0.0
202300015376,155 653 353,A01,1,7,0,2,1,2,1,0.0
202300015377,155 653 349,B01,2,31,0,2,1,1,1,0.0
202300015377,155 653 350,A01,2,7,0,2,3,15,1,0.0
202300015378,155 653 345,D01,3,7,0,2,4,1,1,0.0
202300015378,155 653 346,C01,3,7,0,2,4,1,1,0.0
202300015378,155 653 347,B01,3,7,0,2,4,1,1,0.0
202300015378,155 653 348,A01,3,10,0,2,1,1,1,0.0
202300015379,155 653 343,B01,1,10,0,2,4,1,1,0.0
202300015379,155 653 344,A01,1,7,0,2,1,1,2,0.0
202300015380,155 653 342,A01,1,2,12,0,3,15,1,0.0
202300015381,155 653 339,A01,2,33,0,2,1,2,1,0.0
202300015381,155 653 340,C01,1,7,0,2,3,5,1,0.0
202300015381,155 653 341,B01,2,2,0,2,4,2,1,0.0
202300015382,155 653 338,A01,1,7,0,1,2,15,1,0.0
202300015383,155 653 336,A01,3,10,0,2,1,15,1,0.0
202300015383,155 653 337,B01,3,7,0,2,1,1,1,0.0
202300015384,155 653 334,B01,1,34,0,0,1,1,1,0.0
202300015384,155 653 335,A01,2,7,0,0,5,10,1,0.0
202300015385,155 653 332,B01,2,7,0,2,4,20,1,0.0
202300015385,155 653 333,A01,2,2,0,2,1,1,1,0.0
202300015386,155 653 331,A01,1,7,0,1,3,15,1,0.0
202300015387,155 653 329,A01,2,7,0,2,1,2,1,0.0
202300015387,155 653 330,B01,2,7,0,2,0,0,1,0.0
202300015388,155 653 328,A01,2,7,1,0,1,1,1,0.0
202300015389,155 653 326,B01,1,2,0,2,7,1,1,0.0
202300015389,155 653 327,A01,2,7,0,2,1,15,1,0.0
202300015390,155 653 324,B01,2,7,0,2,3,9,1,0.0
202300015390,155 653 325,A01,1,1,0,2,2,1,5,0.0
202300015391,155 653 323,A01,1,10,0,1,7,20,1,0.0
202300015392,155 653 321,A01,0,7,0,2,1,26,1,0.0
202300015392,155 653 322,B01,0,7,1,2,7,0,1,0.0
202300015393,155 653 320,A01,1,7,12,0,2,1,1,0.0
202300015394,155 653 319,A01,3,7,0,1,3,16,1,0.0
202300015395,155 653 318,A01,1,10,0,1,1,15,3,0.0
202300015396,155 653 316,B01,3,37,0,2,1,7,1,2.0
202300015396,155 653 317,A01,3,10,0,2,4,9,1,0.0
202300015397,155 653 315,A01,3,7,0,1,2,1,1,0.0
202300015398,155 653 313,A01,2,30,0,2,1,2,1,0.0
202300015398,155 653 314,B01,2,7,0,2,4,23,1,0.0
202300015399,155 653 311,A01,3,34,6,0,2,1,0,0.0
202300015400,155 653 310,B01,1,31,0,2,1,1,1,0.0
202300015400,155 653 312,A01,2,7,0,2,7,15,1,0.0
202300015401,155 653 308,A01,2,7,0,1,3,19,1,0.0
202300015402,155 653 307,A01,1,14,0,2,3,13,1,0.0
202300015402,155 653 309,B01,2,17,0,2,7,1,1,0.0
202300015403,155 653 305,A01,1,7,0,2,3,13,1,0.0
202300015403,155 653 306,B01,2,2,0,2,3,1,1,0.0
202300015404,155 653 304,A01,3,7,0,1,3,1,1,0.0
202300015405,155 653 302,B01,1,2,0,2,1,15,1,0.0
202300015405,155 653 303,A01,2,7,0,2,3,9,1,0.0
202300015406,155 653 300,A01,2,7,0,1,8,1,1,0.0
202300015407,155 653 297,C01,1,7,0,2,1,23,1,0.0
202300015407,155 653 299,B01,1,7,0,2,1,1,1,0.0
202300015407,155 653 301,A01,2,7,0,2,7,15,1,0.0
202300015408,155 653 295,B01,2,33,0,0,0,0,1,0.0
202300015408,155 653 296,A01,2,31,12,2,1,13,1,0.0
202300015409,155 653 293,A01,1,7,0,1,1,1,1,0.0
202300015410,155 653 292,A01,3,7,0,2,2,2,0,0.0
202300015410,155 653 294,B01,3,2,0,2,4,2,0,0.0
202300015411,155 653 290,A01,1,7,14,2,5,15,1,0.0
202300015411,155 653 291,B01,2,32,0,2,1,1,1,0.0
202300015412,155 653 289,A01,1,7,13,0,1,1,0,0.0
202300015413,155 653 287,B01,2,40,0,2,1,1,3,0.0
202300015413,155 653 288,A01,1,7,0,4,8,19,1,0.0
202300015414,155 653 284,A01,1,7,0,2,1,14,1,0.0
202300015414,155 653 285,B01,1,7,0,2,4,1,1,0.0
202300015415,155 653 283,B01,1,7,0,2,1,1,0,0.0
202300015415,155 653 286,A01,2,7,0,2,7,13,0,0.0
202300015416,155 653 281,A01,2,33,0,2,1,1,1,0.0
202300015416,155 653 282,B01,1,7,0,2,2,15,1,0.0
202300015417,155 653 277,A01,1,7,0,0,0,15,1,0.0
202300015417,155 653 279,B01,2,30,0,0,0,1,1,0.0
202300015418,155 653 275,C01,3,7,0,2,3,23,0,0.0
202300015418,155 653 276,D01,3,10,0,2,6,23,1,0.0
202300015418,155 653 278,B01,3,7,0,0,0,0,0,0.0
202300015418,155 653 280,A01,3,30,0,2,3,23,1,0.0
202300015419,155 653 273,B01,2,7,0,2,1,15,1,0.0
202300015419,155 653 274,A01,1,7,0,2,3,1,1,0.0
202300015420,155 653 271,A01,1,7,0,2,2,1,1,0.0
202300015420,155 653 272,B01,2,7,3,2,1,1,2,0.0
202300015421,155 653 270,A01,2,7,0,1,3,26,1,0.0
202300015422,155 653 268,A01,1,7,11,0,2,1,1,0.0
202300015423,155 653 267,A01,1,7,0,2,1,16,1,0.0
202300015423,155 653 269,B01,1,2,0,2,1,2,1,0.0
202300015424,155 653 265,A01,1,7,0,1,2,1,1,0.0
202300015425,155 653 264,A01,0,10,0,2,7,15,1,0.0
202300015425,155 653 266,B01,0,33,0,2,1,1,1,0.0
202300015426,155 653 261,A01,1,7,0,2,3,9,1,0.0
202300015426,155 653 262,B01,1,33,0,2,1,1,1,0.0
202300015427,155 653 260,B01,2,2,0,2,1,1,1,0.0
202300015427,155 653 263,A01,1,7,0,2,2,15,0,0.0
202300015428,155 653 258,B01,3,33,0,2,1,1,1,0.0
202300015428,155 653 259,A01,3,7,0,2,7,15,1,0.0
202300015429,155 653 254,B01,1,32,0,2,0,1,1,0.0
202300015429,155 653 256,A01,1,34,0,2,0,1,0,0.0
202300015430,155 653 255,B01,2,15,0,2,3,26,1,0.0
202300015430,155 653 257,A01,1,7,0,2,7,26,1,0.0
202300015431,155 653 252,A01,2,2,0,2,1,2,1,0.0
202300015431,155 653 253,B01,2,7,14,0,6,2,1,0.0
202300015432,155 653 248,A01,1,10,0,2,1,1,1,0.0
202300015432,155 653 249,B01,1,15,4,0,2,0,1,0.0
202300015432,155 653 251,C01,0,7,0,9,1,0,1,0.0
202300015433,155 653 247,A01,3,7,0,2,2,1,1,0.0
202300015433,155 653 250,B01,3,1,0,2,6,19,5,0.0
202300015434,155 653 245,A01,3,13,0,0,2,16,1,0.0
202300015434,155 653 246,B01,0,2,0,2,1,18,1,0.0
202300015435,155 653 243,B01,2,50,0,2,1,26,3,0.0
202300015435,155 653 244,A01,1,7,0,2,8,26,1,0.0
202300015436,155 653 241,A01,3,10,0,1,1,2,1,0.0
202300015437,155 653 240,A01,1,21,0,0,3,0,1,0.0
202300015437,155 653 242,B01,2,32,0,0,1,0,1,0.0
202300015438,155 653 236,C01,2,43,0,2,5,1,1,0.0
202300015438,155 653 238,A01,2,7,0,2,0,11,1,0.0
202300015438,155 653 239,B01,2,7,0,2,3,21,1,0.0
202300015439,155 653 234,A01,1,7,0,0,6,23,1,0.0
202300015439,155 653 237,B01,1,7,1,0,2,2,1,0.0
202300015440,155 653 233,B01,2,7,0,2,4,1,1,0.0
202300015440,155 653 235,A01,2,31,0,2,1,11,1,0.0
202300015441,155 653 230,A01,2,7,0,2,1,5,1,0.0
202300015441,155 653 232,B01,1,7,0,2,3,1,1,0.0
202300015442,155 653 229,B01,3,80,0,2,8,1,3,0.0
202300015442,155 653 231,A01,3,7,0,2,1,16,1,0.0
202300015443,155 653 227,B01,2,33,0,2,7,17,1,0.0
202300015443,155 653 228,A01,2,2,0,2,8,10,3,0.0
202300015444,155 653 225,A01,3,7,0,2,1,17,1,0.0
202300015444,155 653 226,B01,3,7,0,2,1,1,1,0.0
202300015445,155 653 223,A01,2,10,0,2,3,1,1,0.0
202300015445,155 653 224,B01,1,7,0,2,3,1,1,0.0
202300015446,155 653 222,A01,2,2,4,0,1,19,1,0.0
202300015447,155 653 221,A01,2,7,2,0,8,15,0,0.0
202300015448,155 653 220,A01,1,10,0,1,1,15,1,0.0
202300015449,155 653 219,A01,2,7,0,1,3,1,1,0.0
202300015450,155 653 217,A01,3,33,0,0,7,1,1,0.0
202300015450,155 653 218,B01,3,7,0,2,3,1,1,0.0
202300015451,155 653 216,A01,0,50,15,0,1,0,3,0.0
202300015452,155 653 215,A01,3,7,13,0,9,1,1,0.0
202300015453,155 653 214,A01,3,2,0,0,0,23,1,0.0
202300015454,155 653 212,A01,2,7,0,2,6,2,1,0.0
202300015454,155 653 213,B01,2,7,0,2,2,2,1,0.0
202300015455,155 653 211,A01,1,33,16,0,7,26,1,0.0
202300015456,155 653 208,B01,1,7,0,2,4,23,1,0.0
202300015456,155 653 209,C01,1,7,0,2,1,1,1,0.0
202300015456,155 653 210,A01,1,10,0,2,9,21,1,0.0
202300015457,155 653 206,A01,1,7,0,2,1,2,1,0.0
202300015457,155 653 207,B01,1,7,0,2,4,2,1,0.0
202300015458,155 653 203,A01,2,31,0,2,1,3,1,0.0
202300015458,155 653 204,B01,2,7,0,2,6,1,1,0.0
202300015458,155 653 205,C01,1,7,0,2,8,1,1,0.0
202300015459,155 653 201,A01,2,42,0,2,8,3,1,0.0
202300015459,155 653 202,B01,2,7,0,2,7,12,1,0.0
202300015460,155 653 199,B01,2,7,0,2,2,12,3,0.0
202300015460,155 653 200,A01,2,33,0,2,1,3,1,0.0
202300015461,155 653 198,A01,1,43,0,0,0,3,1,0.0
202300015462,155 653 196,A01,2,10,0,2,3,14,1,0.0
202300015462,155 653 197,B01,2,7,0,2,5,1,1,0.0
202300015463,155 653 194,B01,2,7,0,2,4,12,1,0.0
202300015463,155 653 195,A01,2,43,0,2,1,3,1,0.0
202300015464,155 653 192,A01,1,31,0,2,1,2,1,0.0
202300015464,155 653 193,B01,1,10,0,2,4,1,1,0.0
202300015465,155 653 190,A01,2,10,0,2,1,2,1,0.0
202300015465,155 653 191,B01,2,7,0,2,4,1,1,0.0
202300015466,155 653 185,A01,2,10,0,2,2,12,1,0.0
202300015466,155 653 186,E01,2,7,0,2,5,2,1,0.0
202300015466,155 653 187,B01,2,33,0,2,3,3,1,0.0
202300015466,155 653 188,C01,2,7,0,2,5,2,2,0.0
202300015466,155 653 189,D01,2,7,0,2,8,2,1,0.0
202300015467,155 653 183,A01,1,7,8,0,3,16,1,0.0
202300015468,155 653 180,C01,3,7,0,2,2,1,2,0.0
202300015468,155 653 181,B01,3,7,0,2,7,1,1,0.0
202300015468,155 653 182,A01,3,7,0,2,2,26,1,0.0
202300015469,155 653 178,A01,3,15,0,2,3,13,1,0.0
202300015469,155 653 179,B01,3,7,0,2,1,0,1,0.0
202300015470,155 653 177,A01,1,7,15,0,0,1,1,0.0
202300015471,155 653 176,A01,1,7,0,1,3,1,1,0.0
202300015472,155 653 175,B01,3,2,0,1,1,0,0,0.0
202300015473,155 653 173,B01,1,2,0,2,1,21,1,0.0
202300015473,155 653 174,A01,2,34,0,2,7,15,1,0.0
202300015474,155 653 172,A01,3,1,1,0,1,15,5,0.0
202300015475,155 653 170,A01,3,7,0,2,1,15,1,0.0
202300015475,155 653 171,B01,3,2,0,2,1,1,1,0.0
202300015476,155 653 168,B01,3,7,0,9,8,19,1,0.0
202300015476,155 653 169,A01,3,50,0,2,1,19,3,0.0
202300015477,155 653 166,B01,1,7,0,2,1,2,0,0.0
202300015477,155 653 167,A01,1,7,0,2,4,2,6,0.0
202300015478,155 653 164,A01,1,31,0,2,0,17,1,0.0
202300015478,155 653 165,B01,1,7,0,9,0,0,1,0.0
202300015479,155 653 162,A01,2,7,0,2,3,15,1,0.0
202300015479,155 653 163,B01,2,31,0,2,1,1,1,0.0
202300015480,155 653 160,A01,2,7,0,2,3,2,1,0.0
202300015480,155 653 161,B01,2,30,0,2,2,2,1,0.0
202300015481,155 653 157,A01,1,7,0,2,3,15,1,0.0
202300015481,155 653 158,C01,1,37,0,2,0,0,1,1.0
202300015481,155 653 159,B01,2,34,0,2,8,1,1,0.0
202300015482,155 653 155,A01,1,7,0,2,6,9,1,0.0
202300015482,155 653 156,B01,1,7,0,2,2,1,1,0.0
202300015483,155 653 154,A01,1,7,0,1,2,21,1,0.0
202300015484,155 653 153,A01,1,7,1,0,1,2,0,0.0
202300015485,155 653 151,A01,2,7,14,0,5,23,0,0.0
202300015485,155 653 152,B01,2,7,9,2,1,2,0,0.0
202300015486,155 653 150,A01,2,7,0,1,2,1,1,0.0
202300015487,155 653 147,B01,-1,7,0,2,2,0,1,0.0
202300015487,155 653 148,C01,-1,10,0,2,3,0,1,0.0
202300015487,155 653 149,A01,-1,7,11,0,1,0,1,0.0
202300015488,155 653 142,B01,2,7,0,2,4,23,1,0.0
202300015488,155 653 143,E01,2,7,0,2,4,1,1,0.0
202300015488,155 653 144,A01,2,7,0,2,1,1,1,0.0
202300015488,155 653 145,C01,2,7,0,2,4,1,1,0.0
202300015488,155 653 146,D01,2,7,0,2,4,1,1,0.0
202300015489,155 653 140,A01,1,10,0,2,2,1,1,0.0
202300015489,155 653 141,B01,2,50,0,2,8,11,3,0.0
202300015490,155 653 139,A01,1,33,13,0,0,1,1,0.0
202300015491,155 653 137,B01,3,32,0,2,1,1,1,0.0
202300015491,155 653 138,A01,3,7,0,2,3,9,1,0.0
202300015492,155 653 135,A01,3,10,6,0,3,19,0,0.0
202300015492,155 653 136,B01,2,33,6,0,2,1,1,0.0
202300015493,155 653 134,A01,3,7,0,1,4,26,1,0.0
202300015494,155 653 132,B01,1,7,0,2,1,1,1,0.0
202300015494,155 653 133,A01,1,30,0,2,1,5,1,0.0
202300015495,155 653 129,A01,0,7,0,1,1,1,1,0.0
202300015496,155 653 128,A01,1,7,0,1,1,15,1,0.0
202300015497,155 653 126,B01,2,7,0,9,1,1,1,0.0
202300015497,155 653 127,A01,2,1,0,2,1,19,5,0.0
202300015498,155 653 120,B01,1,13,0,2,4,2,1,0.0
202300015498,155 653 121,A01,1,30,0,2,1,2,0,0.0
202300015499,155 653 118,B01,1,7,0,2,8,1,1,0.0
202300015499,155 653 119,A01,1,7,0,2,1,19,1,0.0
202300015500,155 653 117,A01,2,7,0,1,1,1,1,0.0
202300015501,155 653 115,B01,3,7,0,2,1,1,1,0.0
202300015501,155 653 116,A01,3,30,0,2,1,13,1,0.0
202300015502,155 653 114,A01,0,7,0,1,2,1,1,0.0
202300015503,155 653 112,B01,1,33,0,2,3,1,1,0.0
202300015503,155 653 113,A01,3,7,0,2,3,15,1,0.0
202300015504,155 653 111,A01,3,33,0,0,7,16,1,0.0
202300015505,155 653 109,A01,1,1,0,2,1,1,5,0.0
202300015505,155 653 110,B01,2,7,0,2,3,1,1,0.0
202300015506,155 653 107,B01,3,7,0,2,4,2,1,0.0
202300015506,155 653 108,A01,3,30,0,2,1,2,1,0.0
202300015507,155 653 106,A01,3,2,0,0,0,21,1,0.0
202300015508,155 653 105,A01,3,7,8,0,1,13,1,0.0
202300015509,155 653 103,A01,3,7,0,2,8,19,1,0.0
202300015509,155 653 104,B01,2,33,0,2,1,1,1,0.0
202300015510,155 653 101,A01,3,60,0,2,7,26,5,0.0
202300015510,155 653 102,B01,3,7,0,2,1,16,0,0.0
202300015511,155 653 100,A01,0,7,6,0,1,9,1,0.0
202300015512,155 653 098,B01,3,7,0,2,2,23,1,0.0
202300015512,155 653 099,A01,2,50,14,2,1,5,3,0.0
202300015513,155 653 097,A01,2,7,0,1,2,1,1,0.0
202300015514,155 653 095,B01,2,7,0,2,4,15,1,0.0
202300015514,155 653 096,A01,2,50,0,2,1,21,3,0.0
202300015515,155 653 093,A01,1,7,0,2,1,9,1,0.0
202300015515,155 653 094,B01,1,80,0,2,1,1,3,0.0
202300015516,155 653 091,B01,2,7,0,2,1,1,1,0.0
202300015516,155 653 092,A01,1,7,0,2,3,15,1,0.0
202300015517,155 653 090,A01,1,7,13,0,3,13,3,0.0
202300015518,155 653 088,B01,1,80,0,2,7,2,3,0.0
202300015518,155 653 089,A01,1,7,0,2,3,2,1,0.0
202300015519,155 653 086,A01,1,33,0,2,7,17,1,0.0
202300015519,155 653 087,B01,1,7,0,2,8,15,1,0.0
202300015520,155 653 084,A01,3,7,0,2,1,1,1,0.0
202300015520,155 653 085,B01,3,1,0,2,1,1,5,0.0
202300015521,155 653 083,A01,1,30,12,0,8,11,1,0.0
202300015522,155 653 080,A01,1,7,0,2,1,1,1,0.0
202300015522,155 653 081,B01,1,7,0,2,4,1,1,0.0
202300015522,155 653 082,C01,1,7,0,2,6,1,1,0.0
202300015523,155 653 078,B01,1,7,0,2,7,16,1,0.0
202300015523,155 653 079,A01,1,1,0,2,8,1,5,0.0
202300015524,155 653 076,A01,3,33,0,0,1,1,1,0.0
202300015524,155 653 077,B01,1,7,0,0,3,1,1,0.0
202300015525,155 653 075,A01,3,7,0,1,5,0,1,0.0
202300015526,155 653 074,A01,3,3,0,1,1,0,1,0.0
202300015527,155 653 072,A01,1,7,0,2,1,1,1,0.0
202300015527,155 653 073,B01,2,99,0,2,7,1,1,0.0
202300015528,155 653 071,A01,1,7,0,1,7,26,1,0.0
202300015529,155 653 070,A01,1,10,0,1,2,21,1,0.0
202300015530,155 653 068,A01,1,30,0,2,1,2,1,0.0
202300015530,155 653 069,B01,1,7,0,2,4,1,1,0.0
202300015531,155 653 066,A01,0,7,0,2,2,1,0,0.0
202300015531,155 653 067,B01,0,1,0,2,3,19,5,0.0
202300015532,155 653 063,A01,1,7,0,2,8,13,1,0.0
202300015532,155 653 064,B01,2,7,0,2,3,0,1,0.0
202300015532,155 653 065,C01,2,7,0,2,1,1,1,0.0
202300015533,155 653 062,A01,1,30,0,0,0,1,1,0.0
202300015534,155 653 061,A01,3,30,12,0,2,20,1,0.0
202300015535,155 653 059,A01,3,7,0,2,1,1,1,0.0
202300015535,155 653 060,B01,3,7,0,2,7,1,1,0.0
202300015536,155 653 057,A01,2,33,3,2,3,21,1,0.0
202300015536,155 653 058,B01,2,10,0,2,8,1,1,0.0
202300015537,155 653 055,B01,2,33,0,2,3,1,1,0.0
202300015537,155 653 056,A01,1,7,0,2,3,15,1,0.0
202300015538,155 653 054,A01,1,7,13,0,1,1,1,0.0
202300015539,155 653 051,A01,2,7,0,2,3,1,1,0.0
202300015539,155 653 052,B01,2,7,0,2,1,1,1,0.0
202300015539,155 653 053,C01,2,7,0,2,4,1,1,0.0
202300015540,155 653 049,A01,3,33,0,2,2,3,1,0.0
202300015540,155 653 050,B01,3,7,0,2,8,11,1,0.0
202300015541,155 653 047,A01,1,30,0,2,1,12,1,0.0
202300015541,155 653 048,B01,1,7,0,2,5,1,1,0.0
202300015542,155 653 046,A01,1,7,1,0,1,13,1,0.0
202300015543,155 653 044,B01,2,1,0,2,7,14,5,0.0
202300015543,155 653 045,A01,2,7,0,2,8,1,1,0.0
202300015544,155 653 042,A01,1,7,0,2,5,12,1,0.0
202300015544,155 653 043,B01,1,33,0,2,3,1,1,0.0
202300015545,155 653 039,C01,2,10,0,2,3,1,1,0.0
202300015545,155 653 040,B01,2,10,0,2,6,1,1,0.0
202300015545,155 653 041,A01,1,10,0,2,3,13,1,0.0
202300015546,155 653 037,B01,2,7,0,2,2,1,0,0.0
202300015546,155 653 038,A01,2,50,0,2,0,0,3,0.0
202300015547,155 653 033,B01,1,7,0,2,8,15,1,0.0
202300015547,155 653 034,A01,1,10,0,2,2,17,1,0.0
202300015548,155 653 031,B01,1,7,0,2,1,1,1,0.0
202300015548,155 653 032,A01,2,7,0,2,1,1,1,0.0
202300015549,155 653 029,A01,1,99,0,2,4,1,1,0.0
202300015549,155 653 030,B01,1,7,0,2,1,1,1,0.0
202300015550,155 653 027,A01,2,7,0,2,3,15,1,0.0
202300015550,155 653 028,B01,1,30,0,2,1,1,1,0.0
202300015551,155 653 026,A01,1,7,0,1,3,1,1,0.0
202300015552,155 653 024,A01,3,7,0,2,3,15,1,0.0
202300015552,155 653 025,B01,3,1,0,2,1,1,5,0.0
202300015553,155 653 023,A01,1,7,15,0,1,1,1,0.0
202300015554,155 653 021,B01,3,50,0,2,4,1,3,0.0
202300015554,155 653 022,A01,3,7,0,2,2,15,1,0.0
202300015555,155 653 020,A01,1,7,0,1,7,26,1,0.0
202300015556,155 653 019,A01,3,7,0,1,1,1,0,0.0
202300015557,155 653 018,A01,1,50,0,1,1,25,3,0.0
202300015558,155 653 017,A01,1,30,0,0,7,14,1,0.0
202300015559,155 653 015,A01,3,32,0,2,4,23,1,0.0