num_acc,id_vehicule,num_veh,senc,catv,obs,obsm,choc,manv,motor,occutc
202300015559,155 653 016,B01,3,7,0,2,1,2,1,0.0
202300015560,155 653 013,B01,3,33,0,2,1,1,1,0.0
202300015560,155 653 014,A01,3,7,0,2,2,9,1,0.0
202300015561,155 653 012,A01,2,7,0,1,2,1,1,0.0
202300015562,155 653 008,D01,2,7,0,2,4,2,1,0.0
202300015562,155 653 009,A01,2,10,0,2,1,21,1,0.0
202300015562,155 653 010,B01,2,7,0,2,1,2,1,0.0
202300015562,155 653 011,C01,2,10,0,2,4,2,1,0.0
202300015563,155 653 005,B01,1,33,0,2,3,3,1,0.0
202300015563,155 653 006,C01,1,7,0,2,7,1,1,0.0
202300015563,155 653 007,A01,1,31,0,2,5,12,1,0.0
202300015564,155 653 002,C01,1,7,0,2,6,2,2,0.0
202300015564,155 653 003,A01,1,7,0,2,1,2,1,0.0
202300015564,155 653 004,B01,1,7,0,2,5,2,1,0.0
202300015565,155 653 000,A01,1,7,0,2,1,2,1,0.0
202300015565,155 653 001,B01,2,31,0,2,1,2,1,0.0
202300015566,155 652 999,A01,1,1,0,1,1,1,5,0.0
202300015567,155 652 997,A01,1,10,0,2,4,1,1,0.0
202300015567,155 652 998,B01,1,7,0,2,4,23,1,0.0
202300015568,155 652 996,A01,1,7,0,1,5,1,1,0.0
202300015569,155 652 994,B01,1,7,0,2,3,1,1,0.0
202300015569,155 652 995,A01,2,1,0,2,7,1,5,0.0
202300015570,155 652 992,A01,2,7,0,2,7,22,1,0.0
202300015570,155 652 993,B01,2,1,0,2,1,1,5,0.0
202300015571,155 652 990,B01,2,7,0,2,0,15,3,0.0
202300015571,155 652 991,A01,1,2,0,2,0,1,3,0.0
202300015572,155 652 987,C01,1,7,0,2,8,1,1,0.0
202300015572,155 652 988,B01,2,7,0,2,3,1,1,0.0
202300015572,155 652 989,A01,2,1,0,2,3,21,5,0.0
202300015573,155 652 985,B01,1,1,0,2,8,13,5,0.0
202300015573,155 652 986,A01,1,7,0,2,2,23,3,0.0
202300015574,155 652 983,B01,1,31,0,2,2,1,1,0.0
202300015574,155 652 984,A01,1,7,0,2,3,10,1,0.0
202300015575,155 652 981,A01,1,7,0,0,3,22,1,0.0
202300015575,155 652 982,B01,1,1,1,0,1,1,5,0.0
202300015576,155 652 980,A01,1,50,0,1,1,2,3,0.0
202300015577,155 652 977,B01,3,7,0,2,1,1,1,0.0
202300015577,155 652 978,C01,3,7,0,2,1,1,1,0.0
202300015577,155 652 979,A01,3,7,0,2,1,1,1,0.0
202300015578,155 652 975,A01,2,7,4,2,8,2,1,0.0
202300015578,155 652 976,B01,2,2,4,2,7,2,1,0.0
202300015579,155 652 973,B01,3,33,0,2,0,1,1,0.0
202300015579,155 652 974,AA01,3,7,0,2,2,15,1,0.0
202300015580,155 652 971,A01,1,7,0,2,3,2,1,0.0
202300015580,155 652 972,B01,1,31,0,2,2,2,1,0.0
202300015581,155 652 970,A01,1,50,9,0,0,1,3,0.0
202300015582,155 652 969,A01,3,7,0,1,1,1,1,0.0
202300015583,155 652 967,B01,1,7,0,2,6,15,2,0.0
202300015583,155 652 968,A01,1,30,0,2,1,1,1,0.0
202300015584,155 652 965,A01,0,1,0,9,1,2,5,0.0
202300015584,155 652 966,B01,0,1,0,0,4,2,5,0.0
202300015585,155 652 963,B01,1,7,1,0,2,17,1,0.0
202300015585,155 652 964,A01,1,13,0,2,8,26,1,0.0
202300015586,155 652 961,A01,3,7,0,9,6,11,0,0.0
202300015586,155 652 962,B01,3,33,0,2,1,3,1,0.0
202300015587,155 652 959,B01,2,32,0,2,1,0,1,0.0
202300015587,155 652 960,A01,1,7,0,2,3,6,1,0.0
202300015588,155 652 958,A01,3,7,0,1,1,1,1,0.0
202300015589,155 652 956,A01,0,80,0,2,6,1,3,0.0
202300015589,155 652 957,Z01,3,0,0,9,2,1,0,0.0
202300015590,155 652 954,A01,3,30,0,2,1,11,1,0.0
202300015590,155 652 955,B01,3,7,0,2,8,11,1,0.0
202300015591,155 652 953,A01,2,34,0,1,2,2,1,0.0
202300015592,155 652 952,A01,1,30,8,0,1,1,1,0.0
202300015593,155 652 950,A01,1,33,0,1,1,21,1,0.0
202300015593,155 652 951,B01,1,7,0,2,5,0,1,0.0
202300015594,155 652 949,A01,2,32,0,1,1,1,1,0.0
202300015595,155 652 947,A01,1,7,1,2,1,14,1,0.0
202300015595,155 652 948,B01,1,7,0,2,4,23,3,0.0
202300015596,155 652 946,A01,3,2,0,0,0,2,1,0.0
202300015597,155 652 945,A01,2,7,16,0,3,0,1,0.0
202300015598,155 652 944,A01,2,2,12,0,1,1,1,0.0
202300015599,155 652 942,A01,2,33,0,2,1,2,1,0.0
202300015599,155 652 943,B01,2,7,0,2,8,15,1,0.0
202300015600,155 652 940,A01,1,33,0,2,7,2,1,0.0
202300015600,155 652 941,B01,1,7,0,2,8,2,1,0.0
202300015601,155 652 938,A01,1,33,0,2,1,17,1,0.0
202300015601,155 652 939,B01,1,10,0,2,6,15,1,0.0
202300015602,155 652 937,A01,0,7,0,1,1,1,1,0.0
202300015603,155 652 934,A01,1,7,2,0,1,1,1,0.0
202300015604,155 652 933,A01,0,33,0,0,0,0,0,0.0
202300015605,155 652 932,A01,2,1,0,0,0,1,5,0.0
202300015606,155 652 929,C01,1,7,0,2,3,1,1,0.0
202300015606,155 652 930,A01,2,7,0,2,1,1,1,0.0
202300015606,155 652 931,B01,1,10,0,2,3,1,1,0.0
202300015607,155 652 928,A01,1,7,17,0,1,1,1,0.0
202300015608,155 652 927,A01,2,7,2,0,8,13,1,0.0
202300015609,155 652 925,A01,2,7,0,2,1,13,1,0.0
202300015609,155 652 926,B01,1,7,0,2,1,1,1,0.0
202300015610,155 652 923,A01,1,7,0,2,2,2,0,0.0
202300015610,155 652 924,B01,2,7,0,2,3,26,0,0.0
202300015611,155 652 922,A01,2,7,6,0,1,0,1,0.0
202300015612,155 652 920,A01,1,33,0,0,2,2,1,0.0
202300015612,155 652 921,B01,1,7,0,0,6,2,1,0.0
202300015613,155 652 918,A01,1,7,3,2,2,2,1,0.0
202300015613,155 652 919,B01,1,13,0,2,2,2,1,0.0
202300015614,155 652 917,A01,1,7,6,0,3,1,6,0.0
202300015615,155 652 916,A01,1,7,13,0,1,14,1,0.0
202300015616,155 652 915,A01,1,7,3,0,1,14,1,0.0
202300015617,155 652 913,A01,2,7,0,2,2,12,1,0.0
202300015617,155 652 914,B01,2,7,3,0,6,1,1,0.0
202300015618,155 652 909,A01,3,7,0,2,3,9,1,0.0
202300015618,155 652 912,B01,3,50,0,2,0,1,3,0.0
202300015619,155 652 910,A01,2,7,0,2,1,15,1,0.0
202300015619,155 652 911,B01,1,7,0,2,1,1,1,0.0
202300015620,155 652 906,A01,1,7,0,2,1,1,1,0.0
202300015620,155 652 907,B01,1,7,0,2,4,0,1,0.0
202300015620,155 652 908,C01,1,7,0,2,4,1,1,0.0
202300015621,155 652 904,B01,0,7,0,2,1,1,1,0.0
202300015621,155 652 905,A01,0,7,0,2,8,1,1,0.0
202300015622,155 652 902,A01,1,7,0,2,1,2,1,0.0
202300015622,155 652 903,B01,1,7,0,2,4,2,1,0.0
202300015623,155 652 901,A01,1,7,0,1,1,1,2,0.0
202300015624,155 652 900,A01,2,33,13,0,9,1,1,0.0
202300015625,155 652 898,A01,3,2,0,2,1,13,1,0.0
202300015625,155 652 899,B01,3,10,0,2,3,1,1,0.0
202300015626,155 652 897,A01,1,7,2,0,3,0,1,0.0
202300015627,155 652 895,A01,3,7,0,2,3,9,0,0.0
202300015627,155 652 896,B01,0,32,0,2,1,17,0,0.0
202300015628,155 652 893,A01,2,10,0,2,1,2,1,0.0
202300015628,155 652 894,B01,2,17,0,2,4,1,0,0.0
202300015629,155 652 891,A01,1,2,9,0,1,17,1,0.0
202300015629,155 652 892,B01,2,7,0,0,8,1,0,0.0
202300015630,155 652 889,A01,0,7,6,0,1,0,1,0.0
202300015631,155 652 887,A01,1,7,0,2,1,5,0,0.0
202300015631,155 652 888,B01,2,7,0,2,1,1,0,0.0
202300015632,155 652 886,A01,3,33,0,0,0,0,1,0.0
202300015633,155 652 885,A01,1,7,2,0,1,1,1,0.0
202300015634,155 652 883,A01,0,50,0,2,1,17,3,0.0
202300015634,155 652 884,B01,0,7,0,9,6,15,1,0.0
202300015635,155 652 881,A01,2,7,0,2,2,1,1,0.0
202300015635,155 652 882,B01,1,50,0,2,0,25,3,0.0
202300015636,155 652 880,A01,1,7,3,0,3,17,1,0.0
202300015637,155 652 878,B01,1,7,0,2,1,1,1,0.0
202300015637,155 652 879,A01,1,10,0,2,3,19,1,0.0
202300015638,155 652 877,A01,2,7,0,5,3,21,1,0.0
202300015639,155 652 876,A01,1,7,6,0,3,0,1,0.0
202300015640,155 652 875,A01,3,33,6,0,1,0,1,0.0
202300015641,155 652 872,A01,0,7,1,2,9,3,1,0.0
202300015641,155 652 873,B01,0,10,0,0,8,0,1,0.0
202300015641,155 652 874,C01,0,10,0,0,5,0,1,0.0
202300015642,155 652 870,A01,1,7,0,2,2,17,1,0.0
202300015642,155 652 871,B01,1,7,0,2,3,15,1,0.0
202300015643,155 652 868,B01,2,7,0,2,3,1,1,0.0
202300015643,155 652 869,A01,1,7,0,2,1,13,1,0.0
202300015644,155 652 867,A01,2,2,0,0,1,1,1,0.0
202300015645,155 652 866,A01,2,7,0,1,3,1,1,0.0
202300015646,155 652 864,A01,1,7,0,2,8,9,1,0.0
202300015646,155 652 865,B01,1,33,0,2,2,1,1,0.0
202300015647,155 652 863,A01,1,33,10,0,1,1,1,0.0
202300015648,155 652 861,A01,2,7,0,2,3,13,1,0.0
202300015648,155 652 862,B01,1,7,0,2,3,1,1,0.0
202300015649,155 652 860,A01,1,7,13,0,2,1,4,0.0
202300015650,155 652 855,A01,2,7,0,2,1,13,1,0.0
202300015650,155 652 856,F01,1,10,0,2,3,1,1,0.0
202300015650,155 652 857,E01,1,7,0,2,1,1,1,0.0
202300015650,155 652 858,D01,1,7,0,2,9,1,1,0.0
202300015650,155 652 859,C01,1,7,0,2,3,1,1,0.0
202300015651,155 652 854,A01,3,7,0,0,0,0,0,0.0
202300015652,155 652 852,A01,2,7,0,2,6,17,1,0.0
202300015652,155 652 853,B01,1,2,0,0,8,2,1,0.0
202300015653,155 652 851,A01,0,10,2,0,5,1,1,0.0
202300015654,155 652 849,A01,1,7,0,2,3,1,1,0.0
202300015654,155 652 850,B01,2,7,13,2,3,1,1,0.0
202300015655,155 652 848,A01,1,7,0,1,1,0,1,0.0
202300015656,155 652 847,A01,1,33,0,0,0,16,1,0.0
202300015657,155 652 843,A01,2,7,0,0,4,23,1,0.0
202300015657,155 652 844,B01,2,7,0,2,1,1,1,0.0
202300015657,155 652 845,C01,2,7,0,2,2,1,1,0.0
202300015657,155 652 846,D01,2,7,0,2,1,1,1,0.0
202300015658,155 652 842,A01,2,31,0,0,9,1,1,0.0
202300015659,155 652 839,A01,1,7,0,2,7,13,1,0.0
202300015659,155 652 840,B01,2,13,0,2,1,1,1,0.0
202300015660,155 652 837,A01,2,10,0,2,2,1,1,0.0
202300015660,155 652 838,B01,1,50,0,2,7,9,3,0.0
202300015661,155 652 835,A01,1,7,0,2,1,1,1,0.0
202300015661,155 652 836,B01,2,15,0,2,1,1,1,0.0
202300015662,155 652 831,A01,1,7,0,2,1,2,1,0.0
202300015662,155 652 832,B01,1,7,0,2,4,2,1,0.0
202300015662,155 652 833,C01,1,33,0,2,4,2,0,0.0
202300015662,155 652 834,D01,1,7,0,2,4,2,1,0.0
202300015663,155 652 829,A01,2,7,0,2,3,1,1,0.0
202300015663,155 652 830,B01,1,7,0,2,3,1,1,0.0
202300015664,155 652 827,A01,3,33,12,2,1,1,1,0.0
202300015664,155 652 828,B01,0,7,0,2,1,1,1,0.0
202300015665,155 652 825,A01,2,7,0,2,3,13,1,0.0
202300015665,155 652 826,B01,1,33,0,0,8,1,1,0.0
202300015666,155 652 824,A01,2,33,0,0,0,1,1,0.0
202300015667,155 652 822,A01,2,31,0,0,7,15,1,0.0
202300015667,155 652 823,B01,2,10,0,2,1,1,1,0.0
202300015668,155 652 820,A01,1,7,0,2,8,1,1,0.0
202300015668,155 652 821,B01,2,33,0,2,8,1,1,0.0
202300015669,155 652 819,A01,1,2,0,0,0,26,1,0.0
202300015670,155 652 818,A01,1,7,3,0,1,1,1,0.0
202300015671,155 652 817,A01,3,1,1,0,1,0,5,0.0
202300015672,155 652 816,A01,1,33,7,0,1,1,1,0.0
202300015673,155 652 815,A01,2,7,0,0,1,1,1,0.0
202300015674,155 652 814,A01,0,7,8,0,1,14,1,0.0
202300015675,155 652 812,A01,2,7,13,2,3,13,1,0.0
202300015675,155 652 813,B01,1,7,13,2,3,0,1,0.0
202300015676,155 652 810,A01,3,7,1,2,3,15,1,0.0
202300015676,155 652 811,B01,3,2,0,2,1,1,1,0.0
202300015677,155 652 808,A01,2,7,0,2,3,5,1,0.0
202300015677,155 652 809,B01,1,7,0,2,3,5,1,0.0
202300015678,155 652 806,A01,1,31,0,2,1,1,1,0.0
202300015678,155 652 807,B01,2,7,0,2,3,1,1,0.0
202300015679,155 652 804,A01,1,7,0,2,7,1,1,0.0
202300015679,155 652 805,B01,1,80,0,2,8,15,3,0.0
202300015680,155 652 802,B01,1,7,0,2,1,19,1,0.0
202300015680,155 652 803,A01,2,15,0,0,8,1,1,0.0
202300015681,155 652 801,A01,2,14,0,1,1,1,1,0.0
202300015682,155 652 797,B01,1,15,0,9,8,1,1,0.0
202300015682,155 652 798,A01,1,1,0,2,1,19,5,0.0
202300015683,155 652 796,A01,1,7,6,0,9,1,1,0.0
202300015684,155 652 792,B01,2,7,0,2,4,2,1,0.0
202300015684,155 652 793,A01,2,7,0,2,1,2,1,0.0
202300015684,155 652 794,C01,2,7,0,2,4,2,1,0.0
202300015685,155 652 791,A01,0,2,4,0,0,1,1,0.0
202300015686,155 652 789,A01,2,7,0,0,8,1,1,0.0
202300015686,155 652 790,B01,2,7,0,2,3,9,1,0.0
202300015687,155 652 787,A01,2,7,0,2,7,15,1,0.0
202300015687,155 652 788,B01,1,33,0,2,1,1,1,0.0
202300015688,155 652 784,A01,1,7,0,0,5,3,1,0.0
202300015688,155 652 785,B01,1,7,0,0,4,1,1,0.0
202300015688,155 652 786,C01,1,10,0,0,1,2,1,0.0
202300015689,155 652 780,A01,1,7,0,0,4,1,1,0.0
202300015689,155 652 781,B01,1,7,0,2,1,1,1,0.0
202300015689,155 652 782,C01,1,7,0,2,1,1,1,0.0
202300015689,155 652 783,D01,1,7,0,2,3,1,1,0.0
202300015690,155 652 778,A01,1,33,0,2,8,13,1,0.0
202300015690,155 652 779,B01,1,7,0,0,7,2,1,0.0
202300015691,155 652 776,A01,1,31,0,2,1,1,1,0.0
202300015691,155 652 777,B01,2,7,0,2,3,15,1,0.0
202300015692,155 652 774,A01,1,7,0,2,1,13,1,0.0
202300015692,155 652 775,B01,2,7,0,2,1,16,1,0.0
202300015693,155 652 773,A01,1,7,13,0,1,21,1,0.0
202300015694,155 652 771,B01,1,2,0,2,3,0,1,0.0
202300015694,155 652 772,A01,1,10,0,2,5,17,1,0.0
202300015695,155 652 768,A01,1,7,0,2,1,2,1,0.0
202300015695,155 652 769,B01,1,7,0,2,6,15,1,0.0
202300015696,155 652 766,A01,2,7,0,2,1,14,1,0.0
202300015696,155 652 767,B01,1,7,0,2,1,1,1,0.0
202300015697,155 652 763,A01,3,7,8,0,2,14,1,0.0
202300015698,155 652 761,B01,1,7,0,2,7,1,1,0.0
202300015698,155 652 762,A01,1,7,0,2,1,1,1,0.0
202300015699,155 652 760,A01,2,7,6,0,1,14,1,0.0
202300015700,155 652 759,A01,1,33,0,0,8,15,0,0.0
202300015701,155 652 757,A01,1,7,3,2,1,13,3,0.0
202300015701,155 652 758,B01,2,7,3,2,1,0,1,0.0
202300015702,155 652 755,A01,1,7,0,0,3,5,1,0.0
202300015702,155 652 756,B01,2,7,0,0,3,1,3,0.0
202300015703,155 652 753,B01,2,7,0,0,5,1,1,0.0
202300015703,155 652 754,A01,1,7,2,2,2,5,1,0.0
202300015704,155 652 751,A01,2,10,0,2,2,13,0,0.0
202300015704,155 652 752,B01,1,7,0,2,7,13,0,0.0
202300015705,155 652 750,A01,2,33,6,0,1,1,1,0.0
202300015706,155 652 748,B01,2,7,0,2,3,1,1,0.0
202300015706,155 652 749,A01,1,33,0,2,7,13,1,0.0
202300015707,155 652 746,A01,2,7,0,2,3,11,1,0.0
202300015707,155 652 747,B01,2,33,1,2,2,2,1,0.0
202300015708,155 652 744,A01,1,10,0,2,2,13,1,0.0
202300015708,155 652 745,B01,2,7,13,2,2,1,1,0.0
202300015709,155 652 742,B01,1,10,0,2,8,1,1,0.0
202300015709,155 652 743,A01,2,7,0,2,1,1,1,0.0
202300015710,155 652 739,A01,2,7,0,2,3,11,1,0.0
202300015710,155 652 740,B01,1,2,0,2,1,1,1,0.0
202300015710,155 652 741,C01,0,7,0,0,3,23,1,0.0
202300015711,155 652 738,A01,3,10,0,1,4,4,1,0.0
202300015712,155 652 736,B01,2,33,0,2,1,1,1,0.0
202300015712,155 652 737,A01,1,7,0,2,7,15,1,0.0
202300015713,155 652 734,A01,1,7,0,2,2,12,1,0.0
202300015713,155 652 735,B01,1,31,0,2,3,1,1,0.0
202300015714,155 652 732,B01,2,7,0,2,4,2,1,0.0
202300015714,155 652 733,A01,2,31,0,2,1,2,1,0.0
202300015715,155 652 730,B01,2,10,3,2,6,2,1,0.0
202300015715,155 652 731,A01,2,43,3,2,7,2,1,0.0
202300015716,155 652 728,A01,2,33,0,2,1,3,1,0.0
202300015716,155 652 729,B01,2,7,0,2,4,11,1,0.0
202300015717,155 652 726,B01,1,7,0,2,6,13,1,0.0
202300015717,155 652 727,A01,1,33,0,2,2,12,1,0.0
202300015718,155 652 725,A01,1,7,1,0,3,1,1,0.0
202300015719,155 652 724,A01,2,7,4,0,1,1,1,0.0
202300015720,155 652 721,A01,2,10,0,2,3,15,1,0.0
202300015720,155 652 722,B01,1,2,0,2,4,1,1,0.0
202300015720,155 652 723,C01,1,7,0,2,4,1,1,0.0
202300015721,155 652 719,A01,1,7,0,2,1,1,1,0.0
202300015721,155 652 720,B01,2,2,0,2,3,1,1,0.0
202300015722,155 652 718,A01,2,33,0,1,1,2,1,0.0
202300015723,155 652 716,B01,1,99,0,2,1,1,1,0.0
202300015723,155 652 717,A01,2,7,0,2,7,19,1,0.0
202300015724,155 652 714,A01,1,7,0,2,1,1,1,0.0
202300015724,155 652 715,B01,3,7,0,2,7,19,1,0.0
202300015725,155 652 713,A01,1,7,0,1,3,15,1,0.0
202300015726,155 652 711,B01,1,7,0,2,1,2,1,0.0
202300015726,155 652 712,A01,1,7,0,2,2,15,1,0.0
202300015727,155 652 709,A01,1,31,0,2,6,0,6,0.0
202300015727,155 652 710,B01,1,7,0,2,3,0,6,0.0
202300015728,155 652 708,A01,2,30,0,1,1,1,1,0.0
202300015729,155 652 706,B01,3,7,1,2,7,0,0,0.0
202300015729,155 652 707,A01,1,7,0,2,8,0,1,0.0
202300015730,155 652 704,B01,2,7,0,2,0,2,0,0.0
202300015730,155 652 705,A01,2,7,0,2,0,2,0,0.0
202300015731,155 652 702,B01,1,7,0,2,1,1,1,0.0
202300015731,155 652 703,A01,1,7,0,2,2,19,1,0.0
202300015732,155 652 700,B01,2,30,0,2,0,0,0,0.0
202300015732,155 652 701,A01,2,3,0,2,7,17,3,0.0
202300015733,155 652 698,A01,3,2,0,2,8,9,1,0.0
202300015733,155 652 699,B01,3,7,0,2,2,1,1,0.0
202300015734,155 652 697,A01,2,2,0,0,0,1,1,0.0
202300015735,155 652 695,A01,1,33,0,2,8,1,0,0.0
202300015735,155 652 696,B01,2,7,0,2,0,10,1,0.0
202300015736,155 652 689,B01,1,7,0,2,7,23,1,0.0
202300015736,155 652 690,A01,1,33,14,0,0,3,1,0.0
202300015736,155 652 691,D01,1,7,0,2,5,23,3,0.0
202300015736,155 652 692,C01,1,10,0,2,5,23,1,0.0
202300015737,155 652 687,A01,3,50,0,2,1,1,3,0.0
202300015737,155 652 688,B01,0,7,0,2,6,1,1,0.0
202300015738,155 652 685,B01,3,10,0,2,4,1,1,0.0
202300015738,155 652 686,A01,3,10,0,2,1,1,1,0.0
202300015739,155 652 683,A01,2,7,0,2,1,1,1,0.0
202300015739,155 652 684,B01,2,7,0,2,4,0,1,0.0
202300015740,155 652 681,B01,3,10,0,2,4,23,1,0.0
202300015740,155 652 682,A01,3,7,0,2,1,2,1,0.0
202300015741,155 652 679,A01,1,7,0,2,1,15,1,0.0
202300015741,155 652 680,B01,0,2,0,2,3,1,1,0.0
202300015742,155 652 677,A01,2,30,0,2,1,15,1,0.0
202300015742,155 652 678,B01,1,7,0,2,3,1,1,0.0
202300015743,155 652 676,A01,1,7,0,1,1,1,1,0.0
202300015744,155 652 674,A01,1,10,13,2,3,2,1,0.0
202300015744,155 652 675,B01,1,7,0,2,5,2,1,0.0
202300015745,155 652 672,B01,1,7,0,2,1,1,1,0.0
202300015745,155 652 673,Z01,1,10,6,2,7,1,1,0.0
202300015746,155 652 671,A01,1,7,6,0,1,1,1,0.0
202300015747,155 652 669,A01,1,7,0,2,2,15,1,0.0
202300015747,155 652 670,B01,2,33,0,2,1,1,1,0.0
202300015748,155 652 668,A01,3,7,0,2,0,0,1,0.0
202300015749,155 652 667,A01,2,7,6,0,1,14,1,0.0
202300015750,155 652 665,B01,2,7,0,2,1,1,1,0.0
202300015750,155 652 666,A01,0,7,0,2,6,1,1,0.0
202300015751,155 652 663,A01,1,7,0,2,5,9,1,0.0
202300015751,155 652 664,B01,1,7,0,2,3,1,1,0.0
202300015752,155 652 661,B01,2,7,0,2,2,1,1,0.0
202300015752,155 652 662,A01,2,7,0,2,3,9,1,0.0
202300015753,155 652 659,A01,1,7,0,2,2,1,1,0.0
202300015753,155 652 660,B01,3,10,0,2,8,1,1,0.0
202300015754,155 652 657,A01,2,31,11,2,9,17,1,0.0
202300015754,155 652 658,B01,2,7,0,2,1,1,1,0.0
202300015755,155 652 655,A01,2,7,13,0,2,1,1,0.0
202300015755,155 652 656,B01,2,7,0,0,0,16,1,0.0
202300015756,155 652 653,A01,1,7,0,2,1,21,1,0.0
202300015756,155 652 654,B01,1,7,0,2,4,1,1,0.0
202300015757,155 652 651,A01,2,33,0,2,1,12,1,0.0
202300015757,155 652 652,B01,2,7,0,2,3,1,1,0.0
202300015758,155 652 649,B01,2,7,0,2,2,1,1,0.0
202300015758,155 652 650,A01,2,7,0,2,3,1,1,0.0
202300015759,155 652 645,A01,2,7,0,2,4,2,1,0.0
202300015759,155 652 646,B01,1,7,0,2,1,2,1,0.0
202300015760,155 652 644,A01,3,7,0,1,1,20,1,0.0
202300015761,155 652 642,A01,1,7,0,2,1,1,1,0.0
202300015761,155 652 643,B01,1,7,0,2,4,23,1,0.0
202300015762,155 652 640,B01,1,10,0,2,6,11,1,0.0
202300015762,155 652 641,A01,1,43,0,2,1,1,1,0.0
202300015763,155 652 638,B01,2,7,0,2,5,1,6,0.0
202300015763,155 652 639,A01,2,32,0,2,3,1,1,0.0
202300015764,155 652 635,B01,1,31,0,0,1,1,1,0.0
202300015764,155 652 636,A01,1,7,0,2,2,1,1,0.0
202300015764,155 652 637,C01,1,7,0,9,3,1,1,0.0
202300015765,155 652 633,A01,2,7,0,2,3,5,1,0.0
202300015765,155 652 634,B01,1,7,0,2,3,26,1,0.0
202300015766,155 652 632,A01,3,7,0,1,4,4,1,0.0
202300015767,155 652 630,A01,1,7,0,2,2,20,1,0.0
202300015767,155 652 631,B01,2,1,0,2,2,1,5,0.0
202300015768,155 652 629,A01,0,7,0,1,3,15,1,0.0
202300015769,155 652 627,B01,1,7,0,2,1,2,1,0.0
202300015769,155 652 628,A01,1,7,0,1,4,26,1,0.0
202300015770,155 652 625,B01,0,39,0,0,0,0,0,0.0
202300015770,155 652 626,A01,1,7,0,4,2,19,1,0.0
202300015771,155 652 623,A01,2,7,0,2,1,13,0,0.0
202300015771,155 652 624,B01,1,7,0,2,1,1,0,0.0
202300015772,155 652 622,A01,1,30,0,1,1,1,1,0.0
202300015773,155 652 620,B01,1,7,0,2,0,16,1,0.0
202300015773,155 652 621,A01,2,7,0,2,6,13,1,0.0
202300015774,155 652 618,A01,2,0,0,2,3,15,1,0.0
202300015774,155 652 619,B01,1,7,0,2,3,1,1,0.0
202300015775,155 652 616,B01,3,1,0,2,5,0,5,0.0
202300015775,155 652 617,A01,3,7,0,9,3,1,1,0.0
202300015776,155 652 615,A01,1,3,9,0,1,2,0,0.0
202300015777,155 652 614,A01,1,7,0,1,1,2,1,0.0
202300015778,155 652 612,B01,2,31,0,2,7,2,1,0.0
202300015778,155 652 613,A01,2,7,0,2,3,11,1,0.0
202300015779,155 652 610,A01,2,7,0,2,8,11,1,0.0
202300015779,155 652 611,B01,2,43,0,2,2,1,1,0.0
202300015780,155 652 608,A01,2,7,0,2,1,1,1,0.0
202300015780,155 652 609,B01,1,30,0,2,9,18,1,0.0
202300015781,155 652 606,B01,1,7,0,2,4,2,1,0.0
202300015781,155 652 607,A01,1,7,0,2,1,2,1,0.0
202300015782,155 652 604,A01,3,10,0,2,1,15,1,0.0
202300015782,155 652 605,B01,3,32,0,2,1,1,1,0.0
202300015783,155 652 602,A01,1,32,0,2,7,1,1,0.0
202300015783,155 652 603,Z01,1,10,0,2,3,9,1,0.0
202300015784,155 652 601,A01,2,43,0,1,3,9,1,0.0
202300015785,155 652 600,A01,1,10,0,1,4,4,3,0.0
202300015786,155 652 598,B01,1,50,1,0,1,1,3,0.0
202300015786,155 652 599,A01,1,7,0,2,8,24,1,0.0
202300015787,155 652 596,A01,2,7,0,2,8,22,1,0.0
202300015787,155 652 597,B01,2,1,1,0,1,1,5,0.0
202300015788,155 652 594,B01,2,1,0,2,1,1,5,0.0
202300015788,155 652 595,A01,2,99,0,2,6,15,1,0.0
202300015789,155 652 593,A01,1,1,0,1,1,1,5,0.0
202300015790,155 652 592,A01,2,30,14,0,2,14,1,0.0
202300015791,155 652 591,A01,2,50,0,0,0,1,3,0.0
202300015792,155 652 589,Z01,2,7,0,2,5,9,1,0.0
202300015792,155 652 590,B01,2,33,0,2,1,1,1,0.0
202300015793,155 652 587,B01,2,80,8,2,1,1,3,0.0
202300015793,155 652 588,A01,3,7,0,2,1,9,1,0.0
202300015794,155 652 584,C01,2,7,0,2,4,2,1,0.0
202300015794,155 652 585,A01,2,7,0,2,1,2,1,0.0
202300015794,155 652 586,B01,2,10,0,2,9,1,1,0.0
202300015795,155 652 582,A01,2,7,0,2,3,15,1,0.0
202300015795,155 652 583,B01,1,33,0,2,1,21,1,0.0
202300015796,155 652 580,B01,1,30,0,2,1,2,1,0.0
202300015796,155 652 581,A01,1,10,0,2,8,9,1,0.0
202300015797,155 652 578,B01,1,7,0,2,6,1,1,0.0
202300015797,155 652 579,A01,3,33,0,2,1,9,1,0.0
202300015798,155 652 576,A01,0,7,8,2,1,1,2,0.0
202300015798,155 652 577,B01,0,7,0,2,0,0,1,0.0
202300015799,155 652 574,A01,1,43,0,2,6,2,1,0.0
202300015799,155 652 575,B01,1,7,1,2,0,0,0,0.0
202300015800,155 652 572,B01,0,31,0,0,4,0,1,0.0
202300015800,155 652 573,A01,0,7,0,2,1,16,1,0.0
202300015801,155 652 570,A01,1,10,0,1,1,1,1,0.0
202300015802,155 652 569,A01,3,7,0,9,4,23,1,0.0
202300015802,155 652 571,B01,3,1,0,2,1,2,5,0.0
202300015803,155 652 566,A01,3,7,0,2,0,0,0,0.0
202300015803,155 652 567,B01,0,7,0,2,0,0,-1,0.0
202300015804,155 652 565,A01,2,10,0,2,7,15,1,0.0