num_acc,id_vehicule,num_veh,senc,catv,obs,obsm,choc,manv,motor,occutc
202300016579,155 651 203,A01,3,7,0,0,3,0,0,0.0
202300016580,155 651 201,A01,1,7,2,0,9,14,1,0.0
202300016581,155 651 197,A01,2,7,0,2,1,0,1,0.0
202300016581,155 651 199,B01,1,7,0,2,1,0,1,0.0
202300016582,155 651 196,A01,0,33,0,2,1,17,0,0.0
202300016582,155 651 198,B01,0,7,0,2,3,1,0,0.0
202300016583,155 651 195,A01,2,7,0,2,8,1,1,0.0
202300016583,155 651 200,B01,1,7,0,2,1,1,1,0.0
202300016584,155 651 192,A01,1,7,0,2,2,0,0,0.0
202300016584,155 651 194,B01,2,7,0,2,1,13,0,0.0
202300016585,155 651 190,B01,2,7,16,0,4,15,1,0.0
202300016585,155 651 193,A01,2,10,1,0,1,1,1,0.0
202300016586,155 651 189,A01,1,43,0,2,7,18,1,0.0
202300016586,155 651 191,B01,2,7,0,2,3,15,1,0.0
202300016587,155 651 187,A01,1,1,1,0,1,1,5,0.0
202300016588,155 651 184,A01,3,7,0,2,7,10,1,0.0
202300016588,155 651 185,B01,3,7,0,2,1,1,1,0.0
202300016589,155 651 183,A01,0,7,0,1,1,15,1,0.0
202300016590,155 651 182,C01,2,7,0,9,3,1,0,0.0
202300016590,155 651 186,A01,1,33,0,2,1,1,0,0.0
202300016590,155 651 188,B01,2,7,0,2,5,15,0,0.0
202300016591,155 651 181,A01,2,7,0,1,2,1,0,0.0
202300016592,155 651 180,A01,1,50,0,0,0,1,3,0.0
202300016593,155 651 175,A01,1,32,0,2,5,9,1,0.0
202300016593,155 651 177,B01,1,7,0,2,6,1,1,0.0
202300016594,155 651 174,B01,3,50,0,2,1,19,3,0.0
202300016594,155 651 178,A01,1,7,0,2,8,12,1,0.0
202300016595,155 651 173,A01,2,7,8,1,1,20,1,0.0
202300016596,155 651 176,B01,1,7,0,2,2,1,1,0.0
202300016596,155 651 179,A01,2,7,0,2,8,9,1,0.0
202300016597,155 651 169,A01,2,2,0,2,3,17,1,0.0
202300016597,155 651 171,B01,1,7,0,2,3,1,1,0.0
202300016598,155 651 166,A01,2,7,0,2,1,2,1,0.0
202300016598,155 651 168,B01,2,7,0,2,4,1,2,0.0
202300016598,155 651 172,C01,2,7,0,2,4,1,1,0.0
202300016599,155 651 164,A01,1,7,7,0,9,1,1,0.0
202300016600,155 651 163,B01,1,7,0,2,1,1,0,0.0
202300016600,155 651 165,C01,1,7,0,2,6,1,0,0.0
202300016600,155 651 170,A01,1,17,0,2,2,12,0,0.0
202300016601,155 651 161,A01,2,7,6,0,1,1,1,0.0
202300016602,155 651 160,A01,1,14,6,0,1,0,1,0.0
202300016603,155 651 162,B01,1,7,0,2,4,2,1,0.0
202300016603,155 651 167,A01,1,7,0,0,1,13,1,0.0
202300016604,155 651 158,B01,1,7,0,0,6,0,0,0.0
202300016604,155 651 159,A01,1,31,0,0,1,17,0,0.0
202300016605,155 651 155,A01,1,7,0,2,3,2,1,0.0
202300016605,155 651 157,B01,1,7,0,0,0,2,1,0.0
202300016606,155 651 154,B01,2,7,0,2,3,1,1,0.0
202300016606,155 651 156,A01,1,7,0,2,3,15,1,0.0
202300016607,155 651 151,A01,2,10,0,2,8,11,1,0.0
202300016607,155 651 153,B01,2,33,0,2,7,3,1,0.0
202300016608,155 651 148,A01,2,3,0,2,4,2,1,0.0
202300016608,155 651 152,B01,2,7,0,2,1,2,0,0.0
202300016609,155 651 143,B01,2,7,0,2,3,1,1,0.0
202300016609,155 651 145,A01,1,33,0,2,1,13,1,0.0
202300016610,155 651 142,B01,1,10,0,2,4,2,1,0.0
202300016610,155 651 144,C01,1,7,0,2,1,2,1,0.0
202300016610,155 651 146,A01,1,10,0,2,1,2,1,0.0
202300016611,155 651 141,B01,1,7,0,2,8,1,1,0.0
202300016611,155 651 147,C01,1,7,0,2,8,1,1,0.0
202300016611,155 651 149,A01,2,7,0,2,1,26,1,0.0
202300016612,155 651 137,A01,2,43,3,2,3,3,1,0.0
202300016612,155 651 139,B01,2,16,3,2,2,12,1,0.0
202300016613,155 651 138,A01,2,7,0,2,1,2,1,0.0
202300016613,155 651 140,B01,2,17,0,0,4,2,1,0.0
202300016614,155 651 136,A01,2,7,1,0,2,14,1,0.0
202300016615,155 651 133,B01,2,33,0,2,3,21,1,0.0
202300016615,155 651 135,A01,2,7,0,0,4,23,0,0.0
202300016616,155 651 132,A01,1,33,0,2,8,18,1,0.0
202300016616,155 651 134,B01,1,7,0,2,7,16,1,0.0
202300016617,155 651 127,A01,3,7,1,0,3,0,1,0.0
202300016617,155 651 130,B01,1,1,1,0,2,1,5,0.0
202300016618,155 651 124,B01,2,7,0,2,6,11,1,0.0
202300016618,155 651 125,C01,2,7,0,2,2,1,1,0.0
202300016618,155 651 129,A01,2,15,0,2,2,1,1,0.0
202300016619,155 651 128,B01,3,10,0,2,1,1,1,0.0
202300016619,155 651 131,A01,3,7,0,2,1,26,1,0.0
202300016620,155 651 122,B01,3,99,0,2,2,26,1,0.0
202300016620,155 651 123,A01,3,32,0,9,8,1,1,0.0
202300016621,155 651 121,A01,2,7,4,0,3,13,3,0.0
202300016622,155 651 119,A01,2,7,7,9,1,1,1,0.0
202300016623,155 651 120,A01,2,50,0,2,7,0,3,0.0
202300016623,155 651 126,B01,1,7,0,2,3,1,1,0.0
202300016624,155 651 116,A01,1,10,0,2,1,1,1,0.0
202300016624,155 651 117,B01,1,7,0,2,4,1,1,0.0
202300016625,155 651 115,A01,1,33,12,0,1,1,1,0.0
202300016626,155 651 114,A01,1,7,0,2,1,26,1,0.0
202300016626,155 651 118,B01,2,7,0,2,1,1,1,0.0
202300016627,155 651 110,C01,2,7,0,2,4,0,1,0.0
202300016627,155 651 111,B01,2,33,0,2,8,0,1,0.0
202300016627,155 651 113,A01,2,10,0,2,7,12,1,0.0
202300016628,155 651 109,A01,1,7,0,2,2,15,1,0.0
202300016628,155 651 112,B01,2,34,0,2,1,1,1,0.0
202300016629,155 651 104,Z01,1,7,0,2,6,11,0,0.0
202300016629,155 651 107,A01,1,32,0,2,2,3,1,0.0
202300016630,155 651 105,A01,2,7,15,2,1,13,1,0.0
202300016630,155 651 108,B01,2,7,0,2,3,1,1,0.0
202300016631,155 651 102,A01,1,7,0,2,2,15,1,0.0
202300016631,155 651 106,B01,2,7,0,2,3,1,1,0.0
202300016632,155 651 101,B01,2,7,0,2,2,0,1,0.0
202300016632,155 651 103,A01,2,1,0,2,0,0,5,0.0
202300016633,155 651 096,B01,2,7,0,2,4,1,1,0.0
202300016633,155 651 099,A01,2,7,0,2,1,2,1,0.0
202300016634,155 651 094,C01,2,7,0,2,1,1,1,0.0
202300016634,155 651 098,B01,2,7,0,2,1,1,1,0.0
202300016634,155 651 100,A01,2,7,0,2,4,1,1,0.0
202300016635,155 651 093,B01,2,60,0,2,7,26,5,0.0
202300016635,155 651 095,A01,2,7,0,2,2,1,1,0.0
202300016636,155 651 092,B01,3,7,0,2,1,13,1,0.0
202300016636,155 651 097,A01,3,32,0,2,1,13,1,0.0
202300016637,155 651 091,A01,2,7,0,1,2,1,1,0.0
202300016638,155 651 088,A01,2,7,0,2,1,2,1,0.0
202300016638,155 651 090,B01,2,7,0,2,4,1,1,0.0
202300016639,155 651 087,A01,1,80,0,2,8,1,3,0.0
202300016639,155 651 089,B01,1,7,0,2,7,14,1,0.0
202300016640,155 651 082,A01,1,33,0,2,7,21,1,0.0
202300016640,155 651 086,B01,1,7,0,2,3,11,1,0.0
202300016641,155 651 083,A01,1,33,10,0,1,1,1,0.0
202300016642,155 651 080,A01,2,3,0,2,1,9,2,0.0
202300016642,155 651 085,B01,2,1,0,2,0,16,5,0.0
202300016643,155 651 076,D01,2,10,0,2,4,1,1,0.0
202300016643,155 651 078,A01,2,7,0,2,1,1,1,0.0
202300016643,155 651 079,C01,2,7,0,2,4,1,1,0.0
202300016643,155 651 081,B01,2,7,0,2,4,1,1,0.0
202300016643,155 651 084,E01,2,7,0,2,4,1,1,0.0
202300016644,155 651 075,A01,3,1,0,0,1,1,5,0.0
202300016645,155 651 074,Z01,1,7,0,2,7,12,0,0.0
202300016645,155 651 077,A01,1,33,0,2,3,3,1,0.0
202300016646,155 651 073,A01,3,7,0,1,4,26,6,0.0
202300016647,155 651 072,A01,2,10,13,0,0,1,1,0.0
202300016648,155 651 070,B01,2,33,14,2,2,17,1,0.0
202300016648,155 651 071,A01,2,10,0,2,3,15,1,0.0
202300016649,155 651 069,A01,3,7,10,0,1,13,1,0.0
202300016650,155 651 068,A01,3,7,0,1,0,26,1,0.0
202300016651,155 651 066,A01,1,7,0,1,1,1,1,0.0
202300016652,155 651 061,B01,2,10,0,2,1,1,1,0.0
202300016652,155 651 065,A01,1,7,0,2,1,1,1,0.0
202300016653,155 651 059,B01,3,33,0,2,1,15,1,0.0
202300016653,155 651 063,A01,3,7,0,2,3,10,1,0.0
202300016654,155 651 060,B01,2,33,0,2,3,1,1,0.0
202300016654,155 651 064,A01,2,7,0,2,5,12,1,0.0
202300016655,155 651 058,A01,1,30,12,0,9,1,1,0.0
202300016656,155 651 054,A01,2,37,0,2,3,1,1,1.0
202300016656,155 651 057,B01,1,7,0,2,3,1,1,0.0
202300016657,155 651 052,A01,0,7,0,0,2,1,0,0.0
202300016658,155 651 050,B01,2,2,0,2,3,1,1,0.0
202300016658,155 651 055,A01,1,7,1,2,3,13,1,0.0
202300016659,155 651 051,B01,2,7,0,2,3,1,1,0.0
202300016659,155 651 056,A01,2,10,0,2,2,1,1,0.0
202300016660,155 651 049,A01,1,33,0,2,8,3,1,0.0
202300016660,155 651 053,B01,1,7,0,2,4,12,2,0.0
202300016661,155 651 047,B01,0,7,0,0,3,2,0,0.0
202300016661,155 651 048,A01,0,33,0,2,7,2,0,0.0
202300016662,155 651 041,B01,3,31,0,2,1,9,1,0.0
202300016662,155 651 046,A01,3,2,0,2,7,15,1,0.0
202300016663,155 651 042,A01,1,7,0,2,3,1,1,0.0
202300016663,155 651 045,B01,2,7,0,2,3,1,1,0.0
202300016664,155 651 043,Z01,3,7,0,1,0,0,0,0.0
202300016665,155 651 040,A01,2,7,0,2,3,10,1,0.0
202300016665,155 651 044,B01,2,33,0,2,1,17,1,0.0
202300016666,155 651 039,A01,2,7,2,0,1,1,1,0.0
202300016667,155 651 033,A01,1,7,0,2,3,15,1,0.0
202300016667,155 651 037,B01,2,1,0,2,3,25,5,0.0
202300016668,155 651 035,A01,1,7,0,2,7,15,1,0.0
202300016668,155 651 038,B01,0,32,0,2,1,1,1,0.0
202300016669,155 651 032,A01,2,7,6,0,1,1,1,0.0
202300016670,155 651 031,A01,1,7,0,2,3,10,2,0.0
202300016670,155 651 036,B01,1,1,0,2,7,5,5,0.0
202300016671,155 651 030,B01,2,2,0,2,7,1,1,0.0
202300016671,155 651 034,A01,1,7,0,2,1,19,1,0.0
202300016672,155 651 028,A01,1,37,0,1,1,1,1,1.0
202300016673,155 651 024,C01,1,7,0,2,6,1,1,0.0
202300016673,155 651 027,A01,1,0,0,2,0,12,0,0.0
202300016673,155 651 029,B01,1,33,0,2,0,0,1,0.0
202300016674,155 651 025,A01,3,32,0,0,0,21,1,0.0
202300016675,155 651 023,B01,2,31,0,2,4,2,1,0.0
202300016675,155 651 026,A01,2,10,0,2,2,2,1,0.0
202300016676,155 651 022,A01,3,36,8,0,1,0,1,0.0
202300016677,155 651 019,A01,1,7,0,1,1,1,1,0.0
202300016678,155 651 018,A01,3,7,0,2,1,15,1,0.0
202300016678,155 651 021,B01,3,7,0,2,3,1,2,0.0
202300016679,155 651 017,A01,3,50,11,0,1,1,3,0.0
202300016680,155 651 015,A01,1,7,0,2,1,2,1,0.0
202300016680,155 651 020,B01,1,7,0,2,4,2,1,0.0
202300016681,155 651 011,A01,1,7,8,0,1,1,0,0.0
202300016682,155 651 009,C01,1,10,0,2,4,15,1,0.0
202300016682,155 651 013,A01,1,7,0,2,2,2,1,0.0
202300016682,155 651 016,B01,1,3,0,2,4,2,1,0.0
202300016683,155 651 008,B01,1,10,0,2,1,1,1,0.0
202300016683,155 651 014,A01,2,2,0,2,8,5,1,0.0
202300016684,155 651 006,A01,2,7,0,2,2,17,1,0.0
202300016684,155 651 010,B01,1,7,0,2,6,1,1,0.0
202300016684,155 651 012,C01,1,33,0,2,1,1,1,0.0
202300016685,155 651 005,A01,2,7,0,2,1,1,1,0.0
202300016685,155 651 007,B01,2,7,0,2,4,1,1,0.0
202300016686,155 650 999,A01,3,33,0,2,2,2,1,0.0
202300016686,155 651 002,B01,1,7,0,2,3,1,2,0.0
202300016687,155 651 000,A01,2,10,1,1,5,4,1,0.0
202300016688,155 650 997,B01,0,2,0,2,1,1,0,0.0
202300016688,155 651 004,A01,0,7,0,2,1,15,0,0.0
202300016689,155 650 998,B01,3,50,0,2,3,9,3,0.0
202300016689,155 651 003,A01,3,31,0,2,0,0,1,0.0
202300016690,155 650 994,B01,1,7,0,2,4,2,1,0.0
202300016690,155 650 996,C01,1,7,0,2,4,2,1,0.0
202300016690,155 651 001,A01,1,7,0,2,1,2,1,0.0
202300016691,155 650 995,A01,2,2,0,0,1,16,1,0.0
202300016692,155 650 992,A01,1,40,0,1,2,1,3,0.0
202300016693,155 650 990,A01,1,33,1,2,1,1,1,0.0
202300016693,155 650 993,B01,2,7,0,2,3,15,1,0.0
202300016694,155 650 988,A01,1,7,0,2,2,2,1,0.0
202300016694,155 650 991,B01,1,7,0,2,3,9,1,0.0
202300016695,155 650 984,A01,3,7,0,2,2,15,1,0.0
202300016695,155 650 987,B01,3,32,0,2,3,16,1,0.0
202300016696,155 650 983,B01,2,7,3,2,4,2,1,0.0
202300016696,155 650 986,C01,2,7,3,2,4,2,1,0.0
202300016696,155 650 989,A01,2,10,3,2,1,2,1,0.0
202300016697,155 650 982,A01,1,7,0,2,3,15,1,0.0
202300016697,155 650 985,B01,1,1,0,2,1,1,0,0.0
202300016698,155 650 980,A01,0,30,0,0,1,0,0,0.0
202300016699,155 650 978,B01,2,7,0,2,1,2,1,0.0
202300016699,155 650 979,A01,2,7,0,2,4,2,1,0.0
202300016700,155 650 977,A01,1,2,0,2,1,9,1,0.0
202300016700,155 650 981,B01,2,7,0,2,4,26,0,0.0
202300016701,155 650 975,A01,3,7,2,0,7,1,1,0.0
202300016702,155 650 973,A01,0,7,0,2,6,19,1,0.0
202300016702,155 650 976,B01,2,7,0,2,1,1,1,0.0
202300016703,155 650 972,B01,1,7,0,2,4,2,1,0.0
202300016703,155 650 974,A01,1,7,0,2,1,1,1,0.0
202300016704,155 650 971,A01,1,7,0,1,1,1,1,0.0
202300016705,155 650 967,A01,2,7,0,2,1,1,1,0.0
202300016705,155 650 969,B01,2,7,0,2,4,23,1,0.0
202300016706,155 650 966,B01,1,7,0,2,0,13,1,0.0
202300016706,155 650 968,A01,1,33,0,2,0,1,1,0.0
202300016707,155 650 964,B01,1,7,0,2,1,1,1,0.0
202300016707,155 650 970,A01,2,7,0,2,1,13,1,0.0
202300016708,155 650 963,A01,2,33,0,2,8,9,1,0.0
202300016708,155 650 965,B01,2,33,0,2,0,26,0,0.0
202300016709,155 650 961,A01,2,17,3,0,7,14,1,0.0
202300016710,155 650 960,A01,1,33,0,1,1,1,1,0.0
202300016711,155 650 958,A01,1,10,0,1,3,15,1,0.0
202300016712,155 650 957,A01,0,7,0,2,3,13,1,0.0
202300016712,155 650 959,B01,0,7,0,2,3,1,1,0.0
202300016712,155 650 962,C01,0,10,0,2,8,1,1,0.0
202300016713,155 650 955,A01,3,7,0,1,4,4,1,0.0
202300016714,155 650 953,A01,1,33,0,2,8,5,1,0.0
202300016714,155 650 956,B01,2,10,0,2,7,16,1,0.0
202300016715,155 650 952,A01,3,7,0,2,2,19,1,0.0
202300016715,155 650 954,B01,2,33,0,2,1,0,1,0.0
202300016716,155 650 951,A01,1,7,0,0,0,13,1,0.0
202300016717,155 650 950,A01,0,7,0,1,1,1,1,0.0
202300016718,155 650 949,A01,3,14,0,1,3,16,1,0.0
202300016719,155 650 947,A01,0,1,0,2,0,0,5,0.0
202300016719,155 650 948,B01,0,7,0,0,0,0,0,0.0
202300016720,155 650 944,A01,1,50,0,2,4,1,3,0.0
202300016720,155 650 946,B01,1,7,0,2,1,1,1,0.0
202300016721,155 650 943,A01,1,33,0,2,1,2,1,0.0
202300016721,155 650 945,B01,1,7,0,2,6,17,1,0.0
202300016722,155 650 940,A01,1,1,0,2,3,15,5,0.0
202300016722,155 650 942,B01,1,43,0,2,2,1,1,0.0
202300016723,155 650 939,B01,0,10,0,2,8,15,0,0.0
202300016723,155 650 941,A01,0,34,0,2,7,1,0,0.0
202300016724,155 650 937,A01,3,7,0,1,0,0,1,0.0
202300016725,155 650 936,A01,2,7,0,2,1,13,1,0.0
202300016725,155 650 938,B01,1,7,0,2,1,1,1,0.0
202300016726,155 650 932,A01,1,7,0,2,1,26,1,0.0
202300016726,155 650 934,B01,2,13,0,2,1,26,1,0.0
202300016727,155 650 933,A01,2,1,0,2,7,14,5,0.0
202300016727,155 650 935,B01,2,1,0,2,8,1,5,0.0
202300016728,155 650 930,A01,1,7,0,2,8,15,1,0.0
202300016728,155 650 931,B01,1,34,0,2,3,0,1,0.0
202300016729,155 650 929,A01,1,7,13,0,1,14,1,0.0
202300016730,155 650 926,A01,2,50,0,1,1,5,3,0.0
202300016731,155 650 924,A01,3,7,1,2,1,15,1,0.0
202300016731,155 650 927,B01,3,7,0,2,1,1,1,0.0
202300016731,155 650 928,C01,3,7,0,0,0,0,3,0.0
202300016732,155 650 923,A01,2,7,14,2,1,11,1,0.0
202300016732,155 650 925,B01,2,7,14,0,5,23,1,0.0
202300016733,155 650 920,A01,2,7,0,2,6,11,1,0.0
202300016733,155 650 922,B01,2,7,0,2,2,1,1,0.0
202300016734,155 650 921,A01,2,7,6,0,7,26,1,0.0
202300016735,155 650 916,A01,2,34,0,2,0,0,1,0.0
202300016735,155 650 918,B01,2,10,0,2,0,0,1,0.0
202300016736,155 650 917,A01,2,10,0,2,3,15,1,0.0
202300016736,155 650 919,B01,1,7,0,2,2,1,1,0.0
202300016737,155 650 915,A01,2,7,0,2,1,19,3,0.0
202300016738,155 650 912,Z01,1,33,0,1,1,1,1,0.0
202300016739,155 650 911,B01,1,33,0,2,1,1,1,0.0
202300016739,155 650 914,A01,1,7,10,0,3,6,0,0.0
202300016740,155 650 910,A01,3,1,6,0,7,9,5,0.0
202300016740,155 650 913,B01,3,7,6,0,1,1,1,0.0
202300016741,155 650 905,A01,0,7,0,0,4,0,1,0.0
202300016741,155 650 908,B01,0,7,0,0,0,0,1,0.0
202300016742,155 650 904,A01,1,7,0,2,7,1,1,0.0
202300016742,155 650 909,B01,1,7,0,2,1,1,1,0.0
202300016743,155 650 903,A01,2,7,0,2,3,5,1,0.0
202300016743,155 650 907,B01,1,7,0,2,3,0,1,0.0
202300016744,155 650 902,A01,1,7,0,1,8,1,1,0.0
202300016745,155 650 899,A01,3,80,0,2,5,2,3,0.0
202300016745,155 650 901,B01,3,7,0,9,5,1,1,0.0
202300016746,155 650 897,A01,1,7,0,2,6,17,1,0.0
202300016746,155 650 900,B01,1,31,0,2,1,17,1,0.0
202300016747,155 650 898,A01,1,32,4,0,3,0,1,0.0
202300016748,155 650 891,A01,3,33,0,2,3,1,1,0.0
202300016748,155 650 895,Z01,3,7,0,2,3,5,0,0.0
202300016749,155 650 892,B01,0,30,0,2,1,1,1,0.0
202300016749,155 650 894,A01,2,7,0,2,5,15,1,0.0
202300016750,155 650 888,A01,1,7,0,1,1,1,1,0.0
202300016751,155 650 887,A01,1,1,0,2,1,1,5,0.0
202300016751,155 650 889,B01,1,7,0,2,4,1,0,0.0
202300016752,155 650 886,A01,3,7,8,0,0,0,2,0.0
202300016753,155 650 883,A01,3,7,0,2,1,1,0,0.0
202300016753,155 650 885,B01,3,7,0,2,1,5,0,0.0
202300016754,155 650 878,A01,1,7,0,2,3,11,1,0.0
202300016754,155 650 880,B01,1,33,0,2,2,2,1,0.0
202300016755,155 650 881,B01,1,2,0,2,3,13,0,0.0
202300016755,155 650 884,A01,2,7,0,2,3,1,1,0.0
202300016756,155 650 877,B01,1,7,0,2,1,2,1,0.0
202300016756,155 650 879,A01,2,7,0,2,1,26,1,0.0
202300016757,155 650 875,B01,3,7,0,2,1,0,1,0.0
202300016757,155 650 876,A01,3,15,0,2,4,0,1,0.0
202300016758,155 650 872,A01,3,10,0,2,1,15,1,0.0
202300016758,155 650 874,B01,3,7,0,2,1,1,1,0.0
202300016759,155 650 873,A01,3,2,6,0,8,1,1,0.0
202300016760,155 650 870,A01,1,10,0,9,4,16,1,0.0
202300016760,155 650 871,B01,1,33,0,2,1,1,1,0.0
202300016761,155 650 868,A01,3,7,0,1,2,1,1,0.0
202300016762,155 650 865,A01,3,7,0,2,4,23,0,0.0
202300016762,155 650 866,B01,3,7,0,2,1,23,1,0.0
202300016762,155 650 867,C01,3,7,0,2,1,2,1,0.0
202300016763,155 650 869,A01,1,7,11,0,1,2,1,0.0
202300016764,155 650 863,A01,3,10,0,2,3,15,1,0.0
202300016764,155 650 864,B01,3,2,0,2,1,1,0,0.0
202300016765,155 650 859,B01,2,7,0,2,4,23,1,0.0
202300016765,155 650 861,A01,2,7,0,2,1,1,1,0.0
202300016765,155 650 862,C01,2,7,0,0,4,23,1,0.0
202300016766,155 650 857,B01,0,30,0,2,2,1,1,0.0
202300016766,155 650 858,A01,0,7,0,2,3,9,1,0.0
202300016767,155 650 860,A01,1,7,6,0,2,0,1,0.0
202300016768,155 650 854,A01,2,7,0,2,3,9,1,0.0
202300016768,155 650 856,B01,1,50,0,2,1,1,3,0.0
202300016769,155 650 853,A01,3,7,0,2,2,26,1,0.0
202300016769,155 650 855,B01,3,37,0,2,3,1,1,1.0
202300016770,155 650 850,A01,0,7,0,2,3,10,1,0.0
202300016770,155 650 852,B01,0,34,0,2,2,1,1,0.0
202300016771,155 650 848,A01,3,7,0,2,1,2,1,0.0
202300016771,155 650 849,B01,3,7,0,2,4,1,1,0.0
202300016772,155 650 845,A01,1,7,0,2,2,9,1,0.0
202300016772,155 650 846,B01,2,50,0,2,1,25,3,0.0
202300016773,155 650 847,A01,1,7,0,2,4,2,1,0.0
202300016773,155 650 851,B01,1,7,1,2,1,2,1,0.0
202300016774,155 650 844,A01,3,7,0,1,3,1,1,0.0
202300016775,155 650 843,A01,3,7,0,1,1,1,1,0.0
202300016776,155 650 841,B01,1,7,0,2,7,15,1,0.0
202300016776,155 650 842,A01,2,31,0,2,1,1,1,0.0
202300016777,155 650 838,A01,1,7,0,2,3,15,1,0.0
202300016777,155 650 839,B01,1,34,0,2,7,2,1,0.0
202300016778,155 650 840,A01,2,7,0,1,7,1,1,0.0
202300016779,155 650 836,Y01,0,60,15,0,0,1,5,0.0
202300016780,155 650 835,B01,2,30,0,2,3,18,1,0.0
202300016780,155 650 837,A01,2,17,0,2,7,16,1,0.0
202300016781,155 650 834,A01,1,7,0,0,0,0,1,0.0
202300016782,155 650 831,A01,2,1,1,2,1,5,5,0.0
202300016782,155 650 833,Z01,1,50,0,2,0,0,3,0.0
202300016783,155 650 830,A01,0,7,0,2,1,0,2,0.0
202300016783,155 650 832,B01,0,7,0,2,8,0,1,0.0
202300016784,155 650 829,A01,2,7,6,0,1,26,1,0.0
202300016785,155 650 825,A01,3,7,0,2,4,1,1,0.0
202300016785,155 650 827,B01,3,3,0,2,1,1,1,0.0
202300016785,155 650 828,C01,3,10,0,2,1,1,1,0.0
202300016786,155 650 823,A01,1,7,0,2,3,15,1,0.0
202300016786,155 650 826,B01,1,7,0,2,2,1,1,0.0
202300016787,155 650 818,A01,1,7,0,2,0,0,1,0.0
202300016787,155 650 821,B01,1,31,0,2,0,0,1,0.0
202300016788,155 650 817,B01,3,7,0,2,1,1,1,0.0
202300016788,155 650 819,A01,3,7,0,2,1,5,1,0.0
202300016789,155 650 815,A01,2,7,0,1,2,16,1,0.0
202300016790,155 650 814,A01,1,33,12,0,7,1,1,0.0
202300016791,155 650 816,A01,1,7,0,2,4,2,1,0.0
202300016791,155 650 820,B01,1,7,0,2,4,2,1,0.0
202300016791,155 650 822,C01,1,7,0,2,1,2,1,0.0
202300016791,155 650 824,D01,1,7,0,2,1,2,1,0.0
202300016792,155 650 812,B01,1,1,0,2,1,1,5,0.0
202300016792,155 650 813,A01,1,7,0,2,3,22,1,0.0
202300016793,155 650 810,A01,1,7,3,0,2,0,1,0.0
202300016794,155 650 809,A01,2,50,0,2,5,19,3,0.0
202300016794,155 650 811,Z01,3,10,0,2,1,0,0,0.0
202300016795,155 650 807,A01,1,7,0,2,0,2,1,0.0
202300016795,155 650 808,B01,1,33,0,2,1,1,1,0.0
202300016796,155 650 806,A01,2,30,1,0,1,1,1,0.0
202300016797,155 650 804,A01,1,7,0,1,1,1,1,0.0
202300016797,155 650 805,B01,2,7,0,0,0,1,1,0.0
202300016798,155 650 802,A01,2,7,4,0,1,1,1,0.0
202300016799,155 650 801,A01,1,7,0,2,1,1,1,0.0
202300016799,155 650 803,B01,3,7,0,2,8,19,3,0.0
202300016800,155 650 800,A01,3,7,1,0,3,26,1,0.0
202300016801,155 650 795,A01,2,7,0,0,6,2,0,0.0
202300016801,155 650 797,B01,1,31,0,2,1,2,0,0.0
202300016802,155 650 796,B01,1,7,6,2,6,15,1,0.0
202300016802,155 650 799,A01,1,7,0,2,1,1,1,0.0
202300016803,155 650 794,A01,1,7,8,0,2,1,1,0.0
202300016804,155 650 798,A01,1,7,0,2,3,1,1,0.0
202300016805,155 650 792,A01,1,15,0,9,2,16,1,0.0
202300016805,155 650 793,B01,1,1,0,9,3,1,5,0.0
202300016806,155 650 791,A01,1,7,8,0,1,13,1,0.0
202300016807,155 650 787,A01,1,7,0,1,2,1,1,0.0
202300016808,155 650 785,B01,1,7,0,2,3,1,0,0.0
202300016808,155 650 788,A01,1,7,0,2,1,9,0,0.0
202300016809,155 650 786,A01,2,32,0,2,1,3,1,0.0
202300016809,155 650 789,B01,2,7,0,2,6,2,1,0.0
202300016809,155 650 790,C01,2,7,0,2,2,1,1,0.0
202300016810,155 650 783,B01,1,33,0,2,1,1,1,0.0
202300016810,155 650 784,A01,2,7,0,2,3,15,1,0.0
202300016811,155 650 781,A01,1,7,0,2,2,16,1,0.0
202300016811,155 650 782,B01,1,7,0,2,3,1,1,0.0
202300016812,155 650 778,B01,1,2,0,2,1,1,1,0.0
202300016812,155 650 780,A01,1,7,0,2,3,15,1,0.0
202300016813,155 650 776,A01,1,7,0,2,1,1,1,0.0
202300016813,155 650 777,B01,1,7,0,2,7,2,0,0.0
202300016814,155 650 774,A01,2,7,16,0,9,14,1,0.0
202300016815,155 650 775,A01,2,30,0,2,1,17,-1,0.0
202300016815,155 650 779,B01,2,7,0,2,8,1,-1,0.0
202300016816,155 650 772,A01,2,7,0,2,2,16,1,0.0
202300016816,155 650 773,B01,2,50,0,2,1,2,3,0.0
202300016817,155 650 769,B01,2,7,0,2,3,9,1,0.0
202300016817,155 650 771,A01,2,33,1,2,2,2,1,0.0
202300016818,155 650 768,A01,3,7,16,2,1,25,0,0.0
202300016818,155 650 770,B01,3,2,0,2,0,26,0,0.0
202300016819,155 650 764,B01,1,7,0,2,3,9,1,0.0
202300016819,155 650 767,A01,1,2,0,2,2,12,1,0.0
202300016820,155 650 765,A01,1,7,0,1,4,26,1,0.0
202300016821,155 650 763,A01,1,7,0,2,2,1,1,0.0
202300016821,155 650 766,B01,1,7,0,2,3,16,1,0.0
202300016822,155 650 760,A01,2,7,0,2,3,9,0,0.0
202300016822,155 650 762,B01,1,80,0,2,7,26,3,0.0
202300016823,155 650 759,A01,2,7,0,1,1,1,1,0.0