num_acc,id_vehicule,num_veh,senc,catv,obs,obsm,choc,manv,motor,occutc
202300016824,155 650 757,A01,2,7,2,0,7,1,1,0.0
202300016825,155 650 758,A01,1,31,0,2,1,17,1,0.0
202300016825,155 650 761,B01,1,7,0,2,3,15,1,0.0
202300016826,155 650 755,A01,1,1,0,2,0,1,5,0.0
202300016826,155 650 756,B01,1,50,0,2,1,1,3,0.0
202300016827,155 650 752,B01,2,10,0,2,1,1,1,0.0
202300016827,155 650 754,A01,1,10,0,2,2,1,1,0.0
202300016828,155 650 750,A01,1,7,0,2,1,1,1,0.0
202300016828,155 650 751,B01,1,7,0,2,4,1,1,0.0
202300016829,155 650 749,A01,2,7,0,1,2,1,1,0.0
202300016830,155 650 746,B01,2,7,0,2,5,1,1,0.0
202300016830,155 650 747,A01,2,7,0,2,1,1,1,0.0
202300016831,155 650 748,B01,3,7,0,2,5,1,1,0.0
202300016831,155 650 753,A01,3,30,0,2,1,1,1,0.0
202300016832,155 650 745,A01,3,7,13,0,7,1,1,0.0
202300016833,155 650 743,A01,1,14,0,2,1,15,1,0.0
202300016833,155 650 744,B01,1,1,0,2,0,0,5,0.0
202300016834,155 650 738,B01,1,7,0,2,6,1,1,0.0
202300016834,155 650 740,A01,2,50,0,2,1,1,3,0.0
202300016835,155 650 739,A01,1,7,0,2,3,1,0,0.0
202300016835,155 650 741,B01,1,7,8,2,1,1,1,0.0
202300016836,155 650 734,B01,2,7,0,2,8,1,1,0.0
202300016836,155 650 736,A01,1,50,0,2,2,1,3,0.0
202300016837,155 650 733,B01,2,7,8,2,1,1,1,0.0
202300016837,155 650 737,A01,1,7,0,2,2,10,6,0.0
202300016838,155 650 735,B01,3,7,0,2,2,0,1,0.0
202300016838,155 650 742,A01,3,50,0,9,8,19,3,0.0
202300016839,155 650 731,A01,2,7,0,2,3,15,1,0.0
202300016839,155 650 732,B01,1,32,0,2,8,19,1,0.0
202300016840,155 650 730,A01,1,7,15,0,1,1,1,0.0
202300016841,155 650 728,B01,1,7,0,0,0,0,1,0.0
202300016841,155 650 729,A01,1,33,0,2,1,18,1,0.0
202300016842,155 650 727,A01,3,7,0,0,1,1,1,0.0
202300016843,155 650 722,A01,3,7,0,2,2,1,1,0.0
202300016843,155 650 725,B01,3,7,0,2,6,1,1,0.0
202300016844,155 650 721,C01,3,7,0,2,4,2,0,0.0
202300016844,155 650 724,A01,3,7,0,2,1,2,0,0.0
202300016844,155 650 726,B01,3,7,0,2,4,2,0,0.0
202300016845,155 650 719,A01,1,7,0,2,2,15,1,0.0
202300016845,155 650 723,B01,2,1,0,2,0,0,5,0.0
202300016846,155 650 716,A01,1,7,0,2,8,15,1,0.0
202300016846,155 650 717,C01,2,10,0,2,3,23,1,0.0
202300016846,155 650 720,B01,1,7,0,2,1,1,1,0.0
202300016847,155 650 714,B01,1,7,0,2,1,1,1,0.0
202300016847,155 650 715,C01,1,33,0,2,1,1,1,0.0
202300016847,155 650 718,A01,1,7,0,2,7,19,1,0.0
202300016848,155 650 711,A01,1,10,0,2,7,15,1,0.0
202300016848,155 650 713,B01,2,33,0,2,2,1,1,0.0
202300016849,155 650 709,A01,2,7,0,2,1,2,1,0.0
202300016849,155 650 710,B01,2,7,0,2,5,2,1,0.0
202300016850,155 650 707,A01,1,7,0,2,1,1,1,0.0
202300016850,155 650 708,B01,2,32,0,2,1,13,1,0.0
202300016851,155 650 712,A01,2,10,0,1,3,15,1,0.0
202300016852,155 650 705,B01,0,7,0,2,3,1,1,0.0
202300016852,155 650 706,A01,3,1,0,2,1,1,5,0.0
202300016853,155 650 703,B01,1,60,0,2,7,15,5,0.0
202300016853,155 650 704,A01,2,7,0,2,3,1,1,0.0
202300016854,155 650 701,A01,1,7,13,0,0,15,1,0.0
202300016855,155 650 700,A01,1,15,0,1,2,1,0,0.0
202300016856,155 650 702,A01,1,7,0,1,2,1,1,0.0
202300016857,155 650 697,A01,2,50,0,2,1,19,3,0.0
202300016857,155 650 699,B01,1,7,0,2,8,1,1,0.0
202300016858,155 650 696,A01,2,80,0,2,6,13,3,0.0
202300016858,155 650 698,B01,2,7,0,2,1,17,1,0.0
202300016859,155 650 690,A01,1,7,0,2,1,1,6,0.0
202300016859,155 650 693,B01,2,7,0,2,8,13,0,0.0
202300016860,155 650 691,B01,2,1,0,2,4,1,5,0.0
202300016860,155 650 694,A01,2,7,0,2,1,16,1,0.0
202300016861,155 650 692,B01,1,7,0,2,3,1,1,0.0
202300016861,155 650 695,A01,2,7,0,2,3,13,1,0.0
202300016862,155 650 688,A01,2,17,0,0,7,1,1,0.0
202300016863,155 650 689,A01,1,1,1,0,9,26,5,0.0
202300016864,155 650 682,A01,2,7,14,2,6,10,1,0.0
202300016864,155 650 685,B01,2,7,0,2,2,1,1,0.0
202300016865,155 650 684,B01,1,33,0,2,1,1,1,0.0
202300016865,155 650 686,A01,1,7,1,2,7,20,1,0.0
202300016866,155 650 683,B01,1,7,0,2,6,1,1,0.0
202300016866,155 650 687,A01,2,33,0,2,2,21,1,0.0
202300016867,155 650 679,A01,3,32,0,2,1,17,1,0.0
202300016867,155 650 680,B01,3,7,0,2,1,1,1,0.0
202300016868,155 650 681,A01,3,7,2,0,2,13,1,0.0
202300016869,155 650 677,A01,2,10,0,1,2,15,3,0.0
202300016870,155 650 675,A01,0,7,0,2,8,10,1,0.0
202300016870,155 650 676,B01,0,34,0,2,1,1,1,0.0
202300016871,155 650 672,A01,1,7,0,2,6,20,1,0.0
202300016871,155 650 674,B01,1,33,0,2,1,17,1,0.0
202300016872,155 650 673,A01,3,7,0,2,2,13,1,0.0
202300016872,155 650 678,B01,3,7,0,2,3,2,1,0.0
202300016873,155 650 670,A01,3,7,0,1,0,1,1,0.0
202300016874,155 650 668,B01,0,34,0,2,8,1,1,0.0
202300016874,155 650 669,A01,3,7,0,2,2,1,1,0.0
202300016875,155 650 663,A01,2,7,0,2,1,2,0,0.0
202300016875,155 650 665,B01,2,33,0,2,4,2,1,0.0
202300016876,155 650 661,B01,1,7,0,2,4,23,1,0.0
202300016876,155 650 664,A01,1,7,0,2,2,2,1,0.0
202300016877,155 650 662,A01,2,7,0,2,2,15,1,0.0
202300016877,155 650 666,B01,1,7,0,2,1,1,1,0.0
202300016878,155 650 658,A01,2,33,0,0,4,1,1,0.0
202300016879,155 650 659,A01,2,7,9,0,1,1,1,0.0
202300016880,155 650 655,A01,1,7,0,2,3,13,1,0.0
202300016880,155 650 657,B01,2,10,0,2,3,1,1,0.0
202300016881,155 650 650,A01,2,10,0,2,4,2,1,0.0
202300016881,155 650 653,B01,2,10,0,2,1,2,1,0.0
202300016881,155 650 654,C01,2,7,0,2,0,0,1,0.0
202300016882,155 650 649,A01,3,2,0,2,1,5,1,0.0
202300016882,155 650 652,B01,3,7,0,2,2,1,1,0.0
202300016883,155 650 651,A01,3,7,1,2,6,4,1,0.0
202300016883,155 650 656,B01,3,7,1,2,1,13,1,0.0
202300016884,155 650 646,B01,1,33,0,2,1,2,1,0.0
202300016884,155 650 647,A01,1,7,0,2,5,2,1,0.0
202300016885,155 650 643,C01,1,7,0,2,4,2,1,0.0
202300016885,155 650 645,A01,1,37,0,2,1,2,1,1.0
202300016885,155 650 648,B01,1,7,0,2,4,2,1,0.0
202300016886,155 650 641,B01,1,32,0,0,7,2,0,0.0
202300016886,155 650 644,A01,2,7,0,2,2,15,1,0.0
202300016887,155 650 640,A01,0,2,0,2,7,1,1,0.0
202300016887,155 650 642,B01,3,7,0,2,1,26,1,0.0
202300016888,155 650 638,B01,0,15,1,0,4,24,1,0.0
202300016888,155 650 639,A01,0,7,1,0,1,2,1,0.0
202300016889,155 650 637,A01,3,7,6,0,1,20,1,0.0
202300016890,155 650 633,A01,3,7,0,1,1,1,1,0.0
202300016891,155 650 634,A01,1,7,0,1,2,1,1,0.0
202300016892,155 650 632,A01,2,7,4,0,3,1,1,0.0
202300016893,155 650 631,B01,0,7,0,2,4,1,1,0.0
202300016893,155 650 635,C01,3,7,0,2,4,1,1,0.0
202300016893,155 650 636,A01,1,7,0,2,1,1,1,0.0
202300016894,155 650 629,A01,3,7,0,2,3,15,1,0.0
202300016894,155 650 630,B01,3,2,0,2,1,1,1,0.0
202300016895,155 650 627,B01,2,10,0,2,4,2,1,0.0
202300016895,155 650 628,A01,2,7,0,2,1,2,1,0.0
202300016896,155 650 623,A01,2,7,0,2,1,2,1,0.0
202300016896,155 650 624,B01,2,17,0,2,4,2,1,0.0
202300016897,155 650 622,B01,1,7,0,2,4,23,1,0.0
202300016897,155 650 625,A01,1,33,0,2,1,2,1,0.0
202300016898,155 650 620,A01,1,7,3,0,0,1,1,0.0
202300016899,155 650 621,A01,2,33,0,2,1,1,1,0.0
202300016899,155 650 626,B01,1,7,0,2,0,0,1,0.0
202300016900,155 650 619,A01,1,7,8,1,1,1,0,0.0
202300016901,155 650 617,A01,2,7,0,2,5,12,1,0.0
202300016901,155 650 618,B01,2,33,0,2,3,3,1,0.0
202300016902,155 650 613,A01,2,7,0,2,3,13,0,0.0
202300016902,155 650 615,B01,2,33,0,2,1,2,0,0.0
202300016903,155 650 612,A01,1,7,0,2,1,0,1,0.0
202300016903,155 650 614,B01,1,43,0,2,4,0,1,0.0
202300016904,155 650 616,A01,1,7,0,1,3,1,1,0.0
202300016905,155 650 607,B01,1,7,4,2,5,1,1,0.0
202300016905,155 650 610,A01,1,34,4,2,1,1,1,0.0
202300016906,155 650 606,A01,1,33,0,2,1,2,1,0.0
202300016906,155 650 608,B01,1,7,0,0,4,2,1,0.0
202300016907,155 650 603,C01,1,7,0,2,4,1,1,0.0
202300016907,155 650 605,D01,1,7,0,2,4,1,1,0.0
202300016907,155 650 609,A01,1,7,0,2,1,1,1,0.0
202300016907,155 650 611,B01,1,7,0,2,4,1,1,0.0
202300016908,155 650 601,C01,2,7,0,2,1,1,1,0.0
202300016908,155 650 602,B01,2,7,0,0,7,1,1,0.0
202300016908,155 650 604,A01,2,7,0,2,1,26,1,0.0
202300016909,155 650 597,B01,2,33,0,2,4,2,1,0.0
202300016909,155 650 599,A01,2,7,0,2,1,2,1,0.0
202300016910,155 650 596,A01,2,7,0,1,2,2,1,0.0
202300016911,155 650 598,B01,0,7,0,2,3,1,1,0.0
202300016911,155 650 600,A01,0,43,0,2,1,17,1,0.0
202300016912,155 650 593,B01,2,14,0,2,4,1,1,0.0
202300016912,155 650 595,A01,2,33,0,2,6,3,1,0.0
202300016913,155 650 594,A01,1,7,2,0,1,14,1,0.0
202300016914,155 650 589,A01,2,31,0,2,1,2,1,0.0
202300016914,155 650 592,B01,2,7,0,2,4,2,1,0.0
202300016915,155 650 590,A01,2,7,0,1,1,1,1,0.0
202300016916,155 650 588,A01,1,7,0,2,1,2,1,0.0
202300016916,155 650 591,B01,1,7,0,2,4,2,0,0.0
202300016917,155 650 584,B01,3,7,0,2,3,1,1,0.0
202300016917,155 650 586,A01,3,7,0,2,3,1,1,0.0
202300016918,155 650 585,A01,1,7,0,2,3,11,1,0.0
202300016918,155 650 587,B01,1,33,4,2,7,26,1,0.0
202300016919,155 650 582,A01,2,7,8,0,1,1,1,0.0
202300016920,155 650 581,B01,3,33,0,2,1,1,1,0.0
202300016920,155 650 583,A01,3,7,0,2,8,20,1,0.0
202300016921,155 650 580,A01,1,7,0,2,7,26,1,0.0
202300016922,155 650 576,B01,1,50,0,2,1,1,3,0.0
202300016922,155 650 579,A01,1,10,0,2,3,9,1,0.0
202300016923,155 650 577,A01,3,7,0,2,4,1,1,0.0
202300016923,155 650 578,Z01,3,7,0,2,1,2,0,0.0
202300016924,155 650 574,A01,1,7,0,9,3,1,1,0.0
202300016924,155 650 575,B01,1,1,0,2,2,1,5,0.0
202300016925,155 650 572,A01,1,7,0,2,1,2,1,0.0
202300016925,155 650 573,B01,1,7,0,2,4,2,1,0.0
202300016926,155 650 571,A01,3,30,0,1,1,2,0,0.0
202300016927,155 650 568,B01,3,33,0,2,0,0,0,0.0
202300016927,155 650 570,A01,3,7,0,2,8,26,0,0.0
202300016928,155 650 567,A01,1,33,0,1,0,17,1,0.0
202300016929,155 650 565,B01,2,7,0,2,1,1,1,0.0
202300016929,155 650 566,C01,2,7,0,2,1,1,1,0.0
202300016929,155 650 569,A01,3,7,0,2,8,15,1,0.0
202300016930,155 650 564,A01,1,7,0,1,1,1,1,0.0
202300016931,155 650 563,A01,2,7,0,1,1,1,1,0.0
202300016932,155 650 561,A01,2,7,0,2,2,12,1,0.0
202300016932,155 650 562,B01,2,33,0,2,3,3,1,0.0
202300016933,155 650 557,A01,2,17,0,2,2,12,1,0.0
202300016933,155 650 558,B01,2,7,0,2,8,1,1,0.0
202300016934,155 650 559,A01,1,7,0,2,2,12,1,0.0
202300016934,155 650 560,B01,1,7,9,2,6,2,1,0.0
202300016935,155 650 554,A01,2,33,0,2,1,11,3,0.0
202300016935,155 650 555,B01,2,7,0,2,2,1,1,0.0
202300016935,155 650 556,C01,2,7,0,2,4,1,1,0.0
202300016936,155 650 552,A01,3,7,0,2,1,15,1,0.0
202300016936,155 650 553,B01,3,7,0,2,2,1,1,0.0
202300016937,155 650 551,A01,2,10,0,1,1,16,1,0.0
202300016938,155 650 550,A01,3,10,0,0,2,0,1,0.0
202300016939,155 650 548,A01,1,40,0,1,7,1,3,0.0
202300016940,155 650 549,A01,2,50,0,1,1,25,3,0.0
202300016941,155 650 546,A01,1,32,0,1,1,1,1,0.0
202300016942,155 650 545,A01,2,33,14,2,1,13,1,0.0
202300016942,155 650 547,B01,1,7,0,2,1,23,1,0.0
202300016943,155 650 543,A01,0,7,0,0,2,1,1,0.0
202300016944,155 650 542,AB01,3,80,0,2,7,19,3,0.0
202300016944,155 650 544,A01,2,43,0,2,1,1,1,0.0
202300016945,155 650 540,A01,1,7,0,2,3,9,1,0.0
202300016945,155 650 541,B01,1,33,0,2,2,1,1,0.0
202300016946,155 650 539,A01,1,14,0,1,2,1,1,0.0
202300016947,155 650 537,A01,1,1,0,0,1,1,5,0.0
202300016948,155 650 538,A01,3,10,0,1,1,15,0,0.0
202300016949,155 650 536,A01,2,32,0,1,1,15,1,0.0
202300016950,155 650 534,B01,2,10,0,2,1,1,0,0.0
202300016950,155 650 535,A01,3,10,0,2,8,15,0,0.0
202300016951,155 650 531,A01,2,7,0,2,3,9,1,0.0
202300016951,155 650 533,B01,1,50,0,2,1,15,3,0.0
202300016952,155 650 532,A01,3,33,0,1,3,16,1,0.0
202300016953,155 650 527,A01,1,1,0,2,1,15,5,0.0
202300016953,155 650 528,B01,2,7,0,2,2,16,1,0.0
202300016954,155 650 526,A01,1,7,0,1,8,16,1,0.0
202300016955,155 650 524,A01,3,7,0,1,1,20,1,0.0
202300016956,155 650 525,A01,2,1,12,0,2,16,5,0.0
202300016957,155 650 521,B01,2,7,0,2,4,23,0,0.0
202300016957,155 650 522,Z01,2,7,0,2,1,2,0,0.0
202300016958,155 650 520,B01,2,32,0,2,5,17,3,0.0
202300016958,155 650 523,A01,2,7,0,2,1,13,1,0.0
202300016959,155 650 519,A01,3,7,1,0,1,26,1,0.0
202300016960,155 650 518,A01,3,80,0,1,1,1,3,0.0
202300016961,155 650 516,A01,1,7,0,2,1,1,1,0.0
202300016961,155 650 517,B01,2,7,0,2,1,1,1,0.0
202300016962,155 650 515,A01,3,7,4,0,1,1,1,0.0
202300016963,155 650 514,A01,1,50,12,0,0,14,3,0.0
202300016964,155 650 513,A01,1,7,0,1,4,26,1,0.0
202300016965,155 650 511,B01,2,2,0,2,1,1,1,0.0
202300016965,155 650 512,A01,1,7,0,2,5,15,0,0.0
202300016966,155 650 509,C01,2,7,0,0,1,5,1,0.0
202300016966,155 650 510,A01,1,33,0,1,1,17,1,0.0
202300016967,155 650 505,A01,3,10,0,2,1,19,1,0.0
202300016967,155 650 508,B01,3,7,0,2,8,0,1,0.0
202300016968,155 650 506,C01,3,13,0,2,7,0,-1,0.0
202300016968,155 650 507,B01,3,30,0,2,6,0,1,0.0
202300016969,155 650 502,A01,2,7,0,2,8,15,1,0.0
202300016969,155 650 504,B01,2,7,7,2,3,1,1,0.0
202300016970,155 650 503,A01,3,7,1,0,1,11,1,0.0
202300016971,155 650 499,A01,1,7,0,2,3,5,1,0.0
202300016971,155 650 500,B01,2,7,0,2,1,1,1,0.0
202300016972,155 650 498,A01,2,7,0,2,4,0,1,0.0
202300016972,155 650 501,B01,2,7,0,2,1,0,1,0.0
202300016973,155 650 497,A01,1,7,0,1,1,26,1,0.0
202300016974,155 650 495,B01,0,7,0,2,1,1,0,0.0
202300016974,155 650 496,A01,0,10,0,2,2,2,0,0.0
202300016975,155 650 493,Z01,1,7,0,2,2,17,1,0.0
202300016975,155 650 494,B01,1,7,0,2,8,15,1,0.0
202300016976,155 650 491,A01,1,32,0,2,1,5,1,0.0
202300016976,155 650 492,B01,2,37,0,2,3,1,1,1.0
202300016977,155 650 488,A01,1,7,0,2,3,2,1,0.0
202300016977,155 650 490,B01,1,7,0,2,4,0,1,0.0
202300016978,155 650 487,A01,1,7,0,2,3,15,1,0.0
202300016978,155 650 489,B01,1,60,0,2,1,1,5,0.0
202300016979,155 650 485,B01,0,50,0,2,1,3,3,0.0
202300016979,155 650 486,A01,1,7,0,0,4,9,1,0.0
202300016980,155 650 484,A01,1,7,0,1,1,1,1,0.0
202300016981,155 650 482,B01,1,7,0,2,3,15,1,0.0
202300016981,155 650 483,A01,2,2,0,2,1,5,1,0.0
202300016982,155 650 479,A01,3,7,0,2,3,2,1,0.0
202300016982,155 650 481,B01,3,1,0,2,1,19,5,0.0
202300016983,155 650 475,A01,2,7,0,9,3,15,1,0.0
202300016983,155 650 477,B01,1,1,0,2,1,1,5,0.0
202300016984,155 650 476,A01,3,7,14,1,5,4,1,0.0
202300016985,155 650 473,A01,0,7,0,1,4,20,1,0.0
202300016986,155 650 474,A01,1,7,1,0,2,1,1,0.0
202300016987,155 650 470,A01,1,7,0,2,2,14,-1,0.0
202300016987,155 650 472,B01,1,7,0,2,3,1,-1,0.0
202300016988,155 650 469,A01,3,7,8,0,1,15,1,0.0
202300016989,155 650 468,A01,0,32,0,2,8,15,1,0.0
202300016989,155 650 471,B01,0,7,0,2,2,26,1,0.0
202300016990,155 650 466,Z01,1,7,0,0,6,1,0,0.0
202300016990,155 650 467,A01,2,30,0,2,6,17,1,0.0
202300016991,155 650 465,A01,1,7,0,1,3,1,1,0.0
202300016992,155 650 462,B01,1,7,0,2,3,1,1,0.0
202300016992,155 650 464,A01,1,7,0,2,3,13,1,0.0
202300016993,155 650 463,A01,1,7,0,1,3,15,1,0.0
202300016994,155 650 461,A01,3,7,15,0,9,1,1,0.0
202300016995,155 650 459,A01,3,7,0,1,2,16,1,0.0
202300016996,155 650 458,A01,0,7,0,2,8,15,1,0.0
202300016996,155 650 460,B01,0,33,0,2,1,3,1,0.0
202300016997,155 650 457,A01,3,10,0,1,3,16,1,0.0
202300016998,155 650 456,A01,1,7,1,0,1,0,1,0.0
202300016999,155 650 454,A01,0,10,0,2,1,15,1,0.0
202300016999,155 650 455,B01,0,43,8,0,4,1,1,0.0
202300017000,155 650 452,A01,1,7,0,2,2,15,1,0.0
202300017000,155 650 453,B01,2,7,0,2,3,1,1,0.0
202300017001,155 650 450,A01,1,7,0,2,3,14,1,0.0
202300017001,155 650 451,B01,1,33,0,2,7,1,1,0.0
202300017002,155 650 448,B01,2,15,0,2,8,1,1,0.0
202300017002,155 650 449,A01,2,33,0,2,2,12,1,0.0
202300017003,155 650 444,B01,2,7,0,2,2,1,2,0.0
202300017003,155 650 446,A01,2,43,0,2,1,18,1,0.0
202300017004,155 650 445,B01,3,14,0,2,2,0,4,0.0
202300017004,155 650 447,A01,3,7,16,0,9,6,1,0.0
202300017005,155 650 442,A01,1,32,0,2,1,1,1,0.0
202300017005,155 650 443,B01,1,7,0,2,3,9,1,0.0
202300017006,155 650 439,A01,0,10,0,2,3,1,1,0.0
202300017006,155 650 440,B01,0,1,0,2,1,5,5,0.0
202300017007,155 650 438,A01,3,7,0,2,1,2,1,0.0
202300017007,155 650 441,B01,3,33,0,2,4,0,1,0.0
202300017008,155 650 437,A01,1,7,1,1,2,1,1,0.0
202300017009,155 650 436,A01,1,33,0,0,0,21,1,0.0
202300017010,155 650 434,A01,3,7,0,2,2,15,2,0.0
202300017010,155 650 435,B01,3,33,0,2,1,1,1,0.0
202300017011,155 650 432,A01,2,7,0,2,3,13,1,0.0
202300017011,155 650 433,B01,1,10,0,2,2,21,1,0.0
202300017012,155 650 430,A01,3,7,0,2,3,22,1,0.0
202300017012,155 650 431,B01,3,2,0,2,1,16,1,0.0
202300017013,155 650 429,A01,1,7,0,1,1,1,1,0.0
202300017014,155 650 428,A01,3,36,0,0,9,1,1,0.0
202300017015,155 650 427,A01,2,7,0,1,1,1,1,0.0
202300017016,155 650 426,A01,1,1,0,6,0,0,5,0.0
202300017017,155 650 424,B01,2,7,0,2,6,1,2,0.0
202300017017,155 650 425,A01,1,7,0,2,3,13,1,0.0
202300017018,155 650 423,A01,1,33,1,0,1,21,1,0.0
202300017019,155 650 422,A01,2,33,0,1,1,1,3,0.0
202300017020,155 650 421,A01,2,7,4,0,9,14,1,0.0
202300017021,155 650 419,A01,3,32,0,4,1,1,0,0.0
202300017021,155 650 420,B01,3,40,0,2,1,1,3,0.0
202300017022,155 650 417,A01,1,1,1,1,1,1,5,0.0
202300017023,155 650 416,A01,0,7,0,2,3,2,0,0.0
202300017023,155 650 418,B01,0,2,0,2,1,1,0,0.0
202300017024,155 650 414,A01,1,7,0,2,8,1,1,0.0
202300017024,155 650 415,B01,3,37,0,2,1,1,1,1.0
202300017025,155 650 413,A01,1,7,0,0,0,0,0,0.0
202300017026,155 650 411,A01,1,7,0,2,7,1,1,0.0
202300017026,155 650 412,B01,1,7,0,2,1,26,1,0.0
202300017027,155 650 409,A01,3,7,8,0,2,14,0,0.0
202300017028,155 650 408,B01,1,7,0,2,7,0,1,0.0
202300017028,155 650 410,A01,2,10,0,2,1,1,1,0.0
202300017029,155 650 406,A01,3,7,0,2,3,15,1,0.0
202300017029,155 650 407,B01,3,7,0,2,1,2,1,0.0
202300017030,155 650 405,A01,2,7,8,0,1,1,1,0.0
202300017031,155 650 404,A01,3,7,0,1,0,19,1,0.0
202300017032,155 650 402,A01,1,7,0,2,3,1,0,0.0
202300017032,155 650 403,B01,1,0,0,2,0,12,0,0.0
202300017033,155 650 400,A01,1,7,0,2,8,15,1,0.0
202300017033,155 650 401,B01,1,33,0,2,1,17,1,0.0
202300017034,155 650 398,B01,1,7,0,2,2,1,1,0.0
202300017034,155 650 399,A01,1,7,0,2,3,15,1,0.0
202300017035,155 650 395,B01,1,7,12,0,1,1,2,0.0
202300017035,155 650 397,A01,2,10,6,2,3,9,1,0.0
202300017036,155 650 396,A01,1,7,16,0,1,14,1,0.0
202300017037,155 650 393,A01,3,7,0,2,1,9,1,0.0
202300017037,155 650 394,B01,3,7,0,2,8,1,1,0.0
202300017038,155 650 390,B01,2,7,0,2,3,1,0,0.0
202300017038,155 650 392,A01,1,7,0,2,3,1,0,0.0
202300017039,155 650 389,A01,1,10,0,2,7,26,1,0.0
202300017039,155 650 391,B01,1,2,0,2,1,2,1,0.0
202300017040,155 650 388,A01,1,33,4,0,3,17,6,0.0
202300017041,155 650 386,A01,2,7,2,0,2,14,1,0.0
202300017042,155 650 385,B01,0,7,0,2,8,0,1,0.0
202300017042,155 650 387,A01,0,7,0,2,1,9,0,0.0
202300017043,155 650 383,B01,3,7,11,2,8,1,1,0.0
202300017043,155 650 384,A01,3,7,0,2,1,1,0,0.0
202300017044,155 650 381,A01,2,21,0,2,2,19,1,0.0
202300017044,155 650 382,B01,1,7,0,2,3,1,1,0.0
202300017045,155 650 379,A01,1,30,0,2,1,17,1,0.0
202300017045,155 650 380,B01,1,7,0,2,6,9,1,0.0
202300017046,155 650 376,A01,0,30,0,0,0,0,1,0.0
202300017046,155 650 377,B01,3,7,0,2,0,0,1,0.0
202300017047,155 650 375,A01,1,33,0,2,8,10,1,0.0
202300017047,155 650 378,B01,1,7,0,2,1,1,1,0.0
202300017048,155 650 372,A01,2,30,0,2,1,2,1,0.0
202300017048,155 650 374,B01,2,7,0,2,4,2,1,0.0
202300017049,155 650 371,A01,3,2,0,2,1,13,1,0.0
202300017049,155 650 373,B01,3,7,0,2,3,1,1,0.0
202300017050,155 650 369,A01,2,7,0,9,1,2,1,0.0
202300017050,155 650 370,B01,2,1,0,2,4,1,5,0.0
202300017051,155 650 366,B01,1,33,0,2,1,1,1,0.0
202300017051,155 650 367,A01,2,7,0,2,1,15,1,0.0
202300017052,155 650 364,A01,2,7,0,2,3,13,1,0.0
202300017052,155 650 365,B01,1,7,0,2,3,1,1,0.0
202300017053,155 650 363,A01,-1,7,15,0,3,1,1,0.0
202300017054,155 650 360,B01,1,33,0,2,1,1,1,0.0
202300017054,155 650 362,A01,3,10,0,2,3,15,1,0.0
202300017055,155 650 358,A01,1,7,0,2,1,13,1,0.0
202300017055,155 650 359,B01,2,7,0,2,1,1,1,0.0
202300017055,155 650 361,C01,1,7,0,2,1,2,1,0.0
202300017056,155 650 354,A01,3,7,0,2,4,23,1,0.0
202300017056,155 650 356,B01,0,7,0,0,1,1,1,0.0
202300017057,155 650 353,B01,2,7,0,2,3,1,1,0.0
202300017057,155 650 355,A01,2,7,0,2,1,1,1,0.0
202300017057,155 650 357,C01,1,7,0,2,7,1,1,0.0
202300017058,155 650 352,A01,1,7,3,0,1,1,1,0.0
202300017059,155 650 350,A01,3,7,0,2,3,1,1,0.0
202300017059,155 650 351,B01,3,1,0,0,1,1,5,0.0
202300017060,155 650 348,B01,2,2,0,2,1,1,1,0.0
202300017060,155 650 349,A01,1,7,0,2,3,15,1,0.0
202300017061,155 650 347,A01,1,7,0,1,5,1,1,0.0
202300017062,155 650 344,B01,2,80,0,2,8,1,3,0.0
202300017062,155 650 346,A01,1,7,0,9,3,17,1,0.0
202300017063,155 650 345,A01,1,2,0,0,7,9,1,0.0
202300017064,155 650 341,B01,2,7,0,2,1,1,1,0.0
202300017064,155 650 343,A01,1,10,0,2,1,13,1,0.0
202300017065,155 650 342,A01,2,7,2,0,3,13,1,0.0
202300017066,155 650 340,A01,2,7,0,1,1,1,1,0.0
202300017067,155 650 339,A01,1,33,0,0,9,1,1,0.0
202300017068,155 650 337,A01,1,7,0,2,3,13,1,0.0
202300017068,155 650 338,B01,2,7,0,2,3,1,1,0.0
202300017069,155 650 335,A01,2,7,0,2,3,19,1,0.0
202300017069,155 650 336,B01,2,7,0,2,2,1,1,0.0
202300017070,155 650 332,A01,3,33,11,0,0,1,1,0.0
202300017070,155 650 333,B01,3,7,0,0,0,9,1,0.0
202300017071,155 650 331,A01,2,7,0,2,1,1,1,0.0
202300017071,155 650 334,B01,1,7,0,2,1,13,1,0.0
202300017072,155 650 329,A01,2,33,3,9,8,0,1,0.0
202300017073,155 650 330,A01,3,10,13,0,1,13,1,0.0
202300017074,155 650 324,A01,3,2,0,2,8,5,1,0.0
202300017074,155 650 327,B01,3,7,0,2,2,1,1,0.0
202300017075,155 650 325,A01,2,7,0,2,1,1,1,0.0
202300017075,155 650 326,B01,2,7,0,2,1,16,1,0.0
202300017075,155 650 328,C01,1,10,0,2,1,1,1,0.0
202300017076,155 650 322,A01,2,7,13,0,1,1,1,0.0
202300017077,155 650 321,A01,1,7,1,0,1,1,1,0.0
202300017077,155 650 323,B01,1,10,0,2,6,23,1,0.0
202300017078,155 650 319,A01,1,7,2,0,3,13,1,0.0
202300017079,155 650 318,B01,1,7,0,2,3,1,1,0.0
202300017079,155 650 320,A01,2,7,0,2,2,1,1,0.0
202300017080,155 650 316,A01,1,7,0,2,1,15,1,0.0
202300017080,155 650 317,B01,2,2,0,0,8,1,1,0.0