num_acc,id_vehicule,num_veh,senc,catv,obs,obsm,choc,manv,motor,occutc
202300017331,155 649 865,A01,3,10,0,2,7,13,0,0.0
202300017332,155 649 862,A01,1,32,0,2,1,1,1,0.0
202300017332,155 649 863,B01,2,7,0,2,3,15,1,0.0
202300017333,155 649 860,A01,3,7,0,2,3,24,1,0.0
202300017333,155 649 861,B01,3,1,1,0,1,1,5,0.0
202300017334,155 649 858,B01,1,7,1,2,1,1,1,0.0
202300017334,155 649 859,A01,1,10,0,2,1,10,1,0.0
202300017335,155 649 857,A01,1,7,15,0,1,15,1,0.0
202300017336,155 649 855,B01,3,7,0,2,3,15,1,0.0
202300017336,155 649 856,A01,3,7,0,2,3,16,1,0.0
202300017337,155 649 854,A01,1,7,0,1,2,9,1,0.0
202300017338,155 649 852,B01,1,15,0,2,3,1,1,0.0
202300017338,155 649 853,A01,2,10,0,2,1,13,1,0.0
202300017339,155 649 851,A01,2,7,0,1,1,1,1,0.0
202300017340,155 649 849,B01,1,1,0,0,4,2,5,0.0
202300017340,155 649 850,A01,1,7,0,9,2,2,1,0.0
202300017341,155 649 847,A01,1,10,0,2,1,2,1,0.0
202300017341,155 649 848,B01,1,15,0,0,6,2,1,0.0
202300017342,155 649 845,A01,1,7,0,0,3,15,1,0.0
202300017342,155 649 846,B01,1,7,0,0,1,1,1,0.0
202300017343,155 649 843,A01,2,7,0,2,4,0,1,0.0
202300017343,155 649 844,B01,1,7,0,2,1,1,1,0.0
202300017344,155 649 842,A01,2,7,2,0,5,0,1,0.0
202300017345,155 649 841,A01,2,7,0,1,3,2,0,0.0
202300017346,155 649 839,A01,1,2,0,2,1,17,0,0.0
202300017346,155 649 840,B01,2,7,0,2,3,9,0,0.0
202300017347,155 649 837,B01,0,7,0,0,4,2,1,0.0
202300017347,155 649 838,A01,0,7,0,2,1,2,1,0.0
202300017348,155 649 835,B01,1,7,0,2,3,1,1,0.0
202300017348,155 649 836,A01,2,7,0,0,7,15,1,0.0
202300017349,155 649 833,A01,2,10,0,2,2,17,1,0.0
202300017349,155 649 834,B01,2,33,0,2,8,15,1,0.0
202300017350,155 649 832,A01,3,33,8,0,1,1,1,0.0
202300017351,155 649 829,B01,1,7,0,2,7,1,1,0.0
202300017351,155 649 830,C01,1,3,0,2,2,1,1,0.0
202300017351,155 649 831,A01,2,7,0,2,2,13,1,0.0
202300017352,155 649 827,B01,1,39,0,2,2,19,3,0.0
202300017352,155 649 828,A01,2,7,0,4,1,26,1,0.0
202300017353,155 649 824,C01,1,7,0,9,1,1,1,0.0
202300017353,155 649 825,B01,2,15,0,2,3,1,1,0.0
202300017353,155 649 826,A01,1,7,0,2,3,13,1,0.0
202300017354,155 649 823,A01,1,10,3,0,1,2,1,0.0
202300017355,155 649 822,A01,1,7,1,0,3,13,3,0.0
202300017356,155 649 820,A01,2,32,0,2,1,17,1,0.0
202300017356,155 649 821,B01,2,7,0,2,6,15,1,0.0
202300017357,155 649 817,A01,1,33,0,0,4,2,0,0.0
202300017357,155 649 818,B01,1,33,0,2,5,2,0,0.0
202300017357,155 649 819,C01,1,33,0,2,3,1,0,0.0
202300017358,155 649 816,A01,2,10,8,0,3,1,1,0.0
202300017359,155 649 814,A01,2,7,0,0,4,1,1,0.0
202300017359,155 649 815,B01,2,32,0,2,1,1,1,0.0
202300017360,155 649 812,A01,3,7,0,2,4,15,1,0.0
202300017360,155 649 813,B01,3,33,0,2,1,1,1,0.0
202300017361,155 649 810,A01,1,10,0,2,3,1,1,0.0
202300017361,155 649 811,B01,1,33,11,2,1,17,1,0.0
202300017362,155 649 808,A01,0,7,0,2,1,1,1,0.0
202300017362,155 649 809,B01,0,7,0,2,1,1,0,0.0
202300017363,155 649 805,A01,2,10,0,1,1,23,1,0.0
202300017364,155 649 804,A01,3,7,0,1,3,0,1,0.0
202300017365,155 649 803,A01,2,31,0,0,7,1,1,0.0
202300017366,155 649 802,A01,3,33,0,0,9,1,1,0.0
202300017367,155 649 800,A01,2,2,0,2,0,1,1,0.0
202300017367,155 649 801,B01,2,21,0,2,3,1,1,0.0
202300017368,155 649 798,B01,1,33,0,2,1,1,1,0.0
202300017368,155 649 799,A01,2,7,0,2,5,15,1,0.0
202300017369,155 649 797,A01,1,2,1,0,1,1,1,0.0
202300017370,155 649 796,A01,1,7,2,0,0,1,2,0.0
202300017371,155 649 795,A01,3,10,0,1,1,16,1,0.0
202300017372,155 649 790,C01,2,7,0,2,1,2,1,0.0
202300017372,155 649 791,A01,2,7,0,2,4,1,1,0.0
202300017372,155 649 792,B01,2,7,0,2,4,2,1,0.0
202300017373,155 649 788,A01,2,7,0,2,8,9,1,0.0
202300017373,155 649 789,B01,2,7,0,2,7,2,1,0.0
202300017374,155 649 786,B01,1,7,4,2,4,2,1,0.0
202300017374,155 649 787,A01,1,31,4,2,1,2,1,0.0
202300017375,155 649 784,B01,2,31,0,2,1,3,1,0.0
202300017375,155 649 785,A01,2,7,0,2,4,11,1,0.0
202300017376,155 649 780,B01,1,10,0,2,4,1,1,0.0
202300017376,155 649 781,C01,1,10,0,2,1,1,1,0.0
202300017376,155 649 782,D01,1,17,0,2,4,2,1,0.0
202300017376,155 649 783,A01,1,14,0,2,1,1,1,0.0
202300017377,155 649 779,A01,1,33,0,0,2,21,1,0.0
202300017378,155 649 776,A01,2,7,0,2,1,2,1,0.0
202300017378,155 649 777,B01,2,7,0,2,4,2,1,0.0
202300017378,155 649 778,C01,2,7,0,2,4,2,1,0.0
202300017379,155 649 773,A01,2,10,0,2,1,2,1,0.0
202300017379,155 649 774,B01,2,7,0,2,4,2,1,0.0
202300017379,155 649 775,C01,2,7,0,2,4,2,1,0.0
202300017380,155 649 771,A01,2,33,0,2,0,0,1,0.0
202300017380,155 649 772,B01,2,7,0,2,0,0,2,0.0
202300017381,155 649 769,A01,1,7,0,2,1,1,1,0.0
202300017381,155 649 770,B01,1,7,0,1,1,1,0,0.0
202300017382,155 649 767,A01,1,7,0,2,3,15,1,0.0
202300017382,155 649 768,B01,3,30,0,2,1,1,1,0.0
202300017383,155 649 764,C01,2,1,0,2,9,17,5,0.0
202300017383,155 649 765,A01,1,38,0,2,8,1,1,1.0
202300017383,155 649 766,B01,2,7,0,2,3,1,1,0.0
202300017384,155 649 763,A01,1,7,4,0,2,2,1,0.0
202300017385,155 649 762,A01,1,33,9,0,8,0,1,0.0
202300017386,155 649 760,A01,1,7,0,0,4,23,1,0.0
202300017386,155 649 761,B01,1,7,0,2,1,2,1,0.0
202300017387,155 649 758,A01,2,7,0,2,4,2,1,0.0
202300017387,155 649 759,B01,2,7,0,2,1,2,1,0.0
202300017388,155 649 756,A01,2,31,0,2,1,1,0,0.0
202300017388,155 649 757,B01,1,7,0,2,3,19,0,0.0
202300017389,155 649 753,B01,1,7,0,2,3,1,1,0.0
202300017389,155 649 754,A01,2,7,0,2,3,5,1,0.0
202300017389,155 649 755,C01,1,14,0,2,1,1,1,0.0
202300017390,155 649 752,A01,2,7,0,0,3,13,1,0.0
202300017391,155 649 750,A01,1,7,0,0,6,23,1,0.0
202300017391,155 649 751,B01,1,33,0,2,1,1,1,0.0
202300017392,155 649 749,A01,2,33,3,0,8,16,1,0.0
202300017393,155 649 747,A01,2,33,0,2,1,1,3,0.0
202300017393,155 649 748,B01,1,7,0,0,8,15,0,0.0
202300017394,155 649 746,A01,1,7,0,1,2,1,1,0.0
202300017395,155 649 742,C01,2,7,0,2,8,1,1,0.0
202300017395,155 649 743,A01,1,7,0,2,1,1,1,0.0
202300017395,155 649 744,B01,1,3,0,0,4,15,1,0.0
202300017396,155 649 740,A01,1,33,0,2,1,15,1,0.0
202300017396,155 649 741,B01,2,7,0,2,3,1,1,0.0
202300017397,155 649 738,Y01,2,60,0,2,7,19,5,0.0
202300017397,155 649 739,A01,1,7,0,2,1,1,1,0.0
202300017398,155 649 736,A01,1,7,0,2,2,2,1,0.0
202300017398,155 649 737,B01,1,30,0,2,3,2,0,0.0
202300017399,155 649 734,A01,1,30,1,0,1,1,1,0.0
202300017399,155 649 735,B01,1,10,0,0,0,0,1,0.0
202300017400,155 649 732,A01,1,7,0,2,2,19,1,0.0
202300017400,155 649 733,B01,1,2,0,2,8,1,1,0.0
202300017401,155 649 731,A01,1,7,8,0,3,13,1,0.0
202300017402,155 649 730,A01,2,33,0,0,0,0,1,0.0
202300017403,155 649 729,A01,2,7,0,1,0,0,1,0.0
202300017404,155 649 728,A01,2,7,0,1,7,17,1,0.0
202300017405,155 649 727,A01,1,7,0,1,1,16,1,0.0
202300017406,155 649 725,A01,1,7,0,2,1,19,1,0.0
202300017406,155 649 726,B01,0,7,0,2,7,1,1,0.0
202300017407,155 649 723,A01,3,7,0,2,3,1,1,0.0
202300017407,155 649 724,B01,3,7,0,2,3,1,1,0.0
202300017408,155 649 721,A01,1,7,0,2,1,2,1,0.0
202300017408,155 649 722,B01,1,7,0,2,0,2,1,0.0
202300017409,155 649 720,A01,3,7,0,1,3,19,1,0.0
202300017410,155 649 715,A01,1,50,0,0,7,1,3,0.0
202300017411,155 649 714,A01,2,7,0,1,1,1,1,0.0
202300017412,155 649 712,B01,1,10,14,0,1,23,0,0.0
202300017412,155 649 713,A01,1,10,14,0,4,23,0,0.0
202300017413,155 649 711,A01,2,43,14,0,1,0,1,0.0
202300017414,155 649 710,A01,2,10,0,1,2,1,1,0.0
202300017415,155 649 709,A01,0,39,0,1,3,26,3,0.0
202300017416,155 649 707,A01,3,10,0,2,5,1,1,0.0
202300017416,155 649 708,B01,3,7,0,2,0,23,1,0.0
202300017417,155 649 703,B01,2,1,0,0,0,0,5,0.0
202300017417,155 649 704,A01,1,33,0,2,1,26,0,0.0
202300017418,155 649 699,B01,1,7,0,2,3,15,1,0.0
202300017418,155 649 700,A01,1,7,0,2,7,17,1,0.0
202300017419,155 649 698,A01,0,50,0,0,0,14,3,0.0
202300017420,155 649 697,A01,1,7,0,1,1,14,1,0.0
202300017421,155 649 695,A01,2,10,0,2,3,15,1,0.0
202300017421,155 649 696,B01,1,7,0,2,0,0,1,0.0
202300017422,155 649 694,A01,1,7,1,0,0,0,0,0.0
202300017423,155 649 691,C01,3,7,0,2,4,2,1,0.0
202300017423,155 649 692,A01,1,7,0,2,8,18,1,0.0
202300017423,155 649 693,B01,3,7,12,2,7,1,1,0.0
202300017424,155 649 688,C01,1,7,0,2,4,1,1,0.0
202300017424,155 649 689,A01,1,7,0,2,1,1,1,0.0
202300017424,155 649 690,B01,1,7,0,2,4,1,1,0.0
202300017425,155 649 687,A01,1,7,6,0,1,14,1,0.0
202300017426,155 649 685,B01,0,50,0,2,1,1,3,0.0
202300017426,155 649 686,A01,3,7,0,2,7,16,1,0.0
202300017427,155 649 683,A01,0,1,0,2,1,1,5,0.0
202300017427,155 649 684,B01,3,10,0,2,0,9,1,0.0
202300017428,155 649 682,A01,1,7,0,1,2,15,1,0.0
202300017429,155 649 680,B01,3,15,0,2,1,16,1,0.0
202300017429,155 649 681,A01,2,7,0,2,2,1,1,0.0
202300017430,155 649 678,A01,2,3,0,2,2,15,1,0.0
202300017430,155 649 679,B01,1,33,0,2,1,1,1,0.0
202300017431,155 649 676,A01,1,30,0,2,1,17,1,0.0
202300017431,155 649 677,B01,2,7,0,2,1,21,1,0.0
202300017432,155 649 674,B01,2,2,0,2,1,1,1,0.0
202300017432,155 649 675,A01,1,10,0,2,3,15,1,0.0
202300017433,155 649 672,B01,3,10,0,0,4,23,1,0.0
202300017433,155 649 673,A01,1,7,0,2,1,1,1,0.0
202300017434,155 649 671,Z01,3,7,0,1,4,20,1,0.0
202300017435,155 649 669,B01,1,2,0,2,1,1,1,0.0
202300017435,155 649 670,A01,3,7,0,2,3,15,3,0.0
202300017436,155 649 667,A01,2,7,0,2,1,26,0,0.0
202300017436,155 649 668,B01,2,2,0,2,1,1,1,0.0
202300017437,155 649 665,A01,1,7,0,2,5,16,1,0.0
202300017437,155 649 666,B01,1,1,0,2,0,1,5,0.0
202300017438,155 649 664,A01,2,7,0,1,1,1,2,0.0
202300017439,155 649 662,A01,2,7,0,2,1,13,1,0.0
202300017439,155 649 663,B01,1,7,0,2,1,1,1,0.0
202300017440,155 649 660,B01,3,50,0,2,8,0,3,0.0
202300017440,155 649 661,A01,3,7,0,2,2,0,1,0.0
202300017441,155 649 659,A01,0,21,0,1,3,1,1,0.0
202300017442,155 649 658,A01,1,10,0,1,1,9,1,0.0
202300017443,155 649 657,A01,2,7,0,1,1,1,1,0.0
202300017444,155 649 655,A01,2,2,0,2,3,1,1,0.0
202300017444,155 649 656,B01,2,7,0,2,7,20,1,0.0
202300017445,155 649 654,A01,1,10,15,5,0,21,0,0.0
202300017446,155 649 653,A01,3,7,0,1,3,0,1,0.0
202300017447,155 649 650,B01,3,33,0,2,1,1,1,0.0
202300017447,155 649 651,A01,3,7,0,2,8,19,2,0.0
202300017448,155 649 648,A01,1,7,0,2,1,15,1,0.0
202300017448,155 649 649,B01,2,1,0,2,6,1,5,0.0
202300017449,155 649 646,A01,3,7,0,2,2,1,1,0.0
202300017449,155 649 647,B01,3,30,0,2,3,1,1,0.0
202300017450,155 649 644,A01,1,7,0,2,4,2,1,0.0
202300017450,155 649 645,B01,1,7,0,2,1,2,1,0.0
202300017451,155 649 642,A01,1,33,0,2,1,26,1,0.0
202300017451,155 649 643,B01,1,7,0,2,6,12,1,0.0
202300017452,155 649 640,A01,3,7,0,2,1,1,1,0.0
202300017452,155 649 641,B01,3,7,0,2,6,1,1,0.0
202300017453,155 649 638,B01,1,7,0,2,4,2,1,0.0
202300017453,155 649 639,A01,1,7,1,0,1,2,1,0.0
202300017454,155 649 637,A01,1,7,6,0,1,14,1,0.0
202300017455,155 649 635,A01,2,7,0,2,2,2,1,0.0
202300017455,155 649 636,B01,2,7,0,2,4,2,1,0.0
202300017456,155 649 634,A01,1,7,0,1,1,1,1,0.0
202300017457,155 649 632,A01,0,7,0,2,7,15,1,0.0
202300017457,155 649 633,B01,0,7,0,2,1,1,2,0.0
202300017458,155 649 628,A01,2,7,0,0,4,15,1,0.0
202300017458,155 649 629,B01,2,7,0,2,1,2,1,0.0
202300017459,155 649 626,A01,2,1,0,2,1,17,5,0.0
202300017459,155 649 627,B01,2,50,0,2,8,1,3,0.0
202300017460,155 649 625,A01,2,7,0,1,3,1,1,0.0
202300017461,155 649 624,A01,0,7,0,1,3,15,1,0.0
202300017462,155 649 623,A01,1,7,0,1,3,2,1,0.0
202300017463,155 649 619,A01,1,33,0,2,1,2,0,0.0
202300017463,155 649 620,C01,2,7,0,2,1,23,0,0.0
202300017463,155 649 621,D01,2,7,0,2,7,23,0,0.0
202300017463,155 649 622,B01,2,7,0,2,3,17,0,0.0
202300017464,155 649 618,Z01,1,32,0,1,8,0,0,0.0
202300017465,155 649 616,A01,3,7,0,2,3,5,1,0.0
202300017465,155 649 617,B01,3,10,0,2,6,1,1,0.0
202300017466,155 649 614,A01,2,99,0,2,3,16,1,0.0
202300017466,155 649 615,B01,2,10,0,2,2,16,1,0.0
202300017467,155 649 612,A01,1,30,0,2,7,17,1,0.0
202300017467,155 649 613,B01,1,7,0,2,6,15,1,0.0
202300017468,155 649 610,B01,2,50,0,2,1,1,3,0.0
202300017468,155 649 611,A01,2,7,0,2,8,22,2,0.0
202300017469,155 649 609,A01,1,2,9,0,1,14,1,0.0
202300017470,155 649 608,A01,1,37,0,1,2,1,3,1.0
202300017471,155 649 606,B01,1,7,0,2,8,15,1,0.0
202300017471,155 649 607,A01,1,30,0,2,2,17,1,0.0
202300017472,155 649 605,A01,2,7,0,1,5,4,1,0.0
202300017473,155 649 604,A01,0,7,0,1,1,13,1,0.0
202300017474,155 649 602,A01,2,1,0,2,1,1,5,0.0
202300017474,155 649 603,B01,1,1,0,2,5,15,5,0.0
202300017475,155 649 601,A01,1,34,0,1,2,17,1,0.0
202300017476,155 649 599,A01,2,7,0,2,7,12,1,0.0
202300017476,155 649 600,B01,2,33,0,2,3,2,1,0.0
202300017477,155 649 597,A01,2,7,0,2,1,0,1,0.0
202300017477,155 649 598,B01,2,33,0,2,8,0,1,0.0
202300017478,155 649 595,A01,1,7,0,2,5,14,1,0.0
202300017478,155 649 596,B01,1,33,0,2,1,1,1,0.0
202300017479,155 649 594,A01,0,7,0,1,3,16,0,0.0
202300017480,155 649 592,A01,3,1,0,2,8,9,5,0.0
202300017480,155 649 593,B01,1,31,0,2,1,2,1,0.0
202300017481,155 649 590,A01,3,7,0,2,1,1,1,0.0
202300017481,155 649 591,B01,3,3,0,2,4,1,1,0.0
202300017482,155 649 588,B01,3,7,0,2,2,9,1,0.0
202300017482,155 649 589,A01,3,7,0,2,8,26,1,0.0
202300017483,155 649 586,A01,3,7,0,2,1,1,0,0.0
202300017483,155 649 587,B01,3,7,0,2,3,15,0,0.0
202300017484,155 649 585,A01,2,7,0,1,2,1,1,0.0
202300017485,155 649 583,A01,0,7,0,9,1,1,1,0.0
202300017486,155 649 581,A01,2,10,0,2,4,20,0,0.0
202300017486,155 649 582,B01,2,32,0,2,2,1,0,0.0
202300017487,155 649 579,A01,1,7,0,2,3,2,1,0.0
202300017487,155 649 580,B01,1,33,0,2,2,2,1,0.0
202300017488,155 649 577,B01,2,33,0,2,7,3,1,0.0
202300017488,155 649 578,A01,1,7,0,2,1,15,1,0.0
202300017489,155 649 575,B01,1,50,0,2,7,1,3,0.0
202300017489,155 649 576,A01,1,7,0,2,8,15,1,0.0
202300017490,155 649 573,A01,2,7,0,2,2,1,1,0.0
202300017490,155 649 574,B01,2,10,0,2,3,15,1,0.0
202300017491,155 649 570,A01,1,10,0,2,8,22,0,0.0
202300017491,155 649 571,B01,1,60,0,0,0,0,5,0.0
202300017492,155 649 567,B01,3,7,0,2,1,1,1,0.0
202300017492,155 649 568,A01,3,7,0,2,5,20,1,0.0
202300017493,155 649 566,A01,0,7,6,0,1,2,1,0.0
202300017494,155 649 565,A01,1,30,1,2,8,21,0,0.0
202300017495,155 649 563,A01,1,10,0,2,1,1,1,0.0
202300017495,155 649 564,B01,2,32,0,2,1,15,1,0.0
202300017496,155 649 562,A01,1,42,0,1,1,1,1,0.0
202300017497,155 649 561,A01,2,43,12,0,2,1,1,0.0
202300017498,155 649 559,A01,3,7,0,2,2,15,1,0.0
202300017498,155 649 560,B01,3,7,0,2,8,1,2,0.0
202300017499,155 649 558,A01,2,7,15,0,1,14,1,0.0
202300017500,155 649 557,A01,1,7,2,0,1,14,2,0.0
202300017501,155 649 556,A01,3,7,0,1,4,20,0,0.0
202300017502,155 649 552,A01,3,7,0,2,3,1,1,0.0
202300017502,155 649 553,B01,3,7,0,2,1,5,1,0.0
202300017502,155 649 554,C01,0,7,0,0,2,26,1,0.0
202300017502,155 649 555,D01,0,7,0,0,2,26,1,0.0
202300017503,155 649 550,A01,2,7,0,2,3,13,1,0.0
202300017503,155 649 551,B01,1,7,0,2,3,1,1,0.0
202300017504,155 649 549,A01,1,7,2,0,8,1,1,0.0
202300017505,155 649 547,A01,3,7,0,2,3,1,1,0.0
202300017505,155 649 548,B01,3,36,0,2,2,1,1,0.0
202300017506,155 649 546,A01,2,7,8,0,1,0,1,0.0
202300017507,155 649 545,A01,1,7,3,-1,1,0,1,0.0
202300017508,155 649 544,A01,2,10,15,9,2,26,1,0.0
202300017509,155 649 542,B01,2,7,0,2,8,19,1,0.0
202300017509,155 649 543,A01,2,10,0,2,1,1,1,0.0
202300017510,155 649 541,A01,1,7,13,0,1,1,0,0.0
202300017511,155 649 539,A01,3,2,0,2,2,1,1,0.0
202300017511,155 649 540,B01,1,7,0,2,4,26,1,0.0
202300017512,155 649 538,A01,2,7,6,6,1,1,1,0.0
202300017513,155 649 536,A01,1,2,0,2,1,17,1,0.0
202300017513,155 649 537,B01,2,7,0,2,1,1,3,0.0
202300017514,155 649 533,A01,1,7,0,2,1,13,1,0.0
202300017514,155 649 534,B01,1,7,0,2,1,13,1,0.0
202300017514,155 649 535,C01,2,16,0,2,1,1,1,0.0
202300017515,155 649 532,A01,1,15,13,0,7,1,1,0.0
202300017516,155 649 531,A01,1,7,15,-1,1,1,1,0.0
202300017517,155 649 530,A01,2,7,2,0,0,1,1,0.0
202300017518,155 649 529,A01,1,7,0,1,1,1,1,0.0
202300017519,155 649 527,A01,2,33,0,2,7,3,1,0.0
202300017519,155 649 528,B01,1,7,0,2,8,13,3,0.0
202300017520,155 649 526,A01,1,7,2,0,1,1,1,0.0
202300017521,155 649 523,A01,3,7,0,2,3,1,1,0.0
202300017521,155 649 525,B01,1,2,0,2,7,1,1,0.0
202300017522,155 649 522,B01,1,33,0,2,1,3,1,0.0
202300017522,155 649 524,A01,1,33,0,2,4,1,0,0.0
202300017523,155 649 519,A01,1,7,0,2,2,15,1,0.0
202300017523,155 649 521,B01,2,2,0,2,7,21,1,0.0
202300017524,155 649 517,A01,1,7,0,2,8,11,1,0.0
202300017524,155 649 518,B01,1,7,0,2,7,1,1,0.0
202300017524,155 649 520,C01,1,33,0,2,6,1,1,0.0
202300017525,155 649 514,A01,2,7,0,2,2,16,0,0.0
202300017525,155 649 516,B01,2,31,0,2,6,7,1,0.0
202300017526,155 649 513,B01,2,7,0,2,4,1,2,0.0
202300017526,155 649 515,A01,2,10,0,2,1,2,1,0.0
202300017527,155 649 512,A01,1,7,0,0,-1,26,1,0.0
202300017528,155 649 511,A01,3,21,0,0,7,10,1,0.0
202300017529,155 649 508,A01,2,33,11,0,1,17,1,0.0
202300017530,155 649 507,B01,2,17,0,2,4,1,1,0.0
202300017530,155 649 509,C01,2,17,0,2,1,1,1,0.0
202300017530,155 649 510,A01,2,99,0,2,1,1,1,0.0
202300017531,155 649 504,B01,2,14,3,2,1,2,1,0.0
202300017531,155 649 506,A01,1,7,0,2,1,13,1,0.0
202300017532,155 649 503,A01,2,7,3,2,1,2,1,0.0
202300017532,155 649 505,B01,2,7,0,2,4,2,1,0.0
202300017533,155 649 501,B01,2,1,0,2,4,2,5,0.0
202300017533,155 649 502,A01,2,7,0,9,2,2,0,0.0
202300017534,155 649 499,B01,1,7,0,2,2,12,1,0.0
202300017534,155 649 500,A01,1,33,0,2,3,3,1,0.0
202300017535,155 649 495,A01,2,7,0,2,1,2,1,0.0
202300017535,155 649 497,B01,2,7,0,2,4,1,1,0.0
202300017536,155 649 493,A01,1,31,0,0,1,3,1,0.0
202300017537,155 649 491,A01,2,7,0,2,2,14,1,0.0
202300017538,155 649 490,A01,1,37,0,2,2,1,1,1.0
202300017538,155 649 492,B01,1,1,0,2,4,1,5,0.0
202300017539,155 649 485,A01,2,33,0,2,1,11,1,0.0
202300017539,155 649 487,B01,2,7,4,2,6,1,1,0.0
202300017539,155 649 489,Z01,2,33,4,2,1,3,0,0.0
202300017540,155 649 486,A01,1,7,14,0,1,2,1,0.0
202300017540,155 649 488,B01,1,10,0,0,4,23,1,0.0
202300017541,155 649 482,B01,2,7,0,2,8,1,1,0.0
202300017541,155 649 484,A01,2,14,0,2,1,12,1,0.0
202300017542,155 649 481,A01,1,7,0,0,4,1,1,0.0
202300017542,155 649 483,B01,1,7,0,2,1,2,1,0.0
202300017543,155 649 477,A01,1,7,0,2,1,5,1,0.0
202300017543,155 649 479,B01,2,7,0,2,1,1,1,0.0
202300017544,155 649 475,D01,1,7,0,2,5,1,1,0.0
202300017544,155 649 476,C01,1,7,0,2,3,1,1,0.0
202300017544,155 649 478,A01,1,7,0,2,3,12,1,0.0
202300017544,155 649 480,B01,1,33,0,2,3,3,1,0.0
202300017545,155 649 474,A01,2,37,0,1,3,24,1,1.0
202300017546,155 649 472,A01,2,10,0,2,1,1,1,0.0
202300017546,155 649 473,B01,2,7,0,2,4,23,1,0.0
202300017547,155 649 470,B01,1,10,0,2,3,2,1,0.0
202300017547,155 649 471,A01,1,17,0,0,5,2,1,0.0
202300017548,155 649 469,A01,1,7,4,0,2,14,1,0.0
202300017549,155 649 467,A01,2,32,0,1,1,26,1,0.0
202300017550,155 649 465,A01,2,50,0,1,1,1,3,0.0
202300017551,155 649 463,A01,2,2,0,2,1,9,1,0.0
202300017551,155 649 464,B01,2,2,0,2,5,26,1,0.0
202300017552,155 649 462,A01,2,7,4,0,2,17,1,0.0
202300017553,155 649 460,A01,3,13,0,2,7,1,1,0.0
202300017553,155 649 461,B01,3,1,0,2,8,1,5,0.0
202300017554,155 649 458,A01,1,33,0,2,5,16,1,0.0
202300017554,155 649 459,B01,2,13,0,2,3,1,1,0.0
202300017555,155 649 456,B01,1,7,0,2,3,1,4,0.0
202300017555,155 649 457,A01,2,7,0,2,3,13,1,0.0
202300017556,155 649 454,A01,1,7,0,2,3,9,1,0.0
202300017556,155 649 455,B01,1,2,0,2,1,1,1,0.0
202300017557,155 649 451,B01,1,2,0,2,6,1,1,0.0
202300017557,155 649 452,Z01,1,7,0,9,2,12,1,0.0
202300017558,155 649 450,A01,2,7,0,2,1,1,1,0.0
202300017558,155 649 453,B01,1,7,0,2,8,9,1,0.0
202300017559,155 649 447,B01,1,7,0,9,2,1,1,0.0
202300017559,155 649 449,A01,1,50,0,2,8,15,3,0.0
202300017560,155 649 446,A01,3,7,0,0,8,19,1,0.0
202300017560,155 649 448,B01,2,33,0,2,1,1,1,0.0
202300017561,155 649 442,B01,1,7,0,2,2,1,1,0.0
202300017561,155 649 444,C01,1,7,0,2,6,24,1,0.0
202300017561,155 649 445,A01,2,30,0,2,3,19,1,0.0
202300017562,155 649 443,A01,1,33,0,0,9,1,1,0.0
202300017563,155 649 441,A01,2,1,14,0,0,16,5,0.0
202300017564,155 649 437,B01,0,31,0,2,1,1,0,0.0
202300017564,155 649 438,A01,0,7,0,2,2,15,0,0.0
202300017565,155 649 436,A01,1,7,12,0,2,1,1,0.0
202300017566,155 649 439,B01,1,10,0,2,1,1,1,0.0
202300017566,155 649 440,A01,2,7,0,2,1,5,0,0.0
202300017567,155 649 435,A01,1,33,0,9,0,0,1,0.0
202300017568,155 649 434,A01,2,7,8,0,3,1,1,0.0
202300017569,155 649 433,A01,1,33,0,0,0,26,0,0.0
202300017570,155 649 429,A01,1,50,0,2,0,0,3,0.0
202300017570,155 649 430,B01,2,7,0,9,1,1,1,0.0
202300017571,155 649 428,A01,3,7,0,1,2,1,1,0.0
202300017572,155 649 426,B01,1,7,0,2,2,1,1,0.0
202300017572,155 649 427,A01,2,7,0,2,1,1,1,0.0
202300017573,155 649 424,B01,1,37,0,2,2,1,1,1.0
202300017573,155 649 425,A01,1,7,0,2,5,1,1,0.0
202300017574,155 649 423,A01,1,7,1,0,2,14,1,0.0
202300017575,155 649 422,A01,1,7,0,1,1,1,1,0.0
202300017576,155 649 420,B01,1,43,0,2,2,1,1,0.0
202300017576,155 649 421,A01,1,7,0,2,3,10,1,0.0
202300017577,155 649 419,A01,3,7,14,0,1,6,1,0.0
202300017578,155 649 417,A01,1,33,0,2,1,17,1,0.0
202300017578,155 649 418,B01,1,7,0,2,3,15,1,0.0
202300017579,155 649 415,A01,1,32,0,2,1,18,1,0.0
202300017579,155 649 416,B01,2,7,0,2,2,15,1,0.0
202300017580,155 649 413,B01,2,2,0,2,1,19,1,0.0
202300017580,155 649 414,A01,1,7,0,2,3,1,1,0.0
202300017581,155 649 411,A01,2,7,0,2,1,1,1,0.0
202300017581,155 649 412,B01,3,7,0,2,4,1,1,0.0
202300017582,155 649 409,B01,1,7,0,2,2,1,1,0.0
202300017582,155 649 410,A01,3,7,0,2,7,1,1,0.0
202300017583,155 649 405,C01,2,7,0,2,4,1,1,0.0
202300017583,155 649 406,D01,2,7,0,2,4,1,1,0.0
202300017583,155 649 407,B01,2,7,0,2,4,1,1,0.0
202300017583,155 649 408,A01,2,7,0,2,1,1,1,0.0
202300017584,155 649 404,A01,3,7,0,1,2,17,1,0.0