num_acc,id_vehicule,num_veh,senc,catv,obs,obsm,choc,manv,motor,occutc
202300017585,155 649 402,A01,3,7,0,2,3,15,1,0.0
202300017585,155 649 403,B01,3,30,0,2,1,1,1,0.0
202300017586,155 649 400,A01,3,7,0,2,0,1,1,0.0
202300017586,155 649 401,B01,3,1,0,2,2,1,5,0.0
202300017587,155 649 399,A01,2,1,16,0,0,1,5,0.0
202300017588,155 649 398,A01,1,10,8,0,1,2,1,0.0
202300017589,155 649 396,A01,2,7,0,2,6,26,1,0.0
202300017589,155 649 397,B01,2,2,0,2,1,9,1,0.0
202300017590,155 649 394,B01,1,7,1,0,1,1,1,0.0
202300017590,155 649 395,A01,1,7,0,2,4,23,1,0.0
202300017591,155 649 392,A01,1,7,0,2,1,1,1,0.0
202300017591,155 649 393,B01,1,1,0,2,8,0,5,0.0
202300017592,155 649 390,B01,1,30,0,2,8,1,1,0.0
202300017592,155 649 391,A01,1,7,0,2,2,2,1,0.0
202300017593,155 649 388,A01,3,10,0,2,3,1,1,0.0
202300017593,155 649 389,B01,3,1,0,2,2,15,5,0.0
202300017594,155 649 387,A01,1,30,0,0,0,1,0,0.0
202300017595,155 649 386,A01,1,30,0,0,0,15,1,0.0
202300017596,155 649 384,A01,2,10,0,9,2,19,1,0.0
202300017596,155 649 385,B01,1,1,0,2,1,1,5,0.0
202300017597,155 649 383,A01,1,30,1,0,1,13,1,0.0
202300017598,155 649 382,A01,1,7,1,0,3,13,1,0.0
202300017599,155 649 378,A01,3,34,14,0,0,0,0,0.0
202300017599,155 649 379,B01,3,3,0,2,2,1,0,0.0
202300017600,155 649 376,A01,1,7,0,2,2,15,1,0.0
202300017600,155 649 377,B01,2,32,0,2,1,1,1,0.0
202300017601,155 649 374,B01,0,7,0,2,5,15,1,0.0
202300017601,155 649 375,A01,0,50,0,2,1,0,3,0.0
202300017602,155 649 371,C01,3,7,16,0,6,15,0,0.0
202300017602,155 649 372,B01,2,7,0,2,0,0,2,0.0
202300017602,155 649 373,A01,3,7,0,2,9,1,1,0.0
202300017603,155 649 370,A01,2,7,0,0,7,1,1,0.0
202300017604,155 649 368,B01,1,2,0,0,4,23,1,0.0
202300017604,155 649 369,A01,1,7,0,2,1,2,1,0.0
202300017605,155 649 366,A01,2,7,0,2,2,2,1,0.0
202300017605,155 649 367,B01,2,7,0,2,6,2,1,0.0
202300017606,155 649 365,Z01,1,7,0,1,4,4,0,0.0
202300017607,155 649 363,A01,2,7,0,2,2,1,1,0.0
202300017607,155 649 364,B01,1,1,0,2,8,1,5,0.0
202300017608,155 649 361,A01,1,32,0,2,7,1,1,0.0
202300017608,155 649 362,B01,0,1,0,2,1,1,5,0.0
202300017609,155 649 360,A01,3,30,0,0,0,9,3,0.0
202300017610,155 649 358,A01,1,7,0,2,3,9,2,0.0
202300017610,155 649 359,B01,1,31,0,2,7,1,1,0.0
202300017611,155 649 356,B01,2,7,0,2,5,23,1,0.0
202300017611,155 649 357,A01,2,10,0,2,6,1,1,0.0
202300017612,155 649 355,A01,2,1,0,1,1,1,5,0.0
202300017613,155 649 353,A01,2,10,0,2,2,1,1,0.0
202300017613,155 649 354,B01,2,43,0,2,0,1,1,0.0
202300017614,155 649 351,A01,2,7,0,2,3,2,1,0.0
202300017614,155 649 352,B01,2,1,0,2,1,17,5,0.0
202300017615,155 649 350,Z01,2,14,0,1,0,1,1,0.0
202300017616,155 649 348,A01,2,10,0,2,2,14,1,0.0
202300017616,155 649 349,B01,2,7,0,2,6,1,2,0.0
202300017617,155 649 346,A01,2,99,0,2,1,1,1,0.0
202300017617,155 649 347,B01,2,33,0,2,4,23,1,0.0
202300017618,155 649 344,B01,2,7,0,2,1,1,1,0.0
202300017618,155 649 345,A01,2,7,0,2,7,1,1,0.0
202300017619,155 649 342,B01,2,50,0,2,1,1,3,0.0
202300017619,155 649 343,A01,2,7,0,2,2,16,1,0.0
202300017620,155 649 340,B01,3,2,0,2,5,26,1,0.0
202300017620,155 649 341,A01,0,7,0,2,3,26,0,0.0
202300017621,155 649 339,A01,1,60,12,0,1,1,5,0.0
202300017622,155 649 338,A01,2,33,14,0,1,6,1,0.0
202300017623,155 649 337,A01,0,10,0,0,0,0,1,0.0
202300017624,155 649 335,B01,1,7,0,2,5,0,1,0.0
202300017624,155 649 336,A01,2,7,0,2,1,5,3,0.0
202300017625,155 649 333,B01,1,33,12,2,6,9,1,0.0
202300017625,155 649 334,A01,1,33,1,2,1,13,1,0.0
202300017626,155 649 331,B01,3,1,0,9,0,9,5,0.0
202300017626,155 649 332,A01,3,7,0,9,3,9,1,0.0
202300017627,155 649 330,A01,2,7,13,0,7,1,1,0.0
202300017628,155 649 328,B01,3,7,0,2,1,17,1,0.0
202300017628,155 649 329,A01,0,7,0,2,6,15,1,0.0
202300017629,155 649 327,A01,2,7,3,0,2,14,1,0.0
202300017630,155 649 325,A01,3,1,0,2,7,1,5,0.0
202300017630,155 649 326,B01,3,7,0,9,4,26,0,0.0
202300017631,155 649 323,A01,1,7,0,2,1,13,3,0.0
202300017631,155 649 324,B01,2,10,0,2,1,1,0,0.0
202300017632,155 649 321,B01,0,7,0,2,1,1,1,0.0
202300017632,155 649 322,A01,0,7,0,2,8,21,1,0.0
202300017633,155 649 320,A01,1,7,15,9,1,1,1,0.0
202300017634,155 649 319,A01,2,7,0,1,2,16,0,0.0
202300017635,155 649 318,A01,1,7,14,0,1,0,1,0.0
202300017636,155 649 316,B01,2,7,0,2,7,1,1,0.0
202300017636,155 649 317,A01,2,7,0,2,1,1,1,0.0
202300017637,155 649 314,B01,2,7,0,2,2,1,1,0.0
202300017637,155 649 315,A01,1,2,0,2,1,13,1,0.0
202300017638,155 649 312,B01,1,7,0,2,2,15,1,0.0
202300017638,155 649 313,A01,2,7,15,2,1,1,1,0.0
202300017639,155 649 311,A01,2,7,2,0,1,14,1,0.0
202300017640,155 649 310,A01,1,7,0,1,2,1,1,0.0
202300017641,155 649 309,A01,3,7,6,0,2,1,1,0.0
202300017642,155 649 307,B01,1,7,6,2,7,1,1,0.0
202300017642,155 649 308,A01,1,7,6,2,1,1,1,0.0
202300017643,155 649 305,A01,1,3,0,2,7,17,1,0.0
202300017643,155 649 306,B01,1,31,12,0,3,14,1,0.0
202300017644,155 649 304,A01,1,7,4,0,9,2,0,0.0
202300017645,155 649 303,A01,3,7,0,1,2,1,1,0.0
202300017646,155 649 301,A01,2,7,0,2,2,15,1,0.0
202300017646,155 649 302,B01,2,33,0,2,7,1,1,0.0
202300017647,155 649 300,A01,1,7,0,1,1,1,1,0.0
202300017648,155 649 298,A01,2,7,0,2,3,1,1,0.0
202300017648,155 649 299,B01,1,17,0,2,8,1,1,0.0
202300017649,155 649 296,A01,1,7,0,9,2,16,1,0.0
202300017649,155 649 297,B01,2,1,0,2,4,5,5,0.0
202300017650,155 649 294,A01,0,7,0,0,7,10,1,0.0
202300017650,155 649 295,B01,0,33,0,2,1,1,1,0.0
202300017651,155 649 292,B01,1,1,0,2,4,15,5,0.0
202300017651,155 649 293,A01,1,38,0,2,2,2,1,1.0
202300017652,155 649 290,B01,1,15,0,0,6,1,1,0.0
202300017652,155 649 291,A01,1,7,0,2,1,0,1,0.0
202300017653,155 649 288,A01,1,7,0,2,0,13,1,0.0
202300017653,155 649 289,B01,2,7,0,2,1,1,1,0.0
202300017654,155 649 286,A01,3,7,0,9,3,1,1,0.0
202300017654,155 649 287,B01,0,1,0,2,1,26,5,0.0
202300017655,155 649 284,A01,1,7,0,2,2,19,1,0.0
202300017655,155 649 285,B01,2,7,0,2,2,21,1,0.0
202300017656,155 649 283,A01,1,34,3,0,9,1,1,0.0
202300017657,155 649 281,A01,0,7,0,2,8,10,0,0.0
202300017657,155 649 282,B01,3,31,0,2,1,2,1,0.0
202300017658,155 649 279,A01,2,7,0,2,1,1,0,0.0
202300017658,155 649 280,B01,1,7,0,2,1,1,0,0.0
202300017659,155 649 278,A01,2,7,2,0,8,1,1,0.0
202300017660,155 649 276,A01,2,32,0,0,4,1,1,0.0
202300017660,155 649 277,B01,2,10,0,2,3,9,1,0.0
202300017661,155 649 275,A01,3,7,6,0,3,1,0,0.0
202300017662,155 649 274,A01,0,33,0,6,1,1,1,0.0
202300017663,155 649 267,A01,1,7,3,0,7,14,1,0.0
202300017664,155 649 265,A01,2,7,0,2,5,26,1,0.0
202300017664,155 649 266,B01,2,7,0,2,3,21,1,0.0
202300017665,155 649 264,A01,3,33,0,1,8,0,1,0.0
202300017666,155 649 263,A01,1,10,0,1,7,19,1,0.0
202300017667,155 649 261,A01,1,7,0,2,3,5,1,0.0
202300017667,155 649 262,B01,2,7,0,2,3,1,1,0.0
202300017668,155 649 260,A01,0,30,0,1,1,26,1,0.0
202300017669,155 649 259,A01,1,7,0,1,1,1,1,0.0
202300017670,155 649 257,B01,2,33,0,2,0,11,1,0.0
202300017670,155 649 258,A01,1,10,0,2,1,2,1,0.0
202300017671,155 649 256,A01,1,10,0,1,2,16,6,0.0
202300017672,155 649 253,C01,2,7,0,2,1,23,1,0.0
202300017672,155 649 254,B01,1,31,0,2,1,21,1,0.0
202300017672,155 649 255,A01,2,7,0,2,8,1,0,0.0
202300017673,155 649 251,B01,1,32,0,2,0,1,1,0.0
202300017673,155 649 252,A01,2,7,0,2,0,19,1,0.0
202300017674,155 649 250,A01,1,7,0,1,1,1,1,0.0
202300017675,155 649 248,B01,3,1,0,2,3,1,5,0.0
202300017675,155 649 249,A01,3,7,0,2,3,11,1,0.0
202300017676,155 649 247,A01,1,33,12,0,8,0,1,0.0
202300017677,155 649 244,A01,2,7,0,2,1,18,1,0.0
202300017677,155 649 245,B01,1,7,3,2,7,1,1,0.0
202300017677,155 649 246,C01,1,7,3,2,7,1,1,0.0
202300017678,155 649 242,A01,2,7,0,2,5,15,1,0.0
202300017678,155 649 243,B01,1,33,0,2,1,1,1,0.0
202300017679,155 649 241,A01,1,7,8,1,2,1,1,0.0
202300017680,155 649 239,B01,2,7,0,2,4,2,1,0.0
202300017680,155 649 240,A01,1,10,0,2,1,2,1,0.0
202300017681,155 649 237,A01,3,7,0,2,2,15,1,0.0
202300017681,155 649 238,B01,3,33,0,2,7,1,1,0.0
202300017682,155 649 235,B01,1,7,1,0,1,14,1,0.0
202300017682,155 649 236,A01,1,7,0,2,4,23,1,0.0
202300017683,155 649 234,A01,3,7,2,0,2,26,0,0.0
202300017684,155 649 231,A01,2,30,0,2,8,1,1,0.0
202300017684,155 649 233,Z01,1,7,0,2,0,15,1,0.0
202300017685,155 649 229,Z01,3,0,0,1,4,4,0,0.0
202300017686,155 649 227,A01,1,33,3,0,1,26,1,0.0
202300017687,155 649 224,A01,1,7,0,2,1,1,1,0.0
202300017687,155 649 225,B01,1,7,0,2,4,1,1,0.0
202300017688,155 649 222,A01,3,7,0,2,3,9,1,0.0
202300017688,155 649 223,B01,1,80,0,2,0,0,3,0.0
202300017689,155 649 220,A01,1,7,0,2,5,10,0,0.0
202300017689,155 649 221,B01,2,7,0,2,1,1,1,0.0
202300017690,155 649 219,A01,2,10,0,1,1,1,1,0.0
202300017691,155 649 217,B01,3,7,0,2,2,0,0,0.0
202300017691,155 649 218,A01,3,7,0,2,8,0,0,0.0
202300017692,155 649 214,A01,3,7,0,2,3,11,1,0.0
202300017692,155 649 216,B01,2,7,2,2,0,0,1,0.0
202300017693,155 649 215,A01,1,7,0,0,9,1,1,0.0
202300017694,155 649 212,A01,1,10,0,2,7,1,1,0.0
202300017694,155 649 213,B01,1,7,0,2,0,16,1,0.0
202300017695,155 649 211,A01,1,7,1,0,2,1,1,0.0
202300017696,155 649 207,B01,0,7,0,2,1,15,1,0.0
202300017696,155 649 209,A01,3,7,0,2,2,1,1,0.0
202300017697,155 649 206,A01,1,10,0,2,1,5,1,0.0
202300017697,155 649 208,C01,2,17,0,2,3,1,1,0.0
202300017697,155 649 210,B01,2,7,0,2,1,1,1,0.0
202300017698,155 649 204,B01,2,7,0,2,6,1,1,0.0
202300017698,155 649 205,A01,2,7,0,2,1,11,0,0.0
202300017699,155 649 198,A01,3,7,0,2,1,13,1,0.0
202300017699,155 649 200,B01,3,7,0,2,6,23,1,0.0
202300017699,155 649 202,C01,3,7,0,2,1,23,1,0.0
202300017699,155 649 203,D01,3,7,0,2,1,23,1,0.0
202300017700,155 649 197,A01,1,7,0,2,3,19,1,0.0
202300017700,155 649 199,B01,1,7,0,2,2,1,1,0.0
202300017700,155 649 201,C01,1,10,0,2,1,1,1,0.0
202300017701,155 649 193,A01,3,7,0,2,1,1,1,0.0
202300017701,155 649 195,B01,3,10,0,2,4,1,1,0.0
202300017701,155 649 196,C01,3,7,0,2,4,1,1,0.0
202300017702,155 649 192,B01,2,7,0,2,3,9,1,0.0
202300017702,155 649 194,A01,2,33,8,2,1,16,1,0.0
202300017703,155 649 190,A01,1,7,0,1,1,1,1,0.0
202300017704,155 649 191,A01,2,33,8,0,8,1,1,0.0
202300017705,155 649 188,B01,2,32,0,2,3,1,1,0.0
202300017705,155 649 189,A01,1,7,0,2,2,15,1,0.0
202300017706,155 649 187,B01,2,34,0,1,1,1,1,0.0
202300017707,155 649 185,A01,3,10,0,1,2,19,1,0.0
202300017708,155 649 186,A01,2,7,1,0,0,1,1,0.0
202300017709,155 649 183,A01,2,32,0,1,0,3,1,0.0
202300017710,155 649 182,A01,2,7,0,2,2,2,1,0.0
202300017710,155 649 184,B01,2,7,0,2,6,2,1,0.0
202300017711,155 649 181,A01,1,34,6,0,1,1,1,0.0
202300017712,155 649 173,A01,2,7,1,0,1,1,1,0.0
202300017712,155 649 175,B01,2,7,1,0,4,23,1,0.0
202300017712,155 649 176,C01,2,7,0,0,2,23,1,0.0
202300017713,155 649 174,E01,2,7,0,2,7,1,1,0.0
202300017713,155 649 177,B01,2,31,0,2,2,14,-1,0.0
202300017713,155 649 178,C01,2,10,0,2,3,1,1,0.0
202300017713,155 649 179,D01,2,7,0,2,7,1,1,0.0
202300017713,155 649 180,A01,2,33,0,2,1,3,1,0.0
202300017714,155 649 172,A01,2,7,0,0,1,13,1,0.0
202300017715,155 649 171,A01,0,33,15,0,8,1,1,0.0
202300017716,155 649 166,Z01,2,10,0,2,1,1,0,0.0
202300017716,155 649 168,A01,2,31,0,2,2,1,3,0.0
202300017716,155 649 170,B01,2,10,0,2,3,11,1,0.0
202300017717,155 649 165,A01,2,1,0,2,1,19,5,0.0
202300017717,155 649 167,B01,2,7,0,2,7,1,1,0.0
202300017718,155 649 164,A01,2,7,1,0,1,1,1,0.0
202300017719,155 649 163,A01,1,2,0,1,1,1,1,0.0
202300017720,155 649 161,B01,3,7,0,2,2,1,1,0.0
202300017720,155 649 162,A01,3,7,0,2,3,16,1,0.0
202300017721,155 649 159,A01,1,7,0,1,4,4,0,0.0
202300017722,155 649 157,A01,2,30,0,0,0,0,1,0.0
202300017723,155 649 158,A01,1,7,0,2,1,1,1,0.0
202300017723,155 649 160,B01,1,7,0,2,5,20,1,0.0
202300017724,155 649 155,A01,1,7,1,2,4,2,1,0.0
202300017724,155 649 156,B01,1,33,0,2,4,2,1,0.0
202300017725,155 649 153,A01,2,7,0,1,0,15,1,0.0
202300017726,155 649 154,Z01,1,1,0,1,1,5,5,0.0
202300017727,155 649 151,A01,1,7,0,2,2,26,1,0.0
202300017727,155 649 152,B01,1,7,0,2,4,2,1,0.0
202300017728,155 649 149,A01,2,33,6,0,1,0,1,0.0
202300017729,155 649 148,A01,1,33,16,0,7,20,1,0.0
202300017730,155 649 150,A01,2,10,0,1,4,25,1,0.0
202300017731,155 649 146,A01,2,7,0,2,2,15,1,0.0
202300017731,155 649 147,B01,2,7,0,2,3,2,1,0.0
202300017732,155 649 144,B01,1,80,0,2,3,2,3,0.0
202300017732,155 649 145,A01,1,7,0,2,2,16,2,0.0
202300017733,155 649 143,A01,1,7,0,1,1,15,2,0.0
202300017734,155 649 139,B01,1,31,0,2,1,0,1,0.0
202300017734,155 649 142,A01,1,7,0,2,3,15,1,0.0
202300017735,155 649 140,A01,2,7,0,2,1,1,1,0.0
202300017735,155 649 141,B01,2,1,0,2,8,19,5,0.0
202300017736,155 649 134,B01,2,31,0,2,8,9,1,0.0
202300017736,155 649 137,A01,1,1,0,2,1,1,5,0.0
202300017737,155 649 133,A01,1,7,0,2,1,1,1,0.0
202300017737,155 649 135,B01,1,7,0,2,9,1,1,0.0
202300017737,155 649 136,C01,1,7,0,2,9,1,1,0.0
202300017737,155 649 138,D01,1,7,0,2,4,1,1,0.0
202300017738,155 649 131,A01,1,1,0,2,2,1,5,0.0
202300017738,155 649 132,B01,1,31,0,2,1,9,3,0.0
202300017739,155 649 127,B01,0,7,0,2,2,2,1,0.0
202300017739,155 649 129,A01,0,7,0,2,1,9,1,0.0
202300017740,155 649 125,A01,2,33,0,2,1,1,1,0.0
202300017740,155 649 128,B01,1,7,0,2,5,15,2,0.0
202300017741,155 649 126,A01,1,7,0,2,5,15,1,0.0
202300017741,155 649 130,B01,2,7,0,2,2,1,1,0.0
202300017742,155 649 123,A01,2,7,0,1,3,22,0,0.0
202300017743,155 649 122,A01,3,1,0,9,1,0,5,0.0
202300017743,155 649 124,B01,3,1,0,2,8,0,5,0.0
202300017744,155 649 119,A01,1,17,0,1,1,1,1,0.0
202300017745,155 649 118,A01,2,7,0,2,1,26,1,0.0
202300017745,155 649 120,B01,2,50,0,2,6,13,3,0.0
202300017746,155 649 117,B01,2,7,0,2,3,0,1,0.0
202300017746,155 649 121,A01,1,7,0,2,1,5,1,0.0
202300017747,155 649 116,A01,1,50,6,0,1,1,3,0.0
202300017748,155 649 115,A01,0,10,0,1,4,4,1,0.0
202300017749,155 649 114,A01,1,2,15,0,0,15,1,0.0
202300017750,155 649 113,A01,3,7,11,0,1,2,1,0.0
202300017751,155 649 111,A01,1,34,0,2,1,0,0,0.0
202300017751,155 649 112,B01,1,32,0,2,4,0,1,0.0
202300017752,155 649 110,A01,3,2,8,0,1,0,1,0.0
202300017753,155 649 109,A01,3,30,9,0,1,1,1,0.0
202300017754,155 649 107,A01,3,7,0,2,1,1,1,0.0
202300017754,155 649 108,B01,3,7,0,0,4,0,1,0.0
202300017755,155 649 105,A01,1,7,0,2,1,2,1,0.0
202300017755,155 649 106,B01,1,13,0,0,4,2,1,0.0
202300017756,155 649 104,A01,3,7,1,0,1,2,1,0.0
202300017757,155 649 101,A01,1,7,0,2,2,1,1,0.0
202300017757,155 649 103,B01,1,1,0,0,4,1,5,0.0
202300017758,155 649 099,A01,1,14,0,2,8,15,1,0.0
202300017758,155 649 102,B01,1,37,0,2,3,1,1,5.0
202300017759,155 649 098,B01,2,2,0,2,4,1,1,0.0
202300017759,155 649 100,A01,2,2,0,2,1,2,1,0.0
202300017760,155 649 095,B01,3,7,0,2,4,4,1,0.0
202300017760,155 649 096,A01,3,30,0,2,1,1,1,0.0
202300017761,155 649 094,A01,2,1,0,2,1,1,5,0.0
202300017761,155 649 097,B01,1,13,0,2,5,15,1,0.0
202300017762,155 649 092,B01,3,7,0,2,2,16,1,0.0
202300017762,155 649 093,A01,3,7,0,2,0,0,1,0.0
202300017763,155 649 090,B01,2,1,0,2,8,1,5,0.0
202300017763,155 649 091,A01,2,7,0,2,5,18,1,0.0
202300017764,155 649 088,A01,1,10,4,2,3,21,0,0.0
202300017765,155 649 087,A01,1,7,0,2,1,1,1,0.0
202300017765,155 649 089,B01,2,7,0,2,1,17,1,0.0
202300017766,155 649 084,A01,3,99,0,0,0,1,1,0.0
202300017767,155 649 083,A01,3,7,0,2,6,0,1,0.0
202300017767,155 649 086,B01,3,32,0,2,2,0,1,0.0
202300017768,155 649 082,A01,2,10,0,2,1,13,1,0.0
202300017768,155 649 085,B01,1,10,0,2,1,1,1,0.0
202300017769,155 649 076,A01,1,7,14,0,2,13,1,0.0
202300017769,155 649 077,B01,1,10,0,2,8,1,1,0.0
202300017769,155 649 080,C01,1,7,0,2,3,1,1,0.0
202300017770,155 649 078,A01,2,7,0,9,2,15,0,0.0
202300017770,155 649 081,B01,1,99,0,2,1,1,0,0.0
202300017771,155 649 075,B01,2,7,0,2,1,1,3,0.0
202300017771,155 649 079,A01,1,7,0,2,1,5,1,0.0
202300017772,155 649 072,A01,2,14,2,0,2,13,1,0.0
202300017773,155 649 071,A01,1,7,0,2,1,26,1,0.0
202300017773,155 649 074,B01,2,33,0,2,2,0,1,0.0
202300017774,155 649 068,A01,2,33,0,0,0,1,1,0.0
202300017775,155 649 066,B01,2,7,0,2,6,1,1,0.0
202300017775,155 649 069,C01,2,7,0,2,4,1,1,0.0
202300017775,155 649 070,D01,2,7,0,2,6,11,1,0.0
202300017775,155 649 073,A01,2,33,0,2,9,3,1,0.0
202300017776,155 649 065,B01,2,32,0,2,1,2,1,0.0
202300017776,155 649 067,A01,2,7,0,2,7,2,1,0.0
202300017777,155 649 064,A01,2,7,13,0,3,13,6,0.0
202300017778,155 649 062,A01,1,33,0,0,8,10,1,0.0
202300017779,155 649 060,A01,2,7,0,2,1,1,2,0.0
202300017779,155 649 063,B01,1,7,0,2,3,1,1,0.0
202300017780,155 649 059,B01,0,7,0,2,6,1,1,0.0
202300017780,155 649 061,A01,0,7,7,2,7,1,1,0.0
202300017781,155 649 056,A01,1,33,0,2,1,1,1,0.0
202300017781,155 649 058,B01,2,7,0,2,3,13,1,0.0
202300017782,155 649 055,A01,1,7,0,9,2,10,1,0.0
202300017782,155 649 057,B01,1,1,0,2,1,19,5,0.0
202300017783,155 649 053,B01,2,7,0,2,3,0,1,0.0
202300017783,155 649 054,A01,1,7,0,2,3,0,1,0.0
202300017784,155 649 049,A01,3,10,0,2,8,19,0,0.0
202300017784,155 649 051,B01,3,7,0,2,1,1,0,0.0
202300017785,155 649 050,B01,2,33,0,2,1,17,1,0.0
202300017785,155 649 052,A01,2,7,0,2,8,15,1,0.0
202300017786,155 649 048,A01,1,33,0,0,7,1,1,0.0
202300017787,155 649 045,A01,0,7,0,1,1,2,1,0.0
202300017788,155 649 044,B01,1,7,0,2,1,2,1,0.0
202300017788,155 649 046,C01,1,7,0,2,7,2,1,0.0
202300017788,155 649 047,A01,2,10,0,2,1,5,1,0.0
202300017789,155 649 043,A01,0,7,0,1,4,4,1,0.0
202300017790,155 649 041,A01,3,31,15,0,1,2,1,0.0
202300017791,155 649 040,A01,1,1,0,0,3,2,5,0.0
202300017791,155 649 042,B01,1,37,0,0,3,2,3,1.0
202300017792,155 649 035,B01,2,2,0,2,8,1,1,0.0
202300017792,155 649 038,A01,2,7,0,2,7,1,1,0.0
202300017793,155 649 034,B01,1,1,1,2,8,1,5,0.0
202300017793,155 649 037,Z01,1,7,0,9,3,10,0,0.0
202300017794,155 649 036,B01,2,33,0,2,1,2,0,0.0
202300017794,155 649 039,A01,1,7,0,2,1,5,6,0.0
202300017795,155 649 030,B01,1,60,0,2,5,19,5,0.0
202300017795,155 649 032,A01,1,7,0,2,1,1,1,0.0
202300017796,155 649 029,B01,3,7,0,2,2,1,1,0.0
202300017796,155 649 033,A01,3,1,0,2,7,2,5,0.0
202300017797,155 649 027,A01,2,7,0,9,3,9,1,0.0
202300017797,155 649 031,Y01,2,1,0,2,7,1,5,0.0
202300017798,155 649 026,A01,1,1,0,2,1,5,5,0.0
202300017798,155 649 028,B01,1,33,0,2,3,15,1,0.0
202300017799,155 649 024,A01,1,7,0,2,2,17,1,0.0
202300017799,155 649 025,B01,1,7,0,2,3,15,1,0.0
202300017800,155 649 022,B01,3,2,0,2,3,2,1,0.0
202300017800,155 649 023,A01,3,3,0,2,2,2,1,0.0
202300017801,155 649 020,A01,3,7,0,2,3,9,1,0.0
202300017801,155 649 021,B01,3,1,0,2,8,1,5,0.0
202300017802,155 649 019,A01,3,10,0,1,1,15,0,0.0
202300017803,155 649 017,A01,2,1,0,2,1,1,5,0.0
202300017803,155 649 018,B01,1,10,0,2,8,15,0,0.0
202300017804,155 649 013,A01,3,7,0,2,1,26,0,0.0
202300017804,155 649 015,B01,3,7,0,2,4,23,0,0.0
202300017804,155 649 016,C01,3,7,0,9,4,23,0,0.0
202300017805,155 649 010,B01,1,43,0,2,8,11,1,0.0
202300017805,155 649 012,A01,1,43,0,2,7,1,1,0.0
202300017806,155 649 009,A01,1,30,0,2,1,1,1,0.0
202300017806,155 649 011,B01,1,7,0,2,2,9,1,0.0
202300017807,155 649 006,B01,3,33,0,2,8,16,1,0.0
202300017807,155 649 008,A01,3,7,0,2,2,1,1,0.0
202300017808,155 649 004,A01,1,7,0,2,1,2,1,0.0
202300017808,155 649 005,B01,1,7,0,2,1,2,1,0.0
202300017808,155 649 007,C01,1,7,0,2,4,23,1,0.0
202300017809,155 649 002,A01,1,7,0,2,8,15,1,0.0
202300017809,155 649 003,B01,1,33,0,2,1,17,1,0.0
202300017810,155 649 000,B01,2,17,0,2,4,0,1,0.0
202300017810,155 649 001,A01,2,7,0,2,1,0,1,0.0
202300017811,155 648 999,A01,1,10,17,0,9,14,1,0.0
202300017812,155 648 995,C01,2,7,0,2,4,2,0,0.0
202300017812,155 648 997,A01,2,7,0,2,1,2,2,0.0
202300017812,155 648 998,B01,2,7,0,2,4,2,1,0.0
202300017813,155 648 994,A01,1,20,0,9,1,26,1,0.0
202300017813,155 648 996,B01,2,1,0,2,1,1,5,0.0
202300017814,155 648 992,A01,2,7,0,6,2,21,1,0.0
202300017815,155 648 991,B01,2,33,0,2,7,3,1,0.0
202300017815,155 648 993,A01,2,7,0,2,6,11,1,0.0
202300017816,155 648 988,B01,2,80,0,2,3,0,2,0.0
202300017816,155 648 989,A01,2,10,0,2,5,17,1,0.0
202300017817,155 648 987,A01,1,7,0,1,1,1,1,0.0
202300017818,155 648 985,A01,1,7,0,2,4,1,1,0.0
202300017818,155 648 986,B01,1,7,0,2,4,1,1,0.0
202300017819,155 648 983,A01,1,10,0,2,1,13,1,0.0
202300017819,155 648 984,B01,2,7,0,2,1,1,1,0.0
202300017820,155 648 981,B01,2,10,0,2,8,19,1,0.0
202300017820,155 648 982,A01,1,37,0,2,1,1,1,1.0
202300017821,155 648 980,A01,3,33,0,0,8,14,1,0.0
202300017822,155 648 978,A01,2,33,12,0,0,0,1,0.0
202300017823,155 648 977,A01,2,1,0,2,1,2,5,0.0
202300017823,155 648 979,B01,2,7,0,2,4,1,1,0.0
202300017824,155 648 974,A01,2,33,0,2,1,2,1,0.0
202300017824,155 648 976,B01,2,7,0,0,6,23,1,0.0
202300017825,155 648 973,B01,2,7,0,0,0,0,1,0.0
202300017825,155 648 975,A01,1,7,0,0,0,0,1,0.0
202300017826,155 648 972,A01,0,2,0,0,0,0,1,0.0
202300017827,155 648 968,C01,2,7,0,2,4,2,1,0.0
202300017827,155 648 970,A01,2,7,0,2,1,2,1,0.0
202300017827,155 648 971,B01,2,7,0,2,4,2,2,0.0
202300017828,155 648 967,A01,2,99,0,2,1,13,1,0.0
202300017828,155 648 969,B01,1,7,0,2,3,1,1,0.0
202300017829,155 648 965,A01,1,34,0,2,7,21,1,0.0
202300017829,155 648 966,B01,2,7,0,2,5,20,1,0.0
202300017830,155 648 962,B01,1,14,0,2,1,15,1,0.0
202300017830,155 648 964,A01,2,1,0,2,7,1,5,0.0
202300017831,155 648 960,A01,1,7,0,2,3,23,1,0.0
202300017831,155 648 961,B01,1,33,1,0,2,3,1,0.0
202300017831,155 648 963,C01,3,7,0,2,0,9,1,0.0
202300017832,155 648 959,A01,3,7,2,0,1,14,0,0.0
202300017833,155 648 957,A01,2,7,0,1,3,1,1,0.0
202300017834,155 648 956,A01,3,1,0,2,1,7,5,0.0
202300017834,155 648 958,B01,3,37,0,9,1,17,1,1.0
202300017835,155 648 953,A01,1,7,0,2,2,16,1,0.0
202300017835,155 648 954,B01,1,33,0,2,8,0,1,0.0