num_acc,id_vehicule,num_veh,senc,catv,obs,obsm,choc,manv,motor,occutc
202300017836,155 648 950,B01,2,7,0,2,2,1,1,0.0
202300017836,155 648 952,A01,1,2,0,2,8,15,1,0.0
202300017837,155 648 949,A01,2,7,0,2,3,11,1,0.0
202300017837,155 648 951,B01,2,7,0,2,2,1,1,0.0
202300017838,155 648 948,A01,3,7,8,0,1,1,1,0.0
202300017839,155 648 945,A01,3,7,0,2,2,9,1,0.0
202300017839,155 648 946,B01,1,7,0,2,1,1,1,0.0
202300017840,155 648 943,A01,2,7,2,2,4,0,1,0.0
202300017840,155 648 944,C01,2,7,0,2,4,2,1,0.0
202300017840,155 648 947,B01,2,7,2,2,1,2,1,0.0
202300017841,155 648 941,B01,1,7,0,0,4,1,1,0.0
202300017841,155 648 942,A01,1,10,0,2,1,1,1,0.0
202300017842,155 648 939,A01,1,2,0,0,6,21,2,0.0
202300017842,155 648 940,B01,1,7,0,9,6,15,1,0.0
202300017843,155 648 937,A01,2,17,0,0,6,9,1,0.0
202300017843,155 648 938,B01,2,17,0,2,1,1,1,0.0
202300017844,155 648 935,A01,2,7,0,2,7,16,1,0.0
202300017844,155 648 936,B01,2,33,0,2,1,1,1,0.0
202300017845,155 648 934,A01,1,7,0,1,1,1,1,0.0
202300017846,155 648 930,A01,1,7,0,2,1,1,1,0.0
202300017846,155 648 932,B01,2,1,0,2,8,9,5,0.0
202300017847,155 648 931,B01,2,31,0,0,3,3,1,0.0
202300017847,155 648 933,A01,2,7,0,0,5,3,2,0.0
202300017848,155 648 928,A01,1,2,8,0,2,1,0,0.0
202300017849,155 648 929,A01,2,30,8,0,1,1,1,0.0
202300017850,155 648 925,A01,1,14,15,0,1,1,1,0.0
202300017850,155 648 927,B01,2,17,0,2,7,21,1,0.0
202300017851,155 648 922,A01,2,7,0,2,3,16,0,0.0
202300017851,155 648 923,B01,1,31,0,2,3,17,1,0.0
202300017852,155 648 920,A01,2,3,0,0,8,0,-1,0.0
202300017853,155 648 919,B01,0,7,0,2,1,19,1,0.0
202300017853,155 648 921,A01,3,30,0,2,1,19,1,0.0
202300017854,155 648 917,B01,1,15,0,2,7,17,1,0.0
202300017854,155 648 918,A01,1,2,0,2,8,15,1,0.0
202300017855,155 648 916,A01,1,7,6,0,1,1,1,0.0
202300017856,155 648 914,A01,1,7,0,2,2,15,1,0.0
202300017856,155 648 915,B01,2,7,0,2,3,1,1,0.0
202300017857,155 648 911,A01,1,7,8,0,1,1,1,0.0
202300017858,155 648 912,B01,0,7,0,2,7,1,1,0.0
202300017858,155 648 913,A01,0,7,0,2,1,9,1,0.0
202300017859,155 648 910,A01,2,2,12,0,2,16,1,0.0
202300017860,155 648 908,A01,1,10,0,2,1,15,1,0.0
202300017860,155 648 909,B01,2,31,0,2,1,1,1,0.0
202300017861,155 648 905,B01,3,7,0,2,1,1,1,0.0
202300017861,155 648 907,A01,3,7,0,2,7,9,1,0.0
202300017862,155 648 904,A01,1,10,0,2,2,14,1,0.0
202300017862,155 648 906,B01,1,15,0,0,8,1,1,0.0
202300017863,155 648 901,B01,1,32,0,2,3,1,1,0.0
202300017863,155 648 903,A01,1,7,0,2,1,9,1,0.0
202300017864,155 648 899,A01,2,7,0,0,7,23,1,0.0
202300017864,155 648 900,B01,2,7,0,0,6,12,1,0.0
202300017864,155 648 902,C01,2,33,0,2,2,3,1,0.0
202300017865,155 648 897,A01,3,7,0,1,3,1,1,0.0
202300017866,155 648 896,B01,1,7,0,1,4,1,1,0.0
202300017866,155 648 898,A01,1,7,0,2,2,2,1,0.0
202300017867,155 648 895,A01,2,7,10,0,1,1,1,0.0
202300017868,155 648 892,A01,1,7,0,2,8,22,1,0.0
202300017868,155 648 894,B01,1,1,0,2,1,1,5,0.0
202300017869,155 648 889,A01,1,7,0,2,7,19,1,0.0
202300017869,155 648 890,B01,1,2,0,2,1,1,1,0.0
202300017870,155 648 886,A01,1,7,13,0,2,26,1,0.0
202300017871,155 648 884,A01,2,7,2,0,1,0,1,0.0
202300017872,155 648 882,A01,3,7,0,1,1,1,0,0.0
202300017873,155 648 883,C01,2,7,0,2,4,1,1,0.0
202300017873,155 648 885,D01,2,7,0,2,5,1,1,0.0
202300017873,155 648 887,A01,2,7,0,2,1,2,1,0.0
202300017873,155 648 888,B01,2,7,0,2,4,1,1,0.0
202300017874,155 648 880,A01,1,33,0,2,1,6,1,0.0
202300017874,155 648 881,B01,2,7,0,2,8,19,1,0.0
202300017875,155 648 877,B01,3,7,0,2,8,0,1,0.0
202300017875,155 648 879,A01,3,33,0,2,0,1,1,0.0
202300017876,155 648 875,B01,1,33,0,2,6,17,1,0.0
202300017876,155 648 876,A01,0,2,0,0,1,10,1,0.0
202300017877,155 648 872,A01,1,7,0,2,1,5,1,0.0
202300017877,155 648 873,B01,2,7,0,2,1,1,1,0.0
202300017877,155 648 874,C01,2,7,0,2,1,1,1,0.0
202300017878,155 648 870,A01,3,7,4,0,8,14,1,0.0
202300017879,155 648 869,A01,3,7,0,2,2,1,1,0.0
202300017879,155 648 871,B01,3,31,0,2,8,1,1,0.0
202300017880,155 648 866,A01,2,2,0,9,8,0,1,0.0
202300017880,155 648 867,B01,1,7,0,0,0,0,1,0.0
202300017881,155 648 862,A01,3,7,0,0,7,15,1,0.0
202300017881,155 648 863,B01,3,7,7,0,1,1,1,0.0
202300017882,155 648 864,A01,1,10,0,2,1,2,1,0.0
202300017882,155 648 865,B01,1,7,0,2,9,2,1,0.0
202300017882,155 648 868,C01,1,7,14,0,4,23,1,0.0
202300017883,155 648 861,A01,3,50,0,0,0,25,3,0.0
202300017884,155 648 859,A01,2,30,0,0,3,1,1,0.0
202300017884,155 648 860,B01,1,10,0,2,5,15,1,0.0
202300017885,155 648 858,A01,0,2,0,0,3,1,1,0.0
202300017886,155 648 856,A01,2,7,0,2,3,13,1,0.0
202300017886,155 648 857,B01,1,31,0,2,0,0,1,0.0
202300017887,155 648 854,A01,0,32,0,2,8,26,3,0.0
202300017887,155 648 855,B01,1,7,0,2,7,1,1,0.0
202300017888,155 648 852,A01,2,1,0,2,4,1,5,0.0
202300017888,155 648 853,Z01,2,7,0,2,1,1,0,0.0
202300017889,155 648 849,A01,1,7,0,2,1,2,1,0.0
202300017889,155 648 850,B01,1,7,0,2,4,23,1,0.0
202300017889,155 648 851,C01,2,7,0,2,3,1,1,0.0
202300017890,155 648 846,A01,2,43,0,0,7,0,1,0.0
202300017891,155 648 845,A01,1,21,0,2,6,15,1,0.0
202300017891,155 648 847,B01,1,33,0,2,1,17,1,0.0
202300017892,155 648 843,A01,1,7,0,2,1,2,1,0.0
202300017892,155 648 844,B01,1,33,0,2,4,2,1,0.0
202300017893,155 648 842,A01,2,7,2,0,2,1,1,0.0
202300017894,155 648 840,A01,1,7,2,0,8,0,0,0.0
202300017895,155 648 839,A01,3,10,0,2,0,9,1,0.0
202300017895,155 648 841,B01,3,1,0,2,5,1,5,0.0
202300017896,155 648 836,A01,2,7,0,0,1,14,1,0.0
202300017897,155 648 835,A01,1,7,0,2,9,13,1,0.0
202300017897,155 648 837,B01,1,7,0,2,1,1,2,0.0
202300017898,155 648 834,A01,3,7,0,2,2,5,1,0.0
202300017898,155 648 838,B01,3,7,0,2,1,16,1,0.0
202300017899,155 648 830,A01,2,33,0,2,1,1,1,0.0
202300017899,155 648 832,B01,1,7,0,2,3,15,1,0.0
202300017900,155 648 828,A01,2,7,0,2,1,1,0,0.0
202300017900,155 648 829,B01,2,7,14,2,4,23,0,0.0
202300017900,155 648 831,C01,2,7,0,0,4,23,0,0.0
202300017901,155 648 827,A01,1,30,0,2,5,21,1,0.0
202300017901,155 648 833,B01,1,7,0,2,5,0,1,0.0
202300017902,155 648 825,B01,3,50,0,0,4,1,3,0.0
202300017902,155 648 826,A01,1,7,0,2,1,1,1,0.0
202300017903,155 648 823,A01,1,10,0,2,4,1,1,0.0
202300017903,155 648 824,B01,1,10,0,2,1,2,1,0.0
202300017904,155 648 822,A01,1,7,0,1,7,1,1,0.0
202300017905,155 648 820,A01,3,7,0,9,3,16,1,0.0
202300017905,155 648 821,B01,3,1,0,2,4,2,5,0.0
202300017906,155 648 819,A01,1,33,0,2,1,26,1,0.0
202300017907,155 648 817,A01,0,32,2,0,2,0,1,0.0
202300017908,155 648 815,A01,2,7,0,2,2,2,6,0.0
202300017908,155 648 818,B01,2,7,0,9,4,1,6,0.0
202300017909,155 648 813,A01,2,7,0,2,1,26,1,0.0
202300017909,155 648 814,B01,1,10,0,2,1,0,1,0.0
202300017910,155 648 812,A01,2,7,6,2,8,9,1,0.0
202300017910,155 648 816,B01,2,14,0,2,2,1,1,0.0
202300017911,155 648 809,A01,1,21,16,0,9,26,1,0.0
202300017912,155 648 808,A01,2,33,0,2,1,2,1,0.0
202300017912,155 648 810,B01,3,7,0,2,4,23,1,0.0
202300017913,155 648 806,A01,1,7,0,2,1,15,1,0.0
202300017913,155 648 811,B01,2,2,0,2,1,1,1,0.0
202300017914,155 648 805,B01,1,33,0,2,3,3,1,0.0
202300017914,155 648 807,A01,1,7,0,2,2,12,1,0.0
202300017915,155 648 804,A01,1,1,0,1,1,1,5,0.0
202300017916,155 648 801,A01,2,1,0,1,0,1,5,0.0
202300017917,155 648 800,A01,2,15,0,2,1,2,1,0.0
202300017917,155 648 802,B01,2,7,0,2,4,2,1,0.0
202300017917,155 648 803,C01,2,7,0,0,4,26,1,0.0
202300017918,155 648 799,Z01,1,7,0,2,1,1,1,0.0
202300017919,155 648 795,A01,2,7,0,2,1,1,1,0.0
202300017919,155 648 798,B01,2,15,0,2,4,1,0,0.0
202300017920,155 648 796,A01,2,1,0,2,7,1,5,0.0
202300017920,155 648 797,B01,1,10,0,2,1,1,1,0.0
202300017921,155 648 794,A01,1,30,12,0,1,14,1,0.0
202300017922,155 648 793,A01,1,1,0,0,8,21,5,0.0
202300017923,155 648 792,A01,2,7,4,0,1,26,1,0.0
202300017924,155 648 787,A01,1,7,0,2,1,15,3,0.0
202300017924,155 648 791,B01,2,32,0,2,8,1,1,0.0
202300017925,155 648 786,B01,1,2,0,2,1,1,1,0.0
202300017925,155 648 788,A01,1,7,0,2,6,10,1,0.0
202300017926,155 648 785,B01,1,7,0,2,3,2,1,0.0
202300017926,155 648 789,C01,1,7,0,2,5,0,1,0.0
202300017926,155 648 790,A01,1,43,0,2,3,3,1,0.0
202300017927,155 648 784,A01,2,7,0,1,2,1,3,0.0
202300017928,155 648 781,A01,2,33,0,2,1,3,1,0.0
202300017928,155 648 782,B01,2,7,0,2,4,1,1,0.0
202300017929,155 648 779,A01,1,33,12,0,1,14,1,0.0
202300017930,155 648 780,A01,2,7,0,2,3,1,1,0.0
202300017930,155 648 783,B01,2,7,0,2,5,23,1,0.0
202300017931,155 648 777,A01,1,7,0,2,1,0,1,0.0
202300017931,155 648 778,B01,1,7,0,2,4,0,1,0.0
202300017932,155 648 775,A01,3,33,0,2,4,15,1,0.0
202300017932,155 648 776,B01,3,7,0,2,1,1,1,0.0
202300017933,155 648 774,A01,1,33,16,0,3,2,1,0.0
202300017934,155 648 771,A01,1,50,12,0,1,1,3,0.0
202300017935,155 648 769,A01,2,33,0,2,1,3,1,0.0
202300017935,155 648 770,B01,2,7,0,2,6,11,1,0.0
202300017936,155 648 767,A01,2,7,0,0,4,1,0,0.0
202300017936,155 648 768,B01,2,1,0,2,4,2,5,0.0
202300017937,155 648 772,A01,2,7,0,2,6,10,1,0.0
202300017937,155 648 773,B01,2,2,0,2,1,1,3,0.0
202300017938,155 648 764,A01,1,33,0,2,1,3,1,0.0
202300017938,155 648 765,B01,1,7,0,2,7,16,1,0.0
202300017938,155 648 766,C01,1,7,0,2,4,1,1,0.0
202300017939,155 648 762,A01,3,7,0,2,1,26,0,0.0
202300017939,155 648 763,B01,3,7,0,2,7,26,3,0.0
202300017940,155 648 759,A01,2,7,0,2,1,2,1,0.0
202300017940,155 648 760,B01,2,7,0,2,4,2,1,0.0
202300017941,155 648 761,A01,2,50,1,0,1,5,3,0.0
202300017942,155 648 757,A01,0,7,0,2,2,15,1,0.0
202300017942,155 648 758,B01,0,2,0,2,3,1,1,0.0
202300017943,155 648 756,A01,1,10,0,1,2,1,1,0.0
202300017944,155 648 755,A01,2,80,0,0,0,21,3,0.0
202300017945,155 648 753,A01,2,7,0,0,0,9,1,0.0
202300017945,155 648 754,B01,2,7,0,2,6,1,1,0.0
202300017946,155 648 749,A01,2,7,0,9,4,4,1,0.0
202300017946,155 648 751,B01,3,60,0,2,8,0,5,0.0
202300017947,155 648 750,B01,2,7,0,2,6,1,1,0.0
202300017947,155 648 752,A01,1,7,0,2,1,15,1,0.0
202300017948,155 648 747,A01,1,32,0,2,1,1,1,0.0
202300017948,155 648 748,B01,1,7,0,2,4,1,1,0.0
202300017949,155 648 743,A01,3,7,0,2,2,15,1,0.0
202300017949,155 648 745,B01,3,33,0,2,1,1,1,0.0
202300017950,155 648 744,A01,1,7,0,2,7,15,1,0.0
202300017950,155 648 746,B01,1,15,0,2,1,1,1,0.0
202300017951,155 648 742,A01,3,7,6,0,2,16,1,0.0
202300017952,155 648 739,A01,1,7,0,0,4,16,1,0.0
202300017952,155 648 741,B01,1,10,0,2,1,2,1,0.0
202300017953,155 648 738,B01,2,10,0,0,6,15,6,0.0
202300017953,155 648 740,A01,2,33,0,2,1,15,0,0.0
202300017954,155 648 732,A01,2,33,0,0,4,1,1,0.0
202300017954,155 648 736,B01,2,7,0,0,1,2,1,0.0
202300017955,155 648 731,A01,0,7,1,0,1,26,1,0.0
202300017955,155 648 734,B01,3,7,1,0,4,0,1,0.0
202300017955,155 648 735,C01,3,7,1,2,4,0,1,0.0
202300017955,155 648 737,D01,3,10,1,2,4,0,1,0.0
202300017956,155 648 729,A01,0,7,0,1,4,4,1,0.0
202300017957,155 648 730,A01,1,7,0,2,1,1,0,0.0
202300017957,155 648 733,B01,1,7,0,2,6,15,0,0.0
202300017958,155 648 727,A01,2,7,0,2,7,16,1,0.0
202300017958,155 648 728,B01,2,50,0,2,1,1,3,0.0
202300017959,155 648 725,A01,1,15,0,0,7,12,1,0.0
202300017959,155 648 726,B01,1,7,0,0,8,1,1,0.0
202300017960,155 648 724,A01,2,34,1,0,0,2,1,0.0
202300017961,155 648 721,A01,2,33,0,0,0,17,1,0.0
202300017962,155 648 722,A01,2,7,0,2,1,2,1,0.0
202300017962,155 648 723,B01,2,33,0,2,4,2,1,0.0
202300017963,155 648 717,B01,3,33,0,2,9,1,1,0.0
202300017963,155 648 720,A01,3,17,0,2,8,13,1,0.0
202300017964,155 648 714,A01,1,7,0,2,5,19,1,0.0
202300017964,155 648 718,B01,2,7,0,2,3,1,1,0.0
202300017965,155 648 715,A01,0,7,0,2,1,1,0,0.0
202300017965,155 648 719,B01,0,7,0,2,1,5,0,0.0
202300017966,155 648 713,B01,1,7,0,2,4,1,1,0.0
202300017966,155 648 716,A01,1,7,0,2,1,1,1,0.0
202300017967,155 648 712,A01,1,7,0,1,3,1,1,0.0
202300017968,155 648 704,A01,1,7,0,2,1,2,1,0.0
202300017968,155 648 708,B01,1,7,0,2,4,2,1,0.0
202300017968,155 648 711,C01,1,7,0,2,4,2,1,0.0
202300017969,155 648 707,B01,2,80,0,2,8,25,3,0.0
202300017969,155 648 710,A01,1,10,16,2,0,20,1,0.0
202300017970,155 648 705,A01,3,7,9,0,2,0,1,0.0
202300017971,155 648 703,A01,2,7,0,2,1,13,1,0.0
202300017971,155 648 706,B01,1,7,0,2,1,21,1,0.0
202300017971,155 648 709,C01,1,7,0,2,6,1,1,0.0
202300017972,155 648 699,A01,1,33,0,2,2,17,0,0.0
202300017972,155 648 702,B01,1,7,0,2,6,15,0,0.0
202300017973,155 648 698,A01,1,34,0,2,1,1,1,0.0
202300017973,155 648 701,B01,2,7,0,2,6,1,1,0.0
202300017974,155 648 696,A01,2,7,0,2,1,17,1,0.0
202300017974,155 648 700,B01,1,7,0,2,1,1,1,0.0
202300017975,155 648 695,B01,1,15,0,2,3,21,1,0.0
202300017975,155 648 697,A01,2,7,8,0,1,13,1,0.0
202300017976,155 648 691,A01,1,10,0,0,0,20,1,0.0
202300017976,155 648 694,B01,1,1,1,0,0,21,5,0.0
202300017977,155 648 689,A01,3,7,0,1,3,1,1,0.0
202300017978,155 648 687,A01,3,2,0,2,1,15,1,0.0
202300017978,155 648 690,B01,3,7,0,2,3,1,1,0.0
202300017979,155 648 692,A01,1,32,0,2,7,1,1,0.0
202300017979,155 648 693,B01,2,7,0,2,7,15,1,0.0
202300017980,155 648 686,B01,1,7,0,2,5,23,1,0.0
202300017980,155 648 688,A01,1,30,0,2,1,1,1,0.0
202300017981,155 648 683,A01,3,33,0,2,1,19,1,0.0
202300017981,155 648 685,B01,3,7,0,0,6,19,1,0.0
202300017982,155 648 682,A01,3,36,9,0,1,0,1,0.0
202300017983,155 648 677,A01,1,7,0,2,7,15,1,0.0
202300017983,155 648 681,B01,2,33,0,2,1,1,1,0.0
202300017984,155 648 678,A01,2,7,0,2,1,15,0,0.0
202300017984,155 648 680,B01,1,33,0,2,7,17,6,0.0
202300017985,155 648 676,A01,3,15,0,1,0,0,0,0.0
202300017986,155 648 675,A01,2,7,1,2,2,1,1,0.0
202300017986,155 648 679,B01,1,10,1,2,8,1,1,0.0
202300017987,155 648 673,A01,1,7,13,0,2,1,1,0.0
202300017988,155 648 672,A01,2,7,0,2,1,26,1,0.0
202300017988,155 648 674,B01,2,34,0,2,3,1,1,0.0
202300017989,155 648 668,A01,1,7,0,2,1,19,1,0.0
202300017989,155 648 669,B01,1,7,0,2,2,1,1,0.0
202300017990,155 648 667,B01,1,7,0,2,4,23,1,0.0
202300017990,155 648 671,A01,1,50,0,2,1,23,3,0.0
202300017991,155 648 664,Z01,1,10,0,9,0,0,0,0.0
202300017991,155 648 666,A01,1,1,0,2,0,2,5,0.0
202300017992,155 648 663,A01,1,7,0,2,2,2,1,0.0
202300017992,155 648 665,B01,1,14,14,0,6,23,1,0.0
202300017992,155 648 670,C01,2,7,0,2,1,2,1,0.0
202300017993,155 648 659,A01,0,7,0,2,5,26,1,0.0
202300017993,155 648 661,B01,3,7,0,2,6,26,1,0.0
202300017994,155 648 657,A01,1,7,0,2,1,15,1,0.0
202300017994,155 648 660,B01,1,7,0,2,2,1,1,0.0
202300017995,155 648 658,A01,1,7,16,2,2,1,1,0.0
202300017995,155 648 662,B01,1,7,0,2,1,16,1,0.0
202300017996,155 648 656,A01,3,33,0,0,0,1,1,0.0
202300017997,155 648 653,A01,2,7,13,0,3,1,1,0.0
202300017998,155 648 655,A01,1,7,0,1,1,15,1,0.0
202300017999,155 648 652,A01,2,7,0,2,3,10,1,0.0
202300017999,155 648 654,B01,2,33,0,2,7,1,1,0.0
202300018000,155 648 651,A01,3,7,0,1,1,1,1,0.0
202300018001,155 648 650,A01,0,36,0,5,1,0,0,0.0
202300018002,155 648 647,B01,1,33,0,2,1,1,1,0.0
202300018002,155 648 649,A01,1,7,0,2,5,15,1,0.0
202300018003,155 648 645,A01,3,7,0,2,1,2,1,0.0
202300018003,155 648 648,B01,3,7,0,2,4,2,1,0.0
202300018004,155 648 640,A01,1,7,0,2,3,17,1,0.0
202300018004,155 648 643,B01,1,7,0,2,1,17,1,0.0
202300018004,155 648 644,C01,1,21,0,2,6,1,1,0.0
202300018005,155 648 639,A01,3,7,0,2,3,26,1,0.0
202300018005,155 648 641,B01,0,31,0,2,2,1,1,0.0
202300018006,155 648 638,A01,1,30,1,0,2,1,1,0.0
202300018007,155 648 637,B01,2,7,0,2,8,0,1,0.0
202300018007,155 648 642,C01,2,7,0,2,8,0,1,0.0
202300018007,155 648 646,A01,1,7,0,2,8,13,1,0.0
202300018008,155 648 635,A01,1,7,2,0,2,14,1,0.0
202300018009,155 648 634,A01,2,7,0,2,3,15,1,0.0
202300018009,155 648 636,B01,2,2,0,2,7,2,1,0.0
202300018010,155 648 631,A01,1,7,0,1,2,0,1,0.0
202300018011,155 648 632,A01,3,7,0,2,2,20,1,0.0
202300018011,155 648 633,B01,3,33,0,2,8,18,1,0.0
202300018012,155 648 630,A01,1,7,7,0,1,21,1,0.0
202300018013,155 648 629,A01,1,7,0,1,1,1,0,0.0
202300018014,155 648 623,A01,2,7,0,9,2,1,1,0.0
202300018014,155 648 626,B01,2,80,0,2,4,1,3,0.0
202300018015,155 648 625,A01,1,1,0,2,7,1,5,0.0
202300018015,155 648 627,B01,1,7,0,2,8,9,1,0.0
202300018016,155 648 621,C01,0,1,0,0,0,0,5,0.0
202300018016,155 648 624,B01,0,7,0,0,0,0,5,0.0
202300018016,155 648 628,A01,0,10,0,2,1,9,1,0.0
202300018017,155 648 619,B01,1,7,0,2,1,2,1,0.0
202300018017,155 648 620,C01,1,10,0,2,1,2,1,0.0
202300018017,155 648 622,A01,1,10,0,0,0,0,0,0.0
202300018018,155 648 614,A01,1,7,0,2,2,15,1,0.0
202300018018,155 648 617,B01,2,33,0,2,1,1,1,0.0
202300018019,155 648 612,B01,2,31,0,2,1,1,1,0.0
202300018019,155 648 616,A01,1,7,0,0,0,0,1,0.0
202300018020,155 648 613,A01,1,7,0,1,1,26,1,0.0
202300018021,155 648 615,A01,2,7,0,2,3,1,1,0.0
202300018021,155 648 618,B01,2,30,0,2,8,2,1,0.0
202300018022,155 648 611,A01,1,33,17,0,1,1,1,0.0
202300018023,155 648 610,A01,1,2,0,0,8,1,1,0.0
202300018024,155 648 608,A01,1,7,13,0,2,2,1,0.0
202300018025,155 648 606,A01,2,7,0,1,2,9,1,0.0
202300018026,155 648 607,A01,2,10,0,2,2,2,1,0.0
202300018026,155 648 609,B01,1,1,0,2,4,1,5,0.0
202300018027,155 648 604,A01,1,13,0,2,2,13,1,0.0
202300018027,155 648 605,B01,2,7,0,2,1,1,3,0.0
202300018028,155 648 601,A01,2,34,0,2,1,17,0,0.0
202300018028,155 648 603,B01,2,10,0,2,8,15,1,0.0
202300018029,155 648 600,A01,2,2,0,2,7,1,1,0.0
202300018029,155 648 602,B01,1,10,0,2,1,1,1,0.0
202300018030,155 648 599,A01,1,7,0,1,2,17,1,0.0
202300018031,155 648 598,A01,1,7,0,1,3,1,6,0.0
202300018032,155 648 597,A01,1,10,3,0,1,2,1,0.0
202300018033,155 648 596,A01,0,7,5,0,1,1,1,0.0
202300018034,155 648 595,A01,2,33,3,0,8,1,0,0.0
202300018035,155 648 592,A01,3,7,2,0,3,1,1,0.0
202300018036,155 648 591,A01,2,7,0,9,3,9,1,0.0
202300018036,155 648 593,B01,2,1,0,2,3,1,5,0.0
202300018037,155 648 590,A01,1,7,0,2,1,17,1,0.0
202300018037,155 648 594,B01,1,10,0,0,4,1,1,0.0
202300018038,155 648 586,B01,2,50,0,2,3,1,3,0.0
202300018038,155 648 589,A01,2,7,0,2,2,1,1,0.0
202300018039,155 648 584,A01,1,7,0,2,3,15,1,0.0
202300018039,155 648 587,B01,1,33,0,2,1,17,1,0.0
202300018040,155 648 582,A01,3,7,0,9,5,26,1,0.0
202300018040,155 648 583,B01,2,1,0,2,1,1,5,0.0
202300018041,155 648 579,A01,3,7,6,0,1,26,0,0.0
202300018042,155 648 578,A01,1,1,0,2,1,1,5,0.0
202300018042,155 648 580,B01,2,7,0,2,5,1,1,0.0
202300018043,155 648 577,B01,2,7,0,2,7,1,1,0.0
202300018043,155 648 581,A01,2,7,0,2,1,9,1,0.0
202300018044,155 648 573,A01,3,13,0,2,2,12,1,0.0
202300018044,155 648 575,B01,3,7,0,2,8,1,1,0.0
202300018045,155 648 570,A01,1,37,0,1,1,19,0,1.0
202300018046,155 648 569,B01,1,32,0,2,4,2,1,0.0
202300018046,155 648 572,C01,1,7,0,2,4,2,1,0.0
202300018046,155 648 574,A01,1,7,0,2,1,2,1,0.0
202300018047,155 648 571,A01,1,7,0,2,1,0,1,0.0
202300018047,155 648 576,B01,2,7,0,2,1,13,1,0.0
202300018048,155 648 566,A01,2,7,14,0,1,13,1,0.0
202300018049,155 648 565,A01,1,33,0,0,9,1,1,0.0
202300018050,155 648 562,A01,1,10,0,2,5,15,0,0.0
202300018050,155 648 563,B01,2,2,0,2,1,1,0,0.0
202300018051,155 648 558,B01,2,2,0,9,1,17,1,0.0
202300018051,155 648 561,A01,1,37,0,9,3,1,0,1.0
202300018052,155 648 557,A01,3,7,0,2,3,9,1,0.0
202300018052,155 648 559,B01,3,43,0,2,1,26,1,0.0
202300018053,155 648 556,A01,2,7,0,2,2,21,1,0.0
202300018053,155 648 560,B01,2,1,0,2,6,1,5,0.0
202300018054,155 648 550,A01,2,7,0,9,1,1,1,0.0
202300018054,155 648 554,B01,3,50,0,2,7,0,3,0.0
202300018055,155 648 548,B01,1,1,0,2,1,1,5,0.0
202300018055,155 648 552,A01,1,10,0,2,8,13,1,0.0
202300018056,155 648 549,A01,1,7,0,2,6,15,1,0.0
202300018056,155 648 553,B01,2,34,0,2,1,1,1,0.0
202300018057,155 648 547,A01,1,10,0,0,4,21,1,0.0
202300018057,155 648 551,B01,1,2,0,2,9,21,1,0.0
202300018057,155 648 555,C01,1,7,0,2,1,2,1,0.0
202300018058,155 648 544,A01,3,7,2,0,1,1,1,0.0
202300018059,155 648 543,B01,2,10,0,2,6,2,1,0.0
202300018059,155 648 546,A01,2,33,0,2,2,2,1,0.0
202300018060,155 648 542,B01,3,7,0,2,4,1,1,0.0
202300018060,155 648 545,A01,3,7,0,2,1,1,1,0.0
202300018061,155 648 541,A01,2,7,0,1,2,1,1,0.0
202300018062,155 648 540,A01,2,7,0,0,0,1,1,0.0
202300018063,155 648 536,B01,1,10,0,2,1,1,0,0.0
202300018063,155 648 538,A01,2,7,0,2,1,1,1,0.0
202300018064,155 648 534,A01,2,7,13,0,9,14,1,0.0
202300018065,155 648 535,B01,1,10,0,0,1,1,1,0.0
202300018065,155 648 539,A01,1,7,0,0,7,19,3,0.0
202300018066,155 648 533,A01,3,50,0,2,1,26,3,0.0
202300018066,155 648 537,B01,3,7,0,2,0,0,0,0.0
202300018067,155 648 530,A01,3,2,13,0,0,1,1,0.0
202300018068,155 648 528,B01,1,30,0,2,1,1,3,0.0
202300018068,155 648 531,A01,2,7,0,2,3,5,1,0.0
202300018069,155 648 526,A01,2,7,0,2,3,10,1,0.0
202300018069,155 648 529,B01,2,31,0,2,2,1,0,0.0
202300018070,155 648 527,B01,3,0,0,2,3,0,0,0.0
202300018070,155 648 532,A01,3,7,0,2,3,1,1,0.0
202300018071,155 648 525,A01,1,2,0,0,8,1,1,0.0
202300018072,155 648 524,A01,3,7,0,1,1,1,1,0.0
202300018073,155 648 523,A01,3,7,0,1,1,1,1,0.0
202300018074,155 648 521,A01,2,7,13,0,3,1,1,0.0
202300018075,155 648 520,B01,2,7,0,2,4,2,1,0.0
202300018075,155 648 522,A01,2,7,0,2,1,1,1,0.0
202300018076,155 648 516,A01,1,7,6,0,1,14,1,0.0
202300018077,155 648 513,B01,3,1,0,2,0,0,5,0.0
202300018077,155 648 518,A01,3,7,0,2,3,16,1,0.0
202300018078,155 648 514,A01,2,7,1,2,3,1,1,0.0
202300018078,155 648 517,B01,2,7,0,2,2,1,1,0.0
202300018078,155 648 519,C01,2,80,1,2,7,1,3,0.0
202300018079,155 648 512,B01,2,7,0,2,3,1,6,0.0
202300018079,155 648 515,A01,1,7,0,2,3,13,6,0.0
202300018080,155 648 511,A01,1,33,13,0,7,1,1,0.0
202300018081,155 648 508,A01,2,7,2,0,1,14,1,0.0
202300018082,155 648 507,A01,1,7,2,0,8,14,1,0.0
202300018083,155 648 506,A01,2,34,0,2,1,18,1,0.0
202300018083,155 648 509,B01,1,7,0,2,2,15,1,0.0
202300018084,155 648 505,A01,2,7,0,2,2,1,2,0.0