num_acc,id_vehicule,num_veh,senc,catv,obs,obsm,choc,manv,motor,occutc
202300018084,155 648 510,B01,2,7,0,2,3,1,1,0.0
202300018085,155 648 502,A01,2,7,0,0,4,23,1,0.0
202300018085,155 648 503,B01,2,2,0,0,1,1,1,0.0
202300018086,155 648 499,A01,1,2,5,0,7,14,6,0.0
202300018087,155 648 496,B01,2,33,0,2,1,17,1,0.0
202300018087,155 648 501,A01,2,10,0,2,8,15,1,0.0
202300018088,155 648 498,B01,2,1,0,2,1,1,5,0.0
202300018088,155 648 500,A01,1,1,0,2,1,15,5,0.0
202300018089,155 648 497,A01,1,21,13,0,0,1,1,0.0
202300018090,155 648 492,B01,2,1,1,0,0,0,5,0.0
202300018090,155 648 494,A01,2,10,0,2,8,22,1,0.0
202300018091,155 648 491,A01,2,7,0,0,6,23,1,0.0
202300018091,155 648 495,B01,2,99,0,2,1,1,3,0.0
202300018092,155 648 487,A01,1,15,3,0,3,0,1,0.0
202300018093,155 648 486,A01,3,7,0,1,7,1,1,0.0
202300018094,155 648 489,A01,2,7,0,2,1,2,1,0.0
202300018094,155 648 490,B01,2,7,0,2,4,2,1,0.0
202300018095,155 648 485,A01,3,33,0,2,1,1,1,0.0
202300018095,155 648 488,B01,3,33,0,2,1,1,1,0.0
202300018096,155 648 484,A01,1,32,13,0,0,1,1,0.0
202300018097,155 648 483,A01,1,7,0,1,4,20,1,0.0
202300018098,155 648 482,A01,1,33,7,0,1,1,1,0.0
202300018099,155 648 479,B01,1,1,0,2,3,1,5,0.0
202300018099,155 648 481,A01,2,7,0,2,7,15,1,0.0
202300018100,155 648 473,B01,2,7,1,0,4,23,0,0.0
202300018100,155 648 476,C01,2,10,0,0,4,23,0,0.0
202300018100,155 648 478,D01,2,7,0,0,6,23,0,0.0
202300018100,155 648 480,A01,2,17,11,2,1,1,6,0.0
202300018101,155 648 475,B01,1,30,0,2,4,2,1,0.0
202300018101,155 648 477,A01,1,7,0,2,1,2,1,0.0
202300018102,155 648 471,A01,2,3,2,0,3,1,1,0.0
202300018103,155 648 469,A01,2,50,0,2,3,1,3,0.0
202300018103,155 648 472,B01,2,30,0,2,1,1,1,0.0
202300018104,155 648 468,A01,2,7,6,0,1,17,1,0.0
202300018105,155 648 467,A01,2,1,0,2,1,19,5,0.0
202300018105,155 648 470,B01,3,7,0,2,3,1,1,0.0
202300018106,155 648 466,A01,3,3,6,0,1,14,1,0.0
202300018107,155 648 463,A01,0,33,0,2,1,0,0,0.0
202300018107,155 648 465,B01,0,7,0,2,6,0,0,0.0
202300018108,155 648 462,A01,1,30,12,0,8,1,1,0.0
202300018109,155 648 461,A01,1,10,0,2,1,1,1,0.0
202300018109,155 648 464,B01,1,50,0,2,3,1,3,0.0
202300018110,155 648 459,A01,1,15,8,0,7,0,1,0.0
202300018111,155 648 455,A01,2,7,0,2,1,1,1,0.0
202300018111,155 648 458,B01,2,7,0,2,4,1,1,0.0
202300018112,155 648 457,A01,2,7,0,0,8,1,0,0.0
202300018112,155 648 460,B01,2,7,0,2,1,15,0,0.0
202300018113,155 648 454,A01,2,2,0,1,2,2,3,0.0
202300018114,155 648 453,A01,1,10,0,2,2,14,1,0.0
202300018114,155 648 456,B01,1,17,0,0,6,1,1,0.0
202300018115,155 648 452,A01,1,7,13,0,3,13,1,0.0
202300018116,155 648 449,A01,2,10,0,1,4,20,1,0.0
202300018117,155 648 448,B01,1,31,0,2,1,0,1,0.0
202300018117,155 648 451,A01,1,7,0,2,7,15,0,0.0
202300018118,155 648 447,A01,2,7,0,2,2,0,0,0.0
202300018118,155 648 450,B01,1,15,0,0,5,1,1,0.0
202300018119,155 648 445,B01,1,1,1,0,1,1,5,0.0
202300018119,155 648 446,A01,1,7,1,9,3,24,0,0.0
202300018120,155 648 443,A01,1,10,0,1,3,1,3,0.0
202300018121,155 648 442,A01,2,10,0,1,1,26,1,0.0
202300018122,155 648 441,A01,3,33,0,2,7,1,1,0.0
202300018122,155 648 444,B01,1,7,0,2,0,0,1,0.0
202300018123,155 648 438,B01,1,7,0,9,3,1,1,0.0
202300018123,155 648 440,A01,0,1,0,2,4,5,5,0.0
202300018124,155 648 436,B01,2,1,0,0,7,0,5,0.0
202300018124,155 648 439,A01,2,7,0,2,3,9,1,0.0
202300018125,155 648 435,A01,1,30,8,0,1,14,1,0.0
202300018126,155 648 437,A01,1,7,0,1,3,15,1,0.0
202300018127,155 648 433,A01,0,7,2,0,2,21,1,0.0
202300018128,155 648 431,A01,3,7,0,2,1,1,1,0.0
202300018128,155 648 432,B01,3,7,0,2,4,1,1,0.0
202300018129,155 648 429,A01,1,7,0,2,1,13,0,0.0
202300018129,155 648 434,B01,2,7,0,2,1,1,0,0.0
202300018130,155 648 427,A01,2,50,0,2,2,1,3,0.0
202300018130,155 648 430,B01,2,7,0,2,1,1,6,0.0
202300018131,155 648 426,A01,1,33,0,0,0,21,1,0.0
202300018131,155 648 428,B01,1,17,0,0,0,26,1,0.0
202300018132,155 648 425,A01,3,2,0,0,8,14,1,0.0
202300018133,155 648 424,A01,1,7,0,1,1,1,1,0.0
202300018134,155 648 421,A01,1,1,0,2,6,19,5,0.0
202300018134,155 648 423,B01,1,32,0,2,3,1,1,0.0
202300018135,155 648 419,B01,1,10,13,2,3,1,1,0.0
202300018135,155 648 422,A01,1,7,8,2,1,1,0,0.0
202300018136,155 648 417,A01,1,50,0,2,7,1,3,0.0
202300018136,155 648 420,B01,2,7,0,2,1,15,2,0.0
202300018137,155 648 416,A01,3,50,0,1,1,2,3,0.0
202300018138,155 648 415,B01,1,7,0,2,1,1,1,0.0
202300018138,155 648 418,A01,1,7,0,2,2,19,1,0.0
202300018139,155 648 414,A01,2,33,6,0,1,1,1,0.0
202300018140,155 648 413,A01,3,50,0,0,0,0,3,0.0
202300018141,155 648 407,B01,2,33,0,2,7,1,0,0.0
202300018141,155 648 410,A01,0,7,0,2,3,16,1,0.0
202300018142,155 648 409,A01,1,10,0,2,1,1,1,0.0
202300018142,155 648 412,B01,2,1,0,2,7,19,5,0.0
202300018143,155 648 406,A01,3,7,0,9,7,1,1,0.0
202300018143,155 648 411,B01,3,1,0,2,8,1,5,0.0
202300018144,155 648 405,A01,1,2,0,2,3,13,1,0.0
202300018144,155 648 408,B01,2,10,0,2,8,1,1,0.0
202300018145,155 648 399,A01,1,7,0,2,7,13,1,0.0
202300018145,155 648 403,B01,1,33,0,2,8,1,1,0.0
202300018146,155 648 402,A01,1,7,6,0,1,1,1,0.0
202300018147,155 648 400,A01,2,7,0,2,1,2,1,0.0
202300018147,155 648 404,B01,2,7,0,2,4,2,1,0.0
202300018148,155 648 398,B01,0,2,0,2,0,0,0,0.0
202300018148,155 648 401,A01,0,7,0,2,7,15,1,0.0
202300018149,155 648 396,A01,1,33,0,6,1,1,1,0.0
202300018150,155 648 393,B01,3,1,0,2,7,15,5,0.0
202300018150,155 648 397,A01,3,7,0,9,1,19,0,0.0
202300018151,155 648 392,B01,0,30,-1,2,-1,0,-1,0.0
202300018151,155 648 395,A01,2,60,0,2,0,1,5,0.0
202300018152,155 648 394,A01,2,31,0,1,1,1,1,0.0
202300018153,155 648 390,A01,2,7,0,2,1,5,1,0.0
202300018153,155 648 391,B01,1,10,0,2,3,1,1,0.0
202300018154,155 648 388,A01,3,10,0,9,0,26,0,0.0
202300018155,155 648 386,A01,3,2,0,2,8,19,1,0.0
202300018155,155 648 389,B01,2,7,0,2,1,1,1,0.0
202300018156,155 648 385,A01,1,7,0,2,3,2,1,0.0
202300018156,155 648 387,B01,1,1,0,2,7,2,5,0.0
202300018157,155 648 384,A01,2,7,6,0,9,1,1,0.0
202300018158,155 648 382,A01,2,33,5,0,1,1,1,0.0
202300018159,155 648 381,B01,2,7,0,2,1,1,1,0.0
202300018159,155 648 383,A01,1,3,0,2,2,15,1,0.0
202300018160,155 648 378,A01,2,7,0,2,3,19,3,0.0
202300018160,155 648 380,B01,1,7,0,2,1,13,1,0.0
202300018161,155 648 377,B01,2,7,0,2,3,17,1,0.0
202300018161,155 648 379,A01,1,7,0,2,3,6,1,0.0
202300018162,155 648 376,A01,3,50,0,1,0,1,3,0.0
202300018163,155 648 372,B01,1,2,0,2,3,13,1,0.0
202300018163,155 648 373,A01,2,7,0,2,3,17,1,0.0
202300018164,155 648 371,A01,1,7,0,2,1,1,1,0.0
202300018164,155 648 374,B01,1,7,0,2,4,23,1,0.0
202300018165,155 648 368,A01,2,7,2,0,1,1,1,0.0
202300018166,155 648 366,A01,3,2,13,0,1,1,1,0.0
202300018167,155 648 367,B01,0,1,0,2,1,1,5,0.0
202300018167,155 648 369,A01,0,7,0,2,7,22,1,0.0
202300018168,155 648 365,A01,0,7,8,0,7,13,1,0.0
202300018169,155 648 363,A01,2,7,9,0,1,1,1,0.0
202300018170,155 648 361,A01,0,50,0,1,2,21,3,0.0
202300018171,155 648 359,A01,2,33,15,0,8,1,1,0.0
202300018172,155 648 357,A01,2,7,0,2,6,1,1,0.0
202300018172,155 648 360,B01,1,7,0,2,3,1,1,0.0
202300018173,155 648 356,A01,1,7,0,2,1,1,1,0.0
202300018173,155 648 358,B01,1,33,0,2,4,15,1,0.0
202300018174,155 648 354,A01,2,50,0,0,2,17,3,0.0
202300018174,155 648 355,Z01,2,10,1,0,8,22,0,0.0
202300018175,155 648 352,A01,2,33,12,0,0,1,0,0.0
202300018176,155 648 350,A01,1,7,0,2,1,1,1,0.0
202300018176,155 648 353,B01,1,7,0,2,4,0,1,0.0
202300018177,155 648 349,A01,1,33,0,2,3,1,1,0.0
202300018177,155 648 351,B01,1,7,0,2,5,12,1,0.0
202300018178,155 648 347,B01,2,1,0,2,7,17,5,0.0
202300018178,155 648 348,A01,2,10,0,2,3,15,0,0.0
202300018179,155 648 342,A01,3,30,0,2,1,19,1,0.0
202300018179,155 648 345,B01,3,7,0,2,7,26,1,0.0
202300018180,155 648 344,A01,2,16,1,0,2,1,1,0.0
202300018180,155 648 346,B01,2,7,4,0,4,1,1,0.0
202300018181,155 648 338,A01,1,7,0,2,1,2,1,0.0
202300018181,155 648 341,B01,1,7,0,2,5,2,1,0.0
202300018181,155 648 343,C01,1,7,0,2,6,2,1,0.0
202300018182,155 648 339,A01,1,7,0,2,8,13,1,0.0
202300018182,155 648 340,B01,1,2,0,2,7,3,1,0.0
202300018183,155 648 336,A01,2,7,0,2,4,23,1,0.0
202300018183,155 648 337,B01,2,1,0,2,1,1,5,0.0
202300018184,155 648 333,A01,1,7,1,-1,1,26,1,0.0
202300018185,155 648 332,A01,1,15,0,2,2,12,1,0.0
202300018185,155 648 335,B01,1,7,0,2,6,1,1,0.0
202300018186,155 648 330,A01,2,7,0,2,1,11,1,0.0
202300018186,155 648 334,B01,2,7,0,0,4,1,1,0.0
202300018187,155 648 329,A01,1,33,0,2,1,2,1,0.0
202300018187,155 648 331,B01,1,13,0,0,6,2,1,0.0
202300018188,155 648 328,A01,1,7,0,1,1,1,0,0.0
202300018189,155 648 327,A01,2,7,6,0,3,2,1,0.0
202300018190,155 648 326,A01,2,10,3,0,3,1,1,0.0
202300018191,155 648 324,A01,2,10,13,0,9,0,1,0.0
202300018192,155 648 323,A01,1,7,0,1,0,0,0,0.0
202300018193,155 648 325,A01,2,1,6,0,1,1,5,0.0
202300018194,155 648 322,A01,2,7,13,0,1,2,1,0.0
202300018195,155 648 318,A01,1,7,0,2,8,11,1,0.0
202300018195,155 648 321,B01,1,7,0,2,2,1,1,0.0
202300018196,155 648 319,A01,1,33,0,2,7,7,1,0.0
202300018196,155 648 320,B01,1,7,0,2,3,15,1,0.0
202300018197,155 648 314,A01,2,10,0,2,0,0,1,0.0
202300018197,155 648 317,B01,2,1,0,2,1,1,5,0.0
202300018198,155 648 315,A01,1,15,0,2,3,2,1,0.0
202300018198,155 648 316,B01,1,7,0,0,4,2,1,0.0
202300018199,155 648 310,A01,2,7,0,1,2,21,1,0.0
202300018200,155 648 311,A01,1,7,13,0,9,1,1,0.0
202300018201,155 648 309,B01,2,34,0,2,1,1,1,0.0
202300018201,155 648 313,A01,2,7,0,2,8,10,1,0.0
202300018202,155 648 308,B01,2,7,0,2,1,1,1,0.0
202300018202,155 648 312,A01,2,7,0,2,7,1,1,0.0
202300018203,155 648 307,A01,1,7,1,1,7,0,1,0.0
202300018204,155 648 304,B01,1,7,0,2,0,1,0,0.0
202300018204,155 648 306,A01,1,7,0,2,3,1,0,0.0
202300018205,155 648 303,A01,3,30,0,0,8,26,1,0.0
202300018206,155 648 300,A01,2,33,13,2,1,0,1,0.0
202300018206,155 648 302,B01,1,7,0,2,8,1,1,0.0
202300018207,155 648 297,A01,1,10,0,2,0,0,0,0.0
202300018207,155 648 299,B01,2,7,0,2,0,0,1,0.0
202300018207,155 648 301,D01,2,7,0,2,0,0,3,0.0
202300018207,155 648 305,C01,1,7,0,2,0,0,1,0.0
202300018208,155 648 298,A01,1,10,0,1,3,15,1,0.0
202300018209,155 648 295,A01,1,7,0,2,1,2,1,0.0
202300018209,155 648 296,B01,1,7,0,9,4,23,1,0.0
202300018210,155 648 292,A01,1,1,0,1,9,1,5,0.0
202300018211,155 648 291,A01,1,37,0,2,1,1,0,1.0
202300018211,155 648 293,B01,1,31,0,2,0,0,0,0.0
202300018212,155 648 288,A01,1,7,0,2,3,13,3,0.0
202300018212,155 648 290,B01,2,7,0,2,3,1,3,0.0
202300018213,155 648 286,A01,1,7,0,1,2,15,1,0.0
202300018214,155 648 287,A01,2,33,0,9,1,2,1,0.0
202300018214,155 648 289,B01,2,1,0,0,8,2,5,0.0
202300018215,155 648 285,A01,2,7,0,1,1,16,1,0.0
202300018216,155 648 283,B01,3,7,0,2,1,24,1,0.0
202300018216,155 648 284,A01,3,7,1,0,1,5,1,0.0
202300018217,155 648 281,A01,2,7,1,0,1,1,1,0.0
202300018218,155 648 280,A01,1,1,0,2,1,2,5,0.0
202300018218,155 648 282,B01,1,7,1,2,5,2,1,0.0
202300018219,155 648 278,A01,3,7,0,9,2,15,1,0.0
202300018219,155 648 279,B01,3,1,0,2,0,0,5,0.0
202300018220,155 648 277,A01,1,7,0,1,0,1,0,0.0
202300018221,155 648 276,A01,2,7,2,0,1,1,1,0.0
202300018222,155 648 272,A01,3,7,0,9,6,1,1,0.0
202300018222,155 648 275,B01,3,50,0,2,2,2,3,0.0
202300018223,155 648 270,B01,1,7,0,2,1,1,1,0.0
202300018223,155 648 273,A01,1,10,0,2,3,13,1,0.0
202300018224,155 648 269,A01,2,34,0,2,3,17,1,0.0
202300018224,155 648 271,B01,2,7,0,2,5,1,1,0.0
202300018225,155 648 265,B01,3,7,0,2,2,1,1,0.0
202300018225,155 648 268,A01,3,7,0,2,1,1,1,0.0
202300018226,155 648 263,A01,1,30,0,0,8,1,1,0.0
202300018227,155 648 261,B01,1,7,0,2,4,2,1,0.0
202300018227,155 648 262,A01,1,7,0,2,1,2,1,0.0
202300018227,155 648 266,C01,1,7,0,2,4,2,1,0.0
202300018228,155 648 257,A01,2,10,0,9,2,16,1,0.0
202300018228,155 648 259,B01,1,1,0,2,1,1,5,0.0
202300018229,155 648 255,B01,2,7,0,2,3,15,1,0.0
202300018229,155 648 260,A01,2,30,0,2,3,1,1,0.0
202300018230,155 648 253,A01,2,33,0,2,1,3,1,0.0
202300018230,155 648 256,B01,2,7,0,2,8,17,0,0.0
202300018230,155 648 258,C01,2,7,0,2,4,1,1,0.0
202300018231,155 648 251,B01,2,7,9,2,8,16,1,0.0
202300018231,155 648 254,A01,1,7,0,0,3,23,1,0.0
202300018232,155 648 250,A01,1,7,1,0,2,2,1,0.0
202300018233,155 648 247,A01,1,7,0,2,7,15,1,0.0
202300018233,155 648 249,B01,2,31,0,2,1,0,1,0.0
202300018234,155 648 248,B01,1,1,0,2,7,26,5,0.0
202300018234,155 648 252,A01,1,7,0,2,3,0,1,0.0
202300018235,155 648 244,B01,1,80,0,2,4,2,3,0.0
202300018235,155 648 246,A01,0,7,0,2,4,1,1,0.0
202300018236,155 648 242,B01,2,50,0,2,4,1,3,0.0
202300018236,155 648 245,A01,2,7,0,2,1,1,1,0.0
202300018237,155 648 243,A01,2,10,13,0,9,13,1,0.0
202300018238,155 648 239,A01,2,34,0,2,7,0,1,0.0
202300018238,155 648 240,B01,2,7,0,2,8,15,1,0.0
202300018239,155 648 238,A01,2,7,0,2,3,13,1,0.0
202300018239,155 648 241,B01,1,7,0,2,3,1,1,0.0
202300018240,155 648 236,A01,1,10,0,1,2,1,3,0.0
202300018241,155 648 235,A01,2,42,0,2,2,3,1,0.0
202300018241,155 648 237,B01,2,7,0,2,6,11,1,0.0
202300018242,155 648 231,A01,0,7,0,2,3,15,1,0.0
202300018242,155 648 234,B01,0,1,0,2,0,0,5,0.0
202300018243,155 648 232,A01,3,16,13,0,7,1,1,0.0
202300018244,155 648 230,A01,2,31,0,2,1,17,1,0.0
202300018244,155 648 233,B01,2,7,0,2,3,15,1,0.0
202300018245,155 648 228,A01,1,33,15,0,7,1,1,0.0
202300018246,155 648 227,A01,1,30,0,0,2,1,1,0.0
202300018247,155 648 226,A01,0,7,1,2,1,1,2,0.0
202300018247,155 648 229,B01,0,7,1,2,8,1,1,0.0
202300018248,155 648 225,A01,1,7,6,0,2,14,1,0.0
202300018249,155 648 223,B01,1,33,0,2,3,1,1,0.0
202300018249,155 648 224,A01,1,7,0,2,2,0,1,0.0
202300018250,155 648 222,A01,-1,7,8,0,2,1,0,0.0
202300018251,155 648 221,A01,1,33,12,0,7,2,1,0.0
202300018252,155 648 219,A01,1,7,0,2,7,17,1,0.0
202300018252,155 648 220,B01,1,1,0,2,8,1,5,0.0
202300018253,155 648 218,A01,1,7,0,1,1,1,1,0.0
202300018254,155 648 213,C01,3,7,0,2,4,0,0,0.0
202300018254,155 648 215,B01,3,7,0,2,4,2,1,0.0
202300018254,155 648 217,A01,3,7,0,2,1,2,1,0.0
202300018255,155 648 211,A01,3,7,0,1,3,1,1,0.0
202300018256,155 648 209,A01,3,10,1,0,2,21,1,0.0
202300018256,155 648 210,B01,3,7,0,2,6,23,1,0.0
202300018257,155 648 208,A01,3,7,0,1,1,1,1,0.0
202300018258,155 648 205,A01,1,2,2,0,2,1,1,0.0
202300018259,155 648 204,A01,1,7,14,2,1,16,1,0.0
202300018259,155 648 207,B01,1,10,0,2,7,15,1,0.0
202300018260,155 648 203,A01,3,7,0,2,3,1,1,0.0
202300018260,155 648 206,B01,3,50,0,2,7,1,3,0.0
202300018261,155 648 199,A01,1,7,0,2,2,1,1,0.0
202300018261,155 648 200,Y01,1,1,0,2,4,25,5,0.0
202300018262,155 648 198,B01,1,60,0,0,0,0,5,0.0
202300018262,155 648 201,A01,1,3,0,9,2,0,0,0.0
202300018263,155 648 197,A01,3,1,0,2,1,1,5,0.0
202300018264,155 648 195,A01,1,7,0,0,0,1,1,0.0
202300018265,155 648 194,B01,2,7,0,2,5,1,1,0.0
202300018265,155 648 196,A01,2,33,0,2,3,18,1,0.0
202300018266,155 648 193,A01,2,1,0,0,0,16,5,0.0
202300018267,155 648 191,A01,2,7,3,0,1,1,1,0.0
202300018268,155 648 189,A01,0,7,0,2,5,13,1,0.0
202300018268,155 648 192,B01,3,7,0,2,1,1,1,0.0
202300018269,155 648 188,A01,2,60,0,2,2,19,5,0.0
202300018269,155 648 190,B01,1,7,0,9,5,1,1,0.0
202300018270,155 648 187,A01,1,7,0,2,8,1,1,0.0
202300018271,155 648 185,A01,3,7,0,0,9,1,1,0.0
202300018272,155 648 184,A01,1,7,0,1,2,1,1,0.0
202300018273,155 648 179,A01,2,1,0,2,1,25,5,0.0
202300018273,155 648 181,B01,0,7,0,2,2,26,3,0.0
202300018274,155 648 177,A01,2,7,0,2,4,2,1,0.0
202300018274,155 648 182,B01,2,7,0,2,1,2,1,0.0
202300018275,155 648 178,A01,2,7,0,2,5,12,1,0.0
202300018275,155 648 180,B01,2,33,0,2,0,0,1,0.0
202300018276,155 648 175,A01,2,7,4,0,8,2,1,0.0
202300018277,155 648 174,A01,2,7,2,0,0,0,1,0.0
202300018278,155 648 173,A01,1,30,0,2,5,1,1,0.0
202300018278,155 648 176,B01,1,30,0,2,1,1,1,0.0
202300018279,155 648 170,A01,2,7,0,2,5,15,1,0.0
202300018279,155 648 171,B01,1,2,0,2,1,1,1,0.0
202300018280,155 648 167,B01,2,7,0,0,6,23,2,0.0
202300018280,155 648 169,A01,2,7,1,0,7,0,1,0.0
202300018280,155 648 172,C01,2,7,1,0,2,0,1,0.0
202300018281,155 648 166,A01,2,7,0,2,4,23,1,0.0
202300018281,155 648 168,B01,2,7,0,2,1,1,1,0.0
202300018282,155 648 162,A01,1,50,0,0,0,1,3,0.0
202300018283,155 648 161,B01,3,7,0,2,4,1,1,0.0
202300018283,155 648 164,A01,3,7,0,2,1,1,1,0.0
202300018283,155 648 165,C01,3,7,0,2,4,1,1,0.0
202300018284,155 648 160,A01,2,7,0,2,1,11,1,0.0
202300018284,155 648 163,B01,2,10,0,2,4,1,1,0.0
202300018285,155 648 158,A01,1,7,0,1,1,1,1,0.0
202300018286,155 648 157,A01,1,7,0,2,1,1,1,0.0
202300018286,155 648 159,B01,2,7,0,2,2,17,1,0.0
202300018287,155 648 155,A01,1,7,0,2,1,2,1,0.0
202300018287,155 648 156,B01,1,7,0,2,4,2,1,0.0
202300018288,155 648 154,A01,3,7,0,1,1,2,1,0.0
202300018289,155 648 150,A01,3,7,8,0,1,1,1,0.0
202300018290,155 648 151,A01,2,33,0,2,1,2,1,0.0
202300018290,155 648 153,B01,2,7,0,2,6,15,1,0.0
202300018291,155 648 149,A01,2,7,0,2,1,1,1,0.0
202300018291,155 648 152,B01,2,15,0,2,4,1,1,0.0
202300018292,155 648 146,A01,1,7,0,2,1,15,1,0.0
202300018292,155 648 148,B01,2,33,0,2,1,1,1,0.0
202300018293,155 648 145,A01,2,7,4,0,1,1,1,0.0
202300018294,155 648 144,A01,1,7,0,2,3,9,1,0.0
202300018294,155 648 147,B01,1,7,0,2,1,1,1,0.0
202300018295,155 648 142,A01,2,7,3,0,9,1,1,0.0
202300018296,155 648 141,A01,1,10,0,2,1,2,1,0.0
202300018296,155 648 143,B01,1,7,0,2,4,1,1,0.0
202300018297,155 648 140,A01,0,7,0,1,2,1,0,0.0
202300018298,155 648 138,A01,1,10,0,1,1,11,1,0.0
202300018299,155 648 137,A01,2,7,0,2,1,0,1,0.0
202300018299,155 648 139,B01,2,7,0,2,4,2,1,0.0
202300018300,155 648 135,A01,2,7,0,2,1,1,1,0.0
202300018300,155 648 136,B01,2,1,0,2,7,19,5,0.0
202300018301,155 648 132,B01,3,39,0,2,3,1,3,0.0
202300018301,155 648 134,A01,0,7,0,4,6,23,1,0.0
202300018302,155 648 131,B01,1,31,0,2,5,0,1,0.0
202300018302,155 648 133,A01,1,7,0,2,3,0,1,0.0
202300018303,155 648 127,A01,1,33,0,2,3,21,1,0.0
202300018303,155 648 129,B01,1,7,0,2,5,2,1,0.0
202300018304,155 648 125,A01,2,33,0,0,8,1,1,0.0
202300018305,155 648 126,A01,1,7,0,2,1,2,1,0.0
202300018305,155 648 128,B01,1,10,0,2,4,1,1,0.0
202300018306,155 648 122,A01,2,2,0,1,1,17,1,0.0
202300018307,155 648 120,B01,3,7,0,2,5,1,1,0.0
202300018307,155 648 124,A01,1,7,0,2,1,9,1,0.0
202300018308,155 648 117,A01,2,33,7,0,1,1,1,0.0
202300018309,155 648 115,A01,2,7,0,2,1,1,1,0.0
202300018309,155 648 116,B01,2,7,0,2,4,1,1,0.0
202300018309,155 648 118,C01,2,7,0,2,4,1,1,0.0
202300018309,155 648 119,D01,2,7,0,2,4,1,2,0.0
202300018309,155 648 121,E01,2,7,0,2,4,1,1,0.0
202300018309,155 648 123,F01,2,7,0,2,4,1,1,0.0
202300018310,155 648 111,A01,0,2,0,0,0,16,1,0.0
202300018310,155 648 114,B01,0,0,0,0,3,0,0,0.0
202300018311,155 648 108,A01,1,7,6,2,3,15,1,0.0
202300018311,155 648 110,B01,1,1,6,2,1,1,5,0.0
202300018312,155 648 107,B01,2,7,0,2,1,21,2,0.0
202300018312,155 648 109,A01,1,7,0,2,1,21,1,0.0
202300018313,155 648 106,A01,1,7,13,0,2,26,1,0.0
202300018314,155 648 105,A01,2,33,13,0,0,1,1,0.0
202300018315,155 648 103,A01,3,33,0,9,1,1,1,0.0
202300018315,155 648 104,B01,3,50,0,2,2,6,3,0.0
202300018316,155 648 102,A01,1,7,16,0,8,0,1,0.0
202300018317,155 648 099,A01,1,7,0,1,5,16,2,0.0
202300018318,155 648 098,B01,1,33,0,2,0,0,1,0.0
202300018318,155 648 101,A01,3,7,0,2,2,19,0,0.0
202300018319,155 648 097,A01,1,7,0,2,1,13,0,0.0
202300018319,155 648 100,B01,2,10,0,2,1,1,1,0.0
202300018320,155 648 094,A01,1,7,6,0,3,1,1,0.0
202300018321,155 648 092,A01,3,2,12,0,1,13,6,0.0
202300018322,155 648 091,A01,2,7,0,2,1,2,1,0.0
202300018322,155 648 095,B01,2,7,0,2,6,23,3,0.0
202300018323,155 648 090,A01,1,7,0,2,3,19,1,0.0
202300018323,155 648 093,B01,1,7,0,2,1,1,1,0.0
202300018324,155 648 088,A01,2,2,0,0,7,1,1,0.0
202300018325,155 648 086,A01,2,7,0,2,7,1,1,0.0
202300018325,155 648 089,B01,2,50,0,2,8,1,3,0.0
202300018326,155 648 085,A01,2,33,0,2,2,18,1,0.0
202300018326,155 648 087,B01,1,7,0,2,2,19,1,0.0
202300018327,155 648 082,B01,0,1,0,1,0,1,6,0.0
202300018328,155 648 081,A01,1,7,0,2,3,15,1,0.0
202300018328,155 648 083,B01,1,31,0,2,1,17,1,0.0
202300018329,155 648 080,B01,2,7,0,2,5,1,1,0.0
202300018329,155 648 084,A01,3,1,0,2,1,1,5,0.0
202300018330,155 648 079,A01,1,7,0,1,6,15,1,0.0
202300018331,155 648 077,A01,1,7,0,1,1,1,1,0.0
202300018332,155 648 076,A01,3,7,0,2,7,15,1,0.0
202300018332,155 648 078,B01,3,7,0,2,1,1,1,0.0
202300018333,155 648 073,A01,1,7,0,2,7,16,1,0.0
202300018333,155 648 075,B01,1,32,0,2,8,18,1,0.0
202300018334,155 648 072,B01,0,50,0,2,1,5,3,0.0
202300018334,155 648 074,A01,0,7,0,9,1,1,0,0.0
202300018335,155 648 071,A01,1,7,0,1,8,16,1,0.0
202300018336,155 648 070,A01,1,39,0,1,2,1,3,0.0
202300018337,155 648 067,A01,1,7,0,2,1,5,1,0.0
202300018337,155 648 069,B01,2,21,0,2,3,1,1,0.0
202300018338,155 648 065,B01,2,33,0,2,1,5,1,0.0
202300018338,155 648 066,A01,1,7,0,2,6,20,1,0.0
202300018339,155 648 064,A01,1,7,0,2,6,9,1,0.0
202300018339,155 648 068,B01,1,33,0,2,1,15,1,0.0
202300018340,155 648 061,A01,2,33,0,2,8,7,1,0.0
202300018340,155 648 063,B01,2,7,0,2,1,26,1,0.0
202300018341,155 648 060,B01,2,32,0,2,6,1,1,0.0
202300018341,155 648 062,A01,1,7,0,2,1,1,1,0.0
202300018342,155 648 059,A01,3,14,0,1,0,15,0,0.0
202300018343,155 648 054,A01,3,7,0,2,3,20,1,0.0
202300018343,155 648 058,B01,3,33,0,2,7,1,1,0.0
202300018344,155 648 056,A01,2,50,0,2,1,26,3,0.0
202300018344,155 648 057,B01,1,7,0,2,1,1,1,0.0
202300018345,155 648 053,A01,3,33,0,2,1,13,1,0.0
202300018345,155 648 055,B01,3,7,0,2,0,1,1,0.0
202300018346,155 648 050,A01,1,7,0,2,3,20,1,0.0
202300018346,155 648 052,B01,1,33,0,2,1,1,1,0.0
202300018347,155 648 049,A01,2,7,15,2,6,24,1,0.0
202300018347,155 648 051,B01,2,38,1,0,2,14,1,1.0