num_acc,id_vehicule,num_veh,senc,catv,obs,obsm,choc,manv,motor,occutc
202300018348,155 648 046,A01,2,50,0,2,1,25,3,0.0
202300018348,155 648 048,B01,2,7,0,2,3,1,1,0.0
202300018349,155 648 043,A01,2,33,0,2,1,1,1,0.0
202300018349,155 648 044,B01,1,7,0,2,3,9,1,0.0
202300018350,155 648 040,A01,2,7,0,2,3,10,1,0.0
202300018350,155 648 042,B01,2,1,0,2,7,1,5,0.0
202300018351,155 648 039,B01,2,37,0,2,8,1,1,1.0
202300018351,155 648 041,A01,2,50,0,2,1,1,3,0.0
202300018352,155 648 037,A01,0,2,12,0,1,1,1,0.0
202300018353,155 648 035,A01,2,7,14,0,1,1,1,0.0
202300018354,155 648 036,A01,3,7,0,0,3,16,1,0.0
202300018354,155 648 038,B01,1,7,0,0,2,1,1,0.0
202300018355,155 648 034,A01,0,7,0,1,1,1,1,0.0
202300018356,155 648 030,A01,1,2,0,2,1,1,1,0.0
202300018356,155 648 032,B01,1,7,0,2,4,15,1,0.0
202300018357,155 648 028,B01,2,32,0,2,1,3,1,0.0
202300018357,155 648 029,A01,1,7,0,2,2,15,1,0.0
202300018358,155 648 026,A01,2,7,0,1,3,1,1,0.0
202300018359,155 648 025,B01,1,7,0,0,6,1,1,0.0
202300018359,155 648 027,A01,1,7,0,2,1,2,1,0.0
202300018360,155 648 023,A01,2,7,0,2,2,2,1,0.0
202300018360,155 648 024,B01,2,7,0,2,6,1,1,0.0
202300018361,155 648 021,A01,2,37,0,1,1,16,1,1.0
202300018362,155 648 020,B01,1,15,0,0,6,2,1,0.0
202300018362,155 648 022,A01,1,36,0,2,2,2,1,0.0
202300018363,155 648 018,A01,1,7,9,0,2,21,1,0.0
202300018364,155 648 016,A01,0,10,0,2,2,17,1,0.0
202300018364,155 648 019,B01,0,50,0,2,4,2,3,0.0
202300018365,155 648 014,A01,2,7,6,0,1,1,1,0.0
202300018366,155 648 009,A01,1,17,0,2,1,2,1,0.0
202300018366,155 648 011,B01,1,7,0,0,5,2,1,0.0
202300018366,155 648 012,C01,1,7,0,0,4,2,1,0.0
202300018366,155 648 015,D01,1,7,0,0,4,2,1,0.0
202300018366,155 648 017,E01,1,7,0,0,5,1,1,0.0
202300018367,155 648 010,A01,3,7,0,2,1,2,1,0.0
202300018367,155 648 013,B01,3,7,0,2,4,2,1,0.0
202300018368,155 648 007,B01,2,2,0,2,4,15,1,0.0
202300018368,155 648 008,A01,1,7,0,2,1,16,1,0.0
202300018369,155 648 006,A01,1,7,3,0,1,14,1,0.0
202300018370,155 648 005,A01,2,7,0,1,3,1,0,0.0
202300018371,155 648 003,A01,1,7,2,0,1,11,1,0.0
202300018372,155 648 002,A01,3,1,0,0,4,1,5,0.0
202300018372,155 648 004,B01,3,7,0,2,1,1,0,0.0
202300018373,155 648 001,A01,1,7,0,1,1,1,1,0.0
202300018374,155 648 000,A01,3,7,13,0,7,1,1,0.0
202300018375,155 647 997,A01,1,15,0,2,3,1,1,0.0
202300018375,155 647 998,B01,2,7,0,2,3,1,1,0.0
202300018376,155 647 996,A01,3,7,0,2,2,2,1,0.0
202300018376,155 647 999,B01,0,33,0,2,6,2,1,0.0
202300018377,155 647 994,B01,3,2,0,2,8,15,1,0.0
202300018377,155 647 995,A01,3,7,0,2,1,1,1,0.0
202300018378,155 647 993,A01,2,7,0,1,2,2,2,0.0
202300018379,155 647 991,B01,1,1,0,2,1,1,5,0.0
202300018379,155 647 992,A01,1,10,0,2,2,15,1,0.0
202300018380,155 647 989,A01,3,7,0,1,1,1,1,0.0
202300018381,155 647 988,A01,2,7,0,1,3,1,1,0.0
202300018382,155 647 986,B01,1,37,0,2,2,1,1,5.0
202300018382,155 647 990,A01,2,7,0,2,3,16,1,0.0
202300018383,155 647 985,B01,2,37,0,2,3,1,1,1.0
202300018383,155 647 987,A01,1,7,0,2,3,13,1,0.0
202300018384,155 647 983,A01,2,7,2,2,8,13,1,0.0
202300018384,155 647 984,B01,2,7,0,2,7,1,6,0.0
202300018385,155 647 981,A01,1,7,0,1,2,1,1,0.0
202300018386,155 647 982,A01,1,7,2,0,1,2,1,0.0
202300018387,155 647 980,A01,0,1,14,0,0,1,5,0.0
202300018388,155 647 976,A01,1,7,0,2,5,16,1,0.0
202300018388,155 647 979,B01,2,1,0,2,5,1,5,0.0
202300018389,155 647 977,B01,0,50,0,9,8,15,3,0.0
202300018389,155 647 978,A01,0,7,0,9,2,1,1,0.0
202300018390,155 647 974,A01,0,7,3,2,1,1,1,0.0
202300018390,155 647 975,B01,0,7,3,2,4,23,1,0.0
202300018391,155 647 972,A01,1,7,0,1,1,1,1,0.0
202300018392,155 647 971,A01,1,33,0,2,2,17,1,0.0
202300018392,155 647 973,B01,2,10,0,2,3,9,1,0.0
202300018393,155 647 966,A01,3,7,0,2,3,2,1,0.0
202300018393,155 647 968,B01,3,7,0,2,3,2,1,0.0
202300018394,155 647 965,A01,3,7,0,2,3,9,1,0.0
202300018394,155 647 970,B01,3,7,0,2,2,1,1,0.0
202300018395,155 647 967,A01,1,7,0,2,1,17,1,0.0
202300018395,155 647 969,B01,1,1,0,2,8,15,5,0.0
202300018396,155 647 962,A01,1,21,0,2,3,13,1,0.0
202300018396,155 647 964,B01,2,33,0,2,1,1,1,0.0
202300018397,155 647 960,A01,0,7,0,2,1,19,1,0.0
202300018397,155 647 963,B01,3,7,0,2,6,23,1,0.0
202300018398,155 647 959,A01,1,15,0,2,0,16,1,0.0
202300018398,155 647 961,B01,2,1,0,2,1,1,5,0.0
202300018399,155 647 956,B01,1,7,0,2,8,2,1,0.0
202300018399,155 647 958,A01,1,33,0,2,7,17,1,0.0
202300018400,155 647 955,A01,2,7,0,2,2,15,1,0.0
202300018400,155 647 957,B01,1,1,0,2,1,1,5,0.0
202300018401,155 647 953,A01,3,3,0,9,1,16,3,0.0
202300018401,155 647 954,B01,3,1,0,2,7,1,5,0.0
202300018402,155 647 950,A01,2,7,0,2,3,13,1,0.0
202300018402,155 647 952,B01,1,7,0,2,3,1,1,0.0
202300018403,155 647 948,B01,1,31,0,2,1,1,6,0.0
202300018403,155 647 951,A01,2,7,0,2,5,15,1,0.0
202300018404,155 647 947,A01,2,7,0,2,2,15,1,0.0
202300018404,155 647 949,B01,1,1,0,2,1,1,5,0.0
202300018405,155 647 946,A01,1,7,4,0,1,1,1,0.0
202300018406,155 647 944,A01,1,7,0,2,2,15,2,0.0
202300018406,155 647 945,B01,2,33,0,2,3,1,1,0.0
202300018407,155 647 943,A01,2,30,0,1,1,16,1,0.0
202300018408,155 647 942,A01,3,7,0,1,2,1,0,0.0
202300018409,155 647 941,A01,1,7,0,0,1,1,1,0.0
202300018410,155 647 939,A01,2,7,9,0,1,15,1,0.0
202300018411,155 647 937,C01,2,7,0,2,6,2,1,0.0
202300018411,155 647 938,A01,2,7,0,2,1,1,1,0.0
202300018411,155 647 940,B01,2,7,0,2,1,2,1,0.0
202300018412,155 647 936,A01,0,31,15,0,1,15,1,0.0
202300018413,155 647 935,A01,1,7,0,1,3,1,1,0.0
202300018414,155 647 931,A01,1,33,0,2,1,2,1,0.0
202300018414,155 647 934,B01,1,1,0,2,4,11,5,0.0
202300018415,155 647 929,B01,2,7,0,2,7,12,1,0.0
202300018415,155 647 933,A01,2,7,0,2,3,1,1,0.0
202300018416,155 647 930,B01,0,50,0,2,1,1,3,0.0
202300018416,155 647 932,A01,1,7,0,2,2,15,1,0.0
202300018417,155 647 927,A01,2,7,0,1,2,1,1,0.0
202300018418,155 647 925,A01,2,7,0,2,8,13,1,0.0
202300018418,155 647 928,B01,2,15,0,2,2,1,1,0.0
202300018419,155 647 923,C01,1,7,0,2,1,1,1,0.0
202300018419,155 647 924,B01,1,7,0,2,1,1,1,0.0
202300018419,155 647 926,A01,1,7,0,2,4,23,1,0.0
202300018420,155 647 920,B01,1,50,0,2,1,25,3,0.0
202300018420,155 647 922,A01,1,7,0,2,2,9,1,0.0
202300018421,155 647 918,A01,1,7,0,2,5,12,0,0.0
202300018421,155 647 921,B01,1,33,0,2,1,1,1,0.0
202300018422,155 647 917,A01,3,7,0,2,1,16,1,0.0
202300018422,155 647 919,B01,3,1,0,2,3,1,5,0.0
202300018423,155 647 915,A01,2,7,0,2,1,2,1,0.0
202300018423,155 647 916,B01,2,7,0,2,4,2,1,0.0
202300018424,155 647 913,A01,2,7,0,1,1,1,1,0.0
202300018425,155 647 908,B01,3,1,0,2,1,19,5,0.0
202300018425,155 647 911,A01,3,7,0,9,3,19,1,0.0
202300018426,155 647 906,D01,1,7,4,2,8,2,1,0.0
202300018426,155 647 907,E01,1,7,4,2,6,0,3,0.0
202300018426,155 647 910,A01,1,17,4,2,1,2,1,0.0
202300018426,155 647 912,B01,1,7,4,2,9,2,1,0.0
202300018426,155 647 914,C01,1,7,4,2,4,2,1,0.0
202300018427,155 647 905,B01,1,1,0,2,3,1,5,0.0
202300018427,155 647 909,A01,1,7,0,2,2,16,1,0.0
202300018428,155 647 902,A01,1,7,5,2,5,1,1,0.0
202300018428,155 647 904,B01,2,10,0,2,3,1,1,0.0
202300018429,155 647 900,A01,2,33,0,2,1,3,1,0.0
202300018429,155 647 903,B01,2,7,0,2,5,1,1,0.0
202300018430,155 647 899,B01,1,31,0,2,8,23,1,0.0
202300018430,155 647 901,A01,1,37,0,2,2,15,1,1.0
202300018431,155 647 897,A01,3,7,0,0,1,1,0,0.0
202300018432,155 647 894,A01,2,7,0,2,1,1,1,0.0
202300018432,155 647 896,B01,2,7,0,2,0,0,1,0.0
202300018432,155 647 898,C01,2,7,0,2,0,0,1,0.0
202300018433,155 647 891,A01,2,7,0,2,1,2,0,0.0
202300018433,155 647 893,B01,2,7,0,2,0,0,1,0.0
202300018434,155 647 888,A01,2,10,0,2,3,11,1,0.0
202300018434,155 647 890,B01,2,42,0,2,2,26,1,0.0
202300018435,155 647 887,A01,1,7,2,0,8,14,1,0.0
202300018436,155 647 886,A01,2,7,0,2,3,0,1,0.0
202300018436,155 647 889,B01,2,7,0,2,2,1,1,0.0
202300018437,155 647 880,B01,1,7,0,2,4,2,1,0.0
202300018437,155 647 883,A01,1,7,0,2,1,2,1,0.0
202300018438,155 647 882,A01,3,50,0,2,7,15,3,0.0
202300018438,155 647 885,B01,3,7,0,2,1,1,1,0.0
202300018439,155 647 881,A01,1,7,4,2,1,1,1,0.0
202300018439,155 647 884,B01,1,7,4,2,5,1,1,0.0
202300018440,155 647 878,A01,2,7,13,0,1,17,1,0.0
202300018441,155 647 879,A01,2,33,1,0,1,19,1,0.0
202300018442,155 647 875,A01,2,10,0,2,3,2,1,0.0
202300018442,155 647 876,B01,2,7,0,2,4,2,1,0.0
202300018442,155 647 877,C01,2,7,0,2,6,2,1,0.0
202300018443,155 647 872,A01,3,50,0,2,1,25,3,0.0
202300018443,155 647 873,B01,3,7,0,2,7,16,1,0.0
202300018444,155 647 871,B01,1,50,0,2,1,9,3,0.0
202300018444,155 647 874,A01,1,21,0,2,6,9,4,0.0
202300018445,155 647 870,A01,2,7,7,0,2,14,1,0.0
202300018446,155 647 869,Z01,2,10,0,0,0,0,1,0.0
202300018447,155 647 867,A01,3,7,0,1,4,20,1,0.0
202300018448,155 647 866,A01,1,7,4,0,2,1,1,0.0
202300018449,155 647 863,A01,0,10,1,0,6,20,1,0.0
202300018449,155 647 865,B01,3,10,0,2,2,2,1,0.0
202300018450,155 647 862,A01,1,7,0,2,3,21,1,0.0
202300018450,155 647 864,B01,2,34,0,2,3,1,1,0.0
202300018451,155 647 860,B01,1,7,0,2,1,1,1,0.0
202300018451,155 647 861,A01,1,7,0,2,4,1,1,0.0
202300018452,155 647 856,B01,3,7,0,2,7,1,1,0.0
202300018452,155 647 859,A01,3,10,0,2,3,1,0,0.0
202300018453,155 647 857,A01,2,80,0,2,4,11,3,0.0
202300018453,155 647 858,B01,2,31,0,2,7,13,3,0.0
202300018454,155 647 855,A01,3,7,0,1,3,1,2,0.0
202300018455,155 647 852,A01,1,7,0,1,1,16,1,0.0
202300018456,155 647 853,B01,2,33,0,2,1,1,1,0.0
202300018456,155 647 854,A01,2,7,0,2,6,15,1,0.0
202300018457,155 647 850,B01,2,50,0,2,8,2,3,0.0
202300018457,155 647 851,A01,2,15,0,2,7,2,1,0.0
202300018458,155 647 847,A01,3,10,0,2,3,24,1,0.0
202300018458,155 647 849,B01,1,50,1,2,1,1,3,0.0
202300018459,155 647 846,A01,3,1,0,2,1,19,5,0.0
202300018459,155 647 848,B01,3,7,0,9,5,0,1,0.0
202300018460,155 647 845,A01,2,40,0,1,7,1,3,0.0
202300018461,155 647 844,A01,1,7,0,1,1,1,1,0.0
202300018462,155 647 841,B01,2,1,0,2,7,1,5,0.0
202300018462,155 647 843,A01,3,7,0,2,3,16,2,0.0
202300018463,155 647 840,A01,1,2,0,2,1,13,3,0.0
202300018463,155 647 842,B01,1,10,0,2,5,1,1,0.0
202300018464,155 647 839,A01,2,7,0,0,7,15,1,0.0
202300018465,155 647 838,A01,1,7,0,1,1,9,1,0.0
202300018466,155 647 837,A01,1,10,0,1,2,16,1,0.0
202300018467,155 647 834,A01,3,7,0,2,1,19,1,0.0
202300018467,155 647 836,B01,0,7,0,2,1,0,1,0.0
202300018468,155 647 833,A01,3,7,0,0,0,0,1,0.0
202300018468,155 647 835,B01,3,50,0,0,0,0,3,0.0
202300018469,155 647 830,A01,2,1,0,0,1,1,5,0.0
202300018470,155 647 831,A01,2,7,0,2,5,22,1,0.0
202300018470,155 647 832,B01,1,1,0,2,1,18,5,0.0
202300018471,155 647 828,A01,1,7,1,0,2,1,1,0.0
202300018472,155 647 827,A01,2,7,0,0,4,0,1,0.0
202300018472,155 647 829,B01,1,10,0,2,1,26,1,0.0
202300018473,155 647 824,A01,2,7,0,2,3,10,1,0.0
202300018473,155 647 825,B01,2,32,0,2,2,17,1,0.0
202300018474,155 647 821,B01,3,32,0,0,1,1,1,0.0
202300018474,155 647 823,A01,3,7,0,2,3,9,1,0.0
202300018475,155 647 822,A01,1,7,0,1,1,1,1,0.0
202300018476,155 647 817,A01,3,80,0,2,2,9,3,0.0
202300018476,155 647 820,B01,3,7,0,2,1,1,1,0.0
202300018477,155 647 818,B01,1,1,0,2,2,14,5,0.0
202300018477,155 647 819,A01,1,10,0,2,3,1,1,0.0
202300018478,155 647 815,A01,1,7,0,1,2,16,1,0.0
202300018479,155 647 813,A01,1,7,0,1,1,1,1,0.0
202300018480,155 647 811,A01,2,7,0,1,2,1,1,0.0
202300018481,155 647 809,A01,2,7,3,2,8,11,1,0.0
202300018481,155 647 812,B01,2,7,0,2,2,0,1,0.0
202300018482,155 647 808,A01,1,7,6,0,1,26,1,0.0
202300018483,155 647 804,B01,3,10,0,2,6,9,1,0.0
202300018483,155 647 807,A01,3,33,0,2,1,17,1,0.0
202300018484,155 647 803,Z01,1,32,0,2,0,17,0,0.0
202300018484,155 647 805,A01,1,7,2,2,6,15,1,0.0
202300018485,155 647 802,A01,1,1,0,2,4,19,5,0.0
202300018485,155 647 806,B01,1,33,0,2,1,1,1,0.0
202300018486,155 647 799,A01,1,7,0,0,9,26,1,0.0
202300018487,155 647 798,A01,2,7,0,2,8,1,1,0.0
202300018487,155 647 801,B01,1,7,0,2,1,1,1,0.0
202300018488,155 647 796,B01,3,37,0,2,1,1,1,1.0
202300018488,155 647 800,A01,3,7,0,2,3,19,1,0.0
202300018489,155 647 797,A01,2,1,0,0,1,21,5,0.0
202300018490,155 647 793,A01,2,33,5,0,1,16,1,0.0
202300018491,155 647 791,A01,3,7,14,0,8,26,1,0.0
202300018491,155 647 795,B01,3,7,0,2,8,23,1,0.0
202300018492,155 647 790,A01,1,1,0,2,3,9,5,0.0
202300018492,155 647 792,B01,2,33,0,2,3,1,1,0.0
202300018493,155 647 789,A01,3,10,0,2,3,9,1,0.0
202300018493,155 647 794,B01,3,50,0,2,1,9,3,0.0
202300018494,155 647 786,B01,2,30,0,2,1,1,1,0.0
202300018494,155 647 788,A01,2,7,0,2,8,10,1,0.0
202300018495,155 647 785,A01,3,7,0,2,1,1,1,0.0
202300018495,155 647 787,B01,3,1,0,2,1,1,5,0.0
202300018496,155 647 784,A01,1,7,0,1,1,1,3,0.0
202300018497,155 647 781,A01,1,43,0,1,1,2,1,0.0
202300018498,155 647 782,A01,2,7,0,2,2,15,1,0.0
202300018498,155 647 783,B01,1,7,0,2,1,1,1,0.0
202300018499,155 647 779,A01,3,7,0,1,1,1,1,0.0
202300018500,155 647 778,B01,0,50,0,0,0,19,3,0.0
202300018500,155 647 780,A01,0,7,8,0,1,21,1,0.0
202300018501,155 647 775,A01,0,2,0,0,0,1,1,0.0
202300018502,155 647 773,A01,1,31,0,2,7,1,1,0.0
202300018502,155 647 777,B01,1,7,0,2,3,1,2,0.0
202300018503,155 647 772,B01,1,7,0,2,1,1,1,0.0
202300018503,155 647 774,A01,2,7,9,2,5,15,1,0.0
202300018504,155 647 771,B01,2,2,0,2,7,0,1,0.0
202300018504,155 647 776,A01,1,7,0,2,2,15,1,0.0
202300018505,155 647 770,A01,1,30,14,0,1,1,1,0.0
202300018506,155 647 768,B01,2,7,0,0,6,11,1,0.0
202300018506,155 647 769,A01,0,30,0,2,0,3,1,0.0
202300018507,155 647 767,A01,1,41,0,1,1,16,1,0.0
202300018508,155 647 764,A01,1,7,0,2,2,17,1,0.0
202300018508,155 647 766,B01,1,2,0,2,6,1,1,0.0
202300018509,155 647 763,A01,1,7,0,2,0,1,1,0.0
202300018509,155 647 765,B01,1,32,0,2,0,0,1,0.0
202300018510,155 647 759,A01,2,7,0,1,3,1,1,0.0
202300018511,155 647 762,A01,1,7,0,1,8,1,1,0.0
202300018512,155 647 760,Z01,1,7,0,1,1,15,1,0.0
202300018513,155 647 758,A01,1,7,0,2,3,22,1,0.0
202300018513,155 647 761,B01,1,1,1,0,1,1,5,0.0
202300018514,155 647 756,Z01,2,7,0,2,1,2,1,0.0
202300018514,155 647 757,B01,2,7,0,2,4,2,1,0.0
202300018515,155 647 755,A01,2,1,0,0,0,1,5,0.0
202300018516,155 647 752,B01,1,7,0,2,5,1,0,0.0
202300018516,155 647 754,A01,1,7,0,2,3,1,0,0.0
202300018517,155 647 750,A01,3,7,0,2,1,1,1,0.0
202300018517,155 647 753,B01,3,7,0,2,4,1,1,0.0
202300018518,155 647 749,A01,1,7,1,0,2,0,1,0.0
202300018519,155 647 748,B01,3,1,0,2,7,1,5,0.0
202300018519,155 647 751,A01,1,7,0,2,3,9,1,0.0
202300018520,155 647 743,A01,1,7,0,1,1,2,0,0.0
202300018521,155 647 741,A01,2,7,0,2,6,15,1,0.0
202300018521,155 647 747,B01,1,2,0,2,1,1,1,0.0
202300018522,155 647 740,A01,2,7,0,2,3,10,1,0.0
202300018522,155 647 744,B01,2,32,0,2,1,2,1,0.0
202300018523,155 647 739,B01,2,7,0,2,8,11,1,0.0
202300018523,155 647 746,A01,2,7,8,2,7,1,1,0.0
202300018524,155 647 738,B01,1,32,0,2,9,21,1,0.0
202300018524,155 647 742,C01,1,7,0,2,4,21,2,0.0
202300018524,155 647 745,A01,1,15,0,2,4,1,1,0.0
202300018525,155 647 734,A01,3,37,0,2,0,1,2,4.0
202300018526,155 647 736,A01,2,2,0,0,7,16,3,0.0
202300018527,155 647 735,A01,1,7,0,1,1,1,1,0.0
202300018528,155 647 733,B01,2,33,0,2,3,1,1,0.0
202300018528,155 647 737,A01,2,7,0,2,2,14,1,0.0
202300018529,155 647 731,A01,3,7,2,0,1,14,1,0.0
202300018530,155 647 727,A01,1,7,0,2,7,12,2,0.0
202300018530,155 647 732,B01,1,33,0,2,8,1,1,0.0
202300018531,155 647 728,A01,1,33,0,1,1,3,1,0.0
202300018532,155 647 726,A01,1,7,0,2,2,16,1,0.0
202300018532,155 647 730,B01,1,50,0,2,1,18,3,0.0
202300018533,155 647 723,B01,1,13,12,0,8,24,1,0.0
202300018533,155 647 725,A01,1,50,1,0,1,21,3,0.0
202300018533,155 647 729,C01,1,7,0,2,2,1,1,0.0
202300018534,155 647 722,B01,2,33,0,2,8,1,0,0.0
202300018534,155 647 724,A01,1,7,0,2,2,15,0,0.0
202300018535,155 647 718,A01,1,31,8,0,1,1,1,0.0
202300018536,155 647 720,Z01,1,7,0,1,1,26,0,0.0
202300018537,155 647 719,A01,1,7,0,2,2,12,1,0.0
202300018537,155 647 721,B01,1,33,0,2,0,0,1,0.0
202300018538,155 647 716,A01,0,34,0,1,1,0,0,0.0
202300018539,155 647 715,A01,1,31,6,0,1,13,1,0.0
202300018540,155 647 714,A01,3,33,0,2,3,1,1,0.0
202300018540,155 647 717,B01,3,7,0,2,3,15,1,0.0
202300018541,155 647 711,A01,1,7,0,2,1,5,1,0.0
202300018541,155 647 713,B01,2,7,0,2,1,1,1,0.0
202300018542,155 647 709,A01,1,7,0,1,1,16,1,0.0
202300018543,155 647 708,A01,1,7,0,2,1,0,2,0.0
202300018543,155 647 712,B01,1,43,0,2,8,0,1,0.0
202300018544,155 647 706,A01,1,10,0,2,2,12,1,0.0
202300018544,155 647 710,B01,1,7,0,2,3,1,0,0.0
202300018545,155 647 704,B01,1,33,0,2,1,1,0,0.0
202300018545,155 647 707,A01,1,7,0,2,3,10,1,0.0
202300018546,155 647 703,A01,1,7,6,0,1,14,1,0.0
202300018547,155 647 702,B01,3,7,0,2,1,9,1,0.0
202300018547,155 647 705,A01,3,43,0,2,1,1,1,0.0
202300018548,155 647 701,A01,2,7,0,1,1,16,1,0.0
202300018549,155 647 696,A01,2,30,0,2,1,2,1,0.0
202300018549,155 647 699,B01,2,7,0,2,4,1,1,0.0
202300018550,155 647 698,A01,1,7,0,2,1,2,1,0.0
202300018550,155 647 700,B01,1,10,0,2,4,2,1,0.0
202300018551,155 647 694,A01,1,50,0,1,1,1,3,0.0
202300018552,155 647 691,A01,1,7,0,2,1,5,1,0.0
202300018552,155 647 693,B01,2,7,0,2,1,1,3,0.0
202300018553,155 647 689,B01,1,7,0,2,2,1,1,0.0
202300018553,155 647 695,A01,1,7,0,2,1,1,1,0.0
202300018553,155 647 697,C01,1,7,8,0,8,1,1,0.0
202300018554,155 647 688,A01,2,33,0,2,1,9,1,0.0
202300018554,155 647 692,B01,1,7,0,2,3,9,1,0.0
202300018555,155 647 686,A01,2,33,0,2,2,3,1,0.0
202300018555,155 647 690,B01,2,10,0,2,6,11,1,0.0
202300018556,155 647 685,A01,0,34,0,2,1,1,1,0.0
202300018556,155 647 687,B01,3,7,1,0,5,15,1,0.0
202300018557,155 647 680,A01,1,34,0,2,3,13,1,0.0
202300018557,155 647 683,B01,2,32,0,2,3,1,1,0.0
202300018558,155 647 679,A01,2,33,0,2,3,3,0,0.0
202300018558,155 647 681,B01,2,7,0,2,7,12,1,0.0
202300018559,155 647 673,A01,2,7,0,2,1,9,1,0.0
202300018559,155 647 677,B01,2,7,0,2,7,1,1,0.0
202300018560,155 647 676,A01,1,7,0,2,1,15,1,0.0
202300018560,155 647 678,B01,2,7,0,2,8,1,1,0.0
202300018561,155 647 675,A01,2,7,4,0,1,1,1,0.0
202300018562,155 647 668,B01,0,50,0,2,3,1,3,0.0
202300018562,155 647 670,A01,0,7,0,2,0,1,0,0.0
202300018563,155 647 666,A01,2,34,0,2,1,17,0,0.0
202300018564,155 647 664,B01,3,7,0,2,8,1,1,0.0
202300018564,155 647 667,A01,3,7,0,1,1,1,1,0.0
202300018565,155 647 663,A01,1,7,4,0,3,1,1,0.0
202300018566,155 647 662,A01,1,7,0,1,2,1,1,0.0
202300018567,155 647 661,C01,1,7,13,2,3,1,1,0.0
202300018567,155 647 665,A01,1,7,13,2,1,14,1,0.0
202300018567,155 647 669,B01,1,7,13,2,4,1,1,0.0
202300018568,155 647 660,A01,2,10,0,1,2,2,1,0.0
202300018569,155 647 658,A01,1,7,0,1,2,1,0,0.0
202300018570,155 647 656,B01,3,1,0,2,1,0,5,0.0
202300018570,155 647 659,A01,2,7,0,2,3,0,1,0.0
202300018571,155 647 655,A01,2,7,12,2,1,2,2,0.0
202300018571,155 647 657,B01,2,14,12,9,5,2,1,0.0
202300018572,155 647 652,B01,2,7,0,2,4,11,6,0.0
202300018572,155 647 654,A01,2,43,0,2,1,3,1,0.0
202300018573,155 647 650,A01,1,7,0,2,3,15,1,0.0
202300018573,155 647 653,B01,1,32,0,2,2,1,3,0.0
202300018574,155 647 648,A01,0,7,0,2,1,1,0,0.0
202300018574,155 647 651,B01,3,7,0,0,0,0,0,0.0
202300018575,155 647 649,A01,1,7,0,1,1,1,0,0.0
202300018576,155 647 644,A01,1,7,17,0,2,1,1,0.0
202300018577,155 647 646,B01,3,50,0,2,1,1,3,0.0
202300018577,155 647 647,A01,3,7,0,2,2,15,1,0.0
202300018578,155 647 641,A01,1,33,0,0,0,3,1,0.0
202300018578,155 647 645,B01,1,10,0,0,0,1,1,0.0
202300018579,155 647 640,A01,2,7,0,2,2,19,1,0.0
202300018579,155 647 643,B01,3,1,0,2,1,19,5,0.0
202300018580,155 647 639,A01,1,7,0,2,1,1,1,0.0
202300018580,155 647 642,B01,1,2,0,0,4,1,1,0.0
202300018581,155 647 636,B01,1,10,13,2,1,1,1,0.0
202300018581,155 647 637,A01,2,10,0,2,8,1,1,0.0
202300018582,155 647 631,A01,0,7,0,0,4,23,1,0.0
202300018582,155 647 634,B01,3,10,0,2,1,2,1,0.0
202300018582,155 647 638,C01,3,43,0,2,8,18,1,0.0
202300018583,155 647 632,A01,1,7,0,2,1,1,1,0.0
202300018583,155 647 635,B01,1,10,0,2,4,1,1,0.0
202300018584,155 647 627,B01,3,50,0,0,0,0,3,0.0
202300018584,155 647 630,A01,1,7,0,2,3,1,1,0.0
202300018585,155 647 626,A01,3,7,0,2,3,15,1,0.0
202300018585,155 647 629,B01,3,7,0,2,3,1,0,0.0
202300018586,155 647 628,A01,1,33,13,0,9,1,1,0.0
202300018587,155 647 624,A01,1,38,0,1,2,1,1,1.0
202300018588,155 647 623,A01,3,7,0,2,3,13,1,0.0
202300018588,155 647 625,B01,3,7,0,2,3,1,1,0.0
202300018589,155 647 620,Z01,1,1,0,1,1,1,5,0.0
202300018590,155 647 621,A01,0,1,9,0,1,1,5,0.0
202300018591,155 647 617,A01,0,7,0,2,1,2,1,0.0
202300018591,155 647 622,B01,0,32,0,2,1,2,1,0.0
202300018592,155 647 616,B01,2,7,0,2,4,13,1,0.0
202300018592,155 647 619,A01,2,7,0,2,1,1,1,0.0
202300018593,155 647 613,Z01,1,32,0,1,8,1,1,0.0
202300018594,155 647 615,A01,2,2,0,2,1,17,1,0.0
202300018594,155 647 618,B01,1,3,0,2,1,15,1,0.0
202300018595,155 647 614,A01,1,7,1,0,1,1,1,0.0
202300018596,155 647 610,A01,1,34,0,1,2,2,1,0.0
202300018597,155 647 607,B01,2,31,0,2,1,1,0,0.0
202300018597,155 647 611,A01,2,7,0,2,5,16,1,0.0
202300018598,155 647 609,A01,0,7,1,0,1,26,1,0.0
202300018599,155 647 606,A01,1,7,1,0,7,13,1,0.0
202300018599,155 647 612,B01,3,10,0,2,7,23,1,0.0
202300018600,155 647 605,B01,3,1,0,2,0,1,5,0.0
202300018600,155 647 608,Z01,3,7,0,2,1,1,0,0.0
202300018601,155 647 603,B01,1,7,0,2,4,1,1,0.0
202300018601,155 647 604,A01,1,33,0,2,1,1,1,0.0
202300018602,155 647 602,A01,1,7,2,0,3,1,1,0.0
202300018603,155 647 599,A01,2,33,0,2,3,18,1,0.0
202300018603,155 647 601,B01,2,7,0,2,2,16,1,0.0
202300018604,155 647 595,A01,3,7,0,2,1,15,1,0.0
202300018604,155 647 598,B01,3,30,0,2,1,1,0,0.0
202300018605,155 647 597,A01,0,37,0,2,2,16,1,1.0