num_acc,id_vehicule,num_veh,senc,catv,obs,obsm,choc,manv,motor,occutc
202300019101,155 646 694,B01,1,7,0,2,3,1,1,0.0
202300019101,155 646 696,A01,2,7,0,2,1,15,1,0.0
202300019102,155 646 689,B01,3,50,0,2,4,1,3,0.0
202300019102,155 646 691,A01,0,7,0,9,3,1,1,0.0
202300019103,155 646 690,B01,1,7,0,2,7,26,1,0.0
202300019103,155 646 692,A01,2,7,0,2,1,9,1,0.0
202300019104,155 646 693,A01,0,7,6,0,1,1,1,0.0
202300019105,155 646 688,A01,1,1,0,1,1,1,5,0.0
202300019106,155 646 686,A01,3,31,0,2,1,25,1,0.0
202300019106,155 646 687,B01,3,7,0,2,2,26,1,0.0
202300019107,155 646 683,B01,3,37,0,2,3,1,1,1.0
202300019107,155 646 684,A01,3,7,0,2,1,13,1,0.0
202300019108,155 646 685,A01,1,33,13,0,8,1,1,0.0
202300019109,155 646 681,A01,3,7,6,0,1,26,6,0.0
202300019110,155 646 680,A01,1,31,0,2,3,1,1,0.0
202300019110,155 646 682,Z01,1,7,0,2,1,15,1,0.0
202300019111,155 646 677,A01,1,30,0,0,3,15,1,0.0
202300019112,155 646 676,Z01,2,7,0,2,1,1,0,0.0
202300019112,155 646 678,B01,2,7,0,2,6,23,1,0.0
202300019113,155 646 672,B01,1,33,0,0,0,0,0,0.0
202300019113,155 646 675,A01,1,7,0,2,0,13,0,0.0
202300019114,155 646 673,A01,1,7,0,2,3,13,1,0.0
202300019114,155 646 679,B01,2,33,0,2,1,1,1,0.0
202300019115,155 646 671,B01,2,7,0,0,0,0,1,0.0
202300019115,155 646 674,A01,1,7,0,0,7,1,1,0.0
202300019116,155 646 668,A01,1,7,13,0,0,1,1,0.0
202300019117,155 646 667,A01,1,7,0,2,3,15,1,0.0
202300019117,155 646 670,B01,2,33,0,2,3,1,1,0.0
202300019118,155 646 666,B01,2,1,0,2,1,1,5,0.0
202300019118,155 646 669,A01,1,7,0,2,7,15,1,0.0
202300019119,155 646 663,A01,1,10,0,1,2,2,1,0.0
202300019120,155 646 662,A01,1,7,0,2,8,15,1,0.0
202300019120,155 646 665,B01,1,7,0,2,1,5,1,0.0
202300019121,155 646 664,A01,3,7,0,1,8,1,1,0.0
202300019122,155 646 659,A01,1,7,0,2,3,15,1,0.0
202300019122,155 646 661,B01,1,1,0,2,1,1,5,0.0
202300019123,155 646 658,B01,3,33,0,2,8,0,1,0.0
202300019123,155 646 660,A01,3,7,0,2,8,0,1,0.0
202300019124,155 646 656,A01,3,30,0,0,0,1,1,0.0
202300019125,155 646 657,A01,0,7,0,1,1,1,1,0.0
202300019126,155 646 655,A01,2,7,0,0,9,1,1,0.0
202300019127,155 646 652,B01,3,1,0,2,0,1,5,0.0
202300019127,155 646 654,A01,3,7,0,2,0,1,0,0.0
202300019128,155 646 653,A01,3,7,0,1,8,1,3,0.0
202300019129,155 646 649,A01,3,7,2,0,1,1,1,0.0
202300019130,155 646 648,A01,1,7,6,0,1,13,1,0.0
202300019131,155 646 644,A01,2,7,0,2,3,19,1,0.0
202300019131,155 646 646,B01,1,50,0,2,7,1,3,0.0
202300019132,155 646 645,A01,3,7,0,2,1,1,1,0.0
202300019132,155 646 647,B01,3,50,0,2,7,19,3,0.0
202300019133,155 646 643,A01,2,7,0,1,2,1,1,0.0
202300019134,155 646 642,A01,2,2,6,0,2,0,1,0.0
202300019135,155 646 640,A01,2,17,0,2,2,17,1,0.0
202300019135,155 646 641,B01,2,1,0,2,8,11,5,0.0
202300019136,155 646 639,A01,0,7,3,0,1,1,1,0.0
202300019137,155 646 637,B01,1,7,0,2,1,1,1,0.0
202300019137,155 646 638,A01,2,7,0,2,1,15,1,0.0
202300019138,155 646 633,A01,1,3,4,0,9,0,1,0.0
202300019138,155 646 634,B01,1,10,0,2,2,0,1,0.0
202300019139,155 646 631,A01,2,7,0,2,3,1,1,0.0
202300019139,155 646 632,B01,1,7,0,2,8,1,1,0.0
202300019139,155 646 635,C01,1,7,0,2,3,1,1,0.0
202300019139,155 646 636,D01,1,3,3,2,8,1,1,0.0
202300019140,155 646 630,A01,0,7,0,1,1,26,1,0.0
202300019141,155 646 628,B01,3,2,0,2,8,1,1,0.0
202300019141,155 646 629,A01,3,7,0,2,1,1,1,0.0
202300019142,155 646 627,A01,0,7,0,1,1,19,1,0.0
202300019143,155 646 623,B01,1,7,1,2,1,0,0,0.0
202300019143,155 646 625,A01,2,7,0,2,3,24,1,0.0
202300019144,155 646 622,B01,1,13,0,2,8,1,1,0.0
202300019144,155 646 624,A01,1,10,0,2,1,1,1,0.0
202300019144,155 646 626,C01,2,10,0,0,3,23,1,0.0
202300019145,155 646 620,A01,3,7,0,2,3,15,1,0.0
202300019145,155 646 621,B01,3,33,0,2,3,1,1,0.0
202300019146,155 646 619,A01,3,7,1,0,2,1,2,0.0
202300019147,155 646 618,A01,1,7,0,1,1,15,1,0.0
202300019148,155 646 617,A01,1,7,3,0,1,9,1,0.0
202300019149,155 646 613,B01,2,1,0,2,1,17,5,0.0
202300019149,155 646 614,A01,2,7,0,2,8,22,0,0.0
202300019150,155 646 612,B01,1,7,0,2,4,1,1,0.0
202300019150,155 646 615,C01,1,7,0,2,1,1,1,0.0
202300019150,155 646 616,A01,1,10,0,2,6,1,1,0.0
202300019151,155 646 608,A01,2,7,0,2,1,1,1,0.0
202300019151,155 646 610,B01,2,7,0,2,4,1,1,0.0
202300019151,155 646 611,C01,2,10,0,2,1,0,1,0.0
202300019152,155 646 607,B01,2,7,0,2,8,1,1,0.0
202300019152,155 646 609,A01,2,17,0,2,2,12,1,0.0
202300019153,155 646 604,A01,3,7,0,2,3,21,1,0.0
202300019153,155 646 606,B01,3,7,0,2,1,19,1,0.0
202300019154,155 646 603,Z01,1,7,0,2,0,0,0,0.0
202300019154,155 646 605,A01,1,7,0,2,7,1,3,0.0
202300019155,155 646 602,A01,3,7,0,1,1,2,1,0.0
202300019156,155 646 600,Z01,3,7,0,1,1,15,1,0.0
202300019157,155 646 601,A01,2,7,3,0,1,1,1,0.0
202300019158,155 646 598,A01,0,7,0,2,2,15,1,0.0
202300019158,155 646 599,B01,0,43,0,2,1,1,1,0.0
202300019159,155 646 595,A01,3,10,0,1,1,2,1,0.0
202300019160,155 646 596,A01,1,7,0,2,3,11,1,0.0
202300019160,155 646 597,B01,1,7,0,2,5,1,1,0.0
202300019161,155 646 591,B01,1,14,0,2,2,1,1,0.0
202300019161,155 646 592,C01,1,7,0,2,4,1,1,0.0
202300019161,155 646 594,A01,1,7,0,2,0,1,1,0.0
202300019162,155 646 590,A01,2,15,0,2,2,14,1,0.0
202300019162,155 646 593,B01,2,7,0,2,3,1,1,0.0
202300019163,155 646 587,B01,1,50,0,2,4,1,3,0.0
202300019163,155 646 589,A01,1,10,0,2,1,1,1,0.0
202300019164,155 646 584,C01,1,7,0,2,4,1,1,0.0
202300019164,155 646 585,B01,1,7,0,2,4,1,1,0.0
202300019164,155 646 586,A01,1,7,0,2,1,1,1,0.0
202300019165,155 646 580,A01,2,99,0,2,1,15,1,0.0
202300019165,155 646 581,B01,2,30,0,2,1,15,1,0.0
202300019166,155 646 582,B01,2,10,0,2,4,2,1,0.0
202300019166,155 646 583,C01,2,7,0,2,1,2,1,0.0
202300019166,155 646 588,A01,2,7,0,2,1,2,1,0.0
202300019167,155 646 577,A01,1,7,0,2,7,1,1,0.0
202300019167,155 646 579,B01,1,10,0,2,1,1,1,0.0
202300019168,155 646 576,A01,1,7,0,2,3,11,1,0.0
202300019168,155 646 578,B01,1,7,0,2,2,1,1,0.0
202300019169,155 646 575,A01,2,1,0,1,4,5,5,0.0
202300019170,155 646 573,Z01,2,50,0,1,1,1,3,0.0
202300019171,155 646 570,A01,2,30,0,1,1,1,1,0.0
202300019172,155 646 566,A01,3,43,0,2,1,1,1,0.0
202300019172,155 646 567,B01,3,7,0,2,8,1,1,0.0
202300019173,155 646 568,B01,2,10,0,2,5,2,1,0.0
202300019173,155 646 569,C01,2,33,0,2,1,1,1,0.0
202300019173,155 646 571,D01,2,10,0,2,1,2,1,0.0
202300019173,155 646 572,E01,2,10,0,2,4,2,1,0.0
202300019173,155 646 574,A01,2,7,0,2,1,2,1,0.0
202300019174,155 646 561,A01,1,80,0,1,1,1,3,0.0
202300019175,155 646 560,B01,1,7,0,2,4,2,1,0.0
202300019175,155 646 562,C01,1,7,0,2,4,2,1,0.0
202300019175,155 646 563,A01,1,10,0,2,1,1,1,0.0
202300019176,155 646 558,B01,2,60,0,2,8,19,5,0.0
202300019176,155 646 559,A01,2,7,0,2,2,16,2,0.0
202300019177,155 646 556,A01,2,7,0,2,1,1,1,0.0
202300019177,155 646 557,B01,2,7,0,2,4,1,1,0.0
202300019178,155 646 554,A01,1,7,0,2,1,1,3,0.0
202300019178,155 646 555,B01,1,31,0,2,4,23,1,0.0
202300019179,155 646 552,T01,2,7,0,1,2,21,1,0.0
202300019180,155 646 551,A01,1,40,0,2,5,1,3,0.0
202300019180,155 646 553,Z01,2,7,0,4,1,9,2,0.0
202300019181,155 646 550,A01,1,33,0,0,7,1,1,0.0
202300019182,155 646 548,B01,2,30,0,2,2,17,1,0.0
202300019182,155 646 549,A01,2,7,0,2,3,11,1,0.0
202300019183,155 646 546,A01,1,7,11,0,1,13,1,0.0
202300019184,155 646 542,B01,3,7,0,2,6,1,1,0.0
202300019184,155 646 543,A01,3,33,0,2,1,1,1,0.0
202300019185,155 646 541,B01,1,10,0,2,4,2,1,0.0
202300019185,155 646 544,C01,1,7,0,2,4,2,1,0.0
202300019185,155 646 545,D01,1,7,0,2,4,2,1,0.0
202300019185,155 646 547,A01,1,10,0,2,1,2,1,0.0
202300019186,155 646 540,A01,2,30,7,0,1,17,1,0.0
202300019187,155 646 538,B01,2,33,0,2,2,3,1,0.0
202300019187,155 646 539,A01,2,10,0,2,3,11,1,0.0
202300019188,155 646 536,B01,1,50,0,2,3,1,3,0.0
202300019188,155 646 537,A01,1,7,0,2,2,16,1,0.0
202300019189,155 646 534,A01,2,7,0,9,1,15,1,0.0
202300019189,155 646 535,B01,2,1,9,0,1,1,5,0.0
202300019190,155 646 532,B01,1,7,0,2,4,1,1,0.0
202300019190,155 646 533,A01,1,7,15,2,1,1,1,0.0
202300019191,155 646 531,A01,1,7,0,1,1,1,1,0.0
202300019192,155 646 529,A01,1,7,0,2,3,2,1,0.0
202300019192,155 646 530,B01,1,7,0,2,1,16,1,0.0
202300019193,155 646 528,A01,1,7,0,1,2,1,0,0.0
202300019194,155 646 526,A01,2,7,0,2,3,15,1,0.0
202300019194,155 646 527,B01,1,31,0,0,0,0,1,0.0
202300019195,155 646 524,B01,2,33,0,2,1,2,1,0.0
202300019195,155 646 525,A01,2,7,0,2,3,15,1,0.0
202300019196,155 646 522,A01,2,37,0,2,3,1,1,3.0
202300019196,155 646 523,B01,2,10,0,2,5,17,1,0.0
202300019197,155 646 521,A01,1,7,1,0,3,21,1,0.0
202300019198,155 646 519,B01,2,50,0,2,8,1,3,0.0
202300019198,155 646 520,A01,2,7,0,2,7,17,1,0.0
202300019199,155 646 517,A01,1,31,0,2,1,0,1,0.0
202300019199,155 646 518,B01,2,7,0,2,1,15,1,0.0
202300019200,155 646 516,A01,1,7,0,1,1,16,1,0.0
202300019201,155 646 515,A01,1,31,0,9,1,16,1,0.0
202300019202,155 646 514,A01,2,2,13,0,1,1,1,0.0
202300019203,155 646 513,A01,2,7,13,0,1,1,1,0.0
202300019204,155 646 512,A01,0,7,6,0,1,1,1,0.0
202300019205,155 646 510,B01,1,14,0,2,7,2,1,0.0
202300019205,155 646 511,A01,1,1,12,0,8,1,5,0.0
202300019206,155 646 508,A01,2,7,12,2,1,1,0,0.0
202300019206,155 646 509,B01,1,7,16,2,1,1,0,0.0
202300019207,155 646 506,B01,1,7,0,2,1,1,0,0.0
202300019207,155 646 507,A01,1,10,0,2,2,1,1,0.0
202300019208,155 646 505,A01,3,7,0,1,6,1,1,0.0
202300019209,155 646 503,B01,0,10,0,2,6,19,1,0.0
202300019209,155 646 504,A01,0,33,0,2,1,0,1,0.0
202300019210,155 646 502,A01,2,1,6,0,9,1,5,0.0
202300019211,155 646 501,A01,1,7,13,0,9,1,1,0.0
202300019212,155 646 500,A01,2,7,7,0,9,1,1,0.0
202300019213,155 646 499,A01,1,7,0,1,3,1,1,0.0
202300019214,155 646 498,A01,1,7,13,0,1,1,1,0.0
202300019215,155 646 497,A01,2,7,13,0,2,14,1,0.0
202300019216,155 646 495,B01,2,2,0,2,1,26,6,0.0
202300019216,155 646 496,A01,1,10,0,2,1,1,1,0.0
202300019217,155 646 494,A01,1,7,2,0,3,1,2,0.0
202300019218,155 646 492,A01,2,7,13,0,7,15,1,0.0
202300019218,155 646 493,B01,1,7,13,2,1,1,1,0.0
202300019219,155 646 489,A01,1,7,0,2,1,17,1,0.0
202300019219,155 646 490,B01,2,7,0,2,1,1,1,0.0
202300019219,155 646 491,C01,1,21,0,2,8,1,1,0.0
202300019220,155 646 487,A01,2,7,0,2,1,1,1,0.0
202300019220,155 646 488,B01,1,7,0,2,3,1,1,0.0
202300019221,155 646 485,A01,1,7,0,2,3,1,1,0.0
202300019221,155 646 486,B01,1,50,0,2,0,0,3,0.0
202300019222,155 646 484,A01,1,7,13,0,4,1,1,0.0
202300019223,155 646 482,B01,1,3,8,2,1,1,0,0.0
202300019223,155 646 483,A01,2,7,0,2,3,1,0,0.0
202300019224,155 646 480,B01,2,99,0,0,6,2,1,0.0
202300019224,155 646 481,A01,2,10,0,2,1,2,1,0.0
202300019225,155 646 479,A01,2,31,3,0,2,12,1,0.0
202300019226,155 646 478,A01,1,7,0,1,2,1,1,0.0
202300019227,155 646 476,B01,2,37,0,2,1,1,1,3.0
202300019227,155 646 477,A01,1,10,0,2,7,26,1,0.0
202300019228,155 646 474,A01,1,15,0,2,1,2,1,0.0
202300019228,155 646 475,B01,1,15,0,2,1,2,1,0.0
202300019229,155 646 471,C01,2,7,14,2,1,1,1,0.0
202300019229,155 646 472,A01,1,17,4,2,1,6,1,0.0
202300019229,155 646 473,B01,2,10,14,2,1,1,1,0.0
202300019230,155 646 469,A01,1,7,0,2,1,2,1,0.0
202300019230,155 646 470,B01,1,7,0,0,4,1,1,0.0
202300019231,155 646 468,A01,2,7,0,1,2,1,1,0.0
202300019232,155 646 467,A01,1,7,2,0,9,1,1,0.0
202300019233,155 646 464,A01,3,2,0,0,3,1,1,0.0
202300019234,155 646 463,A01,0,7,0,0,3,1,1,0.0
202300019235,155 646 462,A01,2,7,13,0,2,0,1,0.0
202300019236,155 646 460,B01,2,7,0,2,3,26,1,0.0
202300019236,155 646 461,A01,2,2,0,2,1,1,3,0.0
202300019237,155 646 458,B01,1,7,0,2,4,2,2,0.0
202300019237,155 646 459,Z01,1,7,0,2,1,2,1,0.0
202300019238,155 646 456,A01,2,7,0,2,3,11,1,0.0
202300019238,155 646 457,B01,2,7,0,2,5,1,0,0.0
202300019239,155 646 455,A01,1,7,0,5,1,1,1,0.0
202300019240,155 646 453,A01,1,32,0,2,1,3,1,0.0
202300019240,155 646 454,B01,1,7,0,2,5,12,1,0.0
202300019241,155 646 450,C01,1,7,0,2,1,1,1,0.0
202300019241,155 646 451,B01,1,7,0,2,4,12,1,0.0
202300019241,155 646 452,A01,1,7,0,2,1,12,1,0.0
202300019242,155 646 447,A01,1,15,0,2,1,1,1,0.0
202300019242,155 646 448,B01,1,7,0,2,4,1,2,0.0
202300019242,155 646 449,C01,1,15,0,2,4,1,1,0.0
202300019243,155 646 446,A01,1,7,3,0,1,26,1,0.0
202300019244,155 646 445,A01,3,7,0,1,1,15,1,0.0
202300019245,155 646 443,A01,1,7,0,9,1,9,1,0.0
202300019245,155 646 444,B01,1,1,0,2,4,1,5,0.0
202300019246,155 646 441,A01,2,14,0,2,1,2,1,0.0
202300019246,155 646 442,B01,2,7,0,2,4,23,1,0.0
202300019247,155 646 439,A01,1,10,0,2,1,1,1,0.0
202300019247,155 646 440,B01,1,10,0,2,4,1,1,0.0
202300019248,155 646 437,B01,1,33,0,2,1,2,1,0.0
202300019248,155 646 438,A01,1,10,0,2,3,11,1,0.0
202300019249,155 646 435,A01,1,7,0,2,3,3,1,0.0
202300019249,155 646 436,B01,1,50,0,2,5,1,3,0.0
202300019250,155 646 434,Z01,1,34,0,1,1,1,1,0.0
202300019251,155 646 432,B01,1,7,0,2,4,0,0,0.0
202300019251,155 646 433,A01,1,7,0,2,2,0,0,0.0
202300019252,155 646 429,A01,1,7,0,1,2,1,1,0.0
202300019253,155 646 427,B01,2,2,0,2,9,1,1,0.0
202300019253,155 646 428,A01,2,7,0,2,1,1,1,0.0
202300019254,155 646 426,A01,1,7,6,0,1,3,1,0.0
202300019255,155 646 424,B01,1,7,0,2,4,2,1,0.0
202300019255,155 646 425,A01,1,7,0,2,1,2,1,0.0
202300019256,155 646 422,A01,2,7,0,2,1,13,1,0.0
202300019256,155 646 423,B01,1,15,0,2,1,1,1,0.0
202300019257,155 646 421,A01,3,7,0,1,2,1,1,0.0
202300019258,155 646 420,A01,1,7,0,1,4,1,1,0.0
202300019259,155 646 418,Z01,1,7,0,2,1,2,0,0.0
202300019259,155 646 419,B01,1,1,0,2,6,1,5,0.0
202300019260,155 646 416,A01,1,2,0,2,7,2,1,0.0
202300019260,155 646 417,B01,1,1,0,2,6,2,5,0.0
202300019261,155 646 415,A01,1,13,0,1,1,1,1,0.0
202300019262,155 646 413,B01,2,10,0,2,2,1,1,0.0
202300019262,155 646 414,A01,1,7,0,2,1,16,1,0.0
202300019263,155 646 411,B01,1,7,0,2,3,15,3,0.0
202300019263,155 646 412,A01,1,32,0,2,2,17,1,0.0
202300019264,155 646 409,B01,1,7,0,2,8,2,1,0.0
202300019264,155 646 410,A01,1,30,0,2,1,12,1,0.0
202300019265,155 646 406,A01,1,32,0,2,1,26,1,0.0
202300019265,155 646 407,B01,1,7,0,2,2,1,1,0.0
202300019265,155 646 408,C01,1,7,0,2,6,1,1,0.0
202300019266,155 646 404,B01,2,50,0,2,2,1,3,0.0
202300019266,155 646 405,A01,2,7,0,2,1,1,1,0.0
202300019267,155 646 402,A01,3,7,0,2,0,0,1,0.0
202300019267,155 646 403,B01,3,33,0,2,0,0,1,0.0
202300019268,155 646 401,A01,2,7,6,0,9,26,1,0.0
202300019269,155 646 400,A01,1,7,3,0,2,14,1,0.0
202300019270,155 646 398,A01,1,50,0,2,1,1,3,0.0
202300019270,155 646 399,B01,1,7,0,2,3,16,1,0.0
202300019271,155 646 397,A01,1,7,0,1,2,1,1,0.0
202300019272,155 646 396,A01,1,7,8,0,2,1,1,0.0
202300019273,155 646 394,P01,2,1,0,2,1,18,5,0.0
202300019273,155 646 395,A01,2,7,0,0,7,22,1,0.0
202300019274,155 646 393,A01,1,7,0,1,1,1,1,0.0
202300019275,155 646 392,A01,1,7,0,1,2,14,0,0.0
202300019276,155 646 391,A01,3,50,0,0,0,1,3,0.0
202300019277,155 646 390,Z01,0,32,0,1,1,1,0,0.0
202300019278,155 646 388,A01,1,7,8,2,1,13,0,0.0
202300019278,155 646 389,B01,2,15,0,2,2,1,1,0.0
202300019279,155 646 386,A01,1,37,0,2,1,1,1,1.0
202300019279,155 646 387,B01,1,10,0,0,4,15,1,0.0
202300019280,155 646 383,A01,2,7,0,2,3,17,1,0.0
202300019280,155 646 384,B01,1,7,0,2,3,1,1,0.0
202300019280,155 646 385,C01,2,7,0,2,8,1,1,0.0
202300019281,155 646 381,A01,1,7,0,2,3,15,1,0.0
202300019281,155 646 382,B01,1,32,0,2,1,17,1,0.0
202300019282,155 646 379,A01,1,7,0,2,8,15,1,0.0
202300019282,155 646 380,B01,3,99,0,2,7,19,3,0.0
202300019283,155 646 377,A01,1,7,0,1,3,1,1,0.0
202300019284,155 646 376,A01,1,7,4,0,2,14,1,0.0
202300019285,155 646 374,A01,2,7,0,2,4,1,1,0.0
202300019285,155 646 375,B01,2,7,0,2,1,1,1,0.0
202300019286,155 646 373,A01,1,7,3,0,8,2,1,0.0
202300019287,155 646 369,D01,1,10,0,2,4,1,1,0.0
202300019287,155 646 370,A01,1,10,0,2,1,2,1,0.0
202300019287,155 646 371,B01,1,7,0,2,4,2,1,0.0
202300019287,155 646 372,C01,1,7,0,2,8,1,2,0.0
202300019288,155 646 364,D01,1,7,0,2,1,1,1,0.0
202300019288,155 646 365,E01,1,7,0,2,3,1,1,0.0
202300019288,155 646 366,A01,1,7,0,2,2,1,1,0.0
202300019288,155 646 367,B01,1,2,0,2,4,23,1,0.0
202300019288,155 646 368,C01,1,7,0,2,2,2,1,0.0
202300019289,155 646 363,A01,1,10,3,0,2,12,1,0.0
202300019290,155 646 361,A01,2,10,0,2,5,23,1,0.0
202300019290,155 646 362,B01,2,31,0,2,3,3,3,0.0
202300019291,155 646 358,B01,2,7,0,2,4,2,2,0.0
202300019291,155 646 359,A01,2,10,0,2,4,1,4,0.0
202300019291,155 646 360,C01,2,7,0,2,1,2,1,0.0
202300019292,155 646 354,D01,1,7,0,2,4,1,1,0.0
202300019292,155 646 355,C01,1,7,0,2,4,1,1,0.0
202300019292,155 646 356,A01,1,7,0,2,1,12,1,0.0
202300019292,155 646 357,B01,1,7,0,2,4,1,1,0.0
202300019293,155 646 352,B01,3,3,0,2,2,19,1,0.0
202300019293,155 646 353,A01,-1,7,0,2,3,1,1,0.0
202300019294,155 646 351,A01,2,33,3,0,1,1,1,0.0
202300019295,155 646 350,A01,2,7,13,0,7,1,1,0.0
202300019296,155 646 347,C01,1,7,0,9,1,1,1,0.0
202300019296,155 646 348,B01,1,7,0,0,7,24,1,0.0
202300019296,155 646 349,A01,1,7,1,0,7,14,1,0.0
202300019297,155 646 345,B01,1,7,0,2,1,13,0,0.0
202300019297,155 646 346,A01,1,7,1,9,0,26,0,0.0
202300019298,155 646 343,A01,2,2,0,2,0,0,0,0.0
202300019298,155 646 344,Y01,1,1,0,2,0,3,0,0.0
202300019299,155 646 342,A01,2,7,4,9,3,1,1,0.0
202300019300,155 646 340,B01,1,7,4,2,1,1,1,0.0
202300019300,155 646 341,A01,1,7,0,2,4,1,2,0.0
202300019301,155 646 338,B01,1,1,0,2,0,0,5,0.0
202300019301,155 646 339,A01,1,7,0,2,1,1,1,0.0
202300019302,155 646 336,A01,2,7,4,2,4,24,0,0.0
202300019302,155 646 337,B01,2,7,1,2,1,1,1,0.0
202300019303,155 646 335,A01,2,7,1,0,1,5,1,0.0
202300019304,155 646 333,A01,1,7,0,2,3,15,1,0.0
202300019304,155 646 334,B01,0,7,0,2,2,21,1,0.0
202300019305,155 646 331,A01,1,7,4,2,4,18,1,0.0
202300019305,155 646 332,B01,1,7,4,2,1,2,1,0.0
202300019306,155 646 329,A01,2,7,0,2,8,15,1,0.0
202300019306,155 646 330,B01,1,2,0,2,0,0,0,0.0
202300019307,155 646 326,A01,0,7,1,0,2,9,1,0.0
202300019308,155 646 325,A01,1,7,12,0,2,14,1,0.0
202300019309,155 646 324,A01,3,7,9,0,2,26,1,0.0
202300019310,155 646 322,B01,1,7,0,2,5,1,1,0.0
202300019310,155 646 323,A01,1,2,0,2,1,2,1,0.0
202300019311,155 646 320,A01,3,7,0,2,2,1,1,0.0
202300019311,155 646 321,B01,3,80,0,2,1,1,3,0.0
202300019312,155 646 313,A01,1,7,0,2,3,10,1,0.0
202300019312,155 646 314,B01,2,33,0,2,1,1,1,0.0
202300019313,155 646 311,B01,2,40,0,2,7,1,3,0.0
202300019313,155 646 312,A01,1,1,0,4,1,1,5,0.0
202300019314,155 646 309,A01,3,7,0,2,1,2,1,0.0
202300019314,155 646 310,B01,1,7,0,2,4,15,1,0.0
202300019315,155 646 308,A01,2,7,3,0,9,1,1,0.0
202300019316,155 646 307,A01,1,0,0,1,0,15,0,0.0
202300019317,155 646 305,A01,3,33,0,2,1,13,1,0.0
202300019317,155 646 306,B01,3,33,0,2,1,1,1,0.0
202300019318,155 646 301,A01,1,7,2,2,6,18,1,0.0
202300019318,155 646 302,B01,1,7,0,2,2,1,1,0.0
202300019319,155 646 300,A01,2,7,6,0,1,1,1,0.0
202300019320,155 646 298,A01,2,7,0,2,2,15,1,0.0
202300019320,155 646 299,B01,1,7,0,2,1,17,1,0.0
202300019321,155 646 297,A01,0,7,0,1,2,1,1,0.0
202300019322,155 646 294,B01,1,7,0,2,4,1,0,0.0
202300019322,155 646 295,A01,1,7,0,2,1,1,0,0.0
202300019322,155 646 296,C01,1,7,0,2,4,1,0,0.0
202300019323,155 646 292,B01,0,7,0,2,1,1,1,0.0
202300019323,155 646 293,A01,0,7,0,2,7,15,1,0.0
202300019324,155 646 290,A01,0,10,0,2,1,11,1,0.0
202300019324,155 646 291,B01,0,7,0,2,1,2,1,0.0
202300019325,155 646 288,B01,2,32,0,2,3,1,1,0.0
202300019325,155 646 289,A01,1,7,0,2,2,15,1,0.0
202300019326,155 646 287,A01,2,33,12,0,1,1,1,0.0
202300019327,155 646 285,A01,2,7,0,2,1,1,1,0.0
202300019327,155 646 286,B01,1,7,11,2,7,15,1,0.0
202300019328,155 646 283,A01,1,7,0,2,1,1,1,0.0
202300019328,155 646 284,B01,1,7,0,2,4,1,1,0.0
202300019329,155 646 279,B01,1,99,0,2,8,1,3,0.0
202300019329,155 646 280,A01,1,10,0,2,1,1,1,0.0
202300019330,155 646 277,A01,3,7,0,2,3,1,0,0.0
202300019330,155 646 278,Z01,1,7,0,2,1,1,0,0.0
202300019331,155 646 276,A01,2,7,0,9,1,1,1,0.0
202300019332,155 646 274,A01,1,33,0,2,1,2,1,0.0
202300019332,155 646 275,B01,1,33,0,2,4,2,1,0.0
202300019333,155 646 272,A01,1,33,0,2,1,16,1,0.0
202300019333,155 646 273,B01,2,7,0,2,0,0,1,0.0
202300019334,155 646 270,B01,1,7,0,2,3,13,1,0.0
202300019334,155 646 271,A01,1,33,0,2,2,17,1,0.0
202300019335,155 646 268,A01,1,7,0,2,1,2,2,0.0
202300019335,155 646 269,B01,1,7,0,2,4,2,2,0.0
202300019336,155 646 266,B01,1,7,0,2,6,23,1,0.0
202300019336,155 646 267,A01,1,33,0,2,5,1,1,0.0
202300019337,155 646 264,B01,2,7,0,2,3,19,1,0.0
202300019337,155 646 265,A01,1,50,0,2,8,1,3,0.0
202300019338,155 646 263,A01,1,2,0,0,0,21,1,0.0
202300019339,155 646 262,A01,3,32,0,1,3,1,3,0.0
202300019340,155 646 260,A01,2,32,0,2,1,1,1,0.0
202300019340,155 646 261,B01,2,7,0,2,5,1,2,0.0
202300019341,155 646 259,A01,1,7,0,1,1,1,1,0.0
202300019342,155 646 257,Z01,3,99,0,2,0,1,5,0.0
202300019342,155 646 258,X01,3,7,0,2,0,1,1,0.0
202300019343,155 646 255,A01,1,7,0,2,2,26,1,0.0
202300019343,155 646 256,B01,1,1,0,2,6,15,5,0.0
202300019344,155 646 254,A01,1,32,0,1,1,17,1,0.0
202300019345,155 646 252,A01,0,10,0,2,3,15,3,0.0
202300019345,155 646 253,B01,2,37,0,2,0,0,6,7.0
202300019346,155 646 250,A01,0,7,0,2,3,9,0,0.0
202300019346,155 646 251,B01,0,34,0,2,2,0,1,0.0
202300019347,155 646 248,A01,3,7,0,9,1,0,0,0.0
202300019347,155 646 249,B01,0,0,0,2,8,0,0,0.0
202300019348,155 646 246,B01,3,32,0,2,1,1,1,0.0
202300019348,155 646 247,A01,3,7,0,2,7,15,1,0.0
202300019349,155 646 245,A01,1,7,0,1,1,1,1,0.0
202300019350,155 646 243,B01,2,7,0,2,3,1,1,0.0
202300019350,155 646 244,A01,1,7,0,2,2,15,1,0.0
202300019351,155 646 242,A01,3,10,0,1,5,4,0,0.0
202300019352,155 646 241,A01,1,30,0,0,0,1,0,0.0
202300019353,155 646 240,A01,2,10,0,0,2,1,1,0.0