num_acc,id_vehicule,num_veh,senc,catv,obs,obsm,choc,manv,motor,occutc
202300019605,155 645 784,Z01,0,7,0,2,1,15,0,0.0
202300019606,155 645 780,A01,2,17,0,2,5,14,1,0.0
202300019606,155 645 781,B01,2,33,3,2,8,1,1,0.0
202300019606,155 645 782,C01,2,33,3,2,5,1,1,0.0
202300019607,155 645 778,A01,3,7,0,2,2,2,0,0.0
202300019607,155 645 779,B01,3,33,0,2,4,1,0,0.0
202300019608,155 645 777,A01,2,7,13,0,2,14,1,0.0
202300019609,155 645 774,A01,1,7,0,2,1,2,1,0.0
202300019609,155 645 775,B01,1,7,0,0,4,2,1,0.0
202300019610,155 645 773,A01,0,7,0,2,3,1,1,0.0
202300019610,155 645 776,B01,0,7,0,2,1,1,1,0.0
202300019611,155 645 771,A01,3,7,9,0,9,26,1,0.0
202300019612,155 645 770,A01,3,7,0,2,8,0,1,0.0
202300019612,155 645 772,B01,3,33,0,2,1,0,1,0.0
202300019613,155 645 768,A01,0,7,0,2,5,15,1,0.0
202300019613,155 645 769,B01,0,7,0,2,1,15,1,0.0
202300019614,155 645 766,A01,1,7,0,2,6,1,1,0.0
202300019614,155 645 767,B01,1,33,0,2,7,17,1,0.0
202300019615,155 645 765,A01,2,32,0,0,8,1,1,0.0
202300019616,155 645 764,A01,2,33,0,0,8,1,1,0.0
202300019617,155 645 762,B01,3,7,0,2,3,1,1,0.0
202300019617,155 645 763,A01,3,7,0,2,3,13,1,0.0
202300019618,155 645 761,A01,2,7,3,0,1,14,1,0.0
202300019619,155 645 759,A01,2,33,5,0,1,0,1,0.0
202300019620,155 645 758,B01,3,7,0,2,8,1,1,0.0
202300019620,155 645 760,A01,3,7,0,2,1,26,1,0.0
202300019621,155 645 755,A01,1,7,0,2,1,2,1,0.0
202300019621,155 645 756,B01,1,7,0,2,0,0,1,0.0
202300019622,155 645 754,A01,1,7,0,2,1,5,1,0.0
202300019622,155 645 757,B01,2,17,0,2,1,1,1,0.0
202300019623,155 645 753,A01,1,7,13,0,1,13,1,0.0
202300019624,155 645 752,A01,1,7,0,1,1,16,1,0.0
202300019625,155 645 750,A01,1,7,11,0,3,1,1,0.0
202300019626,155 645 749,A01,1,7,0,2,2,16,0,0.0
202300019626,155 645 751,B01,1,2,0,2,7,1,1,0.0
202300019627,155 645 748,A01,3,7,0,1,7,1,1,0.0
202300019628,155 645 747,A01,1,17,4,0,2,13,1,0.0
202300019629,155 645 745,A01,0,7,0,0,9,13,1,0.0
202300019630,155 645 744,A01,2,7,0,2,3,9,1,0.0
202300019630,155 645 746,B01,2,2,0,2,2,1,1,0.0
202300019631,155 645 742,A01,0,7,0,2,1,16,0,0.0
202300019631,155 645 743,B01,3,50,0,2,0,0,3,0.0
202300019632,155 645 740,A01,3,21,0,2,1,21,1,0.0
202300019632,155 645 741,B01,3,7,0,2,3,1,1,0.0
202300019633,155 645 739,A01,2,10,0,1,1,1,1,0.0
202300019634,155 645 736,A01,1,10,0,2,2,15,1,0.0
202300019634,155 645 738,B01,2,33,0,2,1,1,1,0.0
202300019635,155 645 735,B01,2,1,0,2,8,1,5,0.0
202300019635,155 645 737,A01,2,7,0,2,2,14,1,0.0
202300019636,155 645 734,A01,1,7,2,0,1,0,1,0.0
202300019637,155 645 733,A01,2,7,0,1,3,15,1,0.0
202300019638,155 645 732,A01,2,7,0,1,2,1,1,0.0
202300019639,155 645 730,A01,1,50,0,2,1,1,3,0.0
202300019639,155 645 731,B01,2,7,0,2,8,15,1,0.0
202300019640,155 645 728,A01,1,15,0,9,6,1,1,0.0
202300019640,155 645 729,B01,2,1,0,2,1,13,5,0.0
202300019641,155 645 726,A01,2,2,0,2,1,2,1,0.0
202300019641,155 645 727,B01,2,7,0,9,4,2,1,0.0
202300019642,155 645 725,A01,0,2,12,0,0,1,1,0.0
202300019643,155 645 723,A01,2,33,0,0,7,15,1,0.0
202300019644,155 645 722,A01,2,7,1,0,2,1,1,0.0
202300019644,155 645 724,B01,2,1,0,2,0,23,5,0.0
202300019645,155 645 719,B01,3,7,0,2,1,15,1,0.0
202300019645,155 645 721,A01,2,2,0,0,7,1,1,0.0
202300019646,155 645 716,B01,1,60,0,2,1,0,5,0.0
202300019646,155 645 718,A01,0,7,0,9,0,0,0,0.0
202300019647,155 645 714,A01,1,7,0,0,9,1,1,0.0
202300019648,155 645 712,B01,0,7,0,1,4,2,1,0.0
202300019648,155 645 713,A01,3,7,0,2,1,2,1,0.0
202300019649,155 645 710,A01,2,50,0,2,3,11,3,0.0
202300019649,155 645 711,B01,2,10,0,2,2,3,1,0.0
202300019650,155 645 708,A01,1,7,0,2,1,1,1,0.0
202300019650,155 645 709,B01,1,7,12,0,4,0,1,0.0
202300019651,155 645 706,A01,2,33,0,2,0,2,1,0.0
202300019651,155 645 707,B01,2,10,0,0,6,2,1,0.0
202300019652,155 645 705,A01,2,30,16,0,0,1,1,0.0
202300019653,155 645 703,A01,2,7,0,2,8,26,1,0.0
202300019653,155 645 704,B01,2,33,0,2,2,1,1,0.0
202300019654,155 645 702,A01,1,7,13,0,3,13,1,0.0
202300019655,155 645 701,A01,1,2,6,0,1,1,1,0.0
202300019656,155 645 697,A01,1,2,0,2,1,9,1,0.0
202300019656,155 645 699,B01,2,7,0,2,8,15,1,0.0
202300019657,155 645 698,A01,1,7,0,2,1,13,1,0.0
202300019657,155 645 700,B01,2,15,0,2,1,1,1,0.0
202300019658,155 645 695,A01,2,1,0,2,1,1,5,0.0
202300019658,155 645 696,B01,2,7,0,2,4,23,1,0.0
202300019659,155 645 693,A01,1,10,0,2,8,14,1,0.0
202300019659,155 645 694,B01,1,15,0,0,6,1,1,0.0
202300019660,155 645 692,A01,1,2,11,0,1,6,1,0.0
202300019661,155 645 691,A01,0,7,12,0,7,1,1,0.0
202300019662,155 645 688,B01,3,33,0,2,1,17,1,0.0
202300019662,155 645 690,A01,0,7,0,2,3,15,0,0.0
202300019663,155 645 687,B01,2,31,0,2,7,3,1,0.0
202300019663,155 645 689,A01,3,7,0,2,3,9,1,0.0
202300019664,155 645 686,A01,2,33,0,0,8,15,0,0.0
202300019665,155 645 684,A01,1,7,0,2,7,9,1,0.0
202300019665,155 645 685,B01,1,7,0,2,1,1,1,0.0
202300019666,155 645 683,A01,0,33,0,0,0,1,1,0.0
202300019667,155 645 681,B01,1,33,0,2,4,1,1,0.0
202300019667,155 645 682,A01,1,7,0,2,1,1,1,0.0
202300019668,155 645 680,A01,3,33,13,0,0,1,1,0.0
202300019669,155 645 677,A01,3,7,0,2,3,13,3,0.0
202300019669,155 645 679,B01,3,7,0,2,6,1,6,0.0
202300019670,155 645 676,A01,1,7,0,2,3,15,1,0.0
202300019670,155 645 678,B01,2,2,0,2,1,1,1,0.0
202300019671,155 645 674,B01,2,7,0,2,4,2,1,0.0
202300019671,155 645 675,A01,2,10,0,2,1,2,1,0.0
202300019672,155 645 673,A01,1,33,0,6,1,1,1,0.0
202300019673,155 645 670,B01,3,7,0,2,3,1,1,0.0
202300019673,155 645 672,A01,3,7,0,2,3,1,1,0.0
202300019674,155 645 669,A01,1,7,0,2,2,2,1,0.0
202300019674,155 645 671,B01,1,2,0,2,4,2,1,0.0
202300019675,155 645 667,B01,3,2,0,2,1,1,1,0.0
202300019675,155 645 668,A01,3,7,0,2,3,17,1,0.0
202300019676,155 645 665,A01,3,7,0,2,3,15,1,0.0
202300019676,155 645 666,B01,3,33,0,2,8,19,1,0.0
202300019677,155 645 663,A01,2,33,1,0,8,17,1,0.0
202300019678,155 645 661,A01,2,1,6,0,1,0,5,0.0
202300019679,155 645 659,C01,1,7,0,2,6,1,1,0.0
202300019679,155 645 660,B01,1,7,0,2,4,2,1,0.0
202300019679,155 645 662,A01,1,7,0,2,1,1,1,0.0
202300019679,155 645 664,D01,2,7,0,2,1,1,1,0.0
202300019680,155 645 658,A01,1,1,6,0,0,21,5,0.0
202300019681,155 645 657,A01,2,7,0,1,3,15,3,0.0
202300019682,155 645 653,B01,1,10,0,2,4,2,1,0.0
202300019682,155 645 654,A01,1,7,0,2,1,2,1,0.0
202300019683,155 645 655,B01,2,1,0,2,1,23,5,0.0
202300019683,155 645 656,A01,1,7,1,0,2,15,1,0.0
202300019684,155 645 652,A01,1,7,15,0,3,13,1,0.0
202300019685,155 645 650,A01,3,7,0,1,2,1,1,0.0
202300019686,155 645 649,A01,1,7,0,2,1,2,2,0.0
202300019686,155 645 651,B01,1,7,0,2,6,2,1,0.0
202300019687,155 645 644,C01,1,7,0,2,5,2,1,0.0
202300019687,155 645 646,A01,1,33,0,2,8,11,1,0.0
202300019687,155 645 647,B01,1,31,0,2,7,2,1,0.0
202300019688,155 645 643,A01,1,7,7,2,0,1,1,0.0
202300019688,155 645 645,B01,1,1,0,2,4,1,5,0.0
202300019688,155 645 648,C01,1,1,0,2,4,1,5,0.0
202300019689,155 645 639,A01,1,33,0,2,1,17,1,0.0
202300019689,155 645 641,B01,1,7,0,0,6,17,1,0.0
202300019690,155 645 640,B01,1,33,0,2,7,1,1,0.0
202300019690,155 645 642,A01,1,7,0,2,8,11,1,0.0
202300019691,155 645 638,A01,1,33,13,0,2,1,1,0.0
202300019692,155 645 636,A01,1,33,0,2,1,3,1,0.0
202300019692,155 645 637,B01,1,7,0,2,6,11,1,0.0
202300019693,155 645 634,A01,1,7,0,2,2,1,1,0.0
202300019693,155 645 635,B01,2,2,0,2,1,1,1,0.0
202300019694,155 645 630,A01,1,33,0,1,1,1,1,0.0
202300019695,155 645 631,A01,1,7,0,2,1,9,1,0.0
202300019695,155 645 632,B01,1,1,0,2,7,16,5,0.0
202300019696,155 645 627,A01,2,7,0,2,1,1,1,0.0
202300019696,155 645 629,B01,1,1,0,2,7,1,5,0.0
202300019697,155 645 626,A01,1,2,0,2,2,17,1,0.0
202300019697,155 645 628,B01,2,7,0,2,8,15,1,0.0
202300019698,155 645 624,A01,1,34,0,1,1,1,1,0.0
202300019699,155 645 621,A01,2,7,0,2,1,1,1,0.0
202300019699,155 645 622,B01,2,10,0,2,1,1,1,0.0
202300019699,155 645 623,C01,2,7,0,2,4,1,1,0.0
202300019699,155 645 625,D01,1,7,0,2,4,0,1,0.0
202300019700,155 645 618,A01,1,30,0,2,4,2,3,0.0
202300019700,155 645 620,Z01,1,7,0,2,0,2,0,0.0
202300019701,155 645 617,A01,1,7,0,2,5,23,1,0.0
202300019701,155 645 619,Z01,1,7,0,2,1,2,1,0.0
202300019702,155 645 615,A01,1,7,0,2,2,22,1,0.0
202300019702,155 645 616,B01,1,31,1,0,1,1,3,0.0
202300019703,155 645 612,A01,2,7,0,2,2,12,1,0.0
202300019703,155 645 614,B01,2,7,0,2,6,1,1,0.0
202300019704,155 645 611,A01,1,1,0,2,8,19,5,0.0
202300019704,155 645 613,B01,1,7,0,2,1,2,3,0.0
202300019705,155 645 609,A01,1,15,0,2,2,12,1,0.0
202300019705,155 645 610,B01,1,7,0,2,6,1,1,0.0
202300019706,155 645 608,A01,1,50,12,0,1,13,3,0.0
202300019707,155 645 606,B01,1,7,0,2,1,1,1,0.0
202300019707,155 645 607,A01,1,10,0,2,3,10,1,0.0
202300019708,155 645 604,A01,1,7,0,2,2,15,1,0.0
202300019708,155 645 605,B01,1,32,0,2,3,1,1,0.0
202300019709,155 645 603,A01,1,7,4,0,1,2,1,0.0
202300019710,155 645 600,B01,3,33,0,2,5,1,1,0.0
202300019710,155 645 602,A01,3,7,0,2,3,10,1,0.0
202300019711,155 645 599,B01,2,33,0,2,1,3,1,0.0
202300019711,155 645 601,A01,2,7,0,2,6,11,1,0.0
202300019712,155 645 596,A01,2,1,0,2,1,1,5,0.0
202300019712,155 645 598,B01,2,7,0,2,4,23,3,0.0
202300019713,155 645 597,A01,1,31,0,9,1,1,1,0.0
202300019714,155 645 592,A01,1,7,0,2,2,2,1,0.0
202300019714,155 645 593,B01,1,10,0,2,4,2,1,0.0
202300019715,155 645 591,A01,1,10,14,0,4,2,1,0.0
202300019715,155 645 594,B01,1,34,14,0,4,2,1,0.0
202300019715,155 645 595,C01,1,10,3,0,1,2,1,0.0
202300019716,155 645 590,A01,1,7,4,0,2,0,1,0.0
202300019717,155 645 589,A01,1,30,8,0,1,1,1,0.0
202300019718,155 645 587,A01,2,34,4,2,3,3,1,0.0
202300019718,155 645 588,B01,2,7,4,2,2,12,1,0.0
202300019719,155 645 586,A01,1,7,1,0,6,14,1,0.0
202300019720,155 645 584,A01,1,30,0,2,8,25,1,0.0
202300019720,155 645 585,B01,1,1,0,2,7,25,5,0.0
202300019721,155 645 580,A01,1,7,0,2,1,2,3,0.0
202300019721,155 645 581,B01,1,7,0,2,4,2,1,0.0
202300019721,155 645 582,C01,1,33,0,2,4,1,1,0.0
202300019721,155 645 583,D01,1,7,0,2,4,2,1,0.0
202300019722,155 645 579,A01,1,7,0,1,0,0,0,0.0
202300019723,155 645 578,A01,1,31,0,1,1,2,1,0.0
202300019724,155 645 576,A01,0,32,8,0,2,2,1,0.0
202300019725,155 645 575,A01,2,10,0,2,1,0,1,0.0
202300019725,155 645 577,B01,2,7,0,2,4,0,1,0.0
202300019726,155 645 574,A01,0,10,0,1,4,26,1,0.0
202300019727,155 645 573,A01,2,7,3,0,1,0,1,0.0
202300019728,155 645 570,A01,1,7,0,2,1,2,2,0.0
202300019728,155 645 572,B01,1,15,0,2,4,0,0,0.0
202300019729,155 645 571,A01,1,7,2,0,1,1,0,0.0
202300019730,155 645 566,A01,2,7,7,0,1,19,0,0.0
202300019730,155 645 568,B01,1,7,7,0,8,1,1,0.0
202300019731,155 645 562,B01,2,21,0,2,1,1,1,0.0
202300019731,155 645 563,A01,1,7,0,2,1,13,1,0.0
202300019732,155 645 561,A01,1,10,0,2,1,1,1,0.0
202300019732,155 645 564,B01,1,10,0,2,4,2,1,0.0
202300019732,155 645 565,E01,1,7,0,2,4,1,1,0.0
202300019732,155 645 567,D01,1,7,0,2,4,1,1,0.0
202300019732,155 645 569,C01,1,7,0,2,4,2,1,0.0
202300019733,155 645 560,A01,2,7,0,1,3,1,1,0.0
202300019734,155 645 558,A01,1,10,0,2,7,12,1,0.0
202300019734,155 645 559,B01,1,33,0,2,8,3,1,0.0
202300019735,155 645 557,A01,1,7,2,0,2,1,1,0.0
202300019736,155 645 554,A01,1,7,13,0,1,13,1,0.0
202300019737,155 645 555,A01,1,7,0,2,1,2,1,0.0
202300019737,155 645 556,B01,1,7,0,2,4,2,1,0.0
202300019738,155 645 553,A01,1,7,13,0,2,14,1,0.0
202300019739,155 645 551,B01,1,14,0,2,1,1,1,0.0
202300019739,155 645 552,A01,1,7,0,2,8,11,1,0.0
202300019740,155 645 549,A01,1,7,2,0,1,1,1,0.0
202300019740,155 645 550,B01,2,33,0,2,8,19,1,0.0
202300019741,155 645 547,A01,2,14,0,2,1,2,1,0.0
202300019741,155 645 548,B01,2,7,0,2,4,2,1,0.0
202300019742,155 645 545,B01,2,7,0,2,1,1,1,0.0
202300019742,155 645 546,A01,1,10,0,2,1,13,1,0.0
202300019743,155 645 542,A01,1,7,0,2,2,17,1,0.0
202300019743,155 645 544,B01,1,7,0,2,6,1,1,0.0
202300019744,155 645 543,A01,2,7,4,0,1,0,1,0.0
202300019745,155 645 541,A01,1,7,2,0,8,1,1,0.0
202300019746,155 645 539,A01,1,7,0,2,1,2,1,0.0
202300019746,155 645 540,B01,1,7,0,2,4,0,1,0.0
202300019747,155 645 538,A01,1,7,8,0,1,14,1,0.0
202300019748,155 645 534,B01,1,30,0,2,4,1,1,0.0
202300019748,155 645 536,A01,1,7,0,2,1,1,1,0.0
202300019749,155 645 532,A01,2,15,0,2,7,12,1,0.0
202300019749,155 645 533,C01,2,15,0,2,4,1,1,0.0
202300019749,155 645 535,D01,2,15,0,2,1,1,1,0.0
202300019749,155 645 537,B01,2,10,0,2,8,1,1,0.0
202300019750,155 645 530,A01,1,15,0,2,4,2,1,0.0
202300019750,155 645 531,B01,1,7,0,2,1,2,1,0.0
202300019751,155 645 528,A01,1,10,0,2,6,1,1,0.0
202300019751,155 645 529,B01,1,33,0,2,2,21,1,0.0
202300019752,155 645 526,B01,3,7,0,2,8,0,0,0.0
202300019752,155 645 527,A01,3,7,0,2,2,1,6,0.0
202300019753,155 645 525,A01,1,7,17,0,1,14,-1,0.0
202300019754,155 645 524,A01,0,7,0,1,3,20,1,0.0
202300019755,155 645 523,A01,1,7,0,1,3,1,1,0.0
202300019756,155 645 520,B01,3,2,0,2,1,15,1,0.0
202300019756,155 645 522,A01,3,7,0,2,2,1,1,0.0
202300019757,155 645 519,A01,2,7,12,2,1,1,1,0.0
202300019757,155 645 521,B01,1,7,0,2,1,1,1,0.0
202300019758,155 645 517,B01,2,7,8,2,8,1,1,0.0
202300019758,155 645 518,A01,3,7,0,2,3,15,1,0.0
202300019759,155 645 516,A01,2,7,0,0,7,1,1,0.0
202300019760,155 645 515,A01,0,7,0,1,1,1,1,0.0
202300019761,155 645 513,B01,2,33,8,2,0,1,1,0.0
202300019761,155 645 514,A01,1,7,0,2,3,1,1,0.0
202300019762,155 645 510,A01,1,2,0,1,1,1,1,0.0
202300019763,155 645 509,A01,1,33,0,0,0,1,1,0.0
202300019764,155 645 511,A01,2,7,0,2,2,1,1,0.0
202300019764,155 645 512,B01,3,7,0,2,1,9,1,0.0
202300019765,155 645 505,A01,1,7,2,0,9,1,1,0.0
202300019766,155 645 506,B01,1,1,0,2,1,1,5,0.0
202300019766,155 645 507,A01,1,10,0,2,2,16,1,0.0
202300019767,155 645 504,A01,1,7,13,0,1,17,1,0.0
202300019768,155 645 503,A01,2,33,0,0,8,1,1,0.0
202300019769,155 645 500,A01,1,7,13,0,1,1,1,0.0
202300019770,155 645 501,B01,1,50,0,2,1,1,3,0.0
202300019770,155 645 502,A01,2,10,0,2,3,15,1,0.0
202300019771,155 645 499,A01,1,7,3,0,9,2,1,0.0
202300019772,155 645 497,A01,1,7,3,0,1,21,1,0.0
202300019773,155 645 496,A01,2,10,0,2,3,15,1,0.0
202300019773,155 645 498,B01,0,30,0,2,1,1,1,0.0
202300019774,155 645 495,A01,3,14,0,1,3,15,1,0.0
202300019775,155 645 490,B01,1,7,0,9,1,2,1,0.0
202300019775,155 645 492,C01,2,10,0,9,4,2,1,0.0
202300019775,155 645 494,A01,2,7,0,9,1,2,1,0.0
202300019776,155 645 491,A01,1,33,0,2,1,17,1,0.0
202300019776,155 645 493,B01,1,30,0,2,1,1,1,0.0
202300019777,155 645 488,A01,1,7,0,0,0,1,1,0.0
202300019778,155 645 489,A01,2,7,8,0,3,13,1,0.0
202300019779,155 645 487,A01,2,7,6,0,2,0,1,0.0
202300019780,155 645 485,A01,1,33,13,0,3,17,0,0.0
202300019781,155 645 484,B01,1,30,0,2,1,1,1,0.0
202300019781,155 645 486,A01,2,1,0,0,1,1,5,0.0
202300019782,155 645 481,A01,2,2,0,2,1,13,1,0.0
202300019782,155 645 483,B01,1,7,0,2,3,1,1,0.0
202300019783,155 645 480,A01,2,13,0,2,1,1,0,0.0
202300019783,155 645 482,B01,1,33,0,2,8,1,0,0.0
202300019784,155 645 478,A01,2,7,0,2,1,5,0,0.0
202300019784,155 645 479,B01,1,7,0,2,1,1,0,0.0
202300019785,155 645 475,A01,1,7,0,0,0,22,1,0.0
202300019785,155 645 476,B01,1,80,0,0,0,21,3,0.0
202300019786,155 645 474,A01,1,7,0,2,1,1,1,0.0
202300019786,155 645 477,B01,1,31,0,2,4,1,1,0.0
202300019787,155 645 472,A01,1,7,8,0,1,0,1,0.0
202300019788,155 645 471,A01,1,7,0,2,0,0,1,0.0
202300019788,155 645 473,B01,2,7,0,2,0,0,2,0.0
202300019789,155 645 470,A01,1,7,12,0,1,15,1,0.0
202300019790,155 645 469,A01,3,7,0,1,5,4,1,0.0
202300019791,155 645 468,Z01,2,7,12,1,3,5,1,0.0
202300019792,155 645 465,B01,3,7,0,2,7,12,1,0.0
202300019792,155 645 467,A01,3,7,0,2,8,1,1,0.0
202300019793,155 645 461,B01,1,7,0,2,3,1,1,0.0
202300019793,155 645 463,A01,1,1,0,2,7,19,5,0.0
202300019794,155 645 460,B01,1,7,0,2,7,1,1,0.0
202300019794,155 645 462,A01,1,7,0,2,3,9,1,0.0
202300019795,155 645 457,A01,2,30,0,2,1,1,1,0.0
202300019795,155 645 459,B01,3,7,0,2,3,1,1,0.0
202300019796,155 645 456,A01,1,7,0,2,3,15,1,0.0
202300019796,155 645 458,B01,1,7,0,2,2,1,1,0.0
202300019797,155 645 454,A01,1,7,13,0,9,1,1,0.0
202300019798,155 645 453,B01,2,33,0,2,1,1,1,0.0
202300019798,155 645 455,A01,1,7,0,2,2,15,1,0.0
202300019799,155 645 452,A01,2,2,8,0,8,26,1,0.0
202300019800,155 645 450,B01,1,33,0,2,4,1,1,0.0
202300019800,155 645 451,A01,1,7,0,2,1,1,1,0.0
202300019801,155 645 446,A01,2,7,0,2,7,1,1,0.0
202300019801,155 645 447,B01,2,30,0,2,8,1,1,0.0
202300019802,155 645 445,A01,0,1,0,1,1,1,5,0.0
202300019803,155 645 441,A01,3,1,0,2,1,1,5,0.0
202300019803,155 645 443,B01,3,7,0,2,7,1,1,0.0
202300019804,155 645 442,A01,3,7,0,2,1,19,1,0.0
202300019804,155 645 444,B01,3,7,0,2,3,19,0,0.0
202300019805,155 645 438,A01,3,50,0,2,0,15,3,0.0
202300019805,155 645 440,B01,3,7,0,2,8,16,1,0.0
202300019806,155 645 439,A01,3,0,0,1,0,26,0,0.0
202300019807,155 645 436,A01,2,33,4,0,8,1,1,0.0
202300019808,155 645 435,A01,3,7,0,2,1,16,1,0.0
202300019808,155 645 437,B01,3,1,0,2,1,2,5,0.0
202300019809,155 645 432,A01,1,7,0,2,3,13,1,0.0
202300019809,155 645 434,B01,2,10,0,2,3,1,1,0.0
202300019810,155 645 431,A01,3,7,0,2,8,15,1,0.0
202300019810,155 645 433,B01,3,33,0,2,1,5,1,0.0
202300019811,155 645 428,A01,3,33,0,2,7,17,1,0.0
202300019811,155 645 430,B01,3,7,0,2,6,15,1,0.0
202300019812,155 645 426,C01,1,7,0,2,1,23,1,0.0
202300019812,155 645 427,A01,1,7,0,2,1,15,1,0.0
202300019812,155 645 429,B01,2,1,0,2,1,1,5,0.0
202300019813,155 645 424,A01,2,33,0,2,1,17,1,0.0
202300019813,155 645 425,B01,2,7,0,2,8,10,1,0.0
202300019814,155 645 423,A01,1,7,0,1,2,1,1,0.0
202300019815,155 645 421,A01,1,30,12,0,0,1,1,0.0
202300019816,155 645 420,A01,1,7,0,2,3,15,1,0.0
202300019816,155 645 422,B01,2,33,0,2,1,1,1,0.0
202300019817,155 645 418,B01,0,7,0,2,4,4,1,0.0
202300019817,155 645 419,A01,0,32,0,2,9,1,1,0.0
202300019818,155 645 416,A01,3,10,0,1,3,0,1,0.0
202300019819,155 645 415,A01,1,7,0,2,2,12,1,0.0
202300019819,155 645 417,B01,1,33,0,2,8,1,1,0.0
202300019820,155 645 412,A01,1,33,0,2,1,0,1,0.0
202300019820,155 645 413,B01,2,10,0,2,5,2,1,0.0
202300019821,155 645 411,B01,3,7,0,2,6,1,1,0.0
202300019821,155 645 414,A01,3,7,0,2,1,1,1,0.0
202300019822,155 645 408,B01,3,42,0,9,1,1,1,0.0
202300019822,155 645 410,A01,3,31,0,2,1,7,1,0.0
202300019823,155 645 407,A01,2,7,0,2,3,13,1,0.0
202300019823,155 645 409,B01,1,1,0,2,1,1,5,0.0
202300019824,155 645 406,A01,1,2,14,0,1,26,1,0.0
202300019825,155 645 404,A01,3,7,0,2,6,9,0,0.0
202300019825,155 645 405,B01,3,33,0,2,2,1,1,0.0
202300019826,155 645 402,B01,1,33,0,2,1,1,1,0.0
202300019826,155 645 403,A01,1,7,0,2,5,10,1,0.0
202300019827,155 645 401,A01,3,2,0,0,2,5,1,0.0
202300019828,155 645 400,A01,1,33,6,0,3,13,1,0.0
202300019829,155 645 397,B01,1,50,0,2,1,1,3,0.0
202300019829,155 645 399,A01,1,7,0,2,2,1,1,0.0
202300019830,155 645 396,B01,2,2,0,2,1,1,1,0.0
202300019830,155 645 398,A01,1,7,0,2,2,15,1,0.0
202300019831,155 645 395,A01,1,7,0,1,3,16,1,0.0
202300019832,155 645 393,A01,1,33,0,2,8,3,1,0.0
202300019832,155 645 394,Z01,1,7,0,2,7,12,0,0.0
202300019833,155 645 392,A01,2,7,1,0,1,15,1,0.0
202300019834,155 645 388,B01,2,7,0,2,1,1,1,0.0
202300019834,155 645 390,A01,1,2,0,2,7,1,1,0.0
202300019835,155 645 387,A01,2,7,0,2,1,2,1,0.0
202300019835,155 645 389,B01,2,7,0,2,4,2,1,0.0
202300019835,155 645 391,C01,2,7,0,2,4,2,1,0.0
202300019836,155 645 384,A01,2,1,0,2,1,13,5,0.0
202300019836,155 645 386,B01,1,80,0,2,1,1,3,0.0
202300019837,155 645 383,A01,1,33,1,2,0,0,1,0.0
202300019837,155 645 385,B01,3,7,0,2,1,0,1,0.0
202300019838,155 645 381,A01,2,10,0,2,8,22,1,0.0
202300019838,155 645 382,B01,2,1,0,2,1,1,5,0.0
202300019839,155 645 378,A01,2,2,0,2,7,1,1,0.0
202300019839,155 645 379,Z01,2,7,0,2,0,15,0,0.0
202300019840,155 645 377,A01,2,50,0,2,1,9,3,0.0
202300019840,155 645 380,B01,1,7,0,0,2,15,1,0.0
202300019841,155 645 375,A01,1,50,0,1,1,1,3,0.0
202300019842,155 645 376,F01,1,33,0,1,1,1,1,0.0
202300019843,155 645 374,A01,3,2,0,0,1,16,1,0.0
202300019844,155 645 372,A01,3,7,0,2,6,4,1,0.0
202300019844,155 645 373,B01,3,33,0,2,1,1,1,0.0
202300019845,155 645 370,A01,3,31,0,2,0,0,3,0.0
202300019845,155 645 371,B01,3,7,0,2,0,0,1,0.0
202300019846,155 645 368,A01,1,1,0,2,1,7,5,0.0
202300019846,155 645 369,B01,1,10,0,2,4,23,3,0.0
202300019847,155 645 365,A01,1,7,0,2,0,15,1,0.0
202300019847,155 645 367,B01,1,31,0,2,0,15,1,0.0
202300019848,155 645 363,A01,1,30,1,0,1,26,1,0.0
202300019849,155 645 364,A01,1,80,0,2,7,1,3,0.0
202300019849,155 645 366,B01,1,2,0,2,2,16,1,0.0
202300019850,155 645 361,A01,1,7,0,2,1,2,1,0.0
202300019850,155 645 362,B01,1,15,0,2,4,1,1,0.0
202300019851,155 645 357,B01,0,32,0,2,1,1,1,0.0
202300019851,155 645 358,A01,0,7,0,2,3,17,1,0.0
202300019852,155 645 355,B01,1,1,0,2,1,1,5,0.0
202300019852,155 645 356,A01,2,10,0,2,3,9,1,0.0
202300019853,155 645 353,A01,2,10,0,2,1,1,1,0.0
202300019853,155 645 354,B01,2,10,3,0,6,23,1,0.0
202300019854,155 645 351,B01,3,7,0,2,1,1,1,0.0
202300019854,155 645 352,A01,3,7,0,2,1,5,3,0.0
202300019855,155 645 348,B01,2,10,0,2,3,1,1,0.0
202300019855,155 645 350,A01,2,1,0,2,1,1,5,0.0
202300019856,155 645 347,A01,1,7,0,2,3,1,1,0.0
202300019856,155 645 349,B01,2,10,0,2,0,1,0,0.0
202300019857,155 645 346,A01,1,50,13,0,1,1,3,0.0
202300019858,155 645 344,A01,3,7,0,2,1,21,1,0.0
202300019858,155 645 345,B01,1,1,0,2,7,1,5,0.0
202300019859,155 645 342,A01,1,7,0,2,3,15,0,0.0
202300019859,155 645 343,B01,1,34,0,2,2,17,0,0.0
202300019860,155 645 340,A01,1,7,0,2,3,17,1,0.0
202300019860,155 645 341,B01,2,33,0,2,8,15,1,0.0
202300019861,155 645 339,A01,1,33,0,1,1,1,1,0.0
202300019862,155 645 337,A01,3,7,6,0,1,14,1,0.0