num_acc,id_vehicule,num_veh,senc,catv,obs,obsm,choc,manv,motor,occutc
202300019863,155 645 336,B01,3,7,0,2,8,1,1,0.0
202300019863,155 645 338,A01,3,7,0,2,1,1,1,0.0
202300019864,155 645 334,A01,1,7,0,2,3,21,1,0.0
202300019864,155 645 335,B01,1,1,0,2,1,1,5,0.0
202300019865,155 645 332,A01,2,7,1,0,2,1,2,0.0
202300019866,155 645 331,A01,1,10,0,2,3,1,1,0.0
202300019866,155 645 333,B01,3,50,0,2,7,19,3,0.0
202300019867,155 645 330,A01,0,7,13,0,1,1,1,0.0
202300019868,155 645 328,A01,2,7,1,0,3,1,1,0.0
202300019869,155 645 324,B01,3,31,0,2,2,2,0,0.0
202300019869,155 645 326,A01,3,7,0,2,3,15,0,0.0
202300019870,155 645 325,A01,2,7,0,2,9,21,0,0.0
202300019871,155 645 320,A01,1,7,0,2,0,0,0,0.0
202300019871,155 645 321,B01,1,7,0,0,4,23,0,0.0
202300019871,155 645 323,C01,1,7,0,0,4,23,1,0.0
202300019872,155 645 319,B01,1,7,1,2,2,16,1,0.0
202300019872,155 645 322,A01,1,33,1,2,1,3,1,0.0
202300019873,155 645 316,A01,0,34,0,2,1,2,1,0.0
202300019873,155 645 318,B01,1,34,0,2,0,0,1,0.0
202300019874,155 645 315,A01,1,7,0,2,3,9,1,0.0
202300019874,155 645 317,B01,1,50,0,2,1,9,3,0.0
202300019875,155 645 311,A01,3,10,0,2,2,15,1,0.0
202300019875,155 645 313,B01,3,33,0,2,1,2,1,0.0
202300019876,155 645 310,A01,1,17,0,2,1,1,1,0.0
202300019876,155 645 312,B01,1,10,0,2,1,1,1,0.0
202300019876,155 645 314,C01,1,7,0,2,0,0,1,0.0
202300019877,155 645 307,A01,2,7,0,2,3,15,1,0.0
202300019877,155 645 309,B01,2,33,0,2,1,17,1,0.0
202300019878,155 645 306,A01,1,7,0,2,1,15,1,0.0
202300019878,155 645 308,B01,2,50,0,2,0,0,3,0.0
202300019879,155 645 303,A01,2,7,0,2,5,12,1,0.0
202300019879,155 645 305,B01,2,10,0,2,1,1,1,0.0
202300019880,155 645 302,A01,2,33,0,2,1,3,1,0.0
202300019880,155 645 304,B01,2,10,0,2,5,2,1,0.0
202300019881,155 645 299,A01,3,30,0,2,1,1,1,0.0
202300019881,155 645 301,B01,2,7,0,2,1,1,1,0.0
202300019882,155 645 298,B01,2,7,0,2,4,12,1,0.0
202300019882,155 645 300,A01,2,33,0,2,1,3,1,0.0
202300019883,155 645 296,A01,1,7,0,0,5,2,1,0.0
202300019883,155 645 297,B01,1,33,0,2,3,2,1,0.0
202300019884,155 645 293,A01,2,7,14,0,3,15,1,0.0
202300019884,155 645 295,B01,1,33,14,0,8,1,1,0.0
202300019885,155 645 294,A01,1,33,0,1,1,17,1,0.0
202300019886,155 645 291,A01,1,7,0,2,1,2,1,0.0
202300019886,155 645 292,B01,1,7,0,2,4,23,1,0.0
202300019887,155 645 289,B01,1,7,0,2,1,1,1,0.0
202300019887,155 645 290,A01,1,7,0,2,1,5,1,0.0
202300019888,155 645 287,B01,1,34,0,2,8,1,0,0.0
202300019888,155 645 288,A01,1,7,0,2,1,1,0,0.0
202300019889,155 645 284,B01,1,31,0,2,4,2,1,0.0
202300019889,155 645 285,A01,1,7,0,2,1,2,1,0.0
202300019890,155 645 283,B01,2,33,0,2,1,1,1,0.0
202300019890,155 645 286,A01,2,33,0,2,7,14,1,0.0
202300019891,155 645 281,A01,1,10,0,2,8,22,1,0.0
202300019891,155 645 282,B01,1,80,1,0,1,1,3,0.0
202300019892,155 645 278,A01,3,10,0,2,1,1,1,0.0
202300019892,155 645 279,B01,3,33,0,2,8,9,1,0.0
202300019893,155 645 280,A01,1,7,3,0,3,1,1,0.0
202300019894,155 645 276,A01,1,1,0,1,1,5,5,0.0
202300019895,155 645 275,A01,2,10,0,2,0,1,3,0.0
202300019895,155 645 277,B01,1,31,0,2,0,1,1,0.0
202300019896,155 645 274,A01,2,33,0,0,2,1,1,0.0
202300019897,155 645 272,A01,1,14,0,0,0,23,6,0.0
202300019897,155 645 273,B01,1,1,0,0,0,17,5,0.0
202300019898,155 645 271,A01,1,31,12,0,2,0,1,0.0
202300019899,155 645 270,Z01,1,2,0,1,1,1,0,0.0
202300019900,155 645 269,Z01,2,10,0,1,4,4,3,0.0
202300019901,155 645 265,B01,2,33,0,2,1,3,1,0.0
202300019901,155 645 267,A01,2,7,0,2,3,10,1,0.0
202300019902,155 645 268,A01,1,7,2,0,8,0,6,0.0
202300019903,155 645 264,A01,1,7,0,2,7,1,2,0.0
202300019903,155 645 266,B01,1,32,0,2,8,18,1,0.0
202300019904,155 645 262,B01,1,80,0,2,1,1,3,0.0
202300019904,155 645 263,A01,1,10,0,2,5,14,1,0.0
202300019905,155 645 259,A01,2,7,0,2,2,15,1,0.0
202300019905,155 645 261,B01,1,7,0,2,3,1,1,0.0
202300019906,155 645 258,A01,1,7,0,2,1,5,1,0.0
202300019906,155 645 260,B01,2,7,0,2,1,1,1,0.0
202300019907,155 645 253,A01,3,7,0,2,1,1,1,0.0
202300019907,155 645 256,B01,3,7,0,2,8,1,1,0.0
202300019908,155 645 255,A01,2,43,0,2,1,15,1,0.0
202300019908,155 645 257,B01,1,7,0,2,3,15,1,0.0
202300019909,155 645 249,B01,1,7,0,2,2,1,1,0.0
202300019909,155 645 251,A01,1,50,0,2,3,3,3,0.0
202300019910,155 645 248,A01,2,7,0,2,1,1,1,0.0
202300019910,155 645 252,B01,2,7,0,2,4,1,1,0.0
202300019910,155 645 254,C01,2,7,0,2,1,1,2,0.0
202300019911,155 645 247,A01,2,7,0,2,3,1,1,0.0
202300019911,155 645 250,B01,1,50,0,2,1,15,3,0.0
202300019912,155 645 243,B01,3,33,0,2,1,1,0,0.0
202300019912,155 645 246,A01,1,7,0,2,8,15,0,0.0
202300019913,155 645 241,A01,2,10,0,9,2,22,1,0.0
202300019913,155 645 245,B01,2,1,0,2,1,26,5,0.0
202300019914,155 645 242,B01,1,50,0,2,1,1,3,0.0
202300019914,155 645 244,A01,1,7,0,2,3,15,1,0.0
202300019915,155 645 239,A01,0,43,0,2,1,17,1,0.0
202300019915,155 645 240,B01,3,7,0,2,3,13,3,0.0
202300019916,155 645 238,A01,2,0,9,0,1,1,0,0.0
202300019917,155 645 237,A01,1,10,0,1,7,1,1,0.0
202300019918,155 645 236,A01,2,30,0,1,1,1,3,0.0
202300019919,155 645 233,B01,1,32,0,0,0,0,3,0.0
202300019919,155 645 234,A01,2,7,8,9,0,13,1,0.0
202300019920,155 645 230,A01,3,7,0,2,3,19,0,0.0
202300019920,155 645 232,B01,3,32,0,2,1,1,0,0.0
202300019921,155 645 231,B01,1,1,0,2,6,1,5,0.0
202300019921,155 645 235,A01,2,7,0,2,1,15,1,0.0
202300019922,155 645 228,A01,2,1,0,0,1,1,5,0.0
202300019923,155 645 229,A01,1,7,2,0,2,1,1,0.0
202300019924,155 645 226,A01,2,2,0,2,5,1,1,0.0
202300019924,155 645 227,B01,2,7,0,2,5,15,1,0.0
202300019925,155 645 225,A01,1,33,7,0,0,1,1,0.0
202300019926,155 645 221,A01,1,7,0,2,1,19,1,0.0
202300019926,155 645 224,B01,1,7,0,2,3,1,1,0.0
202300019927,155 645 222,A01,2,7,0,1,1,15,3,0.0
202300019928,155 645 220,A01,2,10,0,0,3,1,1,0.0
202300019928,155 645 223,B01,1,17,0,9,3,1,1,0.0
202300019929,155 645 217,A01,1,32,0,1,1,1,1,0.0
202300019930,155 645 216,A01,1,10,0,2,3,13,1,0.0
202300019930,155 645 219,B01,2,10,0,2,3,1,1,0.0
202300019931,155 645 215,A01,2,31,0,2,1,1,1,0.0
202300019931,155 645 218,B01,3,7,0,2,6,19,1,0.0
202300019932,155 645 214,A01,2,7,6,0,1,26,1,0.0
202300019933,155 645 213,A01,0,33,0,0,9,15,1,0.0
202300019934,155 645 211,A01,1,2,0,2,1,1,1,0.0
202300019934,155 645 212,B01,1,7,0,2,4,23,1,0.0
202300019935,155 645 206,A01,2,10,0,2,1,2,1,0.0
202300019935,155 645 210,B01,2,17,0,0,4,2,1,0.0
202300019936,155 645 208,A01,2,7,0,0,5,15,1,0.0
202300019936,155 645 209,B01,2,33,0,2,1,2,1,0.0
202300019937,155 645 207,A01,2,1,0,1,3,1,5,0.0
202300019938,155 645 205,A01,2,7,4,0,1,1,1,0.0
202300019939,155 645 203,A01,2,1,0,1,1,7,5,0.0
202300019940,155 645 202,A01,3,7,0,2,3,16,1,0.0
202300019940,155 645 204,B01,1,33,0,2,1,1,1,0.0
202300019941,155 645 197,A01,1,33,0,2,1,23,1,0.0
202300019941,155 645 200,B01,3,33,0,0,4,23,1,0.0
202300019942,155 645 198,A01,2,1,0,2,1,1,5,0.0
202300019942,155 645 201,B01,2,1,0,0,0,18,5,0.0
202300019943,155 645 196,A01,1,7,0,2,1,1,1,0.0
202300019943,155 645 199,B01,1,7,0,2,3,1,1,0.0
202300019944,155 645 195,A01,1,33,13,0,1,0,1,0.0
202300019945,155 645 194,A01,1,1,0,0,1,21,5,0.0
202300019946,155 645 193,A01,2,2,0,1,1,1,1,0.0
202300019947,155 645 190,A01,2,33,0,2,1,21,1,0.0
202300019947,155 645 191,B01,2,7,0,0,6,2,1,0.0
202300019947,155 645 192,C01,1,7,0,9,1,1,1,0.0
202300019948,155 645 189,A01,1,1,8,0,1,21,5,0.0
202300019949,155 645 186,A01,2,7,0,2,1,2,1,0.0
202300019949,155 645 188,B01,2,7,0,2,4,1,1,0.0
202300019950,155 645 185,A01,3,7,10,2,6,21,1,0.0
202300019950,155 645 187,B01,3,31,0,2,3,1,1,0.0
202300019951,155 645 184,A01,1,32,0,1,1,1,1,0.0
202300019952,155 645 181,A01,1,34,0,2,2,17,1,0.0
202300019952,155 645 183,B01,1,10,0,2,8,15,1,0.0
202300019953,155 645 180,A01,2,7,0,2,3,15,1,0.0
202300019953,155 645 182,B01,2,1,0,2,7,1,5,0.0
202300019954,155 645 179,A01,3,7,0,1,3,1,1,0.0
202300019955,155 645 177,A01,1,33,0,2,6,13,1,0.0
202300019955,155 645 178,B01,2,7,0,2,3,1,1,0.0
202300019956,155 645 176,Z01,1,13,0,1,0,1,0,0.0
202300019957,155 645 174,A01,1,33,5,0,2,1,1,0.0
202300019958,155 645 173,A01,2,7,0,2,1,1,1,0.0
202300019958,155 645 175,B01,2,10,0,2,4,0,1,0.0
202300019959,155 645 170,B01,3,7,0,2,1,1,2,0.0
202300019959,155 645 172,A01,3,1,0,2,7,1,5,0.0
202300019960,155 645 168,A01,2,50,0,2,1,0,3,0.0
202300019960,155 645 171,B01,1,7,0,2,1,1,1,0.0
202300019961,155 645 167,A01,2,7,0,2,2,15,1,0.0
202300019961,155 645 169,B01,1,33,0,2,1,1,1,0.0
202300019962,155 645 165,A01,1,7,0,1,2,1,1,0.0
202300019963,155 645 164,A01,2,7,0,2,3,15,1,0.0
202300019963,155 645 166,B01,2,32,0,2,1,17,1,0.0
202300019964,155 645 162,B01,0,7,0,2,4,2,0,0.0
202300019964,155 645 163,A01,0,7,0,2,1,0,0,0.0
202300019965,155 645 158,B01,2,7,0,2,1,1,1,0.0
202300019965,155 645 160,A01,1,7,3,2,1,13,1,0.0
202300019965,155 645 161,C01,2,7,0,2,3,21,1,0.0
202300019966,155 645 156,A01,1,7,0,2,2,22,3,0.0
202300019966,155 645 159,B01,2,1,0,2,2,1,5,0.0
202300019967,155 645 155,A01,1,10,0,2,3,15,0,0.0
202300019967,155 645 157,B01,1,31,0,2,1,17,0,0.0
202300019968,155 645 152,A01,2,7,0,2,3,10,0,0.0
202300019968,155 645 154,B01,2,33,0,0,1,17,1,0.0
202300019969,155 645 151,A01,1,7,0,1,1,1,6,0.0
202300019970,155 645 150,A01,2,33,0,2,3,16,1,0.0
202300019970,155 645 153,Z01,2,7,0,2,0,1,1,0.0
202300019971,155 645 148,B01,2,7,0,2,4,1,1,0.0
202300019971,155 645 149,A01,2,33,0,2,1,1,1,0.0
202300019972,155 645 146,A01,1,40,0,2,1,1,3,0.0
202300019972,155 645 147,B01,0,50,0,4,3,19,3,0.0
202300019973,155 645 145,A01,2,1,0,1,1,1,5,0.0
202300019974,155 645 142,A01,2,7,0,2,1,15,1,0.0
202300019974,155 645 144,B01,1,7,8,2,1,1,1,0.0
202300019975,155 645 141,B01,2,10,0,2,1,2,1,0.0
202300019975,155 645 143,A01,2,7,0,2,4,2,1,0.0
202300019976,155 645 138,A01,2,10,13,0,1,0,1,0.0
202300019977,155 645 139,A01,1,10,0,2,1,1,1,0.0
202300019977,155 645 140,B01,1,7,0,2,4,1,1,0.0
202300019978,155 645 137,A01,3,10,0,1,4,4,0,0.0
202300019979,155 645 133,A01,3,32,0,2,8,2,1,0.0
202300019979,155 645 135,B01,3,7,0,2,4,2,0,0.0
202300019980,155 645 132,A01,2,7,0,2,1,1,1,0.0
202300019980,155 645 136,B01,2,7,7,0,8,19,1,0.0
202300019981,155 645 131,A01,1,30,0,2,1,1,1,0.0
202300019981,155 645 134,B01,1,7,0,2,8,1,1,0.0
202300019982,155 645 130,A01,1,1,0,0,1,21,5,0.0
202300019983,155 645 127,A01,1,7,0,2,2,17,1,0.0
202300019983,155 645 129,B01,1,1,0,2,8,1,5,0.0
202300019984,155 645 126,A01,2,34,0,2,2,16,0,0.0
202300019984,155 645 128,B01,2,7,0,9,6,16,0,0.0
202300019985,155 645 125,A01,1,10,0,1,2,1,1,0.0
202300019986,155 645 121,B01,2,43,0,2,2,1,1,0.0
202300019986,155 645 123,A01,3,31,0,2,8,15,1,0.0
202300019987,155 645 120,A01,3,7,0,2,1,1,1,0.0
202300019987,155 645 124,B01,3,7,0,2,1,15,1,0.0
202300019988,155 645 119,A01,2,10,0,2,3,2,1,0.0
202300019988,155 645 122,B01,2,34,0,2,4,23,1,0.0
202300019989,155 645 116,A01,1,7,0,1,1,0,0,0.0
202300019990,155 645 114,A01,2,32,0,2,7,1,1,0.0
202300019990,155 645 117,B01,2,10,0,2,8,20,1,0.0
202300019991,155 645 113,A01,1,7,0,2,3,15,1,0.0
202300019991,155 645 115,B01,1,7,0,2,3,1,1,0.0
202300019991,155 645 118,C01,2,33,0,2,1,1,1,0.0
202300019992,155 645 106,A01,1,33,3,2,9,1,1,0.0
202300019992,155 645 109,B01,2,7,0,0,3,1,1,0.0
202300019993,155 645 108,A01,1,33,1,0,2,19,0,0.0
202300019993,155 645 110,C01,1,7,9,0,2,19,0,0.0
202300019993,155 645 112,B01,1,7,14,0,0,0,0,0.0
202300019994,155 645 107,A01,1,10,0,2,5,16,1,0.0
202300019994,155 645 111,B01,1,50,0,2,1,1,3,0.0
202300019995,155 645 102,A01,1,7,0,2,3,17,1,0.0
202300019995,155 645 104,B01,2,1,0,2,1,1,5,0.0
202300019996,155 645 101,A01,1,7,0,2,3,1,1,0.0
202300019996,155 645 105,B01,2,7,0,2,3,1,1,0.0
202300019997,155 645 100,B01,1,7,0,2,6,1,2,0.0
202300019997,155 645 103,A01,1,32,0,2,1,1,1,0.0
202300019998,155 645 099,A01,2,31,6,0,3,1,1,0.0
202300019999,155 645 097,Y01,3,99,0,2,7,19,0,0.0
202300019999,155 645 098,A01,3,1,0,1,1,1,5,0.0
202300020000,155 645 094,A01,1,7,0,0,5,0,0,0.0
202300020000,155 645 095,B01,1,33,0,2,1,1,1,0.0
202300020001,155 645 093,B01,1,1,0,2,1,19,5,0.0
202300020001,155 645 096,A01,2,10,0,2,7,16,1,0.0
202300020002,155 645 092,A01,1,31,0,1,1,3,0,0.0
202300020003,155 645 090,A01,1,1,0,2,3,9,5,0.0
202300020003,155 645 091,B01,1,7,0,2,2,1,1,0.0
202300020004,155 645 087,A01,2,7,13,0,0,0,1,0.0
202300020005,155 645 088,A01,2,10,0,1,3,15,1,0.0
202300020006,155 645 086,A01,3,30,0,2,1,1,1,0.0
202300020006,155 645 089,B01,3,7,0,2,1,15,1,0.0
202300020007,155 645 084,A01,0,7,0,1,1,1,0,0.0
202300020008,155 645 083,A01,1,2,0,2,8,15,0,0.0
202300020008,155 645 085,B01,1,7,0,2,7,17,0,0.0
202300020009,155 645 080,A01,2,33,0,6,1,1,1,0.0
202300020010,155 645 079,A01,3,37,1,0,2,2,4,1.0
202300020010,155 645 081,B01,3,7,0,2,5,2,2,0.0
202300020011,155 645 077,A01,2,33,0,0,0,1,1,0.0
202300020012,155 645 078,B01,1,2,0,2,0,0,1,0.0
202300020012,155 645 082,A01,1,7,0,2,1,1,1,0.0
202300020013,155 645 074,A01,1,7,0,0,9,0,1,0.0
202300020014,155 645 075,A01,2,33,0,2,1,3,1,0.0
202300020014,155 645 076,B01,2,1,0,2,4,12,5,0.0
202300020015,155 645 072,A01,0,10,0,2,1,15,1,0.0
202300020015,155 645 073,B01,0,50,0,2,1,1,3,0.0
202300020016,155 645 069,A01,2,7,3,2,1,1,1,0.0
202300020016,155 645 071,B01,2,7,0,0,4,1,1,0.0
202300020017,155 645 068,A01,1,34,0,2,1,1,1,0.0
202300020017,155 645 070,B01,1,7,0,2,4,15,1,0.0
202300020018,155 645 066,B01,3,7,1,0,3,1,3,0.0
202300020018,155 645 067,A01,3,7,0,2,1,0,1,0.0
202300020019,155 645 061,A01,3,7,0,2,1,1,1,0.0
202300020019,155 645 064,B01,3,7,0,2,8,1,1,0.0
202300020020,155 645 063,A01,1,15,0,2,1,2,1,0.0
202300020020,155 645 065,B01,1,7,0,0,4,1,1,0.0
202300020021,155 645 062,A01,2,10,0,1,1,16,1,0.0
202300020022,155 645 056,B01,1,7,3,0,4,23,1,0.0
202300020022,155 645 059,A01,1,17,0,2,1,1,1,0.0
202300020023,155 645 057,A01,1,7,0,2,3,15,1,0.0
202300020023,155 645 060,B01,2,33,0,2,8,1,1,0.0
202300020024,155 645 055,B01,2,1,0,2,1,1,5,0.0
202300020024,155 645 058,A01,1,7,0,9,1,9,1,0.0
202300020025,155 645 052,A01,1,33,0,2,1,1,1,0.0
202300020025,155 645 053,B01,1,7,0,2,4,26,1,0.0
202300020026,155 645 051,A01,1,10,0,2,1,1,1,0.0
202300020026,155 645 054,B01,2,7,0,2,1,16,1,0.0
202300020027,155 645 046,A01,1,7,0,2,6,23,1,0.0
202300020027,155 645 048,C01,1,7,0,2,3,1,1,0.0
202300020027,155 645 050,B01,1,32,0,2,1,17,1,0.0
202300020028,155 645 044,A01,3,7,0,2,8,1,0,0.0
202300020028,155 645 049,B01,2,10,0,2,1,19,1,0.0
202300020029,155 645 045,A01,0,7,0,2,0,0,0,0.0
202300020029,155 645 047,B01,1,50,0,2,0,0,3,0.0
202300020030,155 645 040,A01,1,7,0,2,2,1,1,0.0
202300020030,155 645 043,B01,1,7,0,2,3,9,1,0.0
202300020031,155 645 038,A01,2,7,0,2,3,13,1,0.0
202300020031,155 645 042,B01,1,7,0,2,3,1,1,0.0
202300020032,155 645 036,B01,2,7,0,2,1,1,1,0.0
202300020032,155 645 039,C01,1,10,0,2,1,0,1,0.0
202300020032,155 645 041,A01,2,7,0,2,1,1,1,0.0
202300020033,155 645 035,B01,1,1,0,0,4,11,5,0.0
202300020033,155 645 037,A01,1,7,0,2,2,9,1,0.0
202300020034,155 645 033,A01,2,33,0,0,6,21,1,0.0
202300020034,155 645 034,B01,2,7,0,2,3,15,1,0.0
202300020035,155 645 030,A01,1,7,0,2,3,2,1,0.0
202300020035,155 645 032,B01,1,7,6,2,5,15,1,0.0
202300020036,155 645 029,A01,2,7,0,2,1,2,1,0.0
202300020036,155 645 031,B01,1,50,0,2,8,19,3,0.0
202300020037,155 645 028,A01,2,31,0,0,7,19,1,0.0
202300020038,155 645 026,A01,2,7,0,2,3,9,1,0.0
202300020038,155 645 027,B01,1,2,0,2,1,6,1,0.0
202300020039,155 645 025,A01,1,7,0,1,1,1,1,0.0
202300020040,155 645 022,B01,2,7,0,2,5,17,1,0.0
202300020040,155 645 024,A01,2,33,0,2,1,18,1,0.0
202300020041,155 645 021,B01,1,7,0,2,3,15,1,0.0
202300020041,155 645 023,A01,2,33,0,2,1,17,1,0.0
202300020042,155 645 020,A01,2,7,0,0,1,0,1,0.0
202300020043,155 645 015,A01,2,10,4,2,3,11,1,0.0
202300020043,155 645 018,B01,1,2,0,2,1,1,3,0.0
202300020044,155 645 013,A01,1,33,0,2,9,26,1,0.0
202300020044,155 645 014,B01,2,99,0,2,3,1,1,0.0
202300020045,155 645 012,A01,3,7,0,1,1,23,1,0.0
202300020046,155 645 010,B01,2,15,0,2,1,2,1,0.0
202300020046,155 645 011,A01,2,10,0,0,4,19,1,0.0
202300020047,155 645 007,A01,1,32,0,2,1,13,1,0.0
202300020047,155 645 008,B01,2,10,0,2,3,1,1,0.0
202300020048,155 645 005,B01,1,10,0,2,2,1,1,0.0
202300020048,155 645 006,A01,2,7,0,2,3,15,1,0.0
202300020049,155 645 009,A01,1,2,0,0,0,1,1,0.0
202300020050,155 645 003,A01,2,33,4,0,1,0,1,0.0
202300020051,155 645 002,A01,2,10,0,1,3,15,1,0.0
202300020052,155 645 001,A01,1,10,0,2,3,13,1,0.0
202300020052,155 645 004,B01,2,13,0,2,3,1,1,0.0
202300020053,155 644 998,A01,1,15,0,2,2,2,0,0.0
202300020053,155 645 000,B01,1,1,0,2,3,2,5,0.0
202300020054,155 644 997,B01,2,30,0,2,5,1,0,0.0
202300020054,155 644 999,A01,1,7,0,2,3,15,1,0.0
202300020055,155 644 995,A01,1,10,0,2,1,1,1,0.0
202300020055,155 644 996,B01,1,7,0,0,4,1,1,0.0
202300020056,155 644 991,A01,1,7,0,2,3,1,1,0.0
202300020056,155 644 994,B01,2,10,0,2,3,13,1,0.0
202300020057,155 644 990,A01,1,7,0,2,2,25,2,0.0
202300020057,155 644 993,B01,0,2,0,2,0,0,0,0.0
202300020058,155 644 989,A01,1,7,0,2,1,15,1,0.0
202300020058,155 644 992,B01,2,7,0,2,1,1,1,0.0
202300020059,155 644 984,A01,2,7,0,2,3,15,1,0.0
202300020059,155 644 988,B01,1,33,0,2,7,21,1,0.0
202300020060,155 644 985,A01,1,7,1,2,2,1,0,0.0
202300020060,155 644 987,B01,2,33,1,2,1,5,0,0.0
202300020061,155 644 983,A01,2,7,0,2,1,17,1,0.0
202300020061,155 644 986,B01,2,7,0,0,8,15,1,0.0
202300020062,155 644 982,A01,1,7,0,1,1,1,1,0.0
202300020063,155 644 980,B01,3,1,0,2,8,16,5,0.0
202300020063,155 644 981,A01,0,7,0,0,0,0,3,0.0
202300020064,155 644 977,A01,0,7,0,9,2,1,1,0.0
202300020064,155 644 979,B01,0,1,0,2,4,1,5,0.0
202300020065,155 644 976,C01,1,7,1,1,4,23,1,0.0
202300020065,155 644 978,A01,1,14,1,0,2,1,1,0.0
202300020066,155 644 975,A01,2,7,0,1,1,1,0,0.0
202300020067,155 644 974,A01,1,7,13,0,0,1,1,0.0
202300020068,155 644 973,A01,1,7,1,0,1,13,1,0.0
202300020069,155 644 970,A01,3,30,0,2,8,16,1,0.0
202300020069,155 644 972,B01,3,7,0,2,1,0,1,0.0
202300020070,155 644 969,B01,2,7,0,2,1,1,1,0.0
202300020070,155 644 971,A01,3,7,0,2,8,1,1,0.0
202300020071,155 644 966,A01,1,33,0,2,1,17,1,0.0
202300020072,155 644 965,A01,2,7,0,2,1,2,1,0.0
202300020072,155 644 967,B01,2,7,0,2,4,2,1,0.0
202300020072,155 644 968,C01,2,7,0,2,4,2,1,0.0
202300020073,155 644 963,B01,1,7,0,2,1,1,1,0.0
202300020073,155 644 964,A01,2,7,0,2,1,9,1,0.0
202300020074,155 644 960,A01,1,7,0,2,3,11,1,0.0
202300020074,155 644 961,B01,1,7,0,2,5,12,1,0.0
202300020075,155 644 959,A01,3,7,0,2,2,15,1,0.0
202300020075,155 644 962,B01,3,30,0,2,1,1,1,0.0
202300020076,155 644 955,A01,3,30,0,2,1,1,2,0.0
202300020076,155 644 958,B01,3,7,0,2,3,15,1,0.0
202300020077,155 644 954,A01,1,7,3,2,2,18,1,0.0
202300020077,155 644 957,B01,1,7,3,2,5,1,1,0.0
202300020078,155 644 953,B01,1,7,0,2,3,19,1,0.0
202300020078,155 644 956,A01,1,30,0,2,2,19,1,0.0
202300020079,155 644 949,B01,1,7,0,2,8,13,1,0.0
202300020079,155 644 952,A01,2,7,0,2,8,13,1,0.0
202300020080,155 644 947,A01,2,7,0,2,7,12,1,0.0
202300020080,155 644 950,B01,2,33,0,2,8,3,1,0.0
202300020080,155 644 951,C01,2,10,0,2,7,1,1,0.0
202300020081,155 644 946,A01,1,30,0,2,2,17,1,0.0
202300020081,155 644 948,B01,1,7,0,2,3,1,1,0.0
202300020082,155 644 940,C01,1,7,0,2,4,1,1,0.0
202300020082,155 644 942,A01,1,7,0,2,1,1,1,0.0
202300020082,155 644 944,B01,1,7,0,2,4,1,1,0.0
202300020083,155 644 939,A01,1,2,0,2,1,17,1,0.0
202300020083,155 644 943,B01,2,7,0,2,3,1,1,0.0
202300020084,155 644 938,A01,1,7,0,2,3,13,1,0.0
202300020084,155 644 941,B01,2,7,0,2,3,1,1,0.0
202300020085,155 644 935,A01,2,33,0,2,1,18,1,0.0
202300020085,155 644 936,B01,2,7,0,2,1,1,1,0.0
202300020086,155 644 934,A01,1,7,0,1,1,16,1,0.0
202300020087,155 644 932,A01,3,7,2,0,1,1,0,0.0
202300020088,155 644 931,A01,1,33,12,2,1,1,1,0.0
202300020088,155 644 933,B01,2,10,0,2,2,1,1,0.0
202300020089,155 644 930,A01,0,7,0,1,0,26,1,0.0
202300020090,155 644 926,A01,1,7,0,2,3,13,1,0.0
202300020090,155 644 928,B01,2,7,6,2,3,1,1,0.0
202300020091,155 644 923,A01,2,7,0,1,1,1,1,0.0
202300020092,155 644 922,A01,2,2,0,2,3,15,1,0.0
202300020092,155 644 924,B01,1,7,0,2,2,1,1,0.0
202300020093,155 644 920,A01,3,7,0,2,0,9,0,0.0
202300020094,155 644 919,A01,1,2,0,2,1,2,0,0.0
202300020094,155 644 921,B01,1,7,0,2,4,2,0,0.0
202300020095,155 644 916,A01,2,7,6,2,2,17,1,0.0
202300020095,155 644 918,B01,1,7,0,2,2,1,1,0.0
202300020096,155 644 914,A01,0,3,0,2,1,26,1,0.0
202300020096,155 644 917,B01,0,3,0,2,1,26,1,0.0
202300020097,155 644 913,A01,2,7,13,2,7,12,1,0.0
202300020097,155 644 915,B01,2,7,0,2,5,1,1,0.0
202300020098,155 644 911,A01,1,7,0,1,1,16,3,0.0
202300020099,155 644 909,A01,1,7,0,2,1,15,2,0.0
202300020099,155 644 912,B01,2,7,0,2,1,1,1,0.0
202300020100,155 644 908,A01,1,7,0,2,1,0,1,0.0
202300020100,155 644 910,B01,2,7,0,2,1,0,1,0.0
202300020101,155 644 907,A01,2,50,0,1,1,1,3,0.0
202300020102,155 644 905,A01,1,7,7,9,0,0,1,0.0
202300020103,155 644 901,B01,2,7,0,2,7,1,1,0.0
202300020103,155 644 903,A01,2,7,9,2,1,1,1,0.0
202300020104,155 644 900,B01,1,7,0,2,9,21,1,0.0
202300020104,155 644 904,C01,2,7,0,0,8,1,1,0.0
202300020104,155 644 906,A01,2,7,0,2,1,19,1,0.0
202300020105,155 644 899,B01,2,7,0,9,1,1,1,0.0
202300020105,155 644 902,A01,1,1,0,2,1,1,5,0.0
202300020106,155 644 897,A01,1,7,0,2,4,2,1,0.0
202300020106,155 644 898,B01,1,7,0,0,4,2,1,0.0
202300020107,155 644 895,A01,1,7,0,0,0,9,1,0.0
202300020108,155 644 894,A01,1,7,0,2,1,13,1,0.0
202300020108,155 644 896,B01,2,38,0,2,1,1,1,2.0
202300020109,155 644 893,A01,1,7,0,1,2,26,1,0.0