num_acc,id_vehicule,num_veh,senc,catv,obs,obsm,choc,manv,motor,occutc
202300020110,155 644 892,A01,3,2,0,0,0,21,1,0.0
202300020111,155 644 890,A01,2,7,0,2,3,15,1,0.0
202300020111,155 644 891,B01,1,30,0,2,6,1,1,0.0
202300020112,155 644 889,A01,1,7,13,0,2,1,1,0.0
202300020113,155 644 888,A01,1,7,2,2,1,14,1,0.0
202300020114,155 644 885,A01,2,7,0,0,5,15,1,0.0
202300020114,155 644 887,B01,1,33,0,2,2,1,1,0.0
202300020115,155 644 883,A01,1,7,0,2,3,15,1,0.0
202300020115,155 644 886,B01,2,7,0,2,6,1,1,0.0
202300020116,155 644 881,A01,3,2,0,0,1,0,1,0.0
202300020117,155 644 877,B01,3,7,0,2,3,15,1,0.0
202300020117,155 644 880,A01,2,7,0,2,1,1,1,0.0
202300020118,155 644 876,A01,1,7,13,0,3,13,1,0.0
202300020119,155 644 874,A01,2,7,0,1,3,1,1,0.0
202300020120,155 644 873,A01,2,7,0,0,2,1,1,0.0
202300020121,155 644 872,B01,1,7,0,2,3,1,1,0.0
202300020121,155 644 875,A01,1,34,0,2,1,1,1,0.0
202300020122,155 644 871,A01,2,7,0,1,3,0,1,0.0
202300020123,155 644 869,B01,1,7,0,2,3,1,1,0.0
202300020123,155 644 870,A01,2,2,0,2,3,1,1,0.0
202300020124,155 644 868,A01,2,10,0,1,1,26,1,0.0
202300020125,155 644 866,A01,1,7,0,2,3,17,0,0.0
202300020125,155 644 867,B01,2,7,0,2,6,1,0,0.0
202300020126,155 644 863,A01,3,33,0,2,1,13,0,0.0
202300020126,155 644 864,B01,3,33,0,2,1,2,0,0.0
202300020127,155 644 865,A01,2,17,0,1,2,15,1,0.0
202300020128,155 644 862,A01,3,7,6,9,3,1,1,0.0
202300020129,155 644 860,B01,3,7,0,2,6,19,0,0.0
202300020129,155 644 861,A01,0,7,0,2,1,15,1,0.0
202300020130,155 644 854,A01,3,7,0,2,9,1,1,0.0
202300020130,155 644 857,B01,3,7,0,2,4,1,1,0.0
202300020131,155 644 855,B01,1,7,0,2,3,23,1,0.0
202300020131,155 644 858,C01,2,21,0,2,3,1,1,0.0
202300020131,155 644 859,A01,1,7,0,2,1,17,1,0.0
202300020132,155 644 856,A01,1,7,1,0,3,1,0,0.0
202300020133,155 644 852,A01,1,7,2,0,1,1,1,0.0
202300020134,155 644 851,B01,1,33,0,2,5,16,1,0.0
202300020134,155 644 853,A01,1,7,0,2,1,1,1,0.0
202300020135,155 644 850,A01,1,7,0,1,3,1,1,0.0
202300020136,155 644 849,A01,2,7,13,0,9,1,1,0.0
202300020137,155 644 846,B01,2,34,0,2,2,1,1,0.0
202300020137,155 644 848,A01,2,7,0,2,3,10,1,0.0
202300020138,155 644 843,A01,3,7,0,2,3,21,1,0.0
202300020138,155 644 845,B01,3,2,0,2,1,13,1,0.0
202300020139,155 644 844,A01,1,31,0,0,8,1,1,0.0
202300020140,155 644 841,A01,2,7,15,1,2,14,1,0.0
202300020141,155 644 839,A01,3,2,0,0,1,5,1,0.0
202300020141,155 644 842,B01,3,21,0,2,1,1,1,0.0
202300020142,155 644 837,A01,1,7,9,0,1,1,1,0.0
202300020143,155 644 838,A01,1,7,0,2,1,1,1,0.0
202300020143,155 644 840,B01,1,7,0,2,4,2,1,0.0
202300020144,155 644 836,A01,2,7,13,0,2,1,1,0.0
202300020145,155 644 832,A01,0,7,0,2,2,1,1,0.0
202300020145,155 644 834,B01,0,7,0,2,0,0,0,0.0
202300020146,155 644 833,A01,2,7,0,2,1,15,1,0.0
202300020146,155 644 835,B01,1,2,0,2,7,17,1,0.0
202300020147,155 644 830,A01,2,7,0,2,3,15,0,0.0
202300020147,155 644 831,B01,1,33,0,2,1,1,1,0.0
202300020148,155 644 828,A01,2,7,0,0,9,1,1,0.0
202300020149,155 644 827,A01,1,7,0,2,2,15,1,0.0
202300020149,155 644 829,B01,2,33,0,2,1,1,1,0.0
202300020150,155 644 825,B01,1,2,0,2,1,1,1,0.0
202300020150,155 644 826,A01,1,7,0,0,0,15,1,0.0
202300020151,155 644 823,B01,3,30,0,2,1,1,1,0.0
202300020151,155 644 824,A01,3,7,0,2,2,15,1,0.0
202300020152,155 644 822,A01,1,7,0,1,2,1,1,0.0
202300020153,155 644 818,A01,1,7,0,2,3,10,1,0.0
202300020153,155 644 820,B01,1,32,0,2,1,1,1,0.0
202300020154,155 644 819,A01,2,7,0,2,1,1,1,0.0
202300020154,155 644 821,B01,2,7,0,2,1,1,1,0.0
202300020155,155 644 813,B01,0,13,0,2,8,1,1,0.0
202300020155,155 644 815,A01,0,7,0,2,3,13,1,0.0
202300020156,155 644 814,A01,2,7,0,2,2,19,2,0.0
202300020156,155 644 817,B01,1,7,0,2,3,1,1,0.0
202300020157,155 644 812,A01,1,7,0,2,3,15,1,0.0
202300020157,155 644 816,B01,1,32,0,2,1,15,1,0.0
202300020158,155 644 808,A01,0,7,0,0,4,1,1,0.0
202300020158,155 644 811,B01,0,7,0,2,1,2,1,0.0
202300020159,155 644 807,A01,3,30,0,2,1,17,1,0.0
202300020159,155 644 810,B01,3,7,0,2,8,15,1,0.0
202300020160,155 644 806,A01,1,1,0,2,8,15,5,0.0
202300020160,155 644 809,B01,1,7,0,0,2,17,0,0.0
202300020161,155 644 805,A01,1,15,4,0,1,1,1,0.0
202300020162,155 644 803,A01,1,7,0,2,1,2,1,0.0
202300020162,155 644 804,B01,1,43,0,2,4,23,1,0.0
202300020163,155 644 800,A01,1,33,0,2,1,2,1,0.0
202300020163,155 644 802,B01,1,10,0,0,4,2,1,0.0
202300020164,155 644 799,A01,1,7,0,2,1,1,1,0.0
202300020164,155 644 801,B01,2,7,0,2,1,17,1,0.0
202300020165,155 644 798,A01,3,7,4,0,3,15,0,0.0
202300020166,155 644 797,A01,2,7,0,1,3,2,1,0.0
202300020167,155 644 794,A01,1,7,0,0,3,5,0,0.0
202300020167,155 644 795,B01,2,7,0,0,3,1,0,0.0
202300020168,155 644 793,B01,1,33,0,2,2,21,1,0.0
202300020168,155 644 796,A01,3,7,0,2,6,9,1,0.0
202300020169,155 644 791,A01,2,2,0,2,1,13,1,0.0
202300020169,155 644 792,B01,1,38,0,2,3,0,1,1.0
202300020170,155 644 790,A01,2,7,13,0,3,1,1,0.0
202300020171,155 644 789,A01,2,7,0,1,1,1,1,0.0
202300020172,155 644 786,A01,2,3,0,2,1,2,1,0.0
202300020172,155 644 788,B01,2,7,0,2,4,23,1,0.0
202300020173,155 644 784,A01,1,17,0,0,4,2,1,0.0
202300020173,155 644 787,B01,1,7,0,2,1,12,1,0.0
202300020174,155 644 783,A01,1,10,0,2,3,1,1,0.0
202300020174,155 644 785,B01,2,7,0,2,3,1,1,0.0
202300020175,155 644 781,A01,2,2,0,2,1,2,1,0.0
202300020175,155 644 782,B01,2,7,0,2,0,0,1,0.0
202300020176,155 644 779,A01,1,7,0,1,1,16,1,0.0
202300020177,155 644 776,A01,1,10,0,2,2,1,1,0.0
202300020177,155 644 778,B01,1,1,0,2,6,2,5,0.0
202300020178,155 644 777,A01,2,7,0,2,1,2,0,0.0
202300020178,155 644 780,B01,2,31,0,0,4,23,1,0.0
202300020179,155 644 772,A01,1,7,0,2,1,1,0,0.0
202300020179,155 644 774,B01,2,7,0,2,2,15,1,0.0
202300020180,155 644 770,A01,1,7,0,2,1,13,1,0.0
202300020180,155 644 771,B01,2,7,0,2,1,1,1,0.0
202300020181,155 644 769,A01,2,7,2,0,1,13,1,0.0
202300020182,155 644 768,A01,1,31,12,0,1,1,1,0.0
202300020183,155 644 764,A01,1,7,4,2,1,2,1,0.0
202300020183,155 644 766,B01,1,7,0,0,6,2,2,0.0
202300020184,155 644 763,A01,3,13,0,2,1,15,1,0.0
202300020184,155 644 767,B01,3,7,0,2,7,1,1,0.0
202300020185,155 644 762,A01,2,7,0,2,2,15,3,0.0
202300020185,155 644 765,B01,2,32,0,2,1,1,1,0.0
202300020186,155 644 761,A01,1,7,2,0,7,0,1,0.0
202300020187,155 644 758,A01,1,7,0,2,1,1,1,0.0
202300020187,155 644 760,B01,2,37,0,2,1,1,1,1.0
202300020188,155 644 757,A01,1,7,0,2,1,1,1,0.0
202300020188,155 644 759,B01,1,3,0,0,4,23,1,0.0
202300020189,155 644 755,A01,2,7,0,2,1,13,2,0.0
202300020189,155 644 756,B01,1,33,0,2,1,1,1,0.0
202300020190,155 644 750,A01,1,7,0,2,3,0,1,0.0
202300020190,155 644 753,B01,2,7,0,2,1,0,1,0.0
202300020191,155 644 752,B01,2,31,0,2,1,1,1,0.0
202300020191,155 644 754,A01,1,7,0,2,1,19,1,0.0
202300020192,155 644 751,A01,0,7,2,0,1,1,0,0.0
202300020193,155 644 749,A01,3,7,0,0,9,1,1,0.0
202300020194,155 644 745,A01,2,7,0,2,2,11,1,0.0
202300020194,155 644 747,B01,2,7,0,2,6,1,1,0.0
202300020195,155 644 746,B01,0,33,0,2,3,1,1,0.0
202300020195,155 644 748,A01,0,7,0,2,3,13,1,0.0
202300020196,155 644 742,A01,1,31,0,2,3,20,1,0.0
202300020196,155 644 744,B01,2,1,0,2,1,1,5,0.0
202300020197,155 644 740,A01,2,7,0,0,5,15,1,0.0
202300020197,155 644 741,B01,1,33,0,2,1,1,1,0.0
202300020198,155 644 738,A01,1,7,0,1,1,1,1,0.0
202300020199,155 644 737,B01,2,43,0,2,8,1,1,0.0
202300020199,155 644 739,A01,2,7,0,2,2,15,1,0.0
202300020200,155 644 736,A01,2,7,3,0,3,2,1,0.0
202300020201,155 644 734,A01,2,7,0,1,3,1,1,0.0
202300020202,155 644 733,A01,2,7,0,2,6,9,1,0.0
202300020202,155 644 735,B01,2,2,0,2,2,1,3,0.0
202300020203,155 644 732,A01,1,7,9,0,1,13,1,0.0
202300020204,155 644 728,B01,1,33,8,2,8,1,1,0.0
202300020204,155 644 731,A01,1,7,0,2,3,19,1,0.0
202300020205,155 644 727,A01,1,7,0,2,3,1,1,0.0
202300020205,155 644 730,B01,2,13,0,2,2,1,1,0.0
202300020206,155 644 726,A01,2,7,0,2,8,9,1,0.0
202300020206,155 644 729,B01,1,7,0,2,1,1,1,0.0
202300020207,155 644 723,A01,1,7,0,2,3,11,1,0.0
202300020207,155 644 724,B01,1,33,0,2,7,2,1,0.0
202300020208,155 644 722,A01,3,7,0,2,5,9,1,0.0
202300020208,155 644 725,B01,2,43,0,2,1,1,1,0.0
202300020209,155 644 720,A01,2,7,0,2,5,15,1,0.0
202300020209,155 644 721,B01,1,33,0,2,1,1,1,0.0
202300020210,155 644 718,A01,1,33,2,0,0,0,0,0.0
202300020211,155 644 717,A01,2,7,0,2,3,1,2,0.0
202300020211,155 644 719,B01,2,31,0,2,2,1,1,0.0
202300020212,155 644 711,A01,2,7,0,2,4,24,1,0.0
202300020212,155 644 714,B01,2,7,0,2,1,2,1,0.0
202300020212,155 644 715,C01,2,7,0,2,3,2,1,0.0
202300020213,155 644 710,A01,2,7,0,2,5,1,1,0.0
202300020213,155 644 713,B01,1,30,0,2,1,1,1,0.0
202300020214,155 644 709,A01,1,7,0,2,3,6,1,0.0
202300020214,155 644 712,B01,2,7,0,0,5,1,1,0.0
202300020214,155 644 716,C01,2,7,0,2,1,1,1,0.0
202300020215,155 644 706,A01,1,31,8,0,1,13,1,0.0
202300020216,155 644 707,A01,2,7,0,0,9,1,1,0.0
202300020217,155 644 705,B01,1,37,0,2,2,13,1,1.0
202300020217,155 644 708,A01,1,1,0,2,3,13,5,0.0
202300020218,155 644 703,B01,2,15,0,2,3,1,1,0.0
202300020218,155 644 704,A01,1,7,0,2,1,5,1,0.0
202300020219,155 644 700,B01,2,50,12,2,1,1,3,0.0
202300020219,155 644 702,A01,1,37,0,2,8,1,6,1.0
202300020220,155 644 699,A01,3,7,0,1,1,15,0,0.0
202300020221,155 644 698,A01,2,10,0,2,4,4,1,0.0
202300020221,155 644 701,B01,2,33,0,2,1,1,1,0.0
202300020222,155 644 697,A01,1,7,2,0,1,1,0,0.0
202300020223,155 644 693,A01,2,37,8,0,1,13,1,1.0
202300020224,155 644 692,B01,0,1,0,2,7,1,5,0.0
202300020224,155 644 696,A01,0,7,0,9,1,9,0,0.0
202300020225,155 644 694,A01,1,7,0,2,0,0,1,0.0
202300020225,155 644 695,B01,1,33,0,2,0,0,1,0.0
202300020226,155 644 688,B01,3,50,0,2,1,2,3,0.0
202300020226,155 644 689,X01,0,7,0,2,4,0,0,0.0
202300020227,155 644 687,A01,1,10,0,2,1,1,1,0.0
202300020227,155 644 690,B01,1,10,3,2,7,1,1,0.0
202300020228,155 644 685,A01,1,7,0,2,5,1,1,0.0
202300020228,155 644 686,B01,1,33,0,2,1,21,1,0.0
202300020229,155 644 684,A01,2,33,0,1,1,9,1,0.0
202300020230,155 644 681,A01,1,7,0,2,1,13,1,0.0
202300020230,155 644 683,B01,2,7,0,2,1,1,1,0.0
202300020231,155 644 680,A01,1,33,0,0,1,0,1,0.0
202300020231,155 644 682,B01,1,33,0,0,1,0,1,0.0
202300020232,155 644 679,A01,2,7,1,1,2,1,1,0.0
202300020233,155 644 678,A01,1,7,8,0,1,1,1,0.0
202300020234,155 644 676,A01,1,33,0,2,7,21,1,0.0
202300020234,155 644 677,B01,2,7,0,2,1,20,1,0.0
202300020235,155 644 674,A01,1,33,0,0,8,1,1,0.0
202300020236,155 644 673,A01,3,10,0,2,3,15,1,0.0
202300020236,155 644 675,B01,3,34,0,2,2,17,1,0.0
202300020237,155 644 672,A01,2,7,0,1,0,13,1,0.0
202300020238,155 644 670,A01,2,7,0,1,1,1,1,0.0
202300020239,155 644 668,A01,1,30,0,2,0,0,0,0.0
202300020239,155 644 671,B01,1,7,0,2,3,9,0,0.0
202300020240,155 644 667,B01,1,7,0,2,8,1,1,0.0
202300020240,155 644 669,A01,1,10,0,2,2,12,1,0.0
202300020241,155 644 665,A01,3,7,0,2,3,13,1,0.0
202300020241,155 644 666,B01,3,33,0,2,1,0,1,0.0
202300020242,155 644 664,A01,1,7,0,1,1,1,1,0.0
202300020243,155 644 662,A01,2,7,14,0,1,1,1,0.0
202300020244,155 644 659,A01,3,30,0,2,8,1,1,0.0
202300020244,155 644 661,X01,3,7,0,2,2,16,1,0.0
202300020245,155 644 655,B01,2,10,0,2,8,11,1,0.0
202300020245,155 644 657,C01,2,7,0,2,4,1,1,0.0
202300020245,155 644 658,A01,2,33,0,2,2,3,1,0.0
202300020246,155 644 653,B01,2,7,0,2,4,23,1,0.0
202300020246,155 644 656,A01,2,10,0,2,1,1,1,0.0
202300020247,155 644 652,A01,3,34,0,2,1,3,1,0.0
202300020247,155 644 654,B01,3,7,0,2,6,1,1,0.0
202300020248,155 644 650,A01,2,7,0,2,1,2,1,0.0
202300020248,155 644 651,B01,2,10,0,2,4,2,1,0.0
202300020249,155 644 648,A01,2,7,0,2,1,1,1,0.0
202300020249,155 644 649,B01,2,10,0,2,4,1,1,0.0
202300020250,155 644 645,A01,1,30,0,2,1,0,1,0.0
202300020250,155 644 647,B01,1,30,0,2,0,0,1,0.0
202300020251,155 644 644,B01,1,7,0,2,4,1,1,0.0
202300020251,155 644 646,A01,1,7,0,2,1,2,1,0.0
202300020252,155 644 641,A01,2,31,4,2,7,2,1,0.0
202300020253,155 644 640,A01,3,7,0,1,1,1,1,0.0
202300020254,155 644 639,A01,2,13,0,2,1,1,1,0.0
202300020254,155 644 642,B01,2,7,0,2,4,1,1,0.0
202300020254,155 644 643,C01,2,7,0,2,6,1,1,0.0
202300020255,155 644 633,A01,1,33,0,2,0,3,1,0.0
202300020255,155 644 634,B01,1,7,0,2,0,12,1,0.0
202300020256,155 644 632,C01,2,7,0,2,4,0,1,0.0
202300020256,155 644 636,A01,2,7,0,2,1,2,1,0.0
202300020256,155 644 637,B01,2,10,0,2,4,2,1,0.0
202300020257,155 644 630,A01,2,7,13,2,1,13,1,0.0
202300020257,155 644 631,B01,1,15,0,2,3,21,1,0.0
202300020258,155 644 627,A01,2,33,0,2,1,1,1,0.0
202300020258,155 644 629,B01,2,7,0,2,5,1,1,0.0
202300020259,155 644 626,A01,1,7,0,2,7,11,1,0.0
202300020259,155 644 628,B01,1,7,0,2,8,2,1,0.0
202300020260,155 644 624,B01,2,15,0,0,6,2,1,0.0
202300020260,155 644 625,A01,2,10,0,2,1,2,1,0.0
202300020261,155 644 618,C01,1,7,0,2,4,2,1,0.0
202300020261,155 644 620,A01,1,10,0,2,1,2,1,0.0
202300020261,155 644 622,B01,1,10,0,2,4,2,1,0.0
202300020262,155 644 617,A01,2,10,0,2,1,2,1,0.0
202300020262,155 644 619,B01,2,7,0,2,4,23,1,0.0
202300020262,155 644 623,C01,2,10,0,2,4,2,1,0.0
202300020263,155 644 616,A01,1,7,3,2,1,2,1,0.0
202300020263,155 644 621,B01,1,7,3,2,4,2,1,0.0
202300020264,155 644 614,Z01,1,7,0,2,1,2,1,0.0
202300020264,155 644 615,B01,1,7,0,2,4,2,1,0.0
202300020265,155 644 609,A01,1,7,0,2,1,1,1,0.0
202300020265,155 644 612,B01,1,7,0,2,5,1,0,0.0
202300020265,155 644 613,C01,1,7,0,2,2,1,1,0.0
202300020266,155 644 607,A01,2,33,0,2,3,3,1,0.0
202300020266,155 644 610,B01,2,7,0,2,5,2,1,0.0
202300020266,155 644 611,C01,2,15,0,2,3,2,1,0.0
202300020267,155 644 606,A01,1,7,0,2,4,26,0,0.0
202300020267,155 644 608,B01,1,7,0,2,1,2,1,0.0
202300020268,155 644 603,A01,1,7,13,9,2,1,1,0.0
202300020269,155 644 601,A01,2,33,0,2,8,3,1,0.0
202300020269,155 644 604,B01,2,7,0,2,7,12,1,0.0
202300020270,155 644 602,A01,1,34,0,2,3,3,1,0.0
202300020270,155 644 605,B01,1,10,0,2,7,11,1,0.0
202300020271,155 644 597,A01,2,7,0,9,8,9,0,0.0
202300020271,155 644 600,B01,2,1,0,2,7,1,5,0.0
202300020272,155 644 596,A01,2,7,0,2,4,2,3,0.0
202300020272,155 644 599,B01,2,7,0,2,1,2,1,0.0
202300020273,155 644 594,A01,1,7,0,2,1,12,1,0.0
202300020273,155 644 595,B01,1,7,0,2,4,1,1,0.0
202300020273,155 644 598,C01,1,7,0,2,6,1,1,0.0
202300020274,155 644 592,A01,2,2,0,2,1,2,1,0.0
202300020274,155 644 593,B01,2,7,0,2,5,0,1,0.0
202300020275,155 644 588,A01,2,7,3,0,0,0,0,0.0
202300020275,155 644 590,B01,2,99,0,0,5,2,0,0.0
202300020275,155 644 591,C01,2,7,14,0,1,2,0,0.0
202300020276,155 644 586,B01,2,17,4,2,2,1,1,0.0
202300020276,155 644 589,A01,2,7,4,2,6,11,1,0.0
202300020277,155 644 585,A01,3,2,0,2,1,2,1,0.0
202300020277,155 644 587,B01,1,7,0,2,4,2,1,0.0
202300020278,155 644 584,A01,1,7,13,0,3,26,1,0.0
202300020279,155 644 580,C01,2,7,0,2,1,2,1,0.0
202300020279,155 644 582,B01,2,7,0,2,1,2,1,0.0
202300020279,155 644 583,A01,2,7,0,0,4,15,1,0.0
202300020280,155 644 581,A01,2,99,4,0,0,14,1,0.0
202300020281,155 644 579,A01,2,7,0,1,3,16,0,0.0
202300020282,155 644 574,B01,2,50,0,2,1,1,3,0.0
202300020282,155 644 578,A01,1,7,0,2,3,1,1,0.0
202300020283,155 644 575,A01,2,7,0,2,3,0,1,0.0
202300020283,155 644 577,Z01,2,7,0,2,2,0,0,0.0
202300020284,155 644 572,A01,1,99,3,0,2,1,1,0.0
202300020285,155 644 573,B01,3,7,0,0,7,15,1,0.0
202300020285,155 644 576,A01,3,2,0,2,1,21,1,0.0
202300020286,155 644 570,A01,2,7,0,2,4,21,1,0.0
202300020286,155 644 571,B01,2,7,0,2,1,0,1,0.0
202300020287,155 644 568,A01,1,7,0,2,1,2,1,0.0
202300020288,155 644 564,A01,1,10,0,2,1,2,1,0.0
202300020288,155 644 565,B01,1,7,0,2,4,0,1,0.0
202300020289,155 644 563,A01,1,7,3,0,0,1,1,0.0
202300020290,155 644 561,B01,3,7,0,2,1,2,1,0.0
202300020290,155 644 562,A01,3,7,0,2,4,23,1,0.0
202300020291,155 644 560,A01,1,7,8,0,1,2,1,0.0
202300020292,155 644 558,A01,3,34,0,2,1,1,1,0.0
202300020292,155 644 559,B01,3,7,0,2,7,1,1,0.0
202300020293,155 644 556,B01,2,7,0,2,3,15,1,0.0
202300020293,155 644 557,A01,1,34,0,2,3,1,1,0.0
202300020294,155 644 552,B01,2,7,0,2,2,1,1,0.0
202300020294,155 644 553,A01,2,7,0,2,6,20,1,0.0
202300020295,155 644 551,B01,1,32,0,2,2,2,1,0.0
202300020295,155 644 554,A01,1,10,0,2,6,4,0,0.0
202300020296,155 644 549,A01,1,7,0,2,3,15,1,0.0
202300020296,155 644 550,B01,1,33,0,2,2,1,1,0.0
202300020297,155 644 547,B01,2,7,0,2,1,1,1,0.0
202300020297,155 644 548,A01,1,7,0,2,5,15,1,0.0
202300020298,155 644 546,A01,3,7,0,1,1,2,0,0.0
202300020299,155 644 545,A01,1,37,1,1,1,1,2,1.0
202300020300,155 644 543,A01,3,14,2,0,1,1,1,0.0
202300020301,155 644 540,B01,1,30,0,2,7,1,-1,0.0
202300020301,155 644 542,A01,2,30,0,2,1,10,-1,0.0
202300020302,155 644 537,A01,1,7,0,2,3,26,1,0.0
202300020302,155 644 539,B01,1,7,0,2,1,1,1,0.0
202300020302,155 644 541,C01,1,7,0,2,4,1,1,0.0
202300020303,155 644 536,B01,1,7,0,2,1,2,1,0.0
202300020303,155 644 538,A01,2,7,0,2,1,5,1,0.0
202300020304,155 644 534,A01,1,3,0,2,1,9,1,0.0
202300020304,155 644 535,B01,2,7,0,2,1,0,1,0.0
202300020305,155 644 532,A01,2,7,2,0,1,0,1,0.0
202300020306,155 644 533,A01,1,30,0,1,1,26,0,0.0
202300020307,155 644 530,A01,2,7,6,0,1,1,0,0.0
202300020308,155 644 529,A01,1,30,0,2,1,1,1,0.0
202300020308,155 644 531,B01,1,7,0,2,5,1,1,0.0
202300020309,155 644 528,A01,3,10,0,1,2,1,1,0.0
202300020310,155 644 526,A01,1,7,0,2,2,1,0,0.0
202300020310,155 644 527,B01,1,7,0,2,1,1,0,0.0
202300020311,155 644 523,B01,1,7,1,0,3,24,-1,0.0
202300020311,155 644 525,A01,1,7,1,0,2,14,1,0.0
202300020312,155 644 524,A01,1,7,14,0,1,1,3,0.0
202300020313,155 644 522,A01,1,7,0,0,2,1,1,0.0
202300020314,155 644 519,A01,2,33,4,0,3,0,1,0.0
202300020315,155 644 518,B01,1,7,0,0,4,23,1,0.0
202300020315,155 644 521,A01,1,10,0,2,1,1,1,0.0
202300020316,155 644 517,B01,1,7,6,2,1,1,1,0.0
202300020316,155 644 520,A01,1,7,0,2,3,1,1,0.0
202300020317,155 644 514,A01,1,7,0,2,3,1,1,0.0
202300020317,155 644 515,Z01,2,20,0,2,7,17,1,0.0
202300020318,155 644 513,B01,1,7,0,2,5,1,1,0.0
202300020318,155 644 516,A01,1,10,0,2,3,10,1,0.0
202300020319,155 644 512,A01,2,7,0,1,3,15,1,0.0
202300020320,155 644 511,A01,2,10,0,1,3,1,1,0.0
202300020321,155 644 509,A01,2,2,0,2,1,13,0,0.0
202300020321,155 644 510,B01,1,14,0,2,8,1,0,0.0
202300020322,155 644 506,A01,1,10,0,2,1,1,1,0.0
202300020322,155 644 507,B01,2,7,0,2,1,15,1,0.0
202300020323,155 644 505,A01,3,7,0,2,3,21,1,0.0
202300020323,155 644 508,B01,3,7,0,2,2,1,3,0.0
202300020324,155 644 503,A01,1,7,0,2,3,1,0,0.0
202300020324,155 644 504,B01,2,7,0,2,3,13,0,0.0
202300020325,155 644 501,B01,1,7,0,2,0,15,1,0.0
202300020325,155 644 502,A01,1,33,0,2,1,15,1,0.0
202300020326,155 644 498,A01,0,30,0,2,1,26,1,0.0
202300020326,155 644 500,B01,3,7,0,2,5,26,1,0.0
202300020327,155 644 497,A01,2,7,0,2,2,15,1,0.0
202300020327,155 644 499,B01,2,32,0,2,1,1,1,0.0
202300020328,155 644 493,A01,3,7,0,2,3,16,1,0.0
202300020328,155 644 496,B01,3,1,0,2,1,1,5,0.0
202300020329,155 644 491,A01,1,7,0,2,8,9,0,0.0
202300020329,155 644 494,C01,1,15,0,2,3,1,0,0.0
202300020329,155 644 495,B01,2,37,0,2,2,1,0,16.0
202300020330,155 644 492,A01,1,7,0,1,2,16,1,0.0
202300020331,155 644 488,A01,1,7,16,0,0,1,1,0.0
202300020332,155 644 489,B01,1,32,0,2,1,1,1,0.0
202300020332,155 644 490,A01,2,7,0,2,2,15,1,0.0
202300020333,155 644 487,A01,3,7,0,1,2,1,6,0.0
202300020334,155 644 486,A01,1,2,0,0,0,0,0,0.0
202300020335,155 644 484,A01,1,7,0,1,2,26,1,0.0
202300020336,155 644 483,B01,1,7,0,2,3,24,3,0.0
202300020336,155 644 485,A01,2,10,1,0,3,13,1,0.0
202300020337,155 644 478,A01,1,7,2,0,1,1,1,0.0
202300020338,155 644 479,B01,1,7,0,2,4,1,1,0.0
202300020338,155 644 481,C01,1,7,0,2,4,1,1,0.0
202300020338,155 644 482,A01,1,7,0,2,1,1,1,0.0
202300020339,155 644 477,B01,1,7,0,2,7,1,2,0.0
202300020339,155 644 480,A01,2,7,0,2,3,1,1,0.0
202300020340,155 644 473,A01,1,7,0,2,6,11,1,0.0
202300020340,155 644 475,B01,1,33,0,2,2,1,1,0.0
202300020341,155 644 474,A01,2,10,0,2,1,15,1,0.0
202300020341,155 644 476,B01,1,2,0,2,3,1,1,0.0
202300020342,155 644 471,A01,3,7,0,2,3,14,1,0.0
202300020342,155 644 472,B01,3,50,0,2,5,14,3,0.0
202300020343,155 644 468,A01,2,7,0,2,1,2,1,0.0
202300020343,155 644 470,B01,2,33,0,2,4,2,1,0.0
202300020344,155 644 466,A01,2,7,0,1,1,1,1,0.0
202300020345,155 644 467,B01,1,2,0,2,5,1,1,0.0
202300020345,155 644 469,A01,2,7,0,2,2,9,1,0.0
202300020346,155 644 464,A01,2,10,0,1,1,26,1,0.0
202300020347,155 644 465,A01,3,50,0,0,0,1,3,0.0
202300020348,155 644 463,A01,2,7,6,0,1,13,1,0.0
202300020349,155 644 461,A01,2,2,1,0,2,13,1,0.0
202300020350,155 644 459,A01,3,7,0,2,1,1,1,0.0
202300020350,155 644 462,B01,2,10,0,2,8,1,1,0.0
202300020351,155 644 458,B01,2,7,0,2,1,1,1,0.0
202300020351,155 644 460,A01,1,7,0,2,1,15,1,0.0
202300020352,155 644 455,B01,1,1,1,0,1,1,5,0.0
202300020352,155 644 457,A01,1,7,0,2,8,22,1,0.0
202300020353,155 644 453,A01,2,7,0,2,3,13,1,0.0
202300020353,155 644 456,B01,1,10,0,2,3,1,1,0.0
202300020354,155 644 452,B01,2,7,0,2,3,1,0,0.0
202300020354,155 644 454,A01,1,7,0,2,3,5,2,0.0
202300020355,155 644 450,B01,3,1,0,2,1,1,5,0.0
202300020355,155 644 451,A01,3,7,0,2,3,13,1,0.0
202300020356,155 644 449,A01,1,14,0,1,5,4,1,0.0
202300020357,155 644 448,A01,3,7,0,9,7,14,1,0.0
202300020358,155 644 446,B01,2,1,0,2,2,1,5,0.0
202300020358,155 644 447,A01,1,7,0,2,1,1,1,0.0
202300020359,155 644 443,A01,1,30,0,2,1,17,1,0.0
202300020359,155 644 445,B01,1,7,0,2,3,15,1,0.0
202300020360,155 644 442,B01,1,7,8,2,2,1,0,0.0
202300020360,155 644 444,A01,1,7,0,2,1,1,0,0.0
202300020361,155 644 440,A01,2,34,0,2,7,17,1,0.0
202300020361,155 644 441,B01,0,7,0,0,0,10,1,0.0