num_acc,id_vehicule,num_veh,senc,catv,obs,obsm,choc,manv,motor,occutc
202300020362,155 644 437,A01,3,7,0,2,0,0,1,0.0
202300020362,155 644 439,B01,3,50,0,2,0,1,3,0.0
202300020363,155 644 435,A01,2,7,0,2,1,1,1,0.0
202300020363,155 644 438,B01,1,7,0,2,1,5,1,0.0
202300020364,155 644 433,A01,3,7,0,0,1,15,1,0.0
202300020364,155 644 436,B01,1,31,0,2,8,1,1,0.0
202300020365,155 644 431,A01,1,7,0,1,3,1,1,0.0
202300020366,155 644 432,B01,3,31,0,2,1,1,1,0.0
202300020366,155 644 434,A01,3,7,0,2,2,15,6,0.0
202300020367,155 644 430,A01,1,36,8,0,3,25,1,0.0
202300020368,155 644 427,A01,1,50,0,1,1,1,3,0.0
202300020369,155 644 426,B01,1,31,0,2,1,1,1,0.0
202300020369,155 644 428,A01,3,7,0,2,2,15,1,0.0
202300020370,155 644 425,A01,2,20,0,2,1,17,1,0.0
202300020370,155 644 429,B01,2,7,15,2,8,15,1,0.0
202300020371,155 644 423,A01,0,7,0,1,1,1,1,0.0
202300020372,155 644 422,A01,1,7,2,2,1,2,1,0.0
202300020372,155 644 424,B01,3,7,0,2,4,2,1,0.0
202300020373,155 644 418,A01,2,7,0,1,1,1,1,0.0
202300020374,155 644 417,B01,2,33,0,2,8,2,1,0.0
202300020374,155 644 419,A01,2,7,0,2,1,15,1,0.0
202300020375,155 644 416,A01,3,10,0,2,3,1,1,0.0
202300020375,155 644 420,B01,3,33,0,2,1,1,1,0.0
202300020376,155 644 413,A01,1,2,0,2,0,1,1,0.0
202300020376,155 644 415,B01,1,7,0,2,0,16,1,0.0
202300020377,155 644 411,A01,3,7,0,2,3,19,1,0.0
202300020377,155 644 414,B01,3,32,0,2,1,3,1,0.0
202300020378,155 644 405,A01,3,7,0,2,2,1,1,0.0
202300020378,155 644 408,B01,2,50,0,2,1,1,3,0.0
202300020379,155 644 406,A01,3,10,0,1,1,15,0,0.0
202300020380,155 644 407,B01,1,7,0,2,8,26,0,0.0
202300020380,155 644 409,A01,2,32,0,2,1,1,1,0.0
202300020381,155 644 403,B01,1,2,0,0,3,1,0,0.0
202300020381,155 644 404,A01,1,7,0,2,2,17,1,0.0
202300020382,155 644 401,A01,3,7,0,1,4,4,1,0.0
202300020383,155 644 400,A01,2,7,2,0,1,13,1,0.0
202300020384,155 644 399,B01,1,7,0,2,1,1,1,0.0
202300020384,155 644 402,A01,3,7,0,2,1,19,1,0.0
202300020385,155 644 398,A01,3,50,0,1,1,1,3,0.0
202300020386,155 644 397,A01,1,7,2,0,9,1,1,0.0
202300020387,155 644 396,A01,3,10,6,0,2,0,0,0.0
202300020388,155 644 394,A01,3,33,15,0,1,26,1,0.0
202300020389,155 644 393,A01,1,33,0,2,2,17,1,0.0
202300020389,155 644 395,B01,1,7,0,2,3,15,1,0.0
202300020390,155 644 391,A01,2,7,0,2,2,2,0,0.0
202300020390,155 644 392,B01,0,1,0,2,8,26,5,0.0
202300020391,155 644 390,A01,1,7,0,0,9,0,1,0.0
202300020392,155 644 389,A01,0,7,0,1,0,2,0,0.0
202300020393,155 644 387,A01,1,7,2,0,3,1,1,0.0
202300020394,155 644 386,B01,1,33,0,2,1,1,1,0.0
202300020394,155 644 388,A01,2,10,0,2,3,15,1,0.0
202300020395,155 644 384,B01,0,7,0,2,3,1,1,0.0
202300020395,155 644 385,A01,0,50,0,2,1,19,3,0.0
202300020396,155 644 383,A01,3,7,0,1,3,15,1,0.0
202300020397,155 644 380,B01,2,10,0,2,8,15,1,0.0
202300020397,155 644 382,A01,2,10,0,2,2,17,1,0.0
202300020398,155 644 378,B01,1,7,0,2,2,21,1,0.0
202300020398,155 644 379,A01,1,36,0,2,3,25,1,0.0
202300020399,155 644 377,A01,3,13,0,2,1,1,0,0.0
202300020399,155 644 381,B01,3,7,0,2,1,15,2,0.0
202300020400,155 644 376,A01,2,7,13,0,2,14,1,0.0
202300020401,155 644 375,A01,2,7,2,0,1,13,1,0.0
202300020402,155 644 373,A01,1,7,2,0,3,0,1,0.0
202300020403,155 644 372,B01,3,60,0,2,8,25,5,0.0
202300020403,155 644 374,A01,3,7,0,1,1,1,1,0.0
202300020404,155 644 370,A01,1,7,6,0,1,1,1,0.0
202300020405,155 644 369,A01,2,7,0,2,1,11,1,0.0
202300020405,155 644 371,B01,1,14,0,2,1,1,1,0.0
202300020406,155 644 366,B01,2,7,0,2,2,1,1,0.0
202300020406,155 644 368,A01,2,50,0,2,8,10,3,0.0
202300020407,155 644 364,A01,2,7,0,0,2,13,1,0.0
202300020407,155 644 367,B01,1,7,0,2,2,14,1,0.0
202300020408,155 644 365,A01,2,7,13,0,9,14,1,0.0
202300020409,155 644 362,B01,0,1,0,4,0,0,5,0.0
202300020409,155 644 363,A01,0,40,0,2,1,26,0,0.0
202300020410,155 644 361,A01,3,7,0,1,3,13,0,0.0
202300020411,155 644 360,A01,3,7,0,1,2,1,4,0.0
202300020412,155 644 359,A01,1,7,0,1,3,1,2,0.0
202300020413,155 644 357,A01,2,7,13,0,2,1,1,0.0
202300020414,155 644 355,B01,1,7,0,2,9,1,1,0.0
202300020414,155 644 356,A01,1,7,0,2,1,1,1,0.0
202300020414,155 644 358,C01,1,7,0,2,4,1,1,0.0
202300020415,155 644 354,A01,1,1,2,0,0,1,5,0.0
202300020416,155 644 353,A01,2,33,12,0,1,1,1,0.0
202300020417,155 644 352,A01,0,2,16,0,0,0,1,0.0
202300020418,155 644 351,A01,1,38,17,0,1,14,1,4.0
202300020419,155 644 344,B01,0,7,0,2,1,2,0,0.0
202300020419,155 644 347,C01,0,7,0,2,1,1,0,0.0
202300020419,155 644 350,A01,0,7,0,2,3,26,1,0.0
202300020420,155 644 343,C01,1,7,0,2,1,17,1,0.0
202300020420,155 644 346,D01,1,10,0,2,1,17,1,0.0
202300020420,155 644 348,A01,1,7,0,2,0,12,1,0.0
202300020420,155 644 349,B01,1,7,0,2,1,17,1,0.0
202300020421,155 644 342,A01,1,7,0,2,1,23,1,0.0
202300020421,155 644 345,B01,1,7,0,2,6,26,1,0.0
202300020422,155 644 339,A01,1,80,0,2,1,19,3,0.0
202300020422,155 644 340,B01,1,7,0,2,3,16,3,0.0
202300020423,155 644 338,A01,1,7,0,2,2,0,1,0.0
202300020423,155 644 341,B01,1,7,0,0,6,0,1,0.0
202300020424,155 644 333,B01,1,1,0,2,4,2,5,0.0
202300020424,155 644 334,A01,1,10,0,2,2,2,1,0.0
202300020425,155 644 332,B01,1,7,0,2,4,2,1,0.0
202300020425,155 644 335,A01,1,7,0,2,1,2,1,0.0
202300020426,155 644 331,A01,1,2,0,0,0,1,1,0.0
202300020427,155 644 328,A01,1,17,0,2,1,2,1,0.0
202300020427,155 644 330,B01,1,21,0,0,4,2,1,0.0
202300020428,155 644 326,A01,1,30,0,2,4,1,1,0.0
202300020428,155 644 329,B01,1,7,0,2,2,1,1,0.0
202300020429,155 644 325,A01,1,33,0,2,1,13,1,0.0
202300020429,155 644 327,B01,1,7,0,2,3,15,1,0.0
202300020430,155 644 323,A01,3,99,0,1,3,26,6,0.0
202300020431,155 644 322,B01,1,1,0,2,1,1,5,0.0
202300020431,155 644 324,A01,1,1,14,2,1,1,5,0.0
202300020432,155 644 319,A01,2,33,0,0,7,16,1,0.0
202300020433,155 644 318,Z01,1,7,0,2,0,0,1,0.0
202300020433,155 644 320,B01,1,7,0,2,4,1,1,0.0
202300020434,155 644 317,A01,2,7,0,2,3,13,1,0.0
202300020434,155 644 321,B01,1,10,0,2,8,1,1,0.0
202300020435,155 644 315,A01,3,30,12,0,1,1,1,0.0
202300020436,155 644 313,A01,1,7,0,2,1,13,1,0.0
202300020436,155 644 316,B01,2,7,0,2,1,1,1,0.0
202300020437,155 644 312,B01,2,7,12,2,1,1,1,0.0
202300020437,155 644 314,A01,1,7,12,2,1,13,1,0.0
202300020438,155 644 310,C01,2,7,0,2,4,1,1,0.0
202300020438,155 644 311,B01,2,7,14,2,1,1,1,0.0
202300020439,155 644 309,A01,3,21,0,1,5,4,1,0.0
202300020440,155 644 308,A01,2,7,2,0,3,1,1,0.0
202300020441,155 644 305,A01,1,7,0,2,3,15,1,0.0
202300020441,155 644 307,B01,1,30,0,2,1,1,1,0.0
202300020442,155 644 306,A01,2,80,0,0,1,1,3,0.0
202300020443,155 644 304,A01,3,7,1,0,2,14,1,0.0
202300020444,155 644 302,A01,1,7,0,1,1,26,1,0.0
202300020445,155 644 298,A01,2,7,0,2,2,17,2,0.0
202300020445,155 644 300,B01,2,7,6,0,5,11,1,0.0
202300020446,155 644 299,C01,2,33,0,2,1,1,1,0.0
202300020446,155 644 301,B01,1,10,0,2,4,23,1,0.0
202300020446,155 644 303,A01,1,7,0,2,1,1,1,0.0
202300020447,155 644 295,A01,2,2,13,0,7,1,1,0.0
202300020448,155 644 296,A01,2,7,0,2,1,2,1,0.0
202300020448,155 644 297,B01,2,7,0,2,4,1,1,0.0
202300020449,155 644 293,A01,1,3,0,1,1,1,1,0.0
202300020450,155 644 294,A01,1,7,6,0,1,1,1,0.0
202300020451,155 644 291,A01,3,7,0,2,1,2,1,0.0
202300020451,155 644 292,B01,3,7,0,2,4,2,1,0.0
202300020452,155 644 284,C01,2,10,0,2,1,1,0,0.0
202300020452,155 644 286,B01,1,7,0,2,1,1,0,0.0
202300020452,155 644 287,A01,2,15,0,2,1,13,0,0.0
202300020453,155 644 283,A01,1,3,0,2,3,5,1,0.0
202300020453,155 644 285,B01,2,7,0,2,3,1,1,0.0
202300020454,155 644 282,A01,2,33,0,0,9,9,1,0.0
202300020455,155 644 279,B01,1,7,0,2,4,2,1,0.0
202300020455,155 644 281,A01,1,10,0,2,1,2,1,0.0
202300020456,155 644 277,B01,2,10,0,2,5,23,1,0.0
202300020456,155 644 278,A01,2,14,1,1,2,13,1,0.0
202300020456,155 644 280,C01,1,7,0,2,1,1,1,0.0
202300020457,155 644 276,A01,1,7,0,1,1,1,1,0.0
202300020458,155 644 275,A01,1,33,0,9,0,1,1,0.0
202300020459,155 644 273,A01,1,10,7,0,1,2,1,0.0
202300020460,155 644 272,B01,3,3,0,2,4,1,1,0.0
202300020460,155 644 274,A01,3,0,0,2,1,0,0,0.0
202300020461,155 644 271,A01,1,7,0,1,2,2,1,0.0
202300020462,155 644 270,A01,2,33,1,0,3,1,1,0.0
202300020463,155 644 267,A01,2,7,0,2,2,1,1,0.0
202300020463,155 644 269,B01,2,1,0,2,4,15,5,0.0
202300020464,155 644 266,B01,1,7,15,2,4,1,1,0.0
202300020464,155 644 268,A01,1,7,0,2,1,2,1,0.0
202300020465,155 644 264,A01,3,10,15,0,1,1,1,0.0
202300020466,155 644 263,A01,3,50,0,2,2,1,3,0.0
202300020466,155 644 265,B01,3,7,14,2,2,9,1,0.0
202300020467,155 644 261,B01,1,7,0,2,3,2,0,0.0
202300020467,155 644 262,A01,2,7,0,2,3,2,0,0.0
202300020468,155 644 260,A01,1,7,0,1,2,1,1,0.0
202300020469,155 644 256,B01,2,31,0,2,3,1,1,0.0
202300020469,155 644 259,A01,1,7,0,2,2,10,1,0.0
202300020470,155 644 254,A01,1,38,0,2,7,16,1,1.0
202300020470,155 644 257,B01,1,50,0,2,3,1,3,0.0
202300020471,155 644 253,B01,1,50,0,2,6,1,3,0.0
202300020471,155 644 255,A01,1,7,0,2,2,17,1,0.0
202300020472,155 644 251,C01,3,7,0,2,1,26,0,0.0
202300020472,155 644 252,B01,0,80,0,2,1,25,3,0.0
202300020473,155 644 249,A01,3,7,0,2,3,16,1,0.0
202300020473,155 644 250,B01,3,2,0,2,1,15,1,0.0
202300020474,155 644 248,A01,3,7,0,1,1,26,0,0.0
202300020475,155 644 246,A01,2,7,0,2,4,2,1,0.0
202300020475,155 644 247,B01,2,7,0,2,1,2,1,0.0
202300020476,155 644 245,A01,3,1,0,0,0,23,5,0.0
202300020477,155 644 243,A01,1,7,13,0,2,1,1,0.0
202300020478,155 644 242,A01,3,7,0,2,2,0,2,0.0
202300020478,155 644 244,B01,3,1,0,2,0,0,5,0.0
202300020479,155 644 241,A01,3,7,0,1,2,1,1,0.0
202300020480,155 644 237,B01,1,15,0,2,2,1,1,0.0
202300020480,155 644 238,A01,1,7,4,2,9,9,1,0.0
202300020480,155 644 240,C01,1,15,0,2,2,1,1,0.0
202300020481,155 644 239,A01,2,7,0,1,1,0,0,0.0
202300020482,155 644 232,A01,1,10,0,2,2,16,1,0.0
202300020482,155 644 235,B01,0,50,0,2,0,0,3,0.0
202300020483,155 644 230,A01,1,7,0,2,1,2,1,0.0
202300020483,155 644 231,D01,1,7,0,2,4,2,1,0.0
202300020483,155 644 233,C01,1,7,0,2,4,2,1,0.0
202300020483,155 644 236,B01,1,7,0,2,4,1,1,0.0
202300020484,155 644 234,A01,3,80,0,1,1,1,3,0.0
202300020485,155 644 227,B01,1,7,0,2,4,2,1,0.0
202300020485,155 644 228,A01,1,10,0,2,1,2,1,0.0
202300020486,155 644 226,A01,2,7,0,2,0,1,1,0.0
202300020486,155 644 229,B01,1,30,0,2,0,1,1,0.0
202300020487,155 644 223,A01,2,7,0,1,2,1,1,0.0
202300020488,155 644 222,B01,1,10,0,2,6,1,1,0.0
202300020488,155 644 224,C01,1,10,0,2,5,0,1,0.0
202300020488,155 644 225,A01,1,10,0,2,1,1,1,0.0
202300020489,155 644 221,A01,3,7,0,1,2,1,1,0.0
202300020490,155 644 218,B01,2,7,0,0,5,23,1,0.0
202300020490,155 644 220,A01,2,33,14,2,1,1,1,0.0
202300020491,155 644 215,A01,2,7,3,0,1,26,1,0.0
202300020492,155 644 216,A01,1,7,0,9,3,18,1,0.0
202300020492,155 644 217,B01,1,1,0,2,2,2,5,0.0
202300020493,155 644 214,A01,3,7,0,2,1,2,1,0.0
202300020493,155 644 219,B01,3,10,0,2,4,2,1,0.0
202300020494,155 644 213,A01,2,7,3,0,1,14,2,0.0
202300020495,155 644 212,A01,1,7,0,1,7,17,1,0.0
202300020496,155 644 209,B01,1,7,0,2,4,2,1,0.0
202300020496,155 644 211,A01,1,7,0,2,1,26,1,0.0
202300020497,155 644 210,A01,0,7,0,1,8,16,1,0.0
202300020498,155 644 207,A01,1,7,1,-1,1,1,1,0.0
202300020498,155 644 208,B01,1,14,0,2,4,24,1,0.0
202300020499,155 644 202,A01,3,30,0,0,0,0,1,0.0
202300020499,155 644 205,B01,0,7,0,2,4,2,1,0.0
202300020500,155 644 203,A01,1,10,0,2,3,2,1,0.0
202300020500,155 644 206,B01,1,7,0,0,6,1,1,0.0
202300020501,155 644 200,Z01,1,15,0,2,1,2,1,0.0
202300020501,155 644 201,C01,1,7,0,2,4,2,1,0.0
202300020501,155 644 204,B01,1,7,0,2,1,2,1,0.0
202300020502,155 644 198,A01,3,33,0,1,1,26,1,0.0
202300020503,155 644 196,B01,2,17,0,2,4,1,1,0.0
202300020503,155 644 197,A01,2,7,0,2,1,12,1,0.0
202300020504,155 644 199,A01,1,7,0,1,1,1,1,0.0
202300020505,155 644 193,A01,1,17,0,2,2,12,1,0.0
202300020505,155 644 195,B01,1,7,0,2,8,2,1,0.0
202300020506,155 644 194,A01,3,7,0,1,1,20,1,0.0
202300020507,155 644 189,B01,2,1,0,2,1,5,5,0.0
202300020507,155 644 192,A01,3,7,0,2,1,26,1,0.0
202300020508,155 644 188,A01,2,17,4,2,1,1,1,0.0
202300020508,155 644 191,B01,2,7,0,2,4,2,1,0.0
202300020509,155 644 187,B01,2,1,0,2,8,21,5,0.0
202300020509,155 644 190,A01,2,7,0,2,2,19,1,0.0
202300020510,155 644 186,A01,2,7,3,0,1,1,1,0.0
202300020511,155 644 184,A01,1,7,0,2,3,1,1,0.0
202300020511,155 644 185,B01,3,50,0,2,1,19,3,0.0
202300020512,155 644 183,A01,1,7,4,0,1,1,1,0.0
202300020513,155 644 178,B01,2,15,0,2,4,2,1,0.0
202300020513,155 644 181,A01,2,10,0,2,1,2,1,0.0
202300020514,155 644 179,B01,3,7,0,2,6,2,1,0.0
202300020514,155 644 182,A01,3,33,0,2,2,2,1,0.0
202300020515,155 644 177,A01,1,10,0,2,1,2,1,0.0
202300020515,155 644 180,B01,1,7,0,2,4,1,1,0.0
202300020516,155 644 176,A01,1,7,4,0,1,1,1,0.0
202300020517,155 644 175,A01,1,7,13,0,7,14,1,0.0
202300020518,155 644 169,C01,1,7,0,2,4,2,1,0.0
202300020518,155 644 170,B01,1,7,0,2,1,2,1,0.0
202300020518,155 644 172,A01,1,7,0,2,1,2,1,0.0
202300020519,155 644 168,B01,1,7,0,2,4,1,1,0.0
202300020519,155 644 171,A01,1,1,0,2,1,1,5,0.0
202300020520,155 644 173,A01,1,50,0,2,1,2,3,0.0
202300020520,155 644 174,B01,1,7,0,9,4,2,1,0.0
202300020521,155 644 167,A01,2,7,0,1,1,26,1,0.0
202300020522,155 644 163,B01,2,7,0,2,8,1,1,0.0
202300020522,155 644 165,A01,2,7,0,2,2,17,1,0.0
202300020523,155 644 162,A01,1,10,0,2,1,1,1,0.0
202300020523,155 644 164,B01,1,7,0,2,4,1,1,0.0
202300020523,155 644 166,C01,1,7,0,2,4,1,1,0.0
202300020524,155 644 159,A01,2,7,0,0,5,0,1,0.0
202300020525,155 644 160,B01,1,7,0,0,1,15,1,0.0
202300020525,155 644 161,A01,2,50,0,2,8,1,3,0.0
202300020526,155 644 156,A01,2,7,0,2,6,1,1,0.0
202300020526,155 644 158,B01,1,33,0,2,1,1,1,0.0
202300020527,155 644 155,A01,2,7,0,2,1,1,1,0.0
202300020527,155 644 157,B01,2,7,0,2,4,1,1,0.0
202300020528,155 644 154,B01,2,33,0,1,1,14,1,0.0
202300020529,155 644 150,B01,2,1,0,2,1,1,5,0.0
202300020529,155 644 152,A01,1,7,0,2,2,15,1,0.0
202300020530,155 644 148,A01,1,7,0,2,1,1,1,0.0
202300020530,155 644 149,C01,1,7,0,2,4,1,1,0.0
202300020530,155 644 151,D01,1,17,0,2,1,1,1,0.0
202300020530,155 644 153,B01,1,7,0,2,4,1,1,0.0
202300020531,155 644 143,A01,2,7,0,1,2,21,1,0.0
202300020532,155 644 144,A01,1,7,0,2,1,1,1,0.0
202300020532,155 644 146,B01,1,7,0,2,4,1,1,0.0
202300020533,155 644 142,A01,1,7,4,0,3,1,1,0.0
202300020534,155 644 141,A01,3,30,0,0,0,1,1,0.0
202300020535,155 644 140,A01,2,7,3,9,1,1,1,0.0
202300020536,155 644 145,A01,3,7,0,2,2,15,1,0.0
202300020536,155 644 147,B01,3,7,0,2,1,1,2,0.0
202300020537,155 644 136,B01,1,14,0,2,3,1,1,0.0
202300020537,155 644 139,A01,2,7,0,2,3,13,1,0.0
202300020538,155 644 134,B01,1,1,0,2,1,1,5,0.0
202300020538,155 644 137,A01,2,7,0,2,2,15,1,0.0
202300020539,155 644 133,A01,1,30,0,2,1,1,1,0.0
202300020539,155 644 138,B01,1,7,0,2,2,1,1,0.0
202300020540,155 644 127,A01,2,7,0,2,8,10,1,0.0
202300020540,155 644 130,B01,2,2,0,2,1,1,1,0.0
202300020541,155 644 128,Z01,3,7,0,2,2,16,0,0.0
202300020541,155 644 131,B01,3,1,0,2,8,1,5,0.0
202300020542,155 644 129,A01,1,33,14,0,1,1,1,0.0
202300020543,155 644 126,A01,3,7,0,1,7,9,0,0.0
202300020544,155 644 125,A01,2,30,0,0,7,0,1,0.0
202300020545,155 644 124,A01,2,7,0,1,7,16,1,0.0
202300020546,155 644 118,A01,2,7,0,2,1,1,2,0.0
202300020546,155 644 123,B01,2,7,0,2,6,1,1,0.0
202300020547,155 644 120,B01,2,1,0,2,1,1,5,0.0
202300020547,155 644 122,A01,1,7,0,2,2,15,1,0.0
202300020548,155 644 119,B01,3,33,0,2,3,1,1,0.0
202300020548,155 644 121,A01,3,7,0,2,1,15,1,0.0
202300020549,155 644 115,B01,2,10,0,2,1,1,1,0.0
202300020549,155 644 117,C01,2,7,0,2,9,1,1,0.0
202300020549,155 644 132,D01,2,10,0,2,1,1,1,0.0
202300020549,155 644 135,A01,2,7,0,2,4,1,1,0.0
202300020550,155 644 114,A01,3,7,0,1,1,1,1,0.0
202300020551,155 644 112,A01,2,31,0,2,1,17,1,0.0
202300020551,155 644 113,B01,2,30,0,2,1,0,3,0.0
202300020552,155 644 111,B01,2,1,0,2,1,15,5,0.0
202300020552,155 644 116,A01,2,1,0,2,1,25,5,0.0
202300020553,155 644 107,B01,3,7,0,2,8,9,1,0.0
202300020553,155 644 110,A01,3,7,0,2,3,1,1,0.0
202300020554,155 644 106,B01,3,1,0,2,4,2,5,0.0
202300020554,155 644 108,A01,3,30,0,9,4,26,0,0.0
202300020555,155 644 105,A01,1,7,0,2,2,15,1,0.0
202300020555,155 644 109,B01,2,32,0,2,1,1,3,0.0
202300020556,155 644 102,A01,1,7,0,2,2,0,1,0.0
202300020556,155 644 104,B01,3,1,0,2,0,0,5,0.0
202300020557,155 644 100,A01,3,7,0,0,1,1,0,0.0
202300020558,155 644 099,A01,3,7,0,2,2,11,1,0.0
202300020558,155 644 101,B01,3,7,0,2,3,1,1,0.0
202300020559,155 644 103,A01,1,7,0,1,3,1,1,0.0
202300020560,155 644 097,A01,1,7,13,0,1,1,1,0.0
202300020561,155 644 094,B01,1,1,0,2,0,0,5,0.0
202300020561,155 644 096,A01,2,10,6,0,3,9,1,0.0
202300020562,155 644 093,A01,1,7,0,1,7,1,1,0.0
202300020563,155 644 092,B01,1,7,0,2,4,1,1,0.0
202300020563,155 644 095,C01,1,7,0,2,4,1,1,0.0
202300020563,155 644 098,A01,1,10,0,2,1,2,1,0.0
202300020564,155 644 089,B01,2,40,0,1,2,1,2,0.0
202300020565,155 644 086,B01,0,7,0,2,8,1,1,0.0
202300020565,155 644 088,A01,0,7,0,2,1,1,1,0.0
202300020566,155 644 085,A01,0,31,0,2,0,9,1,0.0
202300020567,155 644 084,B01,1,33,0,2,8,1,1,0.0
202300020567,155 644 087,A01,2,80,0,2,1,19,3,0.0
202300020568,155 644 081,A01,2,7,0,1,1,16,1,0.0
202300020569,155 644 079,A01,1,7,0,2,2,1,1,0.0
202300020569,155 644 083,B01,2,10,0,2,1,15,1,0.0
202300020570,155 644 080,A01,1,30,0,1,3,1,1,0.0
202300020571,155 644 077,A01,1,30,1,0,1,1,1,0.0
202300020572,155 644 074,B01,2,7,0,2,2,15,1,0.0
202300020572,155 644 078,A01,2,35,0,2,7,1,3,0.0
202300020573,155 644 075,B01,1,7,14,2,3,15,1,0.0
202300020573,155 644 076,A01,2,1,0,2,1,21,5,0.0
202300020574,155 644 072,A01,1,1,0,2,9,0,5,0.0
202300020574,155 644 073,Z01,1,7,0,2,3,1,1,0.0
202300020575,155 644 071,A01,3,10,0,1,1,2,1,0.0
202300020576,155 644 070,A01,1,10,0,1,1,15,1,0.0
202300020577,155 644 069,A01,1,7,13,0,2,1,1,0.0
202300020578,155 644 066,A01,3,7,0,9,3,1,1,0.0
202300020578,155 644 067,B01,3,1,0,2,1,1,5,0.0
202300020579,155 644 063,A01,2,7,0,2,2,16,1,0.0
202300020579,155 644 064,B01,2,50,0,2,3,16,3,0.0
202300020580,155 644 062,B01,2,7,0,2,3,1,0,0.0
202300020580,155 644 065,A01,1,15,0,2,1,19,1,0.0
202300020581,155 644 061,A01,1,7,0,1,2,16,1,0.0
202300020582,155 644 068,A01,2,7,0,2,2,13,1,0.0
202300020582,155 644 082,B01,1,10,0,2,2,1,1,0.0
202300020583,155 644 058,A01,1,7,0,1,1,20,1,0.0
202300020584,155 644 056,A01,2,7,0,2,1,1,1,0.0
202300020584,155 644 057,B01,2,2,0,2,4,15,1,0.0
202300020585,155 644 053,A01,1,7,2,0,1,13,1,0.0
202300020586,155 644 050,Z01,0,7,0,2,0,0,0,0.0
202300020586,155 644 052,A01,0,7,12,2,3,0,1,0.0
202300020587,155 644 049,C01,2,7,0,2,6,0,1,0.0
202300020587,155 644 051,B01,2,7,0,2,4,15,0,0.0
202300020587,155 644 054,A01,2,7,0,2,1,0,1,0.0
202300020588,155 644 047,B01,1,31,0,2,1,0,1,0.0
202300020588,155 644 048,A01,1,7,0,2,3,0,1,0.0
202300020589,155 644 044,A01,0,7,0,2,3,1,1,0.0
202300020589,155 644 046,B01,0,10,0,2,1,1,1,0.0
202300020590,155 644 043,A01,3,7,0,2,3,5,1,0.0
202300020590,155 644 045,B01,3,7,0,2,3,1,1,0.0
202300020591,155 644 042,A01,1,7,0,0,0,26,1,0.0
202300020592,155 644 039,B01,2,7,4,2,0,1,1,0.0
202300020592,155 644 040,A01,2,7,0,2,6,11,1,0.0
202300020593,155 644 036,B01,3,7,0,2,8,1,1,0.0
202300020593,155 644 037,A01,3,7,0,2,8,1,1,0.0
202300020594,155 644 033,A01,2,7,0,2,3,15,1,0.0
202300020594,155 644 035,B01,1,0,-1,2,-1,-1,-1,0.0
202300020595,155 644 031,B01,1,2,0,2,1,1,0,0.0
202300020595,155 644 032,A01,2,7,0,2,1,1,0,0.0
202300020596,155 644 034,A01,2,7,0,2,2,1,1,0.0
202300020596,155 644 038,B01,1,7,0,2,1,1,1,0.0
202300020597,155 644 027,A01,1,7,0,2,3,15,1,0.0
202300020597,155 644 028,B01,1,2,0,2,2,1,1,0.0
202300020598,155 644 024,A01,1,7,6,0,2,1,1,0.0
202300020599,155 644 026,B01,2,31,0,2,1,1,3,0.0
202300020599,155 644 029,A01,1,7,0,2,5,1,1,0.0
202300020600,155 644 023,A01,1,7,0,1,3,1,1,0.0
202300020601,155 644 021,A01,3,7,0,2,1,9,1,0.0
202300020601,155 644 022,B01,3,30,0,2,5,0,1,0.0
202300020602,155 644 019,A01,2,7,0,1,1,1,1,0.0
202300020603,155 644 020,A01,2,7,0,9,5,16,0,0.0
202300020603,155 644 025,B01,2,1,0,2,1,1,5,0.0
202300020604,155 644 016,A01,3,14,0,1,4,4,1,0.0
202300020605,155 644 018,A01,1,7,8,0,2,1,1,0.0
202300020606,155 644 013,B01,3,1,0,2,0,0,5,0.0
202300020606,155 644 014,A01,3,7,0,2,0,0,1,0.0
202300020607,155 644 015,A01,2,30,0,2,1,2,1,0.0
202300020607,155 644 017,B01,2,15,0,2,4,1,1,0.0
202300020608,155 644 010,A01,1,7,0,1,1,1,1,0.0
202300020609,155 644 011,A01,2,7,0,1,2,15,1,0.0
202300020610,155 644 007,A01,1,7,0,2,3,1,1,0.0
202300020610,155 644 008,B01,1,7,0,2,7,12,2,0.0
202300020611,155 644 003,A01,2,7,0,2,2,1,2,0.0
202300020611,155 644 004,B01,2,32,0,2,1,1,1,0.0
202300020612,155 644 002,A01,1,7,0,2,1,2,1,0.0
202300020612,155 644 006,B01,1,7,0,2,4,2,1,0.0
202300020613,155 643 998,C01,2,10,0,2,1,23,3,0.0
202300020613,155 644 000,A01,1,7,0,2,8,15,3,0.0
202300020613,155 644 001,B01,1,33,0,2,7,17,1,0.0
202300020614,155 643 999,B01,2,7,0,2,8,1,1,0.0
202300020614,155 644 005,A01,1,7,0,2,3,13,1,0.0
202300020615,155 643 996,A01,1,7,0,2,3,15,1,0.0
202300020615,155 643 997,B01,1,30,0,2,2,17,3,0.0
202300020616,155 643 995,A01,2,33,0,0,7,26,1,0.0
202300020617,155 643 994,A01,1,7,0,1,1,1,3,0.0
202300020618,155 643 992,B01,3,50,0,2,1,1,3,0.0
202300020618,155 643 993,A01,3,7,8,2,3,15,1,0.0
202300020619,155 643 988,A01,3,10,0,2,3,2,1,0.0
202300020619,155 643 990,B01,3,7,0,2,4,2,3,0.0
202300020620,155 643 986,C01,1,7,0,2,4,2,1,0.0
202300020620,155 643 989,A01,1,7,0,2,1,2,1,0.0
202300020620,155 643 991,B01,1,7,0,2,4,2,1,0.0
202300020621,155 643 985,A01,1,1,0,0,0,16,5,0.0