num_acc,id_vehicule,num_veh,senc,catv,obs,obsm,choc,manv,motor,occutc
202300020622,155 643 978,C01,1,7,0,2,2,1,1,0.0
202300020622,155 643 982,A01,1,37,0,2,7,1,6,1.0
202300020622,155 643 984,B01,1,7,0,2,1,1,3,0.0
202300020623,155 643 979,B01,2,7,0,2,4,1,6,0.0
202300020623,155 643 981,C01,2,7,0,2,8,1,1,0.0
202300020623,155 643 983,A01,2,43,0,2,1,3,1,0.0
202300020624,155 643 977,A01,0,7,0,2,4,2,4,0.0
202300020624,155 643 980,B01,0,10,0,2,1,2,4,0.0
202300020625,155 643 974,B01,1,7,0,2,1,2,1,0.0
202300020625,155 643 975,A01,1,7,0,2,4,23,1,0.0
202300020626,155 643 973,B01,1,10,0,2,6,11,1,0.0
202300020626,155 643 976,A01,1,33,0,2,2,3,1,0.0
202300020627,155 643 971,A01,3,1,0,2,1,0,5,0.0
202300020627,155 643 972,B01,3,7,0,2,1,5,1,0.0
202300020628,155 643 968,A01,3,7,4,2,2,6,1,0.0
202300020628,155 643 970,B01,3,7,0,2,1,1,1,0.0
202300020629,155 643 966,B01,1,7,0,2,7,1,1,0.0
202300020629,155 643 967,C01,1,10,0,2,8,1,1,0.0
202300020629,155 643 969,A01,1,33,0,2,8,3,1,0.0
202300020630,155 643 962,B01,2,7,0,2,1,1,1,0.0
202300020630,155 643 964,A01,2,7,0,2,3,10,1,0.0
202300020631,155 643 963,A01,2,33,0,2,1,17,1,0.0
202300020631,155 643 965,B01,2,7,0,2,8,11,0,0.0
202300020632,155 643 960,A01,2,7,0,2,6,9,1,0.0
202300020632,155 643 961,B01,2,30,0,2,1,1,1,0.0
202300020633,155 643 959,A01,1,32,0,1,1,2,1,0.0
202300020634,155 643 956,B01,2,7,0,2,1,1,1,0.0
202300020634,155 643 958,A01,1,7,0,2,2,19,1,0.0
202300020635,155 643 957,A01,1,31,11,0,1,13,1,0.0
202300020636,155 643 952,A01,0,30,0,2,7,15,1,0.0
202300020636,155 643 954,B01,0,30,0,2,1,1,1,0.0
202300020637,155 643 951,A01,1,33,0,2,1,2,1,0.0
202300020637,155 643 953,B01,1,7,0,0,4,2,1,0.0
202300020637,155 643 955,C01,1,7,0,2,1,2,1,0.0
202300020638,155 643 949,B01,2,7,0,2,2,9,1,0.0
202300020638,155 643 950,A01,1,2,0,2,1,1,1,0.0
202300020639,155 643 946,B01,3,30,0,2,2,6,1,0.0
202300020639,155 643 948,A01,3,7,0,2,3,6,1,0.0
202300020640,155 643 943,A01,2,33,0,2,7,16,1,0.0
202300020640,155 643 944,B01,2,10,0,2,7,1,1,0.0
202300020641,155 643 941,A01,1,33,0,0,7,1,1,0.0
202300020642,155 643 938,C01,1,7,0,2,1,1,1,0.0
202300020642,155 643 940,A01,0,7,0,2,1,5,1,0.0
202300020642,155 643 942,B01,2,7,0,0,8,1,1,0.0
202300020643,155 643 937,A01,2,7,1,0,2,14,1,0.0
202300020644,155 643 936,A01,2,32,0,2,2,1,1,0.0
202300020644,155 643 939,Z01,2,1,0,2,3,11,5,0.0
202300020645,155 643 935,A01,1,10,1,0,1,16,1,0.0
202300020646,155 643 932,B01,1,7,0,2,1,1,1,0.0
202300020646,155 643 934,A01,2,7,0,2,7,10,1,0.0
202300020647,155 643 931,B01,2,1,0,2,1,1,5,0.0
202300020647,155 643 933,A01,2,7,0,2,1,22,3,0.0
202300020648,155 643 930,A01,2,7,8,0,1,0,0,0.0
202300020649,155 643 925,A01,3,10,2,0,1,2,1,0.0
202300020650,155 643 927,A01,2,32,0,2,1,3,1,0.0
202300020650,155 643 929,B01,2,10,0,2,5,1,1,0.0
202300020651,155 643 924,A01,1,7,0,2,7,13,1,0.0
202300020651,155 643 926,B01,2,13,0,2,1,1,1,0.0
202300020652,155 643 923,A01,3,10,0,2,1,1,1,0.0
202300020652,155 643 928,B01,3,7,0,2,7,1,1,0.0
202300020653,155 643 919,B01,2,7,0,2,3,20,2,0.0
202300020653,155 643 922,A01,2,43,0,2,1,17,1,0.0
202300020654,155 643 918,B01,2,7,0,2,1,1,1,0.0
202300020654,155 643 920,A01,2,10,0,2,3,1,1,0.0
202300020655,155 643 916,A01,3,32,0,0,2,16,1,0.0
202300020656,155 643 914,B01,3,1,0,2,7,0,5,0.0
202300020656,155 643 915,A01,3,7,0,2,2,1,2,0.0
202300020657,155 643 912,A01,2,7,0,1,7,1,1,0.0
202300020658,155 643 911,B01,2,30,0,2,3,15,3,0.0
202300020658,155 643 913,A01,1,7,0,2,1,1,3,0.0
202300020659,155 643 910,Z01,1,7,12,1,3,13,0,0.0
202300020660,155 643 908,A01,2,7,0,1,1,1,1,0.0
202300020661,155 643 903,B01,2,33,0,2,1,1,1,0.0
202300020661,155 643 904,A01,2,10,0,2,3,9,1,0.0
202300020662,155 643 902,A01,1,2,1,2,4,15,0,0.0
202300020662,155 643 906,B01,1,2,0,2,4,17,6,0.0
202300020662,155 643 907,C01,0,7,0,0,6,24,0,0.0
202300020663,155 643 901,A01,2,1,0,2,1,5,5,0.0
202300020663,155 643 905,B01,2,7,0,2,1,15,1,0.0
202300020664,155 643 909,C01,2,7,0,2,0,0,1,0.0
202300020664,155 643 917,B01,2,10,0,2,4,1,1,0.0
202300020664,155 643 921,A01,2,10,0,2,1,1,1,0.0
202300020665,155 643 899,A01,1,7,2,0,1,0,1,0.0
202300020666,155 643 897,B01,2,10,0,2,7,16,1,0.0
202300020666,155 643 900,A01,2,32,0,2,1,18,1,0.0
202300020667,155 643 896,A01,2,42,0,0,2,3,1,0.0
202300020668,155 643 894,A01,1,33,2,0,1,16,1,0.0
202300020669,155 643 893,A01,2,50,0,0,1,16,3,0.0
202300020670,155 643 891,A01,0,31,0,1,1,5,1,0.0
202300020671,155 643 892,A01,0,7,13,0,1,26,6,0.0
202300020672,155 643 890,A01,1,7,12,0,1,16,1,0.0
202300020673,155 643 887,A01,0,7,9,2,2,1,1,0.0
202300020673,155 643 889,B01,0,7,0,2,1,1,1,0.0
202300020674,155 643 888,A01,3,7,0,1,1,1,1,0.0
202300020675,155 643 886,A01,3,33,0,0,7,10,1,0.0
202300020676,155 643 884,A01,1,7,13,0,9,1,1,0.0
202300020677,155 643 883,A01,1,1,0,0,1,0,5,0.0
202300020678,155 643 885,A01,1,37,0,1,5,26,1,1.0
202300020679,155 643 881,A01,1,7,1,1,1,1,2,0.0
202300020680,155 643 879,A01,1,7,0,2,3,9,1,0.0
202300020680,155 643 882,B01,1,2,0,2,7,1,1,0.0
202300020681,155 643 876,A01,1,7,0,2,1,1,1,0.0
202300020681,155 643 878,B01,0,50,0,2,3,9,3,0.0
202300020682,155 643 877,A01,0,7,0,9,3,0,0,0.0
202300020682,155 643 880,B01,0,1,0,2,1,16,5,0.0
202300020683,155 643 873,A01,1,7,0,1,2,1,1,0.0
202300020684,155 643 870,B01,3,7,0,2,3,1,1,0.0
202300020684,155 643 874,A01,3,7,0,2,0,0,1,0.0
202300020685,155 643 867,A01,1,2,0,0,7,1,1,0.0
202300020686,155 643 866,A01,1,7,2,0,1,14,1,0.0
202300020687,155 643 865,A01,3,7,0,2,5,5,1,0.0
202300020687,155 643 868,B01,3,7,0,2,2,26,1,0.0
202300020688,155 643 869,A01,1,7,0,2,3,1,1,0.0
202300020688,155 643 872,B01,1,33,0,2,1,17,1,0.0
202300020688,155 643 875,C01,1,7,0,2,6,1,1,0.0
202300020689,155 643 864,A01,1,7,0,1,2,15,1,0.0
202300020690,155 643 861,B01,0,31,0,2,2,1,3,0.0
202300020690,155 643 863,A01,0,7,0,2,3,15,2,0.0
202300020691,155 643 857,B01,1,7,0,2,2,1,1,0.0
202300020691,155 643 862,A01,2,7,0,2,1,0,1,0.0
202300020692,155 643 856,B01,1,7,0,2,4,2,1,0.0
202300020692,155 643 859,A01,1,7,0,2,1,2,1,0.0
202300020693,155 643 855,A01,1,30,0,1,1,1,0,0.0
202300020694,155 643 853,A01,3,7,0,1,1,1,1,0.0
202300020695,155 643 852,B01,2,33,13,0,1,17,1,0.0
202300020695,155 643 854,A01,2,10,0,0,4,17,1,0.0
202300020696,155 643 850,A01,2,34,0,2,4,2,1,0.0
202300020696,155 643 851,B01,2,43,0,2,1,2,1,0.0
202300020697,155 643 847,Z01,1,7,0,1,2,0,1,0.0
202300020698,155 643 845,A01,2,7,0,2,2,21,1,0.0
202300020698,155 643 849,B01,1,7,0,2,2,1,1,0.0
202300020699,155 643 841,A01,1,7,0,2,1,17,1,0.0
202300020699,155 643 844,B01,1,7,0,2,4,15,1,0.0
202300020700,155 643 846,A01,0,7,0,2,1,9,1,0.0
202300020700,155 643 848,B01,0,2,0,2,8,1,1,0.0
202300020701,155 643 838,C01,2,7,0,2,1,2,1,0.0
202300020701,155 643 840,A01,2,7,0,2,4,2,1,0.0
202300020701,155 643 842,B01,2,7,0,2,1,2,1,0.0
202300020702,155 643 836,A01,0,7,0,2,1,9,6,0.0
202300020702,155 643 839,B01,0,7,0,2,3,0,0,0.0
202300020703,155 643 837,A01,1,50,0,1,1,1,3,0.0
202300020704,155 643 834,A01,2,7,3,0,1,1,1,0.0
202300020705,155 643 830,A01,3,7,0,2,1,1,2,0.0
202300020705,155 643 833,B01,3,7,0,2,8,1,2,0.0
202300020706,155 643 835,A01,2,7,1,0,3,1,1,0.0
202300020707,155 643 828,B01,2,7,13,0,8,1,1,0.0
202300020707,155 643 832,A01,2,7,0,2,1,19,1,0.0
202300020708,155 643 826,A01,1,7,0,2,4,2,1,0.0
202300020708,155 643 827,B01,1,7,0,2,2,2,1,0.0
202300020708,155 643 829,D01,1,7,0,2,1,2,1,0.0
202300020708,155 643 831,C01,1,10,0,2,2,2,1,0.0
202300020709,155 643 824,B01,1,7,0,2,4,23,1,0.0
202300020709,155 643 825,A01,1,7,7,2,1,1,1,0.0
202300020710,155 643 822,A01,2,7,13,1,3,26,1,0.0
202300020711,155 643 823,A01,2,7,0,1,1,1,1,0.0
202300020712,155 643 820,B01,0,7,0,2,0,0,0,0.0
202300020712,155 643 821,A01,2,7,0,2,4,2,1,0.0
202300020713,155 643 817,B01,1,60,0,2,1,19,5,0.0
202300020713,155 643 819,A01,1,7,0,2,7,16,2,0.0
202300020714,155 643 815,A01,1,1,0,2,1,1,5,0.0
202300020714,155 643 818,B01,1,7,0,2,3,19,1,0.0
202300020715,155 643 813,A01,2,7,0,2,4,2,1,0.0
202300020715,155 643 816,B01,2,7,0,2,1,2,1,0.0
202300020716,155 643 811,B01,3,7,0,2,4,2,1,0.0
202300020716,155 643 812,A01,3,1,0,2,1,2,5,0.0
202300020717,155 643 807,A01,2,1,0,0,3,0,5,0.0
202300020717,155 643 810,B01,2,13,0,0,5,0,0,0.0
202300020718,155 643 808,A01,1,1,14,0,7,14,5,0.0
202300020719,155 643 805,B01,1,10,0,2,7,14,1,0.0
202300020719,155 643 806,C01,1,17,0,2,7,23,1,0.0
202300020719,155 643 809,Z01,2,7,0,2,1,26,1,0.0
202300020720,155 643 814,A01,1,7,0,1,1,1,1,0.0
202300020721,155 643 804,A01,1,7,0,1,1,2,0,0.0
202300020722,155 643 802,A01,3,32,0,2,7,17,1,0.0
202300020722,155 643 803,B01,3,37,0,2,0,15,2,1.0
202300020723,155 643 800,A01,1,7,4,0,2,1,1,0.0
202300020724,155 643 799,A01,2,7,3,2,1,2,1,0.0
202300020725,155 643 801,A01,1,7,12,0,2,1,6,0.0
202300020726,155 643 797,A01,1,7,0,2,3,1,1,0.0
202300020726,155 643 798,B01,1,30,0,2,2,12,1,0.0
202300020727,155 643 796,A01,2,7,13,0,7,14,1,0.0
202300020728,155 643 795,A01,1,7,13,0,2,9,1,0.0
202300020729,155 643 793,A01,3,7,0,2,9,2,2,0.0
202300020729,155 643 794,B01,3,7,0,2,6,2,1,0.0
202300020730,155 643 790,A01,2,7,0,2,1,1,1,0.0
202300020730,155 643 792,B01,2,7,0,2,1,1,1,0.0
202300020731,155 643 789,B01,2,36,0,0,2,2,1,0.0
202300020731,155 643 791,A01,1,7,0,0,2,1,1,0.0
202300020732,155 643 787,A01,1,10,0,1,1,15,1,0.0
202300020733,155 643 786,A01,1,7,0,2,4,1,1,0.0
202300020733,155 643 788,B01,1,7,0,2,7,1,1,0.0
202300020734,155 643 784,A01,1,33,6,0,1,1,1,0.0
202300020735,155 643 783,A01,2,7,0,2,1,1,1,0.0
202300020735,155 643 785,B01,2,7,0,2,4,1,1,0.0
202300020736,155 643 782,A01,2,1,0,1,1,1,5,0.0
202300020737,155 643 781,A01,1,17,15,0,7,1,1,0.0
202300020738,155 643 776,C01,1,33,0,2,3,3,0,0.0
202300020738,155 643 778,B01,1,7,0,2,6,1,0,0.0
202300020738,155 643 779,A01,1,7,0,2,2,12,0,0.0
202300020739,155 643 775,A01,3,7,0,2,7,15,1,0.0
202300020739,155 643 777,B01,3,32,0,2,1,1,1,0.0
202300020740,155 643 772,A01,2,7,0,0,8,16,1,0.0
202300020740,155 643 773,B01,2,7,0,2,1,1,1,0.0
202300020741,155 643 767,B01,2,7,0,2,4,1,0,0.0
202300020741,155 643 770,A01,2,7,0,2,1,2,0,0.0
202300020742,155 643 766,A01,2,7,0,0,0,19,1,0.0
202300020743,155 643 765,B01,2,7,0,2,4,1,0,0.0
202300020743,155 643 769,A01,2,15,0,2,1,1,0,0.0
202300020743,155 643 771,C01,2,7,0,2,4,1,0,0.0
202300020744,155 643 768,B01,1,7,0,2,4,2,1,0.0
202300020744,155 643 774,X01,1,0,0,2,1,2,1,0.0
202300020744,155 643 780,C01,1,7,0,2,6,2,1,0.0
202300020745,155 643 761,A01,2,7,0,2,7,14,0,0.0
202300020745,155 643 762,B01,2,7,0,2,8,1,0,0.0
202300020746,155 643 760,B01,1,7,0,2,0,0,0,0.0
202300020746,155 643 764,A01,3,7,0,2,1,2,1,0.0
202300020747,155 643 759,B01,2,1,0,2,2,1,5,0.0
202300020747,155 643 763,A01,1,17,0,2,3,9,1,0.0
202300020748,155 643 756,A01,0,31,0,2,0,21,0,0.0
202300020749,155 643 753,B01,2,7,0,2,4,2,1,0.0
202300020749,155 643 757,A01,2,7,0,2,1,13,1,0.0
202300020750,155 643 758,A01,1,7,0,1,3,15,1,0.0
202300020751,155 643 754,B01,2,10,0,2,2,1,1,0.0
202300020751,155 643 755,A01,1,7,0,2,7,15,1,0.0
202300020752,155 643 751,A01,1,50,0,2,1,1,3,0.0
202300020752,155 643 752,B01,2,7,0,2,1,15,1,0.0
202300020753,155 643 748,B01,2,7,0,2,4,2,2,0.0
202300020753,155 643 750,A01,2,7,0,2,1,2,1,0.0
202300020754,155 643 747,A01,1,7,0,2,1,2,1,0.0
202300020754,155 643 749,B01,1,15,0,2,4,1,1,0.0
202300020755,155 643 742,A01,1,7,0,2,7,0,1,0.0
202300020755,155 643 744,B01,1,7,0,2,8,0,2,0.0
202300020756,155 643 743,B01,0,80,0,0,8,19,3,0.0
202300020756,155 643 746,A01,1,7,0,2,1,15,1,0.0
202300020757,155 643 740,B01,1,30,0,2,8,1,1,0.0
202300020757,155 643 745,A01,2,7,0,2,3,15,1,0.0
202300020758,155 643 739,A01,1,7,0,2,4,15,2,0.0
202300020758,155 643 741,B01,1,33,0,2,1,17,1,0.0
202300020759,155 643 735,A01,2,33,0,2,8,18,1,0.0
202300020759,155 643 738,B01,2,7,0,2,7,14,1,0.0
202300020760,155 643 733,A01,2,10,0,2,4,2,1,0.0
202300020760,155 643 736,B01,2,7,0,2,4,2,1,0.0
202300020760,155 643 737,C01,2,7,0,2,1,2,1,0.0
202300020761,155 643 732,A01,1,7,0,2,2,17,0,0.0
202300020761,155 643 734,B01,1,7,13,2,6,2,1,0.0
202300020762,155 643 730,A01,2,33,0,0,8,1,1,0.0
202300020763,155 643 729,B01,1,10,0,2,2,1,1,0.0
202300020763,155 643 731,A01,1,33,0,2,8,3,1,0.0
202300020764,155 643 728,A01,0,7,0,1,0,1,1,0.0
202300020765,155 643 727,A01,0,10,0,1,1,0,0,0.0
202300020766,155 643 724,A01,1,1,0,0,0,1,5,0.0
202300020767,155 643 725,A01,1,7,2,0,3,1,1,0.0
202300020768,155 643 723,A01,2,33,0,2,1,2,1,0.0
202300020768,155 643 726,B01,2,7,0,2,4,2,1,0.0
202300020769,155 643 721,A01,1,7,0,1,3,1,1,0.0
202300020770,155 643 715,B01,1,7,0,2,4,2,1,0.0
202300020770,155 643 719,A01,1,10,0,2,1,2,1,0.0
202300020770,155 643 720,C01,1,7,0,2,1,2,1,0.0
202300020771,155 643 716,A01,1,2,0,2,1,1,1,0.0
202300020771,155 643 717,B01,2,7,0,9,2,1,1,0.0
202300020772,155 643 714,A01,2,7,0,1,1,1,1,0.0
202300020773,155 643 713,B01,2,7,0,2,4,23,1,0.0
202300020773,155 643 718,A01,2,7,0,2,1,2,1,0.0
202300020774,155 643 709,A01,1,10,0,2,5,1,1,0.0
202300020774,155 643 712,B01,1,33,0,2,1,1,1,0.0
202300020775,155 643 707,A01,1,7,0,2,1,1,1,0.0
202300020775,155 643 711,B01,3,50,0,2,8,15,3,0.0
202300020776,155 643 706,B01,3,37,0,2,8,1,1,1.0
202300020776,155 643 710,A01,3,30,0,2,1,1,1,0.0
202300020777,155 643 705,B01,2,7,0,2,4,15,1,0.0
202300020777,155 643 708,Z01,2,7,0,2,1,2,0,0.0
202300020778,155 643 704,A01,1,7,4,0,1,1,1,0.0
202300020779,155 643 703,A01,2,7,8,0,3,26,1,0.0
202300020780,155 643 701,A01,1,7,0,2,1,2,1,0.0
202300020780,155 643 702,B01,1,7,8,2,4,2,1,0.0
202300020781,155 643 700,A01,1,7,2,0,8,21,1,0.0
202300020782,155 643 696,A01,1,7,16,0,4,12,1,0.0
202300020782,155 643 699,B01,1,17,0,2,1,21,1,0.0
202300020783,155 643 695,A01,1,30,0,2,8,10,1,0.0
202300020783,155 643 697,B01,1,32,0,2,1,1,1,0.0
202300020784,155 643 694,A01,2,2,0,0,4,14,1,0.0
202300020785,155 643 691,A01,3,7,15,0,3,1,1,0.0
202300020786,155 643 689,A01,1,33,13,0,1,1,1,0.0
202300020787,155 643 687,A01,3,10,0,1,4,4,1,0.0
202300020788,155 643 685,A01,2,21,13,0,3,0,1,0.0
202300020789,155 643 684,A01,1,7,0,2,4,23,1,0.0
202300020789,155 643 686,B01,1,7,0,2,4,23,1,0.0
202300020789,155 643 688,C01,1,7,0,2,1,2,1,0.0
202300020789,155 643 690,D01,1,7,0,2,1,2,1,0.0
202300020789,155 643 692,E01,1,7,0,2,1,2,1,0.0
202300020790,155 643 683,A01,1,17,0,0,8,1,1,0.0
202300020791,155 643 693,A01,2,7,0,2,7,15,1,0.0
202300020791,155 643 698,B01,1,33,0,2,1,1,1,0.0
202300020792,155 643 681,A01,3,7,0,1,0,23,1,0.0
202300020793,155 643 680,A01,0,7,0,1,1,15,1,0.0
202300020794,155 643 677,C01,1,7,3,2,1,1,1,0.0
202300020794,155 643 679,B01,1,7,0,2,1,1,1,0.0
202300020794,155 643 682,A01,2,7,3,2,1,5,1,0.0
202300020795,155 643 675,A01,3,10,0,1,1,1,1,0.0
202300020796,155 643 674,A01,1,35,0,2,3,1,3,0.0
202300020796,155 643 676,B01,2,1,0,2,0,1,5,0.0
202300020797,155 643 678,A01,1,7,0,1,1,15,1,0.0
202300020798,155 643 673,A01,1,1,0,1,1,1,5,0.0
202300020799,155 643 671,A01,2,33,0,0,0,26,1,0.0
202300020800,155 643 672,A01,2,33,0,1,3,1,1,0.0
202300020801,155 643 669,B01,2,7,13,2,4,1,1,0.0
202300020801,155 643 670,A01,2,10,0,2,2,2,1,0.0
202300020802,155 643 667,A01,1,10,3,0,2,1,1,0.0
202300020803,155 643 666,B01,2,7,0,2,6,23,1,0.0
202300020803,155 643 668,A01,2,31,0,2,7,11,1,0.0
202300020804,155 643 664,A01,0,7,0,1,1,1,1,0.0
202300020805,155 643 665,A01,0,7,0,1,1,15,1,0.0
202300020806,155 643 662,A01,1,2,0,2,1,5,1,0.0
202300020806,155 643 663,B01,2,7,0,2,2,1,1,0.0
202300020807,155 643 660,A01,3,2,0,2,1,1,1,0.0
202300020808,155 643 658,A01,1,33,0,2,1,1,1,0.0
202300020808,155 643 661,B01,3,7,0,2,8,9,1,0.0
202300020809,155 643 659,A01,1,33,16,0,0,14,1,0.0
202300020810,155 643 654,A01,1,33,0,0,9,0,1,0.0
202300020811,155 643 656,A01,2,10,0,2,3,15,1,0.0
202300020811,155 643 657,B01,1,43,0,2,3,1,1,0.0
202300020812,155 643 653,A01,2,60,13,0,7,1,5,0.0
202300020813,155 643 652,B01,1,10,0,2,1,24,1,0.0
202300020813,155 643 655,A01,2,7,11,0,1,13,1,0.0
202300020814,155 643 649,A01,1,7,3,2,1,2,1,0.0
202300020814,155 643 651,B01,1,14,0,2,4,1,1,0.0
202300020815,155 643 647,A01,1,7,0,2,3,15,1,0.0
202300020815,155 643 650,B01,1,33,0,2,4,15,1,0.0
202300020816,155 643 646,A01,1,15,0,2,8,11,1,0.0
202300020816,155 643 648,C01,1,7,3,2,7,1,1,0.0
202300020817,155 643 643,B01,1,2,0,2,1,1,1,0.0
202300020817,155 643 645,A01,2,10,0,2,3,13,1,0.0
202300020818,155 643 644,A01,2,7,0,1,1,1,1,0.0
202300020819,155 643 642,A01,1,7,0,1,2,1,1,0.0
202300020820,155 643 640,A01,1,7,0,2,1,5,1,0.0
202300020820,155 643 641,B01,2,7,0,2,1,1,1,0.0
202300020821,155 643 639,A01,2,7,15,0,2,21,1,0.0
202300020822,155 643 638,A01,1,99,0,9,0,0,6,0.0
202300020823,155 643 637,A01,3,7,0,1,1,1,0,0.0
202300020824,155 643 636,A01,1,7,8,0,1,15,1,0.0
202300020825,155 643 634,A01,1,10,0,2,1,2,1,0.0
202300020825,155 643 635,B01,1,7,0,2,4,2,1,0.0
202300020826,155 643 632,A01,2,7,6,0,3,1,1,0.0
202300020827,155 643 631,A01,3,10,0,1,6,26,1,0.0
202300020828,155 643 630,A01,1,30,0,2,1,1,1,0.0
202300020828,155 643 633,B01,2,32,0,2,2,15,1,0.0
202300020829,155 643 628,B01,2,7,0,2,8,9,1,0.0
202300020829,155 643 629,A01,1,33,0,2,1,1,1,0.0
202300020830,155 643 627,A01,0,7,15,1,1,26,1,0.0
202300020831,155 643 623,A01,1,7,2,0,1,13,1,0.0
202300020832,155 643 621,A01,3,7,0,2,2,15,0,0.0
202300020832,155 643 626,B01,0,50,0,0,0,0,3,0.0
202300020833,155 643 620,A01,0,7,0,2,3,0,1,0.0
202300020833,155 643 624,B01,0,7,0,2,3,15,1,0.0
202300020834,155 643 619,A01,1,1,6,0,1,1,5,0.0
202300020835,155 643 618,A01,2,7,2,0,1,0,1,0.0
202300020836,155 643 616,A01,0,7,0,2,3,15,1,0.0
202300020836,155 643 617,B01,0,31,0,2,1,1,1,0.0
202300020837,155 643 615,A01,2,7,13,0,1,0,1,0.0
202300020838,155 643 614,A01,1,7,0,1,1,1,1,0.0
202300020839,155 643 613,A01,1,7,3,0,9,16,0,0.0
202300020840,155 643 610,B01,2,38,0,2,1,1,1,1.0
202300020840,155 643 612,A01,1,7,0,2,7,13,1,0.0
202300020841,155 643 608,A01,2,7,1,0,1,1,1,0.0
202300020842,155 643 607,A01,3,7,0,2,1,1,1,0.0
202300020842,155 643 611,B01,3,1,0,2,7,1,5,0.0
202300020843,155 643 606,B01,2,33,0,2,7,2,0,0.0
202300020843,155 643 609,A01,2,7,0,2,3,2,0,0.0
202300020844,155 643 603,A01,2,7,0,2,2,17,1,0.0
202300020844,155 643 605,B01,2,7,0,2,3,1,1,0.0
202300020845,155 643 600,A01,1,10,0,0,0,1,1,0.0
202300020846,155 643 598,A01,2,7,15,0,1,19,1,0.0
202300020847,155 643 599,B01,3,7,0,2,4,2,1,0.0
202300020847,155 643 602,A01,3,7,0,2,1,2,1,0.0
202300020848,155 643 591,A01,1,7,3,0,4,1,1,0.0
202300020848,155 643 594,B01,1,10,3,2,1,2,1,0.0
202300020849,155 643 589,A01,1,7,0,2,1,1,1,0.0
202300020849,155 643 593,B01,2,10,0,2,1,13,1,0.0
202300020849,155 643 596,C01,2,7,0,2,1,1,1,0.0
202300020850,155 643 590,A01,0,7,0,1,1,1,1,0.0
202300020851,155 643 588,A01,1,33,11,0,1,1,1,0.0
202300020852,155 643 586,A01,1,7,0,0,0,0,1,0.0
202300020853,155 643 585,A01,1,7,0,0,4,1,1,0.0
202300020853,155 643 587,B01,1,33,0,2,1,2,1,0.0
202300020854,155 643 583,A01,0,10,0,2,0,0,1,0.0
202300020854,155 643 584,B01,0,7,0,2,3,0,1,0.0
202300020855,155 643 577,B01,2,7,0,2,1,1,1,0.0
202300020855,155 643 580,A01,1,7,0,2,1,6,1,0.0
202300020856,155 643 578,A01,2,31,0,2,7,1,1,0.0
202300020856,155 643 581,B01,1,7,0,2,2,15,1,0.0
202300020857,155 643 574,A01,2,7,0,0,4,1,0,0.0
202300020857,155 643 576,B01,2,7,0,2,4,1,0,0.0
202300020857,155 643 579,C01,2,7,0,2,1,1,0,0.0
202300020857,155 643 582,D01,2,7,0,2,1,1,0,0.0
202300020858,155 643 573,A01,3,7,8,0,9,1,1,0.0
202300020859,155 643 572,A01,0,7,0,1,3,20,1,0.0
202300020860,155 643 575,A01,2,7,0,1,3,15,1,0.0
202300020861,155 643 570,B01,1,7,0,2,2,1,0,0.0
202300020861,155 643 571,A01,1,33,0,2,8,1,1,0.0
202300020862,155 643 569,A01,2,31,13,0,1,21,1,0.0
202300020863,155 643 568,A01,3,7,0,1,1,2,1,0.0
202300020864,155 643 565,B01,1,7,0,2,5,2,0,0.0
202300020864,155 643 566,A01,1,7,3,2,3,2,0,0.0
202300020865,155 643 563,A01,2,7,0,9,1,16,1,0.0
202300020865,155 643 567,B01,2,1,0,2,5,1,5,0.0
202300020866,155 643 562,A01,2,2,0,0,8,15,1,0.0
202300020867,155 643 560,A01,1,2,0,2,1,5,1,0.0
202300020867,155 643 561,B01,2,7,0,2,2,1,1,0.0
202300020868,155 643 559,A01,3,2,6,0,1,1,3,0.0
202300020869,155 643 558,A01,0,7,2,0,7,1,1,0.0
202300020870,155 643 556,A01,1,7,0,9,2,1,0,0.0
202300020870,155 643 557,Y01,1,1,0,2,8,19,5,0.0
202300020871,155 643 554,A01,1,32,0,2,1,13,1,0.0
202300020871,155 643 555,B01,2,7,0,2,3,1,1,0.0
202300020872,155 643 551,B01,3,1,0,2,8,19,5,0.0
202300020872,155 643 552,A01,3,7,0,9,1,16,1,0.0
202300020873,155 643 550,B01,3,7,0,2,0,15,1,0.0
202300020873,155 643 553,A01,3,30,0,2,6,1,1,0.0
202300020874,155 643 547,A01,2,30,0,2,1,2,1,0.0
202300020874,155 643 549,B01,2,7,0,2,4,2,1,0.0
202300020875,155 643 542,B01,2,7,0,2,1,1,1,0.0
202300020875,155 643 544,A01,1,7,0,2,1,5,1,0.0
202300020875,155 643 546,C01,2,7,0,2,1,1,1,0.0
202300020875,155 643 548,D01,2,7,0,9,1,1,1,0.0
202300020876,155 643 541,A01,1,7,0,0,2,16,0,0.0
202300020876,155 643 545,B01,2,1,0,2,1,1,5,0.0
202300020877,155 643 540,A01,3,10,0,2,1,1,1,0.0
202300020877,155 643 543,B01,0,30,0,2,5,0,1,0.0
202300020878,155 643 535,A01,0,7,0,2,6,1,1,0.0
202300020878,155 643 538,B01,0,7,0,2,1,1,1,0.0
202300020879,155 643 537,B01,3,10,0,2,3,1,1,0.0
202300020879,155 643 539,A01,3,7,0,2,3,5,1,0.0
202300020880,155 643 534,B01,1,7,0,2,1,21,1,0.0
202300020880,155 643 536,A01,2,7,0,2,3,13,1,0.0
202300020881,155 643 531,A01,1,33,0,2,0,1,1,0.0