num_acc,id_vehicule,num_veh,senc,catv,obs,obsm,choc,manv,motor,occutc
202300020882,155 643 532,B01,1,7,0,0,4,26,0,0.0
202300020882,155 643 533,A01,1,7,0,2,1,26,1,0.0
202300020883,155 643 528,A01,3,80,0,2,3,1,3,0.0
202300020883,155 643 530,Z01,3,7,0,9,8,13,0,0.0
202300020884,155 643 526,A01,3,7,0,1,3,0,1,0.0
202300020885,155 643 525,C01,2,33,0,2,1,17,1,0.0
202300020885,155 643 527,B01,1,10,0,2,1,1,1,0.0
202300020885,155 643 529,A01,1,7,0,2,1,1,1,0.0
202300020886,155 643 521,A01,1,7,0,2,3,1,1,0.0
202300020886,155 643 523,B01,2,7,0,2,3,1,1,0.0
202300020887,155 643 522,A01,0,7,0,2,3,12,1,0.0
202300020887,155 643 524,B01,0,3,0,2,5,0,1,0.0
202300020888,155 643 520,A01,3,7,6,0,1,1,1,0.0
202300020889,155 643 519,A01,1,33,0,0,0,0,1,0.0
202300020890,155 643 517,A01,3,33,13,0,9,1,1,0.0
202300020891,155 643 516,B01,3,2,0,2,1,1,1,0.0
202300020891,155 643 518,A01,3,7,0,2,3,15,1,0.0
202300020892,155 643 514,B01,1,7,0,2,2,2,1,0.0
202300020892,155 643 515,A01,1,2,0,0,4,9,1,0.0
202300020893,155 643 511,A01,2,7,13,0,1,1,1,0.0
202300020894,155 643 510,B01,1,7,0,2,1,17,1,0.0
202300020894,155 643 513,A01,1,99,0,2,8,1,1,0.0
202300020895,155 643 509,B01,2,32,0,2,2,1,1,0.0
202300020895,155 643 512,A01,2,7,0,2,3,15,1,0.0
202300020896,155 643 504,A01,2,7,0,2,3,1,1,0.0
202300020896,155 643 506,B01,1,7,0,2,3,1,1,0.0
202300020896,155 643 508,C01,2,7,0,2,1,1,1,0.0
202300020897,155 643 505,A01,1,7,0,2,1,2,1,0.0
202300020897,155 643 507,B01,1,10,0,2,6,1,1,0.0
202300020898,155 643 503,A01,2,3,0,1,1,1,3,0.0
202300020899,155 643 502,A01,1,10,13,0,1,1,1,0.0
202300020900,155 643 499,A01,2,17,0,2,1,2,1,0.0
202300020900,155 643 500,B01,2,10,0,2,4,2,1,0.0
202300020900,155 643 501,C01,2,10,0,2,4,2,1,0.0
202300020901,155 643 498,A01,1,7,13,0,2,14,1,0.0
202300020902,155 643 497,A01,3,7,0,1,1,1,1,0.0
202300020903,155 643 493,B01,2,7,0,2,1,1,1,0.0
202300020903,155 643 496,A01,1,7,0,2,1,5,1,0.0
202300020904,155 643 491,B01,2,7,0,2,9,1,2,0.0
202300020904,155 643 492,C01,1,7,0,2,9,11,2,0.0
202300020904,155 643 495,A01,1,7,0,2,1,13,1,0.0
202300020905,155 643 490,A01,1,1,0,2,1,5,5,0.0
202300020905,155 643 494,B01,1,7,0,2,3,1,1,0.0
202300020906,155 643 489,A01,0,7,0,0,0,1,0,0.0
202300020907,155 643 488,A01,2,32,16,0,7,1,1,0.0
202300020908,155 643 485,A01,1,1,0,9,7,2,5,0.0
202300020908,155 643 487,B01,1,1,0,9,8,2,5,0.0
202300020909,155 643 483,A01,1,7,8,2,8,13,1,0.0
202300020909,155 643 486,B01,2,7,0,2,8,1,1,0.0
202300020910,155 643 480,B01,2,7,0,2,1,2,1,0.0
202300020910,155 643 482,A01,2,7,0,2,4,1,1,0.0
202300020911,155 643 481,A01,2,7,0,2,1,1,1,0.0
202300020911,155 643 484,B01,2,15,0,2,4,1,1,0.0
202300020912,155 643 476,A01,3,7,0,2,3,13,1,0.0
202300020912,155 643 479,B01,0,7,0,2,3,1,1,0.0
202300020913,155 643 474,A01,1,7,0,2,4,0,1,0.0
202300020913,155 643 477,B01,1,7,0,2,1,0,1,0.0
202300020914,155 643 473,C01,2,7,0,2,2,1,1,0.0
202300020914,155 643 475,B01,2,7,0,2,1,1,1,0.0
202300020914,155 643 478,A01,2,7,0,2,4,1,1,0.0
202300020915,155 643 468,B01,2,7,3,2,8,2,1,0.0
202300020915,155 643 471,A01,2,7,0,2,2,14,1,0.0
202300020916,155 643 469,B01,2,14,0,2,3,1,0,0.0
202300020916,155 643 472,A01,1,7,0,2,1,13,1,0.0
202300020917,155 643 467,A01,2,33,0,2,7,1,1,0.0
202300020917,155 643 470,Z01,2,7,0,2,0,11,2,0.0
202300020918,155 643 465,A01,1,7,6,0,3,13,1,0.0
202300020919,155 643 463,B01,2,7,0,2,0,2,1,0.0
202300020919,155 643 466,Z01,2,7,0,2,0,0,1,0.0
202300020920,155 643 464,A01,2,7,4,0,1,1,1,0.0
202300020921,155 643 460,A01,1,17,3,0,2,1,1,0.0
202300020922,155 643 461,A01,1,7,6,0,1,1,1,0.0
202300020923,155 643 459,B01,1,30,0,2,5,1,1,0.0
202300020923,155 643 462,A01,1,7,0,2,3,9,1,0.0
202300020924,155 643 457,A01,1,7,0,0,3,1,1,0.0
202300020925,155 643 453,A01,2,30,0,2,2,1,1,0.0
202300020925,155 643 455,B01,2,7,0,2,3,15,1,0.0
202300020926,155 643 452,A01,1,10,0,2,1,1,1,0.0
202300020926,155 643 454,B01,1,7,0,2,4,2,1,0.0
202300020926,155 643 456,C01,1,10,0,2,4,2,1,0.0
202300020926,155 643 458,D01,1,7,0,2,4,2,2,0.0
202300020927,155 643 450,A01,2,10,0,2,4,11,1,0.0
202300020927,155 643 451,B01,2,10,0,2,1,1,1,0.0
202300020928,155 643 448,A01,0,3,0,1,1,1,3,0.0
202300020929,155 643 446,A01,2,7,0,2,1,2,1,0.0
202300020929,155 643 447,B01,2,7,0,2,4,2,1,0.0
202300020929,155 643 449,C01,2,7,0,0,4,0,1,0.0
202300020930,155 643 443,A01,1,7,0,2,4,12,1,0.0
202300020930,155 643 445,B01,1,31,0,2,1,3,1,0.0
202300020931,155 643 442,A01,1,7,3,0,1,13,0,0.0
202300020932,155 643 440,T01,1,7,0,2,1,1,1,0.0
202300020932,155 643 441,A01,1,10,0,2,1,1,1,0.0
202300020932,155 643 444,C01,3,60,0,2,3,1,5,0.0
202300020933,155 643 438,B01,2,33,0,2,1,3,1,0.0
202300020933,155 643 439,A01,2,7,0,2,5,12,1,0.0
202300020934,155 643 436,A01,1,7,0,2,2,14,1,0.0
202300020934,155 643 437,B01,1,7,0,2,6,1,3,0.0
202300020935,155 643 434,A01,2,33,13,0,1,1,1,0.0
202300020936,155 643 431,A01,2,7,0,2,6,11,1,0.0
202300020936,155 643 433,B01,2,43,4,2,2,1,1,0.0
202300020937,155 643 432,B01,2,7,0,2,7,15,1,0.0
202300020937,155 643 435,A01,1,7,0,2,1,1,1,0.0
202300020938,155 643 430,A01,1,7,4,0,9,14,1,0.0
202300020939,155 643 425,A01,2,33,0,2,1,1,1,0.0
202300020939,155 643 429,B01,2,33,0,0,6,1,1,0.0
202300020940,155 643 426,B01,1,1,0,0,0,0,5,0.0
202300020940,155 643 428,A01,1,7,0,2,4,20,2,0.0
202300020941,155 643 424,B01,1,30,0,2,1,1,1,0.0
202300020941,155 643 427,A01,2,32,0,2,2,1,1,0.0
202300020942,155 643 422,A01,2,7,8,2,1,17,1,0.0
202300020942,155 643 423,B01,1,7,0,2,1,1,1,0.0
202300020943,155 643 420,A01,3,10,0,1,1,1,1,0.0
202300020944,155 643 419,B01,2,32,0,2,8,13,1,0.0
202300020944,155 643 421,A01,2,7,0,2,7,1,1,0.0
202300020945,155 643 415,B01,1,7,0,2,6,1,1,0.0
202300020945,155 643 418,A01,1,30,0,2,0,0,1,0.0
202300020946,155 643 416,A01,1,30,0,2,1,17,1,0.0
202300020946,155 643 417,B01,1,7,0,2,8,15,1,0.0
202300020947,155 643 413,B01,1,10,0,2,2,26,1,0.0
202300020947,155 643 414,A01,2,3,0,2,1,26,1,0.0
202300020948,155 643 409,B01,2,50,6,2,1,1,3,0.0
202300020948,155 643 411,A01,1,7,8,2,1,1,1,0.0
202300020949,155 643 410,A01,3,50,0,2,1,19,3,0.0
202300020949,155 643 412,B01,3,7,0,2,3,16,1,0.0
202300020950,155 643 408,A01,2,7,6,0,7,14,1,0.0
202300020951,155 643 407,A01,1,30,0,1,1,1,0,0.0
202300020952,155 643 405,B01,3,7,0,2,6,2,2,0.0
202300020952,155 643 406,A01,3,30,0,2,1,2,1,0.0
202300020953,155 643 400,B01,1,31,0,2,1,1,0,0.0
202300020953,155 643 403,A01,2,7,0,2,3,2,0,0.0
202300020954,155 643 398,A01,2,7,0,2,1,1,1,0.0
202300020954,155 643 401,B01,2,7,0,2,2,15,1,0.0
202300020955,155 643 395,B01,1,1,0,2,3,1,5,0.0
202300020955,155 643 397,A01,2,7,0,2,3,15,1,0.0
202300020956,155 643 391,B01,2,7,0,2,4,1,1,0.0
202300020956,155 643 394,A01,2,10,0,2,1,1,1,0.0
202300020956,155 643 396,D01,2,7,0,2,0,0,1,0.0
202300020956,155 643 399,C01,2,7,0,0,0,0,1,0.0
202300020957,155 643 390,A01,3,32,0,2,2,17,3,0.0
202300020957,155 643 392,B01,3,7,0,2,3,15,0,0.0
202300020958,155 643 389,B01,0,7,0,2,1,1,3,0.0
202300020958,155 643 393,A01,0,7,0,2,3,1,1,0.0
202300020959,155 643 386,A01,3,33,0,2,2,1,1,0.0
202300020959,155 643 388,B01,3,1,0,2,1,1,5,0.0
202300020960,155 643 384,A01,2,7,12,0,5,15,1,0.0
202300020961,155 643 385,B01,3,1,0,2,8,19,5,0.0
202300020961,155 643 387,A01,3,7,0,9,2,1,1,0.0
202300020962,155 643 383,A01,2,7,12,0,1,21,1,0.0
202300020963,155 643 381,Z01,0,7,0,2,1,0,0,0.0
202300020963,155 643 382,A01,0,2,0,2,1,1,1,0.0
202300020964,155 643 377,C01,2,7,0,2,4,23,0,0.0
202300020964,155 643 379,A01,2,7,0,2,1,2,1,0.0
202300020964,155 643 380,B01,2,7,0,2,1,23,1,0.0
202300020965,155 643 375,A01,0,10,0,2,1,0,1,0.0
202300020965,155 643 378,B01,2,7,0,2,4,23,1,0.0
202300020966,155 643 374,A01,1,7,0,2,4,23,1,0.0
202300020966,155 643 376,B01,1,7,0,2,1,1,1,0.0
202300020967,155 643 373,A01,1,30,0,2,0,0,1,0.0
202300020968,155 643 372,A01,3,33,0,0,3,0,1,0.0
202300020969,155 643 371,A01,1,7,0,1,1,1,1,0.0
202300020970,155 643 369,A01,1,7,0,2,8,10,1,0.0
202300020970,155 643 370,B01,1,2,0,2,7,17,1,0.0
202300020971,155 643 363,B01,1,7,0,2,1,2,1,0.0
202300020971,155 643 366,C01,1,7,0,2,4,2,1,0.0
202300020971,155 643 368,A01,1,7,0,2,1,2,1,0.0
202300020972,155 643 365,A01,1,7,0,2,5,15,1,0.0
202300020972,155 643 367,B01,2,7,0,2,2,1,1,0.0
202300020973,155 643 362,A01,1,30,0,2,3,1,3,0.0
202300020973,155 643 364,B01,2,7,0,2,2,1,1,0.0
202300020974,155 643 361,A01,1,7,6,0,1,1,1,0.0
202300020975,155 643 360,A01,0,7,0,1,1,1,1,0.0
202300020976,155 643 358,A01,3,7,0,2,1,1,0,0.0
202300020976,155 643 359,B01,3,1,0,2,1,1,0,0.0
202300020977,155 643 356,A01,1,7,0,0,9,1,1,0.0
202300020978,155 643 353,A01,2,10,0,2,1,0,1,0.0
202300020978,155 643 354,B01,2,7,0,2,6,2,1,0.0
202300020978,155 643 355,C01,2,7,0,2,0,0,0,0.0
202300020979,155 643 351,A01,2,7,10,0,1,1,1,0.0
202300020980,155 643 350,C01,1,7,0,2,1,1,1,0.0
202300020980,155 643 352,A01,1,7,4,2,6,9,1,0.0
202300020980,155 643 357,B01,1,17,0,2,1,1,1,0.0
202300020981,155 643 349,A01,2,33,0,0,1,19,1,0.0
202300020982,155 643 348,A01,1,7,0,1,2,1,1,0.0
202300020983,155 643 344,A01,2,7,13,0,9,1,1,0.0
202300020984,155 643 345,B01,1,10,0,2,2,1,1,0.0
202300020984,155 643 347,A01,1,7,0,2,6,15,1,0.0
202300020985,155 643 343,B01,1,10,0,2,0,1,1,0.0
202300020985,155 643 346,A01,2,7,8,2,5,1,1,0.0
202300020986,155 643 342,A01,1,7,6,0,1,1,1,0.0
202300020987,155 643 341,A01,1,31,14,2,0,1,1,0.0
202300020988,155 643 339,A01,3,7,0,1,2,1,2,0.0
202300020989,155 643 338,A01,2,7,3,2,1,2,1,0.0
202300020989,155 643 340,B01,2,7,3,2,4,1,1,0.0
202300020990,155 643 337,Z01,1,50,0,1,1,5,3,0.0
202300020991,155 643 335,A01,0,7,0,1,1,16,1,0.0
202300020992,155 643 333,B01,1,7,0,2,2,1,1,0.0
202300020992,155 643 336,A01,1,2,0,2,1,19,1,0.0
202300020993,155 643 334,A01,2,10,0,1,3,1,1,0.0
202300020994,155 643 332,A01,1,7,2,9,1,1,1,0.0
202300020995,155 643 331,A01,3,7,0,1,1,2,1,0.0
202300020996,155 643 328,A01,1,7,13,0,9,13,1,0.0
202300020997,155 643 329,A01,1,7,0,2,1,1,3,0.0
202300020997,155 643 330,B01,1,1,0,2,1,1,5,0.0
202300020998,155 643 326,A01,2,7,0,2,8,15,1,0.0
202300020998,155 643 327,B01,1,33,0,2,1,1,1,0.0
202300020999,155 643 325,A01,1,14,10,0,1,1,1,0.0
202300021000,155 643 322,A01,2,7,0,2,5,15,1,0.0
202300021000,155 643 324,B01,1,34,0,2,1,1,1,0.0
202300021001,155 643 318,A01,1,7,0,2,2,0,0,0.0
202300021001,155 643 320,B01,1,30,0,0,4,1,3,0.0
202300021002,155 643 319,A01,2,7,0,2,6,15,1,0.0
202300021002,155 643 321,B01,1,1,0,2,0,1,5,0.0
202300021003,155 643 316,A01,1,7,0,2,2,15,1,0.0
202300021003,155 643 317,B01,2,1,0,2,1,0,5,0.0
202300021004,155 643 315,A01,1,2,0,0,0,0,0,0.0
202300021005,155 643 312,C01,2,7,13,0,2,16,1,0.0
202300021005,155 643 313,B01,2,7,0,2,6,1,1,0.0
202300021005,155 643 314,A01,2,7,0,2,0,26,1,0.0
202300021006,155 643 310,A01,1,7,4,0,1,1,1,0.0
202300021007,155 643 308,A01,2,10,0,2,1,13,1,0.0
202300021007,155 643 311,B01,1,7,0,2,1,1,1,0.0
202300021008,155 643 307,A01,2,30,0,1,1,21,1,0.0
202300021009,155 643 306,B01,2,1,0,2,3,25,5,0.0
202300021009,155 643 309,A01,1,80,0,2,2,25,3,0.0
202300021010,155 643 305,A01,1,7,0,1,1,1,1,0.0
202300021011,155 643 303,A01,1,2,0,0,0,21,1,0.0
202300021012,155 643 302,A01,1,7,0,2,6,9,1,0.0
202300021012,155 643 304,B01,1,99,0,2,2,2,1,0.0
202300021013,155 643 301,A01,1,1,0,5,1,1,5,0.0
202300021014,155 643 300,A01,1,7,0,1,1,1,1,0.0
202300021015,155 643 297,A01,1,7,0,2,8,15,1,0.0
202300021015,155 643 299,B01,1,33,0,2,7,1,1,0.0
202300021016,155 643 295,A01,1,7,0,1,2,15,1,0.0
202300021017,155 643 293,A01,1,33,0,0,8,1,1,0.0
202300021018,155 643 292,B01,0,7,0,2,3,15,1,0.0
202300021018,155 643 294,A01,1,33,0,2,2,1,1,0.0
202300021019,155 643 291,A01,3,7,0,1,1,1,1,0.0
202300021020,155 643 289,B01,2,20,0,2,1,1,1,0.0
202300021020,155 643 290,A01,1,7,3,2,7,13,1,0.0
202300021021,155 643 286,B01,3,7,0,2,1,1,1,0.0
202300021021,155 643 287,A01,3,30,14,2,1,13,1,0.0
202300021022,155 643 285,A01,1,7,2,0,3,1,0,0.0
202300021023,155 643 283,A01,1,7,0,2,2,21,1,0.0
202300021023,155 643 284,B01,1,7,0,2,6,0,1,0.0
202300021023,155 643 288,C01,1,7,0,2,6,16,1,0.0
202300021024,155 643 282,A01,2,7,13,0,3,13,1,0.0
202300021025,155 643 280,A01,0,33,0,2,1,1,6,0.0
202300021025,155 643 281,B01,0,7,0,2,3,15,3,0.0
202300021026,155 643 277,A01,1,7,0,2,1,15,1,0.0
202300021026,155 643 279,B01,1,33,0,2,8,2,1,0.0
202300021027,155 643 275,B01,1,7,1,0,6,2,1,0.0
202300021027,155 643 278,A01,2,50,0,2,1,2,3,0.0
202300021028,155 643 274,A01,1,7,0,2,3,9,1,0.0
202300021028,155 643 276,B01,1,1,0,2,5,1,5,0.0
202300021029,155 643 270,A01,2,7,2,0,1,13,1,0.0
202300021030,155 643 271,A01,2,34,0,2,7,17,1,0.0
202300021030,155 643 273,Z01,2,10,0,2,3,10,0,0.0
202300021031,155 643 269,A01,3,7,0,2,3,1,1,0.0
202300021031,155 643 272,B01,3,7,0,2,3,1,1,0.0
202300021032,155 643 268,A01,1,7,14,0,1,6,1,0.0
202300021033,155 643 267,A01,0,34,1,0,0,1,1,0.0
202300021034,155 643 263,A01,1,13,0,2,3,2,1,0.0
202300021034,155 643 265,B01,1,7,0,2,9,2,1,0.0
202300021034,155 643 266,C01,1,7,0,2,4,0,1,0.0
202300021035,155 643 262,A01,1,7,0,2,2,15,1,0.0
202300021035,155 643 264,B01,2,1,0,2,1,1,5,0.0
202300021036,155 643 257,A01,2,34,0,2,7,17,1,0.0
202300021036,155 643 260,B01,2,7,0,2,8,19,1,0.0
202300021037,155 643 259,Z01,1,7,0,2,1,26,6,0.0
202300021037,155 643 261,B01,1,7,8,0,4,15,1,0.0
202300021038,155 643 256,A01,3,7,0,2,2,19,1,0.0
202300021038,155 643 258,B01,3,1,0,2,1,1,5,0.0
202300021039,155 643 254,A01,2,7,2,0,2,1,1,0.0
202300021040,155 643 253,A01,2,43,0,2,1,2,0,0.0
202300021040,155 643 255,B01,2,7,0,2,4,1,1,0.0
202300021041,155 643 251,B01,1,7,0,2,2,0,0,0.0
202300021041,155 643 252,A01,2,34,0,2,1,1,1,0.0
202300021042,155 643 246,A01,3,7,0,2,2,15,1,0.0
202300021042,155 643 248,B01,1,30,0,2,2,2,1,0.0
202300021043,155 643 245,A01,1,2,0,2,8,17,1,0.0
202300021043,155 643 247,B01,1,2,0,2,5,15,1,0.0
202300021044,155 643 242,A01,2,7,0,0,0,1,6,0.0
202300021045,155 643 237,A01,2,7,0,2,2,15,1,0.0
202300021045,155 643 238,B01,1,2,0,2,1,2,1,0.0
202300021046,155 643 235,B01,2,33,0,2,1,17,1,0.0
202300021046,155 643 236,A01,2,7,0,2,3,26,1,0.0
202300021047,155 643 234,A01,1,37,13,0,7,2,1,2.0
202300021048,155 643 239,A01,0,7,0,1,4,20,1,0.0
202300021049,155 643 233,A01,1,7,0,1,1,1,1,0.0
202300021050,155 643 230,A01,3,2,0,2,1,13,1,0.0
202300021050,155 643 232,B01,3,10,0,2,1,1,1,0.0
202300021051,155 643 226,RB01,1,7,0,9,2,16,1,0.0
202300021051,155 643 228,A01,1,60,0,2,1,18,5,0.0
202300021052,155 643 227,B01,1,7,1,2,4,2,0,0.0
202300021052,155 643 229,C01,1,7,0,0,4,2,1,0.0
202300021052,155 643 231,A01,1,7,1,2,1,2,1,0.0
202300021053,155 643 225,A01,1,7,13,0,1,0,1,0.0
202300021054,155 643 223,A01,1,30,0,2,3,11,1,0.0
202300021054,155 643 224,B01,1,7,0,2,2,1,1,0.0
202300021055,155 643 222,A01,2,7,0,1,0,0,0,0.0
202300021056,155 643 220,A01,2,33,1,0,9,1,1,0.0
202300021057,155 643 219,A01,1,7,0,1,2,1,0,0.0
202300021058,155 643 218,A01,3,7,0,2,3,14,1,0.0
202300021058,155 643 221,B01,3,7,0,2,5,1,1,0.0
202300021059,155 643 216,A01,2,31,0,0,7,17,0,0.0
202300021060,155 643 215,A01,3,7,0,2,1,9,1,0.0
202300021060,155 643 217,B01,2,15,0,2,7,0,0,0.0
202300021061,155 643 212,A01,1,33,0,2,8,3,1,0.0
202300021061,155 643 214,Z01,1,7,0,2,2,12,0,0.0
202300021062,155 643 210,A01,2,7,0,2,6,1,1,0.0
202300021062,155 643 213,B01,2,30,0,2,1,1,1,0.0
202300021063,155 643 209,B01,3,7,0,2,1,9,1,0.0
202300021063,155 643 211,A01,1,33,0,2,1,0,1,0.0
202300021064,155 643 208,A01,0,99,0,1,4,26,1,0.0
202300021065,155 643 205,A01,2,7,0,2,3,15,1,0.0
202300021065,155 643 206,B01,1,31,0,2,6,1,1,0.0
202300021066,155 643 204,A01,1,7,2,0,0,1,1,0.0
202300021067,155 643 202,A01,2,7,0,2,5,12,1,0.0
202300021067,155 643 203,B01,2,31,0,2,1,3,1,0.0
202300021067,155 643 207,C01,2,7,0,2,7,1,1,0.0
202300021068,155 643 201,A01,2,32,12,0,7,20,1,0.0
202300021069,155 643 199,A01,1,7,0,2,3,1,1,0.0
202300021069,155 643 200,B01,0,33,0,2,8,15,1,0.0
202300021070,155 643 195,A01,1,7,0,2,8,15,1,0.0
202300021070,155 643 197,B01,1,33,0,2,1,17,1,0.0
202300021071,155 643 196,A01,3,10,0,2,1,1,3,0.0
202300021071,155 643 198,B01,3,7,0,2,4,1,2,0.0
202300021072,155 643 193,A01,1,7,0,2,3,15,1,0.0
202300021072,155 643 194,B01,1,30,0,2,2,1,1,0.0
202300021073,155 643 190,A01,2,7,0,2,7,15,2,0.0
202300021073,155 643 192,B01,1,7,0,2,2,1,1,0.0
202300021074,155 643 189,Z01,2,30,0,2,0,1,0,0.0
202300021074,155 643 191,A01,2,1,0,2,3,19,5,0.0
202300021075,155 643 185,B01,2,7,0,2,1,1,1,0.0
202300021075,155 643 186,A01,1,7,0,2,2,15,1,0.0
202300021076,155 643 187,A01,3,7,0,2,6,19,1,0.0
202300021076,155 643 188,B01,1,33,0,2,1,1,1,0.0
202300021077,155 643 183,A01,1,2,0,2,1,2,1,0.0
202300021077,155 643 184,B01,1,10,0,2,4,1,1,0.0
202300021078,155 643 182,A01,1,3,0,1,1,16,3,0.0
202300021079,155 643 180,B01,1,7,0,2,1,1,1,0.0
202300021079,155 643 181,A01,3,35,0,2,3,15,1,0.0
202300021080,155 643 178,A01,3,7,0,2,2,15,1,0.0
202300021080,155 643 179,B01,3,50,0,2,1,1,3,0.0
202300021081,155 643 176,A01,2,7,6,0,3,13,1,0.0
202300021082,155 643 174,A01,1,7,0,2,3,22,1,0.0
202300021082,155 643 177,B01,1,31,1,0,7,2,1,0.0
202300021083,155 643 173,B01,0,50,0,2,6,13,3,0.0
202300021083,155 643 175,A01,0,7,0,2,2,2,1,0.0
202300021084,155 643 171,A01,1,7,0,0,1,1,1,0.0
202300021084,155 643 172,B01,1,1,0,2,7,19,5,0.0
202300021085,155 643 168,B01,1,34,0,2,7,17,1,0.0
202300021085,155 643 170,A01,1,7,0,2,3,15,1,0.0
202300021086,155 643 166,B01,1,1,0,2,8,19,5,0.0
202300021086,155 643 167,A01,1,7,0,2,2,1,1,0.0
202300021087,155 643 164,A01,1,7,0,2,1,1,1,0.0
202300021087,155 643 165,B01,3,50,0,2,7,19,3,0.0
202300021088,155 643 162,B01,2,1,12,2,4,1,5,0.0
202300021088,155 643 163,A01,2,7,0,2,2,1,0,0.0
202300021089,155 643 169,A01,1,33,0,1,1,1,1,0.0
202300021090,155 643 161,A01,2,33,6,0,1,26,1,0.0
202300021091,155 643 160,A01,2,7,17,0,3,1,1,0.0
202300021092,155 643 159,A01,2,1,0,1,1,1,5,0.0
202300021093,155 643 157,B01,3,7,0,2,3,1,1,0.0
202300021093,155 643 158,A01,3,7,0,2,3,1,1,0.0
202300021094,155 643 156,A01,2,30,0,0,0,21,1,0.0
202300021095,155 643 155,A01,2,7,0,1,2,1,1,0.0
202300021096,155 643 152,B01,3,2,0,0,8,1,1,0.0
202300021096,155 643 153,A01,3,2,0,2,1,1,1,0.0
202300021097,155 643 150,A01,3,2,0,2,1,0,1,0.0
202300021098,155 643 151,A01,2,7,0,2,3,1,1,0.0
202300021098,155 643 154,B01,2,32,0,2,5,1,3,0.0
202300021099,155 643 149,A01,0,7,13,0,3,1,1,0.0
202300021100,155 643 146,A01,2,7,0,0,6,1,1,0.0
202300021100,155 643 147,B01,2,7,0,2,2,12,1,0.0
202300021101,155 643 148,A01,1,7,2,0,1,14,1,0.0
202300021102,155 643 143,B01,1,7,6,2,1,13,1,0.0
202300021102,155 643 144,A01,1,7,0,2,4,1,1,0.0
202300021103,155 643 142,A01,1,7,0,2,2,5,1,0.0
202300021103,155 643 145,B01,2,37,0,2,2,1,1,40.0
202300021104,155 643 141,A01,2,7,0,1,1,1,1,0.0
202300021105,155 643 138,A01,1,34,0,1,6,1,1,0.0
202300021106,155 643 137,A01,1,31,0,2,1,25,1,0.0
202300021106,155 643 139,B01,0,7,0,2,8,1,1,0.0
202300021107,155 643 135,B01,2,7,0,2,4,2,1,0.0
202300021107,155 643 140,A01,2,7,0,2,1,2,1,0.0
202300021108,155 643 134,B01,1,2,0,0,4,2,3,0.0
202300021108,155 643 136,A01,1,7,0,2,2,1,1,0.0
202300021109,155 643 132,A01,3,14,0,2,1,16,1,0.0
202300021109,155 643 133,B01,3,7,0,2,4,16,1,0.0
202300021110,155 643 131,A01,3,43,0,1,8,3,1,0.0
202300021111,155 643 130,A01,2,1,14,0,8,23,5,0.0
202300021112,155 643 129,A01,2,31,1,0,1,1,1,0.0
202300021113,155 643 127,B01,0,1,0,2,0,0,5,0.0
202300021113,155 643 128,A01,1,7,0,2,1,2,0,0.0
202300021114,155 643 125,A01,3,7,0,2,4,2,0,0.0
202300021114,155 643 126,B01,3,33,0,2,1,2,0,0.0
202300021115,155 643 123,A01,3,7,0,2,3,1,0,0.0
202300021115,155 643 124,B01,3,7,0,2,8,15,0,0.0
202300021116,155 643 122,A01,3,7,0,1,3,16,1,0.0
202300021117,155 643 120,B01,1,7,0,2,2,26,1,0.0
202300021117,155 643 121,A01,1,33,0,2,1,0,1,0.0
202300021118,155 643 119,A01,1,32,9,0,0,0,1,0.0
202300021119,155 643 118,A01,1,10,0,1,2,1,0,0.0
202300021120,155 643 116,B01,1,7,0,2,2,1,2,0.0
202300021120,155 643 117,A01,1,7,0,2,3,1,0,0.0
202300021121,155 643 114,A01,1,7,0,2,4,19,2,0.0
202300021121,155 643 115,P01,1,60,0,0,7,19,5,0.0
202300021122,155 643 113,A01,0,7,0,1,1,1,1,0.0
202300021123,155 643 112,A01,3,37,0,1,5,1,1,1.0
202300021124,155 643 108,A01,2,7,0,2,2,17,1,0.0
202300021124,155 643 109,B01,2,7,1,2,8,21,1,0.0
202300021124,155 643 110,C01,1,7,0,2,3,1,1,0.0
202300021124,155 643 111,D01,3,10,0,2,3,24,1,0.0
202300021125,155 643 106,B01,3,99,0,2,5,1,5,0.0
202300021125,155 643 107,A01,3,99,0,9,3,1,1,0.0
202300021126,155 643 105,A01,2,10,0,1,3,2,1,0.0
202300021127,155 643 102,A01,3,7,8,0,1,26,0,0.0
202300021128,155 643 100,A01,2,7,0,2,3,15,1,0.0
202300021128,155 643 101,B01,2,33,0,2,2,2,1,0.0
202300021129,155 643 099,A01,0,32,0,1,1,1,0,0.0
202300021130,155 643 097,A01,1,3,0,2,1,26,1,0.0
202300021130,155 643 098,B01,1,32,1,2,8,1,3,0.0
202300021131,155 643 095,B01,1,7,0,2,3,1,1,0.0
202300021131,155 643 096,A01,2,7,0,2,2,15,1,0.0
202300021132,155 643 093,A01,1,1,0,2,4,1,5,0.0
202300021132,155 643 094,B01,1,7,0,2,2,1,1,0.0
202300021133,155 643 092,A01,2,0,0,1,0,0,0,0.0
202300021134,155 643 091,A01,3,7,0,1,3,26,2,0.0
202300021135,155 643 090,A01,2,7,1,0,7,0,1,0.0
202300021136,155 643 088,B01,3,34,0,2,3,26,1,0.0
202300021136,155 643 089,A01,3,7,0,2,2,26,1,0.0
202300021137,155 643 087,A01,1,10,0,1,1,16,1,0.0
202300021138,155 643 085,B01,1,7,0,2,1,1,0,0.0
202300021138,155 643 086,A01,1,31,0,2,0,1,1,0.0
202300021139,155 643 084,A01,2,7,16,0,1,0,1,0.0