num_acc,id_vehicule,num_veh,senc,catv,obs,obsm,choc,manv,motor,occutc
202300021387,155 642 625,A01,1,7,0,1,1,1,0,0.0
202300021388,155 642 623,A01,2,7,0,2,1,1,1,0.0
202300021388,155 642 624,B01,1,7,0,2,1,15,1,0.0
202300021389,155 642 620,A01,1,7,2,0,1,0,1,0.0
202300021390,155 642 621,A01,1,7,0,2,3,0,1,0.0
202300021390,155 642 622,B01,2,1,0,2,1,0,5,0.0
202300021391,155 642 618,A01,1,7,8,0,1,1,1,0.0
202300021392,155 642 617,A01,1,2,0,2,3,3,1,0.0
202300021392,155 642 619,B01,2,7,5,2,3,1,1,0.0
202300021393,155 642 615,A01,1,7,0,1,2,1,1,0.0
202300021394,155 642 614,A01,2,7,0,2,1,1,1,0.0
202300021394,155 642 616,B01,3,1,0,2,8,1,5,0.0
202300021395,155 642 612,A01,0,36,16,0,3,1,1,0.0
202300021396,155 642 613,A01,2,7,0,1,3,1,1,0.0
202300021397,155 642 610,B01,1,33,13,0,6,0,0,0.0
202300021397,155 642 611,A01,1,7,0,2,2,0,0,0.0
202300021398,155 642 608,A01,1,50,0,2,1,19,3,0.0
202300021398,155 642 609,B01,1,7,0,2,3,1,1,0.0
202300021399,155 642 606,A01,3,7,0,2,3,26,1,0.0
202300021399,155 642 607,B01,1,32,0,2,2,1,0,0.0
202300021400,155 642 605,A01,0,7,0,1,2,16,0,0.0
202300021401,155 642 603,A01,2,33,0,2,1,2,1,0.0
202300021401,155 642 604,B01,2,7,0,0,4,2,1,0.0
202300021402,155 642 600,A01,1,30,0,2,1,9,1,0.0
202300021402,155 642 602,B01,0,7,0,2,1,1,1,0.0
202300021403,155 642 599,A01,2,33,0,2,1,2,1,0.0
202300021403,155 642 601,B01,2,15,0,0,4,23,1,0.0
202300021404,155 642 597,A01,2,7,0,2,2,17,1,0.0
202300021404,155 642 598,B01,2,2,0,2,4,0,1,0.0
202300021405,155 642 595,A01,1,7,0,2,7,19,1,0.0
202300021405,155 642 596,B01,1,33,0,2,8,17,1,0.0
202300021406,155 642 593,A01,1,7,0,9,1,1,1,0.0
202300021406,155 642 594,B01,0,1,0,2,1,15,5,0.0
202300021407,155 642 591,A01,3,33,4,0,3,0,1,0.0
202300021408,155 642 590,A01,1,7,7,2,5,15,1,0.0
202300021408,155 642 592,B01,2,10,0,2,1,1,1,0.0
202300021409,155 642 589,A01,3,7,4,0,1,15,1,0.0
202300021410,155 642 587,A01,2,33,0,2,1,1,1,0.0
202300021410,155 642 588,B01,1,7,0,2,2,13,1,0.0
202300021411,155 642 582,A01,1,7,0,2,1,13,1,0.0
202300021411,155 642 585,B01,2,7,8,0,8,1,1,0.0
202300021412,155 642 583,B01,1,7,0,2,2,15,1,0.0
202300021412,155 642 584,C01,2,7,12,2,8,23,1,0.0
202300021412,155 642 586,A01,2,7,9,2,3,1,2,0.0
202300021413,155 642 579,A01,2,7,0,2,3,19,1,0.0
202300021413,155 642 580,B01,2,7,0,2,3,1,1,0.0
202300021414,155 642 578,A01,1,10,0,0,8,1,1,0.0
202300021414,155 642 581,B01,1,7,0,2,1,1,1,0.0
202300021415,155 642 573,A01,1,7,0,2,3,13,1,0.0
202300021415,155 642 575,B01,2,7,0,2,8,1,2,0.0
202300021415,155 642 577,C01,2,2,0,2,7,21,1,0.0
202300021416,155 642 574,B01,2,7,0,2,1,13,0,0.0
202300021416,155 642 576,A01,1,2,0,2,1,1,0,0.0
202300021417,155 642 570,A01,1,7,0,2,8,15,1,0.0
202300021417,155 642 571,B01,2,33,0,2,1,1,1,0.0
202300021418,155 642 569,A01,2,7,6,2,1,1,1,0.0
202300021418,155 642 572,B01,1,7,0,2,3,1,1,0.0
202300021419,155 642 567,B01,2,32,0,2,4,23,1,0.0
202300021419,155 642 568,A01,2,7,0,2,1,1,1,0.0
202300021420,155 642 565,A01,3,50,0,9,1,1,3,0.0
202300021420,155 642 566,B01,3,99,0,9,1,15,5,0.0
202300021421,155 642 563,A01,3,33,13,0,1,2,1,0.0
202300021422,155 642 562,B01,2,33,0,2,1,1,1,0.0
202300021422,155 642 564,A01,1,7,0,2,1,13,1,0.0
202300021423,155 642 561,A01,3,7,0,1,2,15,1,0.0
202300021424,155 642 559,A01,1,7,3,0,3,13,1,0.0
202300021425,155 642 555,A01,1,7,6,0,3,1,1,0.0
202300021426,155 642 554,A01,2,7,0,2,3,13,1,0.0
202300021426,155 642 556,B01,2,14,0,2,8,1,1,0.0
202300021427,155 642 553,B01,0,7,0,0,5,1,1,0.0
202300021427,155 642 557,A01,0,50,0,0,0,1,3,0.0
202300021428,155 642 552,A01,3,33,0,0,7,1,1,0.0
202300021429,155 642 551,A01,2,38,0,1,2,2,1,1.0
202300021430,155 642 548,A01,2,7,0,2,2,15,1,0.0
202300021430,155 642 550,B01,1,30,0,2,3,1,1,0.0
202300021431,155 642 547,A01,0,7,0,2,1,0,0,0.0
202300021431,155 642 549,B01,0,1,0,0,4,0,5,0.0
202300021432,155 642 546,A01,1,7,0,1,2,19,1,0.0
202300021433,155 642 544,A01,1,2,0,1,2,1,1,0.0
202300021434,155 642 542,A01,2,17,1,0,2,1,1,0.0
202300021434,155 642 543,C01,2,17,0,0,1,24,1,0.0
202300021434,155 642 545,E01,2,7,14,0,1,2,1,0.0
202300021435,155 642 538,A01,1,13,0,1,2,1,0,0.0
202300021436,155 642 535,B01,1,7,0,2,8,1,1,0.0
202300021436,155 642 537,A01,2,33,0,2,8,17,1,0.0
202300021437,155 642 533,A01,1,7,0,9,1,1,1,0.0
202300021437,155 642 536,B01,1,15,0,2,4,1,1,0.0
202300021438,155 642 532,A01,2,7,0,2,2,15,1,0.0
202300021438,155 642 534,B01,2,34,0,2,1,1,1,0.0
202300021439,155 642 528,A01,2,7,0,1,2,1,1,0.0
202300021440,155 642 529,A01,2,10,0,1,2,9,1,0.0
202300021441,155 642 527,A01,2,10,0,0,0,1,1,0.0
202300021442,155 642 526,A01,1,10,0,1,7,1,3,0.0
202300021443,155 642 525,A01,2,7,0,1,1,26,1,0.0
202300021444,155 642 522,A01,2,7,0,2,1,0,0,0.0
202300021444,155 642 524,B01,1,7,0,2,1,1,0,0.0
202300021445,155 642 521,B01,2,30,0,2,2,2,1,0.0
202300021446,155 642 520,A01,2,7,0,2,3,9,1,0.0
202300021446,155 642 523,B01,1,7,0,2,1,1,1,0.0
202300021447,155 642 517,A01,1,10,0,2,8,10,1,0.0
202300021447,155 642 519,B01,1,33,0,2,1,1,1,0.0
202300021448,155 642 515,A01,1,7,0,2,2,1,1,0.0
202300021448,155 642 516,B01,2,7,0,2,3,15,1,0.0
202300021449,155 642 512,B01,2,7,0,2,5,26,1,0.0
202300021449,155 642 514,A01,1,1,0,2,1,9,5,0.0
202300021450,155 642 511,A01,1,7,0,2,1,1,1,0.0
202300021450,155 642 513,B01,0,33,8,2,8,1,3,0.0
202300021451,155 642 508,A01,1,30,0,2,1,17,1,0.0
202300021451,155 642 509,B01,1,7,0,2,8,15,1,0.0
202300021452,155 642 506,A01,1,7,0,2,1,1,1,0.0
202300021452,155 642 510,B01,3,30,0,2,8,1,1,0.0
202300021453,155 642 505,B01,2,7,0,2,1,1,1,0.0
202300021453,155 642 507,A01,1,7,0,2,1,26,1,0.0
202300021454,155 642 504,A01,3,31,0,0,0,1,1,0.0
202300021455,155 642 501,A01,1,7,0,2,8,15,1,0.0
202300021455,155 642 503,B01,1,2,0,2,1,2,1,0.0
202300021456,155 642 499,B01,0,7,0,2,3,16,1,0.0
202300021456,155 642 502,A01,2,33,0,2,1,1,1,0.0
202300021457,155 642 494,B01,3,7,0,2,7,19,1,0.0
202300021457,155 642 495,A01,1,7,0,2,2,1,1,0.0
202300021458,155 642 493,C01,1,7,1,0,1,26,6,0.0
202300021458,155 642 496,A01,1,7,0,2,7,23,6,0.0
202300021458,155 642 498,B01,1,7,3,0,4,23,6,0.0
202300021459,155 642 491,A01,1,7,4,0,9,9,1,0.0
202300021460,155 642 490,B01,1,31,0,2,2,2,1,0.0
202300021460,155 642 492,A01,1,7,0,2,8,13,1,0.0
202300021461,155 642 497,A01,1,10,0,2,6,23,1,0.0
202300021461,155 642 500,Z01,1,7,0,2,0,0,0,0.0
202300021462,155 642 489,A01,3,7,3,0,1,1,1,0.0
202300021463,155 642 488,A01,2,7,13,0,2,1,1,0.0
202300021464,155 642 485,A01,1,10,0,2,2,16,1,0.0
202300021464,155 642 487,B01,1,1,0,2,8,2,5,0.0
202300021465,155 642 486,A01,2,7,3,0,1,1,1,0.0
202300021466,155 642 484,A01,1,31,0,0,8,13,1,0.0
202300021467,155 642 483,A01,2,7,6,0,1,13,1,0.0
202300021468,155 642 480,A01,1,33,13,0,7,1,1,0.0
202300021469,155 642 479,A01,2,7,0,2,8,11,1,0.0
202300021469,155 642 481,B01,2,33,0,2,2,1,1,0.0
202300021469,155 642 482,C01,2,7,0,2,8,1,1,0.0
202300021470,155 642 476,B01,2,7,0,2,3,1,0,0.0
202300021470,155 642 478,A01,2,50,0,2,1,16,3,0.0
202300021471,155 642 475,A01,1,7,0,2,1,2,2,0.0
202300021471,155 642 477,B01,1,7,0,2,4,2,1,0.0
202300021472,155 642 470,B01,2,7,0,2,4,26,1,0.0
202300021472,155 642 472,A01,2,7,0,2,1,2,1,0.0
202300021473,155 642 469,A01,1,7,0,2,4,1,1,0.0
202300021473,155 642 471,B01,1,33,0,2,1,1,1,0.0
202300021474,155 642 468,A01,1,7,3,0,3,1,1,0.0
202300021475,155 642 466,A01,2,7,0,2,4,2,1,0.0
202300021475,155 642 467,B01,2,7,0,2,1,2,1,0.0
202300021476,155 642 465,A01,2,7,4,0,1,14,1,0.0
202300021477,155 642 464,A01,1,7,3,0,0,1,1,0.0
202300021478,155 642 463,A01,1,30,0,0,7,1,1,0.0
202300021479,155 642 461,A01,2,33,0,2,0,1,1,0.0
202300021479,155 642 462,B01,2,7,0,2,0,11,1,0.0
202300021480,155 642 460,Y01,2,1,0,0,0,1,5,0.0
202300021481,155 642 459,A01,2,33,3,0,3,13,0,0.0
202300021482,155 642 455,A01,2,7,0,2,6,2,1,0.0
202300021482,155 642 457,B01,2,33,0,2,1,2,1,0.0
202300021483,155 642 456,B01,2,1,0,2,8,1,5,0.0
202300021483,155 642 458,A01,2,7,0,2,2,15,1,0.0
202300021484,155 642 453,A01,2,10,0,1,0,1,1,0.0
202300021485,155 642 452,B01,2,7,0,2,4,1,1,0.0
202300021485,155 642 454,A01,2,99,0,2,1,1,1,0.0
202300021486,155 642 449,A01,1,7,0,2,1,1,1,0.0
202300021486,155 642 450,B01,1,7,0,5,1,1,1,0.0
202300021487,155 642 448,A01,1,30,0,0,0,26,1,0.0
202300021487,155 642 451,B01,2,7,0,0,0,15,1,0.0
202300021488,155 642 446,A01,2,7,0,2,5,14,3,0.0
202300021488,155 642 447,B01,2,34,0,2,1,3,1,0.0
202300021489,155 642 442,A01,1,7,0,2,3,19,2,0.0
202300021489,155 642 445,B01,1,32,0,2,1,2,1,0.0
202300021490,155 642 435,A01,1,14,0,2,3,9,1,0.0
202300021490,155 642 437,H01,1,38,0,2,5,1,1,1.0
202300021490,155 642 438,B01,1,7,0,2,5,1,1,0.0
202300021490,155 642 440,D01,1,10,0,2,8,1,1,0.0
202300021490,155 642 441,C01,1,7,0,2,4,1,2,0.0
202300021490,155 642 443,E01,1,7,0,2,5,1,2,0.0
202300021490,155 642 444,F01,1,7,0,2,6,1,1,0.0
202300021491,155 642 436,A01,1,7,0,2,1,15,1,0.0
202300021491,155 642 439,B01,2,43,0,2,1,1,1,0.0
202300021492,155 642 433,B01,2,7,0,2,2,12,1,0.0
202300021492,155 642 434,A01,2,33,0,2,8,1,1,0.0
202300021493,155 642 431,A01,2,7,0,2,1,1,1,0.0
202300021493,155 642 432,B01,2,10,0,0,4,1,1,0.0
202300021494,155 642 430,A01,1,7,0,1,6,4,1,0.0
202300021495,155 642 429,A01,1,7,15,0,3,1,1,0.0
202300021496,155 642 427,B01,2,7,13,0,4,1,1,0.0
202300021496,155 642 428,A01,2,13,0,2,1,2,1,0.0
202300021497,155 642 424,B01,2,7,0,2,1,1,0,0.0
202300021497,155 642 425,A01,1,10,0,2,1,13,1,0.0
202300021498,155 642 423,A01,2,7,1,0,3,13,0,0.0
202300021498,155 642 426,B01,1,7,0,2,8,23,1,0.0
202300021499,155 642 422,A01,3,33,0,0,8,0,1,0.0
202300021500,155 642 421,A01,3,10,1,0,0,1,0,0.0
202300021501,155 642 417,A01,2,7,0,2,3,5,1,0.0
202300021501,155 642 418,C01,1,7,0,2,6,1,0,0.0
202300021501,155 642 420,B01,1,7,0,2,3,1,1,0.0
202300021502,155 642 416,B01,2,7,0,2,3,1,1,0.0
202300021502,155 642 419,A01,2,7,0,2,1,15,0,0.0
202300021503,155 642 415,A01,0,7,2,0,3,21,1,0.0
202300021504,155 642 414,A01,3,7,1,0,2,1,1,0.0
202300021505,155 642 412,B01,2,14,0,2,3,1,1,0.0
202300021505,155 642 413,A01,1,7,13,2,3,1,1,0.0
202300021506,155 642 410,A01,2,7,6,0,8,1,1,0.0
202300021507,155 642 411,A01,1,7,0,1,7,19,0,0.0
202300021508,155 642 407,B01,1,10,14,0,1,1,1,0.0
202300021508,155 642 408,A01,2,7,0,2,1,13,1,0.0
202300021509,155 642 406,A01,2,30,0,2,1,26,1,0.0
202300021509,155 642 409,B01,1,7,0,2,1,1,2,0.0
202300021510,155 642 403,A01,1,7,15,2,3,11,1,0.0
202300021510,155 642 405,B01,1,7,0,2,2,1,1,0.0
202300021511,155 642 404,A01,3,7,0,1,4,20,0,0.0
202300021512,155 642 402,A01,3,7,1,0,1,1,1,0.0
202300021513,155 642 399,A01,1,7,0,2,3,1,1,0.0
202300021513,155 642 401,B01,2,7,0,2,5,15,1,0.0
202300021514,155 642 398,A01,1,30,0,2,2,15,1,0.0
202300021514,155 642 400,B01,2,30,0,2,1,1,1,0.0
202300021515,155 642 397,A01,3,80,6,0,1,1,3,0.0
202300021516,155 642 396,A01,2,33,12,0,1,5,1,0.0
202300021517,155 642 394,B01,1,10,0,2,3,1,0,0.0
202300021517,155 642 395,A01,1,10,0,2,1,1,0,0.0
202300021518,155 642 393,A01,1,7,0,1,3,21,1,0.0
202300021519,155 642 392,A01,1,30,10,0,1,14,1,0.0
202300021520,155 642 391,A01,1,32,3,0,1,0,1,0.0
202300021521,155 642 390,A01,2,7,0,1,1,26,0,0.0
202300021522,155 642 389,A01,2,0,0,0,0,0,0,0.0
202300021523,155 642 388,A01,3,10,0,1,1,15,1,0.0
202300021524,155 642 387,A01,3,7,8,0,2,26,1,0.0
202300021525,155 642 384,A01,2,7,0,2,4,9,1,0.0
202300021525,155 642 385,B01,2,33,0,2,7,1,1,0.0
202300021526,155 642 383,B01,2,33,0,2,5,9,1,0.0
202300021526,155 642 386,A01,1,10,0,2,2,9,1,0.0
202300021527,155 642 382,A01,1,7,0,2,4,2,1,0.0
202300021528,155 642 380,B01,1,7,0,2,3,1,1,0.0
202300021528,155 642 381,A01,1,7,0,2,5,12,1,0.0
202300021529,155 642 376,A01,3,7,0,2,8,19,1,0.0
202300021529,155 642 377,B01,1,10,0,2,1,1,1,0.0
202300021530,155 642 374,A01,3,7,0,2,1,13,1,0.0
202300021530,155 642 375,B01,3,7,0,2,1,1,1,0.0
202300021531,155 642 372,A01,2,7,0,2,6,15,1,0.0
202300021531,155 642 373,B01,2,33,0,2,2,0,1,0.0
202300021532,155 642 368,A01,0,7,8,0,1,14,1,0.0
202300021533,155 642 367,B01,2,10,0,2,4,1,1,0.0
202300021533,155 642 369,C01,2,7,0,2,4,1,1,0.0
202300021533,155 642 370,A01,2,7,0,2,1,1,1,0.0
202300021533,155 642 371,D01,2,7,0,2,4,1,1,0.0
202300021534,155 642 364,A01,1,10,0,2,8,10,1,0.0
202300021534,155 642 366,B01,1,31,0,2,1,2,1,0.0
202300021535,155 642 363,A01,2,7,0,2,3,13,1,0.0
202300021535,155 642 365,B01,1,33,0,2,1,1,1,0.0
202300021536,155 642 360,A01,3,7,0,2,1,1,1,0.0
202300021536,155 642 362,B01,3,1,0,2,1,0,5,0.0
202300021537,155 642 359,A01,1,7,0,2,1,1,1,0.0
202300021537,155 642 361,B01,1,99,0,2,1,1,3,0.0
202300021538,155 642 358,A01,2,38,0,1,1,1,1,1.0
202300021539,155 642 357,A01,3,50,0,0,0,1,3,0.0
202300021540,155 642 356,A01,2,7,0,2,3,7,1,0.0
202300021541,155 642 354,A01,1,7,0,2,6,15,1,0.0
202300021541,155 642 355,B01,1,33,0,2,1,17,1,0.0
202300021542,155 642 351,B01,2,7,0,2,1,13,1,0.0
202300021542,155 642 353,A01,1,7,0,2,1,1,1,0.0
202300021543,155 642 350,A01,2,7,0,2,1,15,1,0.0
202300021543,155 642 352,B01,1,7,0,2,3,1,1,0.0
202300021544,155 642 348,A01,1,7,1,2,6,20,0,0.0
202300021544,155 642 349,B01,1,33,0,2,1,0,0,0.0
202300021545,155 642 345,A01,1,7,0,1,5,20,2,0.0
202300021546,155 642 343,A01,1,14,7,2,1,13,0,0.0
202300021546,155 642 344,B01,2,7,0,2,1,15,1,0.0
202300021546,155 642 346,C01,2,7,0,2,1,23,1,0.0
202300021546,155 642 347,D01,2,7,0,2,1,23,1,0.0
202300021547,155 642 342,A01,2,30,0,0,8,1,1,0.0
202300021548,155 642 339,A01,0,33,0,2,1,2,1,0.0
202300021548,155 642 341,B01,0,7,0,2,5,2,0,0.0
202300021549,155 642 340,A01,1,7,0,1,1,1,1,0.0
202300021550,155 642 337,A01,1,7,0,1,1,26,1,0.0
202300021551,155 642 335,A01,1,7,0,0,3,2,1,0.0
202300021551,155 642 336,B01,3,1,0,2,1,5,5,0.0
202300021552,155 642 334,A01,1,2,0,2,1,2,1,0.0
202300021552,155 642 338,B01,1,7,0,2,4,2,1,0.0
202300021553,155 642 330,B01,1,50,0,2,1,2,3,0.0
202300021553,155 642 331,A01,1,10,8,0,7,16,1,0.0
202300021554,155 642 329,B01,2,7,0,2,5,1,1,0.0
202300021554,155 642 332,A01,1,7,0,2,1,19,1,0.0
202300021555,155 642 326,B01,2,33,0,2,1,1,1,0.0
202300021555,155 642 328,A01,0,7,0,2,2,15,1,0.0
202300021556,155 642 325,A01,1,1,0,2,1,1,5,0.0
202300021556,155 642 327,B01,0,7,0,2,3,1,1,0.0
202300021557,155 642 323,A01,2,7,0,2,1,1,1,0.0
202300021557,155 642 324,B01,2,7,0,2,4,1,1,0.0
202300021558,155 642 321,A01,3,10,0,2,3,15,1,0.0
202300021558,155 642 322,B01,3,1,0,2,8,1,5,0.0
202300021559,155 642 319,A01,1,7,0,2,7,2,1,0.0
202300021559,155 642 320,B01,1,1,0,2,8,2,5,0.0
202300021560,155 642 316,B01,3,10,0,2,8,15,1,0.0
202300021560,155 642 318,A01,3,33,0,2,1,17,1,0.0
202300021561,155 642 315,A01,3,7,0,2,1,1,1,0.0
202300021561,155 642 317,B01,3,7,0,1,1,23,1,0.0
202300021562,155 642 312,A01,1,7,0,2,3,1,1,0.0
202300021562,155 642 314,B01,1,7,0,2,2,23,1,0.0
202300021563,155 642 311,A01,1,7,0,2,7,1,1,0.0
202300021563,155 642 313,B01,2,7,0,2,1,1,1,0.0
202300021564,155 642 309,B01,2,31,0,2,8,0,0,0.0
202300021564,155 642 310,A01,1,7,0,2,1,23,1,0.0
202300021565,155 642 308,A01,1,7,15,1,2,20,1,0.0
202300021566,155 642 305,A01,1,33,0,2,1,1,1,0.0
202300021566,155 642 306,B01,2,7,0,2,5,15,1,0.0
202300021567,155 642 304,B01,3,99,1,2,4,23,1,0.0
202300021567,155 642 307,A01,3,7,0,2,1,1,1,0.0
202300021568,155 642 302,A01,3,50,0,1,4,26,3,0.0
202300021569,155 642 303,A01,3,7,7,0,1,19,1,0.0
202300021570,155 642 300,A01,2,1,0,2,7,17,5,0.0
202300021570,155 642 301,B01,2,7,0,2,3,15,1,0.0
202300021571,155 642 298,A01,2,7,0,2,5,16,1,0.0
202300021571,155 642 299,B01,2,1,0,2,1,1,5,0.0
202300021572,155 642 296,B01,1,7,0,1,1,26,1,0.0
202300021572,155 642 297,A01,1,7,0,2,2,2,1,0.0
202300021573,155 642 294,B01,1,7,0,2,1,0,1,0.0
202300021573,155 642 295,A01,1,50,0,2,7,26,3,0.0
202300021574,155 642 293,A01,2,30,12,0,1,1,1,0.0
202300021575,155 642 289,A01,1,7,0,2,1,15,1,0.0
202300021575,155 642 292,B01,2,7,0,2,3,1,1,0.0
202300021576,155 642 290,B01,1,31,0,2,4,2,1,0.0
202300021576,155 642 291,A01,1,16,0,2,3,2,1,0.0
202300021577,155 642 287,B01,2,7,0,2,4,23,1,0.0
202300021577,155 642 288,A01,2,3,0,2,1,1,1,0.0
202300021578,155 642 284,A01,1,31,0,2,1,2,1,0.0
202300021578,155 642 286,Z01,1,7,0,2,3,11,1,0.0
202300021579,155 642 283,Z01,2,7,0,0,0,0,0,0.0
202300021579,155 642 285,A01,1,30,12,0,0,14,1,0.0
202300021580,155 642 281,A01,1,7,9,0,1,13,1,0.0
202300021581,155 642 280,B01,2,7,0,2,4,1,3,0.0
202300021581,155 642 282,A01,2,7,0,2,1,1,1,0.0
202300021582,155 642 275,A01,3,7,0,0,2,1,1,0.0
202300021582,155 642 277,B01,0,31,0,2,3,1,1,0.0
202300021583,155 642 274,A01,2,7,0,2,1,1,1,0.0
202300021583,155 642 276,B01,2,7,0,2,1,1,1,0.0
202300021583,155 642 278,C01,2,7,0,2,1,1,1,0.0
202300021583,155 642 279,D01,2,7,0,0,0,1,1,0.0
202300021584,155 642 271,A01,1,33,13,0,0,1,1,0.0
202300021585,155 642 272,A01,1,30,12,2,4,1,1,0.0
202300021585,155 642 273,B01,1,7,9,2,0,1,0,0.0
202300021586,155 642 266,C01,3,7,0,2,4,1,1,0.0
202300021586,155 642 268,B01,3,7,0,2,4,0,1,0.0
202300021586,155 642 270,A01,3,7,0,2,1,1,1,0.0
202300021587,155 642 267,A01,1,7,0,2,8,15,1,0.0
202300021587,155 642 269,B01,1,32,0,2,7,17,1,0.0
202300021588,155 642 263,B01,0,7,0,2,3,1,0,0.0
202300021588,155 642 265,A01,0,7,0,2,2,1,0,0.0
202300021589,155 642 262,A01,3,31,0,2,1,1,1,0.0
202300021589,155 642 264,B01,3,7,0,2,5,16,1,0.0
202300021590,155 642 259,B01,3,7,0,2,3,1,1,0.0
202300021590,155 642 261,A01,3,7,0,2,2,15,1,0.0
202300021591,155 642 260,A01,1,7,0,1,2,1,1,0.0
202300021592,155 642 257,A01,0,32,11,0,1,1,1,0.0
202300021593,155 642 256,B01,2,2,0,2,4,1,1,0.0
202300021593,155 642 258,A01,2,7,0,2,1,26,1,0.0
202300021594,155 642 255,A01,1,1,0,0,0,21,5,0.0
202300021595,155 642 253,B01,2,7,0,1,4,23,1,0.0
202300021595,155 642 254,A01,1,7,0,2,1,1,1,0.0
202300021596,155 642 250,A01,1,1,0,2,8,15,5,0.0
202300021596,155 642 252,B01,1,31,0,2,2,1,1,0.0
202300021597,155 642 249,A01,1,7,0,2,6,1,1,0.0
202300021597,155 642 251,B01,1,2,0,2,1,2,1,0.0
202300021598,155 642 247,A01,3,1,0,2,1,1,5,0.0
202300021598,155 642 248,B01,3,1,0,2,4,1,5,0.0
202300021599,155 642 244,A01,0,7,0,2,2,1,0,0.0
202300021599,155 642 246,B01,0,7,0,2,6,1,0,0.0
202300021600,155 642 243,A01,1,1,0,2,7,1,5,0.0
202300021600,155 642 245,B01,1,7,0,2,8,1,1,0.0
202300021601,155 642 240,Z01,1,10,0,1,4,4,3,0.0
202300021602,155 642 241,B01,3,1,0,2,1,15,5,0.0
202300021602,155 642 242,A01,3,7,0,9,3,1,1,0.0
202300021603,155 642 238,A01,0,2,0,1,1,26,6,0.0
202300021604,155 642 237,B01,1,7,0,2,5,24,1,0.0
202300021604,155 642 239,A01,1,33,0,2,1,1,1,0.0
202300021605,155 642 236,A01,3,10,0,1,4,4,1,0.0
202300021606,155 642 234,A01,1,30,0,2,4,23,1,0.0
202300021606,155 642 235,B01,1,1,0,2,1,1,5,0.0
202300021607,155 642 232,A01,2,1,0,1,1,1,5,0.0
202300021608,155 642 231,A01,3,7,0,2,1,15,0,0.0
202300021608,155 642 233,B01,3,2,0,2,7,17,0,0.0
202300021609,155 642 229,A01,2,2,0,2,2,2,1,0.0
202300021609,155 642 230,B01,1,7,0,2,1,1,2,0.0
202300021610,155 642 226,A01,1,1,12,2,7,17,5,0.0
202300021610,155 642 227,B01,1,1,12,2,8,1,5,0.0
202300021611,155 642 225,B01,0,7,0,2,7,0,1,0.0
202300021611,155 642 228,A01,1,33,0,2,1,11,1,0.0
202300021612,155 642 223,A01,1,7,0,2,1,1,1,0.0
202300021612,155 642 224,B01,1,7,0,2,4,1,1,0.0
202300021613,155 642 220,Z01,1,7,0,2,8,11,0,0.0
202300021613,155 642 221,A01,1,43,0,2,7,3,1,0.0
202300021613,155 642 222,B01,1,7,0,2,8,1,1,0.0
202300021614,155 642 219,A01,1,7,13,0,3,2,1,0.0
202300021615,155 642 215,B01,1,10,0,2,8,20,1,0.0
202300021615,155 642 217,A01,1,30,0,2,1,2,1,0.0
202300021616,155 642 216,A01,2,7,0,2,1,2,1,0.0
202300021616,155 642 218,B01,2,10,0,2,4,2,1,0.0
202300021617,155 642 214,A01,2,7,0,1,5,20,1,0.0
202300021618,155 642 213,A01,2,80,8,0,1,14,3,0.0
202300021619,155 642 212,A01,0,1,0,0,0,16,5,0.0
202300021620,155 642 210,A01,3,7,8,0,0,1,1,0.0
202300021621,155 642 211,A01,1,1,0,0,0,1,5,0.0
202300021622,155 642 207,B01,2,15,0,2,5,1,1,0.0
202300021622,155 642 209,A01,2,32,0,2,8,18,1,0.0
202300021623,155 642 203,A01,1,7,15,0,1,14,1,0.0
202300021624,155 642 204,B01,3,1,0,2,1,2,5,0.0
202300021624,155 642 205,A01,3,1,0,2,4,2,5,0.0
202300021624,155 642 206,C01,3,1,0,2,1,2,5,0.0
202300021624,155 642 208,Z01,3,10,0,2,0,14,1,0.0
202300021625,155 642 199,B01,2,30,0,2,8,1,1,0.0
202300021625,155 642 201,A01,1,7,0,2,1,1,2,0.0
202300021626,155 642 198,A01,2,7,0,2,1,13,1,0.0
202300021626,155 642 200,B01,1,7,0,2,8,1,1,0.0
202300021626,155 642 202,C01,1,7,0,2,1,1,1,0.0
202300021627,155 642 195,A01,3,7,0,0,0,0,1,0.0
202300021628,155 642 196,B01,1,1,0,2,3,1,5,0.0
202300021628,155 642 197,A01,1,37,0,2,7,9,2,1.0
202300021629,155 642 194,A01,2,33,13,0,8,1,1,0.0
202300021630,155 642 193,A01,1,10,13,0,1,1,1,0.0
202300021631,155 642 191,A01,1,1,0,1,1,2,5,0.0
202300021632,155 642 189,A01,2,33,0,2,1,1,1,0.0
202300021632,155 642 190,B01,2,7,0,2,8,11,1,0.0
202300021633,155 642 188,A01,2,50,0,1,1,1,3,0.0
202300021634,155 642 186,A01,0,7,0,2,2,0,1,0.0
202300021634,155 642 187,B01,0,2,0,2,3,1,1,0.0
202300021635,155 642 184,A01,2,1,0,0,0,21,5,0.0
202300021636,155 642 183,A01,1,7,0,2,6,1,1,0.0
202300021636,155 642 185,B01,1,10,0,2,2,21,1,0.0
202300021637,155 642 180,A01,1,33,0,2,1,1,1,0.0
202300021637,155 642 182,B01,1,1,0,2,5,14,5,0.0
202300021638,155 642 179,A01,2,7,0,2,1,13,1,0.0
202300021638,155 642 181,B01,1,7,0,2,1,1,1,0.0
202300021639,155 642 176,A01,1,33,0,2,1,1,1,0.0
202300021639,155 642 177,B01,1,7,0,2,2,15,1,0.0