num_acc,id_vehicule,num_veh,senc,catv,obs,obsm,choc,manv,motor,occutc
202300021640,155 642 175,A01,3,32,0,2,1,1,1,0.0
202300021640,155 642 178,B01,3,1,0,2,5,16,5,0.0
202300021641,155 642 172,B01,1,31,0,2,1,13,1,0.0
202300021641,155 642 174,A01,1,7,0,2,3,11,1,0.0
202300021642,155 642 171,B01,3,32,0,2,8,1,1,0.0
202300021642,155 642 173,A01,1,7,1,2,1,0,1,0.0
202300021643,155 642 170,A01,1,33,0,0,0,1,1,0.0
202300021644,155 642 169,A01,2,7,1,0,1,1,0,0.0
202300021645,155 642 167,A01,1,7,0,2,3,1,1,0.0
202300021645,155 642 168,B01,2,7,0,2,3,1,1,0.0
202300021646,155 642 163,A01,2,10,6,0,1,13,1,0.0
202300021647,155 642 164,B01,2,0,-1,2,4,23,0,0.0
202300021647,155 642 166,A01,2,30,0,2,1,1,0,0.0
202300021648,155 642 162,A01,0,20,0,0,8,4,6,0.0
202300021649,155 642 160,Z01,1,0,0,2,4,1,0,0.0
202300021649,155 642 161,A01,1,32,0,2,1,1,1,0.0
202300021650,155 642 158,A01,2,33,0,2,3,0,0,0.0
202300021650,155 642 159,B01,2,7,0,0,4,10,1,0.0
202300021651,155 642 156,A01,0,10,0,2,7,1,1,0.0
202300021651,155 642 157,B01,0,99,0,2,1,1,0,0.0
202300021652,155 642 154,B01,2,2,0,2,1,1,1,0.0
202300021652,155 642 155,A01,0,7,0,2,3,9,1,0.0
202300021653,155 642 153,A01,2,50,0,1,1,0,3,0.0
202300021654,155 642 151,A01,3,7,0,2,8,0,1,0.0
202300021654,155 642 152,B01,3,2,0,2,8,0,1,0.0
202300021655,155 642 149,A01,2,10,0,2,1,1,1,0.0
202300021655,155 642 150,B01,2,33,0,2,4,16,1,0.0
202300021656,155 642 147,A01,1,33,13,0,2,1,1,0.0
202300021657,155 642 146,A01,1,7,0,2,3,1,1,0.0
202300021657,155 642 148,B01,2,50,0,2,1,15,3,0.0
202300021658,155 642 144,A01,1,7,0,2,1,1,1,0.0
202300021658,155 642 145,B01,1,1,0,0,4,1,5,0.0
202300021659,155 642 141,A01,1,7,6,0,3,2,1,0.0
202300021660,155 642 142,A01,0,7,0,2,3,0,0,0.0
202300021660,155 642 143,B01,0,2,0,2,3,0,1,0.0
202300021661,155 642 140,A01,1,2,0,0,0,26,1,0.0
202300021662,155 642 137,A01,3,2,0,0,0,0,1,0.0
202300021663,155 642 138,A01,3,3,0,2,5,15,1,0.0
202300021663,155 642 139,B01,2,33,0,2,1,1,1,0.0
202300021664,155 642 134,A01,1,7,0,9,1,2,1,0.0
202300021664,155 642 136,B01,1,80,0,0,4,2,3,0.0
202300021665,155 642 133,A01,1,10,0,2,1,2,1,0.0
202300021665,155 642 135,B01,1,10,0,2,6,2,1,0.0
202300021666,155 642 131,B01,2,7,0,2,1,1,1,0.0
202300021666,155 642 132,A01,1,7,0,2,1,13,1,0.0
202300021667,155 642 130,A01,1,7,0,1,1,1,1,0.0
202300021668,155 642 129,A01,2,7,8,0,1,1,1,0.0
202300021669,155 642 128,A01,1,7,0,1,2,1,1,0.0
202300021670,155 642 127,A01,1,33,2,0,1,1,1,0.0
202300021671,155 642 123,B01,3,2,1,2,7,1,1,0.0
202300021671,155 642 124,C01,3,38,0,2,0,24,1,1.0
202300021671,155 642 126,A01,2,7,0,2,3,9,1,0.0
202300021672,155 642 121,A01,1,7,0,2,3,13,1,0.0
202300021672,155 642 122,B01,2,7,0,2,3,1,1,0.0
202300021673,155 642 119,A01,1,1,0,0,0,1,5,0.0
202300021673,155 642 120,Z01,1,7,0,0,0,16,0,0.0
202300021674,155 642 118,A01,0,50,0,1,1,1,3,0.0
202300021675,155 642 116,A01,1,0,0,0,0,0,0,0.0
202300021676,155 642 115,A01,1,7,0,2,2,2,1,0.0
202300021676,155 642 117,B01,1,50,0,2,0,0,3,0.0
202300021677,155 642 114,A01,2,2,10,0,2,2,1,0.0
202300021678,155 642 113,A01,1,7,1,0,2,1,0,0.0
202300021679,155 642 111,A01,2,7,15,0,1,17,1,0.0
202300021679,155 642 112,B01,1,7,0,0,1,1,1,0.0
202300021680,155 642 110,A01,1,7,13,0,3,1,6,0.0
202300021681,155 642 109,A01,1,7,0,1,1,16,1,0.0
202300021682,155 642 108,A01,3,7,8,0,1,1,1,0.0
202300021683,155 642 106,B01,1,13,0,0,4,1,1,0.0
202300021683,155 642 107,A01,1,7,0,2,1,2,1,0.0
202300021684,155 642 105,A01,2,7,6,0,2,14,1,0.0
202300021685,155 642 103,A01,2,7,0,0,5,1,1,0.0
202300021685,155 642 104,B01,2,33,0,2,1,0,1,0.0
202300021686,155 642 102,A01,3,50,0,0,0,0,3,0.0
202300021687,155 642 100,A01,2,7,0,0,1,19,1,0.0
202300021688,155 642 099,B01,2,7,0,2,8,17,1,0.0
202300021688,155 642 101,A01,2,33,0,2,7,17,1,0.0
202300021689,155 642 097,B01,2,33,0,2,1,1,1,0.0
202300021689,155 642 098,A01,1,7,0,2,1,15,1,0.0
202300021690,155 642 095,A01,2,7,0,2,3,16,1,0.0
202300021690,155 642 096,B01,1,2,0,2,1,18,1,0.0
202300021691,155 642 094,A01,1,7,0,0,1,0,1,0.0
202300021692,155 642 092,A01,3,50,0,1,0,1,3,0.0
202300021693,155 642 093,A01,1,7,4,0,3,2,1,0.0
202300021694,155 642 091,A01,1,10,2,0,3,1,1,0.0
202300021695,155 642 088,A01,2,7,0,2,1,13,1,0.0
202300021695,155 642 089,B01,1,10,0,2,1,1,1,0.0
202300021696,155 642 087,A01,2,7,0,2,8,19,1,0.0
202300021696,155 642 090,B01,1,7,0,2,2,1,1,0.0
202300021697,155 642 085,A01,1,7,0,2,3,13,1,0.0
202300021697,155 642 086,B01,1,7,0,2,3,1,1,0.0
202300021698,155 642 083,A01,1,7,0,2,3,15,1,0.0
202300021698,155 642 084,B01,2,33,0,2,1,1,1,0.0
202300021699,155 642 082,A01,2,2,15,0,1,15,1,0.0
202300021700,155 642 080,A01,2,7,13,0,1,1,1,0.0
202300021701,155 642 079,B01,0,1,0,2,1,19,5,0.0
202300021701,155 642 081,A01,1,7,0,2,1,1,1,0.0
202300021702,155 642 078,A01,2,7,13,0,1,1,0,0.0
202300021703,155 642 076,A01,1,7,0,2,0,13,0,0.0
202300021703,155 642 077,B01,2,7,10,2,3,1,0,0.0
202300021704,155 642 072,C01,2,7,0,2,1,1,0,0.0
202300021704,155 642 074,A01,1,7,0,2,1,13,0,0.0
202300021704,155 642 075,B01,1,7,0,2,1,1,0,0.0
202300021705,155 642 073,A01,1,7,6,0,1,14,1,0.0
202300021706,155 642 071,A01,0,1,0,0,1,0,5,0.0
202300021707,155 642 068,A01,1,7,0,2,8,15,3,0.0
202300021707,155 642 070,B01,2,1,0,2,1,1,5,0.0
202300021708,155 642 067,A01,1,7,0,2,1,13,1,0.0
202300021708,155 642 069,B01,2,21,0,2,1,1,1,0.0
202300021709,155 642 065,A01,3,7,0,1,2,15,1,0.0
202300021710,155 642 062,C01,1,7,0,2,1,23,0,0.0
202300021710,155 642 064,B01,1,7,0,2,1,1,0,0.0
202300021710,155 642 066,A01,2,10,8,0,5,19,0,0.0
202300021711,155 642 059,A01,1,7,0,2,3,1,1,0.0
202300021711,155 642 060,B01,2,7,0,2,3,1,1,0.0
202300021712,155 642 061,A01,3,33,0,0,4,17,1,0.0
202300021712,155 642 063,B01,3,7,0,2,1,17,1,0.0
202300021713,155 642 058,A01,3,7,8,0,1,1,1,0.0
202300021714,155 642 057,A01,3,7,0,1,2,1,1,0.0
202300021715,155 642 055,A01,3,33,0,2,1,17,1,0.0
202300021715,155 642 056,B01,3,7,0,2,6,15,1,0.0
202300021716,155 642 053,A01,2,21,0,2,3,15,1,0.0
202300021716,155 642 054,B01,1,30,0,2,1,1,1,0.0
202300021717,155 642 052,A01,1,31,0,0,0,0,1,0.0
202300021718,155 642 050,B01,2,33,0,2,3,1,1,0.0
202300021718,155 642 051,A01,2,7,0,0,5,16,1,0.0
202300021719,155 642 049,A01,1,2,0,0,0,2,1,0.0
202300021720,155 642 047,B01,3,2,0,0,8,15,1,0.0
202300021720,155 642 048,A01,3,7,6,2,1,2,1,0.0
202300021721,155 642 046,A01,0,7,0,1,4,4,1,0.0
202300021722,155 642 044,A01,2,33,0,2,1,17,1,0.0
202300021722,155 642 045,B01,2,21,0,2,3,15,1,0.0
202300021723,155 642 043,A01,3,7,1,0,1,1,1,0.0
202300021724,155 642 040,A01,2,7,0,2,1,1,1,0.0
202300021724,155 642 041,B01,2,7,0,0,4,1,1,0.0
202300021725,155 642 038,A01,2,7,0,2,1,17,1,0.0
202300021725,155 642 039,B01,1,7,0,2,1,1,1,0.0
202300021726,155 642 036,A01,2,7,0,0,8,18,1,0.0
202300021726,155 642 037,B01,2,14,0,2,1,1,1,0.0
202300021727,155 642 034,A01,1,7,8,0,2,1,1,0.0
202300021728,155 642 032,A01,1,7,3,2,1,2,1,0.0
202300021728,155 642 033,B01,1,10,0,0,6,2,1,0.0
202300021729,155 642 031,A01,3,7,0,1,2,21,1,0.0
202300021730,155 642 030,A01,1,99,13,0,2,1,1,0.0
202300021731,155 642 029,A01,1,7,3,0,4,1,1,0.0
202300021732,155 642 028,A01,2,32,3,0,2,0,1,0.0
202300021733,155 642 027,B01,2,15,0,0,7,1,6,0.0
202300021734,155 642 024,A01,2,33,0,2,1,1,1,0.0
202300021734,155 642 026,B01,1,21,0,2,8,15,1,0.0
202300021735,155 642 023,B01,1,15,0,2,5,1,1,0.0
202300021735,155 642 025,A01,1,7,0,2,1,1,1,0.0
202300021736,155 642 022,A01,1,7,13,0,1,1,1,0.0
202300021737,155 642 020,A01,1,7,0,2,3,19,1,0.0
202300021737,155 642 021,B01,2,32,0,2,2,13,1,0.0
202300021738,155 642 018,A01,1,7,0,1,4,4,1,0.0
202300021739,155 642 017,A01,1,7,0,0,2,15,1,0.0
202300021739,155 642 019,B01,1,33,0,2,1,1,1,0.0
202300021740,155 642 014,B01,1,7,0,2,1,2,0,0.0
202300021740,155 642 016,A01,2,2,0,0,4,1,1,0.0
202300021741,155 642 011,A01,0,80,0,0,0,0,3,0.0
202300021742,155 642 010,A01,1,31,0,2,7,1,1,0.0
202300021742,155 642 012,B01,2,7,0,2,1,9,1,0.0
202300021743,155 642 008,A01,2,1,0,2,8,10,5,0.0
202300021743,155 642 009,B01,2,10,0,2,1,2,1,0.0
202300021744,155 642 006,B01,1,7,0,2,1,1,1,0.0
202300021744,155 642 007,A01,1,7,0,2,1,13,1,0.0
202300021745,155 642 004,A01,2,7,0,2,1,1,1,0.0
202300021745,155 642 005,B01,1,33,0,2,1,1,1,0.0
202300021746,155 642 003,A01,2,15,3,0,1,26,1,0.0
202300021747,155 642 002,A01,1,7,2,0,1,13,0,0.0
202300021748,155 642 001,A01,1,2,0,0,9,15,1,0.0
202300021749,155 642 000,A01,1,80,6,0,1,1,3,0.0
202300021750,155 641 996,B01,1,33,0,2,1,1,1,0.0
202300021750,155 641 998,A01,1,7,0,2,3,15,1,0.0
202300021751,155 641 995,B01,1,7,0,2,1,13,1,0.0
202300021751,155 641 997,A01,2,7,13,2,8,1,1,0.0
202300021752,155 641 993,A01,1,2,15,9,3,1,1,0.0
202300021753,155 641 994,A01,2,33,0,0,0,1,1,0.0
202300021754,155 641 992,A01,2,7,2,0,3,0,0,0.0
202300021755,155 641 990,A01,1,7,0,2,3,10,1,0.0
202300021755,155 641 991,B01,1,7,0,2,2,1,1,0.0
202300021756,155 641 989,A01,2,7,13,0,0,17,1,0.0
202300021757,155 641 988,A01,1,7,0,1,3,1,1,0.0
202300021758,155 641 987,A01,1,7,13,0,1,1,1,0.0
202300021759,155 641 985,A01,2,33,7,0,1,1,1,0.0
202300021760,155 641 984,B01,1,15,0,2,1,1,1,0.0
202300021760,155 641 986,A01,2,7,0,2,1,1,1,0.0
202300021761,155 641 983,A01,2,7,0,0,3,0,1,0.0
202300021762,155 641 980,A01,1,7,0,1,0,1,1,0.0
202300021763,155 641 981,A01,2,7,0,2,3,15,1,0.0
202300021763,155 641 982,B01,1,2,0,2,8,1,1,0.0
202300021764,155 641 977,B01,1,2,0,2,1,1,1,0.0
202300021764,155 641 979,A01,2,7,0,2,1,15,0,0.0
202300021765,155 641 975,B01,2,7,0,2,3,1,1,0.0
202300021765,155 641 976,C01,2,7,0,2,1,1,1,0.0
202300021765,155 641 978,A01,1,33,0,2,1,13,1,0.0
202300021766,155 641 974,A01,1,33,0,0,2,1,1,0.0
202300021767,155 641 972,A01,1,7,0,2,8,21,6,0.0
202300021767,155 641 973,B01,2,7,1,2,3,5,1,0.0
202300021768,155 641 970,A01,0,7,0,9,1,9,0,0.0
202300021768,155 641 971,B01,0,1,0,2,7,1,5,0.0
202300021769,155 641 968,A01,1,7,0,2,1,15,1,0.0
202300021769,155 641 969,B01,1,31,0,2,1,1,1,0.0
202300021770,155 641 966,A01,1,33,0,2,7,17,1,0.0
202300021770,155 641 967,B01,1,21,0,2,8,1,1,0.0
202300021771,155 641 964,A01,2,7,0,2,0,1,1,0.0
202300021771,155 641 965,B01,2,1,0,0,8,15,5,0.0
202300021772,155 641 962,A01,3,1,0,0,0,0,5,0.0
202300021773,155 641 960,C01,2,7,0,2,1,1,1,0.0
202300021773,155 641 961,B01,2,7,0,2,9,13,1,0.0
202300021773,155 641 963,A01,2,15,0,2,2,1,1,0.0
202300021774,155 641 959,A01,3,33,17,0,1,1,1,0.0
202300021775,155 641 957,B01,2,14,0,2,2,1,0,0.0
202300021775,155 641 958,A01,2,7,0,2,6,11,1,0.0
202300021776,155 641 955,A01,3,33,0,2,1,17,1,0.0
202300021776,155 641 956,B01,3,7,0,2,1,1,1,0.0
202300021777,155 641 953,B01,1,7,0,2,4,2,1,0.0
202300021777,155 641 954,A01,1,10,0,2,1,2,1,0.0
202300021778,155 641 951,A01,1,33,0,0,7,1,1,0.0
202300021779,155 641 950,A01,3,7,0,9,7,26,1,0.0
202300021779,155 641 952,B01,3,1,0,2,1,1,5,0.0
202300021780,155 641 948,A01,1,33,13,0,8,13,1,0.0
202300021781,155 641 947,A01,2,33,0,2,3,1,1,0.0
202300021781,155 641 949,B01,2,7,0,2,5,21,1,0.0
202300021782,155 641 944,B01,0,2,0,2,7,1,1,0.0
202300021782,155 641 946,A01,0,7,0,2,1,19,1,0.0
202300021783,155 641 943,A01,2,31,0,2,1,1,1,0.0
202300021783,155 641 945,B01,2,38,0,2,6,1,1,1.0
202300021784,155 641 939,A01,1,34,0,2,1,3,1,0.0
202300021784,155 641 941,B01,1,7,0,2,4,2,1,0.0
202300021785,155 641 938,C01,2,7,0,2,2,21,1,0.0
202300021785,155 641 940,A01,2,7,0,0,4,23,1,0.0
202300021785,155 641 942,B01,2,10,0,2,1,0,1,0.0
202300021786,155 641 935,A01,2,7,0,2,4,21,1,0.0
202300021786,155 641 936,B01,2,7,0,2,4,1,1,0.0
202300021787,155 641 933,A01,1,7,0,2,1,5,1,0.0
202300021787,155 641 934,B01,2,7,0,2,5,1,1,0.0
202300021787,155 641 937,C01,2,7,0,2,1,1,1,0.0
202300021788,155 641 926,A01,1,7,0,2,6,4,1,0.0
202300021788,155 641 928,B01,1,7,0,2,7,1,1,0.0
202300021788,155 641 930,C01,1,7,0,2,1,1,1,0.0
202300021789,155 641 925,B01,2,7,0,2,4,2,2,0.0
202300021789,155 641 927,C01,2,7,0,2,4,2,3,0.0
202300021789,155 641 929,A01,2,13,0,2,1,2,1,0.0
202300021790,155 641 922,B01,2,1,0,2,0,1,5,0.0
202300021790,155 641 924,A01,1,7,0,9,3,1,1,0.0
202300021791,155 641 919,A01,1,7,0,6,1,1,1,0.0
202300021792,155 641 918,C01,1,7,0,2,5,2,1,0.0
202300021792,155 641 920,D01,1,10,0,2,4,2,1,0.0
202300021792,155 641 921,B01,1,7,0,2,4,13,2,0.0
202300021792,155 641 923,A01,1,7,0,2,1,2,1,0.0
202300021793,155 641 915,B01,1,10,0,2,4,9,6,0.0
202300021793,155 641 917,A01,1,33,0,2,1,9,1,0.0
202300021794,155 641 912,Z01,2,50,0,1,1,1,3,0.0
202300021795,155 641 911,A01,2,99,0,2,7,11,1,0.0
202300021795,155 641 913,B01,2,33,0,2,1,1,1,0.0
202300021795,155 641 914,D01,2,7,0,2,2,1,1,0.0
202300021795,155 641 916,C01,2,15,0,2,3,1,1,0.0
202300021796,155 641 907,B01,3,7,0,2,7,1,1,0.0
202300021796,155 641 908,Z01,3,7,0,0,0,1,0,0.0
202300021796,155 641 910,A01,3,30,0,2,8,1,1,0.0
202300021797,155 641 905,B01,2,7,3,2,1,1,1,0.0
202300021797,155 641 906,A01,1,7,0,2,1,13,1,0.0
202300021798,155 641 903,A01,2,7,0,2,8,24,1,0.0
202300021798,155 641 904,B01,2,32,1,0,7,1,1,0.0
202300021799,155 641 901,A01,3,7,16,0,0,0,1,0.0
202300021800,155 641 900,B01,3,32,0,2,3,15,1,0.0
202300021800,155 641 902,A01,3,30,0,2,2,1,3,0.0
202300021801,155 641 899,A01,1,31,0,0,0,2,1,0.0
202300021802,155 641 897,A01,3,50,0,0,0,1,3,0.0
202300021803,155 641 898,A01,1,7,0,1,2,2,3,0.0
202300021804,155 641 894,B01,1,33,0,2,3,15,1,0.0
202300021804,155 641 896,A01,2,31,0,2,1,1,1,0.0
202300021805,155 641 895,A01,2,80,0,0,1,21,3,0.0
202300021806,155 641 893,A01,1,7,16,0,1,21,1,0.0
202300021807,155 641 891,A01,1,1,0,0,1,1,5,0.0
202300021808,155 641 890,A01,0,10,0,2,2,16,1,0.0
202300021808,155 641 892,B01,0,33,0,2,8,1,1,0.0
202300021809,155 641 888,A01,2,7,0,2,4,15,1,0.0
202300021809,155 641 889,B01,2,2,0,2,1,1,1,0.0
202300021810,155 641 886,A01,3,50,0,2,1,13,3,0.0
202300021810,155 641 887,B01,3,1,0,2,1,1,5,0.0
202300021811,155 641 883,A01,2,7,0,2,8,17,1,0.0
202300021811,155 641 885,B01,2,33,0,2,2,17,1,0.0
202300021812,155 641 882,A01,1,80,0,2,2,17,3,0.0
202300021812,155 641 884,B01,1,80,0,2,6,21,3,0.0
202300021813,155 641 881,A01,2,7,1,0,1,1,1,0.0
202300021814,155 641 879,B01,2,32,0,2,3,17,1,0.0
202300021814,155 641 880,A01,1,7,0,2,2,15,1,0.0
202300021815,155 641 878,A01,1,7,0,1,1,1,1,0.0
202300021816,155 641 874,A01,2,3,0,2,1,26,1,0.0
202300021816,155 641 876,B01,1,7,0,2,1,1,1,0.0
202300021817,155 641 875,A01,2,10,0,2,6,20,1,0.0
202300021817,155 641 877,B01,2,30,0,2,7,1,1,0.0
202300021818,155 641 872,A01,2,7,0,2,3,15,1,0.0
202300021818,155 641 873,B01,2,31,0,2,2,17,1,0.0
202300021819,155 641 871,A01,2,10,0,1,4,20,1,0.0
202300021820,155 641 869,A01,1,7,0,2,8,1,1,0.0
202300021820,155 641 870,B01,1,14,0,2,7,12,1,0.0
202300021821,155 641 866,A01,1,7,13,0,1,14,1,0.0
202300021822,155 641 867,B01,2,37,0,2,2,13,1,2.0
202300021822,155 641 868,A01,2,7,0,0,0,14,1,0.0
202300021823,155 641 863,A01,1,7,1,0,1,2,0,0.0
202300021823,155 641 865,B01,2,7,0,2,4,23,0,0.0
202300021824,155 641 862,A01,0,34,0,2,2,13,1,0.0
202300021824,155 641 864,B01,0,7,0,2,3,1,1,0.0
202300021825,155 641 861,A01,2,7,3,0,3,1,1,0.0
202300021826,155 641 860,A01,2,7,3,0,1,1,1,0.0
202300021827,155 641 858,B01,1,7,0,1,1,21,1,0.0
202300021828,155 641 859,A01,2,7,0,1,1,15,1,0.0
202300021829,155 641 856,A01,2,7,0,1,2,2,2,0.0
202300021830,155 641 855,B01,1,7,0,2,1,1,1,0.0
202300021830,155 641 857,A01,1,7,0,2,1,1,1,0.0
202300021831,155 641 854,A01,2,7,0,1,1,15,1,0.0
202300021832,155 641 853,A01,1,7,0,1,1,1,2,0.0
202300021833,155 641 851,B01,2,32,0,2,1,21,1,0.0
202300021833,155 641 852,A01,2,10,0,2,2,9,1,0.0
202300021834,155 641 849,B01,3,7,0,2,1,1,1,0.0
202300021834,155 641 850,A01,3,10,0,2,1,13,1,0.0
202300021835,155 641 847,A01,2,33,9,2,8,1,1,0.0
202300021835,155 641 848,B01,1,7,1,2,6,1,2,0.0
202300021836,155 641 845,A01,2,7,0,2,2,15,1,0.0
202300021836,155 641 846,B01,1,33,0,2,1,26,1,0.0
202300021837,155 641 843,A01,2,7,0,2,1,15,1,0.0
202300021837,155 641 844,B01,1,31,0,2,8,1,1,0.0
202300021838,155 641 842,A01,2,7,8,0,0,0,1,0.0
202300021839,155 641 840,B01,2,7,0,2,3,1,1,0.0
202300021839,155 641 841,A01,3,7,0,2,2,1,1,0.0
202300021840,155 641 838,B01,1,7,0,2,3,1,1,0.0
202300021840,155 641 839,A01,2,7,0,2,2,15,1,0.0
202300021841,155 641 836,B01,3,99,0,0,3,1,1,0.0
202300021841,155 641 837,A01,0,50,0,2,1,1,3,0.0
202300021842,155 641 835,A01,1,7,0,1,1,16,1,0.0
202300021843,155 641 833,A01,1,30,0,2,7,15,1,0.0
202300021843,155 641 834,B01,2,7,0,2,1,1,1,0.0
202300021844,155 641 831,B01,1,7,0,2,1,1,1,0.0
202300021844,155 641 832,A01,2,2,0,2,7,1,1,0.0
202300021845,155 641 829,A01,2,7,1,0,1,14,1,0.0
202300021845,155 641 830,B01,2,7,0,2,4,24,2,0.0
202300021846,155 641 827,A01,2,7,0,2,8,1,1,0.0
202300021846,155 641 828,B01,2,7,0,2,1,1,1,0.0
202300021847,155 641 825,A01,3,30,0,2,8,13,1,0.0
202300021847,155 641 826,B01,3,7,0,2,7,17,1,0.0
202300021848,155 641 824,Z01,1,7,0,1,1,1,0,0.0
202300021849,155 641 823,A01,1,7,1,2,1,13,1,0.0
202300021850,155 641 821,A01,2,7,0,2,4,23,1,0.0
202300021850,155 641 822,B01,2,30,0,2,1,2,1,0.0
202300021851,155 641 820,A01,1,7,0,1,2,1,1,0.0
202300021852,155 641 819,A01,1,1,1,0,1,2,5,0.0
202300021853,155 641 817,B01,1,1,0,2,1,1,0,0.0
202300021853,155 641 818,A01,1,7,0,2,1,15,0,0.0
202300021854,155 641 815,A01,1,7,0,2,7,0,3,0.0
202300021854,155 641 816,B01,0,60,0,2,0,0,5,0.0
202300021855,155 641 814,A01,2,7,3,0,3,0,1,0.0
202300021856,155 641 813,A01,2,7,3,0,1,11,1,0.0
202300021857,155 641 811,A01,3,7,0,2,1,13,0,0.0
202300021857,155 641 812,B01,3,7,0,2,1,1,0,0.0
202300021858,155 641 809,A01,3,7,0,2,1,2,1,0.0
202300021858,155 641 810,B01,3,7,0,2,4,2,1,0.0
202300021859,155 641 807,A01,1,7,0,2,6,0,1,0.0
202300021859,155 641 808,B01,1,7,0,2,2,0,0,0.0
202300021860,155 641 805,A01,2,10,0,2,1,2,1,0.0
202300021860,155 641 806,B01,2,7,0,0,4,2,1,0.0
202300021861,155 641 804,A01,2,7,0,1,1,1,1,0.0
202300021862,155 641 802,A01,1,7,0,2,3,13,2,0.0
202300021862,155 641 803,B01,2,10,0,2,8,1,1,0.0
202300021863,155 641 800,A01,2,33,0,2,1,18,1,0.0
202300021863,155 641 801,B01,2,10,0,2,6,15,1,0.0
202300021864,155 641 798,B01,2,10,0,2,2,10,0,0.0
202300021864,155 641 799,A01,1,33,0,2,1,10,0,0.0
202300021865,155 641 796,A01,0,7,0,2,3,15,1,0.0
202300021865,155 641 797,B01,0,10,0,2,2,0,1,0.0
202300021866,155 641 794,B01,1,60,0,2,1,1,5,0.0
202300021866,155 641 795,A01,1,7,0,2,8,15,1,0.0
202300021867,155 641 792,A01,3,14,1,9,7,1,1,0.0
202300021867,155 641 793,B01,3,99,0,2,4,23,1,0.0
202300021868,155 641 791,A01,3,2,15,0,0,0,1,0.0
202300021869,155 641 788,A01,2,7,0,0,4,23,1,0.0
202300021869,155 641 789,B01,2,7,1,0,4,23,1,0.0
202300021869,155 641 790,C01,2,7,1,0,1,1,1,0.0
202300021870,155 641 786,B01,2,7,0,2,2,1,1,0.0
202300021870,155 641 787,A01,1,50,0,2,2,5,3,0.0
202300021871,155 641 784,A01,1,7,0,2,2,9,3,0.0
202300021871,155 641 785,B01,1,7,0,2,1,1,1,0.0
202300021872,155 641 782,A01,2,7,0,2,7,13,1,0.0
202300021872,155 641 783,B01,1,7,0,2,1,1,1,0.0
202300021873,155 641 781,A01,2,7,2,0,8,1,1,0.0
202300021874,155 641 780,A01,2,15,3,0,1,14,1,0.0
202300021875,155 641 778,A01,1,33,0,2,1,2,1,0.0
202300021875,155 641 779,B01,1,7,0,2,6,15,1,0.0
202300021876,155 641 776,B01,2,43,0,2,1,13,1,0.0
202300021876,155 641 777,A01,1,7,0,2,1,15,1,0.0
202300021877,155 641 774,A01,1,33,0,2,1,2,1,0.0
202300021877,155 641 775,B01,1,7,0,2,4,15,1,0.0
202300021878,155 641 772,B01,1,33,0,2,1,1,1,0.0
202300021878,155 641 773,A01,2,7,0,2,3,15,1,0.0
202300021879,155 641 770,B01,1,7,0,2,2,1,1,0.0
202300021879,155 641 771,A01,2,7,0,2,3,9,1,0.0
202300021880,155 641 768,B01,3,50,0,2,1,3,3,0.0
202300021880,155 641 769,A01,2,7,0,9,3,1,1,0.0
202300021881,155 641 766,A01,1,7,4,0,1,2,1,0.0
202300021882,155 641 764,B01,2,37,0,2,2,1,1,1.0
202300021882,155 641 765,A01,1,7,0,2,2,11,1,0.0
202300021883,155 641 762,A01,0,7,11,0,5,1,1,0.0
202300021883,155 641 763,B01,3,30,11,2,1,1,1,0.0
202300021884,155 641 761,A01,1,7,1,1,0,1,0,0.0
202300021885,155 641 760,A01,1,31,0,0,8,0,1,0.0
202300021886,155 641 758,B01,2,33,0,2,1,1,1,0.0
202300021886,155 641 759,A01,1,7,0,2,7,1,1,0.0
202300021887,155 641 756,B01,3,10,0,2,3,1,1,0.0
202300021887,155 641 757,A01,3,7,0,2,2,1,2,0.0
202300021888,155 641 755,A01,0,7,0,1,1,1,1,0.0
202300021889,155 641 752,B01,3,80,0,2,8,2,3,0.0
202300021889,155 641 753,A01,3,7,0,9,7,2,1,0.0
202300021890,155 641 751,A01,1,7,13,0,9,1,1,0.0
202300021891,155 641 749,B01,3,7,2,0,2,15,1,0.0
202300021891,155 641 750,A01,3,7,2,0,1,1,1,0.0
202300021892,155 641 748,A01,1,35,0,1,1,1,3,0.0
202300021893,155 641 746,A01,1,7,0,2,1,12,0,0.0
202300021893,155 641 747,B01,1,33,0,2,3,0,1,0.0
202300021894,155 641 743,B01,3,30,0,2,8,2,1,0.0
202300021894,155 641 744,A01,3,33,0,2,1,2,1,0.0
202300021894,155 641 745,C01,3,30,0,2,8,2,1,0.0
202300021895,155 641 741,A01,3,7,0,2,1,2,1,0.0
202300021895,155 641 742,B01,3,7,0,2,4,1,1,0.0
202300021896,155 641 739,A01,0,7,0,2,0,0,0,0.0
202300021896,155 641 740,B01,3,1,0,2,8,2,-1,0.0
202300021897,155 641 737,A01,0,30,0,9,1,16,0,0.0
202300021897,155 641 738,Y01,0,50,0,2,1,16,3,0.0
202300021898,155 641 734,B01,1,7,0,2,3,15,1,0.0
202300021898,155 641 735,A01,1,31,0,2,2,17,1,0.0
202300021899,155 641 732,A01,1,7,0,2,1,1,1,0.0
202300021899,155 641 733,B01,2,7,0,2,5,1,1,0.0
202300021900,155 641 730,A01,3,7,0,2,5,0,1,0.0
202300021900,155 641 731,B01,3,7,0,2,1,0,1,0.0
202300021901,155 641 728,A01,2,7,0,2,8,1,1,0.0