num_acc,id_vehicule,num_veh,senc,catv,obs,obsm,choc,manv,motor,occutc
202300021901,155 641 729,B01,1,7,0,2,1,1,1,0.0
202300021902,155 641 726,A01,0,7,0,2,0,26,0,0.0
202300021902,155 641 727,B01,3,7,0,2,0,0,0,0.0
202300021903,155 641 724,A01,1,7,0,2,1,21,1,0.0
202300021903,155 641 725,B01,1,7,1,0,6,23,1,0.0
202300021904,155 641 722,A01,1,7,0,2,8,22,1,0.0
202300021904,155 641 723,B01,1,50,0,2,1,1,3,0.0
202300021905,155 641 720,B01,1,7,0,2,4,1,1,0.0
202300021905,155 641 721,A01,1,7,0,2,1,1,1,0.0
202300021906,155 641 719,A01,1,7,0,1,1,1,1,0.0
202300021907,155 641 717,B01,1,30,0,2,7,1,1,0.0
202300021907,155 641 718,A01,2,7,0,2,1,15,1,0.0
202300021908,155 641 716,A01,1,7,0,1,5,1,1,0.0
202300021909,155 641 715,A01,2,32,11,0,1,17,1,0.0
202300021910,155 641 714,A01,1,7,11,0,1,19,1,0.0
202300021911,155 641 713,A01,2,10,0,1,1,1,1,0.0
202300021912,155 641 712,A01,2,2,12,0,2,1,1,0.0
202300021913,155 641 711,A01,2,7,0,1,7,1,1,0.0
202300021914,155 641 710,A01,1,31,0,0,8,1,1,0.0
202300021915,155 641 708,C01,2,33,0,2,1,1,1,0.0
202300021915,155 641 709,A01,1,7,0,2,7,15,1,0.0
202300021916,155 641 707,A01,1,7,0,1,3,16,1,0.0
202300021917,155 641 705,B01,1,33,0,2,1,1,1,0.0
202300021917,155 641 706,A01,2,10,0,2,6,15,1,0.0
202300021918,155 641 703,A01,2,31,12,0,2,1,1,0.0
202300021919,155 641 702,B01,2,7,0,0,4,0,0,0.0
202300021919,155 641 704,A01,2,33,0,0,1,1,1,0.0
202300021920,155 641 700,A01,3,33,0,2,3,1,1,0.0
202300021920,155 641 701,B01,3,15,0,2,6,1,1,0.0
202300021921,155 641 698,A01,3,7,0,2,1,17,1,0.0
202300021921,155 641 699,B01,3,1,0,2,8,0,5,0.0
202300021922,155 641 695,A01,1,7,13,0,9,1,1,0.0
202300021923,155 641 696,A01,2,7,0,2,2,1,0,0.0
202300021923,155 641 697,B01,2,7,0,2,3,1,0,0.0
202300021924,155 641 694,A01,1,2,16,0,1,1,1,0.0
202300021925,155 641 692,B01,1,7,0,2,8,2,1,0.0
202300021925,155 641 693,A01,2,7,0,2,1,2,1,0.0
202300021926,155 641 689,A01,1,7,0,2,1,1,1,0.0
202300021926,155 641 690,B01,1,7,0,2,7,1,1,0.0
202300021927,155 641 688,A01,1,7,0,2,1,1,1,0.0
202300021927,155 641 691,B01,1,10,0,2,8,19,1,0.0
202300021928,155 641 687,A01,1,7,8,0,1,1,1,0.0
202300021929,155 641 685,B01,3,7,0,2,8,1,3,0.0
202300021929,155 641 686,A01,3,7,0,2,1,9,1,0.0
202300021930,155 641 683,A01,1,10,0,2,2,1,1,0.0
202300021930,155 641 684,B01,1,7,0,0,4,1,1,0.0
202300021931,155 641 680,A01,2,7,0,1,3,1,1,0.0
202300021932,155 641 681,A01,3,7,0,2,1,13,1,0.0
202300021932,155 641 682,B01,3,14,0,2,8,1,6,0.0
202300021933,155 641 677,A01,1,33,0,2,1,3,1,0.0
202300021933,155 641 679,B01,1,7,0,2,3,13,1,0.0
202300021934,155 641 676,A01,3,7,0,2,3,0,1,0.0
202300021934,155 641 678,B01,3,60,0,2,0,0,5,0.0
202300021935,155 641 675,A01,2,33,0,0,0,0,1,0.0
202300021936,155 641 674,MA01,2,7,0,1,1,13,1,0.0
202300021937,155 641 672,B01,3,2,0,2,1,1,1,0.0
202300021937,155 641 673,A01,3,7,0,2,2,1,0,0.0
202300021938,155 641 670,A01,1,1,0,2,1,2,5,0.0
202300021938,155 641 671,B01,1,7,0,2,6,1,0,0.0
202300021939,155 641 664,A01,1,7,0,1,1,2,1,0.0
202300021940,155 641 666,A01,1,7,0,0,4,15,1,0.0
202300021940,155 641 668,C01,1,7,0,2,1,1,1,0.0
202300021940,155 641 669,B01,1,7,0,2,4,1,1,0.0
202300021941,155 641 665,B01,1,7,0,2,4,1,1,0.0
202300021941,155 641 667,A01,1,7,0,2,1,2,1,0.0
202300021942,155 641 659,A01,3,7,0,2,3,9,1,0.0
202300021942,155 641 663,B01,3,1,0,2,5,16,5,0.0
202300021943,155 641 661,A01,1,7,13,0,3,1,1,0.0
202300021944,155 641 660,B01,1,80,0,2,3,19,3,0.0
202300021944,155 641 662,A01,2,7,0,2,1,1,1,0.0
202300021945,155 641 657,A01,1,7,15,0,3,13,1,0.0
202300021946,155 641 655,A01,0,7,0,1,6,1,1,0.0
202300021947,155 641 656,A01,2,7,0,0,2,2,0,0.0
202300021947,155 641 658,B01,2,1,0,2,3,2,5,0.0
202300021948,155 641 653,A01,1,7,0,2,1,1,1,0.0
202300021948,155 641 654,B01,1,7,0,2,4,23,1,0.0
202300021949,155 641 652,A01,1,7,13,0,2,1,1,0.0
202300021950,155 641 651,A01,1,7,0,1,3,1,1,0.0
202300021951,155 641 648,A01,1,7,0,2,1,1,1,0.0
202300021951,155 641 650,B01,1,7,0,2,4,1,1,0.0
202300021952,155 641 647,A01,2,30,0,0,7,1,1,0.0
202300021953,155 641 646,B01,2,7,0,0,8,15,1,0.0
202300021953,155 641 649,A01,2,7,0,0,1,17,1,0.0
202300021954,155 641 645,A01,1,7,8,0,1,1,1,0.0
202300021955,155 641 640,A01,1,7,0,2,7,1,1,0.0
202300021955,155 641 644,B01,1,7,0,2,1,1,1,0.0
202300021956,155 641 641,A01,1,7,0,0,5,15,1,0.0
202300021956,155 641 643,B01,1,33,0,2,3,14,1,0.0
202300021957,155 641 639,A01,1,3,0,2,3,9,1,0.0
202300021957,155 641 642,B01,2,7,0,2,2,1,1,0.0
202300021958,155 641 638,A01,1,7,0,1,1,1,1,0.0
202300021959,155 641 636,A01,2,2,0,0,0,0,1,0.0
202300021960,155 641 635,B01,2,33,0,2,1,1,1,0.0
202300021960,155 641 637,A01,1,7,0,2,3,1,1,0.0
202300021961,155 641 634,A01,2,50,0,1,1,25,3,0.0
202300021962,155 641 632,A01,2,30,0,2,1,17,1,0.0
202300021962,155 641 633,B01,1,7,0,2,8,15,1,0.0
202300021963,155 641 626,A01,3,7,0,2,1,2,1,0.0
202300021963,155 641 629,B01,3,7,0,2,1,23,2,0.0
202300021963,155 641 630,C01,3,7,0,2,4,2,1,0.0
202300021964,155 641 627,A01,2,33,0,2,1,1,1,0.0
202300021964,155 641 631,B01,1,7,0,2,3,19,1,0.0
202300021965,155 641 621,A01,3,50,0,2,7,1,3,0.0
202300021965,155 641 625,B01,0,7,0,2,1,1,1,0.0
202300021966,155 641 620,A01,1,7,0,1,1,1,2,0.0
202300021967,155 641 622,A01,2,50,0,2,1,13,3,0.0
202300021967,155 641 624,B01,1,7,0,9,2,1,1,0.0
202300021968,155 641 619,B01,2,7,0,2,6,15,0,0.0
202300021968,155 641 623,A01,1,43,0,2,1,1,1,0.0
202300021969,155 641 615,B01,1,7,0,2,2,1,1,0.0
202300021969,155 641 618,A01,1,1,0,2,1,1,5,0.0
202300021970,155 641 613,A01,2,7,0,2,3,10,1,0.0
202300021970,155 641 616,B01,1,50,0,2,0,1,3,0.0
202300021971,155 641 614,B01,2,7,0,2,1,1,0,0.0
202300021971,155 641 617,A01,2,7,0,2,7,15,1,0.0
202300021972,155 641 610,B01,1,7,0,2,7,16,1,0.0
202300021972,155 641 612,A01,2,31,0,2,8,15,1,0.0
202300021973,155 641 609,A01,1,7,0,2,1,6,1,0.0
202300021973,155 641 611,B01,1,2,0,2,8,1,1,0.0
202300021974,155 641 607,B01,2,21,0,2,1,1,1,0.0
202300021974,155 641 608,A01,1,7,0,9,1,13,1,0.0
202300021975,155 641 605,A01,2,33,0,1,3,1,1,0.0
202300021976,155 641 603,B01,2,7,0,2,4,26,1,0.0
202300021976,155 641 606,A01,2,7,0,2,1,26,1,0.0
202300021977,155 641 601,A01,2,7,0,1,2,2,1,0.0
202300021978,155 641 602,A01,3,7,0,2,3,9,1,0.0
202300021978,155 641 604,B01,1,30,0,2,1,14,1,0.0
202300021979,155 641 596,A01,2,7,2,0,1,1,1,0.0
202300021980,155 641 597,B01,1,1,0,2,8,15,5,0.0
202300021980,155 641 600,A01,1,7,0,2,1,1,1,0.0
202300021981,155 641 595,A01,3,32,0,2,7,1,1,0.0
202300021981,155 641 599,B01,3,7,0,2,8,1,1,0.0
202300021982,155 641 594,A01,2,7,0,2,4,1,1,0.0
202300021982,155 641 598,B01,2,7,0,2,1,1,1,0.0
202300021983,155 641 592,B01,1,40,0,2,1,1,1,0.0
202300021983,155 641 593,A01,1,7,0,4,8,15,1,0.0
202300021984,155 641 591,A01,2,3,0,0,2,0,0,0.0
202300021985,155 641 590,A01,3,7,0,1,1,1,1,0.0
202300021986,155 641 583,A01,3,7,0,0,1,0,1,0.0
202300021987,155 641 585,A01,2,7,0,2,7,14,1,0.0
202300021987,155 641 589,B01,2,7,0,2,8,1,1,0.0
202300021988,155 641 581,A01,1,7,0,1,3,1,1,0.0
202300021989,155 641 582,C01,2,7,0,2,1,2,1,0.0
202300021989,155 641 586,A01,1,7,0,2,1,13,1,0.0
202300021989,155 641 588,B01,2,7,0,2,1,1,1,0.0
202300021990,155 641 579,A01,1,7,0,1,1,2,1,0.0
202300021991,155 641 575,A01,3,10,0,2,8,22,1,0.0
202300021991,155 641 577,B01,3,1,1,0,1,26,5,0.0
202300021992,155 641 573,B01,1,2,0,2,1,0,1,0.0
202300021992,155 641 576,A01,1,7,16,0,7,19,1,0.0
202300021993,155 641 572,A01,0,7,0,2,6,15,1,0.0
202300021993,155 641 574,B01,0,33,0,2,1,1,1,0.0
202300021994,155 641 570,B01,0,7,0,2,3,15,0,0.0
202300021994,155 641 571,A01,0,7,0,2,2,1,1,0.0
202300021995,155 641 567,A01,2,7,0,2,1,15,1,0.0
202300021995,155 641 569,B01,1,7,0,2,1,1,1,0.0
202300021996,155 641 565,A01,2,7,0,2,1,1,1,0.0
202300021996,155 641 566,B01,2,7,0,2,1,1,1,0.0
202300021996,155 641 568,C01,2,7,0,2,4,1,1,0.0
202300021997,155 641 564,A01,2,7,7,0,6,0,1,0.0
202300021998,155 641 561,A01,2,7,0,2,1,1,1,0.0
202300021998,155 641 562,B01,1,7,4,2,5,1,1,0.0
202300021999,155 641 558,A01,2,33,0,2,1,1,1,0.0
202300021999,155 641 559,B01,1,32,0,2,1,1,1,0.0
202300022000,155 641 552,A01,1,30,1,2,2,10,1,0.0
202300022000,155 641 555,B01,1,33,0,2,1,1,1,0.0
202300022001,155 641 554,B01,0,1,0,2,7,1,5,0.0
202300022001,155 641 556,A01,3,7,0,9,3,2,1,0.0
202300022002,155 641 553,D01,2,7,0,2,0,0,0,0.0
202300022002,155 641 557,B01,2,7,0,2,3,0,0,0.0
202300022002,155 641 560,C01,1,7,0,2,0,0,0,0.0
202300022002,155 641 563,A01,1,7,0,0,1,17,1,0.0
202300022003,155 641 551,A01,3,7,0,1,1,1,1,0.0
202300022004,155 641 550,A01,3,33,5,2,1,1,1,0.0
202300022005,155 641 548,A01,3,33,0,0,0,1,1,0.0
202300022005,155 641 549,B01,3,33,0,0,0,1,1,0.0
202300022006,155 641 546,A01,1,7,0,1,3,21,1,0.0
202300022007,155 641 544,B01,1,7,0,2,4,1,0,0.0
202300022007,155 641 547,A01,1,7,0,2,1,1,1,0.0
202300022008,155 641 543,A01,1,7,0,2,6,9,1,0.0
202300022008,155 641 545,B01,1,33,0,2,5,1,1,0.0
202300022009,155 641 542,A01,3,7,0,0,1,1,1,0.0
202300022010,155 641 540,A01,2,33,1,0,1,26,0,0.0
202300022011,155 641 539,A01,1,7,0,0,9,14,1,0.0
202300022012,155 641 541,A01,2,7,0,1,2,1,1,0.0
202300022013,155 641 537,B01,3,7,0,2,5,15,1,0.0
202300022013,155 641 538,A01,2,7,0,2,1,1,1,0.0
202300022014,155 641 534,A01,2,30,0,2,4,11,3,0.0
202300022014,155 641 536,B01,2,7,0,2,1,1,1,0.0
202300022015,155 641 533,A01,1,33,0,2,1,1,1,0.0
202300022015,155 641 535,B01,3,1,0,2,7,19,5,0.0
202300022016,155 641 531,A01,2,7,0,0,1,1,1,0.0
202300022017,155 641 528,A01,1,7,0,2,1,2,1,0.0
202300022017,155 641 529,B01,1,7,0,0,4,15,1,0.0
202300022018,155 641 527,A01,1,7,0,2,8,15,1,0.0
202300022018,155 641 530,B01,2,33,0,2,8,21,1,0.0
202300022018,155 641 532,C01,1,7,0,0,0,19,0,0.0
202300022019,155 641 526,A01,1,7,12,0,1,0,1,0.0
202300022020,155 641 524,A01,2,7,6,1,1,26,1,0.0
202300022021,155 641 521,A01,1,10,0,2,1,1,1,0.0
202300022021,155 641 525,B01,1,10,0,2,8,9,1,0.0
202300022022,155 641 518,A01,2,7,0,2,1,1,1,0.0
202300022022,155 641 520,B01,2,7,0,2,4,23,1,0.0
202300022023,155 641 517,A01,3,33,0,2,1,17,1,0.0
202300022023,155 641 519,B01,3,7,0,2,1,1,1,0.0
202300022023,155 641 523,C01,3,15,0,2,5,16,1,0.0
202300022024,155 641 516,B01,1,1,0,2,7,1,5,0.0
202300022024,155 641 522,A01,2,7,0,2,1,19,1,0.0
202300022025,155 641 512,A01,2,7,0,2,8,11,1,0.0
202300022025,155 641 513,B01,2,33,0,2,2,1,1,0.0
202300022026,155 641 510,A01,1,7,0,2,1,5,1,0.0
202300022026,155 641 514,B01,2,10,0,2,1,5,1,0.0
202300022027,155 641 508,A01,0,32,0,1,1,1,1,0.0
202300022028,155 641 506,B01,2,2,0,2,1,17,1,0.0
202300022028,155 641 509,A01,2,10,0,2,8,10,1,0.0
202300022029,155 641 503,B01,2,7,0,2,4,2,1,0.0
202300022029,155 641 507,A01,2,7,0,2,1,1,1,0.0
202300022030,155 641 501,A01,2,7,2,0,2,1,1,0.0
202300022031,155 641 500,A01,3,1,0,9,8,1,5,0.0
202300022031,155 641 504,B01,3,99,0,9,1,26,5,0.0
202300022032,155 641 498,A01,3,7,0,1,1,1,1,0.0
202300022033,155 641 499,C01,3,37,0,2,1,23,1,1.0
202300022033,155 641 502,B01,3,7,0,2,4,2,1,0.0
202300022033,155 641 505,A01,3,7,0,2,1,2,1,0.0
202300022034,155 641 496,A01,2,7,0,0,9,11,1,0.0
202300022035,155 641 494,B01,2,7,0,2,1,1,1,0.0
202300022035,155 641 497,A01,1,7,0,2,1,13,1,0.0
202300022036,155 641 492,B01,3,7,0,2,0,0,0,0.0
202300022036,155 641 495,A01,3,32,0,2,1,2,1,0.0
202300022037,155 641 489,A01,2,7,1,1,1,13,1,0.0
202300022038,155 641 490,A01,3,7,0,2,1,0,1,0.0
202300022038,155 641 493,B01,3,7,0,2,1,0,1,0.0
202300022039,155 641 491,A01,2,7,0,1,1,1,1,0.0
202300022040,155 641 487,A01,3,7,0,2,3,1,1,0.0
202300022040,155 641 488,B01,3,7,0,2,2,1,1,0.0
202300022041,155 641 482,A01,1,10,0,9,7,15,1,0.0
202300022041,155 641 486,B01,2,31,0,2,1,1,1,0.0
202300022042,155 641 481,B01,2,7,0,2,4,23,2,0.0
202300022042,155 641 484,A01,2,7,0,2,1,2,1,0.0
202300022043,155 641 480,A01,2,7,0,2,1,15,2,0.0
202300022043,155 641 485,B01,1,7,0,2,1,1,1,0.0
202300022044,155 641 479,A01,2,30,0,2,1,8,1,0.0
202300022044,155 641 483,B01,1,10,0,2,5,15,1,0.0
202300022045,155 641 477,A01,2,7,0,1,3,26,1,0.0
202300022046,155 641 475,A01,1,33,0,2,1,1,1,0.0
202300022046,155 641 478,B01,1,7,0,2,3,6,1,0.0
202300022047,155 641 473,B01,0,32,0,2,5,1,1,0.0
202300022047,155 641 476,A01,0,13,0,2,3,1,1,0.0
202300022048,155 641 470,A01,2,7,0,2,3,16,1,0.0
202300022048,155 641 474,B01,2,2,0,2,2,1,1,0.0
202300022049,155 641 471,A01,1,33,10,0,2,14,1,0.0
202300022050,155 641 469,B01,1,33,0,2,7,1,1,0.0
202300022050,155 641 472,A01,1,7,0,2,8,11,1,0.0
202300022051,155 641 467,A01,2,33,12,0,1,16,1,0.0
202300022052,155 641 464,A01,1,30,1,0,1,14,1,0.0
202300022053,155 641 465,A01,1,7,0,1,2,16,1,0.0
202300022054,155 641 466,A01,1,33,12,2,1,1,1,0.0
202300022054,155 641 468,B01,2,3,0,2,8,15,1,0.0
202300022055,155 641 460,A01,1,7,0,2,1,2,1,0.0
202300022055,155 641 462,B01,1,7,0,2,4,1,1,0.0
202300022056,155 641 461,A01,1,7,0,2,6,13,1,0.0
202300022056,155 641 463,B01,1,33,0,2,2,1,1,0.0
202300022057,155 641 458,B01,2,7,0,2,3,15,1,0.0
202300022057,155 641 459,A01,2,33,0,2,2,17,6,0.0
202300022058,155 641 457,A01,3,7,13,0,3,19,1,0.0
202300022059,155 641 454,A01,2,32,0,0,7,3,1,0.0
202300022060,155 641 449,D01,1,7,0,2,1,2,1,0.0
202300022060,155 641 452,B01,1,7,0,2,3,21,1,0.0
202300022060,155 641 453,C01,2,7,0,2,6,1,1,0.0
202300022060,155 641 455,A01,1,7,0,2,1,13,1,0.0
202300022061,155 641 450,A01,3,7,0,1,4,20,1,0.0
202300022062,155 641 448,A01,2,7,0,2,1,13,1,0.0
202300022062,155 641 451,B01,1,7,0,2,1,1,1,0.0
202300022063,155 641 445,A01,0,7,0,2,3,9,1,0.0
202300022063,155 641 447,B01,0,7,0,2,1,1,1,0.0
202300022064,155 641 443,A01,1,7,0,0,0,0,1,0.0
202300022065,155 641 446,A01,1,7,0,1,1,15,2,0.0
202300022066,155 641 441,B01,0,1,0,2,1,19,5,0.0
202300022066,155 641 442,A01,2,7,0,2,3,1,0,0.0
202300022067,155 641 438,A01,1,31,0,2,0,17,6,0.0
202300022067,155 641 440,B01,1,7,0,2,0,0,1,0.0
202300022068,155 641 437,A01,1,10,4,0,3,13,1,0.0
202300022069,155 641 431,A01,0,7,0,2,1,15,1,0.0
202300022069,155 641 435,B01,0,2,0,2,8,1,1,0.0
202300022070,155 641 430,B01,1,33,0,2,1,1,1,0.0
202300022070,155 641 434,A01,2,7,0,2,2,10,1,0.0
202300022071,155 641 433,A01,2,2,0,2,1,2,1,0.0
202300022071,155 641 436,B01,2,7,0,2,4,2,1,0.0
202300022072,155 641 429,A01,2,7,12,0,0,1,1,0.0
202300022073,155 641 426,A01,1,7,0,1,7,9,1,0.0
202300022074,155 641 425,A01,1,7,0,2,3,22,1,0.0
202300022074,155 641 427,B01,1,1,0,2,0,0,5,0.0
202300022075,155 641 423,A01,2,1,0,0,0,3,5,0.0
202300022076,155 641 422,A01,3,1,0,2,1,1,5,0.0
202300022076,155 641 428,B01,3,7,0,2,7,1,1,0.0
202300022077,155 641 421,A01,2,33,0,2,1,13,1,0.0
202300022077,155 641 424,B01,1,37,0,2,8,1,2,1.0
202300022078,155 641 419,A01,1,7,0,2,1,1,1,0.0
202300022078,155 641 420,B01,1,7,0,2,1,1,1,0.0
202300022079,155 641 417,A01,1,7,2,0,1,14,1,0.0
202300022080,155 641 413,A01,2,7,0,2,4,23,1,0.0
202300022080,155 641 416,B01,2,7,0,2,1,2,1,0.0
202300022081,155 641 412,A01,1,1,0,2,2,15,5,0.0
202300022081,155 641 415,B01,1,50,0,2,1,1,3,0.0
202300022082,155 641 406,A01,3,80,0,2,1,19,3,0.0
202300022082,155 641 410,B01,1,7,0,2,1,1,0,0.0
202300022083,155 641 407,C01,0,7,0,0,0,0,1,0.0
202300022083,155 641 409,B01,0,10,0,0,0,0,1,0.0
202300022083,155 641 411,A01,0,15,0,2,1,1,0,0.0
202300022084,155 641 405,B01,1,15,0,0,0,0,1,0.0
202300022084,155 641 408,A01,1,33,0,0,1,1,1,0.0
202300022085,155 641 402,A01,1,7,0,1,4,4,1,0.0
202300022086,155 641 400,A01,2,33,0,2,1,17,1,0.0
202300022086,155 641 404,B01,2,7,0,2,8,15,1,0.0
202300022087,155 641 399,A01,1,7,0,2,3,24,1,0.0
202300022087,155 641 403,B01,1,80,0,2,1,13,3,0.0
202300022088,155 641 398,B01,3,7,0,2,8,21,1,0.0
202300022088,155 641 401,A01,2,7,0,2,3,1,1,0.0
202300022089,155 641 392,B01,2,7,0,2,1,1,0,0.0
202300022089,155 641 397,A01,2,7,0,2,3,15,1,0.0
202300022090,155 641 394,A01,1,1,0,2,1,17,5,0.0
202300022090,155 641 396,Z01,1,7,0,2,8,13,0,0.0
202300022091,155 641 390,C01,1,7,0,2,3,9,1,0.0
202300022091,155 641 391,B01,1,7,0,2,5,1,1,0.0
202300022092,155 641 389,B01,1,7,0,2,3,1,1,0.0
202300022092,155 641 395,A01,1,30,0,2,1,1,1,0.0
202300022093,155 641 388,A01,1,10,0,2,0,0,0,0.0
202300022093,155 641 393,B01,2,10,0,2,3,13,0,0.0
202300022094,155 641 386,B01,3,7,0,2,1,1,1,0.0
202300022094,155 641 387,A01,3,7,0,2,8,10,1,0.0
202300022095,155 641 383,A01,1,7,0,1,3,1,1,0.0
202300022096,155 641 379,A01,0,7,0,1,2,1,1,0.0
202300022097,155 641 378,A01,2,7,0,2,2,15,1,0.0
202300022097,155 641 381,B01,2,7,0,2,1,1,1,0.0
202300022098,155 641 377,A01,3,10,0,2,1,16,1,0.0
202300022098,155 641 384,B01,3,1,0,2,7,19,5,0.0
202300022099,155 641 374,C01,2,7,0,2,7,23,3,0.0
202300022099,155 641 375,E01,2,7,0,2,7,23,1,0.0
202300022099,155 641 376,F01,2,7,0,2,8,23,2,0.0
202300022099,155 641 380,D01,2,7,0,2,7,23,1,0.0
202300022099,155 641 382,A01,1,7,6,2,7,13,1,0.0
202300022099,155 641 385,B01,2,7,0,2,7,0,1,0.0
202300022100,155 641 370,A01,3,7,0,2,3,15,1,0.0
202300022100,155 641 373,B01,3,33,0,2,1,1,1,0.0
202300022101,155 641 371,A01,1,7,0,1,1,21,1,0.0
202300022102,155 641 368,B01,1,7,0,2,1,20,1,0.0
202300022102,155 641 372,A01,2,1,0,2,1,5,5,0.0
202300022103,155 641 367,B01,1,7,0,0,6,2,1,0.0
202300022103,155 641 369,A01,1,2,0,2,1,2,1,0.0
202300022104,155 641 363,B01,1,7,0,2,7,1,1,0.0
202300022104,155 641 366,A01,1,7,0,0,3,16,1,0.0
202300022105,155 641 362,A01,1,7,0,1,2,0,3,0.0
202300022106,155 641 361,A01,2,7,0,2,7,1,1,0.0
202300022106,155 641 365,B01,1,7,0,2,1,9,1,0.0
202300022107,155 641 364,A01,2,33,0,1,1,1,1,0.0
202300022108,155 641 360,A01,2,7,4,0,2,1,1,0.0
202300022109,155 641 358,A01,3,1,14,0,1,1,5,0.0
202300022110,155 641 355,A01,2,33,0,2,1,1,6,0.0
202300022110,155 641 357,B01,2,7,0,2,3,15,1,0.0
202300022111,155 641 354,B01,2,7,0,2,1,1,1,0.0
202300022111,155 641 359,A01,1,7,0,2,1,1,0,0.0
202300022112,155 641 356,A01,1,31,0,0,0,21,3,0.0
202300022113,155 641 352,A01,2,7,0,2,3,5,1,0.0
202300022113,155 641 353,B01,1,7,0,2,8,1,1,0.0
202300022114,155 641 347,A01,1,1,0,2,8,13,5,0.0
202300022114,155 641 349,B01,1,7,0,2,2,1,1,0.0
202300022115,155 641 346,A01,2,50,0,2,1,1,3,0.0
202300022115,155 641 350,Z01,2,3,0,2,7,23,0,0.0
202300022116,155 641 345,B01,1,7,0,2,4,2,1,0.0
202300022116,155 641 351,A01,1,7,0,2,1,2,1,0.0
202300022117,155 641 344,A01,3,1,0,2,1,1,5,0.0
202300022117,155 641 348,B01,3,1,0,2,1,13,5,0.0
202300022118,155 641 340,A01,2,7,14,0,1,19,1,0.0
202300022119,155 641 339,B01,2,7,0,2,8,1,1,0.0
202300022119,155 641 341,C01,2,7,0,2,1,1,1,0.0
202300022119,155 641 343,A01,1,10,0,2,1,13,1,0.0
202300022120,155 641 338,A01,1,1,0,0,2,2,5,0.0
202300022121,155 641 337,A01,1,7,0,2,7,1,1,0.0
202300022121,155 641 342,B01,1,7,0,2,1,1,1,0.0
202300022122,155 641 333,A01,3,7,0,2,1,16,1,0.0
202300022122,155 641 335,B01,3,7,0,2,1,26,3,0.0
202300022123,155 641 332,A01,0,7,0,2,3,0,1,0.0
202300022123,155 641 336,B01,0,80,0,2,1,0,3,0.0
202300022124,155 641 331,A01,1,7,0,2,3,13,1,0.0
202300022124,155 641 334,B01,2,7,0,2,3,1,1,0.0
202300022125,155 641 328,A01,0,7,0,2,2,17,1,0.0
202300022125,155 641 329,B01,0,1,0,2,1,13,5,0.0
202300022126,155 641 325,A01,0,7,0,2,1,1,1,0.0
202300022126,155 641 327,B01,0,7,0,2,8,1,1,0.0
202300022127,155 641 326,A01,1,7,0,1,3,1,1,0.0
202300022128,155 641 324,B01,0,7,0,2,0,0,1,0.0
202300022128,155 641 330,A01,0,10,0,2,1,16,1,0.0
202300022129,155 641 323,A01,2,7,0,1,7,1,1,0.0
202300022130,155 641 322,A01,1,7,0,1,1,1,1,0.0
202300022131,155 641 320,A01,1,1,0,1,1,1,5,0.0
202300022132,155 641 319,B01,2,7,0,2,6,23,1,0.0
202300022132,155 641 321,A01,2,7,0,2,1,2,1,0.0
202300022133,155 641 316,A01,1,7,0,1,1,0,1,0.0
202300022134,155 641 315,A01,2,7,11,2,9,1,1,0.0
202300022134,155 641 317,B01,1,10,0,2,6,1,1,0.0
202300022134,155 641 318,C01,2,7,0,2,4,16,1,0.0
202300022135,155 641 313,A01,2,10,0,1,7,1,1,0.0
202300022136,155 641 312,A01,1,7,11,0,2,1,1,0.0
202300022137,155 641 311,A01,2,7,3,0,1,1,1,0.0
202300022138,155 641 310,B01,1,7,0,2,6,1,3,0.0
202300022138,155 641 314,A01,1,50,0,2,1,1,3,0.0
202300022139,155 641 307,A01,3,10,0,1,0,0,0,0.0
202300022140,155 641 306,A01,1,7,0,2,3,1,1,0.0
202300022140,155 641 308,B01,3,1,0,2,1,19,5,0.0
202300022141,155 641 305,B01,1,7,0,0,4,2,1,0.0
202300022141,155 641 309,A01,1,7,14,0,1,2,1,0.0
202300022142,155 641 304,A01,1,7,0,1,1,1,0,0.0
202300022143,155 641 300,B01,1,7,0,2,3,1,1,0.0
202300022143,155 641 302,A01,1,7,0,2,2,14,1,0.0
202300022144,155 641 301,B01,2,2,0,2,8,1,1,0.0
202300022144,155 641 303,A01,1,7,0,2,0,1,1,0.0
202300022145,155 641 296,A01,1,2,0,2,1,1,1,0.0
202300022145,155 641 299,B01,1,37,0,2,5,9,1,1.0
202300022146,155 641 294,B01,1,7,0,2,4,0,1,0.0
202300022146,155 641 297,A01,1,7,4,2,1,2,1,0.0
202300022147,155 641 293,A01,1,7,0,2,3,14,1,0.0
202300022147,155 641 298,B01,3,1,0,2,8,1,5,0.0
202300022148,155 641 292,B01,1,30,0,2,4,15,1,0.0
202300022148,155 641 295,A01,1,10,0,2,1,1,1,0.0
202300022149,155 641 288,B01,0,32,0,2,1,15,1,0.0
202300022149,155 641 291,A01,0,7,0,2,2,16,1,0.0
202300022150,155 641 287,A01,1,30,0,0,0,1,1,0.0
202300022151,155 641 286,A01,2,7,12,2,2,15,3,0.0
202300022151,155 641 290,B01,1,7,12,2,1,1,1,0.0
202300022152,155 641 285,B01,3,37,0,2,7,1,1,1.0
202300022152,155 641 289,A01,3,10,0,2,1,1,0,0.0
202300022153,155 641 283,B01,2,2,0,2,1,1,3,0.0
202300022153,155 641 284,A01,3,7,0,2,3,16,1,0.0
202300022154,155 641 281,A01,1,7,0,2,1,9,1,0.0
202300022154,155 641 282,B01,2,99,0,2,7,19,3,0.0
202300022155,155 641 276,B01,1,3,0,2,3,1,0,0.0