num_acc,id_vehicule,num_veh,senc,catv,obs,obsm,choc,manv,motor,occutc
202300022415,155 640 823,B01,1,1,0,2,5,1,5,0.0
202300022416,155 640 821,A01,1,60,0,2,1,5,5,0.0
202300022416,155 640 822,B01,0,7,0,9,5,1,1,0.0
202300022417,155 640 818,A01,0,7,0,1,3,0,1,0.0
202300022418,155 640 817,B01,2,7,0,0,3,23,1,0.0
202300022418,155 640 820,A01,2,15,1,1,2,1,1,0.0
202300022419,155 640 815,A01,1,7,0,2,0,0,1,0.0
202300022419,155 640 816,C01,1,7,0,2,0,0,1,0.0
202300022419,155 640 819,B01,1,33,0,2,0,0,1,0.0
202300022420,155 640 812,A01,1,7,1,0,2,1,1,0.0
202300022421,155 640 806,A01,2,7,1,0,2,1,2,0.0
202300022422,155 640 807,A01,1,7,0,2,3,1,1,0.0
202300022422,155 640 810,B01,2,7,0,2,1,1,2,0.0
202300022422,155 640 814,C01,2,7,0,2,3,1,1,0.0
202300022423,155 640 805,A01,1,7,4,0,0,0,3,0.0
202300022423,155 640 809,B01,1,7,0,2,1,1,1,0.0
202300022423,155 640 811,C01,1,7,0,2,1,1,1,0.0
202300022423,155 640 813,D01,1,7,0,2,2,1,1,0.0
202300022424,155 640 804,A01,1,32,0,2,1,26,1,0.0
202300022424,155 640 808,B01,1,7,0,9,4,0,1,0.0
202300022425,155 640 802,A01,1,7,0,1,1,1,1,0.0
202300022426,155 640 799,B01,3,33,15,2,8,1,1,0.0
202300022426,155 640 803,A01,0,7,0,2,3,15,1,0.0
202300022427,155 640 798,A01,1,50,0,2,1,1,3,0.0
202300022427,155 640 801,B01,1,7,0,0,3,16,0,0.0
202300022428,155 640 796,A01,2,7,0,2,1,2,1,0.0
202300022428,155 640 800,B01,3,1,0,2,7,19,5,0.0
202300022429,155 640 794,A01,1,33,0,2,1,1,1,0.0
202300022429,155 640 797,B01,0,7,0,2,7,15,1,0.0
202300022430,155 640 795,A01,3,7,8,0,8,1,6,0.0
202300022431,155 640 791,A01,1,7,0,9,3,1,1,0.0
202300022431,155 640 793,B01,2,2,0,2,1,13,1,0.0
202300022432,155 640 789,A01,2,7,8,0,9,1,1,0.0
202300022433,155 640 788,B01,3,2,0,2,3,18,1,0.0
202300022433,155 640 792,A01,3,7,0,2,2,2,1,0.0
202300022434,155 640 787,A01,1,7,9,2,3,15,1,0.0
202300022434,155 640 790,B01,1,7,0,2,2,1,1,0.0
202300022435,155 640 786,A01,1,7,0,1,2,1,1,0.0
202300022436,155 640 785,A01,1,7,0,1,7,1,1,0.0
202300022437,155 640 783,A01,1,7,0,1,1,1,2,0.0
202300022438,155 640 782,B01,3,7,0,2,1,1,1,0.0
202300022438,155 640 784,A01,3,30,0,2,7,1,1,0.0
202300022439,155 640 781,A01,3,33,0,0,3,1,1,0.0
202300022440,155 640 778,B01,2,33,9,2,1,17,1,0.0
202300022440,155 640 780,A01,2,7,0,2,8,15,1,0.0
202300022441,155 640 779,A01,3,7,0,1,3,16,1,0.0
202300022442,155 640 775,B01,2,7,0,2,5,2,1,0.0
202300022442,155 640 777,A01,2,32,0,2,1,21,1,0.0
202300022443,155 640 772,B01,2,7,0,2,3,1,1,0.0
202300022443,155 640 776,A01,2,32,0,2,1,1,1,0.0
202300022444,155 640 771,B01,2,7,0,2,1,1,1,0.0
202300022444,155 640 774,A01,1,33,0,2,1,13,1,0.0
202300022445,155 640 769,A01,0,7,0,2,3,5,1,0.0
202300022445,155 640 770,B01,0,7,0,2,3,1,3,0.0
202300022445,155 640 773,C01,0,33,0,2,1,1,1,0.0
202300022446,155 640 768,A01,2,32,0,1,1,17,1,0.0
202300022447,155 640 765,B01,3,2,0,2,5,10,1,0.0
202300022447,155 640 767,A01,3,2,10,2,1,5,1,0.0
202300022448,155 640 764,A01,1,7,0,2,7,17,1,0.0
202300022448,155 640 766,B01,1,1,0,2,8,2,5,0.0
202300022449,155 640 762,A01,2,7,0,1,2,1,1,0.0
202300022450,155 640 759,A01,1,33,0,0,7,0,1,0.0
202300022451,155 640 758,B01,2,7,0,2,3,1,1,0.0
202300022451,155 640 761,A01,1,7,0,2,3,13,1,0.0
202300022451,155 640 763,C01,1,7,1,2,8,1,1,0.0
202300022452,155 640 760,A01,1,7,0,1,1,1,1,0.0
202300022453,155 640 754,A01,2,7,11,0,2,1,1,0.0
202300022454,155 640 756,A01,1,7,0,1,2,15,1,0.0
202300022455,155 640 752,B01,1,7,0,2,1,1,1,0.0
202300022455,155 640 755,A01,2,7,0,2,7,15,1,0.0
202300022456,155 640 751,C01,1,7,0,9,1,23,1,0.0
202300022456,155 640 753,A01,2,7,0,2,2,19,1,0.0
202300022456,155 640 757,B01,2,33,0,9,1,1,1,0.0
202300022457,155 640 748,B01,1,1,0,2,8,18,5,0.0
202300022457,155 640 750,A01,1,7,0,2,2,16,0,0.0
202300022458,155 640 746,A01,3,7,16,0,2,21,1,0.0
202300022459,155 640 747,A01,2,7,16,2,6,13,2,0.0
202300022459,155 640 749,B01,1,7,16,2,3,17,1,0.0
202300022460,155 640 744,B01,1,1,0,2,0,2,5,0.0
202300022460,155 640 745,A01,1,7,0,2,2,1,1,0.0
202300022461,155 640 741,A01,2,32,0,2,1,3,1,0.0
202300022461,155 640 743,B01,2,7,0,2,7,12,1,0.0
202300022462,155 640 738,A01,2,7,6,0,2,1,1,0.0
202300022463,155 640 736,B01,2,2,0,0,7,1,1,0.0
202300022463,155 640 739,A01,1,7,0,2,1,15,1,0.0
202300022464,155 640 735,D01,1,10,0,2,1,1,0,0.0
202300022464,155 640 737,A01,1,10,0,2,3,9,1,0.0
202300022464,155 640 740,B01,1,7,0,2,1,1,1,0.0
202300022464,155 640 742,C01,1,7,0,2,1,1,1,0.0
202300022465,155 640 732,B01,2,43,0,2,1,17,1,0.0
202300022465,155 640 734,A01,2,37,0,0,3,15,1,1.0
202300022466,155 640 731,A01,1,7,0,2,3,11,0,0.0
202300022466,155 640 733,B01,1,33,0,2,1,1,1,0.0
202300022467,155 640 727,A01,0,30,0,0,0,15,1,0.0
202300022468,155 640 728,B01,2,1,0,2,8,1,5,0.0
202300022468,155 640 729,A01,2,7,0,9,7,2,1,0.0
202300022469,155 640 724,A01,0,7,0,9,3,26,1,0.0
202300022469,155 640 725,B01,0,2,0,0,1,0,1,0.0
202300022470,155 640 722,A01,1,7,8,2,8,19,2,0.0
202300022470,155 640 726,B01,1,7,0,2,1,1,1,0.0
202300022471,155 640 721,A01,1,30,0,2,7,16,1,0.0
202300022471,155 640 723,B01,1,1,0,2,1,1,5,0.0
202300022472,155 640 717,A01,3,7,6,0,3,0,1,0.0
202300022473,155 640 718,A01,2,1,0,1,1,1,5,0.0
202300022474,155 640 719,A01,1,7,0,2,3,16,1,0.0
202300022474,155 640 720,B01,1,15,0,2,8,1,1,0.0
202300022475,155 640 715,A01,2,7,10,0,2,14,1,0.0
202300022476,155 640 714,A01,1,7,1,2,2,1,0,0.0
202300022476,155 640 716,B01,1,7,0,2,2,1,3,0.0
202300022477,155 640 712,A01,2,7,3,0,8,0,1,0.0
202300022478,155 640 711,A01,1,7,0,2,2,1,1,0.0
202300022478,155 640 713,B01,1,10,0,2,6,10,1,0.0
202300022479,155 640 709,A01,1,7,0,1,1,1,1,0.0
202300022480,155 640 708,A01,1,7,0,1,1,15,1,0.0
202300022481,155 640 707,A01,3,7,0,2,3,15,1,0.0
202300022481,155 640 710,B01,3,43,0,2,7,17,1,0.0
202300022482,155 640 704,A01,1,7,0,2,1,17,1,0.0
202300022482,155 640 706,B01,2,7,0,2,1,1,1,0.0
202300022483,155 640 703,A01,1,7,0,2,8,15,1,0.0
202300022483,155 640 705,B01,2,7,0,2,2,1,0,0.0
202300022484,155 640 700,A01,1,7,2,0,9,0,1,0.0
202300022485,155 640 701,A01,1,7,0,2,3,15,1,0.0
202300022485,155 640 702,B01,2,32,0,2,3,1,3,0.0
202300022486,155 640 697,B01,0,50,0,2,7,1,3,0.0
202300022486,155 640 699,A01,0,7,0,9,3,1,1,0.0
202300022487,155 640 695,A01,2,7,0,2,3,15,3,0.0
202300022487,155 640 698,B01,1,1,0,2,8,1,5,0.0
202300022488,155 640 693,B01,1,1,0,2,8,1,5,0.0
202300022488,155 640 696,A01,1,7,0,2,1,15,6,0.0
202300022489,155 640 692,A01,1,7,0,2,7,1,1,0.0
202300022489,155 640 694,B01,2,33,0,2,1,13,1,0.0
202300022490,155 640 690,A01,2,10,6,1,1,20,1,0.0
202300022491,155 640 689,B01,1,7,0,2,3,15,1,0.0
202300022491,155 640 691,A01,1,33,9,0,2,2,1,0.0
202300022492,155 640 688,A01,1,80,0,1,1,1,3,0.0
202300022493,155 640 687,A01,2,33,0,0,9,1,1,0.0
202300022494,155 640 685,A01,0,10,0,1,1,1,1,0.0
202300022495,155 640 683,A01,1,7,2,0,9,14,0,0.0
202300022496,155 640 682,A01,2,7,0,0,7,16,1,0.0
202300022496,155 640 686,B01,2,1,0,2,1,1,5,0.0
202300022497,155 640 681,A01,1,30,0,2,3,1,3,0.0
202300022497,155 640 684,B01,1,7,0,2,1,15,2,0.0
202300022498,155 640 676,A01,1,7,0,2,1,1,1,0.0
202300022498,155 640 679,B01,1,7,0,2,4,1,1,0.0
202300022498,155 640 680,C01,1,10,0,2,4,1,1,0.0
202300022499,155 640 675,A01,3,1,0,1,1,1,5,0.0
202300022500,155 640 674,A01,2,7,0,2,6,11,1,0.0
202300022500,155 640 677,Z01,2,7,0,2,2,2,1,0.0
202300022501,155 640 672,B01,1,7,0,0,7,1,1,0.0
202300022501,155 640 678,A01,2,10,0,2,1,1,1,0.0
202300022502,155 640 669,A01,0,7,0,2,4,0,1,0.0
202300022502,155 640 673,B01,0,30,0,2,1,0,1,0.0
202300022503,155 640 671,Z01,1,7,0,1,0,15,0,0.0
202300022504,155 640 668,A01,2,7,0,2,1,1,1,0.0
202300022504,155 640 670,B01,2,7,0,2,4,1,1,0.0
202300022505,155 640 664,A01,1,30,0,1,1,1,1,0.0
202300022506,155 640 663,A01,1,7,0,2,3,1,1,0.0
202300022506,155 640 665,B01,2,33,0,2,3,1,1,0.0
202300022506,155 640 667,C01,2,33,0,2,3,1,1,0.0
202300022507,155 640 662,A01,1,7,0,2,1,1,1,0.0
202300022507,155 640 666,B01,2,2,0,2,1,16,1,0.0
202300022508,155 640 661,A01,2,7,13,0,1,26,1,0.0
202300022509,155 640 656,B01,1,7,0,2,1,1,1,0.0
202300022509,155 640 660,A01,1,7,0,2,7,1,2,0.0
202300022510,155 640 654,A01,2,7,0,2,1,2,1,0.0
202300022510,155 640 657,B01,2,7,0,2,4,1,1,0.0
202300022511,155 640 655,B01,2,7,0,2,8,1,1,0.0
202300022511,155 640 658,A01,2,33,0,2,9,1,1,0.0
202300022512,155 640 651,A01,1,7,2,0,1,12,1,0.0
202300022513,155 640 648,A01,2,33,0,2,0,13,1,0.0
202300022513,155 640 650,B01,2,7,0,2,0,1,1,0.0
202300022514,155 640 647,B01,0,50,10,2,8,19,3,0.0
202300022514,155 640 652,A01,1,7,10,2,1,9,1,0.0
202300022515,155 640 646,A01,2,31,0,2,1,13,1,0.0
202300022515,155 640 649,B01,1,7,0,2,3,1,1,0.0
202300022516,155 640 645,A01,1,7,8,0,1,1,1,0.0
202300022517,155 640 642,A01,1,33,0,0,0,1,1,0.0
202300022518,155 640 640,A01,1,37,0,1,1,2,6,1.0
202300022519,155 640 639,A01,2,7,0,2,8,11,1,0.0
202300022519,155 640 644,B01,2,17,0,2,2,2,1,0.0
202300022520,155 640 637,A01,2,7,0,2,1,1,1,0.0
202300022520,155 640 638,D01,2,7,0,2,1,1,1,0.0
202300022520,155 640 641,C01,2,10,0,2,4,1,1,0.0
202300022520,155 640 643,B01,2,7,0,2,4,1,1,0.0
202300022521,155 640 636,A01,1,7,15,0,1,1,1,0.0
202300022522,155 640 634,A01,1,31,0,1,3,2,1,0.0
202300022523,155 640 633,A01,2,31,0,0,2,15,1,0.0
202300022524,155 640 632,A01,2,7,0,2,3,21,1,0.0
202300022524,155 640 635,B01,2,7,0,2,2,17,1,0.0
202300022525,155 640 631,A01,3,37,4,0,2,2,1,2.0
202300022526,155 640 630,A01,3,30,12,0,2,16,1,0.0
202300022527,155 640 626,A01,1,7,7,2,1,1,1,0.0
202300022527,155 640 629,B01,3,7,0,2,2,15,1,0.0
202300022528,155 640 625,A01,3,7,12,1,6,20,1,0.0
202300022529,155 640 621,B01,1,80,1,0,1,1,3,0.0
202300022529,155 640 623,A01,1,7,0,2,8,22,1,0.0
202300022530,155 640 619,A01,1,7,6,0,8,1,1,0.0
202300022531,155 640 618,E01,1,7,0,2,4,2,0,0.0
202300022531,155 640 622,A01,1,14,3,2,9,1,1,0.0
202300022531,155 640 624,B01,1,7,0,2,4,2,1,0.0
202300022531,155 640 627,C01,1,7,0,2,4,2,1,0.0
202300022531,155 640 628,D01,1,7,0,2,4,2,1,0.0
202300022532,155 640 617,A01,2,7,0,2,6,15,0,0.0
202300022532,155 640 620,B01,2,33,0,2,2,3,1,0.0
202300022533,155 640 616,A01,2,7,13,0,1,9,1,0.0
202300022534,155 640 615,A01,2,33,0,0,3,1,1,0.0
202300022535,155 640 611,A01,1,10,1,0,1,0,1,0.0
202300022535,155 640 614,B01,1,7,0,2,4,23,1,0.0
202300022536,155 640 609,C01,2,10,0,2,1,1,1,0.0
202300022536,155 640 612,A01,2,7,0,2,4,1,2,0.0
202300022536,155 640 613,B01,2,7,0,2,4,1,1,0.0
202300022537,155 640 607,B01,2,1,0,2,8,1,5,0.0
202300022537,155 640 610,A01,1,7,0,2,1,15,2,0.0
202300022538,155 640 606,A01,1,7,0,2,3,2,1,0.0
202300022538,155 640 608,B01,2,1,0,2,2,2,5,0.0
202300022539,155 640 605,A01,2,34,0,0,7,16,1,0.0
202300022540,155 640 604,A01,1,10,0,1,5,4,0,0.0
202300022541,155 640 601,B01,1,33,0,2,1,26,1,0.0
202300022541,155 640 603,Z01,0,10,0,2,0,15,1,0.0
202300022542,155 640 599,A01,1,7,0,2,2,15,1,0.0
202300022542,155 640 602,B01,2,33,0,2,8,1,1,0.0
202300022543,155 640 597,A01,1,33,0,2,1,2,1,0.0
202300022543,155 640 600,B01,1,10,0,2,4,2,1,0.0
202300022544,155 640 596,A01,1,7,0,2,1,11,1,0.0
202300022544,155 640 598,B01,1,7,0,0,4,1,1,0.0
202300022545,155 640 595,Z01,2,7,0,1,3,13,1,0.0
202300022546,155 640 594,A01,0,10,8,0,1,1,1,0.0
202300022547,155 640 591,A01,1,7,0,2,7,12,1,0.0
202300022547,155 640 592,B01,1,32,0,2,8,3,1,0.0
202300022548,155 640 590,A01,2,7,0,2,3,1,1,0.0
202300022548,155 640 593,B01,3,33,0,2,1,1,1,0.0
202300022549,155 640 589,A01,3,3,0,1,1,2,3,0.0
202300022550,155 640 588,A01,2,33,16,0,0,1,1,0.0
202300022551,155 640 587,A01,1,7,4,0,3,1,3,0.0
202300022552,155 640 586,A01,1,37,0,1,2,1,0,1.0
202300022553,155 640 585,A01,1,7,6,0,0,1,1,0.0
202300022554,155 640 582,B01,3,7,0,2,1,1,1,0.0
202300022554,155 640 584,A01,3,7,0,2,6,9,1,0.0
202300022555,155 640 580,A01,1,30,0,1,1,18,1,0.0
202300022556,155 640 581,A01,1,10,0,2,3,2,1,0.0
202300022556,155 640 583,B01,1,7,0,2,5,1,1,0.0
202300022557,155 640 579,A01,2,7,0,0,0,0,1,0.0
202300022558,155 640 573,B01,2,2,0,2,0,1,0,0.0
202300022558,155 640 578,A01,2,7,0,2,1,1,0,0.0
202300022559,155 640 574,A01,1,7,0,2,1,15,1,0.0
202300022559,155 640 577,B01,2,33,0,2,1,1,1,0.0
202300022560,155 640 572,B01,2,33,0,2,1,1,1,0.0
202300022560,155 640 576,Z01,2,7,0,2,5,12,0,0.0
202300022561,155 640 571,A01,1,10,0,2,1,19,1,0.0
202300022561,155 640 575,B01,1,33,0,2,8,1,1,0.0
202300022562,155 640 570,A01,2,7,3,0,1,26,1,0.0
202300022563,155 640 569,A01,1,7,0,1,3,1,2,0.0
202300022564,155 640 567,B01,3,7,0,2,7,9,1,0.0
202300022564,155 640 568,A01,3,43,8,2,1,1,1,0.0
202300022565,155 640 566,A01,2,7,0,1,1,1,1,0.0
202300022566,155 640 563,A01,2,33,0,2,4,23,1,0.0
202300022566,155 640 565,B01,2,15,0,2,0,0,0,0.0
202300022567,155 640 560,A01,1,31,0,2,7,1,1,0.0
202300022567,155 640 562,B01,3,10,0,2,1,19,1,0.0
202300022568,155 640 557,A01,2,7,0,2,3,15,1,0.0
202300022568,155 640 561,B01,2,2,0,2,2,1,1,0.0
202300022569,155 640 558,B01,1,7,0,0,2,1,1,0.0
202300022569,155 640 564,A01,0,7,0,2,1,1,1,0.0
202300022570,155 640 556,A01,1,30,0,2,0,1,1,0.0
202300022570,155 640 559,B01,1,7,0,0,0,10,1,0.0
202300022571,155 640 553,A01,2,7,0,1,2,1,1,0.0
202300022572,155 640 550,A01,1,7,14,0,1,1,1,0.0
202300022573,155 640 552,Z01,1,7,0,2,1,1,1,0.0
202300022573,155 640 554,A01,1,7,0,2,8,10,1,0.0
202300022574,155 640 551,A01,3,43,9,2,8,1,1,0.0
202300022574,155 640 555,B01,3,7,0,2,2,19,1,0.0
202300022575,155 640 549,A01,2,7,17,0,3,17,1,0.0
202300022576,155 640 547,A01,2,7,0,1,1,2,1,0.0
202300022577,155 640 546,A01,1,7,12,0,7,1,1,0.0
202300022578,155 640 545,B01,2,1,0,2,0,0,0,0.0
202300022578,155 640 548,A01,2,7,1,2,4,0,1,0.0
202300022579,155 640 544,A01,3,43,0,0,0,0,1,0.0
202300022580,155 640 541,A01,1,2,0,2,1,17,1,0.0
202300022580,155 640 543,B01,1,7,0,2,8,15,1,0.0
202300022581,155 640 540,A01,1,7,0,2,1,15,1,0.0
202300022581,155 640 542,B01,2,2,0,2,1,1,1,0.0
202300022582,155 640 538,A01,1,7,0,1,2,1,1,0.0
202300022583,155 640 536,A01,2,7,16,0,3,0,6,0.0
202300022584,155 640 534,A01,1,7,0,2,3,15,1,0.0
202300022584,155 640 537,B01,1,33,0,2,2,17,1,0.0
202300022585,155 640 535,B01,1,7,0,2,3,1,1,0.0
202300022585,155 640 539,A01,1,7,1,2,1,1,1,0.0
202300022586,155 640 531,A01,2,7,0,2,4,1,1,0.0
202300022586,155 640 533,B01,2,37,0,2,1,1,2,1.0
202300022587,155 640 528,B01,3,15,0,2,6,23,1,0.0
202300022587,155 640 530,A01,3,32,1,0,1,1,1,0.0
202300022588,155 640 525,A01,1,99,0,1,1,5,3,0.0
202300022589,155 640 524,B01,1,7,0,2,9,2,0,0.0
202300022589,155 640 526,C01,1,7,0,2,4,2,0,0.0
202300022589,155 640 529,A01,1,7,0,2,1,2,6,0.0
202300022590,155 640 521,A01,2,7,0,2,3,1,0,0.0
202300022590,155 640 523,B01,1,33,0,0,4,1,0,0.0
202300022590,155 640 527,C01,1,33,12,2,1,1,0,0.0
202300022591,155 640 519,B01,1,7,0,2,3,15,1,0.0
202300022591,155 640 522,A01,2,7,2,2,1,1,1,0.0
202300022592,155 640 517,A01,2,7,0,2,1,5,1,0.0
202300022592,155 640 520,B01,1,7,0,2,3,1,1,0.0
202300022593,155 640 518,A01,2,7,14,0,0,0,1,0.0
202300022594,155 640 516,A01,2,10,1,0,2,1,1,0.0
202300022595,155 640 515,A01,2,7,0,1,2,16,2,0.0
202300022596,155 640 514,A01,1,7,3,0,2,1,1,0.0
202300022597,155 640 511,A01,2,7,0,0,0,1,1,0.0
202300022598,155 640 508,A01,1,10,2,0,1,1,1,0.0
202300022599,155 640 509,B01,2,14,0,2,3,1,1,0.0
202300022599,155 640 512,A01,1,7,4,2,1,13,1,0.0
202300022599,155 640 513,C01,1,10,0,2,1,1,1,0.0
202300022600,155 640 507,A01,3,30,0,2,1,9,1,0.0
202300022600,155 640 510,B01,1,7,0,2,7,1,1,0.0
202300022601,155 640 506,A01,1,7,0,1,2,1,1,0.0
202300022602,155 640 503,B01,3,2,0,2,8,1,3,0.0
202300022602,155 640 504,A01,3,80,0,2,1,1,3,0.0
202300022603,155 640 502,A01,2,10,0,2,2,12,1,0.0
202300022603,155 640 505,B01,2,33,0,2,1,1,1,0.0
202300022604,155 640 498,A01,1,33,0,6,1,1,1,0.0
202300022605,155 640 499,B01,2,21,0,2,3,15,1,0.0
202300022605,155 640 500,A01,2,2,0,2,1,17,1,0.0
202300022606,155 640 497,B01,2,32,0,2,7,17,1,0.0
202300022606,155 640 501,A01,2,7,0,2,8,15,1,0.0
202300022607,155 640 495,A01,2,7,13,0,3,1,1,0.0
202300022608,155 640 493,A01,1,1,0,0,0,1,5,0.0
202300022609,155 640 491,T01,2,7,0,2,0,0,1,0.0
202300022609,155 640 494,B01,2,2,0,2,8,1,1,0.0
202300022609,155 640 496,A01,2,7,0,2,1,15,1,0.0
202300022610,155 640 489,A01,1,7,13,0,1,1,1,0.0
202300022611,155 640 488,A01,1,30,0,2,1,18,1,0.0
202300022611,155 640 490,B01,1,7,0,2,8,22,1,0.0
202300022611,155 640 492,C01,1,10,0,2,7,23,1,0.0
202300022612,155 640 486,A01,1,33,0,2,7,1,1,0.0
202300022612,155 640 487,B01,2,33,0,2,1,1,1,0.0
202300022613,155 640 484,B01,1,30,0,2,2,15,0,0.0
202300022613,155 640 485,A01,2,10,0,2,3,9,1,0.0
202300022614,155 640 482,A01,3,7,0,1,7,26,1,0.0
202300022615,155 640 483,A01,3,7,0,1,3,1,1,0.0
202300022616,155 640 479,A01,2,13,0,2,2,1,1,0.0
202300022616,155 640 481,B01,1,7,0,2,1,26,1,0.0
202300022617,155 640 478,A01,2,7,0,2,2,15,1,0.0
202300022617,155 640 480,B01,1,1,0,2,1,1,5,0.0
202300022618,155 640 476,A01,1,7,0,1,3,1,0,0.0
202300022619,155 640 475,A01,1,7,6,0,9,17,1,0.0
202300022620,155 640 474,B01,0,2,0,0,1,0,1,0.0
202300022620,155 640 477,A01,1,99,0,2,8,0,1,0.0
202300022621,155 640 472,A01,2,7,2,0,3,18,1,0.0
202300022622,155 640 471,A01,1,33,0,2,1,13,1,0.0
202300022622,155 640 473,B01,2,7,0,2,3,1,1,0.0
202300022623,155 640 470,A01,2,30,0,1,8,1,1,0.0
202300022624,155 640 469,A01,1,7,15,0,2,1,1,0.0
202300022625,155 640 464,A01,3,7,1,0,1,1,6,0.0
202300022626,155 640 465,A01,0,7,0,2,3,11,1,0.0
202300022626,155 640 467,B01,1,33,0,0,0,1,1,0.0
202300022627,155 640 463,Z01,3,1,0,1,1,1,5,0.0
202300022628,155 640 466,A01,3,7,0,2,2,9,1,0.0
202300022628,155 640 468,B01,3,33,0,2,1,1,1,0.0
202300022629,155 640 461,A01,2,7,0,2,1,5,1,0.0
202300022629,155 640 462,B01,1,7,0,2,1,1,1,0.0
202300022630,155 640 459,A01,0,7,0,1,2,11,1,0.0
202300022631,155 640 457,B01,2,32,0,2,4,23,1,0.0
202300022631,155 640 458,A01,2,2,0,2,1,1,3,0.0
202300022632,155 640 454,B01,1,7,0,0,1,1,1,0.0
202300022632,155 640 455,A01,1,7,0,1,2,0,1,0.0
202300022633,155 640 450,B01,1,50,0,2,1,18,3,0.0
202300022633,155 640 452,A01,1,7,0,2,2,16,1,0.0
202300022634,155 640 448,A01,2,7,13,0,1,1,1,0.0
202300022635,155 640 447,A01,2,7,0,2,1,13,1,0.0
202300022635,155 640 449,B01,1,7,0,0,1,15,1,0.0
202300022636,155 640 443,B01,1,34,0,2,1,1,1,0.0
202300022636,155 640 446,A01,2,10,0,2,3,9,1,0.0
202300022637,155 640 442,A01,3,7,13,0,0,0,1,0.0
202300022638,155 640 440,A01,2,7,0,2,1,2,1,0.0
202300022638,155 640 445,B01,2,17,0,2,5,1,1,0.0
202300022639,155 640 441,A01,1,7,0,2,1,9,2,0.0
202300022639,155 640 444,B01,1,30,0,2,1,17,1,0.0
202300022640,155 640 439,A01,2,30,0,1,1,17,3,0.0
202300022641,155 640 438,A01,2,7,0,1,1,2,1,0.0
202300022642,155 640 436,A01,2,2,0,2,2,15,1,0.0
202300022642,155 640 437,B01,1,32,0,0,1,9,1,0.0
202300022643,155 640 435,A01,1,7,0,1,3,21,1,0.0
202300022644,155 640 432,A01,2,7,0,2,2,15,1,0.0
202300022644,155 640 434,B01,2,30,0,2,1,1,1,0.0
202300022645,155 640 429,A01,1,33,0,2,1,1,1,0.0
202300022645,155 640 433,B01,2,7,0,2,7,15,1,0.0
202300022646,155 640 428,A01,1,7,0,2,8,10,1,0.0
202300022646,155 640 431,B01,1,2,0,2,1,1,1,0.0
202300022647,155 640 427,A01,1,7,0,2,1,13,1,0.0
202300022647,155 640 430,B01,2,7,0,2,1,1,1,0.0
202300022648,155 640 424,B01,2,30,0,2,2,2,1,0.0
202300022648,155 640 426,A01,2,7,0,2,3,10,2,0.0
202300022649,155 640 422,A01,1,30,0,2,5,2,1,0.0
202300022649,155 640 423,B01,1,7,0,2,1,0,0,0.0
202300022650,155 640 421,A01,1,7,6,0,1,1,1,0.0
202300022651,155 640 420,A01,2,7,0,0,9,1,1,0.0
202300022652,155 640 419,A01,2,1,0,1,1,1,5,0.0
202300022653,155 640 417,A01,1,7,0,1,3,1,1,0.0
202300022654,155 640 418,A01,3,30,0,0,0,0,1,0.0
202300022655,155 640 415,A01,1,7,0,1,1,1,1,0.0
202300022656,155 640 412,A01,1,7,3,0,1,0,1,0.0
202300022657,155 640 410,C01,1,7,0,1,3,1,1,0.0
202300022657,155 640 414,A01,2,1,1,0,1,1,5,0.0
202300022657,155 640 416,B01,1,7,0,2,2,23,1,0.0
202300022658,155 640 409,A01,3,7,0,2,1,26,2,0.0
202300022658,155 640 413,B01,3,2,0,2,1,21,1,0.0
202300022659,155 640 408,B01,1,2,0,2,1,0,1,0.0
202300022659,155 640 411,A01,1,7,0,2,5,15,1,0.0
202300022660,155 640 403,A01,2,7,0,1,1,1,1,0.0
202300022661,155 640 402,A01,1,7,0,0,6,15,1,0.0
202300022661,155 640 406,B01,1,7,0,0,2,17,1,0.0
202300022662,155 640 398,A01,0,7,0,0,0,0,1,0.0
202300022663,155 640 399,B01,1,7,0,2,2,26,1,0.0
202300022663,155 640 405,A01,2,7,8,2,1,9,1,0.0
202300022664,155 640 396,A01,2,7,0,2,1,21,1,0.0
202300022664,155 640 400,B01,2,7,0,2,0,21,1,0.0
202300022664,155 640 401,C01,2,10,0,2,1,2,1,0.0
202300022664,155 640 404,D01,2,7,0,2,4,2,2,0.0
202300022664,155 640 407,E01,2,7,0,2,4,2,1,0.0
202300022665,155 640 393,A01,1,7,0,2,6,11,1,0.0
202300022665,155 640 394,B01,1,33,0,2,2,3,1,0.0
202300022666,155 640 392,A01,1,7,0,2,3,2,1,0.0
202300022666,155 640 395,B01,2,7,0,2,1,2,1,0.0
202300022666,155 640 397,C01,1,33,0,2,1,2,1,0.0
202300022667,155 640 391,A01,0,7,0,1,3,1,1,0.0
202300022668,155 640 387,A01,2,7,0,1,1,1,1,0.0
202300022669,155 640 388,A01,2,7,17,0,1,1,1,0.0
202300022670,155 640 385,A01,2,7,0,1,1,1,1,0.0
202300022671,155 640 384,B01,2,7,0,2,4,1,1,0.0
202300022671,155 640 386,C01,2,7,0,2,4,1,1,0.0
202300022671,155 640 389,D01,2,7,0,2,1,9,1,0.0
202300022671,155 640 390,A01,2,7,0,2,4,1,1,0.0
202300022672,155 640 383,A01,1,7,0,1,2,1,1,0.0
202300022673,155 640 382,A01,1,7,6,0,1,1,1,0.0
202300022674,155 640 379,A01,3,7,0,1,7,16,1,0.0
202300022675,155 640 376,A01,2,37,0,2,3,26,0,2.0