num_acc,id_vehicule,num_veh,senc,catv,obs,obsm,choc,manv,motor,occutc
202300022675,155 640 380,B01,1,7,0,2,5,17,1,0.0
202300022676,155 640 375,A01,1,7,0,2,7,15,1,0.0
202300022676,155 640 377,B01,2,2,0,2,1,1,1,0.0
202300022677,155 640 370,A01,1,7,0,2,2,15,1,0.0
202300022677,155 640 373,B01,2,7,0,2,1,1,1,0.0
202300022678,155 640 369,A01,2,7,0,2,3,15,0,0.0
202300022678,155 640 372,B01,1,33,0,2,6,1,1,0.0
202300022679,155 640 367,A01,1,7,0,2,2,19,3,0.0
202300022679,155 640 374,B01,1,33,0,2,3,1,1,0.0
202300022680,155 640 368,A01,3,7,0,2,1,15,1,0.0
202300022680,155 640 371,B01,3,2,0,2,1,1,1,0.0
202300022681,155 640 366,A01,2,10,0,1,1,1,0,0.0
202300022682,155 640 365,A01,3,7,0,0,7,21,1,0.0
202300022683,155 640 362,A01,1,7,0,1,2,1,1,0.0
202300022684,155 640 360,B01,1,7,0,2,1,1,1,0.0
202300022684,155 640 363,A01,2,7,0,2,1,1,1,0.0
202300022685,155 640 359,B01,2,7,0,2,4,1,1,0.0
202300022685,155 640 361,C01,2,7,0,2,4,1,1,0.0
202300022685,155 640 364,A01,2,7,0,2,1,1,1,0.0
202300022686,155 640 357,A01,1,1,0,1,1,2,5,0.0
202300022687,155 640 356,B01,3,10,0,2,6,1,1,0.0
202300022687,155 640 358,A01,1,30,0,2,1,9,1,0.0
202300022688,155 640 354,A01,0,1,0,1,1,0,5,0.0
202300022689,155 640 353,A01,1,37,0,1,3,1,6,1.0
202300022690,155 640 352,A01,2,7,0,2,2,1,1,0.0
202300022690,155 640 355,B01,3,1,0,2,8,19,5,0.0
202300022691,155 640 350,A01,1,7,0,1,1,1,1,0.0
202300022692,155 640 348,C01,1,7,0,2,7,1,1,0.0
202300022692,155 640 349,A01,1,43,1,2,7,3,1,0.0
202300022692,155 640 351,B01,1,7,0,2,3,24,3,0.0
202300022693,155 640 347,A01,2,31,0,0,7,1,0,0.0
202300022694,155 640 346,A01,1,7,1,1,1,14,1,0.0
202300022695,155 640 345,A01,3,2,0,1,1,2,3,0.0
202300022696,155 640 341,B01,1,99,0,2,4,2,1,0.0
202300022696,155 640 344,A01,1,99,0,2,1,1,1,0.0
202300022697,155 640 342,A01,1,7,13,0,3,19,1,0.0
202300022698,155 640 343,A01,1,7,0,1,3,15,1,0.0
202300022699,155 640 339,A01,2,7,0,2,3,12,1,0.0
202300022699,155 640 340,B01,2,33,0,2,8,3,1,0.0
202300022700,155 640 337,B01,2,7,0,2,1,17,1,0.0
202300022700,155 640 338,A01,2,7,0,2,1,13,1,0.0
202300022701,155 640 335,A01,1,7,0,1,1,1,1,0.0
202300022702,155 640 333,A01,3,36,0,0,7,0,1,0.0
202300022703,155 640 332,B01,3,7,0,2,2,1,1,0.0
202300022703,155 640 336,A01,3,2,0,2,2,1,1,0.0
202300022704,155 640 330,A01,1,7,0,1,1,17,1,0.0
202300022704,155 640 334,B01,1,7,12,0,6,16,1,0.0
202300022705,155 640 331,A01,1,7,16,0,1,14,1,0.0
202300022706,155 640 328,B01,2,7,0,0,1,1,1,0.0
202300022706,155 640 329,A01,2,7,0,0,3,1,1,0.0
202300022707,155 640 324,A01,1,7,0,2,4,1,1,0.0
202300022707,155 640 327,B01,1,7,0,2,1,1,1,0.0
202300022708,155 640 325,A01,1,3,0,1,2,17,1,0.0
202300022709,155 640 322,A01,1,7,0,2,8,15,1,0.0
202300022709,155 640 326,B01,1,2,0,2,1,2,1,0.0
202300022710,155 640 316,A01,2,7,0,2,7,9,1,0.0
202300022710,155 640 319,B01,2,33,0,2,1,1,1,0.0
202300022711,155 640 318,A01,2,50,0,2,1,0,3,0.0
202300022711,155 640 320,B01,2,7,0,2,5,16,1,0.0
202300022712,155 640 315,B01,1,7,0,2,1,1,0,0.0
202300022712,155 640 317,A01,1,7,0,2,4,1,1,0.0
202300022713,155 640 314,A01,2,7,0,1,1,17,1,0.0
202300022714,155 640 310,A01,1,7,0,2,3,13,1,0.0
202300022714,155 640 312,B01,2,7,0,2,3,1,1,0.0
202300022715,155 640 308,A01,2,31,0,2,0,26,1,0.0
202300022715,155 640 311,B01,2,7,0,2,1,1,1,0.0
202300022716,155 640 306,A01,2,33,0,0,9,1,1,0.0
202300022717,155 640 305,B01,2,43,0,2,1,1,1,0.0
202300022717,155 640 307,A01,1,0,0,2,7,15,0,0.0
202300022718,155 640 304,A01,2,7,4,0,2,15,1,0.0
202300022719,155 640 301,B01,3,2,0,2,1,11,0,0.0
202300022719,155 640 303,A01,1,7,0,0,2,1,1,0.0
202300022720,155 640 300,A01,1,43,3,0,1,1,1,0.0
202300022721,155 640 297,B01,1,33,0,2,4,16,0,0.0
202300022721,155 640 299,A01,1,7,0,2,4,16,1,0.0
202300022722,155 640 298,B01,2,10,0,2,1,1,1,0.0
202300022722,155 640 302,A01,1,7,0,2,3,2,1,0.0
202300022723,155 640 293,Z01,2,15,0,2,7,17,0,0.0
202300022723,155 640 296,B01,1,1,0,2,3,1,5,0.0
202300022724,155 640 294,A01,2,7,13,0,9,14,1,0.0
202300022725,155 640 292,A01,2,7,0,2,1,1,1,0.0
202300022725,155 640 295,B01,2,7,0,0,4,1,1,0.0
202300022726,155 640 287,B01,1,33,0,2,1,1,1,0.0
202300022726,155 640 291,A01,0,7,0,2,1,15,1,0.0
202300022727,155 640 286,A01,2,7,3,0,1,2,1,0.0
202300022728,155 640 285,A01,3,7,1,0,2,1,0,0.0
202300022728,155 640 289,B01,2,7,0,2,6,23,1,0.0
202300022729,155 640 288,A01,1,7,0,2,1,1,1,0.0
202300022729,155 640 290,B01,1,7,0,2,4,23,1,0.0
202300022730,155 640 282,A01,1,7,0,2,1,2,1,0.0
202300022730,155 640 284,B01,1,7,0,2,4,23,1,0.0
202300022731,155 640 281,B01,2,7,4,2,1,2,1,0.0
202300022731,155 640 283,A01,2,7,4,2,4,1,1,0.0
202300022732,155 640 279,A01,2,7,0,1,1,1,1,0.0
202300022733,155 640 278,B01,1,7,0,2,4,2,1,0.0
202300022733,155 640 280,A01,1,33,0,2,1,2,1,0.0
202300022734,155 640 276,A01,1,7,4,0,3,11,1,0.0
202300022735,155 640 277,A01,3,7,0,1,2,1,1,0.0
202300022736,155 640 274,A01,2,7,4,0,2,1,1,0.0
202300022737,155 640 275,A01,1,14,0,1,2,1,1,0.0
202300022738,155 640 273,A01,0,7,0,1,2,2,1,0.0
202300022739,155 640 271,A01,0,7,2,0,3,13,1,0.0
202300022740,155 640 268,A01,0,7,0,1,4,20,1,0.0
202300022741,155 640 269,A01,0,10,0,2,3,15,0,0.0
202300022741,155 640 270,B01,0,7,0,2,2,1,0,0.0
202300022742,155 640 267,A01,0,7,0,1,1,16,1,0.0
202300022743,155 640 266,Z01,1,7,0,1,0,0,0,0.0
202300022744,155 640 265,A01,3,7,6,0,1,1,1,0.0
202300022745,155 640 260,A01,2,7,0,2,1,1,1,0.0
202300022745,155 640 264,B01,2,7,0,2,4,1,1,0.0
202300022746,155 640 261,A01,1,7,0,2,1,13,1,0.0
202300022746,155 640 263,B01,2,7,0,2,1,21,1,0.0
202300022747,155 640 259,B01,2,7,0,2,2,1,1,0.0
202300022747,155 640 262,A01,2,10,0,2,1,1,0,0.0
202300022748,155 640 256,A01,2,10,0,2,2,5,1,0.0
202300022748,155 640 257,B01,1,10,0,2,2,1,1,0.0
202300022749,155 640 254,A01,1,7,0,2,2,1,1,0.0
202300022749,155 640 258,B01,1,7,0,2,3,16,1,0.0
202300022750,155 640 253,B01,1,1,0,2,2,0,5,0.0
202300022750,155 640 255,A01,1,7,0,9,2,26,1,0.0
202300022751,155 640 250,A01,1,7,0,1,2,1,1,0.0
202300022752,155 640 248,A01,3,7,0,2,1,26,1,0.0
202300022752,155 640 251,B01,1,50,0,2,7,1,3,0.0
202300022753,155 640 247,C01,1,10,0,2,8,1,1,0.0
202300022753,155 640 249,B01,1,7,0,2,3,2,1,0.0
202300022753,155 640 252,A01,1,7,2,2,5,12,1,0.0
202300022754,155 640 246,A01,1,10,0,1,2,1,1,0.0
202300022755,155 640 243,A01,0,7,0,2,3,13,1,0.0
202300022755,155 640 245,B01,0,32,0,2,1,1,1,0.0
202300022756,155 640 242,A01,1,7,0,2,1,2,4,0.0
202300022756,155 640 244,B01,2,7,1,2,8,1,2,0.0
202300022757,155 640 240,B01,3,10,0,2,6,23,1,0.0
202300022757,155 640 241,A01,3,7,0,2,2,1,1,0.0
202300022758,155 640 238,A01,1,7,0,1,1,1,1,0.0
202300022759,155 640 235,A01,1,7,0,1,1,1,1,0.0
202300022760,155 640 237,A01,3,10,0,2,2,1,1,0.0
202300022760,155 640 239,B01,3,7,0,2,3,1,1,0.0
202300022761,155 640 234,A01,2,7,0,2,1,2,1,0.0
202300022761,155 640 236,B01,2,7,0,2,4,2,3,0.0
202300022762,155 640 232,A01,1,7,5,0,2,0,1,0.0
202300022763,155 640 233,A01,1,7,0,1,8,1,1,0.0
202300022764,155 640 229,A01,3,30,0,2,7,1,3,0.0
202300022764,155 640 231,B01,3,37,0,2,1,1,1,1.0
202300022765,155 640 227,B01,2,7,0,2,3,2,1,0.0
202300022765,155 640 230,A01,2,1,0,2,2,19,5,0.0
202300022766,155 640 226,A01,1,50,0,2,0,21,3,0.0
202300022766,155 640 228,Z01,1,7,0,2,0,15,1,0.0
202300022767,155 640 223,B01,2,7,0,2,1,1,1,0.0
202300022767,155 640 225,A01,1,50,0,2,3,19,3,0.0
202300022768,155 640 222,A01,3,7,0,2,1,2,1,0.0
202300022768,155 640 224,B01,3,7,0,2,4,23,1,0.0
202300022769,155 640 219,B01,2,33,0,2,1,1,1,0.0
202300022769,155 640 221,A01,1,7,0,2,8,15,1,0.0
202300022770,155 640 217,A01,1,7,0,2,2,15,1,0.0
202300022770,155 640 220,B01,2,7,0,2,1,1,2,0.0
202300022771,155 640 215,B01,2,7,0,2,4,2,1,0.0
202300022771,155 640 216,C01,2,7,0,2,4,2,1,0.0
202300022771,155 640 218,A01,2,7,0,2,1,2,1,0.0
202300022772,155 640 212,Z01,1,7,0,2,1,1,0,0.0
202300022772,155 640 213,B01,1,7,0,2,4,2,1,0.0
202300022773,155 640 211,B01,1,33,0,2,1,1,1,0.0
202300022773,155 640 214,A01,1,7,0,2,7,1,1,0.0
202300022774,155 640 209,A01,3,15,0,2,1,9,1,0.0
202300022774,155 640 210,B01,3,10,0,2,4,9,1,0.0
202300022775,155 640 208,A01,2,7,0,1,8,1,1,0.0
202300022776,155 640 207,A01,1,7,0,1,3,1,1,0.0
202300022777,155 640 205,A01,1,7,0,9,1,1,1,0.0
202300022777,155 640 206,B01,1,1,0,2,1,19,5,0.0
202300022778,155 640 202,A01,0,7,0,2,7,1,1,0.0
202300022778,155 640 204,B01,0,7,0,2,1,0,1,0.0
202300022779,155 640 201,A01,1,7,0,2,3,10,1,0.0
202300022779,155 640 203,B01,1,33,0,2,2,1,1,0.0
202300022780,155 640 199,B01,1,30,0,2,8,1,1,0.0
202300022780,155 640 200,A01,2,7,0,2,0,15,1,0.0
202300022781,155 640 197,A01,1,7,0,1,2,1,1,0.0
202300022782,155 640 196,B01,0,7,0,2,4,1,1,0.0
202300022782,155 640 198,A01,0,10,0,2,1,1,1,0.0
202300022783,155 640 192,B01,0,7,0,9,0,1,1,0.0
202300022783,155 640 194,A01,0,50,0,2,1,1,3,0.0
202300022784,155 640 191,C01,1,7,0,2,4,1,1,0.0
202300022784,155 640 193,A01,1,7,0,2,1,2,1,0.0
202300022784,155 640 195,B01,1,7,0,2,4,2,1,0.0
202300022785,155 640 188,A01,0,33,0,2,1,1,1,0.0
202300022785,155 640 190,B01,0,7,0,2,5,1,1,0.0
202300022786,155 640 185,A01,2,7,0,2,7,15,1,0.0
202300022786,155 640 187,B01,1,7,0,2,1,1,1,0.0
202300022787,155 640 186,B01,3,1,0,2,7,1,5,0.0
202300022787,155 640 189,A01,3,7,0,2,7,15,0,0.0
202300022788,155 640 184,A01,1,30,8,0,5,14,5,0.0
202300022789,155 640 182,A01,1,7,0,2,4,26,1,0.0
202300022790,155 640 180,B01,3,7,0,2,2,1,1,0.0
202300022790,155 640 183,A01,3,7,0,2,1,15,0,0.0
202300022791,155 640 179,B01,1,7,0,2,3,1,1,0.0
202300022791,155 640 181,A01,1,7,0,2,7,9,1,0.0
202300022792,155 640 178,A01,2,7,0,1,3,1,1,0.0
202300022793,155 640 174,B01,1,32,0,2,8,1,1,0.0
202300022793,155 640 177,A01,1,7,0,2,1,15,1,0.0
202300022794,155 640 173,A01,3,7,0,2,6,24,1,0.0
202300022794,155 640 176,B01,3,1,1,0,1,1,5,0.0
202300022795,155 640 172,A01,0,7,0,2,7,15,1,0.0
202300022795,155 640 175,B01,1,7,0,2,2,1,1,0.0
202300022796,155 640 168,A01,1,10,0,1,3,1,1,0.0
202300022797,155 640 169,A01,3,7,0,2,3,13,1,0.0
202300022797,155 640 171,B01,3,7,0,2,8,1,1,0.0
202300022798,155 640 167,A01,1,10,0,2,3,15,1,0.0
202300022798,155 640 170,B01,1,7,0,2,7,1,1,0.0
202300022799,155 640 164,A01,1,7,0,2,1,16,1,0.0
202300022799,155 640 166,B01,1,7,0,2,2,15,1,0.0
202300022800,155 640 162,A01,2,7,0,2,8,10,1,0.0
202300022800,155 640 165,B01,2,17,0,2,1,1,1,0.0
202300022801,155 640 163,A01,3,7,9,0,2,1,1,0.0
202300022802,155 640 161,A01,1,7,0,1,1,1,1,0.0
202300022803,155 640 158,A01,1,7,0,2,3,9,2,0.0
202300022803,155 640 160,B01,1,50,0,2,1,15,3,0.0
202300022804,155 640 157,A01,3,7,0,2,0,2,3,0.0
202300022804,155 640 159,B01,3,50,0,2,1,1,3,0.0
202300022805,155 640 155,A01,2,50,0,2,7,1,3,0.0
202300022805,155 640 156,B01,1,7,0,2,1,1,1,0.0
202300022806,155 640 154,A01,2,7,0,1,2,1,1,0.0
202300022807,155 640 153,A01,0,7,2,0,7,1,1,0.0
202300022808,155 640 152,A01,2,7,0,1,1,15,1,0.0
202300022809,155 640 150,B01,1,7,0,2,3,0,0,0.0
202300022809,155 640 151,A01,2,30,0,2,1,13,0,0.0
202300022810,155 640 148,A01,1,10,0,1,7,16,1,0.0
202300022811,155 640 147,A01,3,7,0,2,2,15,1,0.0
202300022811,155 640 149,B01,3,1,0,2,1,26,5,0.0
202300022812,155 640 142,A01,1,43,14,0,1,13,1,0.0
202300022813,155 640 141,B01,1,10,13,2,1,1,1,0.0
202300022813,155 640 143,A01,2,10,13,2,1,1,1,0.0
202300022814,155 640 139,B01,1,7,0,2,1,1,0,0.0
202300022814,155 640 140,A01,2,7,0,2,7,15,0,0.0
202300022815,155 640 137,A01,1,7,9,0,1,14,1,0.0
202300022816,155 640 136,A01,1,7,9,0,1,13,1,0.0
202300022817,155 640 135,A01,3,10,0,2,2,15,0,0.0
202300022817,155 640 138,B01,3,1,0,2,0,1,5,0.0
202300022818,155 640 132,A01,3,7,0,1,2,1,0,0.0
202300022819,155 640 130,A01,1,30,0,2,3,2,1,0.0
202300022819,155 640 131,B01,1,7,0,2,7,20,1,0.0
202300022820,155 640 133,Y01,3,1,0,2,4,5,5,0.0
202300022820,155 640 134,A01,3,10,0,2,4,4,1,0.0
202300022821,155 640 128,A01,1,7,0,2,2,20,1,0.0
202300022821,155 640 129,B01,1,1,0,2,0,1,5,0.0
202300022822,155 640 126,Z01,3,2,0,1,2,1,0,0.0
202300022823,155 640 123,B01,3,7,0,2,8,1,1,0.0
202300022823,155 640 127,A01,3,7,0,2,1,26,1,0.0
202300022824,155 640 124,A01,3,1,0,2,8,17,5,0.0
202300022824,155 640 125,B01,3,7,0,2,1,1,1,0.0
202300022825,155 640 122,A01,3,7,0,1,8,20,1,0.0
202300022826,155 640 121,A01,1,7,0,1,1,1,1,0.0
202300022827,155 640 120,A01,3,7,0,1,8,1,6,0.0
202300022828,155 640 118,A01,0,7,0,1,3,1,1,0.0
202300022829,155 640 119,A01,3,7,0,1,3,1,1,0.0
202300022830,155 640 115,A01,3,2,0,2,1,1,1,0.0
202300022830,155 640 117,B01,3,7,0,2,3,1,1,0.0
202300022831,155 640 114,B01,0,37,0,0,0,0,1,2.0
202300022831,155 640 116,A01,0,7,0,0,0,0,1,0.0
202300022832,155 640 112,B01,3,33,0,2,7,1,0,0.0
202300022832,155 640 113,A01,3,7,0,2,1,1,1,0.0
202300022833,155 640 110,A01,0,7,0,2,1,26,1,0.0
202300022833,155 640 111,B01,0,7,0,2,1,0,1,0.0
202300022834,155 640 108,A01,2,7,0,2,2,1,1,0.0
202300022834,155 640 109,B01,1,1,0,2,8,5,5,0.0
202300022835,155 640 106,A01,1,7,1,0,1,14,1,0.0
202300022836,155 640 105,B01,2,7,0,2,1,1,1,0.0
202300022836,155 640 107,A01,2,30,0,2,1,9,1,0.0
202300022837,155 640 104,A01,1,33,16,0,8,1,1,0.0
202300022838,155 640 101,A01,2,7,4,2,9,13,1,0.0
202300022838,155 640 102,B01,2,7,0,2,1,1,1,0.0
202300022839,155 640 100,A01,2,7,0,1,1,15,1,0.0
202300022840,155 640 097,A01,2,10,0,2,1,5,1,0.0
202300022840,155 640 099,B01,2,7,0,2,1,16,1,0.0
202300022841,155 640 096,B01,1,1,0,2,1,9,5,0.0
202300022841,155 640 098,A01,2,7,0,2,3,9,1,0.0
202300022842,155 640 094,A01,1,7,0,2,5,16,1,0.0
202300022842,155 640 095,B01,1,50,0,2,3,1,3,0.0
202300022843,155 640 091,A01,2,7,0,1,1,26,0,0.0
202300022844,155 640 090,A01,1,50,0,2,2,26,3,0.0
202300022844,155 640 092,B01,1,1,0,2,8,26,5,0.0
202300022845,155 640 089,A01,1,33,0,1,2,1,1,0.0
202300022846,155 640 088,A01,1,7,2,0,1,1,1,0.0
202300022847,155 640 087,A01,1,7,0,1,3,1,1,0.0
202300022848,155 640 082,B01,2,15,0,2,4,2,1,0.0
202300022848,155 640 084,A01,2,17,0,2,1,2,0,0.0
202300022848,155 640 086,C01,2,15,0,2,1,2,1,0.0
202300022849,155 640 083,A01,0,50,0,2,7,10,3,0.0
202300022849,155 640 085,B01,1,32,0,9,1,1,1,0.0
202300022850,155 640 079,A01,3,30,0,2,1,5,1,0.0
202300022850,155 640 080,B01,3,7,0,2,3,0,1,0.0
202300022851,155 640 078,B01,3,7,0,2,4,1,1,0.0
202300022851,155 640 081,A01,3,7,0,2,1,1,1,0.0
202300022852,155 640 077,A01,1,14,0,9,2,16,1,0.0
202300022853,155 640 075,A01,0,10,0,2,2,16,1,0.0
202300022853,155 640 076,B01,0,80,0,0,1,19,3,0.0
202300022854,155 640 072,B01,0,32,0,2,1,1,1,0.0
202300022854,155 640 074,A01,0,7,0,2,3,19,1,0.0
202300022855,155 640 071,A01,0,10,0,0,0,0,0,0.0
202300022855,155 640 073,B01,2,50,0,2,7,0,3,0.0
202300022856,155 640 069,A01,1,7,9,0,1,2,1,0.0
202300022857,155 640 068,A01,1,7,0,9,3,2,1,0.0
202300022857,155 640 070,B01,1,1,0,2,1,1,5,0.0
202300022858,155 640 064,A01,1,7,0,2,3,13,1,0.0
202300022858,155 640 065,B01,2,14,0,2,3,1,1,0.0
202300022859,155 640 063,A01,0,33,13,0,8,1,1,0.0
202300022860,155 640 062,A01,1,7,0,1,7,1,1,0.0
202300022861,155 640 061,Z01,2,7,0,1,3,1,0,0.0
202300022862,155 640 059,A01,1,50,12,0,7,1,3,0.0
202300022863,155 640 058,A01,1,7,1,0,1,1,1,0.0
202300022863,155 640 060,B01,1,7,1,2,6,24,1,0.0
202300022864,155 640 056,A01,1,30,0,2,1,1,1,0.0
202300022864,155 640 057,B01,2,7,0,2,2,15,1,0.0
202300022865,155 640 055,A01,1,7,16,0,1,1,1,0.0
202300022866,155 640 052,A01,2,30,0,2,1,1,1,0.0
202300022866,155 640 053,B01,1,7,0,2,6,10,1,0.0
202300022867,155 640 054,A01,1,7,0,1,2,15,1,0.0
202300022868,155 640 048,C01,1,7,0,2,2,16,1,0.0
202300022868,155 640 050,A01,1,2,1,0,1,21,1,0.0
202300022868,155 640 051,B01,1,7,0,2,4,24,1,0.0
202300022869,155 640 047,A01,1,7,1,2,7,2,1,0.0
202300022869,155 640 049,C01,1,7,0,2,4,2,1,0.0
202300022870,155 640 044,A01,2,7,0,2,1,1,1,0.0
202300022870,155 640 046,B01,0,31,0,2,7,1,1,0.0
202300022871,155 640 043,A01,3,7,0,2,7,15,0,0.0
202300022871,155 640 045,B01,3,33,0,2,1,1,0,0.0
202300022872,155 640 041,A01,1,7,0,2,2,15,1,0.0
202300022872,155 640 042,B01,2,1,0,2,1,2,5,0.0
202300022873,155 640 039,A01,3,10,0,1,2,26,1,0.0
202300022874,155 640 040,A01,2,33,0,1,1,1,1,0.0
202300022875,155 640 038,Z01,3,50,0,1,1,0,3,0.0
202300022876,155 640 036,B01,3,7,0,2,0,0,0,0.0
202300022876,155 640 037,A01,2,50,0,2,1,26,3,0.0
202300022877,155 640 033,B01,1,2,0,2,0,0,1,0.0
202300022877,155 640 035,A01,1,10,0,2,0,0,1,0.0
202300022878,155 640 032,A01,1,30,0,2,4,9,1,0.0
202300022878,155 640 034,Z01,1,33,0,2,4,1,1,0.0
202300022879,155 640 031,A01,3,33,1,0,0,1,1,0.0
202300022880,155 640 030,A01,2,7,13,0,1,1,1,0.0
202300022881,155 640 027,B01,3,7,0,2,1,1,1,0.0
202300022881,155 640 029,A01,3,50,0,2,7,1,3,0.0
202300022882,155 640 026,B01,2,31,0,2,3,1,1,0.0
202300022882,155 640 028,A01,2,7,0,2,3,15,2,0.0
202300022883,155 640 022,B01,1,7,0,2,4,1,1,0.0
202300022883,155 640 024,C01,1,7,0,2,4,1,1,0.0
202300022883,155 640 025,A01,1,7,0,2,1,1,1,0.0
202300022884,155 640 019,A01,2,31,0,2,1,5,1,0.0
202300022884,155 640 020,B01,1,7,0,2,3,19,1,0.0
202300022885,155 640 021,A01,3,1,0,2,2,15,5,0.0
202300022885,155 640 023,Z01,3,2,0,2,3,1,0,0.0
202300022886,155 640 017,A01,3,99,0,9,0,0,0,0.0
202300022886,155 640 018,B01,3,1,0,2,8,1,5,0.0
202300022887,155 640 014,A01,1,7,0,2,1,2,1,0.0
202300022887,155 640 015,B01,1,7,0,2,4,23,1,0.0
202300022887,155 640 016,C01,1,7,0,2,4,23,1,0.0
202300022888,155 640 013,A01,1,40,0,1,3,1,3,0.0
202300022889,155 640 012,A01,2,50,16,0,9,1,3,0.0
202300022890,155 640 008,A01,1,33,0,2,8,1,1,0.0
202300022890,155 640 009,B01,1,7,0,2,6,11,1,0.0
202300022890,155 640 010,C01,1,7,0,2,7,1,1,0.0
202300022891,155 640 011,A01,3,80,0,1,1,1,3,0.0
202300022892,155 640 007,A01,3,30,0,0,0,1,1,0.0
202300022893,155 640 006,A01,1,1,0,1,1,1,5,0.0
202300022894,155 640 002,A01,0,33,15,0,7,0,1,0.0
202300022894,155 640 003,B01,3,37,0,2,1,0,1,2.0
202300022895,155 639 999,A01,0,7,0,2,1,1,1,0.0
202300022895,155 640 000,B01,0,1,0,2,1,1,5,0.0
202300022896,155 639 997,A01,1,7,13,0,1,1,1,0.0
202300022897,155 639 998,A01,1,10,0,2,4,4,1,0.0
202300022897,155 640 001,B01,1,1,0,2,1,1,5,0.0
202300022898,155 639 996,A01,2,7,0,1,2,17,1,0.0
202300022899,155 639 995,A01,1,7,0,1,1,1,1,0.0
202300022900,155 639 992,A01,1,1,0,2,1,0,5,0.0
202300022900,155 639 993,B01,1,7,0,2,5,1,1,0.0
202300022901,155 639 989,B01,1,7,0,2,5,1,1,0.0
202300022901,155 639 991,A01,2,7,0,2,1,9,2,0.0
202300022902,155 639 990,Z01,2,10,0,2,2,16,0,0.0
202300022902,155 639 994,A01,2,30,0,2,3,1,3,0.0
202300022903,155 639 987,B01,3,7,0,2,8,2,1,0.0
202300022903,155 639 988,A01,3,7,0,2,7,19,1,0.0
202300022904,155 639 986,A01,2,7,0,1,3,1,1,0.0
202300022905,155 639 985,A01,1,7,0,1,5,9,1,0.0
202300022906,155 639 984,A01,2,7,0,1,8,1,1,0.0
202300022907,155 639 982,A01,2,7,0,2,1,15,1,0.0
202300022907,155 639 983,B01,1,1,0,2,1,1,5,0.0
202300022908,155 639 981,A01,2,7,0,1,1,16,1,0.0
202300022909,155 639 980,A01,1,10,0,1,2,15,1,0.0
202300022910,155 639 979,A01,2,7,0,1,2,1,1,0.0
202300022911,155 639 978,A01,1,99,3,0,1,14,1,0.0
202300022912,155 639 974,B01,0,33,0,2,8,1,1,0.0
202300022912,155 639 975,A01,1,7,0,2,3,17,1,0.0
202300022913,155 639 976,B01,2,80,0,2,1,13,3,0.0
202300022913,155 639 977,A01,1,80,0,2,1,1,3,0.0
202300022914,155 639 970,A01,2,10,0,2,1,15,1,0.0
202300022914,155 639 972,B01,1,33,0,2,1,1,1,0.0
202300022914,155 639 973,C01,1,31,0,2,1,1,1,0.0
202300022915,155 639 969,A01,2,7,0,1,3,21,1,0.0
202300022916,155 639 971,A01,1,43,0,1,1,17,1,0.0
202300022917,155 639 967,B01,3,33,0,2,4,2,0,0.0
202300022917,155 639 968,A01,3,33,0,2,1,2,1,0.0
202300022918,155 639 964,A01,2,7,0,2,8,15,1,0.0
202300022918,155 639 966,B01,2,32,0,2,7,17,1,0.0
202300022919,155 639 963,B01,0,7,0,2,3,10,1,0.0
202300022919,155 639 965,A01,0,33,0,2,2,2,1,0.0
202300022920,155 639 962,Z01,1,10,0,1,6,20,3,0.0
202300022921,155 639 961,A01,1,34,13,0,1,1,1,0.0
202300022922,155 639 960,A01,2,60,1,0,2,25,5,0.0
202300022923,155 639 959,A01,2,1,0,1,1,1,5,0.0
202300022924,155 639 958,A01,3,33,0,0,7,26,0,0.0
202300022925,155 639 954,B01,2,7,0,0,1,0,3,0.0
202300022925,155 639 956,A01,2,50,0,2,1,13,3,0.0
202300022926,155 639 955,A01,1,7,0,2,2,9,1,0.0
202300022926,155 639 957,B01,1,33,0,2,1,1,1,0.0
202300022927,155 639 951,Z01,1,7,0,2,2,15,1,0.0
202300022927,155 639 953,A01,1,7,0,2,3,1,1,0.0
202300022928,155 639 950,A01,0,30,0,2,0,23,1,0.0
202300022928,155 639 952,B01,0,7,0,2,1,2,1,0.0
202300022929,155 639 949,A01,0,10,0,1,4,20,1,0.0
202300022930,155 639 948,Z01,3,10,0,1,0,0,0,0.0
202300022931,155 639 945,A01,3,7,0,2,1,1,1,0.0
202300022931,155 639 947,B01,3,33,0,2,8,1,1,0.0
202300022932,155 639 944,A01,3,7,0,2,2,15,2,0.0
202300022932,155 639 946,B01,1,7,9,2,8,1,0,0.0
202300022933,155 639 943,A01,3,7,0,1,1,15,1,0.0
202300022934,155 639 941,A01,2,7,0,2,2,10,1,0.0
202300022934,155 639 942,B01,1,32,0,2,1,1,1,0.0
202300022935,155 639 940,A01,3,3,2,1,1,1,1,0.0
202300022936,155 639 938,A01,1,10,0,1,3,9,0,0.0
202300022937,155 639 937,A01,1,7,9,2,4,4,1,0.0
202300022937,155 639 939,B01,1,7,0,2,1,1,1,0.0
202300022938,155 639 935,B01,2,38,0,2,3,2,1,1.0
202300022938,155 639 936,A01,1,7,0,2,5,16,0,0.0
202300022939,155 639 932,B01,2,7,0,2,4,2,1,0.0
202300022939,155 639 933,A01,2,7,0,2,1,1,1,0.0
202300022940,155 639 930,B01,1,7,0,2,2,1,1,0.0
202300022940,155 639 931,A01,1,32,0,2,0,0,1,0.0
202300022941,155 639 925,D01,3,17,0,2,8,1,1,0.0
202300022941,155 639 926,A01,1,7,0,2,2,2,1,0.0
202300022941,155 639 928,B01,3,7,0,2,6,11,1,0.0