num_acc,id_vehicule,num_veh,senc,catv,obs,obsm,choc,manv,motor,occutc
202300022941,155 639 929,C01,3,7,0,2,6,1,1,0.0
202300022942,155 639 924,A01,1,7,0,9,1,1,1,0.0
202300022942,155 639 927,B01,2,99,0,2,2,1,0,0.0
202300022943,155 639 922,A01,1,3,0,1,1,0,0,0.0
202300022944,155 639 921,A01,1,10,0,0,0,16,1,0.0
202300022944,155 639 923,B01,1,80,0,0,8,2,3,0.0
202300022945,155 639 918,A01,3,7,0,2,2,2,4,0.0
202300022945,155 639 920,B01,0,1,0,2,1,2,5,0.0
202300022946,155 639 917,B01,3,7,0,2,8,13,1,0.0
202300022946,155 639 919,A01,3,31,0,2,7,2,1,0.0
202300022947,155 639 914,A01,3,10,0,2,1,1,1,0.0
202300022947,155 639 915,B01,3,7,0,2,4,23,1,0.0
202300022948,155 639 913,B01,3,43,0,2,1,1,1,0.0
202300022948,155 639 916,A01,3,50,1,2,7,26,3,0.0
202300022949,155 639 910,A01,1,31,0,2,2,17,2,0.0
202300022949,155 639 912,B01,1,7,0,2,3,15,2,0.0
202300022950,155 639 909,B01,3,50,0,2,1,1,3,0.0
202300022950,155 639 911,Z01,3,7,0,2,8,15,1,0.0
202300022951,155 639 908,A01,1,1,0,1,1,2,5,0.0
202300022952,155 639 906,A01,3,14,0,2,1,12,1,0.0
202300022952,155 639 907,B01,3,7,0,2,8,1,2,0.0
202300022953,155 639 904,A01,1,2,0,2,8,7,3,0.0
202300022953,155 639 905,B01,1,10,0,2,2,16,3,0.0
202300022954,155 639 902,A01,1,33,0,4,1,1,1,0.0
202300022954,155 639 903,B01,2,39,0,2,1,1,1,0.0
202300022955,155 639 898,C01,2,7,0,2,8,23,1,0.0
202300022955,155 639 900,A01,3,14,0,2,1,5,1,0.0
202300022955,155 639 901,B01,3,31,0,2,2,1,1,0.0
202300022956,155 639 897,B01,0,2,0,2,2,19,1,0.0
202300022956,155 639 899,A01,0,7,0,2,1,1,1,0.0
202300022957,155 639 895,A01,1,7,0,0,8,9,2,0.0
202300022957,155 639 896,B01,1,1,0,0,0,1,5,0.0
202300022958,155 639 893,A01,1,7,0,2,3,13,1,0.0
202300022958,155 639 894,B01,2,7,0,2,3,1,1,0.0
202300022959,155 639 891,B01,2,7,0,2,6,23,1,0.0
202300022959,155 639 892,A01,2,7,0,2,2,1,0,0.0
202300022960,155 639 887,B01,3,1,0,2,8,6,5,0.0
202300022960,155 639 888,A01,2,7,0,2,1,15,2,0.0
202300022961,155 639 885,A01,3,7,0,2,8,5,1,0.0
202300022961,155 639 886,B01,3,7,0,2,3,1,1,0.0
202300022962,155 639 883,A01,3,1,0,2,1,5,5,0.0
202300022962,155 639 884,B01,3,1,0,2,1,1,5,0.0
202300022963,155 639 880,B01,1,7,0,1,0,1,1,0.0
202300022963,155 639 882,A01,1,7,0,1,2,1,1,0.0
202300022964,155 639 879,A01,1,31,0,2,2,2,1,0.0
202300022964,155 639 881,B01,1,7,0,2,6,2,1,0.0
202300022965,155 639 876,A01,1,7,0,2,6,22,3,0.0
202300022965,155 639 878,B01,1,31,0,2,1,2,1,0.0
202300022966,155 639 875,B01,1,7,0,2,1,1,1,0.0
202300022966,155 639 877,A01,2,7,0,2,2,15,1,0.0
202300022967,155 639 871,A01,3,10,0,2,3,9,1,0.0
202300022967,155 639 874,B01,3,10,0,2,8,2,1,0.0
202300022968,155 639 872,A01,1,7,0,2,2,5,1,0.0
202300022968,155 639 873,B01,1,7,0,2,1,1,1,0.0
202300022969,155 639 869,A01,2,43,0,1,1,1,1,0.0
202300022970,155 639 868,A01,1,7,0,2,2,13,1,0.0
202300022970,155 639 870,B01,2,7,0,2,1,1,1,0.0
202300022971,155 639 867,A01,1,7,0,1,3,1,3,0.0
202300022972,155 639 863,A01,2,50,0,2,4,1,3,0.0
202300022972,155 639 864,B01,2,80,0,2,1,1,3,0.0
202300022973,155 639 858,B01,0,7,0,2,3,1,0,0.0
202300022973,155 639 860,A01,0,30,0,2,1,1,0,0.0
202300022974,155 639 859,B01,1,7,0,2,3,0,1,0.0
202300022974,155 639 861,A01,2,7,0,2,2,1,1,0.0
202300022975,155 639 857,A01,1,10,0,1,2,5,1,0.0
202300022976,155 639 855,B01,1,7,0,0,3,1,1,0.0
202300022976,155 639 856,A01,3,7,0,0,2,15,1,0.0
202300022977,155 639 853,A01,0,50,0,2,1,0,3,0.0
202300022977,155 639 854,B01,0,7,0,2,2,15,1,0.0
202300022978,155 639 852,A01,2,7,2,0,1,0,1,0.0
202300022979,155 639 851,B01,3,10,0,1,1,15,1,0.0
202300022980,155 639 849,A01,2,7,0,2,3,1,3,0.0
202300022980,155 639 850,B01,1,7,0,2,3,1,0,0.0
202300022981,155 639 847,B01,1,50,12,2,1,1,3,0.0
202300022981,155 639 848,A01,1,7,1,2,2,14,1,0.0
202300022982,155 639 842,A01,3,7,0,2,3,10,1,0.0
202300022982,155 639 844,B01,3,33,0,2,1,3,1,0.0
202300022983,155 639 843,A01,2,7,0,2,3,13,1,0.0
202300022983,155 639 845,B01,1,7,0,2,3,1,1,0.0
202300022983,155 639 846,C01,1,7,0,2,1,1,1,0.0
202300022984,155 639 841,A01,2,10,0,6,3,2,1,0.0
202300022985,155 639 839,A01,2,32,0,0,0,1,1,0.0
202300022985,155 639 840,B01,1,7,0,0,2,1,0,0.0
202300022986,155 639 837,A01,1,7,0,2,1,13,1,0.0
202300022986,155 639 838,B01,2,7,0,2,1,1,1,0.0
202300022987,155 639 835,B01,2,1,0,2,7,18,5,0.0
202300022987,155 639 836,A01,2,7,0,0,7,22,2,0.0
202300022988,155 639 832,A01,1,7,0,2,0,0,0,0.0
202300022988,155 639 834,B01,2,31,0,2,0,0,1,0.0
202300022989,155 639 831,A01,2,7,0,2,3,1,1,0.0
202300022989,155 639 833,B01,1,7,0,2,1,1,1,0.0
202300022990,155 639 829,A01,0,7,0,2,2,0,0,0.0
202300022990,155 639 830,B01,0,30,0,2,0,1,0,0.0
202300022991,155 639 828,A01,0,80,12,0,1,13,3,0.0
202300022992,155 639 826,B01,1,33,8,2,1,1,0,0.0
202300022992,155 639 827,A01,1,33,8,2,4,2,0,0.0
202300022993,155 639 825,A01,3,10,0,1,1,0,1,0.0
202300022994,155 639 822,B01,1,10,0,2,1,1,1,0.0
202300022994,155 639 824,A01,2,7,0,2,1,1,1,0.0
202300022995,155 639 821,A01,3,7,0,2,2,1,1,0.0
202300022995,155 639 823,B01,3,7,0,2,3,1,0,0.0
202300022996,155 639 820,A01,1,33,2,0,7,1,1,0.0
202300022997,155 639 819,A01,1,7,0,1,1,1,1,0.0
202300022998,155 639 818,A01,2,7,15,0,9,14,1,0.0
202300022999,155 639 816,A01,1,31,0,9,7,17,3,0.0
202300022999,155 639 817,B01,1,99,0,2,8,13,0,0.0
202300023000,155 639 814,A01,2,7,0,5,2,2,1,0.0
202300023001,155 639 812,A01,1,2,0,2,6,21,1,0.0
202300023001,155 639 813,B01,1,7,0,2,2,1,1,0.0
202300023001,155 639 815,C01,1,7,0,0,0,9,2,0.0
202300023002,155 639 808,A01,1,32,0,1,1,1,1,0.0
202300023003,155 639 809,A01,1,7,6,2,3,5,1,0.0
202300023003,155 639 810,B01,2,7,6,2,3,2,1,0.0
202300023003,155 639 811,C01,2,7,6,2,3,2,1,0.0
202300023004,155 639 807,A01,1,7,15,0,9,1,0,0.0
202300023005,155 639 806,A01,3,7,0,1,1,26,1,0.0
202300023006,155 639 805,A01,1,1,0,5,8,1,5,0.0
202300023007,155 639 802,A01,1,10,0,2,1,2,1,0.0
202300023007,155 639 803,B01,1,7,0,2,4,23,1,0.0
202300023007,155 639 804,C01,1,7,0,2,4,23,1,0.0
202300023008,155 639 801,A01,2,33,6,0,1,1,1,0.0
202300023009,155 639 798,A01,1,33,0,2,1,1,1,0.0
202300023009,155 639 800,B01,3,10,0,2,1,1,2,0.0
202300023010,155 639 797,A01,2,7,0,2,3,15,1,0.0
202300023010,155 639 799,B01,1,33,0,2,1,17,1,0.0
202300023011,155 639 794,A01,1,2,12,0,2,1,3,0.0
202300023012,155 639 793,B01,3,42,0,2,1,0,0,0.0
202300023012,155 639 795,C01,3,7,0,2,8,0,0,0.0
202300023012,155 639 796,A01,3,7,0,2,2,10,0,0.0
202300023013,155 639 792,A01,2,7,0,1,3,1,1,0.0
202300023014,155 639 790,A01,1,33,0,2,1,3,1,0.0
202300023014,155 639 791,B01,1,7,0,2,5,12,1,0.0
202300023015,155 639 787,A01,3,7,2,0,1,1,1,0.0
202300023016,155 639 788,A01,2,7,0,2,5,0,1,0.0
202300023016,155 639 789,B01,2,7,4,2,3,1,1,0.0
202300023017,155 639 784,A01,0,7,0,2,3,1,1,0.0
202300023017,155 639 786,B01,0,7,1,2,1,5,1,0.0
202300023018,155 639 783,A01,2,7,0,2,2,2,0,0.0
202300023018,155 639 785,B01,2,7,0,0,6,1,0,0.0
202300023019,155 639 782,A01,3,15,13,0,7,14,1,0.0
202300023020,155 639 779,A01,1,7,0,9,1,2,1,0.0
202300023020,155 639 781,B01,1,10,0,0,4,2,1,0.0
202300023021,155 639 778,A01,3,7,0,9,7,1,1,0.0
202300023021,155 639 780,B01,3,80,0,2,1,19,3,0.0
202300023022,155 639 775,A01,3,7,0,2,3,13,1,0.0
202300023022,155 639 776,B01,3,33,0,2,7,1,1,0.0
202300023023,155 639 773,A01,1,7,0,0,4,9,1,0.0
202300023023,155 639 774,B01,1,7,0,2,1,9,1,0.0
202300023023,155 639 777,C01,1,7,14,2,1,9,1,0.0
202300023024,155 639 771,B01,1,7,0,2,6,1,1,0.0
202300023024,155 639 772,A01,1,7,0,2,2,14,1,0.0
202300023025,155 639 769,A01,2,33,0,2,1,1,1,0.0
202300023025,155 639 770,B01,2,7,0,2,4,1,1,0.0
202300023026,155 639 768,A01,3,17,15,0,7,15,1,0.0
202300023027,155 639 764,B01,2,7,0,2,3,1,1,0.0
202300023027,155 639 767,A01,3,1,0,2,5,15,5,0.0
202300023028,155 639 761,A01,1,7,0,2,3,9,0,0.0
202300023028,155 639 762,B01,1,33,0,0,5,1,0,0.0
202300023029,155 639 760,A01,2,33,14,0,1,0,1,0.0
202300023030,155 639 757,A01,2,7,0,0,2,1,1,0.0
202300023031,155 639 758,A01,3,7,6,1,2,2,1,0.0
202300023032,155 639 752,A01,2,7,0,0,9,1,1,0.0
202300023033,155 639 751,B01,1,7,0,2,1,12,1,0.0
202300023033,155 639 755,A01,2,13,0,0,4,1,1,0.0
202300023034,155 639 749,A01,2,10,0,0,1,1,1,0.0
202300023035,155 639 748,A01,2,37,0,9,2,1,1,1.0
202300023035,155 639 750,B01,1,1,0,2,3,26,5,0.0
202300023036,155 639 747,A01,2,7,8,0,1,1,1,0.0
202300023037,155 639 743,B01,1,7,13,2,3,1,1,0.0
202300023037,155 639 744,C01,1,7,0,2,1,1,1,0.0
202300023037,155 639 745,D01,1,7,0,2,2,1,3,0.0
202300023037,155 639 746,A01,1,15,3,2,3,1,1,0.0
202300023038,155 639 742,A01,1,7,6,0,1,1,1,0.0
202300023039,155 639 741,A01,1,7,0,1,1,1,1,0.0
202300023040,155 639 738,C01,1,7,3,2,1,1,1,0.0
202300023040,155 639 739,A01,1,7,0,2,4,23,1,0.0
202300023040,155 639 740,B01,1,7,0,2,4,23,1,0.0
202300023041,155 639 734,B01,1,14,0,2,5,15,1,0.0
202300023041,155 639 736,A01,1,33,0,2,1,2,1,0.0
202300023042,155 639 735,A01,1,15,12,2,6,1,1,0.0
202300023042,155 639 737,B01,2,7,0,2,3,1,1,0.0
202300023043,155 639 732,A01,1,7,0,2,3,1,1,0.0
202300023043,155 639 733,B01,2,7,0,2,1,13,1,0.0
202300023044,155 639 729,A01,2,31,0,2,1,1,1,0.0
202300023044,155 639 731,B01,2,10,0,2,4,1,1,0.0
202300023045,155 639 728,A01,1,7,0,0,1,23,1,0.0
202300023045,155 639 730,B01,2,7,0,0,2,1,1,0.0
202300023046,155 639 727,A01,2,1,0,0,0,1,5,0.0
202300023047,155 639 724,A01,3,10,-1,1,3,23,1,0.0
202300023048,155 639 725,A01,1,7,0,2,3,15,1,0.0
202300023048,155 639 726,B01,2,43,0,2,3,1,1,0.0
202300023049,155 639 723,A01,1,7,13,0,1,1,1,0.0
202300023050,155 639 722,A01,1,7,2,0,1,21,1,0.0
202300023051,155 639 719,A01,1,7,0,9,1,2,1,0.0
202300023051,155 639 721,B01,1,1,0,0,4,2,5,0.0
202300023052,155 639 718,B01,1,1,0,2,1,1,5,0.0
202300023052,155 639 720,A01,1,7,0,2,2,16,1,0.0
202300023053,155 639 716,A01,1,7,0,2,2,1,1,0.0
202300023053,155 639 717,B01,1,3,0,0,6,2,1,0.0
202300023054,155 639 715,A01,1,7,0,1,3,1,1,0.0
202300023055,155 639 714,A01,2,33,0,0,0,1,1,0.0
202300023056,155 639 713,A01,3,33,0,6,1,0,1,0.0
202300023057,155 639 709,B01,1,7,0,2,4,1,1,0.0
202300023057,155 639 711,A01,1,7,0,0,0,1,1,0.0
202300023057,155 639 712,C01,1,10,0,2,1,1,1,0.0
202300023058,155 639 708,A01,1,33,0,2,2,1,1,0.0
202300023058,155 639 710,B01,0,7,0,2,2,15,1,0.0
202300023059,155 639 706,A01,2,1,0,0,0,1,5,0.0
202300023060,155 639 705,A01,2,1,0,2,1,2,5,0.0
202300023061,155 639 704,A01,1,7,1,0,3,1,1,0.0
202300023062,155 639 702,A01,2,10,0,2,3,1,1,0.0
202300023062,155 639 703,B01,1,7,10,2,3,1,1,0.0
202300023063,155 639 698,A01,3,1,0,2,1,5,5,0.0
202300023063,155 639 700,B01,3,7,0,2,3,1,1,0.0
202300023064,155 639 699,A01,1,7,0,2,6,1,1,0.0
202300023064,155 639 701,B01,1,33,0,2,1,1,1,0.0
202300023065,155 639 697,A01,2,33,0,1,2,1,1,0.0
202300023066,155 639 695,A01,1,7,0,2,2,1,1,0.0
202300023066,155 639 696,B01,1,7,4,2,6,1,1,0.0
202300023067,155 639 694,A01,3,7,13,0,1,1,1,0.0
202300023068,155 639 692,B01,-1,-1,-1,-1,-1,-1,-1,0.0
202300023068,155 639 693,A01,2,33,0,0,7,16,1,0.0
202300023069,155 639 689,A01,1,7,15,0,1,0,0,0.0
202300023070,155 639 685,A01,2,7,0,2,3,1,0,0.0
202300023070,155 639 686,B01,1,7,0,2,3,1,0,0.0
202300023071,155 639 687,B01,2,13,0,2,1,1,1,0.0
202300023071,155 639 688,D01,1,7,0,2,1,1,1,0.0
202300023071,155 639 690,C01,2,13,0,2,1,1,1,0.0
202300023071,155 639 691,A01,2,15,0,2,1,1,1,0.0
202300023072,155 639 681,A01,2,7,0,2,8,13,1,0.0
202300023072,155 639 683,B01,1,33,0,2,8,1,1,0.0
202300023073,155 639 682,B01,1,7,0,2,4,2,1,0.0
202300023073,155 639 684,A01,1,43,0,2,1,3,1,0.0
202300023074,155 639 678,A01,1,7,0,2,1,13,1,0.0
202300023074,155 639 679,B01,2,2,0,2,1,0,1,0.0
202300023074,155 639 680,C01,2,2,0,2,1,0,1,0.0
202300023075,155 639 677,A01,2,7,4,0,1,2,1,0.0
202300023076,155 639 676,A01,1,3,8,0,2,1,1,0.0
202300023077,155 639 675,A01,2,7,13,0,3,13,1,0.0
202300023078,155 639 673,A01,1,7,4,2,2,12,1,0.0
202300023078,155 639 674,B01,1,33,4,2,8,1,1,0.0
202300023079,155 639 671,A01,1,7,0,0,3,0,1,0.0
202300023079,155 639 672,B01,2,16,0,2,3,1,1,0.0
202300023080,155 639 668,A01,2,7,0,2,1,1,1,0.0
202300023080,155 639 669,B01,3,1,0,0,8,19,5,0.0
202300023081,155 639 666,A01,2,10,0,2,5,1,1,0.0
202300023081,155 639 667,B01,2,7,0,2,0,11,1,0.0
202300023081,155 639 670,C01,2,33,0,2,8,3,1,0.0
202300023082,155 639 665,A01,2,50,0,0,0,1,3,0.0
202300023083,155 639 664,A01,2,7,0,0,0,14,1,0.0
202300023084,155 639 662,A01,2,7,0,2,8,11,2,0.0
202300023084,155 639 663,B01,2,7,3,2,2,17,1,0.0
202300023085,155 639 661,A01,1,7,2,0,0,2,1,0.0
202300023086,155 639 659,B01,1,7,0,0,8,0,1,0.0
202300023086,155 639 660,A01,1,43,0,2,2,2,1,0.0
202300023087,155 639 656,A01,1,33,0,2,1,1,1,0.0
202300023087,155 639 657,B01,1,14,0,0,5,1,1,0.0
202300023088,155 639 658,A01,2,33,0,0,1,2,0,0.0
202300023089,155 639 654,A01,1,7,0,2,3,13,1,0.0
202300023089,155 639 655,B01,2,15,0,2,3,1,1,0.0
202300023090,155 639 652,B01,2,7,0,2,4,2,1,0.0
202300023090,155 639 653,A01,2,7,0,2,1,2,2,0.0
202300023091,155 639 647,C01,2,10,0,2,4,2,1,0.0
202300023091,155 639 648,D01,2,7,0,2,5,15,1,0.0
202300023091,155 639 649,E01,1,14,0,2,1,1,1,0.0
202300023091,155 639 650,A01,2,10,0,2,3,2,1,0.0
202300023091,155 639 651,B01,2,7,3,2,5,2,1,0.0
202300023092,155 639 644,A01,1,7,4,0,1,1,1,0.0
202300023093,155 639 643,B01,1,10,0,2,1,0,1,0.0
202300023093,155 639 645,C01,1,14,0,2,4,0,1,0.0
202300023093,155 639 646,A01,1,17,0,2,1,0,1,0.0
202300023094,155 639 641,A01,1,7,1,0,1,1,1,0.0
202300023094,155 639 642,B01,1,7,0,0,5,23,1,0.0
202300023095,155 639 640,A01,1,7,13,0,2,1,1,0.0
202300023096,155 639 637,A01,1,7,0,2,1,5,1,0.0
202300023096,155 639 638,B01,2,33,0,2,1,1,1,0.0
202300023097,155 639 636,B01,3,7,0,2,0,0,0,0.0
202300023097,155 639 639,A01,3,30,0,2,3,0,1,0.0
202300023098,155 639 635,A01,1,99,8,0,1,0,3,0.0
202300023099,155 639 634,A01,1,7,0,1,1,17,2,0.0
202300023100,155 639 632,A01,3,7,0,2,1,1,1,0.0
202300023100,155 639 633,B01,3,30,0,2,7,1,1,0.0
202300023101,155 639 631,A01,1,34,0,2,0,17,1,0.0
202300023102,155 639 629,A01,1,33,0,2,1,0,1,0.0
202300023102,155 639 630,B01,1,7,0,2,4,26,1,0.0
202300023103,155 639 627,A01,2,7,0,2,3,15,1,0.0
202300023103,155 639 628,B01,2,34,0,2,7,0,1,0.0
202300023104,155 639 626,A01,1,7,0,1,4,26,1,0.0
202300023105,155 639 624,A01,3,7,0,2,1,1,1,0.0
202300023105,155 639 625,B01,3,7,0,2,1,1,1,0.0
202300023106,155 639 623,A01,0,37,0,1,5,26,0,1.0
202300023107,155 639 622,A01,1,7,0,1,1,15,1,0.0
202300023108,155 639 620,A01,1,7,0,2,2,14,1,0.0
202300023108,155 639 621,B01,1,37,0,2,3,1,1,2.0
202300023109,155 639 618,A01,3,7,0,2,1,5,1,0.0
202300023109,155 639 619,B01,3,7,0,2,1,1,1,0.0
202300023110,155 639 617,A01,3,10,0,1,1,1,0,0.0
202300023111,155 639 616,A01,1,7,0,1,3,26,1,0.0
202300023112,155 639 615,A01,2,35,1,0,1,21,-1,0.0
202300023113,155 639 613,A01,1,7,0,2,7,17,1,0.0
202300023113,155 639 614,B01,1,7,0,2,3,2,1,0.0
202300023114,155 639 612,A01,1,10,0,1,2,1,1,0.0
202300023115,155 639 611,A01,1,33,1,1,0,1,0,0.0
202300023116,155 639 609,A01,3,7,0,2,5,1,1,0.0
202300023116,155 639 610,B01,3,10,0,0,1,1,1,0.0
202300023117,155 639 607,A01,2,7,0,2,1,19,3,0.0
202300023117,155 639 608,B01,1,7,0,2,3,1,1,0.0
202300023118,155 639 606,A01,0,7,0,1,2,1,1,0.0
202300023119,155 639 605,A01,2,7,0,1,1,1,0,0.0
202300023120,155 639 597,A01,3,7,4,0,7,1,3,0.0
202300023120,155 639 598,B01,3,7,4,2,1,1,1,0.0
202300023121,155 639 595,B01,1,99,0,2,4,1,3,0.0
202300023121,155 639 596,Z01,1,7,0,2,0,0,0,0.0
202300023122,155 639 594,A01,2,37,0,1,1,1,0,1.0
202300023123,155 639 593,A01,1,7,0,1,1,1,3,0.0
202300023124,155 639 591,A01,2,2,0,2,1,1,1,0.0
202300023124,155 639 592,B01,2,7,0,2,8,15,1,0.0
202300023125,155 639 590,A01,1,7,4,0,2,14,1,0.0
202300023126,155 639 588,B01,3,7,0,0,0,0,1,0.0
202300023126,155 639 589,A01,3,7,0,2,2,15,1,0.0
202300023127,155 639 587,A01,0,50,0,0,0,1,3,0.0
202300023128,155 639 585,B01,2,7,0,2,8,1,1,0.0
202300023128,155 639 586,A01,2,14,0,2,2,11,1,0.0
202300023129,155 639 583,A01,3,7,0,2,3,1,1,0.0
202300023129,155 639 584,B01,3,7,0,2,3,15,1,0.0
202300023130,155 639 582,A01,1,33,13,0,0,1,1,0.0
202300023131,155 639 581,A01,3,7,15,0,1,13,1,0.0
202300023132,155 639 580,A01,3,7,0,0,0,1,1,0.0
202300023133,155 639 578,A01,1,31,0,0,8,0,1,0.0
202300023134,155 639 577,A01,3,7,0,2,1,1,1,0.0
202300023134,155 639 579,B01,-1,7,-1,-1,-1,-1,-1,0.0
202300023135,155 639 576,A01,2,7,0,0,9,26,1,0.0
202300023136,155 639 573,A01,1,33,0,1,1,1,1,0.0
202300023137,155 639 574,A01,3,7,0,2,2,15,1,0.0
202300023137,155 639 575,B01,3,2,0,2,1,1,1,0.0
202300023138,155 639 570,B01,1,10,0,2,3,15,0,0.0
202300023138,155 639 572,A01,1,33,0,2,0,17,1,0.0
202300023139,155 639 568,A01,1,33,6,0,1,1,1,0.0
202300023140,155 639 569,A01,1,7,1,2,1,17,1,0.0
202300023140,155 639 571,B01,1,7,1,2,3,15,1,0.0
202300023141,155 639 566,A01,3,7,0,1,1,1,1,0.0
202300023142,155 639 563,B01,0,7,0,0,4,23,1,0.0
202300023142,155 639 565,A01,0,50,0,2,1,1,3,0.0
202300023143,155 639 564,B01,3,7,1,0,4,2,1,0.0
202300023143,155 639 567,A01,3,7,8,2,1,2,1,0.0
202300023144,155 639 559,B01,3,3,0,2,3,15,1,0.0
202300023144,155 639 562,A01,2,33,0,2,1,17,1,0.0
202300023145,155 639 560,A01,2,7,0,2,2,2,1,0.0
202300023145,155 639 561,B01,2,7,0,2,6,2,1,0.0
202300023146,155 639 556,B01,2,30,0,2,1,1,0,0.0
202300023146,155 639 558,A01,1,7,0,2,7,15,0,0.0
202300023147,155 639 555,A01,1,7,0,2,1,26,1,0.0
202300023147,155 639 557,B01,2,7,0,2,5,0,1,0.0
202300023148,155 639 554,A01,1,7,13,0,9,14,1,0.0
202300023149,155 639 552,B01,3,32,0,2,3,15,1,0.0
202300023149,155 639 553,A01,3,7,0,2,3,16,1,0.0
202300023150,155 639 548,B01,2,7,0,2,6,2,1,0.0
202300023150,155 639 550,A01,2,31,0,2,1,3,1,0.0
202300023151,155 639 549,B01,2,33,0,2,3,16,1,0.0
202300023151,155 639 551,A01,2,7,0,2,2,1,1,0.0
202300023152,155 639 544,A01,1,10,0,2,1,1,1,0.0
202300023152,155 639 546,B01,1,7,0,2,4,1,1,0.0
202300023153,155 639 545,A01,2,7,0,2,1,2,1,0.0
202300023153,155 639 547,B01,2,7,0,2,4,2,1,0.0
202300023154,155 639 541,B01,1,2,0,2,7,1,1,0.0
202300023154,155 639 543,A01,1,7,0,2,1,15,1,0.0
202300023155,155 639 540,A01,2,7,0,2,3,2,1,0.0
202300023155,155 639 542,B01,2,33,0,2,2,3,1,0.0
202300023156,155 639 536,B01,1,7,0,2,4,1,1,0.0
202300023156,155 639 538,A01,1,31,0,2,1,1,1,0.0
202300023157,155 639 535,A01,1,7,0,2,1,1,1,0.0
202300023157,155 639 537,B01,1,7,0,2,4,2,1,0.0
202300023157,155 639 539,C01,1,7,0,0,0,0,1,0.0
202300023158,155 639 533,B01,2,7,0,2,3,1,2,0.0
202300023158,155 639 534,A01,1,50,0,2,1,13,3,0.0
202300023159,155 639 531,A01,1,34,0,2,3,3,1,0.0
202300023159,155 639 532,B01,1,7,0,2,5,15,1,0.0
202300023160,155 639 528,B01,3,1,0,0,0,1,5,0.0
202300023160,155 639 530,A01,3,7,8,0,0,15,1,0.0
202300023161,155 639 526,A01,2,7,4,2,9,11,1,0.0
202300023161,155 639 527,C01,2,7,0,2,1,1,1,0.0
202300023161,155 639 529,B01,2,14,0,2,2,1,0,0.0
202300023162,155 639 525,A01,3,1,0,1,1,1,5,0.0
202300023163,155 639 519,A01,1,7,3,2,2,3,1,0.0
202300023163,155 639 521,B01,1,7,0,2,8,1,1,0.0
202300023163,155 639 523,C01,1,7,3,2,7,1,1,0.0
202300023163,155 639 524,D01,2,7,5,0,1,1,1,0.0
202300023164,155 639 520,A01,3,7,0,2,2,16,2,0.0
202300023164,155 639 522,B01,3,50,0,2,1,1,3,0.0
202300023165,155 639 518,A01,2,10,3,0,1,1,1,0.0
202300023166,155 639 517,A01,3,34,0,1,1,15,1,0.0
202300023167,155 639 515,A01,2,33,0,2,1,3,1,0.0
202300023167,155 639 516,B01,2,33,0,2,4,1,1,0.0
202300023168,155 639 514,A01,2,80,0,0,1,1,3,0.0
202300023169,155 639 513,A01,2,33,0,0,1,1,1,0.0
202300023170,155 639 511,A01,0,50,0,2,2,5,3,0.0
202300023170,155 639 512,B01,0,7,0,9,1,1,1,0.0
202300023171,155 639 509,A01,1,30,0,2,1,13,1,0.0
202300023171,155 639 510,B01,0,33,1,2,1,1,1,0.0
202300023172,155 639 507,A01,2,7,0,9,2,2,1,0.0
202300023172,155 639 508,B01,2,1,0,2,4,15,5,0.0
202300023173,155 639 504,A01,1,10,1,0,4,4,1,0.0
202300023173,155 639 506,B01,1,43,1,0,7,24,1,0.0
202300023174,155 639 503,A01,1,7,13,2,3,13,1,0.0
202300023174,155 639 505,B01,2,7,0,2,3,1,1,0.0
202300023175,155 639 501,A01,2,30,0,2,1,2,1,0.0
202300023175,155 639 502,B01,2,30,0,2,6,15,1,0.0
202300023176,155 639 499,A01,1,7,0,2,3,15,1,0.0
202300023176,155 639 500,B01,2,34,0,2,1,21,1,0.0
202300023177,155 639 496,A01,1,7,0,2,1,10,1,0.0
202300023177,155 639 497,B01,1,33,0,2,8,2,1,0.0
202300023178,155 639 494,B01,2,33,0,2,1,2,1,0.0
202300023178,155 639 495,A01,1,2,14,2,1,19,1,0.0
202300023178,155 639 498,C01,2,7,0,0,6,23,1,0.0
202300023179,155 639 490,A01,0,30,0,2,3,9,1,0.0
202300023179,155 639 492,B01,0,7,0,2,2,23,1,0.0
202300023180,155 639 491,A01,1,13,0,2,2,12,1,0.0
202300023180,155 639 493,B01,1,7,0,2,3,16,1,0.0
202300023181,155 639 489,A01,2,7,4,0,2,14,1,0.0
202300023182,155 639 486,B01,1,7,0,2,6,10,1,0.0
202300023182,155 639 487,A01,1,33,0,2,1,1,1,0.0
202300023183,155 639 485,B01,1,7,0,2,3,2,2,0.0
202300023183,155 639 488,A01,1,2,0,2,3,7,3,0.0
202300023184,155 639 484,A01,1,7,1,0,2,14,1,0.0
202300023185,155 639 481,A01,2,30,0,2,1,1,1,0.0
202300023185,155 639 483,B01,1,7,0,2,1,15,1,0.0
202300023186,155 639 480,A01,3,7,0,2,0,0,0,0.0
202300023186,155 639 482,B01,3,7,0,2,0,0,1,0.0
202300023187,155 639 476,A01,1,7,1,2,2,1,1,0.0
202300023187,155 639 478,B01,1,10,1,2,3,0,1,0.0
202300023188,155 639 477,A01,0,50,0,2,1,5,3,0.0
202300023188,155 639 479,B01,0,7,0,2,7,2,1,0.0
202300023189,155 639 474,A01,1,7,13,0,1,14,0,0.0
202300023190,155 639 472,A01,1,7,0,2,1,1,1,0.0
202300023190,155 639 475,B01,2,7,6,2,6,1,1,0.0