num_acc,id_vehicule,num_veh,senc,catv,obs,obsm,choc,manv,motor,occutc
202300023445,155 639 021,A01,3,7,0,0,1,10,1,0.0
202300023446,155 639 019,B01,3,7,0,2,1,15,1,0.0
202300023446,155 639 020,A01,3,1,0,2,1,5,5,0.0
202300023447,155 639 017,A01,1,7,0,2,1,1,1,0.0
202300023447,155 639 018,B01,2,50,0,2,1,5,3,0.0
202300023448,155 639 015,A01,1,7,0,2,5,16,1,0.0
202300023448,155 639 016,B01,1,2,0,2,1,1,1,0.0
202300023449,155 639 013,A01,1,33,9,2,7,17,1,0.0
202300023449,155 639 014,B01,1,7,0,2,8,15,1,0.0
202300023450,155 639 011,A01,1,1,0,2,4,1,5,0.0
202300023450,155 639 012,B01,1,7,0,9,1,1,1,0.0
202300023451,155 639 010,A01,2,7,0,1,3,1,1,0.0
202300023452,155 639 008,A01,1,31,0,2,1,2,1,0.0
202300023452,155 639 009,B01,1,7,0,2,6,2,1,0.0
202300023453,155 639 006,A01,1,7,0,2,7,10,1,0.0
202300023453,155 639 007,B01,1,31,0,2,1,18,1,0.0
202300023454,155 639 004,A01,1,33,0,2,1,7,1,0.0
202300023454,155 639 005,B01,1,7,0,2,2,16,1,0.0
202300023455,155 639 002,A01,1,33,0,2,1,13,1,0.0
202300023455,155 639 003,B01,2,7,0,2,3,1,1,0.0
202300023456,155 639 000,A01,2,7,0,2,1,9,1,0.0
202300023456,155 639 001,B01,2,33,0,2,5,15,1,0.0
202300023457,155 638 998,A01,1,7,0,2,8,9,1,0.0
202300023457,155 638 999,B01,1,7,0,2,1,1,1,0.0
202300023458,155 638 996,A01,1,7,12,0,1,16,1,0.0
202300023458,155 638 997,B01,1,60,12,0,1,25,5,0.0
202300023459,155 638 994,A01,1,33,0,2,1,7,1,0.0
202300023459,155 638 995,B01,1,7,0,2,5,16,1,0.0
202300023460,155 638 992,A01,3,10,0,2,1,15,1,0.0
202300023460,155 638 993,B01,3,2,0,2,2,1,1,0.0
202300023461,155 638 991,A01,0,7,0,1,3,1,1,0.0
202300023462,155 638 990,A01,3,0,0,1,1,1,0,0.0
202300023463,155 638 988,A01,2,10,0,2,6,17,1,0.0
202300023463,155 638 989,B01,2,34,0,2,2,17,1,0.0
202300023464,155 638 987,A01,1,2,0,0,0,0,1,0.0
202300023465,155 638 985,B01,3,7,0,2,1,1,1,0.0
202300023465,155 638 986,A01,3,1,0,2,6,19,5,0.0
202300023466,155 638 984,A01,0,7,0,1,0,1,1,0.0
202300023467,155 638 982,A01,3,7,0,2,2,15,2,0.0
202300023467,155 638 983,B01,3,33,0,2,1,1,1,0.0
202300023468,155 638 980,B01,1,2,0,2,1,1,1,0.0
202300023468,155 638 981,A01,2,7,0,2,3,15,2,0.0
202300023469,155 638 977,A01,2,7,0,2,7,12,1,0.0
202300023469,155 638 978,B01,2,31,0,2,1,3,1,0.0
202300023470,155 638 975,A01,1,1,0,2,1,1,5,0.0
202300023470,155 638 976,B01,1,7,0,2,3,0,1,0.0
202300023471,155 638 974,A01,1,37,0,1,2,16,6,1.0
202300023472,155 638 972,B01,3,7,0,2,8,0,0,0.0
202300023472,155 638 973,A01,3,7,8,2,8,26,0,0.0
202300023473,155 638 970,A01,1,1,0,2,1,19,5,0.0
202300023473,155 638 971,B01,1,10,0,2,5,16,1,0.0
202300023474,155 638 968,A01,3,7,0,2,5,15,1,0.0
202300023474,155 638 969,B01,3,33,0,2,1,1,1,0.0
202300023475,155 638 966,A01,3,7,0,2,8,22,1,0.0
202300023475,155 638 967,B01,3,50,0,2,1,1,3,0.0
202300023476,155 638 962,D01,1,10,0,2,8,1,3,0.0
202300023476,155 638 963,C01,2,10,0,2,2,1,3,0.0
202300023476,155 638 964,A01,2,7,0,2,1,5,1,0.0
202300023476,155 638 965,B01,1,7,0,2,1,1,1,0.0
202300023477,155 638 960,B01,1,7,0,2,3,1,1,0.0
202300023477,155 638 961,A01,1,50,0,2,1,26,3,0.0
202300023478,155 638 958,A01,2,7,1,0,3,13,1,0.0
202300023478,155 638 959,B01,2,7,1,2,5,24,1,0.0
202300023479,155 638 956,B01,1,33,0,2,8,1,1,0.0
202300023479,155 638 957,A01,2,7,0,2,8,15,1,0.0
202300023480,155 638 954,A01,1,7,0,2,4,4,1,0.0
202300023480,155 638 955,B01,1,7,0,2,1,23,0,0.0
202300023481,155 638 952,A01,2,80,16,0,0,1,3,0.0
202300023482,155 638 951,A01,3,7,0,2,2,26,1,0.0
202300023482,155 638 953,B01,1,1,0,2,1,1,5,0.0
202300023483,155 638 949,A01,2,33,0,2,7,17,1,0.0
202300023483,155 638 950,B01,2,7,0,2,8,15,1,0.0
202300023484,155 638 947,A01,2,7,0,2,2,10,1,0.0
202300023484,155 638 948,B01,2,33,1,2,1,1,1,0.0
202300023485,155 638 945,A01,2,30,0,2,8,13,1,0.0
202300023485,155 638 946,B01,2,33,0,2,7,17,1,0.0
202300023486,155 638 943,B01,2,10,0,2,8,15,1,0.0
202300023486,155 638 944,A01,2,32,0,2,7,13,1,0.0
202300023487,155 638 942,A01,3,7,1,0,0,9,1,0.0
202300023488,155 638 941,A01,2,10,0,1,1,5,1,0.0
202300023489,155 638 940,A01,1,3,0,1,2,9,1,0.0
202300023490,155 638 936,A01,3,7,0,2,1,0,1,0.0
202300023490,155 638 939,B01,3,2,0,2,3,16,1,0.0
202300023491,155 638 935,A01,3,33,0,2,3,17,1,0.0
202300023491,155 638 937,C01,1,7,0,2,6,23,1,0.0
202300023491,155 638 938,B01,1,7,0,2,3,15,1,0.0
202300023492,155 638 932,B01,2,32,0,2,1,17,0,0.0
202300023492,155 638 934,A01,2,7,0,2,3,15,0,0.0
202300023493,155 638 931,A01,2,7,0,2,2,2,1,0.0
202300023493,155 638 933,B01,2,7,13,0,6,2,0,0.0
202300023494,155 638 929,A01,1,7,0,2,4,2,1,0.0
202300023494,155 638 930,B01,1,10,0,2,1,1,1,0.0
202300023495,155 638 927,A01,1,7,0,1,0,19,0,0.0
202300023496,155 638 926,A01,3,7,0,1,1,1,1,0.0
202300023497,155 638 925,A01,2,7,0,1,1,1,1,0.0
202300023498,155 638 923,A01,1,33,0,1,3,3,1,0.0
202300023499,155 638 922,A01,2,0,0,2,5,17,0,0.0
202300023499,155 638 924,B01,2,1,0,2,1,1,5,0.0
202300023500,155 638 921,A01,1,7,13,0,1,1,1,0.0
202300023501,155 638 919,A01,3,7,0,2,8,10,1,0.0
202300023501,155 638 920,B01,3,2,0,2,1,1,1,0.0
202300023502,155 638 916,A01,1,7,0,2,3,15,3,0.0
202300023502,155 638 918,B01,2,10,0,2,2,21,1,0.0
202300023503,155 638 915,B01,1,33,0,2,8,1,1,0.0
202300023503,155 638 917,A01,2,7,0,2,2,15,1,0.0
202300023504,155 638 912,B01,2,7,0,2,3,13,1,0.0
202300023504,155 638 914,A01,1,15,0,2,3,1,1,0.0
202300023505,155 638 911,A01,3,1,0,2,1,25,5,0.0
202300023505,155 638 913,B01,3,15,0,1,6,1,1,0.0
202300023506,155 638 910,A01,3,7,15,0,1,10,1,0.0
202300023507,155 638 908,B01,3,7,0,2,8,1,0,0.0
202300023507,155 638 909,A01,3,99,0,2,2,1,1,0.0
202300023508,155 638 906,A01,1,7,0,2,5,15,1,0.0
202300023508,155 638 907,B01,2,33,0,2,1,1,1,0.0
202300023509,155 638 904,A01,1,7,0,2,8,24,2,0.0
202300023509,155 638 905,B01,1,1,1,0,2,1,5,0.0
202300023510,155 638 901,A01,1,10,4,2,8,13,1,0.0
202300023510,155 638 903,B01,1,7,4,2,7,17,1,0.0
202300023511,155 638 900,A01,1,7,0,9,3,1,1,0.0
202300023511,155 638 902,B01,1,50,0,2,2,19,3,0.0
202300023512,155 638 897,A01,1,7,0,0,1,15,1,0.0
202300023513,155 638 896,A01,2,10,0,2,2,12,1,0.0
202300023513,155 638 898,B01,2,21,0,2,6,1,1,0.0
202300023513,155 638 899,C01,2,7,0,2,1,1,1,0.0
202300023514,155 638 895,A01,3,7,0,1,4,20,1,0.0
202300023515,155 638 894,A01,1,7,0,1,1,1,1,0.0
202300023516,155 638 891,A01,3,7,0,2,8,1,1,0.0
202300023516,155 638 893,B01,3,80,0,0,1,1,3,0.0
202300023517,155 638 890,B01,2,31,0,2,1,17,1,0.0
202300023517,155 638 892,A01,2,7,0,2,3,15,1,0.0
202300023518,155 638 889,A01,0,33,0,0,9,1,1,0.0
202300023519,155 638 888,Z01,3,33,0,1,1,1,1,0.0
202300023520,155 638 885,B01,2,7,0,2,3,1,1,0.0
202300023520,155 638 887,A01,1,10,0,2,1,13,1,0.0
202300023521,155 638 886,A01,1,7,0,1,3,1,1,0.0
202300023522,155 638 883,Z01,2,10,0,2,8,22,1,0.0
202300023522,155 638 884,B01,2,1,1,0,1,1,5,0.0
202300023523,155 638 881,A01,1,7,0,2,1,13,1,0.0
202300023523,155 638 882,B01,2,7,0,2,1,1,2,0.0
202300023524,155 638 878,Z01,3,7,0,2,1,0,1,0.0
202300023524,155 638 880,B01,3,50,0,2,4,1,3,0.0
202300023525,155 638 877,B01,2,7,0,2,3,1,1,0.0
202300023525,155 638 879,A01,2,10,0,2,1,9,1,0.0
202300023526,155 638 874,A01,2,2,13,0,1,1,1,0.0
202300023527,155 638 875,A01,1,7,0,2,1,1,1,0.0
202300023527,155 638 876,B01,0,7,0,2,4,15,1,0.0
202300023528,155 638 873,A01,2,2,0,0,0,2,1,0.0
202300023529,155 638 871,A01,1,2,12,0,2,0,1,0.0
202300023530,155 638 870,A01,2,7,0,2,7,15,1,0.0
202300023530,155 638 872,B01,1,7,0,2,2,1,1,0.0
202300023531,155 638 869,A01,1,15,0,1,1,1,0,0.0
202300023532,155 638 867,A01,2,7,0,2,4,23,1,0.0
202300023532,155 638 868,B01,2,10,0,2,1,2,1,0.0
202300023533,155 638 864,C01,2,7,0,2,1,1,2,0.0
202300023533,155 638 865,A01,2,7,0,2,1,13,1,0.0
202300023533,155 638 866,B01,1,7,0,2,1,1,1,0.0
202300023534,155 638 863,A01,2,7,0,0,9,0,1,0.0
202300023535,155 638 861,B01,2,2,0,2,3,2,0,0.0
202300023535,155 638 862,A01,2,7,0,2,5,2,0,0.0
202300023536,155 638 860,A01,2,30,0,1,1,17,1,0.0
202300023537,155 638 859,A01,0,7,0,1,7,2,1,0.0
202300023538,155 638 856,A01,0,7,1,2,8,24,0,0.0
202300023538,155 638 858,B01,0,50,1,2,1,2,3,0.0
202300023539,155 638 855,A01,2,7,0,2,1,2,1,0.0
202300023539,155 638 857,B01,2,7,0,2,4,15,1,0.0
202300023540,155 638 853,A01,1,33,7,0,2,14,1,0.0
202300023541,155 638 852,A01,3,7,0,2,2,15,1,0.0
202300023541,155 638 854,B01,3,1,0,2,1,13,5,0.0
202300023542,155 638 851,A01,2,7,16,0,9,26,0,0.0
202300023543,155 638 849,A01,2,1,8,0,9,1,5,0.0
202300023544,155 638 848,B01,0,99,0,2,1,1,1,0.0
202300023544,155 638 850,A01,0,7,0,2,8,19,1,0.0
202300023545,155 638 845,A01,1,3,0,2,1,1,1,0.0
202300023545,155 638 846,B01,1,7,0,9,4,21,1,0.0
202300023546,155 638 843,A01,2,33,1,0,3,1,1,0.0
202300023546,155 638 844,B01,1,7,0,2,3,15,1,0.0
202300023547,155 638 842,A01,1,7,0,1,0,0,1,0.0
202300023548,155 638 841,A01,2,15,4,0,3,13,1,0.0
202300023549,155 638 837,A01,2,7,0,0,6,13,1,0.0
202300023549,155 638 839,B01,2,33,0,2,1,17,1,0.0
202300023550,155 638 838,B01,1,99,0,2,1,1,3,0.0
202300023550,155 638 840,A01,2,7,0,2,7,1,1,0.0
202300023551,155 638 836,A01,1,7,0,0,2,1,1,0.0
202300023552,155 638 834,A01,2,31,11,0,0,0,1,0.0
202300023553,155 638 833,A01,1,10,0,2,6,9,1,0.0
202300023553,155 638 835,B01,3,7,0,2,1,1,1,0.0
202300023554,155 638 829,A01,2,7,0,0,1,15,1,0.0
202300023554,155 638 832,B01,1,33,0,0,1,1,1,0.0
202300023555,155 638 830,B01,3,40,0,2,3,1,3,0.0
202300023555,155 638 831,A01,3,1,0,4,2,0,5,0.0
202300023556,155 638 827,A01,2,7,0,2,3,0,1,0.0
202300023556,155 638 828,B01,1,7,0,0,3,1,1,0.0
202300023557,155 638 823,A01,1,7,4,0,3,1,1,0.0
202300023558,155 638 822,A01,3,10,0,1,6,20,1,0.0
202300023559,155 638 820,B01,1,2,0,2,1,2,0,0.0
202300023559,155 638 821,A01,1,10,0,0,6,9,1,0.0
202300023560,155 638 818,B01,1,7,0,2,1,2,1,0.0
202300023560,155 638 819,A01,1,7,0,0,4,23,1,0.0
202300023561,155 638 817,A01,2,33,12,0,8,17,1,0.0
202300023562,155 638 814,B01,2,14,0,0,6,2,1,0.0
202300023562,155 638 815,A01,2,7,0,2,7,17,1,0.0
202300023563,155 638 812,A01,1,33,1,0,1,2,0,0.0
202300023563,155 638 813,B01,1,7,0,2,4,23,0,0.0
202300023564,155 638 810,A01,3,7,0,2,3,26,1,0.0
202300023564,155 638 811,B01,3,31,0,2,1,1,1,0.0
202300023565,155 638 807,B01,2,7,0,0,3,1,1,0.0
202300023565,155 638 808,A01,1,7,0,0,3,13,1,0.0
202300023565,155 638 809,C01,2,10,0,2,3,1,1,0.0
202300023566,155 638 805,A01,1,7,0,2,1,13,1,0.0
202300023566,155 638 806,B01,1,15,0,2,1,1,1,0.0
202300023567,155 638 803,A01,1,7,0,2,1,2,1,0.0
202300023567,155 638 804,B01,1,1,0,2,8,15,5,0.0
202300023568,155 638 802,A01,2,33,6,0,1,1,1,0.0
202300023569,155 638 801,A01,2,7,0,0,1,1,1,0.0
202300023570,155 638 799,A01,2,7,0,2,3,9,1,0.0
202300023570,155 638 800,B01,0,1,0,2,7,1,5,0.0
202300023571,155 638 797,B01,2,7,0,0,3,13,0,0.0
202300023571,155 638 798,A01,1,7,0,0,3,1,0,0.0
202300023572,155 638 795,A01,0,7,12,0,1,1,1,0.0
202300023573,155 638 793,A01,1,7,0,0,4,9,1,0.0
202300023573,155 638 794,B01,1,37,0,2,1,2,1,1.0
202300023574,155 638 792,A01,2,7,10,0,3,1,1,0.0
202300023575,155 638 790,X01,1,10,0,2,5,12,0,0.0
202300023575,155 638 791,A01,1,7,0,2,3,1,1,0.0
202300023576,155 638 789,A01,1,33,0,0,0,2,1,0.0
202300023577,155 638 784,D01,2,7,0,2,4,2,0,0.0
202300023577,155 638 785,E01,2,7,0,2,4,2,1,0.0
202300023577,155 638 786,C01,2,7,0,2,4,2,1,0.0
202300023577,155 638 787,B01,2,7,0,2,4,2,1,0.0
202300023577,155 638 788,A01,2,7,0,2,1,2,1,0.0
202300023578,155 638 782,A01,2,14,0,2,7,12,1,0.0
202300023578,155 638 783,B01,2,7,0,2,6,1,1,0.0
202300023579,155 638 780,B01,1,7,0,2,4,1,1,0.0
202300023579,155 638 781,A01,1,7,0,2,1,2,3,0.0
202300023580,155 638 778,A01,2,7,0,2,3,1,0,0.0
202300023580,155 638 779,B01,1,7,0,2,3,13,0,0.0
202300023581,155 638 776,B01,2,7,0,2,6,2,1,0.0
202300023581,155 638 777,A01,2,17,0,2,2,12,1,0.0
202300023582,155 638 774,A01,2,14,0,2,1,2,1,0.0
202300023582,155 638 775,B01,2,7,0,2,4,2,1,0.0
202300023583,155 638 773,A01,1,33,0,0,0,21,1,0.0
202300023584,155 638 771,A01,2,7,0,2,1,1,1,0.0
202300023584,155 638 772,B01,2,14,0,2,4,1,1,0.0
202300023585,155 638 769,B01,2,33,0,2,7,1,1,0.0
202300023585,155 638 770,A01,2,7,0,2,8,11,1,0.0
202300023586,155 638 767,B01,1,15,0,2,6,23,1,0.0
202300023586,155 638 768,A01,1,32,0,2,7,18,1,0.0
202300023587,155 638 765,A01,2,33,3,2,1,3,1,0.0
202300023587,155 638 766,B01,2,7,3,2,7,12,1,0.0
202300023588,155 638 762,A01,2,7,0,2,1,2,1,0.0
202300023588,155 638 763,B01,2,7,0,2,4,2,2,0.0
202300023588,155 638 764,C01,2,7,0,2,4,2,1,0.0
202300023589,155 638 761,A01,2,31,0,0,7,1,1,0.0
202300023590,155 638 759,A01,2,33,0,2,2,3,1,0.0
202300023590,155 638 760,B01,2,10,0,2,1,2,3,0.0
202300023591,155 638 757,A01,2,33,0,2,2,26,1,0.0
202300023591,155 638 758,B01,2,7,0,2,6,1,0,0.0
202300023592,155 638 754,A01,2,7,0,2,2,14,1,0.0
202300023592,155 638 755,B01,2,15,0,2,8,1,1,0.0
202300023592,155 638 756,C01,2,7,0,2,4,1,1,0.0
202300023593,155 638 752,B01,2,7,0,2,4,11,1,0.0
202300023593,155 638 753,A01,2,33,0,2,1,3,1,0.0
202300023594,155 638 749,A01,1,10,0,2,4,2,1,0.0
202300023594,155 638 750,B01,1,10,0,2,1,2,1,0.0
202300023594,155 638 751,C01,1,7,0,2,1,2,1,0.0
202300023595,155 638 747,A01,1,7,0,0,9,1,1,0.0
202300023595,155 638 748,B01,1,7,0,2,1,1,1,0.0
202300023596,155 638 744,A01,1,31,0,2,1,3,1,0.0
202300023596,155 638 745,B01,1,33,0,2,4,3,1,0.0
202300023596,155 638 746,C01,1,10,0,2,5,1,1,0.0
202300023597,155 638 741,B01,1,15,0,2,8,1,1,0.0
202300023597,155 638 742,C01,1,10,0,2,8,1,1,0.0
202300023597,155 638 743,A01,1,7,0,2,9,13,1,0.0
202300023598,155 638 734,A01,1,33,0,1,1,17,1,0.0
202300023599,155 638 732,A01,1,10,0,2,3,15,0,0.0
202300023599,155 638 733,B01,2,31,0,2,8,16,1,0.0
202300023600,155 638 730,A01,1,50,0,2,1,19,3,0.0
202300023600,155 638 731,B01,1,7,0,2,2,1,2,0.0
202300023601,155 638 728,B01,3,50,0,2,5,19,3,0.0
202300023601,155 638 729,A01,1,7,0,2,1,1,1,0.0
202300023602,155 638 726,A01,1,31,0,2,1,17,1,0.0
202300023602,155 638 727,B01,1,7,0,2,4,15,1,0.0
202300023603,155 638 725,A01,1,7,8,0,1,5,1,0.0
202300023604,155 638 723,A01,2,7,0,2,3,1,1,0.0
202300023604,155 638 724,B01,1,3,0,2,3,5,1,0.0
202300023605,155 638 722,A01,3,10,0,1,4,4,1,0.0
202300023606,155 638 719,B01,1,7,0,2,3,5,1,0.0
202300023606,155 638 720,C01,1,7,0,2,8,21,1,0.0
202300023606,155 638 721,A01,1,7,0,2,3,21,1,0.0
202300023607,155 638 716,A01,1,7,0,2,3,13,1,0.0
202300023607,155 638 717,B01,2,7,0,2,6,0,1,0.0
202300023608,155 638 714,A01,2,50,0,2,7,1,3,0.0
202300023608,155 638 715,B01,1,7,0,2,1,1,1,0.0
202300023609,155 638 713,A01,3,7,0,1,3,1,1,0.0
202300023610,155 638 711,A01,3,7,0,2,1,5,1,0.0
202300023610,155 638 712,B01,3,7,0,2,1,1,1,0.0
202300023611,155 638 709,B01,1,31,0,2,6,1,1,0.0
202300023611,155 638 710,A01,1,7,0,2,1,9,1,0.0
202300023612,155 638 706,A01,1,10,6,1,2,0,1,0.0
202300023613,155 638 704,A01,2,33,0,2,1,1,1,0.0
202300023613,155 638 705,B01,1,7,0,2,8,5,1,0.0
202300023614,155 638 703,A01,2,7,0,1,1,1,1,0.0
202300023615,155 638 702,A01,2,7,0,1,2,11,1,0.0
202300023616,155 638 700,B01,0,31,0,2,3,0,0,0.0
202300023616,155 638 701,A01,0,7,0,2,2,13,0,0.0
202300023617,155 638 698,A01,2,7,0,2,1,1,0,0.0
202300023617,155 638 699,B01,2,7,0,2,3,0,0,0.0
202300023618,155 638 696,B01,2,7,13,2,1,1,1,0.0
202300023618,155 638 697,A01,1,7,0,2,1,13,1,0.0
202300023619,155 638 694,A01,2,37,0,2,5,17,1,1.0
202300023619,155 638 695,B01,2,99,0,2,8,15,3,0.0
202300023620,155 638 692,B01,2,30,0,2,1,1,1,0.0
202300023620,155 638 693,A01,1,7,0,2,1,15,1,0.0
202300023621,155 638 690,B01,1,32,0,2,1,26,1,0.0
202300023621,155 638 691,A01,1,7,0,2,4,23,1,0.0
202300023622,155 638 688,A01,1,7,0,2,1,2,1,0.0
202300023622,155 638 689,B01,1,7,0,1,4,23,1,0.0
202300023623,155 638 687,A01,1,7,0,0,1,1,1,0.0
202300023624,155 638 685,A01,3,33,0,2,1,1,1,0.0
202300023624,155 638 686,B01,3,7,0,2,8,1,1,0.0
202300023625,155 638 683,B01,2,7,0,2,4,1,1,0.0
202300023625,155 638 684,A01,2,7,0,2,1,1,1,0.0
202300023626,155 638 682,A01,1,7,8,0,1,26,1,0.0
202300023627,155 638 680,B01,1,2,0,2,8,1,1,0.0
202300023627,155 638 681,A01,1,7,0,2,2,16,1,0.0
202300023628,155 638 677,A01,2,1,0,2,4,15,5,0.0
202300023628,155 638 678,Z01,2,7,0,2,1,13,0,0.0
202300023629,155 638 676,A01,0,7,0,2,1,1,1,0.0
202300023629,155 638 679,B01,0,10,0,2,4,23,1,0.0
202300023630,155 638 674,A01,1,7,0,0,0,0,1,0.0
202300023631,155 638 673,A01,1,7,0,2,1,1,1,0.0
202300023631,155 638 675,B01,1,7,0,0,5,12,1,0.0
202300023632,155 638 671,A01,2,7,0,2,7,17,1,0.0
202300023632,155 638 672,B01,2,50,0,2,8,1,3,0.0
202300023633,155 638 670,A01,3,7,0,1,2,1,1,0.0
202300023634,155 638 668,A01,3,7,0,2,4,4,1,0.0
202300023634,155 638 669,B01,3,30,1,2,1,1,1,0.0
202300023635,155 638 665,A01,1,7,0,2,7,15,1,0.0
202300023635,155 638 667,B01,1,33,0,2,1,1,1,0.0
202300023636,155 638 663,A01,3,30,0,0,0,26,1,0.0
202300023637,155 638 664,A01,3,33,12,2,2,17,1,0.0
202300023637,155 638 666,B01,3,7,0,2,3,15,1,0.0
202300023638,155 638 660,A01,2,7,0,2,3,12,1,0.0
202300023638,155 638 662,B01,2,1,0,2,7,1,5,0.0
202300023639,155 638 659,B01,2,7,0,2,8,0,1,0.0
202300023639,155 638 661,A01,1,7,0,2,8,1,1,0.0
202300023640,155 638 658,A01,2,7,0,1,1,26,0,0.0
202300023641,155 638 657,A01,2,7,8,0,1,14,1,0.0
202300023642,155 638 656,A01,3,7,0,1,8,1,1,0.0
202300023643,155 638 653,A01,1,7,0,2,2,1,1,0.0
202300023643,155 638 655,B01,1,7,0,2,8,1,1,0.0
202300023644,155 638 649,A01,3,7,0,2,2,1,1,0.0
202300023644,155 638 651,B01,3,7,0,2,3,1,1,0.0
202300023645,155 638 647,A01,0,7,0,1,2,1,0,0.0
202300023646,155 638 648,A01,2,10,0,2,1,15,1,0.0
202300023646,155 638 650,B01,2,1,0,2,3,1,5,0.0
202300023647,155 638 646,A01,2,7,1,0,4,1,2,0.0
202300023648,155 638 644,A01,3,50,0,2,1,15,3,0.0
202300023648,155 638 645,B01,3,7,0,2,2,1,1,0.0
202300023649,155 638 642,B01,1,7,0,2,5,23,1,0.0
202300023649,155 638 643,A01,1,7,0,2,3,3,1,0.0
202300023650,155 638 640,B01,1,2,0,2,1,1,1,0.0
202300023650,155 638 641,A01,2,7,0,2,3,15,1,0.0
202300023651,155 638 638,A01,1,30,0,2,1,26,1,0.0
202300023651,155 638 639,B01,1,7,0,2,2,15,1,0.0
202300023652,155 638 636,B01,2,30,0,2,1,1,1,0.0
202300023652,155 638 637,A01,2,7,0,2,3,16,1,0.0
202300023653,155 638 633,A01,0,7,0,0,2,16,1,0.0
202300023653,155 638 634,B01,1,99,0,0,1,13,3,0.0
202300023654,155 638 631,A01,2,7,0,1,1,10,1,0.0
202300023655,155 638 632,A01,1,7,0,2,2,9,1,0.0
202300023655,155 638 635,B01,1,33,0,2,3,2,1,0.0
202300023656,155 638 629,B01,2,34,0,2,0,2,1,0.0
202300023656,155 638 630,A01,1,7,0,2,3,15,1,0.0
202300023657,155 638 627,A01,1,33,0,2,3,1,1,0.0
202300023657,155 638 628,B01,1,14,0,2,2,4,1,0.0
202300023658,155 638 625,A01,2,7,0,2,1,1,1,0.0
202300023658,155 638 626,B01,1,50,0,2,7,1,3,0.0
202300023659,155 638 623,A01,0,10,0,1,0,0,1,0.0
202300023660,155 638 622,A01,1,7,0,1,3,1,1,0.0
202300023661,155 638 621,A01,3,10,0,0,8,1,1,0.0
202300023662,155 638 619,A01,2,33,0,2,1,21,1,0.0
202300023662,155 638 620,B01,1,99,0,0,0,0,1,0.0
202300023663,155 638 616,A01,1,7,0,2,2,2,1,0.0
202300023663,155 638 618,B01,1,7,0,2,6,1,1,0.0
202300023664,155 638 614,A01,1,7,0,2,1,13,1,0.0
202300023664,155 638 615,B01,2,7,0,2,1,1,6,0.0
202300023665,155 638 611,A01,2,33,0,2,5,26,1,0.0
202300023665,155 638 613,Z01,2,10,0,2,5,2,0,0.0
202300023666,155 638 612,B01,1,7,0,2,3,1,1,0.0
202300023666,155 638 617,A01,1,7,0,2,2,9,1,0.0
202300023667,155 638 610,A01,2,30,0,0,3,26,1,0.0
202300023668,155 638 607,A01,1,99,0,2,1,1,3,0.0
202300023668,155 638 609,B01,2,7,0,2,7,15,1,0.0
202300023669,155 638 606,A01,3,30,0,2,4,15,1,0.0
202300023669,155 638 608,B01,3,7,0,2,1,1,3,0.0
202300023670,155 638 604,B01,3,7,0,0,1,1,1,0.0
202300023670,155 638 605,A01,3,7,0,0,2,15,1,0.0
202300023671,155 638 602,A01,2,99,16,0,4,15,3,0.0
202300023672,155 638 601,B01,1,7,0,2,3,1,1,0.0
202300023672,155 638 603,A01,2,30,0,2,1,13,1,0.0
202300023673,155 638 599,A01,3,7,0,2,1,26,1,0.0
202300023673,155 638 600,B01,2,33,0,2,1,26,1,0.0
202300023674,155 638 598,A01,1,7,0,1,1,1,1,0.0
202300023675,155 638 595,A01,2,7,0,2,6,15,1,0.0
202300023675,155 638 597,B01,1,30,0,2,5,17,1,0.0
202300023676,155 638 594,A01,1,34,0,2,8,1,1,0.0
202300023676,155 638 596,B01,2,7,0,2,1,1,1,0.0
202300023677,155 638 592,A01,1,33,0,2,1,17,1,0.0
202300023677,155 638 593,B01,2,7,0,2,1,15,1,0.0
202300023678,155 638 591,A01,1,10,1,0,3,0,1,0.0
202300023679,155 638 590,A01,0,14,6,0,4,20,1,0.0
202300023680,155 638 589,A01,2,7,0,1,1,1,1,0.0
202300023681,155 638 587,A01,3,7,0,2,1,13,0,0.0
202300023681,155 638 588,B01,3,33,0,2,1,1,0,0.0
202300023682,155 638 584,B01,1,7,0,2,3,1,1,0.0
202300023682,155 638 586,A01,3,10,0,2,2,1,1,0.0
202300023683,155 638 583,A01,1,7,0,2,3,1,1,0.0
202300023683,155 638 585,B01,2,7,0,2,3,1,1,0.0
202300023684,155 638 581,A01,1,33,0,0,7,3,1,0.0
202300023685,155 638 580,B01,1,1,0,2,1,1,5,0.0
202300023685,155 638 582,A01,1,7,0,2,2,16,1,0.0
202300023686,155 638 577,B01,2,34,0,2,8,9,1,0.0
202300023686,155 638 579,A01,2,7,0,2,7,12,1,0.0
202300023687,155 638 576,A01,1,7,0,2,8,15,1,0.0
202300023687,155 638 578,B01,1,2,0,2,1,1,1,0.0
202300023688,155 638 574,A01,1,33,0,2,3,2,1,0.0
202300023688,155 638 575,B01,1,7,0,2,5,1,1,0.0
202300023689,155 638 572,A01,1,7,0,2,3,15,1,0.0
202300023689,155 638 573,B01,2,32,0,2,8,1,1,0.0
202300023690,155 638 570,B01,1,31,0,2,8,3,1,0.0
202300023690,155 638 571,A01,1,7,0,2,7,12,1,0.0
202300023691,155 638 566,A01,2,31,0,2,2,14,1,0.0
202300023691,155 638 568,B01,2,33,0,2,8,3,1,0.0