num_acc,id_vehicule,num_veh,senc,catv,obs,obsm,choc,manv,motor,occutc
202300023692,155 638 567,A01,1,15,0,0,3,16,1,0.0
202300023692,155 638 569,B01,1,1,0,0,2,1,5,0.0
202300023693,155 638 564,Z01,1,7,0,1,2,1,1,0.0
202300023694,155 638 563,A01,3,30,0,2,2,1,3,0.0
202300023694,155 638 565,B01,3,10,0,2,2,1,3,0.0
202300023695,155 638 561,A01,2,7,6,1,1,14,1,0.0
202300023696,155 638 560,A01,1,7,0,2,4,4,1,0.0
202300023696,155 638 562,B01,1,30,0,2,7,9,3,0.0
202300023697,155 638 556,A01,1,7,0,1,2,15,1,0.0
202300023698,155 638 555,A01,3,2,0,2,2,17,1,0.0
202300023698,155 638 557,C01,3,43,0,2,1,1,1,0.0
202300023698,155 638 558,B01,3,7,0,2,8,1,1,0.0
202300023699,155 638 553,A01,1,1,0,2,3,15,5,0.0
202300023699,155 638 554,B01,1,10,0,2,2,1,1,0.0
202300023700,155 638 551,B01,3,13,0,2,4,23,1,0.0
202300023700,155 638 552,A01,3,43,0,2,1,1,1,0.0
202300023701,155 638 548,B01,1,7,0,2,8,2,2,0.0
202300023701,155 638 550,A01,1,7,0,2,1,2,1,0.0
202300023702,155 638 546,B01,1,1,1,2,2,1,5,0.0
202300023702,155 638 547,C01,1,7,0,0,5,2,1,0.0
202300023702,155 638 549,A01,1,10,0,0,8,22,1,0.0
202300023703,155 638 545,A01,3,7,0,1,5,4,1,0.0
202300023704,155 638 541,A01,2,7,0,2,1,1,1,0.0
202300023704,155 638 543,Y01,1,1,0,2,1,5,5,0.0
202300023705,155 638 542,B01,2,1,0,2,1,1,5,0.0
202300023705,155 638 544,A01,2,10,0,2,2,9,1,0.0
202300023706,155 638 540,A01,1,30,11,0,2,14,1,0.0
202300023707,155 638 537,B01,1,7,0,2,3,15,1,0.0
202300023707,155 638 539,A01,1,30,0,2,2,17,3,0.0
202300023708,155 638 536,B01,3,7,16,0,4,1,0,0.0
202300023708,155 638 538,A01,3,7,16,0,1,1,0,0.0
202300023709,155 638 532,B01,2,1,0,2,7,1,5,0.0
202300023709,155 638 534,A01,2,1,0,2,8,18,5,0.0
202300023710,155 638 533,A01,2,7,0,0,3,10,2,0.0
202300023710,155 638 535,B01,2,33,0,2,2,2,1,0.0
202300023711,155 638 529,A01,1,1,0,2,1,13,5,0.0
202300023711,155 638 530,B01,1,7,0,2,1,1,1,0.0
202300023712,155 638 528,A01,1,2,0,2,1,5,3,0.0
202300023712,155 638 531,B01,1,7,0,2,8,10,2,0.0
202300023713,155 638 525,A01,2,7,0,1,3,15,1,0.0
202300023714,155 638 526,A01,1,1,0,0,6,17,5,0.0
202300023714,155 638 527,B01,1,1,0,0,2,17,5,0.0
202300023715,155 638 523,A01,3,7,0,2,7,15,1,0.0
202300023715,155 638 524,B01,1,2,0,2,1,2,1,0.0
202300023716,155 638 522,A01,1,7,0,1,2,16,1,0.0
202300023717,155 638 519,A01,3,7,0,1,2,26,1,0.0
202300023718,155 638 514,A01,3,10,0,2,3,1,1,0.0
202300023718,155 638 515,B01,3,7,0,2,8,1,1,0.0
202300023719,155 638 513,A01,2,13,0,2,2,26,1,0.0
202300023719,155 638 516,B01,2,34,0,2,1,0,1,0.0
202300023720,155 638 509,B01,2,7,0,2,0,1,3,0.0
202300023720,155 638 512,A01,1,1,0,2,5,1,5,0.0
202300023721,155 638 510,B01,1,7,0,2,3,1,0,0.0
202300023721,155 638 511,A01,2,7,0,2,1,9,0,0.0
202300023722,155 638 505,B01,2,33,0,2,1,1,1,0.0
202300023722,155 638 508,A01,2,7,0,2,3,10,1,0.0
202300023723,155 638 506,A01,1,7,0,2,2,15,1,0.0
202300023723,155 638 507,B01,2,2,0,2,1,1,1,0.0
202300023724,155 638 502,B01,1,13,0,2,2,12,1,0.0
202300023724,155 638 504,A01,1,7,0,2,8,1,0,0.0
202300023725,155 638 501,B01,1,7,0,2,6,1,2,0.0
202300023725,155 638 503,A01,2,7,0,2,1,15,1,0.0
202300023726,155 638 498,A01,1,7,0,2,0,1,1,0.0
202300023726,155 638 500,B01,2,10,0,2,3,9,1,0.0
202300023727,155 638 497,A01,1,7,0,2,3,1,2,0.0
202300023727,155 638 499,B01,2,7,0,2,6,1,2,0.0
202300023728,155 638 494,A01,1,7,0,2,2,17,0,0.0
202300023728,155 638 495,B01,1,7,0,2,6,17,1,0.0
202300023728,155 638 496,C01,1,7,0,2,4,1,1,0.0
202300023729,155 638 492,A01,1,32,0,2,8,1,1,0.0
202300023729,155 638 493,Z01,1,7,0,2,0,17,0,0.0
202300023730,155 638 491,A01,2,7,0,1,1,1,1,0.0
202300023731,155 638 488,A01,2,10,0,2,3,1,0,0.0
202300023731,155 638 490,B01,0,60,0,2,8,19,5,0.0
202300023732,155 638 489,A01,2,7,0,1,2,1,1,0.0
202300023733,155 638 486,A01,2,10,0,2,2,14,1,0.0
202300023733,155 638 487,B01,2,50,0,2,1,1,3,0.0
202300023734,155 638 483,A01,0,30,0,0,0,0,-1,0.0
202300023735,155 638 482,A01,2,7,8,0,2,2,1,0.0
202300023736,155 638 481,A01,1,1,0,1,1,3,5,0.0
202300023737,155 638 484,A01,1,80,16,1,1,19,3,0.0
202300023738,155 638 479,A01,3,14,0,2,4,26,1,0.0
202300023738,155 638 480,B01,3,33,0,2,1,2,1,0.0
202300023739,155 638 477,B01,1,37,0,1,1,1,0,1.0
202300023740,155 638 478,A01,1,1,0,1,1,1,5,0.0
202300023741,155 638 475,A01,2,30,0,2,1,2,1,0.0
202300023741,155 638 476,B01,1,7,0,2,2,2,2,0.0
202300023742,155 638 474,A01,2,7,0,1,3,16,1,0.0
202300023743,155 638 472,A01,0,3,0,2,1,1,0,0.0
202300023743,155 638 473,B01,3,3,0,2,1,11,1,0.0
202300023744,155 638 470,A01,2,2,0,2,1,18,3,0.0
202300023744,155 638 471,B01,2,7,0,2,2,16,1,0.0
202300023745,155 638 467,B01,2,7,0,2,3,1,1,0.0
202300023745,155 638 469,A01,2,2,0,2,3,16,1,0.0
202300023746,155 638 468,A01,1,30,0,0,1,11,1,0.0
202300023747,155 638 464,B01,0,31,0,0,8,1,1,0.0
202300023747,155 638 466,A01,3,10,0,0,0,0,1,0.0
202300023748,155 638 463,A01,1,10,0,2,7,12,1,0.0
202300023748,155 638 465,B01,1,34,0,2,6,16,1,0.0
202300023749,155 638 462,A01,3,7,0,1,1,1,2,0.0
202300023750,155 638 460,B01,2,50,0,2,7,1,3,0.0
202300023750,155 638 461,A01,2,7,0,2,8,10,1,0.0
202300023751,155 638 458,A01,2,1,0,1,1,1,5,0.0
202300023752,155 638 457,A01,1,7,0,2,5,1,1,0.0
202300023752,155 638 459,B01,1,7,0,2,1,15,1,0.0
202300023753,155 638 456,A01,2,50,0,0,0,1,3,0.0
202300023754,155 638 455,A01,1,7,0,1,1,1,1,0.0
202300023755,155 638 454,A01,2,7,2,0,3,13,1,0.0
202300023756,155 638 453,A01,2,10,0,1,2,16,3,0.0
202300023757,155 638 450,A01,2,2,0,2,1,6,1,0.0
202300023757,155 638 452,B01,1,50,0,2,1,1,3,0.0
202300023758,155 638 449,A01,2,1,0,2,1,1,5,0.0
202300023758,155 638 451,B01,1,7,0,2,1,15,1,0.0
202300023759,155 638 447,A01,2,7,0,2,8,15,2,0.0
202300023759,155 638 448,B01,2,50,0,2,2,1,3,0.0
202300023760,155 638 444,A01,2,10,0,2,1,2,1,0.0
202300023760,155 638 445,B01,2,7,0,2,4,1,1,0.0
202300023761,155 638 443,A01,1,7,0,2,1,19,1,0.0
202300023761,155 638 446,B01,1,7,0,2,2,1,1,0.0
202300023762,155 638 442,A01,3,7,0,1,3,9,2,0.0
202300023763,155 638 440,B01,1,7,1,0,0,0,1,0.0
202300023764,155 638 439,A01,2,7,0,0,4,2,1,0.0
202300023764,155 638 441,B01,2,7,0,2,1,2,1,0.0
202300023765,155 638 436,A01,0,80,0,2,1,19,3,0.0
202300023765,155 638 438,B01,1,7,0,2,2,23,0,0.0
202300023766,155 638 435,A01,1,7,4,2,1,2,1,0.0
202300023766,155 638 437,B01,1,10,3,0,4,2,1,0.0
202300023767,155 638 432,A01,2,7,0,0,4,16,1,0.0
202300023767,155 638 433,B01,2,7,0,2,1,2,1,0.0
202300023768,155 638 431,A01,0,7,0,2,1,2,1,0.0
202300023768,155 638 434,B01,0,7,0,2,4,2,1,0.0
202300023769,155 638 429,A01,1,7,0,9,5,23,1,0.0
202300023769,155 638 430,B01,1,10,14,0,3,2,1,0.0
202300023770,155 638 427,B01,3,99,0,2,8,26,1,0.0
202300023770,155 638 428,A01,3,7,0,2,1,1,1,0.0
202300023771,155 638 426,A01,1,7,2,0,3,1,1,0.0
202300023772,155 638 424,A01,2,7,0,1,1,1,1,0.0
202300023773,155 638 423,A01,3,10,0,2,2,1,1,0.0
202300023773,155 638 425,B01,3,7,0,2,3,1,1,0.0
202300023774,155 638 420,B01,2,10,3,2,2,2,1,0.0
202300023774,155 638 422,A01,2,15,0,2,6,1,1,0.0
202300023775,155 638 421,A01,3,7,2,0,1,0,1,0.0
202300023776,155 638 417,B01,1,7,0,2,3,26,1,0.0
202300023776,155 638 419,A01,1,7,0,2,2,1,1,0.0
202300023777,155 638 416,B01,1,2,16,0,1,17,0,0.0
202300023777,155 638 418,A01,2,7,16,2,2,15,1,0.0
202300023778,155 638 414,B01,2,1,0,2,1,1,5,0.0
202300023778,155 638 415,A01,1,7,0,2,1,13,1,0.0
202300023779,155 638 412,A01,3,15,0,1,6,1,1,0.0
202300023780,155 638 411,A01,2,2,4,2,1,11,1,0.0
202300023780,155 638 413,B01,1,7,0,2,8,1,1,0.0
202300023781,155 638 410,A01,1,7,3,0,9,2,1,0.0
202300023782,155 638 409,A01,2,7,17,0,1,17,1,0.0
202300023783,155 638 408,A01,1,7,9,0,2,2,1,0.0
202300023784,155 638 406,A01,3,7,0,9,2,15,1,0.0
202300023784,155 638 407,B01,3,80,0,2,3,1,3,0.0
202300023785,155 638 405,A01,3,7,0,1,2,1,1,0.0
202300023786,155 638 402,A01,2,7,0,2,1,13,1,0.0
202300023786,155 638 404,B01,1,7,0,2,1,1,1,0.0
202300023787,155 638 399,A01,3,7,0,2,3,9,1,0.0
202300023787,155 638 400,B01,1,34,0,2,1,17,1,0.0
202300023788,155 638 397,A01,3,10,0,2,1,1,1,0.0
202300023788,155 638 398,B01,3,7,0,9,4,1,1,0.0
202300023789,155 638 395,A01,1,7,13,0,9,21,1,0.0
202300023789,155 638 396,B01,1,7,0,0,0,1,1,0.0
202300023790,155 638 394,A01,1,7,1,0,1,21,1,0.0
202300023791,155 638 392,A01,1,2,0,1,3,1,1,0.0
202300023792,155 638 391,A01,2,10,0,2,7,2,1,0.0
202300023792,155 638 393,B01,2,1,0,0,8,2,5,0.0
202300023793,155 638 389,A01,2,7,0,2,3,22,1,0.0
202300023793,155 638 390,B01,2,50,1,0,1,17,3,0.0
202300023794,155 638 388,A01,1,7,3,0,3,1,1,0.0
202300023795,155 638 385,A01,1,1,0,0,0,0,5,0.0
202300023795,155 638 387,B01,1,7,0,0,0,0,1,0.0
202300023796,155 638 383,A01,2,7,0,2,1,2,1,0.0
202300023796,155 638 384,B01,2,7,0,2,9,21,1,0.0
202300023796,155 638 386,C01,2,7,0,2,3,23,1,0.0
202300023797,155 638 381,A01,2,30,0,2,1,1,3,0.0
202300023797,155 638 382,B01,2,7,0,0,4,23,1,0.0
202300023798,155 638 380,A01,1,7,13,0,1,0,1,0.0
202300023799,155 638 378,A01,2,33,0,5,1,21,1,0.0
202300023800,155 638 376,A01,1,7,0,0,0,21,1,0.0
202300023801,155 638 373,B01,1,31,0,2,7,3,1,0.0
202300023801,155 638 374,A01,1,10,0,2,8,11,1,0.0
202300023801,155 638 375,C01,1,7,0,0,8,2,1,0.0
202300023802,155 638 370,A01,1,2,0,2,8,1,0,0.0
202300023802,155 638 371,B01,1,7,0,2,8,15,0,0.0
202300023803,155 638 369,A01,3,7,0,1,1,1,1,0.0
202300023804,155 638 368,B01,3,7,0,2,7,1,1,0.0
202300023804,155 638 372,A01,3,1,0,2,1,0,5,0.0
202300023805,155 638 367,A01,1,32,17,0,1,1,1,0.0
202300023806,155 638 363,A01,1,10,0,2,6,1,1,0.0
202300023806,155 638 364,B01,1,7,0,2,4,1,1,0.0
202300023806,155 638 366,Z01,1,7,0,2,1,1,2,0.0
202300023807,155 638 362,A01,1,2,0,0,0,0,1,0.0
202300023808,155 638 361,A01,1,7,0,2,1,16,1,0.0
202300023808,155 638 365,B01,1,7,8,2,1,26,1,0.0
202300023809,155 638 359,A01,2,7,0,2,8,15,1,0.0
202300023809,155 638 360,B01,1,33,0,2,1,17,1,0.0
202300023810,155 638 356,A01,2,7,0,2,1,1,1,0.0
202300023810,155 638 357,B01,2,7,0,2,4,1,1,0.0
202300023811,155 638 355,A01,3,0,0,1,4,0,0,0.0
202300023812,155 638 353,A01,1,30,0,2,1,14,1,0.0
202300023812,155 638 354,B01,0,7,0,2,0,26,0,0.0
202300023813,155 638 351,A01,1,33,0,0,2,0,1,0.0
202300023814,155 638 350,A01,1,50,0,1,1,1,3,0.0
202300023815,155 638 352,A01,0,7,0,2,1,1,1,0.0
202300023815,155 638 358,B01,0,7,0,2,4,1,1,0.0
202300023816,155 638 348,A01,1,7,0,1,1,1,1,0.0
202300023817,155 638 347,A01,3,7,0,2,1,26,1,0.0
202300023817,155 638 349,B01,3,7,0,2,2,15,1,0.0
202300023818,155 638 346,A01,1,7,0,1,2,1,1,0.0
202300023819,155 638 344,A01,2,2,0,2,1,15,1,0.0
202300023819,155 638 345,B01,1,7,0,9,3,1,1,0.0
202300023820,155 638 341,A01,1,7,0,2,1,2,1,0.0
202300023820,155 638 343,B01,1,7,0,1,4,23,1,0.0
202300023821,155 638 339,A01,1,7,0,2,4,1,1,0.0
202300023821,155 638 340,B01,1,7,0,2,5,1,1,0.0
202300023822,155 638 335,A01,2,10,0,2,7,22,0,0.0
202300023822,155 638 337,C01,2,7,0,2,3,23,1,0.0
202300023822,155 638 338,B01,2,30,0,2,7,3,1,0.0
202300023823,155 638 333,A01,1,7,0,9,2,1,1,0.0
202300023823,155 638 334,B01,2,1,0,2,8,19,5,0.0
202300023824,155 638 330,A01,2,7,0,2,8,15,2,0.0
202300023824,155 638 332,B01,2,7,0,2,1,1,1,0.0
202300023825,155 638 336,A01,3,7,0,2,1,0,1,0.0
202300023825,155 638 342,TC01,0,37,0,2,3,15,1,1.0
202300023826,155 638 329,A01,1,30,0,2,1,1,1,0.0
202300023826,155 638 331,B01,1,7,0,2,2,0,1,0.0
202300023827,155 638 327,B01,3,7,0,0,0,0,1,0.0
202300023827,155 638 328,A01,3,30,0,0,0,0,0,0.0
202300023828,155 638 323,A01,3,7,0,1,2,19,1,0.0
202300023829,155 638 322,A01,2,7,0,2,1,26,1,0.0
202300023829,155 638 325,B01,2,7,0,2,1,26,1,0.0
202300023829,155 638 326,C01,2,7,0,2,1,26,1,0.0
202300023830,155 638 319,A01,3,7,0,2,5,4,0,0.0
202300023830,155 638 321,B01,3,31,0,2,1,1,1,0.0
202300023831,155 638 320,A01,1,7,0,0,1,0,1,0.0
202300023832,155 638 318,A01,1,2,0,2,1,2,1,0.0
202300023832,155 638 324,B01,1,10,0,2,5,1,1,0.0
202300023833,155 638 317,A01,1,7,1,0,2,1,1,0.0
202300023834,155 638 315,A01,2,7,0,2,1,1,1,0.0
202300023834,155 638 316,B01,2,7,0,0,4,1,1,0.0
202300023835,155 638 313,A01,1,33,0,0,2,1,1,0.0
202300023836,155 638 312,A01,2,7,1,2,6,1,2,0.0
202300023836,155 638 314,Z01,1,7,1,2,1,5,1,0.0
202300023837,155 638 308,A01,3,7,0,2,3,16,1,0.0
202300023837,155 638 311,B01,3,1,0,2,4,2,5,0.0
202300023838,155 638 305,B01,1,7,0,2,5,2,1,0.0
202300023838,155 638 307,A01,1,10,0,2,3,2,1,0.0
202300023838,155 638 309,C01,1,7,0,2,6,2,1,0.0
202300023839,155 638 304,A01,2,7,9,0,1,1,1,0.0
202300023840,155 638 306,B01,1,1,0,2,1,1,5,0.0
202300023840,155 638 310,A01,1,3,0,9,3,1,1,0.0
202300023841,155 638 303,A01,2,7,0,1,3,1,2,0.0
202300023842,155 638 301,A01,2,7,0,1,2,1,2,0.0
202300023843,155 638 298,A01,3,7,0,2,7,1,1,0.0
202300023843,155 638 302,B01,3,7,0,2,2,1,1,0.0
202300023844,155 638 297,A01,2,37,0,2,3,1,1,1.0
202300023844,155 638 299,B01,2,7,0,2,5,12,1,0.0
202300023845,155 638 296,A01,2,7,0,2,3,15,1,0.0
202300023845,155 638 300,B01,2,1,0,2,8,1,5,0.0
202300023846,155 638 294,A01,2,7,12,0,1,26,1,0.0
202300023847,155 638 293,A01,2,43,0,1,3,1,1,0.0
202300023848,155 638 292,A01,1,33,0,2,2,9,1,0.0
202300023848,155 638 295,B01,1,7,0,2,3,1,1,0.0
202300023849,155 638 291,A01,1,7,9,0,0,0,0,0.0
202300023850,155 638 288,A01,2,7,0,2,3,9,1,0.0
202300023850,155 638 290,B01,2,2,0,2,4,2,1,0.0
202300023851,155 638 287,A01,0,7,0,2,2,15,2,0.0
202300023851,155 638 289,B01,0,34,0,2,1,1,1,0.0
202300023852,155 638 286,A01,1,7,0,1,4,20,1,0.0
202300023853,155 638 284,A01,1,7,0,0,1,0,1,0.0
202300023854,155 638 282,B01,3,1,0,2,1,1,5,0.0
202300023854,155 638 285,A01,3,7,0,2,2,15,1,0.0
202300023855,155 638 283,A01,1,7,0,1,1,1,1,0.0
202300023856,155 638 281,A01,1,33,0,1,1,19,1,0.0
202300023857,155 638 278,A01,0,10,0,2,6,9,1,0.0
202300023857,155 638 280,B01,0,80,0,2,1,1,3,0.0
202300023858,155 638 277,B01,3,50,0,2,2,9,3,0.0
202300023858,155 638 279,A01,3,7,0,2,2,9,0,0.0
202300023859,155 638 275,A01,2,10,0,1,2,19,1,0.0
202300023860,155 638 274,A01,1,33,0,2,1,2,1,0.0
202300023860,155 638 276,B01,1,7,0,2,4,2,1,0.0
202300023861,155 638 272,A01,1,7,2,0,1,0,1,0.0
202300023862,155 638 271,A01,2,33,0,2,4,9,1,0.0
202300023862,155 638 273,B01,1,7,0,2,1,1,1,0.0
202300023863,155 638 268,A01,2,7,0,2,1,2,1,0.0
202300023863,155 638 270,B01,2,21,0,2,4,15,1,0.0
202300023864,155 638 269,A01,1,7,0,2,3,1,1,0.0
202300023865,155 638 264,A01,0,7,1,0,1,0,1,0.0
202300023865,155 638 267,B01,0,7,0,2,1,24,1,0.0
202300023866,155 638 263,B01,1,7,0,2,1,1,1,0.0
202300023866,155 638 266,A01,2,7,0,2,1,13,1,0.0
202300023867,155 638 262,B01,0,7,0,2,3,9,1,0.0
202300023867,155 638 265,A01,1,30,0,2,2,17,1,0.0
202300023868,155 638 259,A01,3,7,0,9,1,9,0,0.0
202300023868,155 638 261,B01,3,50,0,2,8,1,3,0.0
202300023869,155 638 257,A01,2,7,0,2,1,1,1,0.0
202300023869,155 638 260,B01,2,15,0,0,6,1,1,0.0
202300023870,155 638 258,A01,1,7,0,1,2,2,1,0.0
202300023871,155 638 251,A01,2,7,0,0,1,1,0,0.0
202300023871,155 638 254,B01,2,1,0,0,1,19,5,0.0
202300023872,155 638 253,A01,1,7,0,1,3,9,1,0.0
202300023873,155 638 252,B01,3,1,0,2,7,19,5,0.0
202300023873,155 638 256,A01,2,7,0,2,1,1,1,0.0
202300023874,155 638 250,B01,1,7,0,0,6,15,1,0.0
202300023874,155 638 255,A01,2,31,0,2,1,1,1,0.0
202300023875,155 638 249,A01,1,7,0,1,1,15,1,0.0
202300023876,155 638 247,A01,2,33,5,0,1,13,1,0.0
202300023877,155 638 246,A01,2,7,0,1,2,1,1,0.0
202300023878,155 638 245,A01,1,7,0,2,8,13,1,0.0
202300023878,155 638 248,B01,2,7,0,2,8,1,1,0.0
202300023879,155 638 243,A01,2,7,6,0,1,0,1,0.0
202300023880,155 638 241,A01,2,7,0,2,1,11,1,0.0
202300023880,155 638 244,B01,1,7,0,2,1,1,1,0.0
202300023881,155 638 238,A01,1,7,0,2,4,23,1,0.0
202300023881,155 638 240,B01,1,33,0,2,1,2,1,0.0
202300023881,155 638 242,C01,2,7,0,2,8,0,1,0.0
202300023882,155 638 237,A01,1,7,13,0,7,1,1,0.0
202300023883,155 638 236,A01,1,7,0,2,7,1,1,0.0
202300023883,155 638 239,B01,1,7,0,2,1,1,1,0.0
202300023884,155 638 235,A01,1,7,6,0,7,14,1,0.0
202300023885,155 638 232,A01,1,7,15,0,2,1,1,0.0
202300023886,155 638 230,A01,1,7,1,0,3,13,1,0.0
202300023886,155 638 234,B01,1,17,0,0,4,24,1,0.0
202300023887,155 638 231,A01,2,7,0,1,2,1,6,0.0
202300023888,155 638 229,B01,2,7,0,2,1,1,1,0.0
202300023888,155 638 233,A01,1,1,0,2,7,19,5,0.0
202300023889,155 638 228,A01,3,7,16,0,1,0,1,0.0
202300023890,155 638 227,A01,1,7,2,0,1,1,1,0.0
202300023891,155 638 224,A01,1,2,1,0,1,1,1,0.0
202300023892,155 638 222,B01,1,33,0,2,1,1,1,0.0
202300023892,155 638 226,A01,2,7,0,2,6,15,1,0.0
202300023893,155 638 220,B01,2,7,8,0,6,1,1,0.0
202300023893,155 638 223,A01,1,3,0,2,3,15,1,0.0
202300023894,155 638 221,A01,2,10,0,2,3,16,1,0.0
202300023894,155 638 225,B01,2,1,0,2,7,0,5,0.0
202300023895,155 638 218,B01,2,7,0,2,2,1,1,0.0
202300023895,155 638 219,A01,1,10,0,2,2,5,1,0.0
202300023896,155 638 215,A01,1,7,0,2,6,11,1,0.0
202300023896,155 638 217,B01,1,33,0,2,1,1,1,0.0
202300023897,155 638 216,A01,3,7,0,1,3,1,1,0.0
202300023898,155 638 214,A01,1,7,10,0,9,0,1,0.0
202300023899,155 638 213,A01,3,7,13,0,1,19,0,0.0
202300023900,155 638 212,A01,2,7,17,0,1,13,6,0.0
202300023901,155 638 209,Z01,1,10,0,2,4,2,1,0.0
202300023901,155 638 211,A01,1,33,0,2,1,2,1,0.0
202300023902,155 638 205,A01,0,10,3,0,1,11,0,0.0
202300023902,155 638 208,B01,0,60,0,2,1,5,5,0.0
202300023903,155 638 207,B01,3,50,0,2,1,1,3,0.0
202300023903,155 638 210,A01,1,7,6,9,2,1,1,0.0
202300023904,155 638 203,A01,2,7,6,0,1,1,1,0.0
202300023905,155 638 199,A01,2,7,17,0,2,1,1,0.0
202300023906,155 638 198,A01,3,7,8,2,1,1,1,0.0
202300023906,155 638 202,B01,3,7,0,2,8,1,1,0.0
202300023907,155 638 201,B01,1,7,0,2,2,1,1,0.0
202300023907,155 638 204,A01,1,7,0,2,3,9,1,0.0
202300023908,155 638 197,B01,2,7,0,2,4,2,1,0.0
202300023908,155 638 200,A01,2,7,0,2,1,2,1,0.0
202300023909,155 638 196,A01,3,7,2,0,1,0,0,0.0
202300023910,155 638 194,A01,1,7,0,1,1,2,1,0.0
202300023911,155 638 193,A01,1,7,0,2,8,15,1,0.0
202300023911,155 638 195,B01,1,2,0,2,1,17,1,0.0
202300023912,155 638 191,A01,2,33,0,0,9,1,1,0.0
202300023913,155 638 189,A01,2,33,0,2,1,13,1,0.0
202300023913,155 638 192,B01,1,7,0,2,3,1,2,0.0
202300023914,155 638 185,B01,0,30,0,2,1,1,1,0.0
202300023914,155 638 187,A01,3,7,0,2,3,19,1,0.0
202300023915,155 638 183,A01,2,2,13,0,1,2,1,0.0
202300023916,155 638 184,A01,2,7,0,2,3,9,1,0.0
202300023916,155 638 188,B01,1,1,0,2,1,1,5,0.0
202300023917,155 638 182,A01,1,7,3,0,1,0,1,0.0
202300023918,155 638 180,A01,2,7,6,1,3,13,1,0.0
202300023919,155 638 181,A01,3,99,0,0,0,1,3,0.0
202300023920,155 638 178,A01,2,30,0,2,1,1,6,0.0
202300023920,155 638 179,B01,2,10,0,2,8,26,1,0.0
202300023921,155 638 175,B01,2,7,0,2,1,17,1,0.0
202300023921,155 638 177,A01,2,50,0,2,3,19,3,0.0
202300023922,155 638 174,A01,2,1,0,2,7,14,5,0.0
202300023922,155 638 176,B01,2,7,0,2,6,1,1,0.0
202300023923,155 638 169,A01,2,33,0,0,9,13,1,0.0
202300023924,155 638 168,A01,2,7,0,2,3,2,1,0.0
202300023924,155 638 172,B01,2,7,0,2,5,2,1,0.0
202300023925,155 638 170,A01,3,7,0,2,1,5,1,0.0
202300023925,155 638 173,B01,3,7,0,2,1,1,1,0.0
202300023926,155 638 163,A01,2,7,0,2,1,2,1,0.0
202300023926,155 638 166,B01,2,7,0,0,4,1,1,0.0
202300023927,155 638 167,A01,3,7,0,2,1,1,1,0.0
202300023927,155 638 171,B01,3,2,0,2,8,0,0,0.0
202300023928,155 638 162,A01,3,50,0,2,1,1,3,0.0
202300023928,155 638 164,B01,3,7,0,2,5,15,1,0.0
202300023929,155 638 161,A01,2,15,0,0,4,2,1,0.0
202300023929,155 638 165,B01,2,7,3,2,1,1,1,0.0
202300023930,155 638 159,A01,1,31,0,2,1,13,1,0.0
202300023930,155 638 160,B01,2,7,0,2,3,1,1,0.0
202300023931,155 638 158,Z01,1,17,0,1,5,1,1,0.0
202300023932,155 638 155,A01,1,31,0,0,7,1,1,0.0
202300023932,155 638 157,B01,2,7,0,0,1,16,0,0.0
202300023933,155 638 153,A01,2,7,0,2,7,15,1,0.0
202300023933,155 638 156,B01,1,7,0,2,3,1,1,0.0
202300023934,155 638 152,A01,3,7,12,0,9,11,1,0.0
202300023935,155 638 151,A01,2,7,13,0,9,1,1,0.0
202300023936,155 638 149,A01,2,7,0,9,7,26,1,0.0
202300023936,155 638 150,B01,2,33,0,2,8,23,1,0.0
202300023937,155 638 148,A01,3,7,0,1,7,1,1,0.0
202300023938,155 638 146,B01,2,7,0,2,3,1,1,0.0
202300023938,155 638 154,A01,3,7,0,2,8,15,1,0.0
202300023939,155 638 147,A01,3,2,13,0,0,0,1,0.0
202300023940,155 638 142,A01,1,7,1,2,2,1,1,0.0
202300023940,155 638 145,B01,3,7,0,2,3,20,1,0.0
202300023941,155 638 144,A01,1,33,0,6,0,0,1,0.0
202300023942,155 638 141,A01,0,7,2,0,1,13,1,0.0
202300023943,155 638 140,A01,2,10,0,2,8,15,1,0.0
202300023943,155 638 143,B01,2,7,0,2,7,1,1,0.0
202300023944,155 638 138,A01,2,33,0,0,9,1,1,0.0
202300023945,155 638 137,A01,2,7,0,2,1,5,1,0.0
202300023945,155 638 139,B01,1,7,0,2,1,1,1,0.0
202300023946,155 638 135,A01,1,7,0,2,8,10,1,0.0
202300023946,155 638 136,B01,1,2,0,2,7,9,1,0.0
202300023947,155 638 131,A01,2,7,0,2,8,10,1,0.0
202300023947,155 638 134,B01,2,33,0,2,1,17,1,0.0
202300023948,155 638 130,A01,3,7,0,2,3,13,1,0.0
202300023948,155 638 133,B01,3,10,0,2,3,1,1,0.0
202300023949,155 638 129,A01,1,7,0,2,1,1,1,0.0
202300023949,155 638 132,B01,2,7,0,2,1,1,1,0.0
202300023950,155 638 124,B01,1,7,0,2,1,15,1,0.0
202300023950,155 638 125,A01,2,33,0,2,1,1,1,0.0
202300023951,155 638 123,A01,3,7,0,2,2,21,1,0.0
202300023951,155 638 126,B01,3,30,0,2,6,23,1,0.0
202300023952,155 638 122,A01,1,7,2,2,1,1,1,0.0
202300023952,155 638 128,B01,1,7,0,2,3,26,1,0.0
202300023953,155 638 121,A01,0,7,0,2,2,1,1,0.0
202300023953,155 638 127,B01,0,7,0,2,7,4,1,0.0
202300023954,155 638 120,A01,1,30,0,0,0,1,1,0.0
202300023955,155 638 118,A01,1,7,2,0,2,1,2,0.0