num_acc,id_vehicule,num_veh,senc,catv,obs,obsm,choc,manv,motor,occutc
202300023956,155 638 116,A01,3,7,0,1,3,15,1,0.0
202300023957,155 638 117,A01,3,7,0,2,2,1,1,0.0
202300023957,155 638 119,B01,3,1,0,2,4,11,5,0.0
202300023958,155 638 114,A01,1,7,0,2,2,12,1,0.0
202300023958,155 638 115,B01,1,7,0,2,6,1,2,0.0
202300023959,155 638 110,A01,1,2,0,2,1,5,1,0.0
202300023959,155 638 113,B01,2,2,0,2,1,5,1,0.0
202300023960,155 638 109,A01,2,14,0,2,2,16,1,0.0
202300023960,155 638 112,B01,2,1,0,2,1,1,5,0.0
202300023961,155 638 108,A01,3,7,0,0,6,20,1,0.0
202300023961,155 638 111,B01,3,7,1,0,2,2,1,0.0
202300023962,155 638 106,A01,1,7,2,0,1,21,6,0.0
202300023963,155 638 105,A01,1,7,0,1,1,1,1,0.0
202300023964,155 638 103,A01,1,7,0,0,0,10,0,0.0
202300023964,155 638 107,B01,2,50,12,0,2,21,3,0.0
202300023965,155 638 101,A01,1,7,0,2,1,2,1,0.0
202300023965,155 638 104,B01,1,7,0,2,4,2,1,0.0
202300023966,155 638 099,A01,1,7,0,0,1,1,1,0.0
202300023967,155 638 098,A01,1,7,0,2,1,13,1,0.0
202300023967,155 638 102,B01,2,7,0,2,2,1,1,0.0
202300023968,155 638 097,A01,1,37,1,0,7,17,1,1.0
202300023968,155 638 100,B01,1,50,0,0,3,1,3,0.0
202300023969,155 638 094,A01,1,7,0,0,2,0,1,0.0
202300023970,155 638 092,B01,1,1,13,0,4,2,5,0.0
202300023970,155 638 095,A01,1,7,0,2,2,2,1,0.0
202300023971,155 638 093,B01,1,7,1,0,1,0,1,0.0
202300023971,155 638 096,A01,1,7,0,2,1,17,1,0.0
202300023972,155 638 091,A01,1,7,14,0,1,0,1,0.0
202300023973,155 638 090,A01,1,31,0,0,2,1,1,0.0
202300023974,155 638 089,A01,1,7,2,0,1,6,1,0.0
202300023975,155 638 085,A01,1,2,0,0,0,1,1,0.0
202300023976,155 638 087,A01,1,7,0,2,2,15,1,0.0
202300023976,155 638 088,B01,2,33,0,2,1,1,1,0.0
202300023977,155 638 086,A01,2,31,0,1,1,17,3,0.0
202300023978,155 638 084,A01,1,7,3,0,2,2,1,0.0
202300023979,155 638 082,A01,2,7,0,1,2,1,1,0.0
202300023980,155 638 079,A01,2,2,12,0,1,1,1,0.0
202300023981,155 638 080,B01,3,7,0,2,5,2,1,0.0
202300023981,155 638 083,A01,3,33,0,2,1,2,1,0.0
202300023982,155 638 078,A01,3,7,0,1,2,1,3,0.0
202300023983,155 638 076,A01,3,7,0,2,3,1,1,0.0
202300023983,155 638 081,B01,3,7,0,2,2,1,1,0.0
202300023984,155 638 073,A01,1,10,4,2,1,2,1,0.0
202300023984,155 638 075,B01,1,7,4,2,4,2,3,0.0
202300023984,155 638 077,C01,1,7,4,2,4,2,1,0.0
202300023985,155 638 074,A01,1,31,0,0,0,1,0,0.0
202300023986,155 638 069,B01,1,33,0,2,2,1,1,0.0
202300023986,155 638 072,A01,0,7,0,2,3,19,1,0.0
202300023987,155 638 067,A01,1,7,0,2,2,12,1,0.0
202300023987,155 638 070,B01,2,7,0,2,4,2,1,0.0
202300023988,155 638 066,A01,1,1,0,2,0,9,5,0.0
202300023988,155 638 071,B01,3,7,0,2,2,9,1,0.0
202300023989,155 638 065,A01,2,33,0,2,3,11,1,0.0
202300023989,155 638 068,B01,2,7,0,2,5,1,1,0.0
202300023990,155 638 061,A01,0,7,8,0,2,1,1,0.0
202300023991,155 638 059,C01,1,10,0,2,4,2,0,0.0
202300023991,155 638 062,B01,1,7,0,2,4,2,0,0.0
202300023991,155 638 064,A01,1,10,0,2,1,2,0,0.0
202300023992,155 638 058,B01,2,7,0,0,3,13,1,0.0
202300023992,155 638 063,A01,2,32,0,2,1,1,6,0.0
202300023993,155 638 055,B01,3,7,0,2,3,1,1,0.0
202300023993,155 638 057,A01,3,2,0,2,3,1,1,0.0
202300023994,155 638 056,A01,1,7,0,2,5,19,1,0.0
202300023994,155 638 060,B01,1,10,0,2,2,1,1,0.0
202300023995,155 638 051,A01,2,7,2,0,5,0,1,0.0
202300023996,155 638 050,A01,1,7,0,2,7,21,1,0.0
202300023996,155 638 053,B01,3,50,0,2,7,16,3,0.0
202300023997,155 638 049,A01,1,7,0,1,2,1,1,0.0
202300023998,155 638 047,A01,1,7,0,2,1,1,1,0.0
202300023998,155 638 048,D01,1,10,0,2,4,2,1,0.0
202300023998,155 638 052,C01,1,7,0,2,4,1,1,0.0
202300023998,155 638 054,B01,1,10,0,2,4,2,1,0.0
202300023999,155 638 045,A01,2,7,0,2,3,15,1,0.0
202300023999,155 638 046,B01,1,7,0,2,1,1,1,0.0
202300024000,155 638 042,B01,2,7,0,2,4,2,1,0.0
202300024000,155 638 044,A01,2,7,0,2,1,2,1,0.0
202300024001,155 638 039,A01,2,7,0,2,1,2,1,0.0
202300024001,155 638 041,B01,2,7,0,2,4,2,1,0.0
202300024002,155 638 038,A01,1,7,0,2,3,1,1,0.0
202300024002,155 638 040,B01,2,7,0,2,3,13,1,0.0
202300024003,155 638 037,A01,2,7,0,1,2,1,1,0.0
202300024004,155 638 035,A01,3,7,0,1,1,26,1,0.0
202300024005,155 638 032,A01,1,33,0,2,1,13,1,0.0
202300024005,155 638 034,B01,2,7,0,2,1,1,1,0.0
202300024006,155 638 033,B01,0,7,0,2,4,2,1,0.0
202300024006,155 638 036,A01,3,7,0,2,1,2,1,0.0
202300024007,155 638 026,A01,1,33,0,2,1,2,1,0.0
202300024007,155 638 030,B01,1,7,0,2,7,16,1,0.0
202300024008,155 638 025,A01,2,7,0,2,2,15,1,0.0
202300024008,155 638 029,B01,1,33,0,2,1,1,1,0.0
202300024009,155 638 024,B01,1,33,0,2,1,1,1,0.0
202300024009,155 638 028,A01,1,10,0,2,8,10,1,0.0
202300024010,155 638 022,A01,2,0,0,1,0,1,0,0.0
202300024011,155 638 021,A01,2,7,0,1,3,9,2,0.0
202300024012,155 638 020,A01,3,7,0,2,1,15,1,0.0
202300024012,155 638 023,B01,3,34,0,2,3,1,1,0.0
202300024013,155 638 018,A01,1,10,0,0,0,0,1,0.0
202300024014,155 638 017,A01,1,37,0,2,1,9,1,3.0
202300024015,155 638 016,B01,1,7,0,2,3,1,1,0.0
202300024015,155 638 019,A01,2,1,0,2,1,15,5,0.0
202300024016,155 638 012,B01,2,7,0,2,8,0,1,0.0
202300024016,155 638 015,A01,1,10,0,2,8,1,1,0.0
202300024017,155 638 010,B01,1,7,0,2,2,1,1,0.0
202300024017,155 638 014,A01,1,7,0,2,2,19,1,0.0
202300024018,155 638 009,A01,1,7,0,1,2,1,1,0.0
202300024019,155 638 008,A01,1,7,1,2,2,20,1,0.0
202300024019,155 638 011,B01,3,7,0,2,3,23,1,0.0
202300024019,155 638 013,C01,1,7,0,2,2,24,1,0.0
202300024020,155 638 007,A01,2,7,15,0,2,14,1,0.0
202300024021,155 638 003,Z01,0,0,0,0,0,1,0,0.0
202300024021,155 638 006,B01,0,34,0,0,8,15,1,0.0
202300024022,155 638 002,A01,2,10,0,2,2,15,1,0.0
202300024022,155 638 005,B01,2,7,0,2,8,1,1,0.0
202300024023,155 638 001,A01,3,7,0,2,2,1,0,0.0
202300024023,155 638 004,B01,3,7,0,2,1,1,1,0.0
202300024024,155 637 999,A01,2,7,0,2,1,5,1,0.0
202300024024,155 638 000,B01,1,7,0,2,1,1,1,0.0
202300024025,155 637 996,A01,2,7,1,0,3,1,1,0.0
202300024025,155 637 998,B01,2,7,0,2,3,23,1,0.0
202300024026,155 637 993,A01,2,7,0,2,0,0,1,0.0
202300024026,155 637 997,B01,1,13,0,1,8,2,1,0.0
202300024027,155 637 994,A01,2,7,0,1,3,1,1,0.0
202300024028,155 637 992,B01,2,33,0,2,1,1,1,0.0
202300024028,155 637 995,A01,2,10,0,0,6,15,1,0.0
202300024029,155 637 988,A01,2,2,0,0,0,1,1,0.0
202300024030,155 637 989,A01,1,14,0,2,7,16,1,0.0
202300024030,155 637 991,B01,1,1,0,2,3,1,5,0.0
202300024031,155 637 987,B01,3,80,0,2,4,1,3,0.0
202300024031,155 637 990,A01,3,7,0,2,1,9,1,0.0
202300024032,155 637 985,A01,2,33,13,0,1,1,1,0.0
202300024033,155 637 986,A01,3,7,0,1,2,15,1,0.0
202300024034,155 637 983,A01,1,10,0,2,3,13,1,0.0
202300024034,155 637 984,B01,2,7,0,2,3,5,1,0.0
202300024035,155 637 982,A01,0,7,0,9,1,26,1,0.0
202300024036,155 637 980,A01,3,7,0,1,1,26,0,0.0
202300024037,155 637 976,B01,3,7,0,2,6,15,1,0.0
202300024037,155 637 979,A01,3,7,0,2,1,26,1,0.0
202300024038,155 637 978,A01,1,7,0,2,8,1,1,0.0
202300024038,155 637 981,B01,1,7,0,2,3,1,1,0.0
202300024039,155 637 973,B01,2,1,0,2,1,0,5,0.0
202300024039,155 637 977,A01,1,50,0,2,0,0,3,0.0
202300024040,155 637 972,A01,1,7,0,1,2,0,1,0.0
202300024041,155 637 970,B01,1,33,0,2,1,1,1,0.0
202300024041,155 637 974,A01,3,7,0,2,8,15,1,0.0
202300024042,155 637 971,A01,2,7,0,2,2,1,1,0.0
202300024042,155 637 975,B01,2,2,0,2,0,0,1,0.0
202300024043,155 637 967,A01,0,0,0,1,0,0,0,0.0
202300024044,155 637 965,A01,1,7,0,2,4,15,1,0.0
202300024044,155 637 968,B01,1,7,0,2,1,1,1,0.0
202300024045,155 637 964,A01,3,30,0,1,1,1,1,0.0
202300024046,155 637 962,A01,1,7,0,2,7,17,1,0.0
202300024046,155 637 966,B01,1,33,0,2,8,17,1,0.0
202300024046,155 637 969,C01,1,7,0,2,8,1,1,0.0
202300024047,155 637 957,A01,0,7,2,0,7,26,1,0.0
202300024048,155 637 956,A01,3,7,0,2,1,9,1,0.0
202300024048,155 637 959,B01,3,7,0,2,1,1,1,0.0
202300024049,155 637 955,A01,3,7,0,2,3,1,1,0.0
202300024049,155 637 958,B01,3,2,0,2,3,1,1,0.0
202300024050,155 637 953,A01,1,7,0,2,3,9,1,0.0
202300024050,155 637 954,B01,1,32,0,2,6,1,1,0.0
202300024051,155 637 949,B01,2,7,0,2,6,23,1,0.0
202300024051,155 637 952,A01,1,10,0,2,2,2,1,0.0
202300024052,155 637 948,A01,2,7,0,1,3,1,1,0.0
202300024053,155 637 946,B01,1,7,0,2,3,1,1,0.0
202300024053,155 637 950,A01,1,7,0,2,2,1,1,0.0
202300024054,155 637 947,B01,2,7,0,2,4,2,1,0.0
202300024054,155 637 951,A01,2,10,0,2,1,2,1,0.0
202300024055,155 637 945,A01,3,10,12,0,1,1,1,0.0
202300024056,155 637 941,A01,2,7,0,2,3,9,1,0.0
202300024056,155 637 943,B01,2,33,0,2,1,1,1,0.0
202300024057,155 637 942,B01,2,33,0,2,8,16,1,0.0
202300024057,155 637 944,A01,1,7,0,2,1,19,0,0.0
202300024058,155 637 937,A01,1,33,0,2,1,3,1,0.0
202300024058,155 637 939,B01,1,7,0,2,5,1,1,0.0
202300024059,155 637 933,B01,1,14,0,2,4,12,-1,0.0
202300024059,155 637 936,A01,1,33,0,2,3,1,1,0.0
202300024060,155 637 932,A01,2,7,0,2,3,9,1,0.0
202300024060,155 637 935,B01,2,31,0,2,1,1,1,0.0
202300024061,155 637 930,A01,1,7,0,2,2,9,1,0.0
202300024061,155 637 934,B01,1,7,0,2,1,1,1,0.0
202300024062,155 637 928,A01,3,7,12,0,3,13,1,0.0
202300024063,155 637 929,B01,2,32,0,2,1,1,1,0.0
202300024063,155 637 931,A01,1,7,0,2,1,15,1,0.0
202300024064,155 637 926,B01,2,7,0,2,1,1,1,0.0
202300024064,155 637 927,A01,3,7,0,2,1,13,1,0.0
202300024065,155 637 922,A01,1,10,0,2,0,1,1,0.0
202300024065,155 637 924,B01,1,33,0,9,1,1,1,0.0
202300024066,155 637 921,A01,1,7,0,1,2,1,1,0.0
202300024067,155 637 919,B01,1,1,0,2,2,1,5,0.0
202300024067,155 637 923,A01,2,30,0,2,1,1,1,0.0
202300024068,155 637 917,B01,2,7,0,2,1,1,1,0.0
202300024068,155 637 920,A01,1,7,0,2,3,13,1,0.0
202300024069,155 637 911,A01,1,7,0,2,3,9,1,0.0
202300024069,155 637 914,B01,1,32,0,2,1,1,1,0.0
202300024070,155 637 909,A01,2,1,0,2,1,16,5,0.0
202300024070,155 637 913,B01,1,7,0,2,1,1,1,0.0
202300024071,155 637 908,A01,2,7,0,2,1,12,1,0.0
202300024071,155 637 910,B01,2,7,0,2,4,23,1,0.0
202300024072,155 637 905,A01,1,7,0,2,3,15,2,0.0
202300024072,155 637 907,B01,2,32,0,2,3,1,1,0.0
202300024073,155 637 900,A01,1,7,0,1,2,21,3,0.0
202300024074,155 637 902,A01,2,7,0,2,1,13,1,0.0
202300024074,155 637 903,B01,2,7,0,2,1,1,1,0.0
202300024075,155 637 899,A01,1,10,0,1,1,15,3,0.0
202300024076,155 637 898,A01,3,7,0,2,1,1,1,0.0
202300024076,155 637 901,B01,3,7,0,2,8,1,1,0.0
202300024077,155 637 897,A01,2,34,1,1,7,1,1,0.0
202300024078,155 637 895,A01,2,7,15,0,9,14,1,0.0
202300024079,155 637 892,A01,1,7,2,0,1,1,1,0.0
202300024080,155 637 893,A01,1,10,0,2,2,1,1,0.0
202300024080,155 637 896,B01,1,80,0,2,3,5,3,0.0
202300024081,155 637 888,B01,1,15,0,2,8,1,1,0.0
202300024081,155 637 889,A01,1,7,0,2,7,1,1,0.0
202300024082,155 637 890,A01,1,33,0,2,2,17,1,0.0
202300024082,155 637 894,B01,1,50,0,0,0,13,3,0.0
202300024083,155 637 883,B01,1,7,0,2,4,23,1,0.0
202300024083,155 637 884,A01,1,7,0,2,1,2,1,0.0
202300024083,155 637 885,C01,1,7,0,2,4,23,1,0.0
202300024084,155 637 887,A01,1,33,0,2,2,1,1,0.0
202300024084,155 637 891,B01,2,7,0,2,3,1,1,0.0
202300024085,155 637 880,A01,2,33,0,2,1,17,1,0.0
202300024085,155 637 881,B01,2,13,0,2,8,15,1,0.0
202300024086,155 637 873,A01,1,7,0,2,3,13,1,0.0
202300024086,155 637 875,B01,2,15,0,2,3,1,1,0.0
202300024086,155 637 876,C01,1,7,0,2,8,1,1,0.0
202300024087,155 637 878,A01,1,33,0,2,8,16,1,0.0
202300024087,155 637 886,B01,1,1,0,2,7,1,5,0.0
202300024088,155 637 877,B01,1,31,0,2,4,23,1,0.0
202300024088,155 637 882,A01,1,7,0,2,1,1,1,0.0
202300024089,155 637 872,Z01,0,7,0,1,1,15,1,0.0
202300024090,155 637 874,A01,1,33,0,2,7,17,1,0.0
202300024090,155 637 879,B01,1,7,0,2,8,15,1,0.0
202300024091,155 637 870,B01,1,10,0,2,5,16,1,0.0
202300024091,155 637 871,A01,1,50,0,2,1,1,3,0.0
202300024092,155 637 868,A01,1,50,1,0,1,1,3,0.0
202300024093,155 637 863,B01,2,1,0,2,8,13,5,0.0
202300024093,155 637 865,Z01,2,7,0,2,0,0,0,0.0
202300024094,155 637 869,A01,1,7,0,1,3,15,1,0.0
202300024095,155 637 859,Z01,1,7,0,0,0,9,0,0.0
202300024095,155 637 860,C01,1,7,0,2,0,23,1,0.0
202300024095,155 637 861,B01,3,33,0,2,1,15,1,0.0
202300024096,155 637 862,A01,3,1,2,0,1,0,5,0.0
202300024096,155 637 866,B01,3,1,2,0,1,0,5,0.0
202300024097,155 637 858,A01,1,30,6,0,1,1,1,0.0
202300024098,155 637 854,A01,2,7,0,2,5,15,1,0.0
202300024098,155 637 855,B01,1,2,0,2,1,26,1,0.0
202300024099,155 637 857,A01,1,30,6,0,1,13,1,0.0
202300024100,155 637 853,A01,2,7,0,1,3,6,0,0.0
202300024101,155 637 851,B01,1,2,0,2,3,1,6,0.0
202300024101,155 637 852,A01,0,7,0,2,3,1,6,0.0
202300024102,155 637 848,A01,2,7,1,1,2,1,1,0.0
202300024103,155 637 845,A01,3,33,0,0,8,26,1,0.0
202300024104,155 637 850,A01,1,50,0,2,3,9,3,0.0
202300024104,155 637 856,Z01,2,10,0,2,2,1,0,0.0
202300024105,155 637 847,A01,3,31,16,0,1,1,1,0.0
202300024106,155 637 844,A01,2,7,3,0,2,14,1,0.0
202300024107,155 637 846,A01,1,1,0,2,8,18,5,0.0
202300024107,155 637 849,B01,1,50,1,2,1,1,3,0.0
202300024108,155 637 841,A01,1,7,0,2,1,1,1,0.0
202300024108,155 637 842,B01,1,7,0,2,4,1,1,0.0
202300024109,155 637 840,B01,2,7,0,2,7,12,0,0.0
202300024109,155 637 843,A01,2,33,0,2,8,1,1,0.0
202300024110,155 637 837,A01,2,7,0,2,5,15,1,0.0
202300024110,155 637 838,B01,1,33,0,2,1,1,1,0.0
202300024111,155 637 831,B01,1,50,0,2,2,9,3,0.0
202300024111,155 637 833,A01,2,7,0,2,3,9,1,0.0
202300024112,155 637 830,A01,1,7,0,2,8,19,1,0.0
202300024112,155 637 834,B01,1,32,0,2,7,17,1,0.0
202300024113,155 637 835,A01,0,7,3,2,8,19,1,0.0
202300024113,155 637 839,B01,1,7,3,2,1,1,1,0.0
202300024114,155 637 829,A01,1,7,0,1,3,15,1,0.0
202300024115,155 637 832,A01,2,7,0,2,1,1,1,0.0
202300024115,155 637 836,B01,1,7,0,2,3,1,2,0.0
202300024116,155 637 828,A01,3,7,6,0,1,19,1,0.0
202300024117,155 637 825,A01,2,7,0,1,1,15,0,0.0
202300024118,155 637 826,A01,0,7,0,0,0,1,1,0.0
202300024119,155 637 823,B01,1,80,0,2,8,1,3,0.0
202300024119,155 637 824,A01,2,7,0,2,2,19,1,0.0
202300024120,155 637 821,A01,2,7,0,1,1,1,1,0.0
202300024121,155 637 817,A01,1,7,0,2,3,15,1,0.0
202300024121,155 637 819,B01,1,7,0,2,1,1,1,0.0
202300024122,155 637 822,A01,1,7,0,2,2,1,3,0.0
202300024122,155 637 827,B01,1,7,0,2,3,1,1,0.0
202300024123,155 637 818,A01,2,33,13,0,7,1,1,0.0
202300024124,155 637 814,A01,1,7,0,2,1,12,0,0.0
202300024124,155 637 815,B01,1,2,0,2,4,1,0,0.0
202300024125,155 637 816,B01,1,7,0,2,2,2,1,0.0
202300024125,155 637 820,A01,1,7,0,2,8,2,1,0.0
202300024126,155 637 811,B01,1,7,0,0,4,2,1,0.0
202300024126,155 637 813,A01,1,7,0,2,1,2,1,0.0
202300024127,155 637 810,A01,1,34,4,0,1,17,3,0.0
202300024128,155 637 807,A01,3,7,0,9,1,1,6,0.0
202300024128,155 637 809,B01,3,1,0,2,1,1,5,0.0
202300024129,155 637 805,A01,1,7,1,0,2,1,1,0.0
202300024130,155 637 802,A01,3,1,0,2,7,1,5,0.0
202300024130,155 637 806,B01,1,10,0,0,3,1,1,0.0
202300024131,155 637 799,A01,2,7,0,0,1,26,1,0.0
202300024131,155 637 804,D01,1,7,0,0,3,20,1,0.0
202300024132,155 637 800,B01,2,7,0,0,5,15,1,0.0
202300024132,155 637 803,A01,2,33,0,2,1,1,1,0.0
202300024133,155 637 797,A01,2,1,0,2,1,1,5,0.0
202300024133,155 637 801,B01,1,10,0,2,3,1,1,0.0
202300024134,155 637 796,A01,3,80,0,0,0,21,3,0.0
202300024135,155 637 795,A01,1,7,0,1,1,1,1,0.0
202300024136,155 637 793,A01,1,7,0,2,1,1,1,0.0
202300024136,155 637 798,B01,1,7,0,0,4,0,1,0.0
202300024137,155 637 792,A01,2,10,0,2,1,1,1,0.0
202300024137,155 637 794,B01,1,7,7,2,3,1,1,0.0
202300024138,155 637 788,A01,1,7,0,2,1,9,1,0.0
202300024138,155 637 791,B01,1,30,0,2,1,1,1,0.0
202300024139,155 637 790,A01,3,7,9,0,1,1,1,0.0
202300024140,155 637 789,A01,3,50,0,1,1,1,3,0.0
202300024141,155 637 785,A01,1,7,2,0,2,14,1,0.0
202300024141,155 637 787,B01,1,10,0,2,1,23,1,0.0
202300024142,155 637 783,A01,1,7,0,2,7,9,1,0.0
202300024142,155 637 786,B01,2,7,0,2,3,1,1,0.0
202300024143,155 637 778,B01,1,7,0,2,1,0,0,0.0
202300024143,155 637 782,C01,1,7,0,1,1,26,1,0.0
202300024143,155 637 784,A01,1,7,0,2,1,26,1,0.0
202300024144,155 637 780,A01,2,30,0,1,1,1,4,0.0
202300024145,155 637 779,A01,1,7,0,2,2,1,1,0.0
202300024145,155 637 781,B01,1,7,0,2,3,1,1,0.0
202300024146,155 637 776,A01,1,7,0,2,6,23,1,0.0
202300024146,155 637 777,B01,1,1,0,2,1,1,5,0.0
202300024147,155 637 773,A01,3,7,16,0,1,6,3,0.0
202300024148,155 637 772,A01,1,50,0,2,1,1,3,0.0
202300024148,155 637 774,B01,3,7,0,2,3,9,1,0.0
202300024149,155 637 771,A01,2,7,3,2,7,9,1,0.0
202300024149,155 637 775,B01,1,7,0,2,1,1,1,0.0
202300024150,155 637 770,A01,3,34,0,0,2,1,1,0.0
202300024151,155 637 768,A01,2,7,0,1,1,16,2,0.0
202300024152,155 637 767,A01,2,14,0,1,7,1,1,0.0
202300024153,155 637 765,A01,1,30,0,2,1,1,0,0.0
202300024153,155 637 769,B01,2,0,0,2,8,18,0,0.0
202300024154,155 637 763,A01,2,7,0,1,2,1,1,0.0
202300024155,155 637 761,Z01,2,7,0,2,1,5,1,0.0
202300024155,155 637 762,A01,1,30,0,2,1,21,1,0.0
202300024156,155 637 759,B01,1,7,8,2,7,0,0,0.0
202300024156,155 637 760,A01,2,10,8,2,3,26,1,0.0
202300024157,155 637 756,A01,1,7,0,2,2,26,0,0.0
202300024157,155 637 758,B01,2,7,0,2,1,21,0,0.0
202300024158,155 637 755,A01,1,7,0,1,1,1,1,0.0
202300024159,155 637 753,A01,0,7,0,2,1,1,1,0.0
202300024159,155 637 757,B01,0,7,0,2,4,23,0,0.0
202300024160,155 637 752,A01,2,7,0,2,8,10,1,0.0
202300024160,155 637 754,B01,2,43,0,2,2,1,1,0.0
202300024161,155 637 751,A01,3,10,0,0,4,24,1,0.0
202300024162,155 637 748,A01,3,33,0,0,1,0,1,0.0
202300024163,155 637 750,A01,1,50,0,0,8,1,3,0.0
202300024164,155 637 746,B01,2,7,0,1,4,24,1,0.0
202300024164,155 637 749,A01,2,10,1,0,2,1,1,0.0
202300024165,155 637 747,A01,1,7,14,0,1,13,1,0.0
202300024166,155 637 744,A01,1,7,2,0,7,1,1,0.0
202300024167,155 637 745,A01,1,7,0,1,1,15,1,0.0
202300024168,155 637 742,A01,1,7,8,0,1,1,1,0.0
202300024169,155 637 741,A01,1,33,0,2,1,2,1,0.0
202300024169,155 637 743,B01,1,7,0,0,6,21,1,0.0
202300024170,155 637 739,A01,3,7,0,2,2,16,1,0.0
202300024170,155 637 740,B01,3,1,0,2,1,1,5,0.0
202300024171,155 637 734,A01,2,7,0,2,1,1,1,0.0
202300024171,155 637 738,B01,1,7,0,0,5,1,1,0.0
202300024172,155 637 732,B01,1,1,0,2,0,1,5,0.0
202300024172,155 637 736,Z01,2,7,0,9,0,1,0,0.0
202300024173,155 637 733,B01,0,30,0,2,1,1,1,0.0
202300024173,155 637 737,A01,0,7,0,2,5,9,1,0.0
202300024174,155 637 731,A01,1,7,0,2,3,1,1,0.0
202300024174,155 637 735,B01,1,7,0,2,1,1,1,0.0
202300024175,155 637 728,A01,2,30,0,1,0,17,1,0.0
202300024176,155 637 729,A01,1,10,0,1,4,20,1,0.0
202300024177,155 637 727,A01,1,7,0,1,2,1,1,0.0
202300024178,155 637 726,B01,2,7,13,2,1,1,1,0.0
202300024178,155 637 730,A01,1,7,13,2,8,1,1,0.0
202300024179,155 637 724,A01,2,30,0,1,1,1,1,0.0
202300024180,155 637 725,A01,3,35,15,0,8,1,1,0.0
202300024181,155 637 721,A01,2,7,2,0,1,1,1,0.0
202300024182,155 637 722,A01,0,32,0,1,1,2,1,0.0
202300024183,155 637 718,B01,1,17,0,2,7,1,1,0.0
202300024183,155 637 720,A01,1,7,0,2,3,9,1,0.0
202300024184,155 637 719,B01,1,10,0,2,3,1,1,0.0
202300024184,155 637 723,A01,1,7,0,2,2,1,1,0.0
202300024185,155 637 715,A01,1,2,0,2,1,1,1,0.0
202300024185,155 637 717,B01,2,7,0,2,2,1,1,0.0
202300024186,155 637 714,A01,1,7,2,0,1,2,1,0.0
202300024187,155 637 712,B01,2,1,0,2,8,1,5,0.0
202300024187,155 637 716,A01,3,7,0,9,1,16,1,0.0
202300024188,155 637 710,B01,1,31,0,2,7,12,1,0.0
202300024188,155 637 713,A01,1,7,0,2,8,1,1,0.0
202300024189,155 637 709,A01,0,7,0,2,3,26,0,0.0
202300024189,155 637 711,B01,3,1,0,2,1,21,5,0.0
202300024190,155 637 702,A01,2,33,0,2,4,17,1,0.0
202300024190,155 637 705,B01,2,34,0,2,1,13,1,0.0
202300024191,155 637 704,A01,1,7,0,2,4,1,1,0.0
202300024191,155 637 708,B01,1,2,0,2,1,1,1,0.0
202300024192,155 637 701,A01,1,7,0,2,3,2,1,0.0
202300024192,155 637 706,B01,1,15,0,2,6,2,1,0.0
202300024193,155 637 703,A01,2,33,0,2,1,2,1,0.0
202300024193,155 637 707,B01,2,7,0,2,4,2,1,0.0
202300024194,155 637 696,A01,1,7,0,1,1,1,1,0.0
202300024195,155 637 697,A01,1,33,0,0,8,1,1,0.0
202300024196,155 637 699,A01,2,7,0,2,1,2,1,0.0
202300024196,155 637 700,B01,2,7,0,2,4,23,1,0.0
202300024197,155 637 695,A01,2,7,0,1,1,1,1,0.0
202300024198,155 637 694,A01,1,33,0,2,1,1,1,0.0
202300024198,155 637 698,B01,1,33,0,0,4,1,1,0.0
202300024199,155 637 692,A01,1,10,0,0,0,1,1,0.0
202300024200,155 637 690,A01,1,33,0,1,1,1,1,0.0
202300024201,155 637 689,A01,1,3,15,0,2,26,1,0.0
202300024202,155 637 688,A01,2,10,0,2,2,1,1,0.0
202300024202,155 637 691,B01,1,15,0,2,5,23,1,0.0
202300024203,155 637 687,A01,1,7,0,0,3,16,0,0.0
202300024203,155 637 693,B01,1,31,0,2,1,2,0,0.0
202300024204,155 637 686,A01,2,7,2,0,1,14,1,0.0
202300024205,155 637 685,Z01,1,10,0,1,2,1,1,0.0
202300024206,155 637 682,B01,1,7,0,2,0,0,0,0.0
202300024206,155 637 683,A01,3,7,6,2,0,21,1,0.0
202300024207,155 637 681,A01,1,7,0,1,2,1,1,0.0
202300024208,155 637 680,A01,2,10,0,2,7,10,1,0.0
202300024208,155 637 684,B01,2,33,0,2,9,1,1,0.0
202300024209,155 637 679,A01,1,7,0,1,3,1,1,0.0
202300024210,155 637 678,A01,1,7,14,0,2,2,0,0.0
202300024211,155 637 675,A01,2,30,0,1,3,1,1,0.0
202300024212,155 637 674,B01,2,2,0,2,1,1,1,0.0
202300024212,155 637 677,A01,1,7,0,2,3,15,1,0.0
202300024213,155 637 672,B01,2,7,0,2,8,19,1,0.0
202300024213,155 637 676,A01,1,7,0,2,1,1,1,0.0
202300024214,155 637 670,B01,2,10,0,2,6,16,1,0.0
202300024214,155 637 673,A01,2,33,0,2,1,1,1,0.0
202300024215,155 637 667,A01,1,7,0,2,2,1,1,0.0
202300024215,155 637 669,B01,1,7,0,2,6,15,1,0.0
202300024216,155 637 668,A01,1,7,0,9,2,0,1,0.0
202300024217,155 637 666,A01,0,7,0,2,1,1,0,0.0
202300024217,155 637 671,B01,2,7,0,2,3,1,1,0.0
202300024218,155 637 664,B01,1,7,0,2,8,9,1,0.0
202300024218,155 637 665,A01,2,7,0,2,1,1,2,0.0
202300024219,155 637 662,A01,2,10,13,0,1,21,1,0.0