num_acc,id_vehicule,num_veh,senc,catv,obs,obsm,choc,manv,motor,occutc
202300024220,155 637 658,A01,0,7,0,1,1,1,1,0.0
202300024221,155 637 660,A01,3,7,0,1,3,1,2,0.0
202300024222,155 637 656,A01,2,14,0,9,1,1,1,0.0
202300024222,155 637 657,B01,1,1,0,2,1,19,5,0.0
202300024223,155 637 653,A01,2,7,0,1,1,15,1,0.0
202300024224,155 637 655,A01,1,33,8,0,1,1,1,0.0
202300024225,155 637 651,A01,3,7,0,1,3,1,2,0.0
202300024226,155 637 652,EA01,1,31,0,2,7,12,1,0.0
202300024226,155 637 654,B01,1,10,0,2,0,0,0,0.0
202300024227,155 637 650,A01,3,7,0,1,0,0,1,0.0
202300024228,155 637 647,A01,2,7,0,2,2,17,1,0.0
202300024228,155 637 649,B01,2,7,0,2,3,1,1,0.0
202300024229,155 637 645,A01,2,31,0,2,3,13,1,0.0
202300024229,155 637 648,B01,1,7,0,2,3,1,1,0.0
202300024230,155 637 644,A01,3,7,0,1,7,0,1,0.0
202300024231,155 637 643,A01,1,7,0,2,8,1,1,0.0
202300024231,155 637 646,B01,1,33,0,2,1,1,1,0.0
202300024232,155 637 642,A01,1,7,8,0,3,1,1,0.0
202300024233,155 637 640,A01,2,7,13,0,9,13,1,0.0
202300024234,155 637 635,B01,1,1,0,2,7,1,5,0.0
202300024234,155 637 637,A01,1,7,0,2,1,1,1,0.0
202300024235,155 637 636,A01,2,7,0,2,1,19,0,0.0
202300024235,155 637 638,B01,1,32,0,2,5,1,0,0.0
202300024236,155 637 634,A01,1,10,6,0,1,14,1,0.0
202300024237,155 637 629,B01,3,7,0,2,8,1,1,0.0
202300024237,155 637 632,A01,3,7,0,2,2,9,1,0.0
202300024238,155 637 628,A01,3,32,0,2,3,1,1,0.0
202300024238,155 637 631,B01,3,7,0,2,2,15,1,0.0
202300024239,155 637 626,A01,1,7,0,2,3,19,1,0.0
202300024239,155 637 633,B01,2,7,0,2,1,1,1,0.0
202300024240,155 637 621,A01,2,7,0,2,1,2,1,0.0
202300024240,155 637 624,B01,0,7,0,2,2,15,1,0.0
202300024241,155 637 622,B01,2,33,0,2,1,1,1,0.0
202300024241,155 637 623,A01,1,7,0,2,3,15,1,0.0
202300024242,155 637 620,A01,1,7,0,0,0,1,1,0.0
202300024243,155 637 618,A01,1,7,0,1,1,17,1,0.0
202300024244,155 637 617,A01,2,7,0,0,6,1,1,0.0
202300024244,155 637 619,B01,1,33,0,2,7,15,1,0.0
202300024245,155 637 616,A01,1,33,13,0,1,9,4,0.0
202300024246,155 637 615,A01,0,7,12,1,4,23,1,0.0
202300024247,155 637 613,A01,1,30,0,2,1,1,1,0.0
202300024247,155 637 614,B01,1,7,0,2,3,15,1,0.0
202300024248,155 637 610,A01,1,7,0,2,0,15,0,0.0
202300024248,155 637 611,B01,2,7,0,2,3,0,1,0.0
202300024249,155 637 609,A01,1,33,0,0,4,23,1,0.0
202300024249,155 637 612,B01,1,7,0,2,1,2,1,0.0
202300024250,155 637 606,B01,2,1,0,2,7,2,5,0.0
202300024250,155 637 607,A01,2,7,0,2,1,16,1,0.0
202300024251,155 637 605,A01,0,7,2,0,1,0,1,0.0
202300024252,155 637 603,A01,1,7,0,2,3,13,1,0.0
202300024252,155 637 608,B01,2,7,0,2,3,1,1,0.0
202300024253,155 637 600,A01,2,3,13,0,3,14,1,0.0
202300024254,155 637 601,B01,1,7,0,2,1,26,1,0.0
202300024254,155 637 604,A01,2,7,3,2,1,26,1,0.0
202300024255,155 637 599,A01,3,7,0,2,1,1,1,0.0
202300024255,155 637 602,B01,3,7,0,2,7,1,1,0.0
202300024256,155 637 598,A01,1,7,2,0,3,1,1,0.0
202300024257,155 637 595,A01,2,7,0,1,1,1,1,0.0
202300024258,155 637 594,A01,2,7,0,2,3,13,1,0.0
202300024258,155 637 597,B01,1,3,0,2,1,1,1,0.0
202300024259,155 637 593,A01,1,7,0,2,4,1,1,0.0
202300024259,155 637 596,B01,2,13,0,2,1,1,1,0.0
202300024260,155 637 591,A01,2,7,8,0,3,13,1,0.0
202300024261,155 637 587,A01,2,10,0,2,7,15,1,0.0
202300024261,155 637 590,B01,2,2,0,2,1,1,1,0.0
202300024262,155 637 586,B01,1,33,0,2,1,1,1,0.0
202300024262,155 637 592,A01,3,7,0,2,3,19,1,0.0
202300024263,155 637 588,B01,2,7,0,2,3,2,1,0.0
202300024263,155 637 589,A01,2,7,0,0,4,15,1,0.0
202300024264,155 637 584,A01,2,10,0,2,1,13,0,0.0
202300024264,155 637 585,B01,1,7,0,2,1,1,1,0.0
202300024265,155 637 582,B01,2,15,0,2,2,12,1,0.0
202300024265,155 637 583,A01,2,7,0,2,6,1,1,0.0
202300024266,155 637 580,A01,3,7,0,1,1,1,1,0.0
202300024267,155 637 577,A01,2,7,3,0,1,1,1,0.0
202300024268,155 637 576,A01,2,17,0,2,1,1,0,0.0
202300024268,155 637 579,B01,1,7,0,2,8,19,1,0.0
202300024269,155 637 575,A01,1,7,0,2,1,2,1,0.0
202300024269,155 637 578,C01,2,7,0,2,1,1,1,0.0
202300024269,155 637 581,B01,1,10,0,2,4,1,1,0.0
202300024270,155 637 573,A01,2,7,2,0,3,1,1,0.0
202300024271,155 637 572,B01,1,7,0,0,5,2,1,0.0
202300024271,155 637 574,A01,1,7,0,2,3,2,1,0.0
202300024272,155 637 569,A01,1,7,0,2,3,1,1,0.0
202300024272,155 637 571,B01,2,7,0,2,1,1,1,0.0
202300024273,155 637 566,B01,2,1,0,2,1,1,5,0.0
202300024273,155 637 568,A01,1,7,0,9,3,17,3,0.0
202300024274,155 637 565,A01,2,7,13,0,9,1,1,0.0
202300024275,155 637 567,A01,1,7,0,2,3,9,0,0.0
202300024275,155 637 570,B01,1,1,0,2,7,2,5,0.0
202300024276,155 637 564,A01,1,14,13,0,8,1,1,0.0
202300024277,155 637 563,A01,2,7,0,1,7,0,1,0.0
202300024278,155 637 560,A01,2,2,0,0,9,1,1,0.0
202300024279,155 637 561,A01,1,33,12,0,0,1,1,0.0
202300024280,155 637 559,B01,2,1,0,2,1,1,5,0.0
202300024280,155 637 562,A01,1,7,0,2,2,15,1,0.0
202300024281,155 637 557,A01,1,31,0,2,2,5,1,0.0
202300024281,155 637 558,B01,2,7,0,2,2,1,1,0.0
202300024282,155 637 555,A01,1,7,2,-1,1,1,1,0.0
202300024283,155 637 554,A01,1,7,0,1,2,9,0,0.0
202300024284,155 637 551,A01,0,7,0,0,0,1,1,0.0
202300024285,155 637 550,B01,2,7,0,2,1,1,1,0.0
202300024285,155 637 552,A01,1,7,0,2,2,13,1,0.0
202300024286,155 637 549,A01,2,7,7,0,1,14,1,0.0
202300024287,155 637 548,A01,2,7,13,0,9,1,1,0.0
202300024288,155 637 547,A01,3,7,0,1,1,1,1,0.0
202300024289,155 637 546,A01,1,7,0,1,7,1,1,0.0
202300024290,155 637 543,A01,3,7,6,0,9,1,0,0.0
202300024291,155 637 541,A01,2,3,5,0,8,1,1,0.0
202300024292,155 637 539,A01,2,7,0,1,1,1,0,0.0
202300024293,155 637 540,A01,2,7,0,2,1,1,1,0.0
202300024293,155 637 544,C01,2,7,0,2,5,15,1,0.0
202300024293,155 637 545,B01,2,7,0,2,3,1,1,0.0
202300024294,155 637 538,B01,3,7,0,2,7,23,1,0.0
202300024294,155 637 542,A01,3,7,13,2,2,1,1,0.0
202300024295,155 637 535,A01,3,33,16,0,0,1,1,0.0
202300024296,155 637 532,A01,0,7,2,0,7,1,1,0.0
202300024297,155 637 533,A01,0,33,0,2,1,1,1,0.0
202300024297,155 637 536,B01,0,14,0,2,4,4,1,0.0
202300024298,155 637 530,A01,2,1,13,0,0,1,5,0.0
202300024299,155 637 531,A01,1,7,0,2,1,13,2,0.0
202300024299,155 637 534,B01,2,7,0,2,6,1,1,0.0
202300024299,155 637 537,C01,2,7,0,2,1,1,1,0.0
202300024300,155 637 528,A01,0,10,2,0,3,13,1,0.0
202300024301,155 637 526,A01,2,7,0,2,2,15,1,0.0
202300024301,155 637 527,B01,1,30,0,2,1,1,1,0.0
202300024302,155 637 524,A01,3,2,0,2,8,1,1,0.0
202300024302,155 637 529,B01,3,7,0,2,8,1,1,0.0
202300024303,155 637 523,B01,1,14,0,2,3,1,1,0.0
202300024303,155 637 525,A01,2,7,0,2,3,13,1,0.0
202300024304,155 637 521,A01,3,10,0,0,8,15,1,0.0
202300024304,155 637 522,B01,3,32,0,2,2,17,1,0.0
202300024305,155 637 519,A01,3,31,0,0,0,1,1,0.0
202300024306,155 637 517,A01,2,33,0,2,3,15,1,0.0
202300024306,155 637 520,B01,1,7,0,2,1,13,1,0.0
202300024307,155 637 516,A01,2,2,0,2,8,1,1,0.0
202300024307,155 637 518,B01,1,7,7,2,8,17,1,0.0
202300024308,155 637 514,B01,1,7,0,2,3,1,1,0.0
202300024308,155 637 515,A01,2,7,0,2,3,1,1,0.0
202300024309,155 637 512,A01,1,7,13,0,3,1,0,0.0
202300024310,155 637 511,A01,1,7,14,0,9,14,1,0.0
202300024311,155 637 510,B01,1,7,0,2,1,1,1,0.0
202300024311,155 637 513,A01,3,7,0,2,8,15,2,0.0
202300024312,155 637 507,A01,2,7,6,0,1,1,1,0.0
202300024313,155 637 508,A01,2,7,1,0,1,5,1,0.0
202300024313,155 637 509,B01,2,14,0,2,4,24,1,0.0
202300024314,155 637 506,A01,1,7,12,0,1,17,1,0.0
202300024315,155 637 503,A01,1,7,0,2,2,0,0,0.0
202300024315,155 637 505,B01,2,15,0,2,3,13,0,0.0
202300024316,155 637 502,A01,1,7,17,0,2,1,1,0.0
202300024317,155 637 501,A01,1,33,15,0,1,14,1,0.0
202300024318,155 637 500,B01,1,33,0,2,1,1,1,0.0
202300024318,155 637 504,A01,2,7,0,2,3,15,0,0.0
202300024319,155 637 498,A01,3,7,0,2,1,9,0,0.0
202300024319,155 637 499,B01,2,2,0,2,7,1,-1,0.0
202300024320,155 637 496,A01,2,7,15,0,9,13,1,0.0
202300024321,155 637 495,A01,1,7,4,0,2,1,1,0.0
202300024322,155 637 494,A01,1,33,13,2,1,17,1,0.0
202300024322,155 637 497,B01,2,17,0,2,2,13,1,0.0
202300024323,155 637 493,A01,1,7,0,1,1,2,1,0.0
202300024324,155 637 490,A01,1,7,2,0,3,0,0,0.0
202300024325,155 637 492,A01,2,7,2,0,0,2,1,0.0
202300024326,155 637 485,A01,2,7,0,2,3,1,1,0.0
202300024326,155 637 486,B01,1,7,0,2,3,1,1,0.0
202300024327,155 637 487,B01,1,7,0,2,1,1,1,0.0
202300024327,155 637 491,A01,2,7,0,2,5,19,1,0.0
202300024328,155 637 483,A01,1,7,0,1,1,1,1,0.0
202300024329,155 637 482,A01,1,7,0,1,1,1,1,0.0
202300024330,155 637 481,A01,2,7,0,2,8,2,3,0.0
202300024330,155 637 484,B01,1,7,0,2,1,15,1,0.0
202300024331,155 637 480,A01,1,7,13,9,0,1,1,0.0
202300024332,155 637 478,A01,2,15,13,0,0,13,1,0.0
202300024333,155 637 477,A01,2,7,0,2,1,5,1,0.0
202300024333,155 637 479,B01,1,15,0,2,1,1,1,0.0
202300024334,155 637 472,B01,1,7,0,2,1,1,1,0.0
202300024334,155 637 473,C01,1,15,0,0,6,1,1,0.0
202300024334,155 637 476,A01,1,33,0,0,1,1,1,0.0
202300024335,155 637 471,A01,1,7,0,9,2,17,1,0.0
202300024335,155 637 474,B01,1,1,0,2,3,1,5,0.0
202300024336,155 637 470,A01,2,7,0,2,8,1,1,0.0
202300024336,155 637 475,B01,1,7,0,2,1,1,1,0.0
202300024337,155 637 468,A01,2,10,4,1,3,1,1,0.0
202300024338,155 637 467,A01,1,7,13,0,1,1,1,0.0
202300024339,155 637 466,A01,2,7,0,0,2,17,1,0.0
202300024339,155 637 469,B01,2,10,0,0,2,15,0,0.0
202300024340,155 637 463,A01,1,7,0,2,3,19,2,0.0
202300024340,155 637 465,B01,2,2,0,2,1,13,1,0.0
202300024341,155 637 460,A01,1,7,2,0,8,1,1,0.0
202300024342,155 637 457,A01,2,7,4,0,1,1,1,0.0
202300024342,155 637 458,D01,2,7,1,2,3,1,1,0.0
202300024342,155 637 461,B01,2,7,4,0,5,1,1,0.0
202300024342,155 637 462,E01,2,10,0,2,4,1,1,0.0
202300024342,155 637 464,C01,2,17,0,0,6,24,1,0.0
202300024343,155 637 456,B01,2,7,0,2,1,1,1,0.0
202300024343,155 637 459,A01,1,7,0,2,1,1,1,0.0
202300024344,155 637 453,A01,1,7,0,2,2,2,1,0.0
202300024344,155 637 454,B01,1,17,0,2,4,2,1,0.0
202300024345,155 637 452,A01,1,7,0,2,3,1,1,0.0
202300024345,155 637 455,B01,3,7,0,2,6,9,1,0.0
202300024346,155 637 449,A01,2,33,0,2,8,13,1,0.0
202300024346,155 637 450,B01,1,32,0,2,3,15,1,0.0
202300024347,155 637 447,A01,3,80,0,0,0,0,3,0.0
202300024348,155 637 448,A01,2,7,0,2,1,1,1,0.0
202300024348,155 637 451,B01,1,7,0,2,1,1,1,0.0
202300024349,155 637 441,A01,1,7,0,2,3,5,1,0.0
202300024349,155 637 444,B01,2,7,0,2,2,1,1,0.0
202300024350,155 637 442,A01,2,2,0,0,8,26,1,0.0
202300024351,155 637 440,A01,2,7,0,2,3,0,1,0.0
202300024351,155 637 445,B01,1,7,0,2,8,1,1,0.0
202300024352,155 637 439,A01,3,7,0,2,8,19,1,0.0
202300024352,155 637 443,B01,1,38,7,2,2,1,1,1.0
202300024352,155 637 446,C01,2,7,0,0,0,1,1,0.0
202300024353,155 637 437,A01,3,34,0,2,1,1,1,0.0
202300024353,155 637 438,B01,3,32,0,2,1,17,1,0.0
202300024354,155 637 435,A01,2,7,13,0,3,11,1,0.0
202300024355,155 637 434,A01,1,10,0,2,2,21,1,0.0
202300024355,155 637 436,B01,1,1,0,2,4,0,5,0.0
202300024356,155 637 433,A01,2,7,0,1,1,1,1,0.0
202300024357,155 637 432,A01,3,7,0,1,1,21,1,0.0
202300024358,155 637 431,A01,2,13,0,0,0,17,1,0.0
202300024359,155 637 429,A01,3,7,0,1,1,1,1,0.0
202300024360,155 637 428,A01,1,7,2,0,8,1,1,0.0
202300024361,155 637 427,A01,1,10,0,2,1,17,1,0.0
202300024361,155 637 430,B01,2,38,0,2,1,1,1,1.0
202300024362,155 637 426,A01,2,7,15,0,2,1,1,0.0
202300024363,155 637 424,A01,2,7,2,2,1,5,1,0.0
202300024363,155 637 425,B01,1,7,0,2,1,1,1,0.0
202300024364,155 637 420,A01,2,2,0,0,7,1,1,0.0
202300024365,155 637 419,A01,1,7,0,2,2,18,1,0.0
202300024365,155 637 423,B01,1,7,0,2,3,15,1,0.0
202300024366,155 637 418,A01,1,33,0,0,1,1,1,0.0
202300024366,155 637 422,B01,2,15,0,0,6,19,1,0.0
202300024367,155 637 417,B01,1,10,0,2,1,1,1,0.0
202300024367,155 637 421,A01,1,17,3,0,9,6,1,0.0
202300024368,155 637 416,A01,3,7,0,1,3,16,1,0.0
202300024369,155 637 412,A01,1,7,0,2,1,1,1,0.0
202300024369,155 637 414,B01,1,14,0,0,4,1,1,0.0
202300024370,155 637 410,A01,2,10,0,2,3,19,1,0.0
202300024370,155 637 413,B01,1,7,1,2,2,1,1,0.0
202300024371,155 637 411,B01,0,2,0,2,1,1,1,0.0
202300024371,155 637 415,A01,1,7,0,2,2,19,1,0.0
202300024372,155 637 408,A01,2,7,0,2,3,13,1,0.0
202300024372,155 637 409,B01,1,7,0,2,3,1,1,0.0
202300024373,155 637 406,A01,1,7,2,0,1,14,1,0.0
202300024374,155 637 405,A01,2,7,0,1,3,1,1,0.0
202300024375,155 637 404,C01,1,10,3,2,1,11,1,0.0
202300024375,155 637 407,A01,1,13,0,0,0,1,1,0.0
202300024376,155 637 403,A01,1,33,0,0,0,1,1,0.0
202300024377,155 637 399,A01,1,7,0,0,4,26,1,0.0
202300024377,155 637 402,B01,1,20,0,2,1,2,1,0.0
202300024378,155 637 398,B01,2,7,0,2,1,1,1,0.0
202300024378,155 637 401,A01,2,7,0,2,4,1,1,0.0
202300024379,155 637 397,A01,1,7,0,6,7,21,1,0.0
202300024380,155 637 394,A01,1,7,6,0,1,0,1,0.0
202300024381,155 637 392,A01,2,7,0,2,3,1,1,0.0
202300024381,155 637 395,B01,2,7,0,0,0,1,1,0.0
202300024381,155 637 396,C01,2,7,14,0,1,1,1,0.0
202300024381,155 637 400,D01,2,7,0,0,1,2,1,0.0
202300024382,155 637 390,B01,3,7,0,2,1,1,1,0.0
202300024382,155 637 391,A01,3,31,0,2,1,1,1,0.0
202300024383,155 637 386,B01,1,17,0,2,3,1,6,0.0
202300024383,155 637 389,A01,2,17,0,2,2,13,1,0.0
202300024384,155 637 384,A01,0,7,0,2,1,13,1,0.0
202300024384,155 637 387,B01,0,31,0,2,1,13,0,0.0
202300024385,155 637 385,B01,2,1,0,2,6,1,5,0.0
202300024385,155 637 388,A01,2,0,0,2,0,1,0,0.0
202300024386,155 637 380,C01,1,14,0,2,1,2,1,0.0
202300024386,155 637 381,B01,1,7,0,2,9,2,1,0.0
202300024386,155 637 383,A01,1,17,0,2,4,2,1,0.0
202300024387,155 637 378,A01,1,7,6,0,1,14,2,0.0
202300024388,155 637 377,A01,1,7,0,2,2,19,1,0.0
202300024388,155 637 382,B01,2,7,0,2,3,1,1,0.0
202300024389,155 637 376,A01,2,7,0,2,2,0,1,0.0
202300024389,155 637 379,B01,2,1,0,0,4,0,5,0.0
202300024390,155 637 374,A01,1,7,0,2,4,9,1,0.0
202300024390,155 637 375,B01,1,7,0,2,1,9,1,0.0
202300024391,155 637 371,A01,1,7,0,9,2,15,1,0.0
202300024391,155 637 373,B01,1,1,0,2,1,1,5,0.0
202300024392,155 637 372,A01,1,7,11,0,1,1,1,0.0
202300024393,155 637 368,B01,2,7,0,2,4,2,1,0.0
202300024393,155 637 369,A01,2,7,0,2,1,2,1,0.0
202300024394,155 637 366,A01,1,33,0,0,1,0,1,0.0
202300024395,155 637 363,A01,3,7,0,1,3,0,1,0.0
202300024396,155 637 365,B01,3,7,0,2,7,1,1,0.0
202300024396,155 637 367,A01,1,33,0,2,1,1,1,0.0
202300024397,155 637 359,E01,1,7,0,2,5,1,1,0.0
202300024397,155 637 360,C01,1,7,0,2,4,2,1,0.0
202300024397,155 637 361,B01,1,7,0,2,6,2,1,0.0
202300024397,155 637 362,A01,1,14,0,2,2,2,1,0.0
202300024397,155 637 364,D01,1,7,0,2,2,21,1,0.0
202300024398,155 637 358,A01,1,7,13,0,2,1,3,0.0
202300024399,155 637 357,A01,2,17,0,1,2,1,1,0.0
202300024400,155 637 354,B01,2,7,0,2,6,9,0,0.0
202300024400,155 637 356,A01,2,15,0,2,2,1,0,0.0
202300024401,155 637 352,A01,3,31,3,0,1,1,1,0.0
202300024402,155 637 353,A01,1,7,0,2,6,19,1,0.0
202300024402,155 637 355,B01,1,7,0,2,1,19,1,0.0
202300024403,155 637 348,A01,2,33,0,2,8,13,1,0.0
202300024403,155 637 350,B01,2,7,1,2,7,1,1,0.0
202300024404,155 637 349,A01,1,7,0,2,2,2,0,0.0
202300024404,155 637 351,B01,1,7,0,0,6,1,0,0.0
202300024405,155 637 346,A01,2,10,2,0,2,14,1,0.0
202300024406,155 637 344,A01,1,2,0,2,2,1,3,0.0
202300024406,155 637 347,B01,2,7,0,2,3,1,1,0.0
202300024407,155 637 342,B01,2,15,0,2,4,1,1,0.0
202300024407,155 637 345,A01,2,7,0,2,1,1,1,0.0
202300024408,155 637 338,A01,1,7,4,0,1,1,4,0.0
202300024409,155 637 337,A01,2,7,2,0,1,1,1,0.0
202300024410,155 637 334,A01,1,7,0,2,2,12,1,0.0
202300024410,155 637 336,B01,1,7,0,2,6,1,1,0.0
202300024411,155 637 335,A01,2,1,0,0,0,23,5,0.0
202300024412,155 637 330,A01,1,7,3,0,1,9,1,0.0
202300024413,155 637 332,A01,1,10,2,0,1,0,1,0.0
202300024414,155 637 331,A01,1,7,0,2,7,19,1,0.0
202300024414,155 637 333,B01,2,7,0,2,1,1,1,0.0
202300024415,155 637 328,A01,1,7,4,0,1,1,1,0.0
202300024416,155 637 329,A01,3,10,0,1,1,1,1,0.0
202300024417,155 637 325,A01,1,7,4,0,1,14,1,0.0
202300024418,155 637 327,A01,3,7,2,0,1,1,1,0.0
202300024419,155 637 324,A01,2,10,0,1,5,4,1,0.0
202300024420,155 637 323,A01,2,7,0,2,3,13,1,0.0
202300024420,155 637 326,B01,1,7,0,2,3,1,1,0.0
202300024421,155 637 322,A01,1,7,4,0,2,1,1,0.0
202300024422,155 637 320,A01,2,33,0,1,3,1,1,0.0
202300024423,155 637 318,A01,1,7,4,0,8,17,1,0.0
202300024424,155 637 319,A01,2,7,0,2,3,11,1,0.0
202300024424,155 637 321,B01,2,34,0,2,7,17,1,0.0
202300024425,155 637 315,A01,0,32,0,1,1,11,1,0.0
202300024426,155 637 316,A01,1,7,0,2,1,1,1,0.0
202300024426,155 637 317,B01,1,30,0,2,4,1,1,0.0
202300024427,155 637 312,A01,1,7,0,2,1,1,1,0.0
202300024427,155 637 313,B01,1,7,0,2,4,1,1,0.0
202300024427,155 637 314,C01,1,7,0,2,1,1,1,0.0
202300024428,155 637 311,A01,2,33,0,0,0,0,1,0.0
202300024429,155 637 310,A01,3,10,0,1,4,20,1,0.0
202300024430,155 637 307,A01,1,31,0,2,8,1,1,0.0
202300024430,155 637 308,B01,1,7,0,2,7,0,0,0.0
202300024431,155 637 306,A01,2,15,0,2,6,23,1,0.0
202300024431,155 637 309,B01,2,7,0,2,1,2,1,0.0
202300024432,155 637 304,A01,3,2,0,0,1,1,0,0.0
202300024433,155 637 303,A01,2,33,0,2,1,3,1,0.0
202300024433,155 637 305,B01,2,7,0,2,6,15,1,0.0
202300024434,155 637 302,A01,2,10,2,0,8,0,1,0.0
202300024435,155 637 299,A01,2,7,0,2,5,16,1,0.0
202300024435,155 637 301,B01,1,60,0,0,0,1,5,0.0
202300024436,155 637 297,A01,2,7,0,1,1,1,1,0.0
202300024437,155 637 295,B01,1,7,0,2,1,23,1,0.0
202300024437,155 637 298,A01,2,7,1,0,1,13,1,0.0
202300024438,155 637 292,A01,1,7,0,1,1,1,1,0.0
202300024439,155 637 291,B01,1,33,0,2,0,0,1,0.0
202300024439,155 637 294,A01,1,7,0,2,3,1,1,0.0
202300024440,155 637 288,A01,2,7,8,0,1,13,1,0.0
202300024441,155 637 286,A01,-1,30,8,0,1,1,1,0.0
202300024442,155 637 285,B01,1,7,0,2,7,19,1,0.0
202300024442,155 637 287,A01,2,7,0,2,1,19,1,0.0
202300024443,155 637 281,A01,3,7,0,2,1,19,1,0.0
202300024443,155 637 283,B01,1,7,0,2,7,1,1,0.0
202300024444,155 637 282,A01,1,10,0,2,3,21,1,0.0
202300024444,155 637 284,B01,1,10,0,2,1,2,1,0.0
202300024444,155 637 289,C01,1,7,0,2,5,2,1,0.0
202300024444,155 637 290,D01,1,10,0,2,7,2,1,0.0
202300024444,155 637 293,E01,1,7,0,2,6,2,1,0.0
202300024444,155 637 296,F01,1,10,0,2,4,0,1,0.0
202300024444,155 637 300,G01,1,7,0,2,7,21,1,0.0
202300024445,155 637 280,A01,1,1,0,0,0,21,5,0.0
202300024446,155 637 279,A01,2,7,0,1,1,15,3,0.0
202300024447,155 637 277,A01,3,7,0,2,3,11,1,0.0
202300024447,155 637 278,B01,3,31,0,2,2,1,1,0.0
202300024448,155 637 276,A01,2,33,0,9,1,16,1,0.0
202300024449,155 637 272,A01,3,7,0,1,3,15,1,0.0
202300024450,155 637 273,A01,1,7,0,2,2,16,1,0.0
202300024450,155 637 274,B01,1,30,0,2,3,18,1,0.0
202300024451,155 637 271,A01,0,33,13,0,0,1,0,0.0
202300024452,155 637 270,B01,2,7,0,2,4,2,1,0.0
202300024452,155 637 275,A01,2,7,0,2,1,1,1,0.0
202300024453,155 637 269,A01,1,50,0,0,1,14,3,0.0
202300024454,155 637 267,A01,3,10,0,2,3,14,1,0.0
202300024454,155 637 268,B01,3,50,0,2,8,23,3,0.0
202300024455,155 637 265,A01,3,7,0,1,1,1,1,0.0
202300024456,155 637 262,C01,2,31,0,2,1,8,1,0.0
202300024456,155 637 264,A01,1,7,0,2,7,15,1,0.0
202300024456,155 637 266,B01,1,7,0,2,2,26,0,0.0
202300024457,155 637 259,A01,3,7,0,1,5,20,0,0.0
202300024458,155 637 256,A01,2,17,0,2,1,1,1,0.0
202300024458,155 637 258,C01,2,17,0,2,4,1,1,0.0
202300024458,155 637 260,B01,2,7,0,2,4,1,1,0.0
202300024459,155 637 252,A01,1,7,0,2,3,15,1,0.0
202300024459,155 637 257,B01,1,32,0,2,2,1,1,0.0
202300024460,155 637 253,A01,0,7,0,2,3,1,1,0.0
202300024460,155 637 255,B01,3,1,0,2,2,1,5,0.0
202300024461,155 637 251,A01,3,7,0,2,1,1,1,0.0
202300024461,155 637 254,B01,3,7,0,2,3,1,2,0.0
202300024462,155 637 250,A01,2,7,14,0,1,26,1,0.0
202300024463,155 637 248,A01,3,7,0,1,1,1,1,0.0
202300024464,155 637 246,B01,2,31,0,2,1,1,1,0.0
202300024464,155 637 247,A01,1,7,0,2,2,15,1,0.0
202300024465,155 637 245,A01,1,7,0,2,8,1,1,0.0
202300024465,155 637 249,B01,2,7,0,2,1,1,1,0.0
202300024466,155 637 244,A01,2,17,0,1,1,1,1,0.0
202300024467,155 637 236,B01,2,1,0,2,6,2,5,0.0
202300024467,155 637 238,C01,2,1,0,2,5,2,5,0.0
202300024467,155 637 241,A01,2,10,0,2,2,2,1,0.0
202300024468,155 637 235,A01,2,34,0,2,1,2,1,0.0
202300024468,155 637 239,B01,2,10,0,2,6,2,1,0.0
202300024469,155 637 232,A01,3,7,8,2,1,15,1,0.0
202300024469,155 637 233,B01,3,7,0,2,8,1,1,0.0
202300024469,155 637 237,C01,3,37,0,2,8,0,0,1.0
202300024470,155 637 228,A01,1,7,0,2,1,1,1,0.0
202300024470,155 637 229,B01,1,14,0,2,4,1,1,0.0
202300024471,155 637 227,A01,3,21,1,0,1,1,1,0.0
202300024471,155 637 231,B01,3,35,0,0,4,24,1,0.0
202300024472,155 637 226,A01,1,10,0,1,1,12,1,0.0
202300024473,155 637 221,A01,1,7,0,1,1,1,1,0.0
202300024474,155 637 222,A01,1,7,0,2,8,11,1,0.0
202300024474,155 637 223,B01,1,34,0,2,7,3,1,0.0
202300024475,155 637 219,A01,1,7,12,0,3,13,1,0.0
202300024476,155 637 218,B01,2,7,0,2,0,0,0,0.0
202300024476,155 637 220,A01,1,7,0,2,0,0,1,0.0
202300024477,155 637 216,A01,2,7,0,1,1,15,1,0.0
202300024478,155 637 214,A01,3,7,8,0,1,1,1,0.0
202300024479,155 637 213,B01,0,2,0,2,7,1,1,0.0
202300024479,155 637 217,A01,0,7,0,2,1,1,1,0.0
202300024480,155 637 212,B01,1,7,0,2,4,2,1,0.0
202300024480,155 637 215,A01,1,7,0,2,1,2,1,0.0
202300024481,155 637 210,A01,1,7,0,2,3,1,1,0.0
202300024481,155 637 211,B01,2,7,0,2,3,1,1,0.0
202300024482,155 637 208,A01,3,7,0,1,2,0,1,0.0
202300024483,155 637 207,A01,1,17,4,0,1,1,1,0.0
202300024484,155 637 206,A01,2,7,0,2,4,2,1,0.0
202300024484,155 637 209,B01,2,7,0,2,1,2,1,0.0
202300024485,155 637 204,A01,1,7,0,0,3,1,0,0.0
202300024485,155 637 205,B01,2,10,0,0,3,1,1,0.0
202300024486,155 637 200,A01,2,7,0,2,1,2,1,0.0
202300024486,155 637 203,B01,2,7,0,2,4,23,1,0.0
202300024487,155 637 199,A01,1,7,0,2,4,2,1,0.0
202300024487,155 637 202,B01,1,7,0,2,1,2,1,0.0