num_acc,id_vehicule,num_veh,senc,catv,obs,obsm,choc,manv,motor,occutc
202300025258,155 635 836,A01,1,7,8,2,8,1,2,0.0
202300025258,155 635 837,Z01,2,7,0,2,0,0,0,0.0
202300025259,155 635 832,A01,3,7,0,1,1,4,1,0.0
202300025260,155 635 833,A01,3,7,0,1,2,14,1,0.0
202300025261,155 635 830,A01,3,7,0,2,3,13,1,0.0
202300025261,155 635 831,B01,3,7,9,2,8,1,1,0.0
202300025262,155 635 829,A01,1,7,13,0,1,21,1,0.0
202300025263,155 635 827,B01,1,33,0,2,1,1,1,0.0
202300025263,155 635 828,A01,2,7,0,2,1,1,1,0.0
202300025264,155 635 826,A01,3,35,0,1,1,15,1,0.0
202300025265,155 635 824,A01,3,7,16,0,5,19,1,0.0
202300025265,155 635 825,B01,3,7,0,2,1,19,1,0.0
202300025266,155 635 822,A01,1,7,0,2,1,1,1,0.0
202300025266,155 635 823,B01,2,7,0,2,8,0,1,0.0
202300025267,155 635 821,A01,3,7,0,1,3,1,1,0.0
202300025268,155 635 819,B01,3,33,0,2,1,5,1,0.0
202300025268,155 635 820,A01,3,7,0,2,6,0,1,0.0
202300025269,155 635 816,B01,1,32,0,2,4,2,0,0.0
202300025269,155 635 817,C01,1,7,0,0,4,2,1,0.0
202300025269,155 635 818,A01,1,7,0,2,1,0,1,0.0
202300025270,155 635 814,A01,3,7,0,2,1,1,1,0.0
202300025270,155 635 815,B01,3,7,0,2,4,1,1,0.0
202300025271,155 635 812,A01,2,33,0,2,1,2,1,0.0
202300025271,155 635 813,B01,2,7,0,2,6,2,2,0.0
202300025272,155 635 811,A01,1,50,0,1,8,5,3,0.0
202300025273,155 635 810,A01,3,7,0,1,1,1,1,0.0
202300025274,155 635 809,A01,1,7,0,1,1,1,3,0.0
202300025275,155 635 808,A01,2,33,0,0,0,2,1,0.0
202300025276,155 635 806,A01,2,33,0,2,1,12,1,0.0
202300025276,155 635 807,B01,2,7,0,2,6,1,1,0.0
202300025277,155 635 804,B01,1,7,0,2,5,2,1,0.0
202300025277,155 635 805,A01,1,33,0,2,1,3,1,0.0
202300025278,155 635 802,Z01,1,7,0,1,0,15,1,0.0
202300025279,155 635 801,A01,3,10,0,1,2,15,1,0.0
202300025280,155 635 799,B01,1,2,0,2,8,1,3,0.0
202300025280,155 635 800,Z01,1,7,0,2,7,17,3,0.0
202300025281,155 635 797,B01,2,33,0,2,3,1,1,0.0
202300025281,155 635 798,A01,2,10,0,2,3,15,1,0.0
202300025282,155 635 796,A01,2,50,0,1,1,1,3,0.0
202300025283,155 635 794,B01,2,7,0,2,7,15,1,0.0
202300025283,155 635 795,A01,1,32,0,2,1,2,3,0.0
202300025284,155 635 793,A01,1,80,1,0,2,1,3,0.0
202300025285,155 635 792,A01,2,30,0,1,1,5,1,0.0
202300025286,155 635 791,A01,3,7,0,1,7,1,1,0.0
202300025287,155 635 789,A01,1,7,0,2,2,1,1,0.0
202300025287,155 635 790,B01,1,50,0,2,3,13,3,0.0
202300025288,155 635 787,A01,3,1,0,2,1,13,5,0.0
202300025288,155 635 788,B01,3,7,0,2,0,0,1,0.0
202300025289,155 635 785,B01,2,7,0,2,2,15,1,0.0
202300025289,155 635 786,A01,1,31,0,2,2,17,1,0.0
202300025290,155 635 784,A01,2,7,0,1,1,1,1,0.0
202300025291,155 635 783,A01,3,7,9,0,1,1,1,0.0
202300025292,155 635 781,A01,3,7,0,2,4,15,0,0.0
202300025292,155 635 782,B01,3,30,0,2,0,0,0,0.0
202300025293,155 635 780,A01,3,7,0,1,3,1,1,0.0
202300025294,155 635 779,A01,3,7,0,1,5,1,1,0.0
202300025295,155 635 777,A01,2,7,0,2,3,13,0,0.0
202300025295,155 635 778,B01,2,32,0,2,2,1,1,0.0
202300025296,155 635 775,B01,3,7,0,2,1,1,1,0.0
202300025296,155 635 776,A01,3,7,9,2,8,2,1,0.0
202300025297,155 635 773,A01,2,7,0,2,2,20,1,0.0
202300025297,155 635 774,B01,2,30,0,2,1,1,1,0.0
202300025298,155 635 771,A01,2,7,0,2,5,15,1,0.0
202300025298,155 635 772,B01,1,30,0,2,3,1,1,0.0
202300025299,155 635 769,A01,3,33,0,2,8,11,1,0.0
202300025299,155 635 770,MA01,3,33,0,2,8,11,1,0.0
202300025300,155 635 768,A01,3,7,6,0,0,0,1,0.0
202300025301,155 635 766,B01,1,7,0,2,1,1,1,0.0
202300025301,155 635 767,A01,2,7,1,2,7,19,1,0.0
202300025302,155 635 765,A01,1,7,1,1,2,2,0,0.0
202300025303,155 635 763,B01,1,33,0,2,0,0,1,0.0
202300025303,155 635 764,A01,1,7,0,2,3,15,1,0.0
202300025304,155 635 760,B01,2,7,0,2,4,1,1,0.0
202300025304,155 635 761,A01,2,3,0,2,1,0,0,0.0
202300025304,155 635 762,C01,2,7,0,2,4,1,1,0.0
202300025305,155 635 758,B01,3,7,0,2,5,16,1,0.0
202300025305,155 635 759,A01,3,2,0,2,1,18,1,0.0
202300025306,155 635 756,B01,3,20,0,0,3,0,1,0.0
202300025306,155 635 757,A01,3,30,1,0,0,2,1,0.0
202300025307,155 635 754,B01,1,2,0,2,1,1,3,0.0
202300025307,155 635 755,A01,2,7,0,2,3,1,1,0.0
202300025308,155 635 752,A01,0,7,0,2,6,0,1,0.0
202300025308,155 635 753,B01,0,7,1,0,3,5,1,0.0
202300025309,155 635 750,B01,3,7,0,2,4,23,1,0.0
202300025309,155 635 751,A01,3,7,0,2,1,1,1,0.0
202300025310,155 635 748,A01,0,7,0,2,5,15,1,0.0
202300025310,155 635 749,B01,0,30,0,2,1,1,0,0.0
202300025311,155 635 746,A01,0,33,0,2,1,3,1,0.0
202300025311,155 635 747,B01,0,7,0,0,6,23,1,0.0
202300025312,155 635 744,A01,1,7,0,2,2,16,1,0.0
202300025312,155 635 745,B01,1,1,0,2,1,1,5,0.0
202300025313,155 635 742,A01,3,7,0,2,3,15,1,0.0
202300025313,155 635 743,B01,3,1,0,2,1,2,5,0.0
202300025314,155 635 740,B01,3,1,1,0,0,0,5,0.0
202300025314,155 635 741,A01,3,7,16,0,0,0,0,0.0
202300025315,155 635 738,B01,2,31,0,2,3,1,1,0.0
202300025315,155 635 739,A01,2,10,0,2,2,15,1,0.0
202300025316,155 635 736,A01,1,50,0,2,8,19,3,0.0
202300025316,155 635 737,B01,1,33,0,2,2,1,0,0.0
202300025317,155 635 734,A01,2,7,0,2,2,2,1,0.0
202300025317,155 635 735,B01,2,30,0,2,4,2,1,0.0
202300025318,155 635 733,A01,3,7,0,1,1,1,1,0.0
202300025319,155 635 730,C01,2,7,8,2,1,21,1,0.0
202300025319,155 635 731,A01,1,7,0,0,6,15,1,0.0
202300025319,155 635 732,B01,1,7,0,2,9,2,1,0.0
202300025320,155 635 728,A01,2,10,0,2,2,1,1,0.0
202300025320,155 635 729,B01,2,21,0,2,6,1,1,0.0
202300025321,155 635 726,A01,1,7,0,2,1,1,1,0.0
202300025321,155 635 727,B01,2,2,0,2,1,5,1,0.0
202300025322,155 635 724,A01,2,7,0,2,1,14,1,0.0
202300025322,155 635 725,B01,2,17,0,0,4,1,1,0.0
202300025323,155 635 722,B01,1,7,0,2,1,1,1,0.0
202300025323,155 635 723,A01,1,7,0,2,5,16,1,0.0
202300025324,155 635 721,A01,2,2,0,0,0,1,1,0.0
202300025325,155 635 719,A01,1,7,0,2,1,1,0,0.0
202300025325,155 635 720,B01,2,7,0,2,1,13,0,0.0
202300025326,155 635 718,A01,2,7,13,0,1,1,1,0.0
202300025327,155 635 717,A01,1,14,0,1,6,16,1,0.0
202300025328,155 635 716,A01,1,2,0,0,0,1,1,0.0
202300025329,155 635 714,A01,1,7,13,0,4,15,1,0.0
202300025329,155 635 715,B01,1,7,0,2,1,1,1,0.0
202300025330,155 635 712,B01,0,7,0,0,1,9,1,0.0
202300025330,155 635 713,A01,0,7,0,0,1,21,1,0.0
202300025331,155 635 711,A01,-1,3,13,0,1,16,0,0.0
202300025332,155 635 710,A01,2,1,0,0,9,1,5,0.0
202300025333,155 635 709,A01,1,33,13,0,2,1,1,0.0
202300025334,155 635 707,A01,1,7,0,2,3,9,0,0.0
202300025334,155 635 708,B01,2,7,0,2,2,1,0,0.0
202300025335,155 635 705,A01,1,7,0,2,1,9,1,0.0
202300025335,155 635 706,B01,3,1,0,2,5,1,5,0.0
202300025336,155 635 703,B01,2,7,0,2,1,23,0,0.0
202300025336,155 635 704,A01,2,7,12,0,3,1,0,0.0
202300025337,155 635 702,A01,0,7,0,1,0,1,0,0.0
202300025338,155 635 700,B01,1,7,0,0,1,0,1,0.0
202300025338,155 635 701,A01,2,7,0,0,1,17,1,0.0
202300025339,155 635 698,A01,2,7,0,2,1,13,1,0.0
202300025339,155 635 699,B01,1,7,0,2,1,1,1,0.0
202300025340,155 635 696,A01,2,7,0,2,2,15,1,0.0
202300025340,155 635 697,B01,1,1,0,2,1,1,5,0.0
202300025341,155 635 694,A01,1,21,0,2,3,15,1,0.0
202300025341,155 635 695,B01,1,33,0,0,3,17,1,0.0
202300025342,155 635 693,A01,3,7,0,1,1,1,1,0.0
202300025343,155 635 691,B01,2,33,0,2,3,2,1,0.0
202300025343,155 635 692,A01,2,7,0,2,6,2,1,0.0
202300025344,155 635 689,A01,1,7,0,2,3,1,1,0.0
202300025344,155 635 690,B01,2,2,0,2,1,13,1,0.0
202300025345,155 635 688,A01,1,31,0,6,1,0,1,0.0
202300025346,155 635 686,A01,2,33,0,2,1,1,1,0.0
202300025346,155 635 687,B01,1,7,0,2,5,15,1,0.0
202300025347,155 635 683,C01,1,15,0,2,2,1,1,0.0
202300025347,155 635 684,A01,2,7,0,2,8,3,1,0.0
202300025347,155 635 685,B01,2,7,0,2,6,1,1,0.0
202300025348,155 635 682,A01,1,7,0,0,8,24,1,0.0
202300025349,155 635 681,A01,1,33,7,0,0,1,1,0.0
202300025350,155 635 680,A01,1,10,13,0,1,0,1,0.0
202300025351,155 635 679,A01,0,2,0,0,3,1,1,0.0
202300025352,155 635 677,A01,2,15,0,2,2,1,1,0.0
202300025352,155 635 678,B01,2,1,0,2,4,1,5,0.0
202300025353,155 635 675,B01,2,7,0,2,6,1,1,0.0
202300025353,155 635 676,A01,1,7,6,2,3,1,1,0.0
202300025354,155 635 673,A01,2,7,6,0,1,0,0,0.0
202300025354,155 635 674,B01,1,7,7,0,1,0,0,0.0
202300025355,155 635 671,A01,1,7,0,2,2,17,1,0.0
202300025355,155 635 672,B01,1,1,0,2,3,1,5,0.0
202300025356,155 635 670,A01,0,33,0,0,0,0,1,0.0
202300025357,155 635 668,B01,1,7,13,2,8,1,1,0.0
202300025357,155 635 669,A01,2,7,13,2,1,1,1,0.0
202300025358,155 635 667,A01,3,7,6,0,3,1,0,0.0
202300025359,155 635 666,A01,3,7,0,1,3,1,1,0.0
202300025360,155 635 665,A01,1,7,2,0,1,1,1,0.0
202300025361,155 635 664,A01,2,7,0,0,0,0,1,0.0
202300025362,155 635 662,A01,2,33,0,2,2,17,1,0.0
202300025362,155 635 663,B01,2,7,0,0,3,15,1,0.0
202300025363,155 635 661,A01,1,7,4,0,8,1,1,0.0
202300025364,155 635 659,A01,1,17,0,9,3,15,1,0.0
202300025364,155 635 660,B01,3,1,0,2,7,15,5,0.0
202300025365,155 635 657,A01,1,10,0,2,6,1,1,0.0
202300025365,155 635 658,B01,2,2,0,2,3,1,1,0.0
202300025366,155 635 655,A01,1,7,0,2,1,13,1,0.0
202300025366,155 635 656,B01,2,33,0,2,1,1,1,0.0
202300025367,155 635 653,A01,2,7,0,2,1,0,1,0.0
202300025367,155 635 654,B01,2,14,0,0,5,1,1,0.0
202300025368,155 635 652,A01,2,7,4,0,3,1,1,0.0
202300025369,155 635 650,B01,1,17,0,0,6,2,1,0.0
202300025369,155 635 651,A01,1,10,0,2,1,2,1,0.0
202300025370,155 635 648,A01,0,10,0,0,4,24,1,0.0
202300025370,155 635 649,B01,0,33,1,0,1,18,1,0.0
202300025371,155 635 646,A01,1,7,0,2,6,9,1,0.0
202300025371,155 635 647,B01,2,32,0,2,1,1,1,0.0
202300025372,155 635 645,A01,1,2,0,1,1,1,1,0.0
202300025373,155 635 643,A01,2,7,0,2,1,10,3,0.0
202300025373,155 635 644,B01,1,33,0,2,3,21,1,0.0
202300025374,155 635 640,C01,1,7,0,2,1,1,1,0.0
202300025374,155 635 641,A01,1,7,0,0,4,0,1,0.0
202300025374,155 635 642,B01,1,7,0,2,4,1,1,0.0
202300025375,155 635 639,A01,1,7,0,1,2,15,1,0.0
202300025376,155 635 637,B01,1,80,0,2,8,0,3,0.0
202300025376,155 635 638,A01,1,7,0,2,7,12,1,0.0
202300025377,155 635 635,A01,2,3,0,2,2,13,6,0.0
202300025377,155 635 636,B01,1,7,0,2,3,1,6,0.0
202300025378,155 635 633,A01,2,7,0,2,1,13,1,0.0
202300025378,155 635 634,B01,1,7,0,2,3,21,2,0.0
202300025379,155 635 631,A01,1,7,6,2,3,21,1,0.0
202300025379,155 635 632,B01,2,7,0,2,1,26,1,0.0
202300025380,155 635 628,A01,3,7,0,2,4,23,1,0.0
202300025380,155 635 629,B01,3,14,0,2,1,21,1,0.0
202300025380,155 635 630,C01,3,7,0,2,1,21,1,0.0
202300025381,155 635 626,A01,1,7,0,2,1,2,0,0.0
202300025381,155 635 627,B01,1,32,0,2,4,2,1,0.0
202300025382,155 635 624,A01,1,7,0,2,5,1,1,0.0
202300025382,155 635 625,B01,1,2,0,2,3,1,1,0.0
202300025383,155 635 622,A01,1,1,0,0,4,2,5,0.0
202300025383,155 635 623,B01,1,10,0,2,2,2,1,0.0
202300025384,155 635 620,B01,1,2,0,2,1,1,1,0.0
202300025384,155 635 621,A01,2,7,0,2,2,15,1,0.0
202300025385,155 635 619,A01,2,33,12,0,1,17,1,0.0
202300025386,155 635 617,A01,1,2,0,2,1,1,1,0.0
202300025386,155 635 618,B01,1,10,0,2,5,10,1,0.0
202300025387,155 635 616,A01,1,7,2,0,8,0,1,0.0
202300025388,155 635 614,A01,1,7,0,2,5,1,1,0.0
202300025388,155 635 615,B01,1,33,0,2,1,1,1,0.0
202300025389,155 635 611,A01,1,34,0,2,1,3,1,0.0
202300025389,155 635 612,C01,1,33,0,2,7,1,1,0.0
202300025389,155 635 613,B01,1,7,0,2,6,1,1,0.0
202300025390,155 635 609,B01,2,31,0,2,7,3,1,0.0
202300025390,155 635 610,A01,2,7,0,2,8,11,1,0.0
202300025391,155 635 607,B01,1,15,0,2,2,12,1,0.0
202300025391,155 635 608,A01,1,7,0,2,8,1,1,0.0
202300025392,155 635 606,A01,1,7,4,0,3,13,1,0.0
202300025393,155 635 603,A01,2,7,0,2,1,2,2,0.0
202300025393,155 635 604,B01,2,7,0,2,4,2,1,0.0
202300025393,155 635 605,C01,2,7,0,2,4,2,1,0.0
202300025394,155 635 601,A01,2,7,0,2,1,2,1,0.0
202300025394,155 635 602,B01,2,7,0,2,4,2,1,0.0
202300025395,155 635 599,A01,2,31,0,2,1,26,1,0.0
202300025395,155 635 600,B01,2,10,4,2,5,1,1,0.0
202300025396,155 635 597,A01,2,7,0,2,6,11,1,0.0
202300025396,155 635 598,B01,2,32,0,2,1,3,1,0.0
202300025397,155 635 595,A01,2,33,0,2,1,1,1,0.0
202300025397,155 635 596,B01,2,7,0,2,4,12,1,0.0
202300025398,155 635 592,A01,2,7,0,2,1,1,1,0.0
202300025398,155 635 593,C01,2,7,0,2,4,2,1,0.0
202300025398,155 635 594,B01,2,10,0,2,1,1,1,0.0
202300025399,155 635 590,A01,2,33,0,2,2,1,1,0.0
202300025399,155 635 591,B01,1,7,0,2,4,13,1,0.0
202300025400,155 635 589,A01,2,7,0,0,0,2,1,0.0
202300025401,155 635 587,B01,2,31,0,2,3,3,1,0.0
202300025401,155 635 588,A01,2,99,0,2,5,1,1,0.0
202300025402,155 635 585,B01,2,33,0,2,7,2,1,0.0
202300025402,155 635 586,A01,2,10,0,2,8,11,1,0.0
202300025403,155 635 583,A01,2,10,0,0,0,0,1,0.0
202300025403,155 635 584,B01,2,17,0,0,5,23,1,0.0
202300025404,155 635 578,E01,1,17,0,2,1,1,1,0.0
202300025404,155 635 579,D01,1,10,0,2,1,1,1,0.0
202300025404,155 635 580,C01,2,10,3,2,8,1,1,0.0
202300025404,155 635 581,A01,2,10,0,2,5,23,1,0.0
202300025404,155 635 582,B01,2,7,1,0,3,2,1,0.0
202300025405,155 635 577,A01,3,1,0,1,1,26,5,0.0
202300025406,155 635 575,A01,1,33,0,2,1,2,1,0.0
202300025406,155 635 576,B01,1,7,0,2,5,2,3,0.0
202300025407,155 635 573,B01,1,7,0,2,4,2,1,0.0
202300025407,155 635 574,A01,2,7,0,1,1,1,1,0.0
202300025408,155 635 571,A01,1,3,0,2,0,15,3,0.0
202300025408,155 635 572,B01,1,1,0,2,7,1,5,0.0
202300025409,155 635 569,A01,1,10,0,2,2,11,1,0.0
202300025409,155 635 570,B01,1,7,0,2,3,1,1,0.0
202300025410,155 635 567,A01,2,7,0,2,4,1,0,0.0
202300025410,155 635 568,B01,2,31,0,2,1,2,1,0.0
202300025411,155 635 565,A01,3,7,0,2,1,1,6,0.0
202300025411,155 635 566,B01,3,2,14,0,2,14,6,0.0
202300025412,155 635 564,A01,2,7,14,0,1,1,1,0.0
202300025413,155 635 562,B01,2,7,0,2,1,1,1,0.0
202300025413,155 635 563,A01,1,7,0,2,2,15,1,0.0
202300025414,155 635 561,A01,3,7,0,1,2,25,1,0.0
202300025415,155 635 559,A01,1,14,0,9,0,1,1,0.0
202300025415,155 635 560,Y01,1,1,0,0,0,1,5,0.0
202300025416,155 635 557,A01,2,7,0,2,3,10,1,0.0
202300025416,155 635 558,B01,1,33,1,2,1,1,1,0.0
202300025417,155 635 555,B01,2,50,0,0,1,1,3,0.0
202300025417,155 635 556,A01,2,7,0,0,3,9,1,0.0
202300025418,155 635 553,A01,2,33,14,2,6,17,1,0.0
202300025418,155 635 554,B01,2,7,0,2,6,1,1,0.0
202300025419,155 635 552,A01,1,7,16,0,1,16,1,0.0
202300025420,155 635 550,A01,1,7,0,0,2,2,1,0.0
202300025420,155 635 551,B01,1,1,0,2,8,1,5,0.0
202300025421,155 635 549,A01,1,2,0,0,8,26,1,0.0
202300025422,155 635 547,A01,2,7,0,2,1,2,1,0.0
202300025422,155 635 548,B01,2,2,0,2,4,2,1,0.0
202300025423,155 635 546,A01,1,7,10,0,3,13,1,0.0
202300025424,155 635 544,A01,1,30,0,2,1,1,1,0.0
202300025424,155 635 545,B01,1,7,0,2,4,1,1,0.0
202300025425,155 635 542,B01,2,1,0,2,1,19,5,0.0
202300025425,155 635 543,A01,2,7,0,2,3,15,1,0.0
202300025426,155 635 541,A01,1,7,0,1,3,1,1,0.0
202300025427,155 635 538,B01,3,2,0,2,1,2,1,0.0
202300025427,155 635 539,C01,3,2,0,2,2,2,2,0.0
202300025427,155 635 540,A01,3,10,0,2,3,15,1,0.0
202300025428,155 635 536,B01,0,13,0,0,0,0,1,0.0
202300025428,155 635 537,A01,3,7,0,2,4,23,1,0.0
202300025429,155 635 534,B01,3,1,0,2,8,1,5,0.0
202300025429,155 635 535,A01,3,10,0,2,1,9,1,0.0
202300025430,155 635 532,A01,3,33,0,2,7,13,1,0.0
202300025430,155 635 533,B01,3,10,0,2,8,13,1,0.0
202300025431,155 635 530,A01,1,7,0,2,7,26,1,0.0
202300025431,155 635 531,B01,1,1,0,0,8,26,5,0.0
202300025432,155 635 528,A01,1,7,0,2,0,13,1,0.0
202300025432,155 635 529,B01,2,7,0,2,0,1,1,0.0
202300025433,155 635 527,A01,1,10,1,1,1,26,1,0.0
202300025434,155 635 526,A01,3,7,0,1,0,1,0,0.0
202300025435,155 635 525,A01,1,7,4,0,8,17,1,0.0
202300025436,155 635 523,B01,1,7,0,2,2,0,1,0.0
202300025436,155 635 524,A01,1,7,0,2,0,26,1,0.0
202300025437,155 635 521,A01,2,33,0,2,7,17,1,0.0
202300025437,155 635 522,B01,2,7,0,2,8,15,0,0.0
202300025438,155 635 519,A01,1,33,0,2,1,1,1,0.0
202300025438,155 635 520,B01,2,7,0,2,1,15,1,0.0
202300025439,155 635 518,A01,1,10,0,1,1,1,1,0.0
202300025440,155 635 517,A01,1,7,0,1,3,2,1,0.0
202300025441,155 635 516,A01,3,21,0,0,0,1,1,0.0
202300025442,155 635 513,A01,2,7,0,2,1,1,1,0.0
202300025442,155 635 514,C01,1,7,0,2,8,1,1,0.0
202300025442,155 635 515,B01,1,7,0,2,1,1,1,0.0
202300025443,155 635 510,A01,1,7,0,2,1,13,1,0.0
202300025443,155 635 511,B01,2,7,0,2,1,1,1,0.0
202300025443,155 635 512,C01,2,10,0,2,6,1,1,0.0
202300025444,155 635 509,A01,1,7,4,0,2,14,1,0.0
202300025445,155 635 507,A01,3,50,0,2,1,1,3,0.0
202300025445,155 635 508,B01,1,7,0,0,2,23,1,0.0
202300025446,155 635 503,A01,2,15,0,2,1,1,1,0.0
202300025446,155 635 504,B01,1,7,0,0,0,23,1,0.0
202300025446,155 635 505,C01,1,7,0,2,7,13,1,0.0
202300025446,155 635 506,D01,1,7,0,2,3,1,1,0.0
202300025447,155 635 501,A01,2,20,0,0,4,2,1,0.0
202300025447,155 635 502,B01,2,15,0,2,1,2,1,0.0
202300025448,155 635 498,A01,2,7,0,2,3,13,1,0.0
202300025448,155 635 499,B01,1,7,0,2,3,1,1,0.0
202300025448,155 635 500,C01,1,7,0,2,3,2,1,0.0
202300025449,155 635 496,A01,1,10,0,2,3,13,1,0.0
202300025449,155 635 497,B01,2,14,0,2,3,1,1,0.0
202300025450,155 635 493,C01,2,7,0,2,5,1,0,0.0
202300025450,155 635 494,B01,2,7,0,2,2,12,0,0.0
202300025450,155 635 495,A01,2,33,0,2,3,1,0,0.0
202300025451,155 635 491,B01,1,7,0,2,3,1,1,0.0
202300025451,155 635 492,A01,2,7,12,2,8,1,1,0.0
202300025452,155 635 489,A01,1,33,0,2,2,17,1,0.0
202300025452,155 635 490,B01,1,7,0,2,8,15,0,0.0
202300025453,155 635 488,A01,2,10,0,0,0,1,1,0.0
202300025454,155 635 486,B01,1,1,0,2,1,26,5,0.0
202300025454,155 635 487,A01,1,7,0,2,3,9,1,0.0
202300025455,155 635 485,A01,1,1,0,0,0,1,5,0.0
202300025456,155 635 482,A01,2,7,0,2,3,1,1,0.0
202300025456,155 635 483,B01,1,7,0,2,3,1,1,0.0
202300025457,155 635 480,A01,1,7,0,0,5,1,1,0.0
202300025457,155 635 481,B01,1,43,0,2,1,3,1,0.0
202300025458,155 635 478,B01,2,15,0,2,6,23,1,0.0
202300025458,155 635 479,A01,2,7,0,2,1,2,1,0.0
202300025459,155 635 476,B01,1,7,0,2,8,1,1,0.0
202300025459,155 635 477,A01,3,7,0,2,1,26,1,0.0
202300025460,155 635 475,A01,3,7,0,1,1,1,1,0.0
202300025461,155 635 473,A01,2,10,0,2,3,0,1,0.0
202300025461,155 635 474,B01,2,10,0,2,4,1,1,0.0
202300025462,155 635 472,A01,2,7,0,1,1,1,1,0.0
202300025463,155 635 470,B01,1,2,0,2,1,15,3,0.0
202300025463,155 635 471,A01,1,7,0,2,4,4,1,0.0
202300025464,155 635 468,A01,3,7,0,2,2,26,1,0.0
202300025464,155 635 469,B01,1,33,0,2,1,26,1,0.0
202300025465,155 635 467,A01,1,7,0,1,3,1,1,0.0
202300025466,155 635 466,A01,1,7,0,1,1,1,1,0.0
202300025467,155 635 464,A01,1,7,0,2,1,26,1,0.0
202300025467,155 635 465,B01,1,31,0,2,4,26,1,0.0
202300025468,155 635 463,A01,1,7,0,1,2,1,1,0.0
202300025469,155 635 461,A01,1,7,0,2,8,15,1,0.0
202300025469,155 635 462,B01,1,2,0,2,7,0,3,0.0
202300025470,155 635 460,A01,3,1,0,1,1,1,5,0.0
202300025471,155 635 459,A01,2,7,0,1,6,4,3,0.0
202300025472,155 635 458,A01,1,7,15,0,7,14,1,0.0
202300025473,155 635 455,C01,1,7,0,2,6,2,1,0.0
202300025473,155 635 456,B01,1,7,0,2,6,1,1,0.0
202300025473,155 635 457,A01,1,7,0,2,2,18,1,0.0
202300025474,155 635 453,A01,1,33,0,2,2,13,1,0.0
202300025474,155 635 454,B01,1,10,0,2,6,1,1,0.0
202300025475,155 635 451,A01,1,7,0,2,1,0,1,0.0
202300025475,155 635 452,B01,2,7,0,2,1,0,1,0.0
202300025476,155 635 449,A01,3,7,0,2,3,15,1,0.0
202300025476,155 635 450,B01,3,30,0,2,1,17,1,0.0
202300025477,155 635 447,B01,2,99,0,2,3,15,1,0.0
202300025477,155 635 448,A01,2,30,0,2,2,5,1,0.0
202300025478,155 635 445,A01,2,33,0,2,1,17,1,0.0
202300025478,155 635 446,B01,2,7,0,2,8,21,1,0.0
202300025479,155 635 443,B01,2,7,0,2,4,1,1,0.0
202300025479,155 635 444,A01,2,34,0,2,1,0,1,0.0
202300025480,155 635 441,A01,3,7,0,2,3,17,1,0.0
202300025480,155 635 442,B01,1,7,0,2,6,1,1,0.0
202300025481,155 635 439,B01,1,7,0,2,3,1,1,0.0
202300025481,155 635 440,A01,1,7,4,0,1,6,1,0.0
202300025482,155 635 437,A01,1,7,0,2,3,13,1,0.0
202300025482,155 635 438,B01,2,38,0,2,3,1,1,2.0
202300025483,155 635 435,B01,1,1,0,2,2,1,5,0.0
202300025483,155 635 436,A01,1,10,0,2,3,1,1,0.0
202300025484,155 635 429,A01,1,7,0,2,8,15,1,0.0
202300025484,155 635 430,B01,1,2,0,2,1,1,1,0.0
202300025485,155 635 427,A01,1,7,0,2,1,1,1,0.0
202300025485,155 635 428,B01,1,50,0,2,0,0,3,0.0
202300025486,155 635 425,A01,1,15,0,2,1,1,1,0.0
202300025486,155 635 426,B01,1,15,0,2,4,1,1,0.0
202300025487,155 635 422,A01,1,7,2,0,1,1,1,0.0
202300025488,155 635 419,A01,1,10,0,2,1,1,1,0.0
202300025488,155 635 420,B01,2,21,0,0,4,1,1,0.0
202300025489,155 635 421,A01,2,30,0,2,1,2,1,0.0
202300025489,155 635 423,B01,0,0,0,2,4,1,0,0.0
202300025489,155 635 424,C01,1,7,0,2,1,1,1,0.0
202300025490,155 635 416,A01,1,16,0,2,3,1,1,0.0
202300025490,155 635 418,B01,2,7,0,2,8,1,1,0.0
202300025491,155 635 414,B01,3,7,0,2,8,1,1,0.0
202300025491,155 635 417,A01,2,7,0,2,1,1,1,0.0
202300025492,155 635 409,A01,1,33,0,2,1,21,1,0.0
202300025492,155 635 411,C01,1,33,13,0,3,21,1,0.0
202300025492,155 635 412,B01,1,7,0,2,1,1,1,0.0
202300025493,155 635 407,A01,0,33,0,2,3,26,1,0.0
202300025493,155 635 408,B01,0,7,0,2,2,26,2,0.0
202300025494,155 635 405,A01,1,7,8,0,1,15,1,0.0
202300025495,155 635 404,A01,1,7,13,0,1,1,1,0.0
202300025496,155 635 406,A01,1,7,0,2,1,19,1,0.0
202300025496,155 635 410,B01,2,50,0,2,3,1,3,0.0
202300025497,155 635 403,A01,2,2,16,0,8,15,1,0.0
202300025498,155 635 401,A01,1,33,12,0,1,17,1,0.0
202300025499,155 635 399,A01,2,7,0,1,3,1,1,0.0
202300025500,155 635 400,A01,2,7,0,2,2,0,1,0.0
202300025500,155 635 402,B01,2,7,0,2,1,0,1,0.0
202300025501,155 635 397,A01,2,7,0,2,1,1,1,0.0
202300025501,155 635 398,B01,1,33,0,2,1,13,1,0.0
202300025502,155 635 395,A01,2,7,0,0,9,15,1,0.0
202300025503,155 635 394,A01,1,1,0,0,1,1,5,0.0
202300025504,155 635 391,A01,2,7,0,2,4,13,1,0.0
202300025504,155 635 392,B01,1,7,0,2,1,1,1,0.0