num_acc,id_vehicule,num_veh,senc,catv,obs,obsm,choc,manv,motor,occutc
202300025505,155 635 390,A01,1,7,0,1,3,15,1,0.0
202300025506,155 635 389,A01,1,7,6,0,1,0,1,0.0
202300025507,155 635 388,A01,1,7,0,2,1,1,1,0.0
202300025507,155 635 393,B01,1,7,0,2,5,1,1,0.0
202300025508,155 635 386,A01,1,33,16,2,1,17,1,0.0
202300025508,155 635 387,B01,1,7,0,0,6,19,1,0.0
202300025509,155 635 385,A01,2,32,16,0,8,13,1,0.0
202300025510,155 635 382,A01,1,7,0,9,2,2,0,0.0
202300025510,155 635 384,B01,1,1,0,2,6,2,5,0.0
202300025511,155 635 383,A01,2,30,12,0,1,9,0,0.0
202300025512,155 635 379,B01,2,15,0,2,1,21,1,0.0
202300025512,155 635 381,A01,1,7,0,2,1,11,1,0.0
202300025513,155 635 378,A01,1,30,0,2,0,13,1,0.0
202300025513,155 635 380,B01,1,10,0,2,0,0,1,0.0
202300025514,155 635 377,A01,1,7,13,0,1,1,1,0.0
202300025515,155 635 376,A01,3,7,15,0,1,1,1,0.0
202300025516,155 635 373,A01,2,7,6,0,1,1,1,0.0
202300025517,155 635 374,B01,1,7,12,2,6,15,1,0.0
202300025517,155 635 375,A01,1,14,0,2,2,13,1,0.0
202300025518,155 635 372,A01,2,33,7,0,0,1,1,0.0
202300025519,155 635 370,B01,2,7,0,2,8,15,1,0.0
202300025519,155 635 371,A01,2,33,0,2,7,1,1,0.0
202300025520,155 635 368,A01,2,10,0,2,3,1,1,0.0
202300025520,155 635 369,B01,1,10,0,2,8,1,1,0.0
202300025521,155 635 367,A01,1,33,13,0,1,1,1,0.0
202300025522,155 635 364,A01,1,31,0,0,8,1,1,0.0
202300025523,155 635 365,B01,1,50,0,2,1,1,3,0.0
202300025523,155 635 366,A01,1,7,0,9,3,1,1,0.0
202300025524,155 635 359,C01,2,1,0,2,1,1,5,0.0
202300025524,155 635 361,A01,1,7,0,2,3,1,1,0.0
202300025524,155 635 363,B01,2,1,0,2,1,1,5,0.0
202300025525,155 635 360,A01,-1,7,0,2,4,-1,-1,0.0
202300025525,155 635 362,B01,-1,7,0,0,4,-1,-1,0.0
202300025526,155 635 355,B01,3,7,0,2,1,1,1,0.0
202300025526,155 635 358,A01,3,10,0,1,1,26,1,0.0
202300025527,155 635 356,B01,1,10,0,2,1,26,1,0.0
202300025527,155 635 357,A01,1,7,0,2,4,26,1,0.0
202300025528,155 635 352,B01,2,2,0,2,1,1,1,0.0
202300025528,155 635 354,A01,1,7,0,2,7,19,1,0.0
202300025529,155 635 351,A01,0,7,0,9,6,15,1,0.0
202300025529,155 635 353,B01,3,99,0,2,1,17,3,0.0
202300025530,155 635 350,A01,0,10,3,0,2,1,1,0.0
202300025531,155 635 348,B01,3,33,0,2,2,17,1,0.0
202300025531,155 635 349,A01,3,7,0,2,3,15,1,0.0
202300025532,155 635 346,A01,1,10,0,1,1,1,1,0.0
202300025533,155 635 345,A01,3,7,8,2,7,19,1,0.0
202300025533,155 635 347,B01,0,7,0,2,1,1,1,0.0
202300025534,155 635 343,A01,1,7,0,2,1,2,1,0.0
202300025534,155 635 344,B01,1,7,0,0,4,2,1,0.0
202300025535,155 635 339,A01,2,7,0,2,1,1,1,0.0
202300025535,155 635 340,B01,1,33,3,2,1,13,1,0.0
202300025536,155 635 337,C01,2,7,0,2,4,23,1,0.0
202300025536,155 635 338,B01,2,7,0,2,4,23,1,0.0
202300025536,155 635 341,A01,2,17,0,2,3,1,1,0.0
202300025536,155 635 342,D01,2,7,0,2,4,23,1,0.0
202300025537,155 635 336,A01,3,3,0,0,1,0,1,0.0
202300025538,155 635 334,A01,2,33,11,0,7,1,1,0.0
202300025539,155 635 335,A01,1,7,0,1,2,1,1,0.0
202300025540,155 635 330,A01,2,7,0,2,1,9,1,0.0
202300025540,155 635 333,B01,2,33,0,2,2,1,1,0.0
202300025541,155 635 331,A01,1,7,0,2,1,1,1,0.0
202300025541,155 635 332,B01,1,7,0,2,4,1,1,0.0
202300025542,155 635 329,A01,2,10,8,0,1,1,1,0.0
202300025543,155 635 327,A01,2,7,0,2,0,9,1,0.0
202300025543,155 635 328,B01,2,1,0,2,0,1,5,0.0
202300025544,155 635 326,A01,1,7,16,0,1,2,1,0.0
202300025545,155 635 322,B01,2,99,0,2,1,0,1,0.0
202300025545,155 635 323,A01,1,7,0,2,1,1,1,0.0
202300025546,155 635 324,B01,-1,31,0,2,8,1,0,0.0
202300025546,155 635 325,A01,-1,7,0,2,1,15,1,0.0
202300025547,155 635 321,A01,2,7,2,0,1,1,1,0.0
202300025548,155 635 319,A01,1,7,2,0,1,14,1,0.0
202300025549,155 635 317,A01,1,33,0,0,8,2,1,0.0
202300025550,155 635 316,A01,2,33,8,0,0,0,1,0.0
202300025551,155 635 318,B01,0,1,1,2,7,19,5,0.0
202300025551,155 635 320,A01,0,7,0,2,2,19,1,0.0
202300025552,155 635 315,A01,1,33,0,0,1,1,1,0.0
202300025553,155 635 312,A01,1,10,0,0,9,1,1,0.0
202300025554,155 635 313,A01,3,7,0,0,2,1,1,0.0
202300025554,155 635 314,B01,3,50,0,0,1,1,3,0.0
202300025555,155 635 310,A01,2,7,2,0,1,0,1,0.0
202300025556,155 635 308,A01,1,7,0,1,2,14,0,0.0
202300025557,155 635 307,A01,1,7,0,2,1,1,1,0.0
202300025557,155 635 309,B01,1,7,0,2,2,1,1,0.0
202300025558,155 635 304,A01,1,7,0,2,3,9,1,0.0
202300025558,155 635 306,B01,1,1,0,2,7,2,5,0.0
202300025559,155 635 303,B01,1,2,0,2,7,1,1,0.0
202300025559,155 635 305,A01,1,7,0,2,8,26,1,0.0
202300025560,155 635 300,A01,1,7,0,2,3,5,1,0.0
202300025560,155 635 302,B01,2,7,0,2,3,5,1,0.0
202300025561,155 635 299,B01,2,7,0,2,5,2,1,0.0
202300025561,155 635 301,A01,1,7,0,2,1,1,1,0.0
202300025562,155 635 296,B01,2,33,0,2,8,1,1,0.0
202300025562,155 635 297,A01,2,7,0,2,2,1,1,0.0
202300025563,155 635 294,B01,1,10,0,2,3,1,1,0.0
202300025563,155 635 295,C01,2,33,0,0,4,1,1,0.0
202300025563,155 635 298,A01,2,33,0,2,3,13,1,0.0
202300025564,155 635 292,B01,1,7,0,2,1,1,1,0.0
202300025564,155 635 293,A01,2,7,0,2,5,15,1,0.0
202300025565,155 635 291,A01,1,7,13,0,0,13,1,0.0
202300025566,155 635 289,A01,1,7,0,2,8,9,3,0.0
202300025566,155 635 290,B01,2,1,0,2,1,1,5,0.0
202300025567,155 635 287,A01,1,7,0,2,1,1,1,0.0
202300025567,155 635 288,B01,2,7,0,2,1,1,1,0.0
202300025568,155 635 285,A01,1,34,0,2,2,1,1,0.0
202300025568,155 635 286,B01,1,7,0,2,1,16,2,0.0
202300025569,155 635 283,A01,1,7,1,0,2,14,1,0.0
202300025570,155 635 282,A01,0,7,0,2,1,1,1,0.0
202300025570,155 635 284,B01,0,7,0,2,1,9,1,0.0
202300025571,155 635 280,A01,0,33,0,2,4,12,1,0.0
202300025571,155 635 281,B01,0,7,0,2,1,1,1,0.0
202300025572,155 635 279,A01,2,7,6,0,2,1,1,0.0
202300025573,155 635 277,A01,3,7,0,2,0,13,1,0.0
202300025573,155 635 278,B01,3,30,0,2,2,17,3,0.0
202300025574,155 635 275,A01,1,7,0,1,4,26,1,0.0
202300025575,155 635 274,A01,1,2,0,2,1,19,1,0.0
202300025575,155 635 276,B01,2,7,0,2,3,1,1,0.0
202300025576,155 635 272,B01,3,2,0,2,1,1,1,0.0
202300025576,155 635 273,A01,3,7,0,2,3,9,1,0.0
202300025577,155 635 270,A01,3,2,0,0,8,2,1,0.0
202300025577,155 635 271,B01,3,21,0,2,5,26,0,0.0
202300025578,155 635 268,A01,3,30,0,2,1,1,1,0.0
202300025578,155 635 269,B01,3,7,0,2,3,1,3,0.0
202300025579,155 635 267,A01,1,32,14,0,0,0,0,0.0
202300025580,155 635 266,A01,3,7,15,0,1,1,1,0.0
202300025581,155 635 265,A01,3,7,0,1,4,4,-1,0.0
202300025582,155 635 264,A01,3,33,17,0,1,1,1,0.0
202300025583,155 635 261,B01,1,50,0,2,4,2,3,0.0
202300025583,155 635 262,A01,1,30,0,2,1,2,0,0.0
202300025584,155 635 259,A01,3,7,0,2,2,15,1,0.0
202300025584,155 635 260,B01,3,2,0,2,8,1,1,0.0
202300025585,155 635 256,A01,2,7,0,2,1,1,1,0.0
202300025585,155 635 257,C01,2,7,0,2,4,1,1,0.0
202300025585,155 635 258,B01,2,7,0,2,9,1,1,0.0
202300025586,155 635 253,A01,1,7,13,0,9,1,1,0.0
202300025587,155 635 254,A01,2,7,0,0,6,10,1,0.0
202300025587,155 635 255,B01,2,33,0,0,1,1,1,0.0
202300025588,155 635 249,B01,2,7,0,2,5,1,1,0.0
202300025588,155 635 252,A01,1,1,0,2,1,1,5,0.0
202300025589,155 635 250,A01,1,14,0,2,2,15,0,0.0
202300025589,155 635 251,B01,1,10,0,2,1,1,0,0.0
202300025590,155 635 246,A01,3,7,0,2,1,1,1,0.0
202300025590,155 635 248,B01,0,7,0,0,4,1,1,0.0
202300025591,155 635 247,A01,1,7,13,0,7,26,1,0.0
202300025592,155 635 244,A01,1,34,0,0,0,0,0,0.0
202300025592,155 635 245,B01,3,7,0,2,1,15,0,0.0
202300025593,155 635 241,A01,1,37,0,2,3,13,6,1.0
202300025593,155 635 242,B01,3,7,0,2,2,0,1,0.0
202300025594,155 635 240,B01,2,33,0,2,6,15,1,0.0
202300025594,155 635 243,A01,2,33,0,2,1,1,1,0.0
202300025595,155 635 238,B01,2,7,0,2,3,1,1,0.0
202300025595,155 635 239,A01,2,33,0,2,1,15,1,0.0
202300025596,155 635 237,A01,2,7,14,0,1,1,1,0.0
202300025597,155 635 236,A01,1,30,0,0,0,1,1,0.0
202300025598,155 635 234,A01,2,7,9,1,2,1,1,0.0
202300025599,155 635 231,A01,1,33,0,2,1,1,1,0.0
202300025599,155 635 233,B01,0,7,0,2,3,16,1,0.0
202300025600,155 635 232,B01,1,7,0,2,8,1,1,0.0
202300025600,155 635 235,A01,1,7,0,2,7,17,1,0.0
202300025601,155 635 229,A01,1,7,0,2,3,11,1,0.0
202300025601,155 635 230,B01,1,33,0,2,1,3,1,0.0
202300025602,155 635 225,A01,2,43,0,2,1,3,1,0.0
202300025602,155 635 226,B01,2,7,0,2,5,1,1,0.0
202300025603,155 635 227,A01,3,7,0,2,6,1,1,0.0
202300025603,155 635 228,B01,3,2,0,2,1,1,1,0.0
202300025604,155 635 223,A01,2,43,0,2,1,3,1,0.0
202300025604,155 635 224,B01,2,33,0,2,4,11,1,0.0
202300025605,155 635 221,B01,2,7,0,2,6,1,1,0.0
202300025605,155 635 222,A01,2,14,0,2,2,12,1,0.0
202300025606,155 635 217,A01,2,1,0,2,7,15,5,0.0
202300025606,155 635 218,B01,1,50,0,2,1,1,3,0.0
202300025607,155 635 219,A01,0,7,0,0,4,23,1,0.0
202300025607,155 635 220,B01,0,7,0,2,1,0,1,0.0
202300025608,155 635 215,B01,1,7,0,2,3,1,1,0.0
202300025608,155 635 216,A01,2,30,0,2,7,17,3,0.0
202300025609,155 635 214,A01,2,7,0,0,-1,1,1,0.0
202300025610,155 635 213,Z01,1,7,0,1,0,1,1,0.0
202300025611,155 635 212,A01,2,7,13,0,1,0,0,0.0
202300025612,155 635 210,A01,2,43,0,2,2,5,1,0.0
202300025612,155 635 211,B01,2,7,0,2,3,15,1,0.0
202300025613,155 635 206,A01,1,7,0,2,2,16,1,0.0
202300025613,155 635 208,B01,1,7,0,2,1,1,1,0.0
202300025614,155 635 205,C01,2,7,0,2,1,1,1,0.0
202300025614,155 635 207,A01,2,7,0,2,4,23,2,0.0
202300025614,155 635 209,B01,2,7,0,2,4,23,1,0.0
202300025615,155 635 202,A01,2,1,0,2,8,15,5,0.0
202300025615,155 635 204,Z01,2,1,0,2,7,14,5,0.0
202300025616,155 635 200,C01,1,7,0,0,1,1,1,0.0
202300025616,155 635 201,A01,2,7,0,0,1,2,1,0.0
202300025616,155 635 203,B01,2,7,0,0,4,15,1,0.0
202300025617,155 635 198,A01,1,7,0,2,3,15,1,0.0
202300025617,155 635 199,B01,2,1,0,2,1,1,5,0.0
202300025618,155 635 195,C01,1,1,0,0,4,23,5,0.0
202300025618,155 635 196,A01,1,7,0,2,1,1,2,0.0
202300025618,155 635 197,B01,1,30,0,2,4,1,3,0.0
202300025619,155 635 193,B01,1,10,0,2,2,2,1,0.0
202300025619,155 635 194,A01,1,7,4,0,6,1,1,0.0
202300025620,155 635 191,A01,2,30,0,2,0,21,1,0.0
202300025620,155 635 192,B01,1,7,0,2,0,10,1,0.0
202300025621,155 635 190,A01,2,33,3,0,8,0,1,0.0
202300025622,155 635 189,A01,1,10,0,1,2,16,1,0.0
202300025623,155 635 187,A01,1,7,0,2,1,1,1,0.0
202300025623,155 635 188,B01,1,7,3,2,4,1,1,0.0
202300025624,155 635 185,A01,1,7,0,2,3,15,2,0.0
202300025624,155 635 186,B01,1,50,0,2,2,1,3,0.0
202300025625,155 635 183,A01,2,7,0,1,1,1,1,0.0
202300025626,155 635 184,B01,1,10,0,1,5,13,1,0.0
202300025627,155 635 181,B01,1,7,0,2,8,9,0,0.0
202300025627,155 635 182,A01,2,1,0,2,1,5,5,0.0
202300025628,155 635 177,A01,2,7,0,2,7,16,1,0.0
202300025628,155 635 179,B01,2,43,0,2,8,1,1,0.0
202300025629,155 635 178,A01,1,7,0,2,2,16,1,0.0
202300025629,155 635 180,B01,1,2,0,2,3,18,1,0.0
202300025630,155 635 174,B01,2,32,0,0,0,0,1,0.0
202300025630,155 635 176,A01,2,7,0,2,0,0,1,0.0
202300025631,155 635 175,A01,2,7,3,0,2,1,1,0.0
202300025632,155 635 173,A01,3,7,15,0,1,26,1,0.0
202300025633,155 635 172,A01,2,7,4,0,3,2,1,0.0
202300025634,155 635 170,A01,1,30,0,2,1,1,1,0.0
202300025634,155 635 171,B01,1,7,0,2,4,15,1,0.0
202300025635,155 635 167,B01,0,7,0,2,1,1,1,0.0
202300025635,155 635 168,A01,0,7,0,2,7,15,1,0.0
202300025636,155 635 164,A01,3,7,0,0,0,0,1,0.0
202300025636,155 635 165,B01,3,50,0,2,8,1,3,0.0
202300025637,155 635 163,A01,3,7,0,2,6,10,1,0.0
202300025637,155 635 166,B01,3,33,0,2,1,9,1,0.0
202300025638,155 635 161,B01,0,7,0,2,3,1,1,0.0
202300025638,155 635 162,A01,0,7,0,2,1,13,1,0.0
202300025639,155 635 159,A01,2,34,0,2,1,5,1,0.0
202300025639,155 635 160,B01,1,34,0,2,1,1,1,0.0
202300025640,155 635 157,A01,2,7,0,2,1,2,1,0.0
202300025640,155 635 158,B01,2,7,0,0,4,2,1,0.0
202300025641,155 635 155,A01,2,7,0,2,1,19,1,0.0
202300025641,155 635 156,B01,2,7,1,2,6,1,1,0.0
202300025642,155 635 154,A01,1,33,0,1,1,1,1,0.0
202300025643,155 635 151,B01,1,7,0,2,1,1,1,0.0
202300025643,155 635 152,A01,2,30,0,2,2,15,1,0.0
202300025644,155 635 149,A01,3,1,0,1,1,1,5,0.0
202300025645,155 635 147,B01,2,33,0,0,4,23,1,0.0
202300025645,155 635 148,A01,2,14,0,2,1,16,1,0.0
202300025646,155 635 150,A01,1,7,0,2,1,2,1,0.0
202300025646,155 635 153,B01,1,33,0,2,4,2,1,0.0
202300025647,155 635 146,Z01,3,1,0,1,0,0,0,0.0
202300025648,155 635 145,A01,2,33,0,0,8,1,1,0.0
202300025649,155 635 142,A01,1,34,0,2,3,13,1,0.0
202300025649,155 635 144,B01,1,80,0,2,3,1,3,0.0
202300025650,155 635 141,Z01,2,7,0,0,0,0,0,0.0
202300025651,155 635 140,A01,2,7,0,2,8,15,1,0.0
202300025651,155 635 143,B01,2,31,0,2,1,17,1,0.0
202300025652,155 635 139,A01,2,7,0,1,1,1,1,0.0
202300025653,155 635 138,A01,3,7,6,0,1,1,1,0.0
202300025654,155 635 135,A01,1,32,0,2,1,1,0,0.0
202300025654,155 635 137,B01,0,7,0,2,3,15,1,0.0
202300025655,155 635 134,A01,1,7,0,2,3,10,1,0.0
202300025655,155 635 136,B01,1,2,0,2,9,2,1,0.0
202300025656,155 635 133,A01,1,10,0,1,2,1,1,0.0
202300025657,155 635 130,A01,2,33,0,0,0,0,1,0.0
202300025658,155 635 128,A01,2,7,0,2,3,9,1,0.0
202300025658,155 635 132,B01,3,1,0,2,7,1,5,0.0
202300025659,155 635 127,A01,2,7,0,2,1,13,1,0.0
202300025659,155 635 129,C01,1,7,0,2,1,1,1,0.0
202300025659,155 635 131,B01,1,7,0,2,9,0,1,0.0
202300025660,155 635 124,A01,2,7,0,1,2,1,1,0.0
202300025661,155 635 123,B01,1,7,0,2,0,1,1,0.0
202300025661,155 635 126,A01,2,30,0,2,0,21,3,0.0
202300025662,155 635 121,A01,2,7,0,2,1,1,1,0.0
202300025662,155 635 122,B01,1,7,0,2,1,17,1,0.0
202300025662,155 635 125,C01,2,7,0,2,5,1,1,0.0
202300025663,155 635 120,A01,2,7,2,0,1,14,0,0.0
202300025664,155 635 119,A01,2,7,0,1,1,1,1,0.0
202300025665,155 635 115,A01,2,33,0,2,7,17,1,0.0
202300025665,155 635 118,B01,2,10,0,2,8,15,1,0.0
202300025666,155 635 114,B01,2,7,0,2,3,21,1,0.0
202300025666,155 635 117,A01,1,7,0,2,3,16,1,0.0
202300025667,155 635 113,A01,2,7,0,0,8,1,1,0.0
202300025667,155 635 116,B01,1,7,0,0,1,1,1,0.0
202300025668,155 635 111,A01,3,7,2,0,1,17,1,0.0
202300025669,155 635 110,A01,2,33,12,0,1,1,1,0.0
202300025670,155 635 109,A01,1,33,0,2,1,17,1,0.0
202300025670,155 635 112,B01,1,7,0,0,6,15,1,0.0
202300025671,155 635 106,A01,2,7,0,2,1,1,1,0.0
202300025671,155 635 108,B01,3,7,0,2,3,16,1,0.0
202300025672,155 635 104,A01,2,7,0,2,5,15,1,0.0
202300025672,155 635 107,B01,1,2,0,2,1,1,1,0.0
202300025673,155 635 101,B01,0,7,0,9,1,1,1,0.0
202300025673,155 635 103,A01,0,50,0,2,1,16,3,0.0
202300025674,155 635 099,A01,1,7,0,2,5,17,1,0.0
202300025674,155 635 102,B01,1,7,12,2,3,2,1,0.0
202300025675,155 635 098,A01,1,7,0,2,1,13,1,0.0
202300025675,155 635 100,B01,2,7,0,2,1,1,1,0.0
202300025676,155 635 096,A01,3,33,0,1,7,1,1,0.0
202300025677,155 635 094,B01,2,7,0,2,0,1,1,0.0
202300025677,155 635 097,A01,0,7,0,2,2,1,1,0.0
202300025678,155 635 092,A01,1,1,0,2,3,19,5,0.0
202300025678,155 635 095,B01,2,15,0,2,1,1,1,0.0
202300025679,155 635 091,A01,2,7,0,2,3,13,1,0.0
202300025679,155 635 093,B01,1,7,8,2,3,0,1,0.0
202300025680,155 635 088,A01,1,7,0,2,1,1,1,0.0
202300025680,155 635 090,B01,2,7,0,2,6,1,3,0.0
202300025681,155 635 086,A01,1,7,0,2,3,1,1,0.0
202300025681,155 635 089,B01,2,7,0,2,3,1,1,0.0
202300025682,155 635 087,A01,2,7,2,0,1,1,1,0.0
202300025683,155 635 083,A01,2,7,12,2,8,1,0,0.0
202300025683,155 635 085,B01,1,7,0,2,8,5,0,0.0
202300025684,155 635 084,A01,1,37,0,1,2,9,6,1.0
202300025685,155 635 080,A01,2,17,13,0,0,1,1,0.0
202300025686,155 635 081,A01,3,33,0,2,1,1,1,0.0
202300025686,155 635 082,B01,3,7,0,2,3,15,1,0.0
202300025687,155 635 074,C01,1,7,0,2,4,2,1,0.0
202300025687,155 635 078,B01,1,7,0,2,4,2,1,0.0
202300025687,155 635 079,A01,1,7,0,2,1,2,1,0.0
202300025688,155 635 073,B01,1,7,0,2,4,23,1,0.0
202300025688,155 635 075,A01,1,10,0,2,8,15,1,0.0
202300025688,155 635 077,C01,1,7,0,2,1,1,1,0.0
202300025689,155 635 072,A01,1,7,0,2,1,15,1,0.0
202300025689,155 635 076,B01,2,2,0,2,1,1,1,0.0
202300025690,155 635 071,A01,3,33,14,0,1,0,1,0.0
202300025691,155 635 070,A01,1,7,2,0,1,13,1,0.0
202300025692,155 635 069,A01,1,7,8,0,8,13,1,0.0
202300025693,155 635 067,A01,2,7,13,0,2,14,1,0.0
202300025694,155 635 065,A01,1,7,0,2,1,15,1,0.0
202300025694,155 635 068,B01,1,50,0,2,8,19,3,0.0
202300025695,155 635 064,A01,1,7,14,0,6,0,1,0.0
202300025695,155 635 066,B01,1,7,1,0,2,1,1,0.0
202300025696,155 635 061,B01,1,7,0,2,3,15,1,0.0
202300025696,155 635 063,A01,1,33,0,2,8,17,1,0.0
202300025697,155 635 058,D01,1,7,0,2,1,1,0,0.0
202300025697,155 635 059,A01,1,7,0,0,4,23,0,0.0
202300025697,155 635 060,B01,1,7,0,2,4,23,0,0.0
202300025697,155 635 062,C01,1,7,0,2,4,1,0,0.0
202300025698,155 635 055,A01,1,7,0,2,1,5,1,0.0
202300025698,155 635 057,B01,1,7,0,2,1,1,1,0.0
202300025699,155 635 056,A01,2,7,0,1,3,26,1,0.0
202300025700,155 635 052,A01,0,7,2,0,1,0,0,0.0
202300025701,155 635 051,B01,2,33,0,2,8,1,1,0.0
202300025701,155 635 053,A01,1,7,0,2,2,15,1,0.0
202300025702,155 635 050,A01,1,7,15,2,2,5,1,0.0
202300025702,155 635 054,B01,2,7,0,2,1,1,1,0.0
202300025703,155 635 046,B01,0,1,0,2,1,1,5,0.0
202300025703,155 635 049,A01,0,10,0,2,8,15,1,0.0
202300025704,155 635 048,A01,1,33,13,0,1,1,1,0.0
202300025705,155 635 044,A01,3,10,8,0,1,1,1,0.0
202300025706,155 635 043,A01,1,7,0,2,1,13,1,0.0
202300025706,155 635 045,B01,2,10,0,2,6,1,1,0.0
202300025706,155 635 047,C01,2,7,0,2,1,1,1,0.0
202300025707,155 635 041,A01,0,30,0,2,2,17,1,0.0
202300025707,155 635 042,B01,1,7,0,2,8,15,1,0.0
202300025708,155 635 038,B01,2,7,0,2,5,23,1,0.0
202300025708,155 635 040,A01,2,31,0,2,1,1,1,0.0
202300025709,155 635 035,A01,3,7,0,2,1,1,1,0.0
202300025709,155 635 037,B01,3,7,0,2,4,1,1,0.0
202300025710,155 635 036,A01,1,33,0,2,2,2,1,0.0
202300025710,155 635 039,B01,1,7,0,0,4,2,2,0.0
202300025711,155 635 032,A01,2,7,0,2,1,1,1,0.0
202300025711,155 635 034,B01,2,7,0,2,4,1,1,0.0
202300025712,155 635 031,A01,3,36,0,0,7,1,1,0.0
202300025713,155 635 030,A01,1,7,0,2,8,10,1,0.0
202300025713,155 635 033,B01,1,33,0,2,1,13,1,0.0
202300025714,155 635 029,A01,1,33,0,2,2,17,1,0.0
202300025715,155 635 028,A01,1,7,13,0,9,1,1,0.0
202300025716,155 635 027,A01,1,7,6,0,3,13,1,0.0
202300025717,155 635 018,A01,1,7,0,2,1,1,1,0.0
202300025717,155 635 020,E01,1,7,0,2,4,1,2,0.0
202300025717,155 635 023,C01,1,7,0,2,4,1,1,0.0
202300025717,155 635 025,B01,1,7,0,2,4,1,1,0.0
202300025717,155 635 026,D01,1,7,0,2,4,1,1,0.0
202300025718,155 635 021,A01,2,7,0,2,2,9,1,0.0
202300025718,155 635 024,B01,2,33,0,2,1,1,1,0.0
202300025719,155 635 019,A01,1,2,0,2,1,1,1,0.0
202300025719,155 635 022,B01,1,7,0,2,6,1,1,0.0
202300025720,155 635 014,B01,1,50,0,2,8,1,3,0.0
202300025720,155 635 017,A01,1,7,0,9,1,9,1,0.0
202300025721,155 635 015,A01,1,7,0,2,1,5,1,0.0
202300025721,155 635 016,B01,2,7,0,2,1,5,1,0.0
202300025722,155 635 010,A01,2,7,2,0,1,13,1,0.0
202300025723,155 635 011,A01,2,7,0,2,3,9,1,0.0
202300025723,155 635 013,B01,2,33,0,2,7,1,1,0.0
202300025724,155 635 009,A01,2,7,0,9,2,0,1,0.0
202300025724,155 635 012,B01,2,80,0,2,8,0,5,0.0
202300025725,155 635 006,A01,1,33,0,2,1,18,1,0.0
202300025725,155 635 008,B01,2,7,0,2,6,15,1,0.0
202300025726,155 635 005,A01,2,7,0,2,1,1,1,0.0
202300025726,155 635 007,B01,2,14,0,2,3,1,1,0.0
202300025727,155 635 004,A01,1,7,15,0,9,17,1,0.0
202300025728,155 635 002,B01,2,7,0,2,1,1,1,0.0
202300025728,155 635 003,A01,1,7,0,2,1,9,1,0.0
202300025729,155 634 999,A01,2,32,0,0,0,1,1,0.0
202300025730,155 635 000,B01,1,7,0,2,3,1,1,0.0
202300025730,155 635 001,A01,2,7,0,2,3,13,1,0.0
202300025731,155 634 998,A01,2,50,0,0,7,1,3,0.0
202300025732,155 634 995,A01,2,7,0,0,3,13,1,0.0
202300025732,155 634 997,B01,1,10,0,0,3,1,1,0.0
202300025733,155 634 993,A01,1,13,0,2,1,1,1,0.0
202300025733,155 634 994,B01,1,7,0,2,4,15,1,0.0
202300025734,155 634 990,A01,1,7,0,2,3,13,1,0.0
202300025734,155 634 996,B01,2,7,0,2,3,1,1,0.0
202300025735,155 634 991,A01,2,7,0,2,1,19,0,0.0
202300025735,155 634 992,B01,1,7,0,2,3,1,0,0.0
202300025736,155 634 988,A01,3,30,0,2,4,23,0,0.0
202300025736,155 634 989,B01,3,7,0,2,4,2,0,0.0
202300025737,155 634 984,A01,2,7,0,2,3,10,1,0.0
202300025737,155 634 987,B01,2,33,0,2,1,17,1,0.0
202300025738,155 634 983,A01,1,10,0,2,2,1,1,0.0
202300025738,155 634 985,B01,1,7,0,2,3,9,1,0.0
202300025739,155 634 980,A01,2,7,0,2,8,13,1,0.0
202300025739,155 634 982,B01,2,43,0,2,7,17,0,0.0
202300025740,155 634 979,A01,2,7,0,0,4,1,1,0.0
202300025740,155 634 981,B01,2,2,0,2,1,2,1,0.0
202300025741,155 634 977,A01,0,7,12,0,1,1,1,0.0
202300025741,155 634 978,B01,0,7,0,2,1,1,1,0.0
202300025742,155 634 973,A01,1,33,0,2,1,17,1,0.0
202300025742,155 634 975,B01,1,7,0,2,8,15,1,0.0
202300025743,155 634 971,B01,2,7,0,2,4,2,1,0.0
202300025743,155 634 972,A01,2,10,0,2,1,1,1,0.0
202300025744,155 634 974,B01,1,7,3,2,1,1,1,0.0
202300025744,155 634 976,A01,3,7,3,2,8,1,1,0.0
202300025745,155 634 969,A01,2,7,0,2,4,26,1,0.0
202300025746,155 634 967,A01,2,7,4,2,3,26,1,0.0
202300025746,155 634 970,B01,1,7,0,2,1,1,1,0.0
202300025747,155 634 965,B01,1,10,0,2,2,2,1,0.0
202300025747,155 634 968,A01,1,14,0,0,6,9,1,0.0
202300025748,155 634 963,A01,1,7,0,2,1,2,1,0.0
202300025748,155 634 966,B01,1,15,0,2,4,23,1,0.0
202300025749,155 634 962,A01,3,7,0,0,3,1,0,0.0
202300025749,155 634 964,B01,3,7,0,0,1,1,0,0.0
202300025750,155 634 960,A01,1,7,0,2,1,1,1,0.0
202300025750,155 634 961,B01,1,2,0,2,1,11,1,0.0
202300025751,155 634 958,A01,1,33,13,0,7,0,1,0.0
202300025752,155 634 957,B01,1,50,0,2,1,1,3,0.0
202300025752,155 634 959,A01,1,7,0,2,3,15,1,0.0
202300025753,155 634 953,A01,2,7,0,2,2,2,1,0.0
202300025753,155 634 956,B01,2,14,0,0,6,2,1,0.0
202300025754,155 634 952,B01,1,2,0,2,7,1,1,0.0
202300025754,155 634 954,A01,3,7,0,2,1,19,1,0.0
202300025755,155 634 950,A01,0,7,13,0,3,1,1,0.0