num_acc,id_vehicule,num_veh,senc,catv,obs,obsm,choc,manv,motor,occutc
202300025756,155 634 951,A01,1,7,0,2,2,13,1,0.0
202300025756,155 634 955,B01,2,7,0,2,2,1,1,0.0
202300025757,155 634 947,A01,1,33,0,2,1,2,1,0.0
202300025757,155 634 948,B01,1,7,0,2,4,2,1,0.0
202300025758,155 634 944,A01,2,7,0,2,1,5,1,0.0
202300025758,155 634 946,B01,1,10,0,2,1,14,1,0.0
202300025759,155 634 945,B01,0,7,0,2,2,11,1,0.0
202300025759,155 634 949,A01,0,7,0,2,3,12,1,0.0
202300025760,155 634 941,B01,3,50,0,2,1,1,3,0.0
202300025760,155 634 943,A01,3,7,0,2,5,16,1,0.0
202300025761,155 634 942,A01,3,10,0,0,0,1,1,0.0
202300025762,155 634 939,A01,0,7,0,1,1,2,1,0.0
202300025763,155 634 936,A01,1,34,0,1,1,1,1,0.0
202300025764,155 634 938,B01,0,7,0,2,3,0,0,0.0
202300025764,155 634 940,A01,0,7,0,2,2,1,1,0.0
202300025765,155 634 935,A01,3,50,0,2,7,2,3,0.0
202300025765,155 634 937,B01,3,7,0,9,3,9,1,0.0
202300025766,155 634 931,A01,2,7,4,0,1,17,1,0.0
202300025767,155 634 928,B01,1,7,0,2,3,0,1,0.0
202300025767,155 634 933,A01,1,7,0,2,1,1,1,0.0
202300025768,155 634 929,B01,2,2,0,2,1,1,1,0.0
202300025768,155 634 930,A01,1,7,0,2,3,19,1,0.0
202300025769,155 634 925,B01,2,7,0,2,6,23,1,0.0
202300025769,155 634 927,A01,2,1,1,0,1,21,5,0.0
202300025770,155 634 923,A01,2,7,0,4,1,21,1,0.0
202300025770,155 634 926,B01,2,39,0,2,3,1,3,0.0
202300025771,155 634 919,A01,2,7,0,1,3,10,1,0.0
202300025772,155 634 920,A01,2,33,0,2,1,3,1,0.0
202300025772,155 634 921,B01,2,10,0,2,6,2,1,0.0
202300025773,155 634 918,A01,1,7,4,0,3,13,0,0.0
202300025774,155 634 914,A01,2,7,0,2,1,15,1,0.0
202300025774,155 634 916,B01,1,50,0,2,1,13,3,0.0
202300025775,155 634 913,A01,1,7,8,0,9,0,0,0.0
202300025776,155 634 915,A01,1,7,0,9,1,1,1,0.0
202300025776,155 634 917,B01,3,1,0,2,1,1,5,0.0
202300025777,155 634 912,A01,2,7,0,1,1,1,1,0.0
202300025778,155 634 910,A01,1,7,1,1,3,1,1,0.0
202300025779,155 634 908,A01,1,2,0,0,9,1,1,0.0
202300025780,155 634 906,A01,2,33,0,2,1,0,1,0.0
202300025780,155 634 909,B01,2,7,0,2,3,10,1,0.0
202300025781,155 634 904,A01,3,7,0,1,1,1,1,0.0
202300025782,155 634 905,B01,3,7,0,2,3,9,1,0.0
202300025782,155 634 911,A01,3,30,0,2,7,0,1,0.0
202300025783,155 634 903,A01,0,7,0,2,2,15,1,0.0
202300025783,155 634 907,B01,0,7,11,2,2,1,1,0.0
202300025784,155 634 901,A01,2,7,2,0,2,1,1,0.0
202300025785,155 634 900,B01,3,7,0,2,1,9,1,0.0
202300025785,155 634 902,A01,3,7,0,2,6,1,3,0.0
202300025786,155 634 898,A01,1,10,0,1,1,1,1,0.0
202300025787,155 634 897,A01,1,7,0,2,8,2,1,0.0
202300025787,155 634 899,B01,2,7,0,2,1,2,1,0.0
202300025788,155 634 895,A01,1,7,0,0,9,14,0,0.0
202300025789,155 634 892,A01,2,7,13,0,2,1,1,0.0
202300025790,155 634 891,A01,1,2,0,2,1,9,1,0.0
202300025790,155 634 893,B01,2,10,0,2,3,15,1,0.0
202300025791,155 634 889,A01,1,30,0,2,7,1,1,0.0
202300025792,155 634 888,A01,2,10,1,0,2,1,1,0.0
202300025792,155 634 890,B01,0,10,0,2,0,24,1,0.0
202300025793,155 634 881,A01,3,7,3,2,1,9,1,0.0
202300025793,155 634 887,B01,3,7,0,2,7,2,1,0.0
202300025794,155 634 879,A01,1,7,0,2,1,1,1,0.0
202300025794,155 634 882,B01,2,7,0,2,5,2,1,0.0
202300025794,155 634 885,C01,2,33,0,2,0,2,1,0.0
202300025795,155 634 878,A01,1,31,0,2,3,3,1,0.0
202300025795,155 634 884,C01,1,10,0,2,4,1,1,0.0
202300025795,155 634 886,B01,1,7,0,2,5,12,1,0.0
202300025796,155 634 877,A01,1,7,0,2,6,11,2,0.0
202300025796,155 634 883,B01,1,7,0,2,2,1,1,0.0
202300025797,155 634 875,A01,2,7,0,2,3,17,1,0.0
202300025797,155 634 876,B01,1,7,0,2,3,20,2,0.0
202300025797,155 634 880,C01,2,7,0,2,1,1,1,0.0
202300025798,155 634 868,B01,3,2,0,2,1,1,1,0.0
202300025798,155 634 874,A01,3,7,0,2,3,13,1,0.0
202300025799,155 634 869,A01,3,33,0,2,1,21,1,0.0
202300025799,155 634 872,B01,3,7,0,2,5,2,1,0.0
202300025800,155 634 867,A01,2,7,0,2,3,13,1,0.0
202300025800,155 634 871,B01,1,33,0,2,3,26,1,0.0
202300025801,155 634 864,A01,2,99,0,2,1,2,1,0.0
202300025801,155 634 866,C01,2,7,1,0,4,23,1,0.0
202300025801,155 634 870,D01,1,7,0,0,1,1,1,0.0
202300025801,155 634 873,B01,2,7,0,0,5,23,1,0.0
202300025802,155 634 859,A01,2,7,0,2,2,16,1,0.0
202300025802,155 634 863,B01,2,99,0,2,1,0,3,0.0
202300025803,155 634 861,A01,1,7,2,0,1,1,0,0.0
202300025804,155 634 857,B01,2,7,0,2,4,2,3,0.0
202300025804,155 634 860,A01,2,7,0,2,1,2,1,0.0
202300025805,155 634 858,C01,1,10,0,2,3,23,1,0.0
202300025805,155 634 862,B01,1,7,0,2,3,1,1,0.0
202300025805,155 634 865,A01,1,10,0,2,1,15,1,0.0
202300025806,155 634 856,A01,1,31,0,1,1,2,1,0.0
202300025807,155 634 854,A01,2,7,0,2,3,1,1,0.0
202300025807,155 634 855,B01,1,7,5,2,3,1,1,0.0
202300025808,155 634 850,A01,1,7,0,2,1,2,1,0.0
202300025808,155 634 851,B01,1,7,0,2,4,2,1,0.0
202300025809,155 634 848,B01,1,33,0,2,1,2,1,0.0
202300025809,155 634 853,A01,1,10,0,0,5,13,1,0.0
202300025810,155 634 847,A01,3,43,0,2,0,0,0,0.0
202300025810,155 634 852,B01,3,7,0,2,3,0,1,0.0
202300025811,155 634 846,A01,1,36,0,0,0,1,1,0.0
202300025812,155 634 843,B01,3,7,0,2,6,15,1,0.0
202300025812,155 634 845,A01,3,7,0,2,0,15,1,0.0
202300025813,155 634 841,A01,2,7,0,2,8,6,1,0.0
202300025813,155 634 844,B01,3,1,0,2,0,0,5,0.0
202300025814,155 634 842,A01,2,7,0,1,7,1,1,0.0
202300025815,155 634 840,A01,2,33,13,0,0,1,1,0.0
202300025816,155 634 837,A01,1,7,0,2,3,9,1,0.0
202300025816,155 634 839,B01,2,7,0,2,1,1,1,0.0
202300025817,155 634 833,A01,2,7,2,0,3,14,1,0.0
202300025818,155 634 835,A01,3,7,6,2,1,1,1,0.0
202300025819,155 634 831,B01,1,1,0,2,7,19,5,0.0
202300025819,155 634 832,A01,1,7,0,2,1,1,1,0.0
202300025820,155 634 830,A01,0,33,0,0,0,15,1,0.0
202300025821,155 634 829,A01,2,7,0,1,3,1,1,0.0
202300025822,155 634 827,A01,1,32,0,0,2,1,1,0.0
202300025823,155 634 825,B01,3,7,0,2,8,0,1,0.0
202300025823,155 634 828,A01,1,2,0,2,1,26,1,0.0
202300025824,155 634 823,A01,2,15,0,0,7,15,1,0.0
202300025825,155 634 822,A01,3,32,4,0,2,14,1,0.0
202300025826,155 634 820,A01,1,7,0,1,1,2,0,0.0
202300025827,155 634 819,B01,1,7,0,2,6,2,1,0.0
202300025827,155 634 821,A01,1,7,0,2,2,2,1,0.0
202300025828,155 634 817,A01,1,7,4,0,1,1,1,0.0
202300025829,155 634 814,B01,2,7,0,2,4,2,0,0.0
202300025829,155 634 816,C01,2,7,0,2,4,2,0,0.0
202300025829,155 634 818,A01,2,7,0,2,1,2,0,0.0
202300025830,155 634 811,A01,0,1,2,0,1,1,5,0.0
202300025831,155 634 810,A01,1,7,6,1,1,26,1,0.0
202300025832,155 634 808,A01,3,7,0,2,1,13,1,0.0
202300025832,155 634 812,B01,3,7,0,2,1,1,1,0.0
202300025832,155 634 815,C01,3,7,0,2,3,24,1,0.0
202300025833,155 634 809,A01,2,7,0,2,3,13,1,0.0
202300025833,155 634 813,B01,2,30,0,2,2,1,1,0.0
202300025834,155 634 802,B01,1,7,0,2,4,1,2,0.0
202300025834,155 634 805,A01,1,7,0,2,1,1,1,0.0
202300025834,155 634 807,C01,1,10,0,2,4,1,1,0.0
202300025835,155 634 804,A01,2,7,0,2,5,15,1,0.0
202300025835,155 634 806,B01,1,2,0,2,1,1,1,0.0
202300025836,155 634 798,B01,0,1,0,2,1,1,5,0.0
202300025836,155 634 801,A01,0,7,0,2,7,15,1,0.0
202300025837,155 634 800,A01,3,7,0,2,1,1,1,0.0
202300025837,155 634 803,B01,3,7,0,2,8,15,1,0.0
202300025838,155 634 799,A01,3,7,9,1,1,15,1,0.0
202300025839,155 634 795,A01,0,7,1,1,1,0,1,0.0
202300025840,155 634 791,B01,2,1,0,2,1,5,5,0.0
202300025840,155 634 796,A01,1,7,0,0,3,1,1,0.0
202300025841,155 634 790,A01,2,10,0,2,1,2,1,0.0
202300025841,155 634 794,C01,2,7,0,2,4,2,1,0.0
202300025841,155 634 797,B01,2,10,0,2,1,2,1,0.0
202300025842,155 634 789,A01,2,7,0,2,2,10,1,0.0
202300025842,155 634 792,B01,1,32,0,2,3,1,1,0.0
202300025843,155 634 788,B01,1,7,0,2,4,15,1,0.0
202300025843,155 634 793,A01,1,20,0,2,1,15,1,0.0
202300025844,155 634 786,A01,2,7,0,2,1,1,1,0.0
202300025844,155 634 787,B01,2,7,0,2,4,1,1,0.0
202300025845,155 634 784,A01,1,34,0,9,1,2,1,0.0
202300025846,155 634 778,A01,2,7,0,1,2,1,1,0.0
202300025847,155 634 776,A01,1,7,8,2,5,15,1,0.0
202300025847,155 634 780,B01,2,7,0,0,2,1,1,0.0
202300025847,155 634 783,D01,1,80,0,0,3,23,3,0.0
202300025847,155 634 785,C01,1,80,0,0,6,26,3,0.0
202300025848,155 634 775,B01,1,42,0,2,1,1,1,0.0
202300025848,155 634 777,C01,1,7,0,2,4,1,1,0.0
202300025848,155 634 781,A01,1,33,0,2,1,1,1,0.0
202300025849,155 634 774,A01,3,7,0,1,1,19,1,0.0
202300025850,155 634 773,A01,3,7,4,0,3,1,1,0.0
202300025851,155 634 772,A01,1,7,6,0,1,1,1,0.0
202300025852,155 634 771,A01,2,7,2,0,7,1,1,0.0
202300025853,155 634 779,B01,1,7,0,2,2,17,2,0.0
202300025853,155 634 782,A01,1,7,0,2,8,15,1,0.0
202300025854,155 634 769,A01,1,10,2,0,3,1,1,0.0
202300025855,155 634 768,B01,0,7,0,2,5,1,1,0.0
202300025855,155 634 770,A01,0,7,0,2,3,9,1,0.0
202300025856,155 634 765,B01,2,7,0,2,4,2,1,0.0
202300025856,155 634 767,A01,2,10,0,2,1,2,1,0.0
202300025857,155 634 760,B01,0,17,0,2,8,15,1,0.0
202300025857,155 634 766,A01,3,7,0,2,1,1,1,0.0
202300025858,155 634 758,A01,2,30,0,2,2,5,1,0.0
202300025858,155 634 764,B01,1,7,0,2,2,15,1,0.0
202300025859,155 634 756,A01,2,7,9,0,2,14,1,0.0
202300025860,155 634 755,B01,2,7,0,2,3,1,1,0.0
202300025860,155 634 762,A01,2,37,0,2,2,1,1,1.0
202300025861,155 634 752,A01,1,7,0,2,1,2,1,0.0
202300025861,155 634 753,B01,1,7,0,2,4,2,1,0.0
202300025861,155 634 757,C01,1,7,0,2,4,2,1,0.0
202300025861,155 634 759,D01,1,7,0,2,4,2,1,0.0
202300025862,155 634 751,A01,1,7,0,2,3,19,1,0.0
202300025862,155 634 754,B01,3,7,0,2,1,1,1,0.0
202300025863,155 634 750,A01,2,7,14,0,2,14,1,0.0
202300025864,155 634 747,A01,2,7,0,2,1,1,1,0.0
202300025864,155 634 749,B01,2,7,0,2,4,1,1,0.0
202300025865,155 634 745,A01,1,7,0,2,2,1,1,0.0
202300025865,155 634 748,B01,2,30,0,2,3,1,1,0.0
202300025866,155 634 743,A01,1,7,0,1,8,1,1,0.0
202300025867,155 634 741,A01,2,7,0,1,2,1,1,0.0
202300025868,155 634 742,C01,1,7,0,2,2,0,1,0.0
202300025868,155 634 744,B01,1,33,1,0,1,0,1,0.0
202300025868,155 634 746,A01,1,7,0,2,6,23,1,0.0
202300025869,155 634 739,B01,3,7,0,0,8,15,1,0.0
202300025869,155 634 740,A01,3,7,0,2,1,1,1,0.0
202300025870,155 634 735,A01,3,7,0,1,4,20,0,0.0
202300025871,155 634 734,A01,1,31,0,2,1,1,1,0.0
202300025871,155 634 736,B01,1,10,0,2,4,1,1,0.0
202300025872,155 634 738,Z01,1,7,0,1,1,1,0,0.0
202300025873,155 634 732,B01,2,7,0,2,5,15,1,0.0
202300025873,155 634 737,A01,1,33,0,2,1,1,1,0.0
202300025874,155 634 731,B01,1,33,0,2,1,2,0,0.0
202300025874,155 634 733,A01,1,7,0,2,5,2,0,0.0
202300025875,155 634 724,C01,3,7,0,2,4,2,1,0.0
202300025875,155 634 728,A01,3,7,0,2,5,2,1,0.0
202300025875,155 634 730,B01,3,7,0,2,3,2,1,0.0
202300025876,155 634 720,A01,1,7,0,2,1,15,1,0.0
202300025876,155 634 726,B01,2,33,0,2,8,1,1,0.0
202300025877,155 634 719,B01,1,50,0,2,7,1,3,0.0
202300025877,155 634 723,A01,0,7,0,2,1,16,1,0.0
202300025878,155 634 722,A01,2,32,0,2,1,1,1,0.0
202300025878,155 634 727,B01,3,7,0,2,7,15,1,0.0
202300025879,155 634 717,E01,1,7,0,2,1,0,1,0.0
202300025879,155 634 718,A01,1,7,0,2,1,1,1,0.0
202300025879,155 634 721,B01,1,7,0,2,4,2,1,0.0
202300025879,155 634 725,C01,1,33,0,2,1,3,1,0.0
202300025879,155 634 729,D01,1,7,0,2,4,2,1,0.0
202300025880,155 634 715,A01,1,7,0,1,1,1,1,0.0
202300025881,155 634 713,A01,0,7,0,2,1,1,1,0.0
202300025881,155 634 716,B01,2,30,0,2,3,1,1,0.0
202300025882,155 634 714,A01,3,7,0,1,3,1,1,0.0
202300025883,155 634 710,B01,2,2,0,2,2,1,3,0.0
202300025883,155 634 712,A01,1,7,0,2,7,15,1,0.0
202300025884,155 634 708,A01,1,7,0,2,1,2,1,0.0
202300025884,155 634 711,B01,1,10,0,2,4,2,1,0.0
202300025885,155 634 707,A01,0,30,1,0,2,2,1,0.0
202300025886,155 634 706,A01,2,7,0,9,7,17,1,0.0
202300025886,155 634 709,B01,2,80,0,2,8,26,3,0.0
202300025887,155 634 705,A01,1,7,0,1,3,16,1,0.0
202300025888,155 634 702,A01,2,31,0,2,1,17,1,0.0
202300025888,155 634 704,B01,2,7,0,2,8,10,1,0.0
202300025889,155 634 700,A01,1,7,6,0,1,14,1,0.0
202300025890,155 634 698,B01,1,7,0,2,6,1,1,0.0
202300025890,155 634 703,A01,1,31,0,2,1,2,1,0.0
202300025891,155 634 697,B01,3,3,0,2,3,1,1,0.0
202300025891,155 634 699,A01,3,7,0,2,3,13,1,0.0
202300025892,155 634 691,A01,1,7,1,0,2,1,1,0.0
202300025893,155 634 690,A01,1,7,0,2,1,1,1,0.0
202300025893,155 634 694,B01,1,7,13,0,3,11,1,0.0
202300025894,155 634 689,A01,1,10,0,2,1,1,1,0.0
202300025894,155 634 695,B01,-1,1,0,2,4,1,5,0.0
202300025895,155 634 688,A01,1,10,0,2,3,13,1,0.0
202300025895,155 634 692,B01,2,7,0,2,3,1,1,0.0
202300025896,155 634 687,A01,2,7,0,2,4,2,1,0.0
202300025896,155 634 693,B01,2,7,0,2,4,2,1,0.0
202300025896,155 634 696,C01,2,10,0,2,4,2,1,0.0
202300025896,155 634 701,D01,2,7,0,2,1,2,1,0.0
202300025897,155 634 686,A01,3,7,0,1,1,1,1,0.0
202300025898,155 634 685,A01,1,10,2,0,1,1,1,0.0
202300025899,155 634 682,A01,0,31,0,0,2,0,1,0.0
202300025900,155 634 683,A01,2,10,0,1,3,1,1,0.0
202300025901,155 634 681,A01,2,1,0,2,1,1,5,0.0
202300025901,155 634 684,B01,2,7,0,2,4,1,1,0.0
202300025902,155 634 679,A01,1,2,0,0,0,1,1,0.0
202300025903,155 634 678,B01,2,40,0,2,2,1,3,0.0
202300025903,155 634 680,A01,1,50,0,4,3,19,3,0.0
202300025904,155 634 672,A01,1,7,0,2,3,15,1,0.0
202300025904,155 634 676,B01,1,2,0,2,1,17,1,0.0
202300025905,155 634 671,Z01,1,7,0,2,1,1,1,0.0
202300025905,155 634 677,A01,1,31,0,2,8,1,1,0.0
202300025906,155 634 669,A01,1,7,0,2,1,1,1,0.0
202300025906,155 634 675,B01,1,7,0,2,6,15,0,0.0
202300025907,155 634 670,A01,2,21,0,2,5,15,1,0.0
202300025907,155 634 673,B01,1,7,0,2,1,1,1,0.0
202300025908,155 634 668,A01,2,7,0,2,3,15,1,0.0
202300025908,155 634 674,B01,1,2,0,2,1,13,0,0.0
202300025909,155 634 662,A01,3,7,0,2,3,13,1,0.0
202300025909,155 634 667,B01,3,33,0,2,8,1,1,0.0
202300025910,155 634 665,A01,3,34,0,1,1,1,1,0.0
202300025911,155 634 660,B01,1,33,0,2,2,1,1,0.0
202300025911,155 634 664,A01,1,1,0,2,3,15,5,0.0
202300025912,155 634 661,B01,3,7,0,2,3,1,1,0.0
202300025912,155 634 666,A01,3,1,0,2,1,0,5,0.0
202300025913,155 634 658,B01,2,7,0,2,4,23,1,0.0
202300025913,155 634 659,C01,2,7,0,2,4,23,1,0.0
202300025913,155 634 663,A01,2,10,0,2,1,2,1,0.0
202300025914,155 634 657,A01,3,33,12,0,3,1,1,0.0
202300025915,155 634 652,A01,1,7,0,2,8,1,1,0.0
202300025915,155 634 656,B01,2,7,0,2,2,1,1,0.0
202300025916,155 634 653,A01,2,1,0,2,3,1,5,0.0
202300025916,155 634 655,B01,1,7,0,2,1,15,1,0.0
202300025917,155 634 651,B01,3,2,0,2,7,1,1,0.0
202300025917,155 634 654,A01,3,7,0,2,1,9,1,0.0
202300025918,155 634 649,A01,0,7,0,1,7,0,0,0.0
202300025919,155 634 645,A01,1,2,0,2,1,1,1,0.0
202300025919,155 634 647,B01,1,7,0,2,1,1,1,0.0
202300025920,155 634 648,B01,3,7,0,2,2,1,1,0.0
202300025920,155 634 650,A01,3,7,0,2,3,13,1,0.0
202300025921,155 634 644,A01,2,1,0,2,1,5,5,0.0
202300025921,155 634 646,B01,1,7,0,2,2,1,1,0.0
202300025922,155 634 642,A01,2,3,0,2,2,17,1,0.0
202300025922,155 634 643,B01,2,1,0,2,8,1,5,0.0
202300025923,155 634 641,A01,1,7,2,0,8,14,1,0.0
202300025924,155 634 640,A01,2,1,0,0,1,1,5,0.0
202300025925,155 634 638,A01,1,7,1,0,7,14,1,0.0
202300025926,155 634 635,A01,2,7,0,2,3,1,1,0.0
202300025926,155 634 637,B01,1,7,0,2,3,1,1,0.0
202300025927,155 634 632,A01,2,30,12,0,2,1,1,0.0
202300025928,155 634 634,A01,1,1,0,1,8,1,5,0.0
202300025929,155 634 630,A01,2,33,5,0,1,1,1,0.0
202300025930,155 634 627,C01,2,7,0,2,4,2,1,0.0
202300025930,155 634 631,B01,2,7,12,2,4,2,1,0.0
202300025930,155 634 633,A01,2,7,0,2,1,2,1,0.0
202300025930,155 634 636,E01,1,7,0,2,4,1,1,0.0
202300025930,155 634 639,D01,2,7,0,2,4,2,1,0.0
202300025931,155 634 624,A01,3,32,0,2,3,1,1,0.0
202300025931,155 634 628,B01,3,1,0,2,7,19,5,0.0
202300025932,155 634 622,A01,1,7,0,0,2,16,1,0.0
202300025932,155 634 625,B01,1,33,0,2,1,1,1,0.0
202300025933,155 634 621,B01,1,7,0,2,4,2,1,0.0
202300025933,155 634 623,A01,1,7,0,2,1,2,1,0.0
202300025933,155 634 626,C01,1,7,0,2,4,2,1,0.0
202300025933,155 634 629,D01,1,7,0,2,4,1,1,0.0
202300025934,155 634 620,A01,3,7,8,0,1,13,1,0.0
202300025935,155 634 617,B01,3,1,0,2,1,15,5,0.0
202300025935,155 634 618,A01,3,33,0,2,2,2,1,0.0
202300025936,155 634 615,A01,1,7,0,1,2,1,1,0.0
202300025937,155 634 616,A01,2,7,0,2,1,10,1,0.0
202300025937,155 634 619,B01,2,80,0,2,2,1,3,0.0
202300025938,155 634 614,A01,2,10,0,1,2,1,6,0.0
202300025939,155 634 611,A01,0,37,0,1,4,0,1,1.0
202300025940,155 634 607,A01,3,2,0,0,9,2,1,0.0
202300025941,155 634 605,A01,3,31,0,5,1,1,1,0.0
202300025942,155 634 604,A01,2,30,0,0,1,1,6,0.0
202300025943,155 634 606,B01,1,10,0,2,9,2,1,0.0
202300025943,155 634 608,A01,2,10,0,2,1,2,1,0.0
202300025943,155 634 610,C01,1,10,0,2,1,2,1,0.0
202300025944,155 634 600,A01,1,33,0,0,0,1,1,0.0
202300025945,155 634 601,B01,1,1,0,2,8,0,5,0.0
202300025945,155 634 603,A01,1,7,0,9,8,15,1,0.0
202300025946,155 634 599,A01,1,7,0,2,1,1,1,0.0
202300025946,155 634 602,B01,3,1,0,2,8,9,5,0.0
202300025947,155 634 598,A01,1,33,12,0,1,1,1,0.0
202300025948,155 634 597,A01,2,1,0,1,4,25,5,0.0
202300025949,155 634 593,B01,1,7,0,2,4,2,1,0.0
202300025949,155 634 595,A01,1,7,0,2,1,2,1,0.0
202300025950,155 634 591,B01,2,15,0,2,8,1,1,0.0
202300025950,155 634 594,A01,1,10,0,2,1,13,1,0.0
202300025950,155 634 596,C01,2,15,0,2,2,1,1,0.0
202300025951,155 634 590,A01,1,7,0,1,2,1,1,0.0
202300025952,155 634 589,A01,1,10,0,1,0,1,0,0.0
202300025952,155 634 592,B01,3,10,0,1,1,1,1,0.0
202300025953,155 634 587,A01,2,2,13,0,0,14,0,0.0
202300025954,155 634 586,A01,1,10,0,2,3,15,1,0.0
202300025954,155 634 588,B01,3,31,0,2,3,16,1,0.0
202300025955,155 634 582,A01,0,1,0,2,1,16,5,0.0
202300025955,155 634 585,B01,0,10,0,0,4,16,1,0.0
202300025956,155 634 581,B01,1,1,0,2,1,16,5,0.0
202300025956,155 634 584,A01,1,15,0,2,7,16,1,0.0
202300025957,155 634 577,A01,1,7,0,2,4,2,2,0.0
202300025957,155 634 580,B01,1,33,0,2,1,2,1,0.0
202300025958,155 634 579,A01,3,7,0,2,3,15,1,0.0
202300025958,155 634 583,B01,3,2,0,2,8,1,1,0.0
202300025959,155 634 576,A01,1,30,0,0,8,1,1,0.0
202300025960,155 634 574,B01,1,7,0,2,3,15,0,0.0
202300025960,155 634 578,A01,1,7,0,2,0,1,0,0.0
202300025961,155 634 572,A01,2,7,0,2,3,12,1,0.0
202300025961,155 634 573,B01,2,7,0,2,5,1,1,0.0
202300025962,155 634 571,B01,1,30,0,2,7,1,1,0.0
202300025962,155 634 575,A01,2,10,0,2,1,15,1,0.0
202300025963,155 634 570,A01,2,7,0,1,2,2,1,0.0
202300025964,155 634 569,A01,2,33,0,0,8,15,1,0.0
202300025965,155 634 567,A01,3,10,0,2,1,26,1,0.0
202300025965,155 634 568,B01,3,7,0,2,8,1,1,0.0
202300025966,155 634 566,A01,1,33,3,0,2,26,1,0.0
202300025967,155 634 564,B01,3,7,0,2,1,1,1,0.0
202300025967,155 634 565,A01,3,7,0,2,1,13,1,0.0
202300025968,155 634 562,A01,2,7,8,2,1,13,1,0.0
202300025968,155 634 563,B01,1,34,0,2,1,1,1,0.0
202300025969,155 634 559,A01,1,7,2,0,1,2,1,0.0
202300025970,155 634 558,A01,2,7,0,2,1,13,1,0.0
202300025970,155 634 561,B01,2,33,0,2,4,1,1,0.0
202300025971,155 634 556,B01,2,99,0,2,1,0,1,0.0
202300025971,155 634 560,A01,1,7,0,2,1,0,1,0.0
202300025972,155 634 555,B01,1,32,0,2,7,3,1,0.0
202300025972,155 634 557,A01,1,15,0,2,8,1,0,0.0
202300025973,155 634 551,A01,2,33,0,2,1,2,1,0.0
202300025973,155 634 553,B01,2,10,0,2,4,2,1,0.0
202300025974,155 634 549,A01,3,7,0,2,4,23,0,0.0
202300025974,155 634 552,B01,3,10,0,2,1,2,1,0.0
202300025975,155 634 550,A01,1,10,0,2,3,1,1,0.0
202300025975,155 634 554,B01,3,7,0,2,2,9,1,0.0
202300025976,155 634 546,A01,2,7,0,2,2,2,1,0.0
202300025976,155 634 548,B01,2,7,0,2,6,2,1,0.0
202300025977,155 634 545,A01,1,7,4,0,8,0,1,0.0
202300025978,155 634 542,A01,0,10,0,2,3,9,1,0.0
202300025978,155 634 547,B01,0,37,0,2,2,1,1,5.0
202300025979,155 634 541,A01,3,33,0,2,1,18,1,0.0
202300025979,155 634 544,B01,3,7,0,2,6,15,1,0.0
202300025980,155 634 539,A01,1,33,0,2,5,3,1,0.0
202300025980,155 634 543,Z01,1,7,0,2,3,11,0,0.0
202300025981,155 634 538,A01,1,10,4,0,3,13,1,0.0
202300025982,155 634 537,B01,2,7,0,2,4,2,1,0.0
202300025982,155 634 540,A01,2,7,0,2,1,2,1,0.0
202300025983,155 634 533,A01,3,7,8,0,3,17,1,0.0
202300025983,155 634 535,Z01,3,7,0,2,1,23,1,0.0
202300025984,155 634 528,A01,2,7,0,2,2,12,1,0.0
202300025984,155 634 532,B01,2,7,0,2,8,1,1,0.0
202300025985,155 634 529,A01,3,7,14,2,1,19,1,0.0
202300025985,155 634 536,B01,3,33,0,2,8,1,1,0.0
202300025986,155 634 525,A01,2,7,0,2,4,2,1,0.0
202300025986,155 634 531,B01,2,10,0,2,1,2,1,0.0
202300025987,155 634 523,Z01,1,7,0,2,0,11,0,0.0
202300025987,155 634 527,C01,1,10,0,2,4,1,1,0.0
202300025987,155 634 530,A01,1,31,0,2,3,3,1,0.0
202300025987,155 634 534,B01,1,7,0,2,7,1,2,0.0
202300025988,155 634 521,A01,3,32,0,1,1,1,1,0.0
202300025989,155 634 519,A01,1,7,0,2,6,12,1,0.0
202300025989,155 634 522,B01,1,7,0,2,2,2,1,0.0
202300025990,155 634 524,A01,3,7,0,2,1,2,1,0.0
202300025990,155 634 526,B01,3,2,0,2,4,2,1,0.0
202300025991,155 634 518,B01,1,7,0,2,4,23,1,0.0
202300025991,155 634 520,A01,1,7,0,2,1,1,1,0.0
202300025992,155 634 517,A01,2,32,0,0,7,3,1,0.0
202300025993,155 634 513,A01,1,7,0,2,4,2,1,0.0
202300025993,155 634 516,B01,1,7,0,2,1,2,1,0.0
202300025994,155 634 511,B01,3,1,14,0,8,2,5,0.0
202300025994,155 634 515,A01,3,10,14,0,2,1,0,0.0
202300025995,155 634 510,A01,2,7,0,2,1,2,1,0.0
202300025995,155 634 514,B01,2,7,0,0,4,2,1,0.0
202300025996,155 634 507,A01,1,7,0,2,1,1,1,0.0
202300025996,155 634 509,B01,1,7,0,2,4,1,6,0.0
202300025996,155 634 512,C01,1,10,0,2,4,1,1,0.0
202300025997,155 634 506,B01,2,7,0,2,4,2,1,0.0
202300025997,155 634 508,A01,2,7,0,2,1,2,1,0.0
202300025998,155 634 502,A01,1,33,0,2,7,12,1,0.0
202300025998,155 634 504,B01,1,7,0,2,3,1,1,0.0
202300025999,155 634 501,A01,3,50,0,2,8,25,3,0.0
202300025999,155 634 505,B01,1,7,0,9,1,16,1,0.0
202300026000,155 634 498,A01,1,7,0,2,2,1,1,0.0
202300026000,155 634 500,B01,2,32,0,2,1,1,1,0.0
202300026001,155 634 496,B01,2,2,0,2,8,1,1,0.0