num_acc,id_vehicule,num_veh,senc,catv,obs,obsm,choc,manv,motor,occutc
202300026001,155 634 503,A01,1,7,0,2,3,15,1,0.0
202300026002,155 634 497,A01,1,7,0,0,2,16,3,0.0
202300026002,155 634 499,B01,1,33,0,0,3,1,1,0.0
202300026003,155 634 491,B01,3,32,0,2,4,1,1,0.0
202300026003,155 634 494,A01,3,7,0,2,1,1,1,0.0
202300026004,155 634 489,A01,1,7,0,2,7,24,1,0.0
202300026004,155 634 492,B01,3,1,1,0,1,0,5,0.0
202300026005,155 634 488,A01,2,7,0,1,3,1,2,0.0
202300026006,155 634 487,A01,1,1,0,2,2,15,5,0.0
202300026006,155 634 490,B01,1,33,0,2,1,0,1,0.0
202300026007,155 634 485,A01,2,60,0,9,1,0,5,0.0
202300026008,155 634 482,C01,1,99,0,2,4,2,1,0.0
202300026008,155 634 486,D01,1,7,0,2,4,2,1,0.0
202300026008,155 634 493,A01,1,10,0,2,1,2,1,0.0
202300026008,155 634 495,B01,1,7,0,2,1,2,1,0.0
202300026009,155 634 480,B01,0,10,0,2,2,15,1,0.0
202300026009,155 634 484,A01,1,7,0,2,3,1,1,0.0
202300026010,155 634 479,A01,1,7,0,2,1,1,1,0.0
202300026010,155 634 483,B01,1,7,0,0,4,15,2,0.0
202300026011,155 634 477,A01,3,7,0,9,1,15,1,0.0
202300026011,155 634 481,B01,3,1,0,2,1,0,5,0.0
202300026012,155 634 475,B01,1,7,0,2,4,2,3,0.0
202300026012,155 634 478,A01,1,7,0,2,1,2,1,0.0
202300026013,155 634 474,A01,1,7,0,2,1,2,0,0.0
202300026013,155 634 476,B01,1,17,0,2,4,2,0,0.0
202300026014,155 634 471,A01,2,7,0,2,3,15,1,0.0
202300026014,155 634 473,B01,2,33,0,2,1,1,1,0.0
202300026015,155 634 467,B01,2,80,0,2,6,17,3,0.0
202300026015,155 634 470,A01,2,7,0,2,3,15,1,0.0
202300026016,155 634 465,A01,1,7,0,2,2,2,1,0.0
202300026016,155 634 468,B01,1,33,0,2,4,2,1,0.0
202300026016,155 634 472,C01,1,33,0,2,4,2,1,0.0
202300026017,155 634 464,B01,3,7,0,0,2,15,1,0.0
202300026017,155 634 469,A01,2,33,0,0,1,1,1,0.0
202300026018,155 634 461,A01,2,7,4,2,1,2,1,0.0
202300026018,155 634 463,B01,2,7,4,2,4,2,1,0.0
202300026018,155 634 466,C01,2,7,4,2,4,2,1,0.0
202300026019,155 634 462,A01,1,7,0,1,2,1,1,0.0
202300026020,155 634 459,A01,2,7,0,1,1,1,2,0.0
202300026021,155 634 456,A01,1,7,0,1,1,1,1,0.0
202300026022,155 634 457,A01,2,43,0,2,7,17,1,0.0
202300026022,155 634 460,B01,2,10,0,2,3,1,1,0.0
202300026023,155 634 453,A01,3,7,0,2,1,9,2,0.0
202300026023,155 634 455,B01,3,1,0,2,5,1,5,0.0
202300026024,155 634 452,A01,1,7,0,2,1,1,0,0.0
202300026024,155 634 454,B01,1,7,0,2,1,1,0,0.0
202300026024,155 634 458,C01,1,7,0,2,4,1,0,0.0
202300026025,155 634 451,A01,2,50,1,0,1,13,3,0.0
202300026026,155 634 450,A01,2,7,0,0,1,0,1,0.0
202300026027,155 634 449,A01,1,43,0,1,7,1,1,0.0
202300026028,155 634 446,A01,2,32,0,2,3,1,1,0.0
202300026028,155 634 448,B01,2,10,0,2,5,17,1,0.0
202300026029,155 634 442,A01,1,7,0,1,1,1,1,0.0
202300026030,155 634 438,A01,2,43,4,2,3,13,1,0.0
202300026030,155 634 441,Z01,2,15,0,2,3,1,1,0.0
202300026031,155 634 443,A01,1,7,0,1,5,1,1,0.0
202300026032,155 634 437,A01,1,7,0,2,2,1,1,0.0
202300026032,155 634 439,B01,1,1,0,2,0,1,5,0.0
202300026032,155 634 445,C01,1,1,0,2,0,1,5,0.0
202300026033,155 634 435,A01,1,7,3,2,1,1,1,0.0
202300026033,155 634 436,B01,1,7,3,2,8,23,1,0.0
202300026033,155 634 440,C01,1,7,3,2,5,23,1,0.0
202300026033,155 634 444,D01,1,7,3,2,6,23,1,0.0
202300026033,155 634 447,E01,1,7,3,2,4,23,1,0.0
202300026034,155 634 430,A01,2,7,4,0,1,9,1,0.0
202300026035,155 634 431,A01,3,33,0,2,6,17,1,0.0
202300026035,155 634 433,B01,3,80,0,2,3,1,3,0.0
202300026036,155 634 427,A01,2,7,0,2,1,15,1,0.0
202300026036,155 634 434,B01,1,1,0,2,3,15,5,0.0
202300026037,155 634 426,A01,1,32,0,2,1,17,1,0.0
202300026037,155 634 429,B01,1,7,0,2,3,15,1,0.0
202300026038,155 634 421,A01,2,7,0,2,1,19,1,0.0
202300026038,155 634 423,B01,2,7,0,2,6,1,1,0.0
202300026038,155 634 425,C01,2,7,0,2,4,1,3,0.0
202300026039,155 634 420,A01,2,7,13,0,2,1,1,0.0
202300026040,155 634 419,B01,1,33,0,2,2,1,1,0.0
202300026040,155 634 424,A01,1,10,0,2,6,1,1,0.0
202300026041,155 634 417,B01,2,38,0,2,8,15,1,1.0
202300026041,155 634 422,A01,2,1,0,2,8,1,5,0.0
202300026042,155 634 416,A01,2,13,0,2,7,22,1,0.0
202300026042,155 634 418,B01,0,1,1,0,0,1,5,0.0
202300026043,155 634 412,A01,2,2,14,0,1,13,3,0.0
202300026044,155 634 413,B01,2,7,0,5,1,1,1,0.0
202300026044,155 634 415,A01,2,7,0,2,1,1,1,0.0
202300026045,155 634 410,A01,1,10,0,1,2,1,1,0.0
202300026046,155 634 409,C01,2,7,0,2,5,1,1,0.0
202300026046,155 634 411,B01,1,7,0,2,4,1,1,0.0
202300026046,155 634 414,A01,2,33,0,2,9,3,1,0.0
202300026047,155 634 408,A01,1,7,0,1,3,1,2,0.0
202300026048,155 634 407,A01,1,7,0,1,3,1,1,0.0
202300026049,155 634 403,A01,2,1,0,1,1,1,5,0.0
202300026050,155 634 402,A01,1,7,0,2,3,1,0,0.0
202300026050,155 634 405,B01,2,7,0,2,3,5,0,0.0
202300026051,155 634 401,A01,2,7,0,2,1,1,0,0.0
202300026051,155 634 404,B01,2,7,0,0,4,2,1,0.0
202300026051,155 634 406,C01,2,7,0,2,4,2,1,0.0
202300026052,155 634 397,A01,0,7,0,2,1,1,1,0.0
202300026052,155 634 400,B01,0,7,0,2,4,23,1,0.0
202300026053,155 634 395,A01,1,7,0,0,0,0,1,0.0
202300026054,155 634 393,A01,1,1,0,2,5,17,5,0.0
202300026054,155 634 398,B01,1,1,0,2,3,1,5,0.0
202300026055,155 634 392,A01,1,15,0,2,1,12,0,0.0
202300026055,155 634 396,B01,1,7,0,2,5,1,0,0.0
202300026056,155 634 394,A01,3,7,0,2,2,15,1,0.0
202300026056,155 634 399,B01,3,33,0,2,1,1,1,0.0
202300026057,155 634 389,A01,1,10,3,0,1,21,1,0.0
202300026058,155 634 387,A01,3,1,0,2,1,1,5,0.0
202300026058,155 634 391,B01,3,80,0,0,4,1,3,0.0
202300026059,155 634 385,B01,2,50,0,2,0,1,3,0.0
202300026059,155 634 390,A01,2,7,0,2,0,16,1,0.0
202300026060,155 634 384,A01,3,2,0,2,1,13,1,0.0
202300026060,155 634 388,B01,3,7,0,9,1,1,1,0.0
202300026061,155 634 381,A01,1,10,0,2,8,11,1,0.0
202300026061,155 634 382,B01,1,31,0,2,7,1,1,0.0
202300026062,155 634 379,A01,2,7,4,0,2,1,1,0.0
202300026063,155 634 383,A01,2,7,0,2,3,22,1,0.0
202300026063,155 634 386,B01,2,1,0,2,1,1,5,0.0
202300026064,155 634 378,A01,3,7,0,2,3,15,1,0.0
202300026064,155 634 380,B01,3,2,0,2,5,17,1,0.0
202300026065,155 634 375,A01,2,7,0,2,1,2,1,0.0
202300026065,155 634 376,B01,2,7,0,2,4,11,1,0.0
202300026066,155 634 374,A01,1,7,0,0,4,1,1,0.0
202300026066,155 634 377,B01,1,7,0,2,1,1,1,0.0
202300026067,155 634 370,B01,1,15,0,0,6,1,1,0.0
202300026067,155 634 373,A01,1,10,3,2,2,12,1,0.0
202300026068,155 634 368,Z01,3,30,0,2,1,1,1,0.0
202300026068,155 634 369,B01,3,10,0,2,4,16,1,0.0
202300026068,155 634 372,A01,3,33,0,2,1,16,3,0.0
202300026069,155 634 367,A01,2,7,0,2,3,1,2,0.0
202300026069,155 634 371,B01,2,80,0,2,1,1,3,0.0
202300026070,155 634 362,A01,3,60,0,1,1,25,5,0.0
202300026071,155 634 360,A01,2,1,0,2,1,1,5,0.0
202300026071,155 634 366,B01,2,7,0,2,3,15,2,0.0
202300026072,155 634 361,B01,1,7,0,9,3,1,1,0.0
202300026072,155 634 365,A01,2,31,0,2,1,1,1,0.0
202300026073,155 634 357,C01,2,7,0,2,7,1,1,0.0
202300026073,155 634 359,A01,2,10,0,2,1,2,1,0.0
202300026073,155 634 364,B01,2,7,0,2,4,2,1,0.0
202300026074,155 634 355,A01,1,34,0,1,2,1,1,0.0
202300026075,155 634 353,A01,1,31,0,2,4,1,1,0.0
202300026076,155 634 352,A01,1,31,0,2,1,2,1,0.0
202300026076,155 634 356,B01,1,7,0,0,4,2,1,0.0
202300026077,155 634 350,A01,1,7,0,2,1,1,1,0.0
202300026077,155 634 354,B01,1,7,0,2,5,2,1,0.0
202300026078,155 634 348,A01,2,50,0,2,8,1,3,0.0
202300026078,155 634 351,B01,2,33,0,2,1,1,1,0.0
202300026079,155 634 346,A01,1,13,0,1,3,5,1,0.0
202300026080,155 634 344,A01,1,7,0,2,1,1,1,0.0
202300026080,155 634 347,B01,2,7,0,0,1,15,2,0.0
202300026081,155 634 343,A01,3,7,0,2,1,1,1,0.0
202300026081,155 634 345,B01,3,7,0,2,4,1,1,0.0
202300026082,155 634 342,A01,3,7,0,1,1,16,0,0.0
202300026083,155 634 349,A01,1,7,4,0,3,1,1,0.0
202300026084,155 634 339,A01,2,7,0,2,8,22,2,0.0
202300026084,155 634 341,B01,3,1,0,2,2,1,5,0.0
202300026085,155 634 336,A01,0,7,0,2,2,15,0,0.0
202300026085,155 634 340,B01,0,32,0,2,1,1,0,0.0
202300026086,155 634 338,A01,1,7,13,0,2,14,1,0.0
202300026087,155 634 335,A01,2,7,5,0,3,1,1,0.0
202300026088,155 634 334,A01,3,33,1,0,0,1,0,0.0
202300026088,155 634 337,B01,2,50,0,0,0,13,3,0.0
202300026089,155 634 333,A01,1,7,0,1,2,15,1,0.0
202300026090,155 634 328,Z01,1,99,0,2,7,12,0,0.0
202300026090,155 634 331,B01,1,33,0,2,8,1,1,0.0
202300026091,155 634 329,A01,2,7,0,2,1,1,1,0.0
202300026091,155 634 332,B01,2,7,0,2,4,1,1,0.0
202300026092,155 634 327,A01,2,7,0,2,1,2,1,0.0
202300026092,155 634 330,B01,0,7,0,2,4,0,1,0.0
202300026093,155 634 325,A01,1,1,0,1,8,1,5,0.0
202300026094,155 634 321,A01,2,10,0,2,1,2,2,0.0
202300026094,155 634 324,B01,2,10,0,2,4,2,1,0.0
202300026095,155 634 322,A01,1,2,0,5,1,1,1,0.0
202300026096,155 634 320,B01,1,7,0,2,3,1,1,0.0
202300026096,155 634 323,C01,1,37,0,2,8,1,1,2.0
202300026096,155 634 326,A01,2,7,0,2,2,1,1,0.0
202300026097,155 634 318,A01,2,32,0,0,8,15,1,0.0
202300026098,155 634 319,A01,1,7,0,1,3,1,1,0.0
202300026099,155 634 315,A01,1,10,0,2,7,12,1,0.0
202300026099,155 634 317,B01,1,33,0,2,8,1,1,0.0
202300026100,155 634 314,A01,3,50,0,1,1,1,3,0.0
202300026101,155 634 313,A01,2,7,0,2,1,5,0,0.0
202300026101,155 634 316,B01,1,7,0,2,1,21,0,0.0
202300026102,155 634 310,B01,2,32,0,2,1,1,1,0.0
202300026102,155 634 312,A01,1,1,0,2,1,21,5,0.0
202300026103,155 634 306,A01,3,99,3,0,0,1,1,0.0
202300026104,155 634 308,B01,3,7,0,2,2,13,0,0.0
202300026104,155 634 311,A01,3,7,0,2,3,14,0,0.0
202300026105,155 634 304,A01,1,7,0,2,1,2,1,0.0
202300026105,155 634 309,B01,1,7,0,2,4,2,1,0.0
202300026106,155 634 303,A01,3,10,0,1,3,1,0,0.0
202300026107,155 634 305,B01,0,7,0,2,4,0,1,0.0
202300026107,155 634 307,A01,0,7,0,2,1,0,1,0.0
202300026108,155 634 298,B01,1,99,0,2,3,11,2,0.0
202300026108,155 634 301,A01,1,7,0,2,2,11,1,0.0
202300026109,155 634 297,B01,0,7,0,2,3,19,1,0.0
202300026109,155 634 300,A01,3,1,0,2,3,19,5,0.0
202300026110,155 634 295,A01,1,10,0,2,1,1,1,0.0
202300026110,155 634 299,B01,0,7,0,2,1,1,1,0.0
202300026111,155 634 296,A01,2,10,0,1,2,21,1,0.0
202300026112,155 634 291,A01,2,37,0,2,3,7,1,1.0
202300026112,155 634 293,B01,2,14,0,2,4,15,1,0.0
202300026113,155 634 289,A01,2,1,0,0,9,1,5,0.0
202300026114,155 634 290,B01,1,2,0,2,1,0,1,0.0
202300026114,155 634 294,A01,2,7,0,2,3,15,1,0.0
202300026115,155 634 288,A01,1,7,0,2,3,16,0,0.0
202300026115,155 634 292,B01,1,7,0,2,2,11,1,0.0
202300026116,155 634 285,A01,1,7,2,0,1,25,1,0.0
202300026117,155 634 284,A01,3,10,0,2,3,15,1,0.0
202300026117,155 634 287,B01,3,32,0,2,1,1,1,0.0
202300026118,155 634 282,A01,3,7,1,0,1,1,3,0.0
202300026118,155 634 286,B01,1,7,0,2,4,24,1,0.0
202300026119,155 634 281,B01,1,15,0,2,1,23,1,0.0
202300026119,155 634 283,A01,2,7,0,2,3,26,1,0.0
202300026120,155 634 279,A01,2,7,0,1,1,1,1,0.0
202300026121,155 634 277,A01,1,32,0,2,1,1,1,0.0
202300026121,155 634 280,B01,1,10,0,2,8,1,1,0.0
202300026122,155 634 276,A01,3,7,0,1,7,2,1,0.0
202300026123,155 634 275,B01,2,50,0,2,7,19,3,0.0
202300026123,155 634 278,A01,2,7,0,2,3,1,1,0.0
202300026124,155 634 273,A01,2,7,0,1,2,1,2,0.0
202300026125,155 634 272,A01,1,7,0,0,0,0,0,0.0
202300026125,155 634 274,B01,1,33,0,2,4,1,0,0.0
202300026126,155 634 269,B01,2,7,0,2,8,1,3,0.0
202300026126,155 634 271,A01,1,7,0,2,1,19,1,0.0
202300026127,155 634 266,A01,2,10,0,2,7,14,1,0.0
202300026127,155 634 270,B01,2,50,0,0,0,0,3,0.0
202300026128,155 634 268,A01,2,33,0,1,1,13,1,0.0
202300026129,155 634 265,A01,2,7,0,2,3,14,0,0.0
202300026129,155 634 267,B01,2,2,0,2,3,1,0,0.0
202300026130,155 634 261,A01,1,33,0,2,1,2,1,0.0
202300026130,155 634 263,B01,1,7,0,0,4,2,1,0.0
202300026131,155 634 259,B01,3,32,0,2,3,1,1,0.0
202300026131,155 634 262,A01,3,7,0,2,3,0,1,0.0
202300026132,155 634 260,A01,3,10,0,0,0,20,1,0.0
202300026133,155 634 258,A01,2,7,0,2,5,16,1,0.0
202300026133,155 634 264,B01,2,34,0,2,3,1,6,0.0
202300026134,155 634 255,B01,1,30,0,2,1,1,1,0.0
202300026134,155 634 257,A01,2,7,0,2,3,1,1,0.0
202300026135,155 634 253,A01,3,80,14,0,1,1,3,0.0
202300026136,155 634 252,B01,3,7,0,2,8,1,1,0.0
202300026136,155 634 256,A01,3,33,0,2,1,1,1,0.0
202300026137,155 634 251,A01,0,10,0,2,3,15,1,0.0
202300026137,155 634 254,B01,1,32,0,2,1,1,1,0.0
202300026138,155 634 250,A01,1,10,13,0,1,1,1,0.0
202300026139,155 634 248,A01,3,2,4,0,3,2,1,0.0
202300026140,155 634 247,A01,3,7,0,1,4,20,1,0.0
202300026141,155 634 246,A01,1,7,0,0,9,0,1,0.0
202300026141,155 634 249,B01,2,1,0,0,0,0,5,0.0
202300026142,155 634 243,A01,1,33,-1,0,1,1,1,0.0
202300026143,155 634 240,A01,2,34,0,2,2,1,1,0.0
202300026143,155 634 244,B01,2,7,0,2,6,1,1,0.0
202300026144,155 634 242,A01,0,10,0,2,7,9,1,0.0
202300026144,155 634 245,B01,0,2,0,2,7,21,1,0.0
202300026145,155 634 239,B01,1,30,0,2,1,1,1,0.0
202300026145,155 634 241,A01,2,7,0,2,5,15,1,0.0
202300026146,155 634 236,A01,2,7,0,1,6,1,3,0.0
202300026147,155 634 235,A01,1,1,0,2,8,19,5,0.0
202300026147,155 634 238,B01,1,7,0,2,1,1,1,0.0
202300026148,155 634 233,B01,1,30,0,2,1,1,1,0.0
202300026148,155 634 237,A01,1,30,0,2,3,1,1,0.0
202300026149,155 634 234,A01,1,10,0,0,7,1,1,0.0
202300026150,155 634 232,A01,2,7,0,1,1,1,2,0.0
202300026151,155 634 230,A01,1,80,12,0,7,12,3,0.0
202300026152,155 634 227,A01,2,10,0,2,3,9,1,0.0
202300026152,155 634 229,B01,2,15,0,2,2,1,1,0.0
202300026153,155 634 228,A01,2,7,1,2,2,2,1,0.0
202300026153,155 634 231,B01,1,10,0,2,2,0,1,0.0
202300026154,155 634 225,A01,3,7,0,1,8,1,1,0.0
202300026155,155 634 224,A01,1,7,0,2,3,21,0,0.0
202300026155,155 634 226,B01,1,7,0,2,4,2,0,0.0
202300026156,155 634 221,A01,2,7,0,2,2,10,1,0.0
202300026156,155 634 223,B01,1,33,0,2,1,1,1,0.0
202300026157,155 634 219,B01,2,2,0,2,1,1,1,0.0
202300026157,155 634 222,A01,1,7,0,2,3,15,1,0.0
202300026158,155 634 218,B01,2,7,1,1,2,0,1,0.0
202300026158,155 634 220,A01,1,7,3,0,2,24,1,0.0
202300026159,155 634 216,A01,1,50,0,2,1,9,3,0.0
202300026159,155 634 217,B01,1,13,0,0,2,0,0,0.0
202300026160,155 634 215,A01,2,14,0,1,1,1,1,0.0
202300026161,155 634 212,B01,3,7,0,2,2,26,1,0.0
202300026161,155 634 214,A01,3,2,0,2,1,5,1,0.0
202300026162,155 634 211,B01,0,7,0,2,8,15,0,0.0
202300026162,155 634 213,A01,0,10,0,2,1,1,0,0.0
202300026163,155 634 210,A01,1,3,0,1,1,1,1,0.0
202300026164,155 634 208,A01,1,34,0,2,1,1,1,0.0
202300026164,155 634 209,B01,2,7,0,2,3,15,1,0.0
202300026165,155 634 204,B01,2,7,0,2,3,1,1,0.0
202300026165,155 634 207,A01,1,7,0,2,3,13,1,0.0
202300026166,155 634 203,B01,3,43,0,2,4,23,1,0.0
202300026166,155 634 206,A01,3,7,0,2,1,2,1,0.0
202300026167,155 634 200,A01,2,30,1,0,1,1,1,0.0
202300026168,155 634 201,A01,1,7,0,2,3,1,0,0.0
202300026168,155 634 205,B01,3,1,0,2,7,19,5,0.0
202300026169,155 634 198,B01,1,1,0,2,8,1,5,0.0
202300026169,155 634 202,A01,1,7,0,2,2,19,1,0.0
202300026170,155 634 197,A01,1,7,7,0,2,14,1,0.0
202300026171,155 634 196,B01,1,7,0,0,3,1,1,0.0
202300026171,155 634 199,A01,2,7,0,0,3,1,1,0.0
202300026172,155 634 195,A01,3,7,3,0,1,1,1,0.0
202300026173,155 634 191,A01,3,7,15,1,2,1,1,0.0
202300026174,155 634 192,B01,2,7,0,2,1,1,1,0.0
202300026174,155 634 194,A01,1,13,0,2,8,1,1,0.0
202300026175,155 634 189,B01,2,7,2,2,3,1,1,0.0
202300026175,155 634 193,A01,1,7,0,2,3,1,0,0.0
202300026176,155 634 185,A01,2,7,0,2,1,5,1,0.0
202300026176,155 634 187,D01,1,7,0,2,1,2,1,0.0
202300026176,155 634 188,E01,2,10,0,2,6,2,1,0.0
202300026176,155 634 190,C01,2,7,0,2,1,1,1,0.0
202300026177,155 634 184,B01,2,7,0,2,3,9,1,0.0
202300026177,155 634 186,A01,2,2,0,2,1,0,1,0.0
202300026178,155 634 183,A01,1,33,0,0,7,1,1,0.0
202300026179,155 634 182,A01,3,7,8,0,1,1,1,0.0
202300026180,155 634 178,A01,3,7,0,1,1,0,1,0.0
202300026181,155 634 179,A01,1,7,0,2,1,13,1,0.0
202300026181,155 634 181,B01,2,7,0,2,1,1,1,0.0
202300026182,155 634 177,B01,2,14,0,2,2,13,1,0.0
202300026182,155 634 180,A01,1,7,0,2,2,0,1,0.0
202300026183,155 634 176,A01,2,7,0,1,3,1,0,0.0
202300026184,155 634 175,A01,1,17,4,0,8,1,1,0.0
202300026185,155 634 173,A01,1,7,3,0,7,1,1,0.0
202300026186,155 634 171,A01,3,14,0,1,2,26,1,0.0
202300026187,155 634 170,B01,2,7,0,2,1,1,1,0.0
202300026187,155 634 174,A01,1,17,0,2,6,1,1,0.0
202300026188,155 634 169,C01,3,50,0,2,1,1,3,0.0
202300026188,155 634 172,A01,2,7,0,9,3,9,1,0.0
202300026189,155 634 168,A01,1,17,13,0,2,1,1,0.0
202300026190,155 634 165,A01,1,7,0,2,1,5,1,0.0
202300026190,155 634 166,B01,2,7,0,2,7,1,1,0.0
202300026190,155 634 167,C01,2,7,0,2,1,1,1,0.0
202300026191,155 634 163,A01,1,7,13,0,3,13,1,0.0
202300026192,155 634 161,A01,1,7,0,2,1,11,1,0.0
202300026192,155 634 164,B01,2,7,0,2,3,1,1,0.0
202300026193,155 634 159,A01,1,7,0,2,2,1,1,0.0
202300026193,155 634 162,B01,2,7,0,2,1,1,1,0.0
202300026194,155 634 157,A01,1,7,0,2,3,1,1,0.0
202300026194,155 634 160,B01,2,7,0,2,1,1,1,0.0
202300026195,155 634 152,B01,2,7,0,2,3,0,1,0.0
202300026195,155 634 155,C01,1,7,0,2,3,2,1,0.0
202300026195,155 634 158,A01,1,7,0,0,3,13,1,0.0
202300026196,155 634 154,A01,1,7,0,2,2,2,1,0.0
202300026196,155 634 156,B01,1,33,0,2,6,16,1,0.0
202300026197,155 634 153,A01,2,7,4,0,1,1,1,0.0
202300026198,155 634 150,A01,2,7,0,2,3,13,1,0.0
202300026198,155 634 151,B01,1,7,0,2,1,1,1,0.0
202300026199,155 634 145,A01,2,7,0,2,3,1,1,0.0
202300026199,155 634 148,B01,1,7,0,2,3,1,1,0.0
202300026200,155 634 144,A01,1,2,0,2,8,19,1,0.0
202300026200,155 634 149,B01,1,7,0,2,2,1,1,0.0
202300026201,155 634 143,A01,3,7,0,2,2,1,1,0.0
202300026201,155 634 147,B01,3,7,0,2,5,1,1,0.0
202300026202,155 634 140,A01,1,7,0,2,1,5,1,0.0
202300026202,155 634 142,B01,1,7,0,2,1,1,1,0.0
202300026202,155 634 146,C01,1,7,0,2,2,1,1,0.0
202300026203,155 634 139,A01,1,7,16,2,3,13,1,0.0
202300026203,155 634 141,B01,2,7,16,2,3,1,1,0.0
202300026204,155 634 138,A01,1,7,13,0,0,1,1,0.0
202300026205,155 634 134,A01,1,7,0,2,1,19,1,0.0
202300026205,155 634 137,B01,1,33,0,2,7,3,1,0.0
202300026206,155 634 132,B01,3,30,0,2,1,1,1,0.0
202300026206,155 634 135,A01,3,7,0,2,3,20,1,0.0
202300026206,155 634 136,C01,3,10,0,2,1,1,1,0.0
202300026207,155 634 130,A01,2,33,0,2,1,14,0,0.0
202300026207,155 634 133,B01,2,7,0,2,3,12,0,0.0
202300026208,155 634 129,B01,1,31,0,2,1,1,1,0.0
202300026208,155 634 131,A01,1,7,0,2,1,19,1,0.0
202300026209,155 634 126,A01,2,7,0,0,1,13,1,0.0
202300026209,155 634 128,B01,1,10,0,2,1,1,1,0.0
202300026210,155 634 127,A01,2,7,2,0,8,1,1,0.0
202300026211,155 634 125,A01,2,7,9,0,3,13,1,0.0
202300026212,155 634 123,A01,1,7,0,5,1,1,1,0.0
202300026213,155 634 120,B01,3,14,0,2,3,15,1,0.0
202300026213,155 634 122,A01,3,33,12,2,7,17,1,0.0
202300026214,155 634 116,A01,2,7,0,2,1,15,1,0.0
202300026214,155 634 118,B01,1,7,0,2,1,1,1,0.0
202300026215,155 634 114,A01,1,7,0,2,1,13,1,0.0
202300026215,155 634 119,B01,2,7,0,2,3,1,1,0.0
202300026216,155 634 115,A01,2,7,0,2,1,2,1,0.0
202300026216,155 634 117,B01,2,7,0,0,4,1,1,0.0
202300026216,155 634 121,C01,1,10,0,0,3,1,1,0.0
202300026217,155 634 111,A01,3,7,0,1,4,4,3,0.0
202300026218,155 634 108,A01,3,7,0,2,3,16,0,0.0
202300026218,155 634 113,B01,1,33,0,2,1,1,0,0.0
202300026219,155 634 103,B01,2,7,0,2,3,1,1,0.0
202300026219,155 634 107,A01,1,7,0,2,3,13,1,0.0
202300026220,155 634 102,A01,1,7,0,2,3,1,1,0.0
202300026220,155 634 105,B01,2,7,0,2,8,19,1,0.0
202300026221,155 634 101,A01,1,7,15,0,2,16,1,0.0
202300026222,155 634 100,A01,1,33,0,1,5,1,1,0.0
202300026223,155 634 098,A01,1,14,13,0,1,1,1,0.0
202300026224,155 634 097,A01,1,7,0,2,1,9,1,0.0
202300026224,155 634 099,B01,1,1,0,2,4,1,5,0.0
202300026225,155 634 095,B01,2,33,0,2,1,13,1,0.0
202300026225,155 634 096,A01,1,10,0,2,3,1,1,0.0
202300026226,155 634 092,A01,1,7,0,2,2,11,1,0.0
202300026226,155 634 094,B01,2,7,0,2,1,1,1,0.0
202300026227,155 634 091,B01,2,32,0,2,1,17,1,0.0
202300026227,155 634 093,A01,1,33,0,2,1,17,1,0.0
202300026228,155 634 090,A01,0,2,13,0,0,0,0,0.0
202300026229,155 634 089,A01,1,7,13,0,1,1,1,0.0
202300026230,155 634 088,A01,2,7,0,1,1,1,1,0.0
202300026231,155 634 087,A01,2,7,0,0,5,23,1,0.0
202300026232,155 634 081,A01,1,10,0,2,7,15,1,0.0
202300026232,155 634 084,B01,2,32,0,2,1,1,1,0.0
202300026233,155 634 083,A01,2,1,12,0,0,21,5,0.0
202300026234,155 634 082,A01,1,7,0,2,3,5,1,0.0
202300026234,155 634 086,B01,2,7,0,2,3,13,1,0.0
202300026235,155 634 080,A01,3,50,0,0,1,2,3,0.0
202300026236,155 634 078,A01,2,50,0,1,1,1,3,0.0
202300026237,155 634 077,A01,2,33,0,2,1,1,1,0.0
202300026237,155 634 079,B01,1,7,0,2,2,10,1,0.0
202300026238,155 634 076,A01,2,7,0,0,5,14,0,0.0
202300026239,155 634 074,A01,1,7,0,0,0,13,1,0.0
202300026240,155 634 072,C01,2,7,0,2,3,0,1,0.0
202300026240,155 634 073,B01,2,7,0,2,3,0,1,0.0
202300026240,155 634 075,A01,1,7,0,2,3,13,1,0.0
202300026241,155 634 070,A01,3,10,0,1,5,4,0,0.0
202300026242,155 634 067,A01,2,7,0,9,3,1,1,0.0
202300026242,155 634 069,B01,2,1,0,2,4,11,5,0.0
202300026243,155 634 064,B01,1,7,6,2,8,1,1,0.0
202300026243,155 634 066,A01,2,38,6,2,6,13,1,1.0
202300026244,155 634 063,B01,1,33,0,2,1,1,1,0.0
202300026244,155 634 065,A01,2,7,0,2,2,15,1,0.0
202300026245,155 634 060,A01,3,7,0,2,3,9,1,0.0
202300026245,155 634 062,B01,3,30,0,2,2,1,1,0.0
202300026246,155 634 058,A01,1,7,0,2,2,15,1,0.0
202300026246,155 634 061,B01,2,7,0,2,3,1,1,0.0
202300026247,155 634 056,A01,2,31,2,2,1,1,1,0.0
202300026247,155 634 059,B01,2,7,0,2,1,17,0,0.0
202300026248,155 634 055,B01,1,7,0,2,8,15,1,0.0
202300026248,155 634 057,A01,1,33,0,2,1,17,1,0.0
202300026249,155 634 054,A01,1,50,0,0,7,0,3,0.0
202300026250,155 634 051,A01,3,33,0,2,1,1,1,0.0
202300026250,155 634 053,B01,3,33,0,2,1,1,1,0.0
202300026251,155 634 049,A01,1,7,0,0,6,0,1,0.0
202300026251,155 634 052,B01,1,7,0,2,2,0,1,0.0