num_acc,id_vehicule,num_veh,senc,catv,obs,obsm,choc,manv,motor,occutc
202300026505,155 633 591,B01,3,1,0,2,7,1,5,0.0
202300026506,155 633 585,A01,2,7,15,0,1,21,1,0.0
202300026507,155 633 583,A01,0,2,0,2,1,13,1,0.0
202300026507,155 633 584,B01,3,7,0,2,2,16,1,0.0
202300026508,155 633 578,A01,1,7,0,2,1,1,1,0.0
202300026508,155 633 580,B01,1,7,0,2,1,1,1,0.0
202300026508,155 633 582,C01,2,7,0,2,4,1,1,0.0
202300026509,155 633 572,C01,1,7,0,0,0,1,1,0.0
202300026509,155 633 576,B01,1,7,0,2,4,1,1,0.0
202300026509,155 633 579,A01,1,7,0,2,1,2,1,0.0
202300026510,155 633 574,A01,1,7,0,2,1,15,1,0.0
202300026510,155 633 577,B01,2,50,0,2,1,1,3,0.0
202300026511,155 633 573,A01,1,7,0,2,2,13,1,0.0
202300026511,155 633 575,B01,1,7,0,2,6,1,1,0.0
202300026511,155 633 581,C01,1,7,0,2,5,1,3,0.0
202300026512,155 633 569,A01,2,7,3,0,2,14,1,0.0
202300026513,155 633 567,A01,3,10,0,2,3,1,1,0.0
202300026513,155 633 570,B01,3,7,0,2,3,1,1,0.0
202300026514,155 633 566,B01,3,7,0,2,6,1,1,0.0
202300026514,155 633 571,A01,3,15,0,2,7,9,1,0.0
202300026515,155 633 565,A01,3,33,0,2,5,18,1,0.0
202300026515,155 633 568,B01,3,14,0,2,2,1,1,0.0
202300026516,155 633 561,B01,3,50,0,2,7,1,3,0.0
202300026516,155 633 564,A01,1,7,0,2,1,1,1,0.0
202300026517,155 633 562,A01,1,7,0,1,2,1,1,0.0
202300026518,155 633 563,A01,3,30,8,0,1,13,1,0.0
202300026519,155 633 558,A01,3,7,1,0,1,1,1,0.0
202300026520,155 633 559,A01,1,1,0,2,4,9,5,0.0
202300026520,155 633 560,B01,1,7,0,2,1,1,3,0.0
202300026521,155 633 556,A01,2,7,2,0,1,1,1,0.0
202300026522,155 633 554,A01,1,7,12,2,3,16,1,0.0
202300026523,155 633 555,A01,1,1,0,1,1,1,5,0.0
202300026524,155 633 553,A01,1,7,0,2,5,0,1,0.0
202300026524,155 633 557,B01,1,10,0,2,3,0,1,0.0
202300026525,155 633 551,B01,1,50,0,2,8,2,3,0.0
202300026525,155 633 552,A01,1,7,0,2,5,16,2,0.0
202300026526,155 633 547,A01,1,7,0,1,5,0,1,0.0
202300026527,155 633 548,A01,1,1,0,2,4,15,5,0.0
202300026527,155 633 550,Z01,1,7,0,2,0,2,0,0.0
202300026528,155 633 545,Z01,1,7,12,1,1,15,1,0.0
202300026529,155 633 540,A01,2,1,1,0,1,1,5,0.0
202300026529,155 633 543,B01,2,7,1,0,3,16,2,0.0
202300026530,155 633 538,B01,2,7,0,2,3,1,1,0.0
202300026530,155 633 542,A01,1,7,0,2,3,15,1,0.0
202300026531,155 633 537,B01,1,7,0,2,1,5,1,0.0
202300026531,155 633 539,A01,2,7,0,2,1,5,1,0.0
202300026532,155 633 532,A01,3,7,0,1,4,20,1,0.0
202300026533,155 633 530,A01,3,30,0,2,1,15,1,0.0
202300026533,155 633 533,B01,3,33,0,2,3,1,1,0.0
202300026534,155 633 534,A01,1,80,0,0,7,1,3,0.0
202300026535,155 633 529,B01,2,1,14,0,0,0,5,0.0
202300026535,155 633 531,A01,2,7,14,0,2,2,0,0.0
202300026536,155 633 527,A01,1,7,0,1,8,2,2,0.0
202300026537,155 633 524,B01,3,7,0,2,6,2,1,0.0
202300026537,155 633 528,A01,3,7,0,2,2,2,1,0.0
202300026538,155 633 522,A01,2,7,0,2,3,15,1,0.0
202300026538,155 633 525,B01,2,33,0,2,1,1,1,0.0
202300026539,155 633 520,Z01,1,7,0,2,1,1,1,0.0
202300026539,155 633 521,A01,1,7,0,2,4,23,1,0.0
202300026540,155 633 518,B01,2,7,0,2,4,2,0,0.0
202300026540,155 633 519,A01,2,7,0,2,1,2,0,0.0
202300026541,155 633 523,A01,3,7,0,2,3,15,1,0.0
202300026541,155 633 526,B01,3,7,0,2,3,1,1,0.0
202300026542,155 633 517,A01,2,7,14,0,7,1,1,0.0
202300026543,155 633 515,A01,1,7,0,2,7,17,1,0.0
202300026543,155 633 516,B01,1,32,0,2,8,1,1,0.0
202300026544,155 633 514,A01,0,31,16,0,8,15,1,0.0
202300026545,155 633 507,B01,1,7,0,2,8,1,1,0.0
202300026545,155 633 511,A01,2,7,0,2,2,15,1,0.0
202300026546,155 633 508,A01,1,10,0,2,8,22,1,0.0
202300026546,155 633 513,B01,1,1,1,0,3,2,5,0.0
202300026547,155 633 509,B01,0,1,0,2,4,1,5,0.0
202300026547,155 633 510,A01,0,43,0,2,1,18,1,0.0
202300026548,155 633 506,A01,1,7,0,2,1,1,1,0.0
202300026548,155 633 512,B01,2,7,0,2,1,1,1,0.0
202300026549,155 633 502,A01,1,7,3,0,1,13,0,0.0
202300026549,155 633 504,B01,2,7,0,2,1,0,3,0.0
202300026550,155 633 499,A01,3,7,0,2,2,26,0,0.0
202300026550,155 633 505,B01,1,7,0,0,3,1,1,0.0
202300026551,155 633 500,A01,1,1,0,2,1,2,5,0.0
202300026551,155 633 503,B01,2,1,0,2,1,1,5,0.0
202300026552,155 633 498,A01,3,2,0,2,4,1,1,0.0
202300026552,155 633 501,B01,3,7,0,2,2,0,1,0.0
202300026553,155 633 495,B01,2,33,0,0,0,0,0,0.0
202300026553,155 633 497,A01,1,7,0,2,8,10,0,0.0
202300026554,155 633 493,A01,2,30,0,2,1,2,1,0.0
202300026554,155 633 496,B01,2,7,0,2,4,2,1,0.0
202300026555,155 633 490,A01,3,7,0,2,3,1,1,0.0
202300026555,155 633 492,B01,3,50,0,2,1,26,3,0.0
202300026556,155 633 487,A01,2,7,15,1,1,16,1,0.0
202300026557,155 633 489,B01,3,7,0,2,7,1,1,0.0
202300026557,155 633 494,A01,3,7,0,2,1,1,1,0.0
202300026558,155 633 486,A01,2,7,0,1,1,19,1,0.0
202300026559,155 633 484,A01,3,7,0,2,1,15,1,0.0
202300026559,155 633 485,B01,0,7,0,2,3,1,1,0.0
202300026560,155 633 483,A01,1,7,0,1,7,9,1,0.0
202300026561,155 633 482,A01,3,7,0,1,1,1,1,0.0
202300026562,155 633 480,A01,3,7,6,0,1,1,1,0.0
202300026563,155 633 479,A01,0,7,0,2,1,1,1,0.0
202300026563,155 633 481,B01,3,7,0,2,3,16,1,0.0
202300026564,155 633 476,B01,1,10,0,2,1,15,1,0.0
202300026564,155 633 478,A01,2,2,0,2,1,1,1,0.0
202300026565,155 633 475,A01,2,7,0,2,3,15,1,0.0
202300026565,155 633 477,B01,1,1,0,2,1,1,5,0.0
202300026566,155 633 474,A01,0,7,0,1,2,1,2,0.0
202300026567,155 633 472,A01,1,7,8,0,3,1,1,0.0
202300026568,155 633 471,A01,0,7,0,2,1,1,1,0.0
202300026568,155 633 473,B01,0,7,0,2,2,1,2,0.0
202300026569,155 633 470,A01,3,7,8,0,1,2,1,0.0
202300026570,155 633 468,A01,0,2,0,0,0,0,0,0.0
202300026571,155 633 469,A01,1,7,0,1,1,1,1,0.0
202300026572,155 633 466,B01,1,50,0,0,4,1,3,0.0
202300026572,155 633 467,A01,3,7,0,2,1,1,1,0.0
202300026573,155 633 463,A01,3,7,0,2,8,10,1,0.0
202300026573,155 633 465,B01,3,31,0,2,1,21,1,0.0
202300026574,155 633 462,A01,3,37,1,0,1,2,1,2.0
202300026574,155 633 464,B01,3,37,0,2,4,24,1,1.0
202300026575,155 633 459,B01,1,7,0,2,6,1,1,0.0
202300026575,155 633 461,A01,1,10,0,2,2,2,1,0.0
202300026576,155 633 458,A01,2,7,0,2,2,1,1,0.0
202300026576,155 633 460,B01,1,7,0,2,1,1,1,0.0
202300026577,155 633 457,A01,1,1,0,0,0,1,5,0.0
202300026578,155 633 455,A01,0,7,13,0,3,1,1,0.0
202300026579,155 633 454,A01,2,7,13,0,8,1,1,0.0
202300026580,155 633 453,A01,1,7,0,2,1,2,1,0.0
202300026580,155 633 456,B01,1,30,0,2,4,1,1,0.0
202300026581,155 633 451,A01,1,7,0,9,2,2,0,0.0
202300026581,155 633 452,B01,1,1,0,2,0,1,5,0.0
202300026582,155 633 449,A01,1,7,6,0,2,14,1,0.0
202300026583,155 633 447,A01,2,33,0,0,9,1,1,0.0
202300026584,155 633 448,B01,2,33,0,2,2,0,1,0.0
202300026584,155 633 450,A01,1,2,0,2,1,9,1,0.0
202300026585,155 633 446,A01,1,31,0,9,1,1,1,0.0
202300026586,155 633 443,A01,1,7,0,0,3,15,1,0.0
202300026586,155 633 445,B01,2,31,0,0,0,1,1,0.0
202300026587,155 633 442,B01,1,7,13,2,6,1,1,0.0
202300026587,155 633 444,A01,1,7,0,2,2,1,1,0.0
202300026588,155 633 440,B01,1,33,0,0,1,1,1,0.0
202300026588,155 633 441,A01,2,10,0,0,7,19,1,0.0
202300026589,155 633 439,A01,1,7,0,1,1,16,1,0.0
202300026590,155 633 436,A01,1,7,0,2,4,2,1,0.0
202300026590,155 633 437,B01,1,7,0,2,1,2,1,0.0
202300026590,155 633 438,C01,1,7,0,2,4,2,1,0.0
202300026591,155 633 434,A01,3,7,0,9,1,26,1,0.0
202300026591,155 633 435,B01,3,50,0,2,7,1,3,0.0
202300026592,155 633 432,A01,2,7,0,2,2,15,0,0.0
202300026592,155 633 433,B01,1,32,0,2,1,1,1,0.0
202300026593,155 633 430,A01,1,7,0,1,7,1,1,0.0
202300026594,155 633 427,A01,1,2,0,2,1,2,0,0.0
202300026594,155 633 428,B01,1,13,0,0,4,2,0,0.0
202300026595,155 633 426,Z01,2,0,0,1,0,0,0,0.0
202300026596,155 633 425,A01,1,7,15,0,3,13,1,0.0
202300026597,155 633 422,B01,2,7,0,2,4,1,1,0.0
202300026597,155 633 424,A01,2,10,0,2,1,2,1,0.0
202300026598,155 633 421,A01,2,7,0,2,8,1,1,0.0
202300026598,155 633 423,B01,1,31,0,2,8,5,1,0.0
202300026599,155 633 418,A01,2,7,0,9,2,1,0,0.0
202300026599,155 633 420,B01,1,31,0,2,2,5,1,0.0
202300026600,155 633 419,A01,2,7,0,1,8,1,1,0.0
202300026601,155 633 416,A01,1,7,13,2,1,5,1,0.0
202300026601,155 633 417,B01,2,10,0,2,8,1,1,0.0
202300026602,155 633 415,A01,3,7,8,0,1,1,1,0.0
202300026603,155 633 413,A01,1,7,0,2,3,15,0,0.0
202300026603,155 633 414,B01,1,33,0,2,2,17,0,0.0
202300026604,155 633 411,A01,2,7,0,0,0,20,1,0.0
202300026604,155 633 412,B01,2,1,6,0,1,1,5,0.0
202300026605,155 633 407,A01,3,7,0,2,1,13,1,0.0
202300026605,155 633 409,B01,3,7,0,2,1,1,1,0.0
202300026605,155 633 410,C01,3,7,0,2,1,2,1,0.0
202300026606,155 633 404,A01,1,33,0,2,1,1,1,0.0
202300026606,155 633 405,B01,1,7,0,2,4,1,0,0.0
202300026607,155 633 406,A01,2,7,0,2,8,13,2,0.0
202300026607,155 633 408,B01,2,7,0,2,7,17,1,0.0
202300026608,155 633 402,A01,2,7,0,2,1,1,1,0.0
202300026608,155 633 403,B01,1,7,0,2,3,1,1,0.0
202300026609,155 633 401,A01,3,33,0,0,0,1,1,0.0
202300026610,155 633 399,A01,1,7,2,0,3,1,1,0.0
202300026611,155 633 397,A01,0,7,0,2,1,2,1,0.0
202300026611,155 633 398,B01,3,7,0,2,4,23,1,0.0
202300026611,155 633 400,C01,0,7,0,2,4,23,1,0.0
202300026612,155 633 395,A01,1,10,13,0,2,1,1,0.0
202300026613,155 633 393,A01,1,7,0,1,1,1,1,0.0
202300026614,155 633 392,A01,2,7,0,2,1,1,1,0.0
202300026614,155 633 394,B01,2,3,0,2,4,15,1,0.0
202300026615,155 633 391,A01,3,33,0,0,5,0,1,0.0
202300026616,155 633 390,A01,2,80,0,0,1,16,3,0.0
202300026617,155 633 389,A01,0,1,9,0,1,1,5,0.0
202300026618,155 633 387,A01,2,7,0,1,1,2,1,0.0
202300026619,155 633 386,A01,1,33,3,0,8,1,1,0.0
202300026620,155 633 383,A01,1,50,0,0,0,1,3,0.0
202300026621,155 633 381,B01,1,7,0,2,2,15,1,0.0
202300026621,155 633 382,A01,3,1,0,2,1,19,5,0.0
202300026622,155 633 380,Z01,3,13,0,2,0,0,0,0.0
202300026622,155 633 384,A01,3,7,0,2,6,0,1,0.0
202300026623,155 633 379,A01,1,33,13,0,1,1,1,0.0
202300026624,155 633 378,A01,3,33,14,0,1,1,1,0.0
202300026625,155 633 375,C01,1,7,0,2,1,2,1,0.0
202300026625,155 633 376,A01,1,7,0,2,1,2,1,0.0
202300026625,155 633 377,B01,1,10,0,2,4,2,0,0.0
202300026626,155 633 373,A01,2,7,0,2,1,5,1,0.0
202300026626,155 633 374,B01,1,7,0,2,6,1,1,0.0
202300026627,155 633 372,A01,1,7,0,6,1,1,1,0.0
202300026628,155 633 369,A01,3,33,6,0,1,0,0,0.0
202300026629,155 633 368,A01,3,7,0,2,1,15,1,0.0
202300026629,155 633 371,B01,2,1,0,2,7,1,5,0.0
202300026630,155 633 367,A01,3,7,0,2,1,2,1,0.0
202300026630,155 633 370,B01,3,7,0,2,4,2,1,0.0
202300026631,155 633 364,B01,3,60,0,2,2,1,5,0.0
202300026631,155 633 366,A01,3,7,0,2,2,1,0,0.0
202300026632,155 633 362,A01,2,7,0,2,8,19,1,0.0
202300026632,155 633 365,B01,1,33,0,2,3,1,1,0.0
202300026633,155 633 363,A01,1,7,1,1,1,1,1,0.0
202300026634,155 633 360,A01,3,7,0,1,1,1,0,0.0
202300026635,155 633 358,A01,0,7,0,9,1,15,1,0.0
202300026635,155 633 361,B01,0,33,0,0,3,1,1,0.0
202300026636,155 633 357,A01,1,7,0,2,8,11,1,0.0
202300026636,155 633 359,B01,1,30,0,2,7,3,3,0.0
202300026637,155 633 355,A01,2,7,13,0,1,0,1,0.0
202300026638,155 633 354,B01,1,50,0,2,7,1,3,0.0
202300026638,155 633 356,A01,3,7,0,2,3,9,1,0.0
202300026639,155 633 353,Z01,3,7,0,1,2,1,1,0.0
202300026640,155 633 351,A01,1,7,1,0,2,14,1,0.0
202300026641,155 633 350,B01,2,7,0,2,3,1,1,0.0
202300026641,155 633 352,A01,2,7,0,2,1,1,1,0.0
202300026642,155 633 348,A01,2,40,0,1,1,1,3,0.0
202300026643,155 633 346,B01,3,2,0,2,6,1,1,0.0
202300026643,155 633 349,A01,3,33,0,2,3,1,1,0.0
202300026644,155 633 345,A01,3,7,0,2,1,19,1,0.0
202300026644,155 633 347,B01,2,7,0,2,7,1,1,0.0
202300026645,155 633 344,A01,2,7,0,1,3,1,1,0.0
202300026646,155 633 342,A01,1,7,16,0,0,15,1,0.0
202300026647,155 633 343,A01,2,37,0,1,2,1,4,1.0
202300026648,155 633 339,B01,3,7,0,2,1,1,1,0.0
202300026648,155 633 341,A01,3,7,0,2,1,11,1,0.0
202300026649,155 633 338,A01,2,32,0,1,1,21,1,0.0
202300026650,155 633 337,A01,0,7,0,2,3,1,1,0.0
202300026650,155 633 340,B01,3,7,0,2,3,13,1,0.0
202300026651,155 633 334,A01,2,32,0,0,1,0,1,0.0
202300026652,155 633 335,B01,1,1,0,2,7,2,5,0.0
202300026652,155 633 336,A01,1,7,0,2,3,2,1,0.0
202300026653,155 633 331,A01,1,1,0,2,6,13,5,0.0
202300026653,155 633 333,B01,2,80,0,2,3,1,3,0.0
202300026654,155 633 330,A01,0,7,0,1,2,2,1,0.0
202300026655,155 633 329,B01,1,15,0,2,1,1,1,0.0
202300026655,155 633 332,A01,0,7,0,2,8,9,1,0.0
202300026656,155 633 327,A01,1,33,0,1,1,17,1,0.0
202300026657,155 633 326,A01,1,30,0,2,1,1,3,0.0
202300026657,155 633 328,B01,1,1,0,2,4,1,5,0.0
202300026658,155 633 323,A01,1,33,6,0,1,1,1,0.0
202300026659,155 633 322,A01,1,7,0,1,2,1,1,0.0
202300026660,155 633 321,A01,1,1,12,0,8,13,5,0.0
202300026661,155 633 319,A01,2,7,0,2,1,13,1,0.0
202300026661,155 633 320,B01,1,7,0,2,3,1,1,0.0
202300026662,155 633 312,A01,1,7,0,2,1,2,1,0.0
202300026662,155 633 316,B01,1,7,0,2,4,1,1,0.0
202300026662,155 633 318,C01,1,7,0,2,4,2,1,0.0
202300026663,155 633 314,A01,1,10,0,2,7,15,1,0.0
202300026663,155 633 317,B01,2,33,0,2,1,1,1,0.0
202300026664,155 633 310,A01,1,7,0,1,1,1,1,0.0
202300026665,155 633 307,A01,1,10,0,2,3,24,0,0.0
202300026665,155 633 309,B01,1,1,0,2,2,26,5,0.0
202300026666,155 633 306,C01,1,50,0,2,5,1,3,0.0
202300026666,155 633 308,A01,1,7,0,2,3,1,0,0.0
202300026666,155 633 311,B01,1,50,0,2,5,1,3,0.0
202300026667,155 633 305,A01,1,7,4,0,1,15,1,0.0
202300026668,155 633 303,A01,3,7,0,1,1,15,1,0.0
202300026669,155 633 301,B01,1,7,0,2,1,1,1,0.0
202300026669,155 633 304,A01,1,10,0,2,5,1,1,0.0
202300026670,155 633 300,A01,2,10,0,2,1,15,3,0.0
202300026670,155 633 302,B01,1,33,0,2,1,1,1,0.0
202300026671,155 633 297,A01,2,7,0,2,5,12,0,0.0
202300026671,155 633 299,B01,2,30,0,2,1,1,0,0.0
202300026672,155 633 296,A01,2,7,0,2,2,15,1,0.0
202300026672,155 633 298,B01,1,33,0,2,1,1,1,0.0
202300026673,155 633 294,A01,3,7,0,2,1,5,1,0.0
202300026673,155 633 295,B01,3,7,0,2,1,1,1,0.0
202300026674,155 633 291,A01,2,13,0,2,2,2,1,0.0
202300026674,155 633 293,B01,3,37,0,2,0,0,1,1.0
202300026675,155 633 290,B01,1,7,0,2,3,1,1,0.0
202300026675,155 633 292,A01,1,2,0,2,1,19,1,0.0
202300026676,155 633 288,A01,2,7,0,1,4,20,1,0.0
202300026677,155 633 285,C01,2,7,0,2,4,2,1,0.0
202300026677,155 633 286,A01,2,7,0,2,1,2,1,0.0
202300026677,155 633 289,B01,2,7,0,2,1,2,1,0.0
202300026678,155 633 282,A01,1,99,1,0,1,26,0,0.0
202300026678,155 633 284,B01,2,10,0,2,7,24,1,0.0
202300026679,155 633 283,A01,3,7,0,2,2,17,3,0.0
202300026679,155 633 287,B01,3,33,0,2,8,13,1,0.0
202300026680,155 633 281,A01,1,31,9,0,1,1,1,0.0
202300026681,155 633 279,A01,1,33,0,0,7,21,1,0.0
202300026682,155 633 278,B01,1,33,0,2,1,1,1,0.0
202300026682,155 633 280,A01,2,7,0,2,3,13,1,0.0
202300026683,155 633 277,A01,1,7,0,1,2,1,1,0.0
202300026684,155 633 274,A01,2,7,0,9,8,1,1,0.0
202300026684,155 633 276,B01,2,1,0,2,7,2,5,0.0
202300026685,155 633 272,A01,0,21,0,2,3,16,1,0.0
202300026685,155 633 275,B01,1,7,0,2,2,1,1,0.0
202300026686,155 633 271,A01,3,7,0,2,3,1,2,0.0
202300026686,155 633 273,B01,3,1,0,2,7,1,5,0.0
202300026687,155 633 269,A01,2,7,0,1,8,15,1,0.0
202300026688,155 633 268,A01,2,7,0,9,3,19,3,0.0
202300026688,155 633 270,B01,3,1,0,2,6,19,5,0.0
202300026689,155 633 264,A01,1,7,13,0,2,14,1,0.0
202300026690,155 633 265,B01,3,7,0,2,3,15,1,0.0
202300026690,155 633 267,A01,2,2,0,2,7,1,1,0.0
202300026691,155 633 263,B01,3,7,0,2,3,1,1,0.0
202300026691,155 633 266,A01,3,7,0,2,3,1,1,0.0
202300026692,155 633 262,A01,3,2,0,0,7,16,1,0.0
202300026693,155 633 261,A01,3,7,9,0,1,15,1,0.0
202300026694,155 633 260,A01,2,7,0,0,1,0,1,0.0
202300026695,155 633 257,B01,0,7,0,2,5,1,1,0.0
202300026695,155 633 259,A01,1,1,0,2,1,2,5,0.0
202300026696,155 633 255,A01,1,7,0,1,1,1,0,0.0
202300026697,155 633 253,A01,1,7,9,0,1,14,1,0.0
202300026698,155 633 252,A01,2,10,0,2,3,13,1,0.0
202300026698,155 633 254,B01,1,7,0,2,3,1,1,0.0
202300026699,155 633 250,A01,3,7,0,1,3,15,1,0.0
202300026700,155 633 249,A01,3,7,2,2,0,5,1,0.0
202300026700,155 633 251,B01,3,7,0,2,1,2,1,0.0
202300026701,155 633 246,A01,1,7,8,0,1,1,2,0.0
202300026702,155 633 245,A01,1,33,0,2,1,1,1,0.0
202300026702,155 633 247,B01,3,7,0,2,3,15,1,0.0
202300026703,155 633 248,A01,1,7,0,1,6,16,1,0.0
202300026704,155 633 241,A01,2,33,0,2,1,1,1,0.0
202300026704,155 633 243,B01,2,7,0,2,5,1,1,0.0
202300026705,155 633 240,A01,3,33,0,0,8,1,1,0.0
202300026706,155 633 238,A01,3,2,12,0,2,1,1,0.0
202300026707,155 633 236,D01,1,7,0,9,1,0,1,0.0
202300026707,155 633 239,A01,1,10,0,2,1,1,1,0.0
202300026707,155 633 242,B01,1,7,0,0,4,23,1,0.0
202300026707,155 633 244,C01,1,7,0,2,1,2,1,0.0
202300026708,155 633 235,A01,1,7,0,2,3,1,1,0.0
202300026708,155 633 237,B01,1,7,0,2,8,15,1,0.0
202300026709,155 633 234,A01,1,7,17,0,4,1,1,0.0
202300026710,155 633 233,A01,2,7,13,0,1,17,1,0.0
202300026711,155 633 231,A01,1,33,0,0,7,0,1,0.0
202300026712,155 633 232,A01,1,7,2,0,1,9,3,0.0
202300026713,155 633 230,A01,1,33,13,0,0,17,1,0.0
202300026714,155 633 229,A01,2,33,1,0,1,1,1,0.0
202300026715,155 633 227,A01,1,36,13,0,2,1,1,0.0
202300026716,155 633 225,A01,1,33,6,0,1,1,1,0.0
202300026717,155 633 223,A01,3,2,0,2,1,13,1,0.0
202300026717,155 633 224,B01,3,7,0,2,2,1,1,0.0
202300026718,155 633 226,B01,1,10,0,2,3,1,1,0.0
202300026718,155 633 228,A01,2,10,0,2,3,11,1,0.0
202300026719,155 633 221,A01,1,7,0,2,3,15,1,0.0
202300026719,155 633 222,B01,2,33,0,2,6,1,1,0.0
202300026720,155 633 219,A01,1,7,2,0,0,21,1,0.0
202300026721,155 633 220,A01,1,7,1,1,3,1,6,0.0
202300026722,155 633 218,A01,1,7,13,0,1,14,1,0.0
202300026723,155 633 217,A01,3,10,2,0,2,0,1,0.0
202300026724,155 633 216,A01,1,7,0,1,1,1,1,0.0
202300026725,155 633 214,A01,1,7,0,2,1,17,6,0.0
202300026725,155 633 215,B01,2,33,0,2,1,1,0,0.0
202300026726,155 633 213,A01,2,7,2,0,8,1,1,0.0
202300026727,155 633 210,A01,1,14,0,2,2,1,1,0.0
202300026727,155 633 212,B01,3,1,0,2,3,16,5,0.0
202300026728,155 633 211,A01,1,7,2,0,8,17,1,0.0
202300026729,155 633 207,B01,2,17,0,2,6,0,0,0.0
202300026729,155 633 208,C01,2,17,0,2,6,0,6,0.0
202300026729,155 633 209,A01,2,7,0,2,2,0,0,0.0
202300026730,155 633 205,A01,3,7,0,1,1,1,1,0.0
202300026731,155 633 201,A01,1,7,2,0,3,19,1,0.0
202300026732,155 633 198,A01,2,7,4,0,6,1,1,0.0
202300026732,155 633 199,B01,2,7,4,2,2,2,1,0.0
202300026733,155 633 197,A01,1,7,2,0,3,1,1,0.0
202300026734,155 633 192,A01,2,7,0,1,2,16,1,0.0
202300026735,155 633 189,F01,1,7,0,2,2,2,2,0.0
202300026735,155 633 190,G01,1,10,0,2,3,2,1,0.0
202300026735,155 633 191,A01,1,7,0,2,4,2,1,0.0
202300026735,155 633 193,B01,1,7,0,2,1,2,1,0.0
202300026735,155 633 194,C01,1,7,0,2,4,2,1,0.0
202300026735,155 633 195,D01,1,7,0,2,1,12,1,0.0
202300026735,155 633 196,E01,1,10,0,2,4,2,1,0.0
202300026736,155 633 188,A01,1,7,0,0,8,1,1,0.0
202300026737,155 633 187,A01,2,33,13,0,9,1,1,0.0
202300026738,155 633 186,A01,1,7,10,0,1,14,1,0.0
202300026739,155 633 185,A01,1,33,0,0,7,1,1,0.0
202300026740,155 633 184,A01,1,10,16,0,9,13,1,0.0
202300026741,155 633 183,A01,2,7,8,0,1,1,1,0.0
202300026742,155 633 180,A01,1,7,2,0,1,1,1,0.0
202300026743,155 633 181,B01,2,1,16,2,4,1,5,0.0
202300026743,155 633 182,A01,2,37,0,9,2,1,1,1.0
202300026744,155 633 179,A01,3,36,6,0,1,0,3,0.0
202300026745,155 633 175,B01,2,7,0,0,2,2,1,0.0
202300026745,155 633 177,A01,2,32,0,0,6,23,1,0.0
202300026746,155 633 176,B01,2,7,0,2,1,1,0,0.0
202300026746,155 633 178,A01,2,7,0,2,2,19,0,0.0
202300026747,155 633 173,A01,1,33,0,2,1,17,1,0.0
202300026747,155 633 174,B01,1,7,0,2,6,15,3,0.0
202300026748,155 633 169,A01,1,7,0,2,1,1,0,0.0
202300026748,155 633 172,B01,1,7,0,2,4,1,0,0.0
202300026749,155 633 170,A01,3,7,0,9,3,1,0,0.0
202300026749,155 633 171,B01,3,1,0,2,3,15,5,0.0
202300026750,155 633 166,A01,1,7,0,1,2,17,1,0.0
202300026750,155 633 167,B01,1,1,0,2,8,11,5,0.0
202300026751,155 633 168,A01,2,7,13,0,1,1,1,0.0
202300026752,155 633 165,A01,2,33,0,0,8,1,0,0.0
202300026753,155 633 162,A01,2,33,0,2,1,1,1,0.0
202300026753,155 633 163,B01,1,7,0,2,7,19,1,0.0
202300026754,155 633 159,B01,1,7,0,2,3,1,1,0.0
202300026754,155 633 160,A01,2,31,0,2,3,5,1,0.0
202300026755,155 633 161,A01,2,7,0,2,3,1,1,0.0
202300026755,155 633 164,B01,1,7,0,2,3,1,1,0.0
202300026756,155 633 157,A01,1,33,0,2,1,1,1,0.0
202300026756,155 633 158,B01,1,7,0,2,1,1,1,0.0
202300026757,155 633 156,A01,2,7,0,1,1,1,1,0.0
202300026758,155 633 155,A01,3,7,6,0,1,14,1,0.0
202300026759,155 633 152,B01,1,7,0,2,8,1,1,0.0
202300026759,155 633 154,A01,2,7,0,2,3,1,1,0.0
202300026760,155 633 151,A01,2,7,0,0,1,13,1,0.0
202300026760,155 633 153,B01,1,7,0,2,1,1,1,0.0
202300026761,155 633 150,A01,1,7,0,0,0,1,1,0.0
202300026762,155 633 149,A01,1,7,0,0,9,0,1,0.0
202300026763,155 633 146,B01,2,7,0,2,3,11,2,0.0
202300026763,155 633 148,A01,1,7,0,2,3,9,1,0.0
202300026764,155 633 145,A01,1,7,0,1,2,1,1,0.0
202300026765,155 633 147,A01,2,7,6,0,1,1,1,0.0
202300026766,155 633 142,A01,1,7,0,2,1,1,1,0.0
202300026766,155 633 144,B01,2,7,0,2,7,17,1,0.0
202300026767,155 633 141,B01,1,21,0,2,7,15,1,0.0
202300026767,155 633 143,A01,2,7,0,2,1,1,1,0.0
202300026768,155 633 139,B01,2,1,0,2,8,1,5,0.0
202300026768,155 633 140,A01,1,7,0,9,1,19,1,0.0
202300026769,155 633 137,B01,2,1,0,2,4,2,5,0.0
202300026769,155 633 138,A01,2,7,0,9,2,2,1,0.0
202300026770,155 633 134,A01,3,33,13,0,1,2,1,0.0
202300026770,155 633 135,B01,3,7,0,0,0,2,1,0.0
202300026771,155 633 133,A01,3,7,0,2,3,15,1,0.0
202300026771,155 633 136,B01,2,7,7,2,2,1,1,0.0
202300026772,155 633 132,A01,2,80,0,0,9,0,3,0.0
202300026773,155 633 129,A01,2,7,0,0,8,23,1,0.0
202300026773,155 633 130,B01,1,7,8,2,1,6,1,0.0
202300026774,155 633 128,A01,1,7,4,2,3,1,1,0.0
202300026774,155 633 131,B01,2,7,4,2,3,1,1,0.0