num_acc,id_vehicule,num_veh,senc,catv,obs,obsm,choc,manv,motor,occutc
202300027029,155 632 674,B01,2,7,0,2,8,1,1,0.0
202300027030,155 632 670,A01,1,7,0,2,7,12,1,0.0
202300027030,155 632 671,B01,1,33,0,2,8,3,1,0.0
202300027030,155 632 672,C01,1,7,0,2,4,1,1,0.0
202300027031,155 632 668,B01,1,33,0,2,7,3,1,0.0
202300027031,155 632 669,A01,1,7,0,2,8,11,1,0.0
202300027032,155 632 666,A01,2,7,0,2,1,5,0,0.0
202300027032,155 632 667,B01,2,10,0,2,1,1,0,0.0
202300027033,155 632 664,E01,3,7,1,0,6,0,1,0.0
202300027033,155 632 665,A01,0,7,1,0,4,16,1,0.0
202300027034,155 632 663,A01,1,7,0,1,3,1,1,0.0
202300027035,155 632 661,B01,2,80,0,2,5,16,3,0.0
202300027035,155 632 662,A01,2,10,0,2,7,16,1,0.0
202300027036,155 632 659,A01,3,32,0,2,8,1,1,0.0
202300027036,155 632 660,B01,3,3,0,2,7,12,1,0.0
202300027037,155 632 658,A01,0,40,0,1,2,1,3,0.0
202300027038,155 632 656,A01,1,7,8,2,1,1,1,0.0
202300027038,155 632 657,B01,1,7,0,2,4,1,1,0.0
202300027039,155 632 654,A01,1,7,0,2,1,1,1,0.0
202300027039,155 632 655,B01,1,7,0,2,4,23,1,0.0
202300027040,155 632 652,A01,1,34,0,2,1,1,1,0.0
202300027040,155 632 653,B01,1,7,0,2,8,1,1,0.0
202300027041,155 632 650,A01,1,33,0,2,1,1,1,0.0
202300027041,155 632 651,B01,1,10,0,2,4,1,1,0.0
202300027042,155 632 648,A01,1,7,0,2,2,1,1,0.0
202300027042,155 632 649,B01,1,7,0,2,1,1,1,0.0
202300027043,155 632 647,Z01,3,30,0,1,4,26,0,0.0
202300027044,155 632 645,A01,3,7,0,2,5,12,1,0.0
202300027044,155 632 646,B01,3,7,0,2,3,0,1,0.0
202300027045,155 632 643,B01,1,33,0,2,1,1,1,0.0
202300027045,155 632 644,A01,1,7,0,2,5,15,1,0.0
202300027046,155 632 639,A01,1,7,0,2,1,2,1,0.0
202300027046,155 632 640,B01,1,7,0,2,4,2,1,0.0
202300027046,155 632 641,C01,1,7,0,2,4,2,1,0.0
202300027046,155 632 642,D01,1,7,0,2,4,2,1,0.0
202300027047,155 632 638,A01,1,7,0,1,1,16,0,0.0
202300027048,155 632 635,A01,2,30,6,0,0,16,1,0.0
202300027049,155 632 633,A01,1,7,0,2,2,15,1,0.0
202300027049,155 632 634,B01,2,32,0,2,1,1,0,0.0
202300027050,155 632 631,A01,2,1,0,2,1,25,5,0.0
202300027050,155 632 632,B01,1,7,0,2,3,9,1,0.0
202300027051,155 632 629,Z01,1,13,0,2,0,12,0,0.0
202300027051,155 632 630,B01,2,1,12,2,7,2,5,0.0
202300027052,155 632 628,Z01,2,10,0,1,1,1,1,0.0
202300027053,155 632 624,A01,2,30,0,2,7,17,1,0.0
202300027053,155 632 625,B01,2,7,0,2,8,15,1,0.0
202300027054,155 632 623,A01,2,7,0,1,1,1,1,0.0
202300027055,155 632 621,A01,2,14,0,2,1,1,1,0.0
202300027055,155 632 622,B01,2,7,0,0,4,1,4,0.0
202300027056,155 632 619,B01,2,33,0,2,8,1,1,0.0
202300027056,155 632 620,A01,2,7,0,2,1,15,1,0.0
202300027057,155 632 617,A01,1,7,0,2,8,1,1,0.0
202300027057,155 632 618,B01,2,1,0,0,0,0,5,0.0
202300027058,155 632 615,A01,1,50,0,2,1,19,3,0.0
202300027058,155 632 616,B01,2,7,0,2,2,1,1,0.0
202300027059,155 632 614,A01,2,7,0,1,2,1,1,0.0
202300027060,155 632 612,A01,1,1,0,2,8,1,5,0.0
202300027060,155 632 613,B01,1,7,0,2,5,16,1,0.0
202300027061,155 632 610,B01,2,7,0,2,3,0,1,0.0
202300027061,155 632 611,A01,1,37,0,2,2,1,1,1.0
202300027062,155 632 608,A01,3,7,0,2,3,1,1,0.0
202300027062,155 632 609,B01,3,7,0,2,2,16,1,0.0
202300027063,155 632 606,B01,2,7,0,2,4,23,1,0.0
202300027063,155 632 607,A01,2,2,0,2,1,1,1,0.0
202300027064,155 632 604,A01,1,7,0,2,8,15,1,0.0
202300027064,155 632 605,B01,1,31,0,2,1,1,3,0.0
202300027065,155 632 602,A01,1,7,0,2,3,2,2,0.0
202300027065,155 632 603,B01,1,2,0,2,4,2,1,0.0
202300027066,155 632 600,B01,1,1,0,2,8,2,5,0.0
202300027066,155 632 601,A01,1,37,0,2,7,2,1,1.0
202300027067,155 632 598,B01,1,7,0,2,3,1,3,0.0
202300027067,155 632 599,Z01,2,7,0,2,1,5,1,0.0
202300027068,155 632 597,A01,1,40,0,1,3,1,3,0.0
202300027069,155 632 595,B01,1,7,0,2,0,15,0,0.0
202300027069,155 632 596,A01,2,30,0,2,1,17,1,0.0
202300027070,155 632 593,A01,1,7,16,2,8,13,1,0.0
202300027070,155 632 594,B01,1,15,0,2,2,17,1,0.0
202300027071,155 632 592,A01,0,7,4,0,1,17,1,0.0
202300027072,155 632 591,A01,0,7,0,1,1,1,1,0.0
202300027073,155 632 589,A01,1,33,0,2,1,1,1,0.0
202300027073,155 632 590,Z01,1,7,0,2,1,15,0,0.0
202300027074,155 632 586,A01,1,30,13,0,3,13,1,0.0
202300027075,155 632 584,A01,3,33,0,2,1,17,1,0.0
202300027075,155 632 585,B01,3,7,0,2,4,15,1,0.0
202300027076,155 632 582,A01,0,10,0,2,2,15,1,0.0
202300027076,155 632 583,B01,0,7,0,2,1,1,1,0.0
202300027077,155 632 580,A01,3,43,0,2,3,0,1,0.0
202300027077,155 632 581,Z01,3,0,0,2,0,0,0,0.0
202300027078,155 632 577,A01,2,7,1,1,1,1,1,0.0
202300027078,155 632 578,B01,2,7,0,2,1,2,1,0.0
202300027078,155 632 579,D01,2,7,0,2,8,24,1,0.0
202300027079,155 632 575,B01,0,7,0,2,1,1,1,0.0
202300027079,155 632 576,A01,3,7,6,2,7,1,2,0.0
202300027080,155 632 574,A01,1,3,0,0,1,21,3,0.0
202300027081,155 632 573,A01,1,7,8,0,1,13,1,0.0
202300027082,155 632 572,A01,2,7,8,0,1,13,1,0.0
202300027083,155 632 570,A01,1,7,0,2,3,15,1,0.0
202300027083,155 632 571,B01,1,7,0,2,2,17,1,0.0
202300027084,155 632 567,A01,1,10,0,2,3,22,1,0.0
202300027084,155 632 568,B01,1,43,0,2,1,3,1,0.0
202300027084,155 632 569,C01,1,7,0,2,4,1,1,0.0
202300027085,155 632 565,A01,3,50,0,2,8,2,3,0.0
202300027085,155 632 566,B01,3,7,0,2,2,2,1,0.0
202300027086,155 632 563,B01,1,33,0,2,1,1,1,0.0
202300027086,155 632 564,A01,1,99,0,2,6,15,3,0.0
202300027087,155 632 562,A01,1,30,0,1,1,11,1,0.0
202300027088,155 632 558,A01,1,30,0,2,3,9,0,0.0
202300027088,155 632 559,B01,1,1,0,2,0,1,5,0.0
202300027089,155 632 556,A01,2,7,0,2,8,20,2,0.0
202300027089,155 632 557,B01,2,60,1,2,2,1,5,0.0
202300027090,155 632 554,A01,1,30,0,2,1,2,1,0.0
202300027090,155 632 555,B01,3,1,0,2,8,19,5,0.0
202300027091,155 632 552,A01,3,30,0,2,8,19,1,0.0
202300027091,155 632 553,B01,2,32,0,2,1,0,1,0.0
202300027092,155 632 550,B01,3,37,0,2,3,1,1,3.0
202300027092,155 632 551,A01,3,7,0,2,1,1,1,0.0
202300027093,155 632 548,B01,2,1,0,2,8,1,5,0.0
202300027093,155 632 549,A01,2,10,0,2,2,17,1,0.0
202300027094,155 632 547,A01,1,7,0,1,1,2,6,0.0
202300027095,155 632 544,B01,1,30,0,2,8,1,1,0.0
202300027095,155 632 545,C01,1,31,0,2,8,1,1,0.0
202300027095,155 632 546,A01,1,7,0,2,1,15,1,0.0
202300027096,155 632 543,A01,1,30,0,1,1,1,0,0.0
202300027097,155 632 541,A01,2,7,0,2,1,15,1,0.0
202300027097,155 632 542,B01,1,34,0,2,1,1,1,0.0
202300027098,155 632 539,A01,0,7,0,0,2,12,0,0.0
202300027098,155 632 540,B01,0,33,0,0,0,0,0,0.0
202300027099,155 632 538,A01,2,10,0,1,4,4,1,0.0
202300027100,155 632 537,A01,3,7,12,0,1,1,1,0.0
202300027101,155 632 535,B01,2,32,0,2,8,1,1,0.0
202300027101,155 632 536,A01,2,10,0,2,7,14,1,0.0
202300027102,155 632 534,A01,1,1,1,2,0,3,5,0.0
202300027103,155 632 533,A01,1,7,1,0,3,0,1,0.0
202300027104,155 632 531,A01,2,43,0,2,1,15,1,0.0
202300027104,155 632 532,B01,2,30,0,2,3,18,1,0.0
202300027105,155 632 529,A01,2,7,0,2,1,2,1,0.0
202300027105,155 632 530,B01,2,32,0,2,4,23,1,0.0
202300027106,155 632 527,A01,0,7,0,2,1,1,1,0.0
202300027106,155 632 528,B01,0,1,0,2,7,1,5,0.0
202300027107,155 632 525,B01,0,1,0,2,1,1,5,0.0
202300027107,155 632 526,A01,0,7,0,9,3,1,0,0.0
202300027108,155 632 524,A01,1,40,0,1,1,1,0,0.0
202300027109,155 632 523,A01,1,7,0,1,2,15,1,0.0
202300027110,155 632 521,B01,1,50,0,2,7,25,3,0.0
202300027110,155 632 522,A01,1,7,0,9,1,26,1,0.0
202300027111,155 632 519,A01,3,50,0,2,0,0,3,0.0
202300027111,155 632 520,B01,3,7,0,2,3,16,0,0.0
202300027112,155 632 518,A01,1,7,1,1,4,4,2,0.0
202300027113,155 632 516,A01,2,30,0,2,1,2,1,0.0
202300027113,155 632 517,B01,2,10,0,2,4,1,1,0.0
202300027114,155 632 515,A01,2,33,0,1,1,1,3,0.0
202300027115,155 632 513,A01,1,7,0,2,1,1,2,0.0
202300027115,155 632 514,B01,1,7,0,2,3,1,1,0.0
202300027116,155 632 511,B01,1,1,0,2,1,1,5,0.0
202300027116,155 632 512,A01,1,7,0,2,8,15,1,0.0
202300027117,155 632 510,A01,2,7,6,0,1,17,1,0.0
202300027118,155 632 509,A01,1,7,3,0,7,1,1,0.0
202300027119,155 632 507,B01,3,80,0,2,1,5,3,0.0
202300027119,155 632 508,A01,0,7,0,0,3,0,1,0.0
202300027120,155 632 506,A01,2,50,0,0,9,1,3,0.0
202300027121,155 632 504,A01,2,7,0,2,3,13,1,0.0
202300027121,155 632 505,B01,1,15,15,2,3,1,1,0.0
202300027122,155 632 500,A01,1,7,0,2,0,11,1,0.0
202300027122,155 632 501,B01,1,33,0,2,0,3,1,0.0
202300027123,155 632 499,A01,2,7,3,0,2,26,1,0.0
202300027124,155 632 497,A01,1,7,0,2,6,15,1,0.0
202300027124,155 632 498,B01,1,33,0,2,1,17,1,0.0
202300027125,155 632 495,B01,1,14,0,2,1,1,1,0.0
202300027125,155 632 496,A01,2,7,13,2,8,19,1,0.0
202300027126,155 632 492,A01,1,7,0,2,1,13,1,0.0
202300027126,155 632 493,B01,2,10,0,2,1,1,1,0.0
202300027126,155 632 494,C01,2,7,0,2,8,1,1,0.0
202300027127,155 632 490,A01,2,1,0,2,4,1,5,0.0
202300027127,155 632 491,B01,2,7,0,2,1,17,0,0.0
202300027128,155 632 489,A01,1,31,12,0,2,17,1,0.0
202300027129,155 632 488,A01,3,7,1,0,3,0,1,0.0
202300027130,155 632 487,A01,2,7,13,0,2,14,1,0.0
202300027131,155 632 485,A01,2,7,0,0,5,15,1,0.0
202300027131,155 632 486,B01,1,1,0,2,1,1,5,0.0
202300027132,155 632 484,A01,0,7,8,0,0,0,1,0.0
202300027133,155 632 482,A01,1,7,0,2,2,9,1,0.0
202300027133,155 632 483,B01,1,7,0,2,1,1,1,0.0
202300027134,155 632 480,A01,2,7,0,2,2,26,1,0.0
202300027134,155 632 481,B01,1,33,0,2,1,13,1,0.0
202300027135,155 632 478,A01,1,7,0,2,3,15,1,0.0
202300027135,155 632 479,B01,2,32,0,2,1,1,1,0.0
202300027136,155 632 476,A01,3,37,0,9,2,5,1,1.0
202300027136,155 632 477,B01,3,1,0,2,1,1,5,0.0
202300027137,155 632 474,A01,1,7,6,0,2,14,1,0.0
202300027138,155 632 472,A01,2,10,0,2,1,19,1,0.0
202300027138,155 632 473,B01,1,10,0,2,3,1,1,0.0
202300027139,155 632 470,A01,1,13,0,2,6,19,1,0.0
202300027139,155 632 471,B01,2,33,0,2,1,1,1,0.0
202300027140,155 632 467,A01,1,7,0,2,1,1,1,0.0
202300027140,155 632 468,B01,2,7,0,2,1,13,1,0.0
202300027140,155 632 469,C01,1,7,0,2,6,1,1,0.0
202300027141,155 632 465,A01,3,31,0,2,1,1,1,0.0
202300027141,155 632 466,B01,3,1,0,2,1,19,5,0.0
202300027142,155 632 464,A01,2,33,7,0,2,1,1,0.0
202300027143,155 632 463,A01,3,7,0,1,1,1,1,0.0
202300027144,155 632 461,A01,2,7,0,2,3,5,0,0.0
202300027144,155 632 462,B01,1,14,0,2,2,21,1,0.0
202300027145,155 632 459,A01,2,17,3,2,1,13,1,0.0
202300027145,155 632 460,B01,2,7,0,2,2,17,6,0.0
202300027146,155 632 456,A01,1,7,3,0,7,1,1,0.0
202300027146,155 632 457,C01,1,7,4,0,6,1,1,0.0
202300027146,155 632 458,B01,1,15,0,2,3,11,1,0.0
202300027147,155 632 455,A01,1,10,14,0,0,2,1,0.0
202300027148,155 632 453,A01,2,17,0,0,6,24,1,0.0
202300027148,155 632 454,B01,2,7,0,2,2,14,1,0.0
202300027149,155 632 451,A01,1,10,0,2,1,13,1,0.0
202300027149,155 632 452,B01,2,14,0,2,3,1,1,0.0
202300027150,155 632 448,A01,2,7,0,0,6,11,1,0.0
202300027150,155 632 449,B01,2,7,0,0,2,1,1,0.0
202300027150,155 632 450,C01,2,7,0,0,4,1,1,0.0
202300027151,155 632 447,A01,1,33,0,0,0,1,1,0.0
202300027152,155 632 445,A01,1,7,0,0,4,2,0,0.0
202300027152,155 632 446,B01,1,7,0,0,1,2,0,0.0
202300027153,155 632 443,B01,2,7,0,2,3,1,1,0.0
202300027153,155 632 444,A01,1,2,0,2,3,1,1,0.0
202300027154,155 632 441,A01,2,7,0,2,1,1,1,0.0
202300027154,155 632 442,B01,1,7,0,2,1,13,1,0.0
202300027155,155 632 439,A01,2,7,0,2,3,9,1,0.0
202300027155,155 632 440,B01,1,2,0,2,1,1,1,0.0
202300027156,155 632 438,A01,0,7,0,1,3,1,1,0.0
202300027157,155 632 436,A01,0,10,0,0,3,19,1,0.0
202300027157,155 632 437,B01,0,33,0,2,1,1,1,0.0
202300027158,155 632 432,B01,1,7,3,0,4,2,1,0.0
202300027158,155 632 433,A01,1,7,4,2,1,2,1,0.0
202300027158,155 632 434,C01,1,7,15,2,3,2,1,0.0
202300027159,155 632 430,B01,1,1,0,2,8,1,5,0.0
202300027159,155 632 431,A01,2,2,0,2,8,13,1,0.0
202300027160,155 632 428,A01,0,7,0,0,4,2,1,0.0
202300027160,155 632 429,B01,0,7,0,2,1,2,1,0.0
202300027161,155 632 427,A01,1,1,0,0,0,0,5,0.0
202300027162,155 632 425,A01,2,7,0,2,3,26,1,0.0
202300027162,155 632 426,B01,1,7,0,2,3,26,1,0.0
202300027163,155 632 423,A01,1,7,0,2,6,1,1,0.0
202300027163,155 632 424,B01,1,50,0,2,1,1,3,0.0
202300027164,155 632 420,A01,2,7,0,2,1,2,1,0.0
202300027164,155 632 421,B01,2,7,0,2,4,2,1,0.0
202300027164,155 632 422,C01,2,7,0,2,6,23,1,0.0
202300027165,155 632 418,B01,2,32,0,2,5,1,1,0.0
202300027165,155 632 419,A01,2,7,0,2,1,9,1,0.0
202300027166,155 632 415,A01,2,30,14,0,0,1,1,0.0
202300027167,155 632 414,A01,1,34,8,0,1,1,1,0.0
202300027168,155 632 411,B01,1,7,0,2,1,2,1,0.0
202300027168,155 632 412,A01,2,7,0,2,1,13,1,0.0
202300027168,155 632 413,C01,1,7,0,2,1,2,1,0.0
202300027169,155 632 406,D01,2,7,0,2,4,1,1,0.0
202300027169,155 632 407,C01,2,7,0,2,4,1,1,0.0
202300027169,155 632 408,E01,2,7,0,2,4,1,1,0.0
202300027169,155 632 409,A01,2,15,0,2,1,1,1,0.0
202300027169,155 632 410,B01,2,7,0,2,4,1,1,0.0
202300027170,155 632 404,A01,1,32,0,2,7,3,1,0.0
202300027170,155 632 405,B01,1,7,0,2,3,11,2,0.0
202300027171,155 632 402,B01,3,1,0,2,1,1,5,0.0
202300027171,155 632 403,A01,3,7,0,2,3,1,1,0.0
202300027172,155 632 400,A01,2,7,0,2,1,15,1,0.0
202300027172,155 632 401,B01,1,33,0,2,1,1,1,0.0
202300027173,155 632 398,A01,1,7,0,2,5,12,1,0.0
202300027173,155 632 399,B01,1,37,0,2,3,7,1,5.0
202300027174,155 632 396,A01,1,80,0,2,7,1,3,0.0
202300027174,155 632 397,B01,2,10,0,2,1,1,3,0.0
202300027175,155 632 394,A01,1,80,0,2,1,25,3,0.0
202300027175,155 632 395,B01,1,33,0,2,1,9,1,0.0
202300027176,155 632 393,A01,0,34,0,1,1,1,1,0.0
202300027177,155 632 391,A01,1,1,0,2,1,1,5,0.0
202300027177,155 632 392,B01,1,7,0,2,7,1,2,0.0
202300027178,155 632 390,A01,3,10,0,1,2,16,1,0.0
202300027179,155 632 387,C01,2,1,0,2,4,1,5,0.0
202300027179,155 632 388,A01,2,7,0,2,3,22,3,0.0
202300027179,155 632 389,B01,1,1,1,2,1,1,5,0.0
202300027180,155 632 385,A01,3,1,0,2,4,1,5,0.0
202300027180,155 632 386,B01,3,1,0,2,1,1,5,0.0
202300027181,155 632 384,Z01,3,7,0,1,1,2,0,0.0
202300027182,155 632 383,A01,1,2,0,1,3,1,1,0.0
202300027183,155 632 382,A01,2,50,0,1,1,1,3,0.0
202300027184,155 632 380,B01,1,1,1,2,1,1,5,0.0
202300027184,155 632 381,A01,3,10,0,2,3,24,1,0.0
202300027185,155 632 378,B01,1,33,0,2,8,15,1,0.0
202300027185,155 632 379,A01,1,7,0,2,2,2,1,0.0
202300027186,155 632 377,A01,1,60,0,1,8,25,5,0.0
202300027187,155 632 376,Z01,2,1,0,1,1,1,5,0.0
202300027188,155 632 374,A01,3,80,12,0,0,14,3,0.0
202300027189,155 632 373,A01,1,30,0,0,0,21,1,0.0
202300027190,155 632 372,A01,1,1,14,0,1,1,5,0.0
202300027191,155 632 370,B01,1,1,0,2,4,23,5,0.0
202300027191,155 632 371,A01,1,10,0,2,2,15,1,0.0
202300027192,155 632 368,A01,1,50,0,2,7,1,3,0.0
202300027192,155 632 369,Z01,1,10,0,2,1,15,2,0.0
202300027193,155 632 367,A01,1,7,0,1,1,2,1,0.0
202300027194,155 632 365,B01,1,1,0,2,8,1,5,0.0
202300027194,155 632 366,A01,2,7,0,2,3,15,1,0.0
202300027195,155 632 363,A01,0,10,0,2,1,2,1,0.0
202300027195,155 632 364,B01,0,7,0,2,0,9,1,0.0
202300027196,155 632 362,A01,3,14,0,1,2,1,1,0.0
202300027197,155 632 361,A01,3,7,0,1,2,1,1,0.0
202300027198,155 632 359,A01,0,10,0,2,2,16,1,0.0
202300027198,155 632 360,B01,0,2,0,2,1,1,1,0.0
202300027199,155 632 357,B01,3,33,0,2,1,17,1,0.0
202300027199,155 632 358,A01,1,7,1,0,2,15,1,0.0
202300027200,155 632 355,A01,0,7,0,2,3,22,1,0.0
202300027200,155 632 356,B01,0,1,1,0,1,17,5,0.0
202300027201,155 632 354,A01,1,33,0,1,0,26,0,0.0
202300027202,155 632 353,B01,2,7,0,1,4,9,1,0.0
202300027203,155 632 352,A01,1,0,0,1,1,1,0,0.0
202300027204,155 632 350,A01,2,2,0,2,2,17,3,0.0
202300027204,155 632 351,B01,2,10,0,2,3,2,1,0.0
202300027205,155 632 348,A01,2,7,0,2,2,15,1,0.0
202300027205,155 632 349,B01,2,7,0,2,3,1,1,0.0
202300027206,155 632 346,B01,3,1,0,2,8,19,5,0.0
202300027206,155 632 347,A01,1,33,0,2,1,1,1,0.0
202300027207,155 632 344,B01,1,7,0,2,3,1,2,0.0
202300027207,155 632 345,A01,3,1,0,2,1,6,5,0.0
202300027208,155 632 341,A01,1,2,0,2,1,16,1,0.0
202300027208,155 632 342,B01,2,20,0,2,6,1,1,0.0
202300027209,155 632 340,A01,0,10,0,1,4,4,1,0.0
202300027210,155 632 337,A01,1,7,0,2,0,17,1,0.0
202300027210,155 632 338,B01,2,7,0,2,1,1,1,0.0
202300027210,155 632 339,C01,1,0,0,2,3,1,1,0.0
202300027211,155 632 335,A01,1,7,0,2,2,15,1,0.0
202300027211,155 632 336,B01,2,7,0,2,1,1,1,0.0
202300027212,155 632 332,A01,2,7,0,2,3,11,1,0.0
202300027212,155 632 333,B01,1,7,0,2,6,1,1,0.0
202300027212,155 632 334,C01,1,7,0,2,3,1,1,0.0
202300027213,155 632 330,B01,2,7,0,0,3,0,1,0.0
202300027213,155 632 331,A01,2,33,0,0,3,0,1,0.0
202300027214,155 632 327,A01,1,37,0,2,1,2,0,1.0
202300027214,155 632 328,B01,1,14,0,2,4,2,1,0.0
202300027214,155 632 329,C01,1,14,0,2,4,2,1,0.0
202300027215,155 632 325,A01,2,7,0,2,3,2,1,0.0
202300027215,155 632 326,B01,1,80,0,2,7,16,3,0.0
202300027216,155 632 323,B01,1,7,0,2,2,1,1,0.0
202300027216,155 632 324,A01,1,2,0,2,1,1,1,0.0
202300027217,155 632 321,B01,1,7,0,2,1,1,0,0.0
202300027217,155 632 322,A01,2,33,0,2,1,17,1,0.0
202300027218,155 632 319,A01,1,2,0,2,8,9,1,0.0
202300027218,155 632 320,B01,2,99,0,2,2,21,1,0.0
202300027219,155 632 317,A01,1,7,0,2,3,13,1,0.0
202300027219,155 632 318,B01,1,7,0,2,3,1,1,0.0
202300027220,155 632 316,A01,1,2,0,0,7,16,1,0.0
202300027221,155 632 314,B01,2,31,0,2,1,17,1,0.0
202300027221,155 632 315,A01,1,33,0,2,1,17,1,0.0
202300027222,155 632 313,A01,1,7,8,0,3,1,1,0.0
202300027223,155 632 312,A01,2,7,7,0,8,1,1,0.0
202300027224,155 632 311,A01,2,7,2,0,3,1,1,0.0
202300027225,155 632 309,A01,1,7,0,2,2,2,1,0.0
202300027225,155 632 310,B01,1,50,0,2,4,1,3,0.0
202300027226,155 632 307,A01,2,7,0,2,2,2,1,0.0
202300027226,155 632 308,B01,2,1,0,2,0,2,5,0.0
202300027227,155 632 305,B01,3,2,0,2,1,1,1,0.0
202300027227,155 632 306,A01,3,7,0,2,3,10,1,0.0
202300027228,155 632 303,B01,3,1,0,2,1,1,5,0.0
202300027228,155 632 304,A01,3,7,0,2,5,15,1,0.0
202300027229,155 632 301,A01,2,21,0,2,1,5,0,0.0
202300027229,155 632 302,B01,2,7,0,2,1,1,0,0.0
202300027230,155 632 299,A01,1,10,0,9,2,2,1,0.0
202300027230,155 632 300,B01,1,1,0,2,4,2,5,0.0
202300027231,155 632 298,A01,1,7,8,0,1,1,1,0.0
202300027232,155 632 295,A01,1,99,0,1,7,17,1,0.0
202300027233,155 632 294,A01,1,33,13,0,1,0,1,0.0
202300027234,155 632 292,A01,1,2,0,2,7,19,1,0.0
202300027234,155 632 293,B01,0,7,0,2,1,1,2,0.0
202300027235,155 632 291,A01,2,1,0,0,0,9,5,0.0
202300027236,155 632 289,A01,0,7,0,2,1,17,1,0.0
202300027236,155 632 290,B01,0,7,0,2,1,1,1,0.0
202300027237,155 632 286,B01,1,3,0,2,4,1,3,0.0
202300027237,155 632 287,A01,1,7,0,2,1,2,1,0.0
202300027238,155 632 284,A01,1,7,0,0,0,1,1,0.0
202300027238,155 632 285,B01,2,7,0,2,1,1,1,0.0
202300027239,155 632 282,A01,1,7,0,2,3,13,1,0.0
202300027239,155 632 283,B01,2,7,0,2,3,13,1,0.0
202300027240,155 632 280,A01,2,7,9,2,7,1,1,0.0
202300027240,155 632 281,B01,1,7,6,2,1,1,1,0.0
202300027241,155 632 278,A01,0,7,0,0,3,21,1,0.0
202300027241,155 632 279,B01,0,7,0,0,3,1,1,0.0
202300027242,155 632 277,A01,2,32,0,1,2,18,1,0.0
202300027243,155 632 275,A01,1,7,0,2,3,26,1,0.0
202300027243,155 632 276,B01,1,80,0,2,1,19,3,0.0
202300027244,155 632 274,A01,2,33,5,0,1,1,1,0.0
202300027245,155 632 272,A01,2,33,0,2,1,3,1,0.0
202300027245,155 632 273,B01,1,7,0,2,1,15,1,0.0
202300027246,155 632 270,B01,1,7,0,2,1,0,1,0.0
202300027246,155 632 271,A01,1,7,0,2,1,5,1,0.0
202300027247,155 632 269,A01,2,33,0,0,2,0,1,0.0
202300027248,155 632 267,A01,3,7,0,2,3,16,1,0.0
202300027248,155 632 268,B01,3,1,0,2,1,1,5,0.0
202300027249,155 632 265,A01,1,7,0,2,2,17,1,0.0
202300027249,155 632 266,B01,1,1,0,2,8,13,5,0.0
202300027250,155 632 264,A01,0,31,0,0,0,1,1,0.0
202300027251,155 632 262,B01,1,10,0,2,1,13,1,0.0
202300027251,155 632 263,A01,2,7,0,2,1,1,1,0.0
202300027252,155 632 260,A01,2,7,0,2,1,1,1,0.0
202300027252,155 632 261,B01,1,31,0,2,1,1,1,0.0
202300027253,155 632 258,A01,1,7,0,2,8,9,1,0.0
202300027253,155 632 259,B01,1,1,0,2,2,1,5,0.0
202300027254,155 632 255,B01,1,7,0,2,6,23,0,0.0
202300027254,155 632 256,A01,1,7,0,2,2,2,2,0.0
202300027254,155 632 257,C01,2,10,0,2,3,1,1,0.0
202300027255,155 632 253,A01,0,10,0,0,7,1,1,0.0
202300027255,155 632 254,B01,3,30,0,2,1,1,1,0.0
202300027256,155 632 251,A01,2,33,0,2,1,17,1,0.0
202300027256,155 632 252,B01,1,7,0,2,1,1,1,0.0
202300027257,155 632 250,A01,1,7,0,1,8,1,1,0.0
202300027258,155 632 249,A01,2,7,13,0,1,1,1,0.0
202300027259,155 632 247,B01,1,1,0,2,2,0,5,0.0
202300027259,155 632 248,A01,1,10,0,2,2,16,1,0.0
202300027260,155 632 245,A01,2,33,0,2,8,1,1,0.0
202300027260,155 632 246,B01,2,7,0,2,7,17,1,0.0
202300027261,155 632 243,B01,1,7,0,2,6,1,1,0.0
202300027261,155 632 244,Z01,1,15,0,2,2,12,1,0.0
202300027262,155 632 242,A01,1,33,4,0,1,2,0,0.0
202300027263,155 632 240,A01,2,33,0,2,1,1,1,0.0
202300027263,155 632 241,B01,2,7,0,2,4,1,1,0.0
202300027264,155 632 237,B01,1,7,0,2,4,2,1,0.0
202300027264,155 632 238,C01,1,7,0,2,4,2,1,0.0
202300027264,155 632 239,A01,1,7,0,2,1,2,1,0.0
202300027265,155 632 235,B01,2,33,0,2,8,2,1,0.0
202300027265,155 632 236,A01,2,7,0,2,5,0,1,0.0
202300027266,155 632 233,A01,2,7,0,2,5,12,1,0.0
202300027266,155 632 234,B01,2,33,0,2,8,1,1,0.0
202300027267,155 632 231,A01,2,10,0,2,8,11,1,0.0
202300027267,155 632 232,B01,2,33,0,2,7,3,1,0.0
202300027268,155 632 228,A01,1,10,0,2,2,1,1,0.0
202300027268,155 632 229,B01,1,7,0,2,3,1,1,0.0
202300027268,155 632 230,C01,1,33,0,2,1,1,1,0.0
202300027269,155 632 226,A01,2,33,0,2,2,3,1,0.0
202300027269,155 632 227,B01,2,7,0,2,6,11,1,0.0
202300027270,155 632 224,A01,2,7,0,2,1,1,1,0.0
202300027270,155 632 225,B01,2,7,0,2,4,1,1,0.0
202300027271,155 632 222,B01,2,33,0,2,7,1,1,0.0
202300027271,155 632 223,A01,2,33,0,2,8,13,1,0.0
202300027272,155 632 220,B01,1,33,0,2,7,1,1,0.0
202300027272,155 632 221,A01,1,7,0,2,8,11,1,0.0