num_acc,id_vehicule,num_veh,senc,catv,obs,obsm,choc,manv,motor,occutc
202300028281,155 630 406,A01,2,33,0,2,8,2,1,0.0
202300028281,155 630 408,B01,2,7,0,2,7,2,1,0.0
202300028282,155 630 405,A01,2,99,0,1,2,1,1,0.0
202300028283,155 630 402,A01,2,7,0,2,1,2,1,0.0
202300028283,155 630 404,B01,2,10,0,2,4,1,1,0.0
202300028284,155 630 398,A01,3,7,0,2,1,17,1,0.0
202300028284,155 630 401,B01,3,7,6,2,3,15,1,0.0
202300028285,155 630 399,A01,1,7,0,1,2,1,1,0.0
202300028286,155 630 396,B01,1,7,0,2,4,1,1,0.0
202300028286,155 630 400,A01,1,10,0,2,1,1,1,0.0
202300028286,155 630 403,C01,1,7,0,2,4,1,1,0.0
202300028287,155 630 395,A01,2,7,0,2,1,2,1,0.0
202300028287,155 630 397,B01,2,7,0,2,4,2,1,0.0
202300028288,155 630 394,A01,1,7,0,2,1,15,1,0.0
202300028289,155 630 392,A01,1,7,4,0,3,13,0,0.0
202300028290,155 630 390,A01,2,7,0,2,1,5,1,0.0
202300028290,155 630 393,B01,1,7,0,2,1,1,1,0.0
202300028291,155 630 388,A01,1,42,4,0,2,1,1,0.0
202300028292,155 630 384,A01,1,7,0,2,4,1,1,0.0
202300028292,155 630 387,B01,1,7,0,2,4,1,1,0.0
202300028292,155 630 389,C01,1,10,0,2,5,1,1,0.0
202300028292,155 630 391,D01,1,43,0,2,1,3,1,0.0
202300028293,155 630 382,A01,1,7,1,2,2,17,0,0.0
202300028293,155 630 385,B01,1,7,0,2,1,20,0,0.0
202300028294,155 630 383,A01,1,7,4,2,1,0,1,0.0
202300028294,155 630 386,B01,1,10,0,0,0,0,1,0.0
202300028295,155 630 379,A01,3,15,0,2,2,12,1,0.0
202300028295,155 630 381,B01,1,7,0,2,8,1,1,0.0
202300028296,155 630 376,A01,1,7,0,2,1,2,1,0.0
202300028296,155 630 380,B01,1,7,0,2,4,2,1,0.0
202300028297,155 630 375,A01,1,34,0,2,3,9,1,0.0
202300028297,155 630 378,B01,1,7,0,2,2,1,1,0.0
202300028298,155 630 370,D01,1,7,3,0,1,1,1,0.0
202300028298,155 630 373,A01,1,7,0,2,8,3,1,0.0
202300028298,155 630 374,B01,1,7,0,2,7,1,1,0.0
202300028298,155 630 377,C01,1,7,3,2,3,1,2,0.0
202300028299,155 630 369,A01,1,7,1,2,3,2,1,0.0
202300028300,155 630 372,A01,1,33,0,1,1,1,1,0.0
202300028301,155 630 368,B01,1,7,0,2,4,2,1,0.0
202300028301,155 630 371,A01,1,33,0,2,1,2,1,0.0
202300028302,155 630 362,B01,2,7,0,2,3,0,1,0.0
202300028302,155 630 367,A01,1,7,0,2,0,13,1,0.0
202300028303,155 630 361,A01,2,43,0,2,2,3,1,0.0
202300028303,155 630 366,B01,2,7,0,2,6,11,1,0.0
202300028304,155 630 360,C01,1,7,0,2,4,1,1,0.0
202300028304,155 630 363,B01,1,7,0,2,2,14,1,0.0
202300028304,155 630 365,A01,1,33,0,2,3,3,1,0.0
202300028305,155 630 364,A01,2,80,0,1,8,2,3,0.0
202300028306,155 630 358,A01,2,7,4,0,1,1,1,0.0
202300028307,155 630 355,B01,1,7,0,2,8,11,1,0.0
202300028307,155 630 357,A01,1,15,0,2,1,1,1,0.0
202300028308,155 630 354,A01,2,7,0,1,7,1,1,0.0
202300028309,155 630 353,A01,3,0,0,2,4,26,-1,0.0
202300028309,155 630 356,C01,3,7,1,2,1,26,2,0.0
202300028309,155 630 359,B01,3,7,0,2,1,1,2,0.0
202300028310,155 630 352,A01,1,7,3,0,1,2,1,0.0
202300028311,155 630 348,B01,1,32,0,2,4,11,1,0.0
202300028311,155 630 351,A01,1,32,0,2,2,1,1,0.0
202300028312,155 630 343,B01,1,7,0,2,2,1,1,0.0
202300028312,155 630 345,A01,1,7,0,2,5,19,1,0.0
202300028313,155 630 346,A01,2,7,0,2,2,15,6,0.0
202300028313,155 630 350,B01,2,2,0,2,1,1,3,0.0
202300028314,155 630 341,A01,1,7,0,2,1,3,1,0.0
202300028314,155 630 344,B01,1,7,0,2,4,2,1,0.0
202300028314,155 630 347,C01,1,7,0,2,5,2,1,0.0
202300028314,155 630 349,D01,1,7,0,2,6,2,1,0.0
202300028315,155 630 340,B01,2,33,0,2,3,0,1,0.0
202300028315,155 630 342,A01,2,7,0,2,2,12,1,0.0
202300028316,155 630 335,A01,1,43,0,2,2,1,1,0.0
202300028316,155 630 339,B01,1,7,0,2,8,1,1,0.0
202300028317,155 630 334,A01,2,43,0,2,7,3,1,0.0
202300028317,155 630 338,Z01,2,7,0,2,8,11,1,0.0
202300028318,155 630 337,A01,1,50,0,1,1,17,3,0.0
202300028319,155 630 333,A01,2,7,0,2,1,12,1,0.0
202300028319,155 630 336,B01,2,33,0,2,4,1,1,0.0
202300028320,155 630 331,A01,1,7,4,0,1,1,1,0.0
202300028321,155 630 326,B01,2,7,0,2,4,2,1,0.0
202300028321,155 630 328,C01,2,7,0,2,4,2,3,0.0
202300028321,155 630 332,A01,2,7,0,2,1,2,1,0.0
202300028322,155 630 324,B01,2,7,0,2,2,2,2,0.0
202300028322,155 630 327,C01,2,7,0,2,3,2,1,0.0
202300028322,155 630 330,A01,2,7,0,2,6,1,1,0.0
202300028323,155 630 325,A01,1,10,0,2,0,1,1,0.0
202300028323,155 630 329,B01,1,7,0,2,0,16,1,0.0
202300028324,155 630 320,B01,1,7,0,2,4,23,1,0.0
202300028324,155 630 322,A01,1,7,0,2,1,1,1,0.0
202300028325,155 630 319,A01,2,7,0,2,2,1,1,0.0
202300028325,155 630 323,B01,2,7,0,2,0,0,1,0.0
202300028326,155 630 317,A01,2,50,0,0,0,1,3,0.0
202300028327,155 630 311,A01,3,7,0,2,3,13,1,0.0
202300028327,155 630 313,B01,3,31,0,2,1,1,1,0.0
202300028328,155 630 310,F01,1,15,0,2,1,1,0,0.0
202300028328,155 630 312,E01,1,7,0,2,6,1,1,0.0
202300028328,155 630 315,D01,1,13,0,2,4,1,4,0.0
202300028328,155 630 316,A01,1,15,0,2,4,1,1,0.0
202300028328,155 630 318,C01,1,15,0,2,4,1,1,0.0
202300028328,155 630 321,B01,1,7,0,2,4,1,1,0.0
202300028329,155 630 309,A01,2,7,0,2,7,15,1,0.0
202300028329,155 630 314,B01,1,33,0,2,1,1,1,0.0
202300028330,155 630 307,A01,1,1,0,2,4,2,5,0.0
202300028330,155 630 308,Z01,1,7,0,2,1,1,0,0.0
202300028331,155 630 305,A01,1,7,0,1,1,2,2,0.0
202300028332,155 630 304,A01,2,33,0,2,1,26,1,0.0
202300028332,155 630 306,B01,2,7,0,2,2,12,1,0.0
202300028333,155 630 303,A01,3,7,7,0,1,13,1,0.0
202300028334,155 630 299,A01,2,7,4,0,8,13,1,0.0
202300028335,155 630 300,A01,2,1,0,2,1,1,5,0.0
202300028335,155 630 302,B01,1,1,0,2,1,1,5,0.0
202300028336,155 630 298,A01,3,7,0,2,1,1,1,0.0
202300028336,155 630 301,B01,3,7,0,2,5,9,1,0.0
202300028337,155 630 290,A01,1,7,6,2,1,2,1,0.0
202300028337,155 630 293,B01,1,7,14,2,1,2,1,0.0
202300028337,155 630 296,C01,1,7,14,2,1,2,1,0.0
202300028338,155 630 291,Z01,1,1,0,1,3,16,5,0.0
202300028339,155 630 289,B01,1,7,0,2,4,23,1,0.0
202300028339,155 630 292,C01,1,7,0,2,4,23,1,0.0
202300028339,155 630 295,A01,1,7,0,2,1,1,1,0.0
202300028340,155 630 286,Z01,3,1,0,1,1,0,5,0.0
202300028341,155 630 284,A01,1,7,8,0,1,6,1,0.0
202300028342,155 630 285,B01,1,43,0,2,1,1,1,0.0
202300028342,155 630 288,A01,1,7,0,2,1,15,1,0.0
202300028343,155 630 283,B01,1,7,0,2,1,1,1,0.0
202300028343,155 630 287,A01,1,1,0,2,7,19,5,0.0
202300028344,155 630 282,A01,3,33,0,1,1,1,1,0.0
202300028345,155 630 279,A01,1,7,0,2,7,19,1,0.0
202300028345,155 630 281,B01,1,7,0,2,8,0,1,0.0
202300028346,155 630 280,A01,1,7,1,0,3,13,1,0.0
202300028347,155 630 278,A01,1,7,0,1,1,15,1,0.0
202300028348,155 630 275,A01,3,10,0,2,1,26,0,0.0
202300028348,155 630 277,B01,3,7,0,2,4,1,0,0.0
202300028349,155 630 273,A01,1,7,0,2,3,9,1,0.0
202300028349,155 630 276,B01,2,33,0,2,7,1,1,0.0
202300028350,155 630 270,B01,1,1,0,2,1,1,5,0.0
202300028350,155 630 274,A01,2,32,0,2,1,1,1,0.0
202300028351,155 630 268,A01,3,7,0,2,1,1,1,0.0
202300028351,155 630 271,B01,3,7,0,2,4,1,1,0.0
202300028352,155 630 267,A01,1,7,0,2,1,1,2,0.0
202300028352,155 630 269,B01,1,7,0,2,4,1,1,0.0
202300028352,155 630 272,C01,1,7,0,2,4,1,1,0.0
202300028353,155 630 264,A01,1,30,0,0,4,3,1,0.0
202300028353,155 630 265,B01,1,7,0,2,2,21,1,0.0
202300028354,155 630 263,A01,2,30,0,2,1,1,1,0.0
202300028354,155 630 266,B01,3,13,0,2,8,16,1,0.0
202300028355,155 630 262,A01,0,7,0,0,0,0,6,0.0
202300028356,155 630 257,A01,2,31,0,2,1,12,3,0.0
202300028356,155 630 260,B01,0,7,0,2,0,10,1,0.0
202300028357,155 630 259,A01,2,7,0,2,2,17,1,0.0
202300028357,155 630 261,B01,2,7,0,2,6,0,2,0.0
202300028358,155 630 254,A01,1,50,0,2,1,5,3,0.0
202300028358,155 630 258,B01,2,7,0,2,3,16,1,0.0
202300028359,155 630 255,A01,2,7,0,2,2,9,0,0.0
202300028359,155 630 256,B01,2,2,0,0,0,0,0,0.0
202300028360,155 630 250,A01,1,7,0,2,3,1,2,0.0
202300028360,155 630 253,B01,2,32,0,2,1,15,1,0.0
202300028361,155 630 249,B01,2,50,0,1,1,5,3,0.0
202300028362,155 630 248,A01,2,33,0,2,1,1,1,0.0
202300028362,155 630 251,Z01,2,7,0,0,0,0,0,0.0
202300028363,155 630 247,A01,2,7,0,9,3,15,1,0.0
202300028363,155 630 252,B01,1,80,0,2,3,1,3,0.0
202300028364,155 630 246,A01,0,7,0,1,4,20,1,0.0
202300028365,155 630 243,A01,2,7,0,2,1,1,0,0.0
202300028365,155 630 245,B01,2,7,0,2,0,0,2,0.0
202300028366,155 630 242,A01,1,7,0,2,1,1,1,0.0
202300028366,155 630 244,B01,1,7,0,2,4,1,1,0.0
202300028367,155 630 241,A01,3,1,0,1,1,25,5,0.0
202300028368,155 630 238,A01,2,33,0,2,4,1,1,0.0
202300028368,155 630 240,B01,2,0,0,2,1,2,0,0.0
202300028369,155 630 237,A01,1,10,0,1,2,1,6,0.0
202300028370,155 630 236,A01,3,2,12,0,9,19,1,0.0
202300028370,155 630 239,B01,3,7,0,2,1,1,1,0.0
202300028371,155 630 232,A01,1,2,0,2,1,13,1,0.0
202300028371,155 630 235,B01,1,2,0,2,1,1,1,0.0
202300028372,155 630 231,A01,1,7,0,2,2,1,1,0.0
202300028372,155 630 233,B01,2,99,0,2,8,19,3,0.0
202300028373,155 630 229,A01,1,30,0,2,1,2,1,0.0
202300028373,155 630 234,B01,2,30,0,2,1,15,1,0.0
202300028374,155 630 228,A01,2,2,0,2,1,13,1,0.0
202300028374,155 630 230,B01,1,7,0,2,3,1,1,0.0
202300028375,155 630 226,A01,2,7,0,2,2,14,3,0.0
202300028376,155 630 223,Z01,2,7,0,2,2,2,0,0.0
202300028376,155 630 227,A01,2,50,0,2,8,2,3,0.0
202300028377,155 630 221,A01,2,7,0,2,1,1,1,0.0
202300028377,155 630 224,B01,1,10,0,2,7,15,1,0.0
202300028378,155 630 220,C01,1,7,0,0,4,1,1,0.0
202300028378,155 630 222,A01,1,10,0,0,1,1,1,0.0
202300028378,155 630 225,B01,1,7,0,0,4,1,1,0.0
202300028379,155 630 219,A01,3,30,5,0,1,1,1,0.0
202300028380,155 630 217,A01,2,7,13,0,3,19,2,0.0
202300028381,155 630 215,B01,1,7,0,2,1,1,1,0.0
202300028381,155 630 218,A01,1,33,0,2,4,23,1,0.0
202300028382,155 630 213,A01,3,7,0,1,1,26,1,0.0
202300028383,155 630 214,A01,1,7,0,2,5,15,0,0.0
202300028383,155 630 216,B01,2,7,0,2,1,1,1,0.0
202300028384,155 630 211,A01,1,2,0,2,7,5,1,0.0
202300028384,155 630 212,B01,1,7,0,2,6,2,1,0.0
202300028385,155 630 210,A01,2,7,2,0,9,13,0,0.0
202300028386,155 630 208,A01,1,7,0,2,7,15,0,0.0
202300028386,155 630 209,B01,1,33,0,2,1,1,0,0.0
202300028387,155 630 206,A01,-1,7,0,1,1,0,1,0.0
202300028388,155 630 207,A01,1,33,0,1,7,1,1,0.0
202300028389,155 630 204,A01,1,31,0,2,1,17,0,0.0
202300028389,155 630 205,B01,1,7,0,2,3,15,0,0.0
202300028390,155 630 199,A01,2,7,16,0,0,1,0,0.0
202300028391,155 630 201,B01,1,1,1,0,1,0,5,0.0
202300028391,155 630 203,A01,3,7,0,2,3,23,1,0.0
202300028392,155 630 198,B01,1,33,0,2,7,1,1,0.0
202300028392,155 630 202,A01,2,7,0,2,6,15,1,0.0
202300028393,155 630 192,A01,2,7,0,2,1,5,1,0.0
202300028393,155 630 194,B01,2,7,0,2,1,1,1,0.0
202300028393,155 630 195,C01,2,7,0,2,3,1,1,0.0
202300028394,155 630 191,A01,1,0,0,1,1,26,0,0.0
202300028395,155 630 190,B01,2,7,0,2,5,23,1,0.0
202300028395,155 630 197,A01,2,7,3,2,5,17,1,0.0
202300028395,155 630 200,C01,2,7,0,2,6,23,1,0.0
202300028396,155 630 187,A01,3,7,0,2,1,2,1,0.0
202300028396,155 630 188,B01,3,32,0,0,4,23,1,0.0
202300028397,155 630 185,A01,1,7,0,2,3,17,1,0.0
202300028397,155 630 189,B01,1,7,0,2,6,15,1,0.0
202300028398,155 630 184,A01,1,2,0,2,1,17,1,0.0
202300028398,155 630 186,B01,1,7,0,0,8,10,1,0.0
202300028399,155 630 182,B01,0,7,0,2,3,1,1,0.0
202300028399,155 630 183,A01,0,7,0,2,3,5,1,0.0
202300028400,155 630 180,A01,3,7,0,0,1,1,1,0.0
202300028401,155 630 181,A01,3,7,3,0,1,1,1,0.0
202300028402,155 630 176,A01,1,7,0,2,1,2,0,0.0
202300028402,155 630 178,B01,1,2,0,2,4,2,0,0.0
202300028402,155 630 179,C01,1,7,0,0,4,2,0,0.0
202300028403,155 630 173,A01,1,7,0,1,2,0,1,0.0
202300028404,155 630 172,A01,1,7,3,2,2,14,1,0.0
202300028404,155 630 175,B01,1,33,0,2,6,3,1,0.0
202300028405,155 630 168,A01,2,33,14,0,8,1,1,0.0
202300028406,155 630 167,B01,2,7,4,2,3,1,1,0.0
202300028406,155 630 170,C01,2,33,0,2,8,1,1,0.0
202300028406,155 630 171,A01,1,7,0,2,1,13,1,0.0
202300028407,155 630 165,A01,3,31,1,2,1,18,1,0.0
202300028407,155 630 169,B01,3,10,0,2,2,20,1,0.0
202300028408,155 630 163,A01,2,7,13,0,1,0,1,0.0
202300028409,155 630 161,B01,3,7,0,2,4,2,0,0.0
202300028409,155 630 164,C01,3,7,0,2,4,2,0,0.0
202300028409,155 630 166,A01,3,7,0,2,1,2,0,0.0
202300028410,155 630 160,A01,1,7,0,2,1,0,1,0.0
202300028410,155 630 162,B01,2,7,0,2,1,0,1,0.0
202300028411,155 630 159,A01,1,10,0,0,9,1,1,0.0
202300028412,155 630 158,A01,1,7,13,0,1,16,1,0.0
202300028413,155 630 155,B01,0,2,0,2,7,1,1,0.0
202300028413,155 630 157,A01,3,7,0,2,3,26,1,0.0
202300028414,155 630 153,A01,1,7,16,0,2,1,1,0.0
202300028415,155 630 149,A01,3,7,0,1,3,9,1,0.0
202300028416,155 630 146,A01,3,31,6,0,0,13,1,0.0
202300028417,155 630 148,A01,1,33,0,2,1,11,1,0.0
202300028417,155 630 150,B01,1,21,0,0,4,2,1,0.0
202300028418,155 630 144,A01,3,50,14,0,1,1,3,0.0
202300028419,155 630 141,A01,2,7,0,2,3,13,1,0.0
202300028419,155 630 145,B01,2,7,0,2,3,15,1,0.0
202300028420,155 630 140,A01,3,7,0,2,2,1,1,0.0
202300028420,155 630 142,B01,3,2,0,2,1,1,1,0.0
202300028421,155 630 137,A01,1,7,0,2,2,15,1,0.0
202300028421,155 630 139,B01,1,7,0,2,1,1,1,0.0
202300028422,155 630 135,A01,3,7,0,1,2,1,1,0.0
202300028423,155 630 136,B01,1,33,0,2,4,23,1,0.0
202300028423,155 630 138,A01,1,99,0,2,1,1,1,0.0
202300028424,155 630 133,B01,1,33,0,2,1,2,1,0.0
202300028424,155 630 134,A01,1,7,0,0,4,23,1,0.0
202300028425,155 630 130,A01,1,7,0,2,3,13,1,0.0
202300028425,155 630 132,B01,2,7,0,2,3,1,1,0.0
202300028426,155 630 131,A01,1,7,15,0,6,26,1,0.0
202300028427,155 630 128,A01,3,10,0,1,1,1,1,0.0
202300028428,155 630 126,B01,2,7,0,2,1,1,1,0.0
202300028428,155 630 129,A01,1,7,0,2,1,1,1,0.0
202300028429,155 630 123,A01,1,33,0,2,1,11,1,0.0
202300028429,155 630 127,B01,2,7,0,2,1,1,1,0.0
202300028430,155 630 121,A01,3,7,2,0,1,1,1,0.0
202300028431,155 630 120,A01,2,7,0,2,3,10,1,0.0
202300028431,155 630 122,B01,1,31,0,2,1,1,1,0.0
202300028432,155 630 118,A01,3,7,0,2,3,15,0,0.0
202300028432,155 630 119,B01,3,1,0,2,1,16,5,0.0
202300028433,155 630 117,A01,0,10,0,1,0,15,0,0.0
202300028434,155 630 114,A01,1,7,2,0,1,14,1,0.0
202300028435,155 630 115,A01,0,7,6,0,7,1,1,0.0
202300028436,155 630 113,A01,1,7,0,2,8,13,1,0.0
202300028436,155 630 116,B01,2,2,0,2,8,1,1,0.0
202300028437,155 630 112,A01,1,7,0,1,3,1,1,0.0
202300028438,155 630 109,A01,1,7,13,0,1,1,1,0.0
202300028439,155 630 108,B01,2,7,0,2,8,9,1,0.0
202300028439,155 630 111,A01,2,33,0,2,2,1,1,0.0
202300028440,155 630 107,A01,1,7,0,1,1,1,1,0.0
202300028441,155 630 106,A01,1,33,0,2,7,19,1,0.0
202300028441,155 630 110,B01,1,7,0,2,3,16,1,0.0
202300028442,155 630 105,A01,2,38,3,0,1,1,1,3.0
202300028443,155 630 104,A01,1,50,12,0,0,1,3,0.0
202300028444,155 630 102,A01,1,7,0,1,2,1,1,0.0
202300028445,155 630 101,A01,1,38,0,0,0,1,1,2.0
202300028446,155 630 099,B01,0,7,0,2,1,1,1,0.0
202300028446,155 630 103,A01,0,1,0,2,1,1,5,0.0
202300028447,155 630 098,A01,2,1,0,2,1,1,5,0.0
202300028447,155 630 100,B01,1,7,0,2,2,11,1,0.0
202300028448,155 630 095,A01,1,33,0,0,8,12,1,0.0
202300028449,155 630 096,A01,1,7,0,2,1,20,1,0.0
202300028449,155 630 097,B01,2,33,0,2,1,1,1,0.0
202300028450,155 630 093,A01,0,7,2,0,7,0,1,0.0
202300028451,155 630 091,A01,1,7,13,0,1,0,1,0.0
202300028452,155 630 089,B01,1,10,0,2,4,23,1,0.0
202300028452,155 630 090,A01,1,2,0,2,1,2,1,0.0
202300028453,155 630 088,A01,1,32,0,1,3,1,0,0.0
202300028454,155 630 087,A01,1,7,0,1,2,16,0,0.0
202300028455,155 630 085,A01,2,33,0,2,1,1,1,0.0
202300028455,155 630 086,B01,1,7,0,2,2,19,1,0.0
202300028456,155 630 083,B01,0,7,0,2,4,1,1,0.0
202300028456,155 630 084,A01,0,7,0,2,1,9,1,0.0
202300028457,155 630 082,A01,2,7,0,1,3,1,2,0.0
202300028458,155 630 080,A01,2,7,11,0,1,1,1,0.0
202300028459,155 630 079,A01,1,7,0,2,4,1,0,0.0
202300028459,155 630 081,B01,1,7,0,2,3,1,1,0.0
202300028460,155 630 077,A01,0,7,0,2,1,1,1,0.0
202300028460,155 630 078,B01,0,7,0,2,4,23,1,0.0
202300028461,155 630 074,B01,2,7,0,2,1,2,1,0.0
202300028461,155 630 076,A01,2,15,0,0,6,1,1,0.0
202300028462,155 630 075,A01,2,2,0,1,1,1,1,0.0
202300028463,155 630 070,A01,1,7,13,0,1,1,1,0.0
202300028464,155 630 067,B01,1,33,0,2,1,1,1,0.0
202300028464,155 630 071,A01,2,1,0,2,1,5,5,0.0
202300028465,155 630 066,B01,0,7,0,2,4,2,1,0.0
202300028465,155 630 069,A01,0,7,0,2,1,2,1,0.0
202300028466,155 630 065,A01,3,7,0,0,0,1,0,0.0
202300028467,155 630 061,B01,2,10,9,2,1,5,0,0.0
202300028467,155 630 064,C01,2,10,0,2,1,2,0,0.0
202300028467,155 630 068,D01,2,10,0,2,6,5,0,0.0
202300028467,155 630 072,A01,2,10,0,2,1,5,0,0.0
202300028468,155 630 059,A01,1,7,0,2,7,12,1,0.0
202300028468,155 630 062,B01,1,32,0,2,4,1,1,0.0
202300028469,155 630 060,A01,2,10,0,2,8,15,1,0.0
202300028469,155 630 063,B01,1,2,0,2,1,1,1,0.0
202300028470,155 630 058,A01,3,7,0,1,2,1,0,0.0
202300028471,155 630 057,A01,3,7,8,0,3,20,1,0.0
202300028472,155 630 053,A01,1,2,0,2,1,1,1,0.0
202300028472,155 630 055,B01,3,7,0,2,2,1,0,0.0
202300028473,155 630 052,B01,1,7,0,2,4,1,1,0.0
202300028473,155 630 054,C01,1,7,0,2,4,1,1,0.0
202300028473,155 630 056,A01,1,7,0,2,1,26,1,0.0
202300028474,155 630 049,A01,2,7,0,2,1,1,1,0.0
202300028474,155 630 051,B01,2,80,0,0,8,15,3,0.0
202300028475,155 630 048,B01,2,10,0,2,1,2,1,0.0
202300028475,155 630 050,A01,2,7,0,2,4,2,1,0.0
202300028476,155 630 046,A01,2,33,0,0,1,1,1,0.0
202300028477,155 630 044,A01,2,7,0,1,1,1,1,0.0
202300028478,155 630 045,A01,3,14,0,2,7,16,1,0.0
202300028478,155 630 047,B01,3,1,0,2,1,1,5,0.0
202300028479,155 630 042,A01,0,7,0,2,3,9,1,0.0
202300028479,155 630 043,B01,2,2,0,2,1,1,1,0.0
202300028480,155 630 039,B01,1,7,0,2,4,1,1,0.0
202300028480,155 630 041,A01,1,10,0,2,1,1,1,0.0
202300028481,155 630 038,B01,1,7,0,2,1,1,1,0.0
202300028481,155 630 040,A01,2,7,7,2,2,19,1,0.0
202300028482,155 630 037,A01,0,7,0,1,3,16,1,0.0
202300028483,155 630 035,A01,1,7,0,2,2,1,1,0.0
202300028483,155 630 036,B01,2,7,0,2,7,15,1,0.0
202300028484,155 630 033,A01,1,7,0,2,2,12,1,0.0
202300028484,155 630 034,B01,1,7,0,2,8,1,1,0.0
202300028485,155 630 032,A01,1,7,0,1,1,1,0,0.0
202300028486,155 630 031,A01,2,7,2,0,1,1,1,0.0
202300028487,155 630 029,B01,3,1,0,2,0,1,5,0.0
202300028487,155 630 030,A01,3,7,0,2,2,19,1,0.0
202300028488,155 630 028,A01,1,7,6,0,1,13,1,0.0
202300028489,155 630 026,A01,3,7,0,0,9,0,1,0.0
202300028490,155 630 025,A01,1,7,0,2,1,2,1,0.0
202300028490,155 630 027,B01,1,7,0,2,4,2,1,0.0
202300028491,155 630 022,A01,2,50,0,2,8,15,3,0.0
202300028491,155 630 024,B01,2,7,0,2,7,16,1,0.0
202300028492,155 630 021,A01,1,50,0,9,4,1,3,0.0
202300028492,155 630 023,B01,1,7,15,2,3,2,1,0.0
202300028493,155 630 019,A01,1,33,0,0,1,1,1,0.0
202300028494,155 630 017,A01,2,31,0,6,2,21,1,0.0
202300028495,155 630 018,B01,1,2,0,2,3,1,1,0.0
202300028495,155 630 020,Z01,2,7,0,2,1,15,0,0.0
202300028496,155 630 016,A01,2,7,6,0,3,1,1,0.0
202300028497,155 630 014,A01,1,7,1,0,3,0,1,0.0
202300028498,155 630 013,B01,2,7,0,2,2,1,1,0.0
202300028498,155 630 015,A01,1,31,0,2,1,13,1,0.0
202300028499,155 630 010,A01,2,7,0,2,5,14,1,0.0
202300028499,155 630 012,B01,2,33,0,2,1,3,1,0.0
202300028500,155 630 008,A01,1,33,2,0,1,21,1,0.0
202300028501,155 630 006,B01,2,7,0,2,4,1,1,0.0
202300028501,155 630 007,A01,2,10,0,2,1,1,1,0.0
202300028502,155 630 004,A01,1,7,0,1,1,2,1,0.0
202300028503,155 630 001,A01,2,7,0,2,8,11,1,0.0
202300028503,155 630 002,B01,2,7,0,2,7,12,0,0.0
202300028504,155 630 000,A01,1,7,0,2,1,1,1,0.0
202300028504,155 630 003,B01,2,33,0,2,1,13,1,0.0
202300028504,155 630 005,C01,2,33,0,2,1,13,1,0.0
202300028505,155 629 998,A01,2,7,0,2,1,5,1,0.0
202300028505,155 629 999,B01,1,7,0,2,3,1,1,0.0
202300028506,155 629 997,A01,1,13,13,0,2,1,1,0.0
202300028507,155 629 996,A01,3,7,1,0,1,1,1,0.0
202300028508,155 629 993,A01,3,2,12,0,1,21,1,0.0
202300028509,155 629 992,A01,3,34,0,2,7,1,1,0.0
202300028509,155 629 995,B01,3,32,0,2,3,1,1,0.0
202300028510,155 629 991,B01,2,7,0,2,4,1,1,0.0
202300028510,155 629 994,A01,2,33,0,2,1,1,1,0.0
202300028511,155 629 988,A01,2,7,3,0,1,1,1,0.0
202300028512,155 629 986,B01,1,33,0,2,1,19,1,0.0
202300028512,155 629 990,A01,1,7,0,2,1,15,1,0.0
202300028513,155 629 985,A01,0,7,0,2,1,16,0,0.0
202300028513,155 629 987,B01,1,42,0,2,7,1,1,0.0
202300028513,155 629 989,C01,2,37,0,2,1,1,1,1.0
202300028514,155 629 983,B01,1,7,0,2,6,1,1,0.0
202300028514,155 629 984,A01,1,7,0,2,1,11,1,0.0
202300028515,155 629 980,A01,1,7,6,0,2,11,1,0.0
202300028515,155 629 982,B01,1,7,6,0,2,1,1,0.0
202300028516,155 629 978,B01,1,33,0,2,4,23,1,0.0
202300028516,155 629 981,Z01,1,7,14,0,1,2,1,0.0
202300028517,155 629 979,A01,2,33,3,0,0,26,1,0.0
202300028518,155 629 974,A01,1,7,0,2,2,13,1,0.0
202300028518,155 629 977,B01,2,33,0,2,1,2,1,0.0
202300028519,155 629 973,A01,1,7,0,2,0,26,0,0.0
202300028519,155 629 976,B01,1,31,0,2,7,26,0,0.0
202300028520,155 629 971,A01,1,10,0,0,4,2,1,0.0
202300028520,155 629 972,B01,1,7,0,2,1,2,1,0.0
202300028520,155 629 975,C01,1,7,0,2,1,2,2,0.0
202300028521,155 629 968,B01,2,7,0,2,1,21,1,0.0
202300028521,155 629 970,A01,1,34,0,2,1,26,1,0.0
202300028522,155 629 967,B01,3,7,0,0,0,24,0,0.0
202300028522,155 629 969,A01,3,7,1,0,2,1,1,0.0
202300028523,155 629 965,A01,2,33,0,2,7,3,1,0.0
202300028523,155 629 966,B01,2,7,0,2,8,13,1,0.0
202300028524,155 629 964,A01,1,7,6,0,2,1,1,0.0
202300028525,155 629 963,A01,2,7,1,0,1,1,1,0.0
202300028526,155 629 961,A01,0,21,16,0,0,1,0,0.0
202300028527,155 629 960,A01,1,15,0,2,2,26,1,0.0
202300028527,155 629 962,B01,1,7,4,2,4,11,1,0.0
202300028528,155 629 955,A01,1,30,0,2,1,1,1,0.0
202300028528,155 629 958,B01,1,7,0,2,4,23,1,0.0
202300028529,155 629 954,B01,1,7,0,2,3,15,1,0.0
202300028529,155 629 957,A01,1,34,0,2,1,17,1,0.0
202300028530,155 629 956,B01,3,1,0,2,8,0,5,0.0
202300028530,155 629 959,A01,2,7,0,9,3,0,1,0.0
202300028531,155 629 950,A01,1,7,0,2,6,10,1,0.0