num_acc,id_vehicule,num_veh,senc,catv,obs,obsm,choc,manv,motor,occutc
202300028795,155 629 494,B01,1,33,0,2,3,1,1,0.0
202300028796,155 629 495,A01,3,7,2,0,7,14,1,0.0
202300028797,155 629 490,A01,2,7,0,2,8,15,1,0.0
202300028797,155 629 492,B01,2,33,0,2,1,1,1,0.0
202300028798,155 629 491,A01,1,7,2,0,1,13,1,0.0
202300028799,155 629 489,A01,2,33,0,1,1,17,1,0.0
202300028800,155 629 488,A01,1,7,0,1,3,1,1,0.0
202300028801,155 629 487,A01,1,1,0,0,0,0,5,0.0
202300028802,155 629 485,A01,3,7,0,2,7,1,1,0.0
202300028802,155 629 486,B01,3,30,0,2,3,1,1,0.0
202300028803,155 629 484,A01,3,33,0,1,3,1,1,0.0
202300028804,155 629 482,B01,0,1,0,2,7,1,5,0.0
202300028804,155 629 483,A01,3,7,0,2,2,9,1,0.0
202300028805,155 629 480,B01,1,30,0,2,4,2,1,0.0
202300028805,155 629 481,A01,1,7,0,2,1,2,1,0.0
202300028806,155 629 479,A01,2,7,13,0,1,1,1,0.0
202300028807,155 629 478,A01,3,7,0,1,1,19,1,0.0
202300028808,155 629 475,A01,3,7,0,1,4,4,1,0.0
202300028809,155 629 476,A01,2,7,0,2,3,15,1,0.0
202300028809,155 629 477,B01,1,7,0,2,2,1,1,0.0
202300028810,155 629 472,A01,2,1,0,2,6,0,5,0.0
202300028810,155 629 473,B01,2,10,0,2,5,17,1,0.0
202300028811,155 629 468,B01,3,7,0,2,4,23,1,0.0
202300028811,155 629 470,C01,3,7,0,2,4,23,1,0.0
202300028811,155 629 474,A01,3,37,0,2,2,16,1,2.0
202300028812,155 629 467,A01,1,31,6,0,0,0,0,0.0
202300028813,155 629 465,A01,2,7,0,2,6,23,1,0.0
202300028813,155 629 466,B01,3,36,0,2,2,1,1,0.0
202300028814,155 629 464,A01,3,33,12,0,7,13,1,0.0
202300028815,155 629 459,B01,2,2,0,2,8,1,1,0.0
202300028815,155 629 461,C01,2,7,0,2,3,1,1,0.0
202300028815,155 629 463,A01,1,10,0,2,3,13,1,0.0
202300028816,155 629 458,A01,1,7,13,0,1,1,1,0.0
202300028817,155 629 460,A01,3,7,0,9,2,15,2,0.0
202300028817,155 629 462,B01,3,50,0,2,1,2,3,0.0
202300028818,155 629 455,B01,2,31,0,0,0,0,3,0.0
202300028818,155 629 456,A01,1,7,0,2,3,11,1,0.0
202300028819,155 629 453,A01,2,7,0,2,1,2,1,0.0
202300028819,155 629 454,B01,2,7,0,2,1,2,0,0.0
202300028819,155 629 457,C01,2,7,0,0,4,2,1,0.0
202300028820,155 629 452,A01,2,10,0,1,1,1,1,0.0
202300028821,155 629 451,A01,2,33,3,0,1,19,1,0.0
202300028822,155 629 450,A01,2,7,15,0,9,0,1,0.0
202300028823,155 629 448,A01,1,7,0,2,2,1,1,0.0
202300028823,155 629 449,B01,2,80,0,2,1,15,3,0.0
202300028824,155 629 447,A01,1,7,3,0,1,1,2,0.0
202300028825,155 629 446,A01,2,7,0,1,1,11,1,0.0
202300028826,155 629 445,A01,1,7,6,0,2,26,1,0.0
202300028827,155 629 443,A01,2,10,0,2,3,15,1,0.0
202300028827,155 629 444,B01,1,10,0,2,2,17,1,0.0
202300028828,155 629 441,A01,2,33,0,2,1,17,1,0.0
202300028828,155 629 442,B01,1,7,0,2,1,1,1,0.0
202300028829,155 629 439,A01,2,33,0,2,1,2,1,0.0
202300028829,155 629 440,B01,2,1,0,2,4,2,5,0.0
202300028830,155 629 438,A01,1,7,2,0,1,1,1,0.0
202300028831,155 629 436,B01,3,10,0,2,8,1,1,0.0
202300028831,155 629 437,A01,3,7,0,2,8,1,1,0.0
202300028832,155 629 435,A01,2,7,17,0,3,13,1,0.0
202300028833,155 629 433,A01,3,7,0,9,5,1,0,0.0
202300028833,155 629 434,B01,3,1,0,2,1,1,5,0.0
202300028834,155 629 431,A01,1,7,2,0,1,1,1,0.0
202300028835,155 629 430,B01,2,7,0,2,4,1,1,0.0
202300028835,155 629 432,A01,1,31,1,0,1,1,1,0.0
202300028836,155 629 429,A01,3,7,0,1,2,26,1,0.0
202300028837,155 629 428,A01,1,7,0,1,1,1,2,0.0
202300028838,155 629 427,A01,3,7,0,9,2,2,1,0.0
202300028839,155 629 424,A01,3,7,0,2,7,15,0,0.0
202300028839,155 629 425,B01,3,1,0,2,1,19,5,0.0
202300028840,155 629 423,B01,2,80,0,2,1,1,3,0.0
202300028840,155 629 426,A01,1,7,0,2,2,16,2,0.0
202300028841,155 629 422,A01,1,7,1,0,2,1,1,0.0
202300028842,155 629 418,A01,2,30,0,2,1,1,1,0.0
202300028842,155 629 421,B01,1,7,0,2,5,15,1,0.0
202300028843,155 629 419,A01,2,10,0,2,2,21,1,0.0
202300028843,155 629 420,B01,2,7,0,2,6,23,1,0.0
202300028844,155 629 416,A01,1,31,11,0,1,0,1,0.0
202300028845,155 629 415,A01,2,7,0,2,7,16,1,0.0
202300028845,155 629 417,B01,1,1,0,2,1,15,5,0.0
202300028846,155 629 412,A01,2,80,0,6,0,1,3,0.0
202300028847,155 629 411,A01,1,7,0,1,2,1,1,0.0
202300028848,155 629 409,A01,1,7,0,2,3,10,1,0.0
202300028848,155 629 410,B01,1,2,0,2,1,1,1,0.0
202300028849,155 629 405,A01,1,7,0,2,1,1,1,0.0
202300028849,155 629 406,B01,1,7,0,2,1,5,1,0.0
202300028850,155 629 403,A01,1,33,0,0,1,1,1,0.0
202300028851,155 629 404,A01,1,33,0,0,6,2,1,0.0
202300028851,155 629 407,B01,1,33,0,2,1,21,1,0.0
202300028851,155 629 408,C01,1,33,0,9,0,21,1,0.0
202300028852,155 629 400,B01,1,7,0,2,5,2,1,0.0
202300028852,155 629 401,C01,1,33,0,2,1,3,1,0.0
202300028852,155 629 402,A01,1,7,0,2,6,2,1,0.0
202300028853,155 629 398,B01,2,7,0,2,3,1,1,0.0
202300028853,155 629 399,A01,2,7,0,2,5,1,1,0.0
202300028854,155 629 395,C01,2,7,0,2,1,1,1,0.0
202300028854,155 629 396,A01,2,7,0,2,4,11,1,0.0
202300028854,155 629 397,B01,2,15,0,2,2,1,1,0.0
202300028855,155 629 393,A01,2,7,4,2,1,14,1,0.0
202300028855,155 629 394,B01,2,7,0,2,4,1,1,0.0
202300028856,155 629 391,A01,2,7,0,2,1,1,1,0.0
202300028856,155 629 392,B01,2,7,0,2,4,1,1,0.0
202300028857,155 629 389,B01,1,99,0,2,4,12,1,0.0
202300028857,155 629 390,A01,1,33,0,2,1,3,1,0.0
202300028858,155 629 386,A01,2,7,0,2,1,1,1,0.0
202300028858,155 629 387,B01,2,7,0,2,4,2,1,0.0
202300028858,155 629 388,C01,2,10,0,2,4,12,1,0.0
202300028859,155 629 384,A01,2,33,0,2,1,3,1,0.0
202300028859,155 629 385,B01,2,7,0,2,6,2,1,0.0
202300028860,155 629 380,A01,2,10,1,0,1,2,1,0.0
202300028860,155 629 381,B01,2,7,0,2,6,24,1,0.0
202300028860,155 629 382,C01,2,33,0,2,4,26,1,0.0
202300028860,155 629 383,D01,2,7,0,2,4,26,1,0.0
202300028861,155 629 378,A01,2,7,0,2,2,2,3,0.0
202300028861,155 629 379,B01,2,33,0,2,3,3,1,0.0
202300028862,155 629 375,B01,1,10,0,2,4,2,1,0.0
202300028862,155 629 376,A01,1,10,0,2,1,2,1,0.0
202300028862,155 629 377,C01,1,7,0,2,4,0,1,0.0
202300028863,155 629 373,B01,1,7,0,2,6,1,1,0.0
202300028863,155 629 374,A01,1,7,0,2,2,1,1,0.0
202300028864,155 629 371,A01,0,7,0,2,0,2,1,0.0
202300028864,155 629 372,B01,0,7,0,2,4,2,1,0.0
202300028865,155 629 370,A01,3,7,1,0,2,16,1,0.0
202300028866,155 629 368,A01,1,7,6,2,8,15,1,0.0
202300028866,155 629 369,B01,1,33,6,2,7,15,1,0.0
202300028867,155 629 366,A01,2,7,0,2,1,2,1,0.0
202300028867,155 629 367,B01,2,14,0,2,4,2,1,0.0
202300028868,155 629 365,A01,1,2,11,0,3,13,1,0.0
202300028869,155 629 363,A01,2,7,0,2,1,15,1,0.0
202300028869,155 629 364,B01,2,2,0,2,8,1,1,0.0
202300028870,155 629 362,A01,2,7,11,0,2,0,1,0.0
202300028871,155 629 361,A01,0,7,8,0,1,1,1,0.0
202300028872,155 629 360,A01,2,7,0,1,1,1,1,0.0
202300028873,155 629 358,A01,2,31,0,2,4,1,1,0.0
202300028873,155 629 359,B01,2,7,0,2,1,2,1,0.0
202300028874,155 629 355,B01,3,7,0,2,3,26,0,0.0
202300028874,155 629 357,A01,3,37,0,2,3,11,0,2.0
202300028875,155 629 354,A01,1,10,0,2,4,2,1,0.0
202300028875,155 629 356,Z01,1,7,0,2,1,2,0,0.0
202300028876,155 629 352,B01,2,7,0,1,1,1,2,0.0
202300028877,155 629 351,B01,3,10,0,2,3,1,1,0.0
202300028877,155 629 353,A01,3,30,0,2,1,26,1,0.0
202300028878,155 629 349,A01,2,33,0,2,1,26,1,0.0
202300028878,155 629 350,B01,2,7,0,2,6,11,1,0.0
202300028879,155 629 348,A01,1,7,0,1,2,1,2,0.0
202300028880,155 629 345,A01,2,33,0,2,1,3,1,0.0
202300028880,155 629 347,B01,2,7,0,2,6,1,1,0.0
202300028881,155 629 344,B01,3,1,0,2,1,1,5,0.0
202300028881,155 629 346,A01,3,50,0,2,1,1,3,0.0
202300028882,155 629 342,B01,2,31,0,2,3,3,1,0.0
202300028882,155 629 343,Z01,2,7,0,2,2,12,1,0.0
202300028883,155 629 340,A01,0,7,0,2,2,16,1,0.0
202300028883,155 629 341,B01,3,1,0,2,0,0,5,0.0
202300028884,155 629 338,B01,1,7,0,2,5,11,1,0.0
202300028884,155 629 339,A01,1,34,0,2,1,11,1,0.0
202300028885,155 629 336,A01,2,7,0,9,2,1,1,0.0
202300028885,155 629 337,B01,3,1,0,2,5,19,5,0.0
202300028886,155 629 334,A01,2,43,0,2,1,3,1,0.0
202300028886,155 629 335,B01,2,7,0,2,4,0,1,0.0
202300028887,155 629 333,A01,3,7,0,1,7,16,1,0.0
202300028888,155 629 331,A01,1,7,0,2,1,2,1,0.0
202300028888,155 629 332,B01,1,7,13,2,4,2,1,0.0
202300028889,155 629 329,A01,3,50,0,2,1,9,3,0.0
202300028889,155 629 330,B01,2,50,0,2,3,1,3,0.0
202300028890,155 629 328,A01,2,7,15,1,2,16,1,0.0
202300028891,155 629 325,A01,2,10,0,1,8,2,1,0.0
202300028892,155 629 323,A01,1,7,0,1,2,1,1,0.0
202300028893,155 629 322,A01,1,10,0,1,2,19,1,0.0
202300028894,155 629 320,A01,1,7,0,1,8,1,1,0.0
202300028895,155 629 318,A01,0,7,0,1,2,16,0,0.0
202300028896,155 629 316,A01,1,7,0,2,3,19,1,0.0
202300028896,155 629 317,B01,1,37,0,2,2,1,1,4.0
202300028897,155 629 314,A01,1,32,0,0,4,0,1,0.0
202300028898,155 629 313,A01,1,7,8,2,1,2,1,0.0
202300028898,155 629 315,B01,1,7,0,2,4,23,1,0.0
202300028899,155 629 311,A01,1,7,0,2,1,1,1,0.0
202300028899,155 629 312,B01,2,1,0,2,1,11,5,0.0
202300028900,155 629 310,A01,3,7,0,1,2,17,1,0.0
202300028901,155 629 307,A01,1,0,0,2,7,7,0,0.0
202300028902,155 629 305,A01,1,2,0,2,0,26,3,0.0
202300028902,155 629 306,B01,1,7,0,2,2,13,1,0.0
202300028903,155 629 308,A01,1,7,0,2,1,10,0,0.0
202300028903,155 629 309,B01,1,2,0,2,1,1,1,0.0
202300028904,155 629 302,A01,1,7,0,2,1,2,1,0.0
202300028904,155 629 303,B01,1,10,0,2,4,23,3,0.0
202300028904,155 629 304,C01,1,10,0,2,4,23,1,0.0
202300028905,155 629 300,A01,2,10,0,2,7,14,1,0.0
202300028905,155 629 301,B01,2,7,4,2,8,1,1,0.0
202300028906,155 629 298,B01,2,2,0,2,1,1,1,0.0
202300028906,155 629 299,A01,1,7,0,2,5,9,1,0.0
202300028907,155 629 297,A01,1,7,0,1,1,1,1,0.0
202300028908,155 629 296,A01,1,7,0,1,1,1,1,0.0
202300028909,155 629 294,A01,2,50,0,2,1,1,3,0.0
202300028909,155 629 295,B01,2,7,0,2,6,1,1,0.0
202300028910,155 629 292,A01,3,7,0,2,3,15,1,0.0
202300028910,155 629 293,B01,2,33,0,2,3,1,1,0.0
202300028911,155 629 291,A01,3,7,1,1,2,1,1,0.0
202300028912,155 629 289,A01,1,50,0,2,1,19,3,0.0
202300028912,155 629 290,B01,2,7,0,2,3,1,1,0.0
202300028913,155 629 286,B01,1,7,0,2,3,1,1,0.0
202300028913,155 629 287,A01,2,50,0,2,1,17,3,0.0
202300028914,155 629 284,A01,0,7,0,0,0,0,1,0.0
202300028914,155 629 285,B01,0,7,0,2,4,26,1,0.0
202300028915,155 629 282,B01,3,33,0,2,7,1,1,0.0
202300028915,155 629 283,A01,3,7,0,2,8,15,1,0.0
202300028916,155 629 280,B01,3,7,0,2,2,1,1,0.0
202300028916,155 629 281,A01,3,1,0,2,1,5,5,0.0
202300028917,155 629 278,A01,1,33,0,2,1,5,1,0.0
202300028917,155 629 279,B01,1,7,0,2,2,9,1,0.0
202300028918,155 629 276,A01,1,1,0,2,1,21,5,0.0
202300028918,155 629 277,B01,2,1,0,2,1,1,5,0.0
202300028919,155 629 274,A01,2,7,0,2,1,2,1,0.0
202300028919,155 629 275,B01,2,7,0,2,4,2,1,0.0
202300028920,155 629 272,A01,3,7,0,2,2,15,1,0.0
202300028920,155 629 273,B01,3,33,0,2,1,1,1,0.0
202300028921,155 629 270,A01,2,7,0,2,3,9,1,0.0
202300028921,155 629 271,B01,2,33,0,2,2,0,1,0.0
202300028922,155 629 269,A01,1,7,1,0,9,1,1,0.0
202300028923,155 629 267,A01,0,7,0,2,2,15,1,0.0
202300028923,155 629 268,B01,1,32,0,2,1,1,1,0.0
202300028924,155 629 266,A01,1,7,0,1,2,1,1,0.0
202300028925,155 629 264,A01,3,7,0,2,2,19,1,0.0
202300028925,155 629 265,B01,3,33,0,2,2,3,1,0.0
202300028926,155 629 263,A01,3,50,0,0,0,1,3,0.0
202300028927,155 629 261,A01,1,7,0,2,2,16,1,0.0
202300028927,155 629 262,B01,1,1,0,2,1,1,5,0.0
202300028928,155 629 259,B01,1,80,0,2,0,1,3,0.0
202300028928,155 629 260,A01,1,7,0,2,2,20,1,0.0
202300028929,155 629 258,A01,1,30,13,0,1,1,1,0.0
202300028930,155 629 256,B01,0,80,9,2,7,2,0,0.0
202300028930,155 629 257,A01,0,1,0,2,1,9,5,0.0
202300028931,155 629 255,A01,0,10,6,0,2,14,1,0.0
202300028932,155 629 254,A01,2,7,0,1,5,4,1,0.0
202300028933,155 629 253,A01,3,50,0,1,1,25,3,0.0
202300028934,155 629 251,A01,3,7,0,2,3,9,3,0.0
202300028934,155 629 252,B01,3,80,0,2,7,1,3,0.0
202300028935,155 629 249,B01,1,7,0,2,4,9,1,0.0
202300028935,155 629 250,A01,1,10,0,2,1,2,1,0.0
202300028936,155 629 247,A01,3,50,0,2,1,2,3,0.0
202300028936,155 629 248,B01,1,7,0,2,2,20,1,0.0
202300028937,155 629 245,A01,2,7,0,2,3,1,1,0.0
202300028937,155 629 246,B01,1,1,0,2,8,23,5,0.0
202300028938,155 629 243,A01,2,7,0,2,4,2,1,0.0
202300028938,155 629 244,B01,2,7,0,2,4,2,1,0.0
202300028939,155 629 242,A01,3,30,13,0,0,26,1,0.0
202300028940,155 629 240,B01,3,1,0,9,7,1,5,0.0
202300028940,155 629 241,A01,3,7,0,2,8,22,1,0.0
202300028941,155 629 238,A01,0,30,0,2,5,26,1,0.0
202300028941,155 629 239,Z01,0,7,0,2,0,0,0,0.0
202300028942,155 629 237,A01,2,7,0,1,7,15,1,0.0
202300028943,155 629 236,B01,1,43,0,0,0,0,1,0.0
202300028944,155 629 231,A01,1,7,4,0,8,0,1,0.0
202300028945,155 629 229,A01,1,33,0,2,8,1,1,0.0
202300028945,155 629 230,B01,1,7,0,2,7,16,1,0.0
202300028946,155 629 227,B01,1,1,0,0,0,0,5,0.0
202300028946,155 629 228,A01,1,7,0,2,1,2,0,0.0
202300028947,155 629 226,A01,2,1,2,0,2,1,5,0.0
202300028948,155 629 224,A01,1,10,0,2,5,17,1,0.0
202300028948,155 629 225,B01,0,1,0,0,0,0,5,0.0
202300028949,155 629 223,A01,1,7,0,1,3,26,1,0.0
202300028950,155 629 220,A01,3,7,0,2,8,1,2,0.0
202300028950,155 629 221,B01,3,7,0,2,0,1,1,0.0
202300028950,155 629 222,C01,3,7,0,2,0,0,1,0.0
202300028951,155 629 218,A01,1,32,0,2,1,2,1,0.0
202300028951,155 629 219,B01,1,7,0,0,4,2,1,0.0
202300028952,155 629 217,A01,1,14,0,1,1,1,1,0.0
202300028953,155 629 215,A01,1,7,0,2,5,1,1,0.0
202300028953,155 629 216,B01,1,2,0,2,3,1,1,0.0
202300028954,155 629 213,A01,3,7,0,2,1,1,1,0.0
202300028954,155 629 214,B01,3,99,0,2,1,9,2,0.0
202300028955,155 629 212,A01,3,10,0,9,2,26,1,0.0
202300028956,155 629 210,A01,3,30,0,2,1,17,1,0.0
202300028956,155 629 211,B01,3,7,0,2,5,15,1,0.0
202300028957,155 629 207,C01,2,7,0,2,8,1,1,0.0
202300028957,155 629 208,A01,2,7,0,2,7,22,2,0.0
202300028957,155 629 209,B01,2,31,0,2,1,3,1,0.0
202300028958,155 629 205,B01,1,7,0,2,6,1,3,0.0
202300028958,155 629 206,A01,1,34,0,2,2,9,1,0.0
202300028959,155 629 202,A01,1,30,0,2,1,2,1,0.0
202300028959,155 629 203,B01,1,10,0,2,2,2,1,0.0
202300028959,155 629 204,C01,1,7,0,2,3,2,1,0.0
202300028960,155 629 200,B01,1,10,0,2,5,23,1,0.0
202300028960,155 629 201,A01,1,31,0,2,1,2,1,0.0
202300028961,155 629 198,A01,1,34,0,2,1,3,1,0.0
202300028961,155 629 199,B01,1,10,0,2,3,11,3,0.0
202300028962,155 629 197,A01,3,31,0,1,1,1,1,0.0
202300028963,155 629 195,A01,1,7,0,2,2,16,1,0.0
202300028963,155 629 196,B01,1,1,0,2,1,1,5,0.0
202300028964,155 629 193,A01,1,2,0,2,1,2,1,0.0
202300028964,155 629 194,B01,1,33,0,2,4,23,4,0.0
202300028965,155 629 192,A01,2,7,0,1,1,1,1,0.0
202300028966,155 629 190,B01,2,7,0,2,2,1,1,0.0
202300028966,155 629 191,A01,3,30,0,2,3,16,1,0.0
202300028967,155 629 188,A01,1,7,0,2,3,16,2,0.0
202300028967,155 629 189,B01,1,80,0,2,1,1,3,0.0
202300028968,155 629 187,A01,1,50,0,0,3,14,3,0.0
202300028969,155 629 185,A01,2,33,0,2,1,16,1,0.0
202300028969,155 629 186,B01,2,7,0,2,7,16,1,0.0
202300028970,155 629 183,A01,3,1,0,2,1,1,5,0.0
202300028970,155 629 184,B01,3,14,0,2,6,23,0,0.0
202300028971,155 629 181,Z01,3,7,0,2,1,9,0,0.0
202300028971,155 629 182,Y01,3,1,0,2,4,25,5,0.0
202300028972,155 629 179,B01,2,80,1,0,2,1,3,0.0
202300028972,155 629 180,A01,2,7,0,2,3,22,1,0.0
202300028973,155 629 177,B01,2,1,0,2,8,1,5,0.0
202300028973,155 629 178,A01,1,7,8,2,3,15,1,0.0
202300028974,155 629 176,A01,2,50,0,1,1,1,3,0.0
202300028975,155 629 174,A01,2,7,0,2,1,1,0,0.0
202300028975,155 629 175,B01,2,1,0,2,8,1,5,0.0
202300028976,155 629 172,A01,1,7,0,2,1,1,1,0.0
202300028976,155 629 173,B01,1,7,0,0,4,23,2,0.0
202300028977,155 629 171,A01,0,33,1,0,1,1,1,0.0
202300028978,155 629 169,A01,1,10,0,2,4,4,1,0.0
202300028978,155 629 170,B01,1,32,0,2,8,1,1,0.0
202300028979,155 629 167,A01,3,10,0,2,8,22,1,0.0
202300028979,155 629 168,B01,1,1,0,2,1,1,5,0.0
202300028980,155 629 165,A01,1,7,0,2,3,23,1,0.0
202300028980,155 629 166,B01,1,10,0,2,2,1,3,0.0
202300028981,155 629 163,A01,2,30,0,2,1,15,1,0.0
202300028981,155 629 164,B01,1,7,0,2,1,1,1,0.0
202300028982,155 629 162,Z01,3,7,0,1,1,1,1,0.0
202300028983,155 629 160,A01,2,14,0,2,2,16,1,0.0
202300028983,155 629 161,B01,2,7,0,2,6,16,2,0.0
202300028984,155 629 158,B01,0,10,0,2,2,15,0,0.0
202300028984,155 629 159,A01,1,33,0,2,1,1,0,0.0
202300028985,155 629 155,B01,2,10,0,2,3,1,1,0.0
202300028985,155 629 156,A01,1,34,0,2,2,26,1,0.0
202300028986,155 629 153,A01,2,30,0,2,1,1,1,0.0
202300028986,155 629 154,B01,3,1,0,2,0,19,5,0.0
202300028987,155 629 151,B01,3,7,0,2,1,2,1,0.0
202300028987,155 629 152,A01,3,7,0,2,7,15,1,0.0
202300028988,155 629 149,A01,3,10,8,2,1,9,1,0.0
202300028988,155 629 150,B01,0,7,8,2,4,1,1,0.0
202300028989,155 629 148,A01,2,7,1,1,5,2,2,0.0
202300028990,155 629 146,A01,1,7,0,2,7,15,1,0.0
202300028990,155 629 147,B01,2,31,0,2,1,1,1,0.0
202300028991,155 629 144,A01,2,7,0,2,8,15,1,0.0
202300028991,155 629 145,B01,2,43,0,2,1,1,1,0.0
202300028992,155 629 142,A01,2,30,0,2,1,18,1,0.0
202300028992,155 629 143,B01,2,10,0,2,7,22,1,0.0
202300028993,155 629 140,A01,1,7,0,0,8,15,1,0.0
202300028993,155 629 141,B01,1,43,0,0,7,1,1,0.0
202300028994,155 629 138,A01,2,3,0,0,0,24,1,0.0
202300028994,155 629 139,B01,2,1,1,0,1,1,5,0.0
202300028995,155 629 136,A01,2,7,0,2,2,10,0,0.0
202300028995,155 629 137,B01,1,50,0,2,1,0,3,0.0
202300028996,155 629 135,A01,1,7,0,1,0,1,1,0.0
202300028997,155 629 133,B01,0,33,0,2,3,15,1,0.0
202300028997,155 629 134,A01,0,37,0,2,8,13,1,1.0
202300028998,155 629 132,A01,1,50,0,0,8,1,3,0.0
202300028999,155 629 131,A01,1,10,0,1,4,20,1,0.0
202300029000,155 629 129,B01,1,2,0,2,1,1,3,0.0
202300029000,155 629 130,A01,1,7,0,2,3,1,1,0.0
202300029001,155 629 128,A01,2,50,0,1,1,1,3,0.0
202300029002,155 629 126,A01,1,14,0,2,5,1,1,0.0
202300029002,155 629 127,B01,1,1,0,2,3,1,5,0.0
202300029003,155 629 123,A01,2,7,0,2,1,5,1,0.0
202300029003,155 629 124,B01,1,7,0,2,1,1,1,0.0
202300029003,155 629 125,C01,2,7,0,2,1,1,1,0.0
202300029004,155 629 121,A01,-1,7,0,2,1,15,1,0.0
202300029004,155 629 122,B01,-1,7,0,2,7,1,1,0.0
202300029005,155 629 119,A01,2,15,0,0,6,1,1,0.0
202300029005,155 629 120,B01,2,7,0,2,2,1,1,0.0
202300029006,155 629 118,A01,2,33,13,0,9,1,1,0.0
202300029007,155 629 117,A01,2,7,2,0,1,1,0,0.0
202300029008,155 629 115,A01,1,7,0,2,1,16,1,0.0
202300029008,155 629 116,B01,2,7,0,2,3,1,1,0.0
202300029009,155 629 114,A01,1,33,7,0,0,1,1,0.0
202300029010,155 629 112,A01,3,1,0,2,1,5,5,0.0
202300029010,155 629 113,B01,3,14,0,9,3,1,1,0.0
202300029011,155 629 109,A01,1,10,0,2,1,1,1,0.0
202300029011,155 629 110,B01,2,7,0,2,1,1,1,0.0
202300029011,155 629 111,C01,2,7,0,2,3,1,1,0.0
202300029012,155 629 107,B01,2,7,0,2,2,17,0,0.0
202300029012,155 629 108,A01,2,7,0,2,3,15,0,0.0
202300029013,155 629 105,A01,2,33,0,2,1,13,1,0.0
202300029013,155 629 106,B01,1,10,0,2,3,1,1,0.0
202300029014,155 629 103,A01,1,33,0,2,1,17,1,0.0
202300029014,155 629 104,B01,2,7,0,2,3,1,0,0.0
202300029015,155 629 101,A01,1,7,0,2,3,13,1,0.0
202300029015,155 629 102,B01,2,7,0,2,3,1,1,0.0
202300029016,155 629 099,B01,1,7,0,2,3,1,1,0.0
202300029016,155 629 100,A01,3,7,0,2,2,9,1,0.0
202300029017,155 629 097,A01,2,7,0,2,8,26,1,0.0
202300029017,155 629 098,B01,2,7,7,2,1,1,0,0.0
202300029018,155 629 095,B01,1,33,0,2,2,1,1,0.0
202300029018,155 629 096,A01,2,7,0,2,7,15,1,0.0
202300029019,155 629 092,A01,3,10,0,2,3,15,1,0.0
202300029019,155 629 093,B01,3,2,0,0,8,1,1,0.0
202300029019,155 629 094,C01,3,7,0,0,8,23,1,0.0
202300029020,155 629 090,A01,1,7,0,0,2,1,1,0.0
202300029020,155 629 091,B01,2,7,0,0,1,1,1,0.0
202300029021,155 629 089,A01,-1,99,0,1,0,0,0,0.0
202300029022,155 629 087,A01,2,7,0,2,2,9,1,0.0
202300029022,155 629 088,B01,2,33,0,2,1,1,1,0.0
202300029023,155 629 084,A01,2,7,8,0,1,1,1,0.0
202300029024,155 629 081,B01,1,7,0,2,3,0,1,0.0
202300029024,155 629 082,C01,2,31,0,9,0,1,1,0.0
202300029024,155 629 083,A01,2,31,0,2,1,13,1,0.0
202300029025,155 629 080,A01,2,33,2,0,1,1,1,0.0
202300029026,155 629 079,A01,2,33,5,0,2,1,1,0.0
202300029027,155 629 077,B01,3,32,0,2,2,5,1,0.0
202300029027,155 629 078,A01,3,7,0,2,3,1,1,0.0
202300029028,155 629 076,A01,3,2,0,0,0,1,1,0.0
202300029029,155 629 074,B01,2,33,0,2,0,1,1,0.0
202300029029,155 629 075,A01,1,33,0,2,0,13,1,0.0
202300029030,155 629 070,B01,1,7,0,2,4,0,0,0.0
202300029030,155 629 071,C01,1,7,0,2,4,0,0,0.0
202300029030,155 629 072,D01,1,7,0,0,4,0,0,0.0
202300029030,155 629 073,A01,1,10,0,2,1,0,0,0.0
202300029031,155 629 067,A01,3,1,0,2,1,19,5,0.0
202300029031,155 629 068,B01,3,2,0,2,1,1,1,0.0
202300029032,155 629 065,B01,2,1,0,0,4,2,5,0.0
202300029032,155 629 066,A01,2,10,0,0,2,17,1,0.0
202300029033,155 629 064,A01,1,21,0,6,8,21,1,0.0
202300029034,155 629 062,B01,1,37,0,2,3,26,1,1.0
202300029034,155 629 063,A01,1,7,0,2,7,1,1,0.0
202300029035,155 629 060,A01,1,33,0,2,1,17,0,0.0
202300029035,155 629 061,B01,2,7,0,2,1,9,1,0.0
202300029036,155 629 058,B01,1,33,0,0,1,1,1,0.0
202300029036,155 629 059,A01,2,7,0,2,1,15,1,0.0
202300029037,155 629 057,A01,1,33,0,0,0,1,1,0.0
202300029038,155 629 055,A01,2,7,0,2,1,13,1,0.0
202300029038,155 629 056,B01,1,13,0,2,1,1,1,0.0
202300029039,155 629 053,A01,2,10,0,2,2,20,1,0.0
202300029039,155 629 054,B01,2,30,0,2,3,1,0,0.0
202300029040,155 629 051,A01,1,7,0,2,8,1,1,0.0
202300029040,155 629 052,B01,2,7,0,2,3,13,0,0.0
202300029041,155 629 049,A01,0,7,0,2,2,19,1,0.0
202300029041,155 629 050,B01,0,33,0,2,1,1,1,0.0
202300029042,155 629 047,A01,1,7,0,2,3,16,1,0.0
202300029042,155 629 048,B01,2,10,0,2,3,1,1,0.0
202300029043,155 629 045,B01,2,32,0,2,7,1,1,0.0
202300029043,155 629 046,A01,0,10,0,2,6,19,1,0.0
202300029044,155 629 042,A01,3,1,0,2,1,15,5,0.0
202300029044,155 629 043,B01,3,7,0,9,1,23,1,0.0