num_acc,id_vehicule,num_veh,senc,catv,obs,obsm,choc,manv,motor,occutc
202300029045,155 629 040,A01,2,7,0,2,2,14,1,0.0
202300029045,155 629 041,B01,2,33,0,0,4,1,1,0.0
202300029046,155 629 038,B01,1,17,0,0,5,2,1,0.0
202300029046,155 629 039,A01,1,10,3,2,1,2,1,0.0
202300029047,155 629 036,A01,1,7,0,2,3,13,1,0.0
202300029047,155 629 037,B01,2,7,0,2,3,1,1,0.0
202300029048,155 629 033,A01,1,7,0,2,1,1,1,0.0
202300029048,155 629 034,B01,2,7,0,2,1,1,1,0.0
202300029048,155 629 035,C01,2,7,0,2,1,1,1,0.0
202300029049,155 629 032,A01,0,7,15,9,0,0,1,0.0
202300029050,155 629 029,A01,2,33,0,2,1,1,1,0.0
202300029050,155 629 030,B01,2,33,0,2,1,1,1,0.0
202300029050,155 629 031,C01,1,10,0,2,3,13,1,0.0
202300029051,155 629 027,A01,1,10,0,2,7,15,1,0.0
202300029051,155 629 028,B01,2,31,0,2,1,1,1,0.0
202300029052,155 629 026,A01,0,7,0,1,2,1,0,0.0
202300029053,155 629 025,A01,1,33,0,1,0,13,1,0.0
202300029054,155 629 023,A01,1,7,0,2,3,13,1,0.0
202300029054,155 629 024,B01,2,7,2,2,3,1,1,0.0
202300029055,155 629 019,A01,1,7,0,2,2,17,1,0.0
202300029055,155 629 020,B01,1,15,0,0,6,0,1,0.0
202300029056,155 629 018,A01,2,21,7,0,7,14,1,0.0
202300029057,155 629 017,A01,1,7,0,0,1,0,1,0.0
202300029058,155 629 015,A01,1,33,0,2,1,1,0,0.0
202300029058,155 629 016,B01,2,7,0,2,3,15,0,0.0
202300029059,155 629 013,A01,2,7,0,2,3,1,1,0.0
202300029059,155 629 014,B01,2,7,6,2,3,10,1,0.0
202300029060,155 629 012,A01,1,7,6,0,1,15,1,0.0
202300029061,155 629 011,A01,3,7,0,0,0,0,0,0.0
202300029062,155 629 009,A01,1,7,0,2,1,14,0,0.0
202300029062,155 629 010,B01,2,7,0,2,1,1,1,0.0
202300029063,155 629 007,A01,1,7,0,2,2,15,1,0.0
202300029063,155 629 008,B01,2,1,0,2,8,1,5,0.0
202300029064,155 629 005,A01,3,7,0,0,8,9,1,0.0
202300029064,155 629 006,B01,3,33,0,2,1,1,1,0.0
202300029065,155 629 004,A01,0,7,13,0,2,0,1,0.0
202300029066,155 629 002,A01,1,7,0,0,0,17,1,0.0
202300029066,155 629 003,B01,1,33,0,0,8,17,1,0.0
202300029067,155 629 001,A01,1,7,0,0,1,0,1,0.0
202300029068,155 628 999,A01,3,10,0,2,7,1,0,0.0
202300029068,155 629 000,B01,3,10,0,0,1,1,0,0.0
202300029069,155 628 996,A01,1,7,0,2,1,1,1,0.0
202300029069,155 628 997,B01,1,7,0,2,4,23,1,0.0
202300029069,155 628 998,C01,1,7,0,2,4,23,1,0.0
202300029070,155 628 993,A01,2,14,0,2,4,1,1,0.0
202300029070,155 628 994,B01,2,7,0,2,6,2,1,0.0
202300029070,155 628 995,C01,2,7,0,2,2,14,1,0.0
202300029071,155 628 991,A01,1,32,0,2,1,14,1,0.0
202300029071,155 628 992,B01,1,7,0,2,6,1,2,0.0
202300029072,155 628 989,A01,1,7,4,2,2,14,1,0.0
202300029072,155 628 990,B01,1,10,4,2,3,1,1,0.0
202300029073,155 628 986,C01,2,7,0,2,5,23,1,0.0
202300029073,155 628 987,A01,2,7,0,2,3,18,1,0.0
202300029073,155 628 988,B01,2,7,0,2,7,23,1,0.0
202300029074,155 628 984,A01,2,33,0,2,1,2,1,0.0
202300029074,155 628 985,B01,2,7,0,2,4,1,1,0.0
202300029075,155 628 982,A01,0,7,0,2,1,15,1,0.0
202300029075,155 628 983,B01,2,1,0,2,8,1,5,0.0
202300029076,155 628 979,A01,2,7,0,2,1,1,1,0.0
202300029076,155 628 980,B01,2,7,0,2,4,1,1,0.0
202300029076,155 628 981,C01,2,7,0,2,4,1,1,0.0
202300029077,155 628 978,A01,1,30,0,0,0,1,1,0.0
202300029078,155 628 975,A01,3,7,0,0,3,15,1,0.0
202300029078,155 628 976,B01,3,2,0,2,0,0,1,0.0
202300029078,155 628 977,C01,3,7,0,0,0,0,2,0.0
202300029079,155 628 973,B01,1,7,0,2,2,15,1,0.0
202300029079,155 628 974,A01,2,33,0,2,1,1,1,0.0
202300029080,155 628 971,B01,3,7,0,2,1,1,1,0.0
202300029080,155 628 972,A01,1,30,0,2,7,16,1,0.0
202300029081,155 628 969,A01,2,80,0,2,8,1,3,0.0
202300029081,155 628 970,B01,2,7,0,2,7,16,1,0.0
202300029082,155 628 967,A01,1,7,0,2,1,12,1,0.0
202300029082,155 628 968,B01,1,7,0,0,4,0,2,0.0
202300029083,155 628 965,A01,1,10,0,2,3,2,1,0.0
202300029083,155 628 966,B01,1,1,0,2,0,0,5,0.0
202300029084,155 628 963,A01,1,7,0,2,0,0,1,0.0
202300029084,155 628 964,B01,3,50,0,2,0,0,3,0.0
202300029085,155 628 961,B01,1,7,0,2,7,1,1,0.0
202300029085,155 628 962,A01,1,50,0,2,1,5,3,0.0
202300029086,155 628 959,A01,2,7,0,2,1,9,1,0.0
202300029086,155 628 960,B01,2,7,0,2,7,15,1,0.0
202300029087,155 628 957,A01,3,10,4,2,3,21,1,0.0
202300029087,155 628 958,B01,2,7,10,0,4,23,1,0.0
202300029088,155 628 956,A01,3,7,0,1,8,15,1,0.0
202300029089,155 628 954,B01,2,7,0,9,3,16,1,0.0
202300029089,155 628 955,A01,1,1,0,2,1,19,5,0.0
202300029090,155 628 952,A01,3,10,0,2,1,2,1,0.0
202300029090,155 628 953,B01,3,7,0,2,7,2,1,0.0
202300029091,155 628 950,Z01,1,0,0,9,2,26,0,0.0
202300029091,155 628 951,A01,2,50,0,2,1,15,3,0.0
202300029092,155 628 948,B01,1,1,0,2,4,1,5,0.0
202300029092,155 628 949,A01,1,7,0,2,2,9,1,0.0
202300029093,155 628 944,A01,1,7,8,0,1,0,2,0.0
202300029094,155 628 942,B01,2,7,0,2,2,21,1,0.0
202300029094,155 628 943,A01,2,7,0,2,6,1,0,0.0
202300029095,155 628 941,A01,3,7,9,1,1,14,1,0.0
202300029096,155 628 940,A01,1,7,9,0,1,0,1,0.0
202300029097,155 628 938,B01,1,7,0,2,4,2,1,0.0
202300029097,155 628 939,A01,1,30,0,2,1,2,1,0.0
202300029098,155 628 937,A01,1,10,0,1,1,1,1,0.0
202300029099,155 628 936,A01,0,7,0,1,1,1,3,0.0
202300029100,155 628 935,A01,1,7,0,1,2,9,1,0.0
202300029101,155 628 933,B01,1,2,0,2,1,1,1,0.0
202300029101,155 628 934,A01,1,10,0,2,3,15,3,0.0
202300029102,155 628 930,A01,1,7,0,2,1,2,1,0.0
202300029102,155 628 931,B01,1,7,0,2,4,2,1,0.0
202300029102,155 628 932,C01,1,7,0,2,4,2,0,0.0
202300029103,155 628 928,A01,2,7,0,2,2,15,1,0.0
202300029103,155 628 929,B01,2,30,0,2,1,1,1,0.0
202300029104,155 628 926,A01,0,1,0,2,4,0,5,0.0
202300029104,155 628 927,B01,0,7,0,9,5,16,1,0.0
202300029105,155 628 925,A01,1,7,12,1,2,1,1,0.0
202300029106,155 628 923,A01,2,13,0,2,6,4,1,0.0
202300029106,155 628 924,B01,2,37,0,2,3,26,1,4.0
202300029107,155 628 922,A01,1,7,1,1,1,21,1,0.0
202300029108,155 628 921,A01,2,1,0,0,1,26,5,0.0
202300029109,155 628 919,A01,1,7,0,2,3,16,1,0.0
202300029109,155 628 920,B01,1,2,0,2,2,2,0,0.0
202300029110,155 628 917,A01,1,7,0,2,2,0,1,0.0
202300029110,155 628 918,B01,2,7,0,2,3,0,1,0.0
202300029111,155 628 914,A01,2,7,0,2,2,12,1,0.0
202300029111,155 628 915,B01,2,43,0,2,1,3,1,0.0
202300029111,155 628 916,C01,2,7,0,2,4,1,1,0.0
202300029112,155 628 912,B01,1,7,0,2,4,2,1,0.0
202300029112,155 628 913,A01,1,7,0,2,1,2,1,0.0
202300029113,155 628 911,A01,2,10,0,1,3,16,1,0.0
202300029114,155 628 910,A01,2,33,0,1,1,16,1,0.0
202300029115,155 628 908,A01,3,10,0,2,6,14,1,0.0
202300029115,155 628 909,B01,3,1,0,2,1,1,5,0.0
202300029116,155 628 907,A01,2,50,0,0,1,1,3,0.0
202300029117,155 628 906,A01,1,34,0,0,8,1,1,0.0
202300029118,155 628 904,A01,1,7,0,2,1,9,1,0.0
202300029118,155 628 905,B01,2,1,0,2,7,5,5,0.0
202300029119,155 628 902,A01,2,7,0,2,3,16,1,0.0
202300029119,155 628 903,B01,1,80,0,2,1,1,3,0.0
202300029120,155 628 900,A01,2,7,0,2,3,9,1,0.0
202300029120,155 628 901,B01,2,30,0,2,1,1,3,0.0
202300029121,155 628 898,A01,1,7,0,2,7,20,1,0.0
202300029121,155 628 899,B01,1,30,0,2,3,18,1,0.0
202300029122,155 628 896,A01,1,10,0,2,1,1,1,0.0
202300029122,155 628 897,B01,2,50,0,2,2,1,3,0.0
202300029123,155 628 895,A01,3,33,1,0,2,20,1,0.0
202300029124,155 628 892,A01,1,50,0,2,1,13,3,0.0
202300029124,155 628 893,B01,2,80,0,2,1,1,3,0.0
202300029125,155 628 890,B01,2,37,0,2,5,17,1,1.0
202300029125,155 628 891,A01,1,1,0,2,3,21,5,0.0
202300029126,155 628 887,B01,1,7,0,2,6,2,1,0.0
202300029126,155 628 888,C01,1,7,0,2,4,2,1,0.0
202300029126,155 628 889,A01,1,10,0,2,1,2,1,0.0
202300029127,155 628 886,A01,2,1,0,1,1,1,5,0.0
202300029128,155 628 884,Z01,1,10,0,2,3,15,0,0.0
202300029128,155 628 885,B01,2,80,0,2,1,1,3,0.0
202300029129,155 628 883,A01,1,1,0,1,1,1,5,0.0
202300029130,155 628 881,B01,0,10,0,2,6,9,1,0.0
202300029130,155 628 882,A01,2,7,0,2,1,1,1,0.0
202300029131,155 628 879,A01,0,7,0,2,6,1,6,0.0
202300029131,155 628 880,B01,0,33,0,2,2,15,0,0.0
202300029132,155 628 877,B01,0,33,0,2,4,23,0,0.0
202300029132,155 628 878,A01,0,10,0,2,1,1,0,0.0
202300029133,155 628 876,A01,1,7,0,1,1,16,0,0.0
202300029134,155 628 874,A01,2,7,0,2,3,15,1,0.0
202300029134,155 628 875,B01,1,43,0,2,1,1,1,0.0
202300029135,155 628 873,A01,2,34,0,1,1,1,1,0.0
202300029136,155 628 872,A01,3,7,0,1,1,15,1,0.0
202300029137,155 628 871,A01,3,7,0,1,2,1,1,0.0
202300029138,155 628 868,A01,0,7,0,2,1,2,1,0.0
202300029138,155 628 869,B01,0,10,0,2,4,2,1,0.0
202300029138,155 628 870,C01,0,7,0,2,4,2,1,0.0
202300029139,155 628 867,A01,0,7,2,0,1,0,1,0.0
202300029140,155 628 865,B01,3,1,0,2,0,15,5,0.0
202300029140,155 628 866,A01,1,10,0,2,3,16,1,0.0
202300029141,155 628 863,A01,3,7,0,2,1,15,1,0.0
202300029141,155 628 864,B01,0,7,0,2,3,1,1,0.0
202300029142,155 628 861,A01,0,7,0,2,2,16,3,0.0
202300029142,155 628 862,B01,0,30,0,2,1,1,1,0.0
202300029143,155 628 859,B01,1,60,0,2,1,19,5,0.0
202300029143,155 628 860,A01,1,10,0,9,1,15,1,0.0
202300029144,155 628 858,A01,3,60,0,0,1,25,5,0.0
202300029145,155 628 857,A01,2,7,6,0,1,26,1,0.0
202300029146,155 628 856,A01,1,7,0,1,1,1,1,0.0
202300029147,155 628 854,C01,3,31,0,2,7,1,0,0.0
202300029147,155 628 855,A01,0,1,0,2,7,1,5,0.0
202300029148,155 628 853,A01,1,50,0,1,1,1,3,0.0
202300029149,155 628 850,A01,3,7,0,2,3,1,1,0.0
202300029149,155 628 851,C01,1,7,0,2,3,23,2,0.0
202300029149,155 628 852,B01,0,7,0,2,2,9,1,0.0
202300029150,155 628 848,A01,2,50,0,2,1,26,3,0.0
202300029150,155 628 849,B01,2,7,0,2,4,23,0,0.0
202300029151,155 628 846,A01,1,32,0,2,8,0,1,0.0
202300029151,155 628 847,B01,0,7,0,0,0,0,0,0.0
202300029152,155 628 844,A01,0,7,0,2,1,0,0,0.0
202300029152,155 628 845,B01,0,34,0,2,4,1,1,0.0
202300029153,155 628 842,B01,1,1,0,2,7,26,5,0.0
202300029153,155 628 843,A01,1,10,0,2,3,26,1,0.0
202300029154,155 628 840,A01,1,3,1,0,2,14,1,0.0
202300029154,155 628 841,B01,0,7,0,2,6,23,1,0.0
202300029155,155 628 839,A01,2,7,14,1,3,21,0,0.0
202300029156,155 628 838,A01,1,17,3,0,3,13,1,0.0
202300029157,155 628 836,A01,3,16,0,9,5,1,1,0.0
202300029157,155 628 837,B01,3,1,0,2,0,1,5,0.0
202300029158,155 628 835,A01,3,7,13,0,3,26,1,0.0
202300029159,155 628 833,A01,2,7,0,2,1,13,1,0.0
202300029159,155 628 834,B01,1,7,6,2,3,1,1,0.0
202300029160,155 628 832,A01,3,2,8,0,0,21,3,0.0
202300029161,155 628 831,A01,1,7,2,0,1,1,1,0.0
202300029162,155 628 829,B01,1,33,0,2,1,1,1,0.0
202300029162,155 628 830,A01,2,7,0,2,1,15,1,0.0
202300029163,155 628 827,A01,2,7,0,2,3,9,1,0.0
202300029163,155 628 828,B01,1,33,0,2,1,17,1,0.0
202300029164,155 628 826,A01,1,33,0,0,7,16,1,0.0
202300029165,155 628 824,B01,2,7,0,0,1,1,1,0.0
202300029165,155 628 825,A01,1,10,0,2,8,1,1,0.0
202300029166,155 628 823,A01,2,7,0,1,6,4,1,0.0
202300029167,155 628 822,A01,2,33,0,0,8,1,1,0.0
202300029168,155 628 821,A01,1,7,13,0,3,0,1,0.0
202300029169,155 628 819,A01,3,36,0,2,1,13,1,0.0
202300029169,155 628 820,B01,3,1,0,2,1,1,5,0.0
202300029170,155 628 818,A01,1,36,15,0,8,1,1,0.0
202300029171,155 628 816,A01,1,33,0,2,1,13,1,0.0
202300029171,155 628 817,B01,2,7,0,2,8,1,1,0.0
202300029172,155 628 814,A01,2,7,8,0,9,1,1,0.0
202300029173,155 628 813,A01,1,33,13,0,1,16,1,0.0
202300029174,155 628 812,A01,2,20,0,0,7,1,1,0.0
202300029175,155 628 811,A01,0,31,13,0,7,1,1,0.0
202300029176,155 628 809,A01,2,7,0,2,1,13,1,0.0
202300029176,155 628 810,B01,1,7,0,2,1,1,1,0.0
202300029177,155 628 808,A01,1,33,0,0,0,1,1,0.0
202300029178,155 628 807,A01,2,33,13,0,1,0,1,0.0
202300029179,155 628 806,A01,2,7,0,1,1,1,1,0.0
202300029180,155 628 805,A01,3,33,0,0,0,16,1,0.0
202300029181,155 628 803,A01,3,7,0,2,1,19,1,0.0
202300029181,155 628 804,B01,2,1,0,2,6,1,5,0.0
202300029182,155 628 801,A01,1,7,0,2,7,19,1,0.0
202300029182,155 628 802,C01,1,7,0,2,3,1,1,0.0
202300029183,155 628 799,A01,2,38,0,2,3,1,1,1.0
202300029183,155 628 800,B01,1,7,0,2,3,13,1,0.0
202300029184,155 628 797,A01,2,31,0,2,9,21,1,0.0
202300029184,155 628 798,B01,1,7,0,2,8,1,1,0.0
202300029185,155 628 795,A01,2,30,0,2,1,2,1,0.0
202300029185,155 628 796,B01,2,7,0,0,5,23,1,0.0
202300029186,155 628 791,A01,1,7,0,2,3,13,1,0.0
202300029186,155 628 792,B01,2,15,0,2,3,1,1,0.0
202300029186,155 628 793,C01,1,7,0,2,6,1,1,0.0
202300029186,155 628 794,D01,1,7,0,9,1,1,1,0.0
202300029187,155 628 789,A01,2,7,0,2,1,1,1,0.0
202300029187,155 628 790,B01,1,7,0,2,8,9,3,0.0
202300029188,155 628 788,A01,1,7,16,0,9,1,1,0.0
202300029189,155 628 786,A01,2,7,0,0,1,13,1,0.0
202300029189,155 628 787,B01,1,7,14,2,1,1,1,0.0
202300029190,155 628 785,A01,2,1,0,0,0,0,5,0.0
202300029191,155 628 783,A01,2,33,0,2,0,0,1,0.0
202300029191,155 628 784,B01,2,30,0,2,0,0,1,0.0
202300029192,155 628 782,A01,1,7,0,1,2,1,0,0.0
202300029193,155 628 780,A01,2,7,0,0,-1,10,1,0.0
202300029193,155 628 781,B01,1,33,10,0,9,21,1,0.0
202300029194,155 628 779,A01,1,33,13,0,9,17,1,0.0
202300029195,155 628 777,B01,1,7,0,0,6,1,0,0.0
202300029195,155 628 778,A01,2,33,0,2,1,19,0,0.0
202300029196,155 628 775,A01,2,10,0,2,6,9,1,0.0
202300029196,155 628 776,B01,1,33,0,2,1,1,1,0.0
202300029197,155 628 773,A01,2,33,0,2,2,17,1,0.0
202300029197,155 628 774,B01,2,38,0,9,8,15,1,1.0
202300029198,155 628 772,A01,2,3,0,1,2,0,1,0.0
202300029199,155 628 770,A01,1,7,0,2,6,19,1,0.0
202300029199,155 628 771,B01,1,7,0,2,1,1,1,0.0
202300029200,155 628 768,B01,1,7,0,2,1,1,1,0.0
202300029200,155 628 769,A01,2,7,0,2,7,13,1,0.0
202300029201,155 628 766,A01,2,1,0,2,8,13,5,0.0
202300029201,155 628 767,B01,1,21,0,9,6,1,1,0.0
202300029202,155 628 764,A01,2,10,0,2,2,12,1,0.0
202300029202,155 628 765,B01,2,33,3,2,6,1,1,0.0
202300029203,155 628 762,A01,1,7,0,2,2,15,1,0.0
202300029203,155 628 763,B01,2,33,0,2,2,1,1,0.0
202300029204,155 628 761,A01,1,7,2,0,1,0,1,0.0
202300029205,155 628 760,A01,2,33,0,6,2,19,6,0.0
202300029206,155 628 756,B01,1,7,0,2,8,13,1,0.0
202300029206,155 628 757,A01,1,43,0,2,3,7,1,0.0
202300029207,155 628 754,A01,1,7,0,2,4,2,1,0.0
202300029207,155 628 755,B01,1,7,0,2,1,2,1,0.0
202300029208,155 628 752,A01,1,15,4,2,1,1,1,0.0
202300029208,155 628 753,B01,2,10,0,2,6,1,1,0.0
202300029209,155 628 751,A01,1,7,3,0,8,13,1,0.0
202300029210,155 628 748,A01,1,15,0,2,2,12,1,0.0
202300029210,155 628 749,B01,1,7,0,2,8,18,1,0.0
202300029210,155 628 750,C01,1,10,0,2,7,1,1,0.0
202300029211,155 628 746,A01,1,7,0,2,4,1,1,0.0
202300029211,155 628 747,B01,1,33,0,2,1,2,1,0.0
202300029212,155 628 744,A01,2,7,0,2,1,1,0,0.0
202300029212,155 628 745,B01,2,10,0,2,4,1,0,0.0
202300029213,155 628 742,A01,2,10,0,2,1,1,1,0.0
202300029213,155 628 743,B01,2,15,0,2,6,2,1,0.0
202300029214,155 628 740,B01,2,7,0,2,4,1,1,0.0
202300029214,155 628 741,A01,2,15,0,2,1,1,1,0.0
202300029215,155 628 738,B01,1,7,0,2,2,12,1,0.0
202300029215,155 628 739,A01,1,33,0,2,0,1,1,0.0
202300029216,155 628 735,A01,2,7,4,2,3,11,1,0.0
202300029216,155 628 736,B01,2,10,4,2,5,1,1,0.0
202300029216,155 628 737,C01,2,10,4,2,6,1,1,0.0
202300029217,155 628 733,A01,2,7,0,2,8,13,1,0.0
202300029217,155 628 734,B01,2,31,0,2,1,3,1,0.0
202300029218,155 628 731,A01,2,7,0,0,0,17,1,0.0
202300029218,155 628 732,B01,2,32,14,0,1,1,0,0.0
202300029219,155 628 729,B01,2,7,0,2,4,1,1,0.0
202300029219,155 628 730,A01,2,7,0,2,1,1,1,0.0
202300029220,155 628 727,B01,2,7,0,2,1,1,1,0.0
202300029220,155 628 728,A01,2,33,0,2,1,1,1,0.0
202300029221,155 628 725,A01,1,7,0,2,1,11,1,0.0
202300029221,155 628 726,B01,1,7,0,2,4,1,1,0.0
202300029222,155 628 723,B01,1,10,0,2,1,1,4,0.0
202300029222,155 628 724,A01,1,17,0,2,4,24,1,0.0
202300029223,155 628 721,A01,1,33,0,2,3,12,1,0.0
202300029223,155 628 722,B01,1,7,0,2,2,0,1,0.0
202300029224,155 628 719,A01,1,13,0,2,5,12,1,0.0
202300029224,155 628 720,B01,1,7,4,2,3,1,1,0.0
202300029225,155 628 716,A01,2,7,1,2,1,1,1,0.0
202300029225,155 628 717,B01,2,7,0,0,4,23,1,0.0
202300029225,155 628 718,C01,2,99,0,2,4,1,1,0.0
202300029226,155 628 713,A01,1,7,0,2,5,26,1,0.0
202300029226,155 628 714,B01,1,7,0,2,0,26,1,0.0
202300029226,155 628 715,C01,1,33,0,2,8,2,1,0.0
202300029227,155 628 712,A01,1,7,0,1,1,1,1,0.0
202300029228,155 628 710,A01,2,7,0,2,1,2,1,0.0
202300029228,155 628 711,B01,2,7,0,2,4,2,1,0.0
202300029229,155 628 708,A01,2,20,3,2,1,1,1,0.0
202300029229,155 628 709,B01,2,7,4,2,8,11,1,0.0
202300029230,155 628 707,A01,2,33,0,0,0,0,1,0.0
202300029231,155 628 703,A01,1,7,0,1,1,1,1,0.0
202300029232,155 628 702,A01,1,7,2,0,1,0,1,0.0
202300029233,155 628 700,A01,1,7,0,2,5,0,3,0.0
202300029233,155 628 701,Z01,1,7,0,2,1,21,1,0.0
202300029234,155 628 699,A01,3,33,1,0,1,1,1,0.0
202300029235,155 628 698,A01,1,1,0,0,8,1,5,0.0
202300029236,155 628 697,A01,2,50,15,0,1,13,3,0.0
202300029237,155 628 696,A01,1,7,0,1,2,14,0,0.0
202300029238,155 628 694,A01,2,7,0,0,4,23,1,0.0
202300029238,155 628 695,B01,2,1,0,2,1,1,5,0.0
202300029239,155 628 692,B01,1,7,0,2,7,1,1,0.0
202300029239,155 628 693,A01,1,80,0,2,8,13,3,0.0
202300029240,155 628 690,A01,2,7,0,2,2,16,1,0.0
202300029240,155 628 691,B01,2,1,14,2,2,2,5,0.0
202300029241,155 628 688,A01,3,1,0,2,8,5,5,0.0
202300029241,155 628 689,B01,3,7,0,2,6,2,3,0.0
202300029242,155 628 687,A01,1,31,0,0,0,1,0,0.0
202300029243,155 628 686,A01,3,99,0,0,1,26,0,0.0
202300029244,155 628 685,A01,2,7,0,1,3,26,1,0.0
202300029245,155 628 683,B01,2,30,0,2,1,1,1,0.0
202300029245,155 628 684,A01,1,7,0,2,5,19,1,0.0
202300029246,155 628 681,A01,3,37,1,2,1,1,1,1.0
202300029246,155 628 682,B01,3,7,0,2,4,2,1,0.0
202300029247,155 628 679,A01,3,7,0,2,1,1,0,0.0
202300029247,155 628 680,B01,3,7,0,2,8,1,0,0.0
202300029248,155 628 678,A01,2,7,0,1,2,1,1,0.0
202300029249,155 628 677,A01,3,7,0,1,3,15,0,0.0
202300029250,155 628 675,A01,2,7,0,2,3,15,1,0.0
202300029250,155 628 676,B01,1,7,0,2,1,1,1,0.0
202300029251,155 628 673,B01,1,30,0,2,7,9,1,0.0
202300029251,155 628 674,A01,1,10,0,2,1,1,0,0.0
202300029252,155 628 672,Z01,1,33,0,1,1,0,1,0.0
202300029253,155 628 670,A01,1,13,0,2,2,15,1,0.0
202300029253,155 628 671,B01,1,3,0,2,8,15,1,0.0
202300029254,155 628 668,A01,0,7,0,2,2,15,1,0.0
202300029254,155 628 669,B01,0,33,0,2,6,1,1,0.0
202300029255,155 628 666,B01,0,1,0,2,1,1,5,0.0
202300029255,155 628 667,A01,0,7,0,2,3,9,1,0.0
202300029256,155 628 664,A01,2,32,0,2,3,13,1,0.0
202300029256,155 628 665,B01,1,7,0,2,3,1,1,0.0
202300029257,155 628 662,A01,2,7,0,2,4,26,0,0.0
202300029257,155 628 663,B01,2,7,0,2,1,1,0,0.0
202300029258,155 628 661,A01,1,30,0,0,8,2,1,0.0
202300029259,155 628 659,A01,1,7,0,2,1,2,1,0.0
202300029259,155 628 660,B01,1,7,0,0,4,2,1,0.0
202300029260,155 628 658,A01,1,7,0,1,1,1,1,0.0
202300029261,155 628 656,A01,1,7,0,2,2,1,1,0.0
202300029261,155 628 657,B01,1,33,0,2,1,1,1,0.0
202300029262,155 628 654,A01,1,7,0,2,3,1,1,0.0
202300029262,155 628 655,B01,2,30,0,2,6,1,3,0.0
202300029263,155 628 653,A01,3,14,0,1,2,2,1,0.0
202300029264,155 628 651,B01,0,2,0,2,8,1,1,0.0
202300029264,155 628 652,A01,0,7,0,2,1,19,1,0.0
202300029265,155 628 650,A01,3,7,2,0,3,1,1,0.0
202300029266,155 628 649,A01,1,7,0,1,2,1,1,0.0
202300029267,155 628 648,A01,3,7,0,1,1,1,1,0.0
202300029268,155 628 647,A01,1,17,0,1,3,1,1,0.0
202300029269,155 628 645,A01,2,33,0,0,2,17,1,0.0
202300029269,155 628 646,B01,2,7,0,0,3,15,1,0.0
202300029270,155 628 643,B01,2,7,0,2,3,13,1,0.0
202300029270,155 628 644,A01,1,10,0,2,1,1,1,0.0
202300029271,155 628 641,A01,2,7,0,2,1,1,1,0.0
202300029271,155 628 642,B01,1,7,8,2,8,15,1,0.0
202300029272,155 628 639,B01,2,7,8,0,6,2,1,0.0
202300029272,155 628 640,A01,2,7,0,2,2,2,1,0.0
202300029273,155 628 637,B01,2,33,0,2,1,2,1,0.0
202300029273,155 628 638,A01,2,10,0,2,5,1,1,0.0
202300029274,155 628 635,B01,1,7,0,2,1,13,2,0.0
202300029274,155 628 636,A01,2,10,0,2,1,21,1,0.0
202300029275,155 628 634,A01,0,99,0,0,0,0,1,0.0
202300029276,155 628 633,A01,2,7,0,1,2,11,0,0.0
202300029277,155 628 632,A01,3,20,0,1,0,26,1,0.0
202300029278,155 628 630,A01,2,7,0,2,3,13,1,0.0
202300029278,155 628 631,B01,1,15,0,2,3,1,1,0.0
202300029279,155 628 628,A01,1,7,0,2,1,2,1,0.0
202300029279,155 628 629,B01,1,7,0,2,4,1,1,0.0
202300029280,155 628 626,A01,1,7,0,2,2,5,1,0.0
202300029280,155 628 627,B01,2,7,0,2,2,21,1,0.0
202300029281,155 628 624,A01,2,7,0,2,8,9,1,0.0
202300029281,155 628 625,B01,1,7,0,2,7,0,1,0.0
202300029282,155 628 622,A01,3,7,12,2,1,1,1,0.0
202300029282,155 628 623,B01,3,7,0,2,1,1,1,0.0
202300029283,155 628 620,A01,1,7,0,2,8,15,1,0.0
202300029283,155 628 621,B01,1,2,0,2,1,17,1,0.0
202300029284,155 628 618,B01,1,10,13,2,8,1,1,0.0
202300029284,155 628 619,A01,1,7,0,2,2,1,1,0.0
202300029285,155 628 617,A01,1,2,0,2,1,2,1,0.0
202300029286,155 628 615,A01,2,7,13,0,7,14,1,0.0
202300029287,155 628 614,A01,1,2,0,2,1,2,1,0.0
202300029287,155 628 616,B01,1,2,0,2,9,2,1,0.0
202300029288,155 628 613,A01,3,7,2,0,3,1,1,0.0
202300029289,155 628 611,A01,0,33,0,0,7,1,1,0.0
202300029290,155 628 610,A01,1,2,0,2,1,19,3,0.0
202300029290,155 628 612,B01,2,31,0,2,8,1,1,0.0
202300029291,155 628 607,A01,1,80,0,0,0,1,3,0.0
202300029292,155 628 608,A01,2,7,0,2,3,15,1,0.0
202300029292,155 628 609,B01,1,33,0,2,1,0,1,0.0
202300029293,155 628 606,A01,1,33,0,0,0,17,1,0.0
202300029294,155 628 604,B01,1,2,0,2,8,1,1,0.0
202300029294,155 628 605,A01,2,7,0,2,1,1,1,0.0
202300029295,155 628 602,A01,1,20,3,2,3,13,1,0.0
202300029295,155 628 603,B01,2,7,0,2,3,1,1,0.0
202300029296,155 628 601,A01,1,10,0,1,2,15,1,0.0
202300029297,155 628 599,A01,1,7,3,2,3,13,1,0.0
202300029297,155 628 600,B01,2,15,0,2,3,1,1,0.0
202300029298,155 628 598,A01,1,1,12,0,1,20,5,0.0
202300029299,155 628 596,A01,3,0,0,1,0,0,0,0.0
202300029300,155 628 597,A01,2,33,0,1,1,1,1,0.0
202300029301,155 628 594,A01,1,7,4,0,9,1,1,0.0