num_acc,id_vehicule,num_veh,senc,catv,obs,obsm,choc,manv,motor,occutc
202300030319,155 626 774,A01,2,7,0,2,4,2,0,0.0
202300030319,155 626 777,B01,2,7,0,2,1,2,0,0.0
202300030320,155 626 772,A01,1,17,2,0,8,14,1,0.0
202300030321,155 626 770,B01,1,7,0,2,1,9,1,0.0
202300030321,155 626 773,A01,2,7,0,2,4,1,1,0.0
202300030322,155 626 769,B01,2,10,0,0,8,23,1,0.0
202300030322,155 626 771,A01,2,17,1,0,8,2,1,0.0
202300030323,155 626 767,B01,2,7,0,2,8,15,1,0.0
202300030323,155 626 768,A01,2,2,0,2,1,17,1,0.0
202300030324,155 626 764,A01,1,33,0,2,1,1,1,0.0
202300030324,155 626 765,B01,1,7,0,2,1,1,1,0.0
202300030325,155 626 763,A01,0,7,0,2,7,16,1,0.0
202300030325,155 626 766,B01,0,33,0,2,8,18,1,0.0
202300030326,155 626 760,A01,2,37,0,0,6,1,1,1.0
202300030326,155 626 762,B01,2,2,0,0,2,1,1,0.0
202300030327,155 626 757,B01,1,7,0,2,3,15,1,0.0
202300030327,155 626 761,A01,1,43,0,2,2,17,1,0.0
202300030328,155 626 758,A01,2,2,0,2,1,1,1,0.0
202300030328,155 626 759,B01,2,7,0,2,4,23,-1,0.0
202300030329,155 626 755,A01,1,7,0,2,5,15,1,0.0
202300030329,155 626 756,B01,1,34,0,2,1,1,1,0.0
202300030330,155 626 752,B01,1,1,0,2,7,16,5,0.0
202300030330,155 626 754,A01,1,2,0,2,4,14,3,0.0
202300030331,155 626 750,B01,2,50,0,2,8,19,3,0.0
202300030331,155 626 753,A01,2,7,0,2,1,15,0,0.0
202300030332,155 626 749,B01,1,2,0,2,8,1,1,0.0
202300030332,155 626 751,A01,1,10,0,2,1,1,1,0.0
202300030333,155 626 747,A01,3,7,2,0,8,13,1,0.0
202300030334,155 626 746,B01,2,43,0,2,1,1,1,0.0
202300030334,155 626 748,A01,2,7,0,2,4,9,1,0.0
202300030335,155 626 744,B01,2,2,0,2,1,1,1,0.0
202300030335,155 626 745,A01,1,7,0,2,2,15,1,0.0
202300030336,155 626 742,A01,0,7,0,2,3,20,1,0.0
202300030336,155 626 743,B01,0,2,0,2,2,1,1,0.0
202300030337,155 626 741,A01,1,33,0,1,2,1,1,0.0
202300030338,155 626 739,B01,3,60,0,2,1,19,5,0.0
202300030338,155 626 740,A01,3,7,0,2,6,1,1,0.0
202300030339,155 626 737,A01,1,7,0,2,2,2,1,0.0
202300030339,155 626 738,B01,1,50,0,2,8,2,3,0.0
202300030340,155 626 734,A01,2,7,0,2,3,22,1,0.0
202300030340,155 626 736,B01,2,50,0,0,1,2,3,0.0
202300030341,155 626 733,A01,1,7,0,2,1,5,1,0.0
202300030341,155 626 735,B01,2,7,0,2,1,1,1,0.0
202300030342,155 626 730,A01,1,7,0,2,1,1,1,0.0
202300030342,155 626 732,B01,1,10,0,2,4,23,1,0.0
202300030343,155 626 729,A01,2,7,12,0,1,1,1,0.0
202300030344,155 626 728,A01,1,33,0,2,1,19,1,0.0
202300030344,155 626 731,B01,2,34,0,2,8,1,3,0.0
202300030345,155 626 727,A01,2,7,2,0,1,14,1,0.0
202300030346,155 626 725,A01,1,10,0,1,1,15,1,0.0
202300030347,155 626 724,A01,1,7,0,2,3,15,1,0.0
202300030347,155 626 726,B01,2,2,0,2,1,1,1,0.0
202300030348,155 626 723,A01,1,33,13,0,1,1,1,0.0
202300030349,155 626 722,A01,1,7,1,0,1,1,1,0.0
202300030350,155 626 721,A01,2,1,15,1,2,1,5,0.0
202300030351,155 626 720,A01,3,21,2,0,3,1,1,0.0
202300030352,155 626 717,A01,1,7,0,2,8,10,1,0.0
202300030352,155 626 719,B01,1,30,0,2,2,17,1,0.0
202300030353,155 626 716,B01,1,7,0,2,4,23,1,0.0
202300030353,155 626 718,A01,1,7,0,2,1,2,1,0.0
202300030354,155 626 715,A01,1,1,0,0,0,0,5,0.0
202300030355,155 626 711,B01,2,7,0,2,1,19,0,0.0
202300030355,155 626 713,A01,1,7,0,2,1,0,0,0.0
202300030356,155 626 709,C01,3,7,0,2,4,1,1,0.0
202300030356,155 626 712,A01,-1,7,0,2,1,1,1,0.0
202300030356,155 626 714,B01,0,7,0,2,4,1,1,0.0
202300030357,155 626 710,A01,3,7,0,1,7,23,1,0.0
202300030358,155 626 708,A01,2,7,0,1,1,1,1,0.0
202300030359,155 626 706,A01,1,7,3,0,2,0,1,0.0
202300030360,155 626 705,A01,3,7,0,1,1,2,1,0.0
202300030361,155 626 704,B01,1,7,0,-1,8,1,3,0.0
202300030361,155 626 707,A01,1,1,0,2,1,1,5,0.0
202300030362,155 626 703,A01,2,1,0,1,7,1,5,0.0
202300030363,155 626 699,A01,2,7,0,2,1,1,0,0.0
202300030363,155 626 702,B01,2,10,0,2,4,1,1,0.0
202300030364,155 626 698,A01,2,7,0,2,1,1,1,0.0
202300030364,155 626 701,B01,2,7,1,2,2,9,1,0.0
202300030365,155 626 700,A01,2,7,3,0,1,1,1,0.0
202300030366,155 626 697,A01,1,33,0,1,1,17,1,0.0
202300030367,155 626 696,A01,1,2,0,0,0,1,1,0.0
202300030368,155 626 695,A01,2,7,0,1,2,1,1,0.0
202300030369,155 626 692,A01,2,7,0,1,1,9,1,0.0
202300030370,155 626 693,A01,2,7,0,2,3,15,1,0.0
202300030370,155 626 694,B01,1,33,0,2,3,1,1,0.0
202300030371,155 626 691,A01,2,33,0,0,0,1,1,0.0
202300030372,155 626 686,B01,1,1,0,2,7,9,5,0.0
202300030372,155 626 688,A01,1,7,0,2,1,1,1,0.0
202300030373,155 626 685,A01,3,7,0,2,4,2,1,0.0
202300030373,155 626 689,B01,3,7,0,2,4,2,0,0.0
202300030373,155 626 690,C01,3,7,0,2,4,0,1,0.0
202300030374,155 626 684,B01,1,32,0,2,7,1,3,0.0
202300030374,155 626 687,A01,2,7,0,2,3,10,0,0.0
202300030375,155 626 683,A01,1,7,0,1,3,1,1,0.0
202300030376,155 626 680,A01,0,7,0,2,3,1,1,0.0
202300030376,155 626 682,B01,0,7,0,2,2,1,1,0.0
202300030377,155 626 678,A01,2,10,0,0,4,0,1,0.0
202300030377,155 626 681,B01,2,1,0,0,0,0,5,0.0
202300030378,155 626 675,A01,3,7,3,2,1,1,1,0.0
202300030378,155 626 677,B01,3,10,0,2,6,21,1,0.0
202300030378,155 626 679,C01,3,7,3,2,6,21,1,0.0
202300030379,155 626 674,B01,2,80,0,2,1,1,3,0.0
202300030379,155 626 676,A01,1,7,0,2,3,1,3,0.0
202300030380,155 626 672,VB01,1,33,0,2,1,2,1,0.0
202300030380,155 626 673,A01,1,7,0,2,6,15,1,0.0
202300030381,155 626 669,B01,2,7,2,2,6,1,1,0.0
202300030381,155 626 670,A01,2,7,1,2,1,1,1,0.0
202300030382,155 626 667,A01,1,7,0,2,3,1,1,0.0
202300030382,155 626 671,B01,2,1,0,2,1,19,5,0.0
202300030383,155 626 666,A01,0,33,1,2,8,12,1,0.0
202300030383,155 626 668,B01,0,10,0,2,2,12,1,0.0
202300030384,155 626 664,A01,1,7,0,2,5,15,1,0.0
202300030384,155 626 665,B01,2,33,0,2,2,1,1,0.0
202300030385,155 626 661,A01,2,7,0,2,1,1,1,0.0
202300030385,155 626 663,B01,2,7,0,1,1,26,1,0.0
202300030386,155 626 660,A01,0,7,0,2,1,13,1,0.0
202300030386,155 626 662,B01,0,7,0,2,1,2,1,0.0
202300030387,155 626 658,A01,1,7,0,2,8,15,1,0.0
202300030387,155 626 659,B01,1,37,0,2,2,1,1,2.0
202300030388,155 626 655,A01,1,13,1,0,5,1,1,0.0
202300030388,155 626 657,B01,1,13,0,2,5,24,1,0.0
202300030389,155 626 654,A01,3,2,0,2,1,1,1,0.0
202300030389,155 626 656,B01,3,7,0,2,4,23,1,0.0
202300030390,155 626 652,A01,1,32,12,0,1,1,1,0.0
202300030391,155 626 651,A01,3,7,0,2,1,2,1,0.0
202300030391,155 626 653,B01,3,7,0,0,4,2,1,0.0
202300030392,155 626 648,B01,3,7,0,2,8,1,1,0.0
202300030392,155 626 650,A01,3,32,0,2,1,15,1,0.0
202300030393,155 626 647,B01,1,7,0,2,1,1,1,0.0
202300030393,155 626 649,A01,2,7,0,2,6,1,1,0.0
202300030394,155 626 644,A01,2,32,0,2,1,18,1,0.0
202300030394,155 626 646,B01,1,10,0,2,7,19,1,0.0
202300030395,155 626 643,A01,1,7,0,2,1,9,1,0.0
202300030395,155 626 645,B01,2,32,0,2,1,3,1,0.0
202300030396,155 626 638,B01,3,50,0,2,7,1,3,0.0
202300030396,155 626 640,A01,2,7,0,9,1,9,1,0.0
202300030397,155 626 634,E01,1,7,0,2,4,2,1,0.0
202300030397,155 626 635,C01,2,7,0,2,4,2,1,0.0
202300030397,155 626 637,D01,2,7,0,2,4,2,1,0.0
202300030397,155 626 639,F01,2,7,0,2,4,2,1,0.0
202300030397,155 626 641,A01,2,7,0,2,1,2,1,0.0
202300030397,155 626 642,B01,1,7,0,2,4,0,1,0.0
202300030398,155 626 632,B01,1,33,0,2,2,2,1,0.0
202300030398,155 626 636,A01,1,1,0,2,1,15,5,0.0
202300030399,155 626 631,A01,3,10,0,2,1,1,1,0.0
202300030399,155 626 633,B01,3,1,0,2,4,19,5,0.0
202300030400,155 626 630,A01,3,7,0,1,1,2,1,0.0
202300030401,155 626 629,A01,1,7,0,1,1,2,1,0.0
202300030402,155 626 627,A01,1,7,2,0,1,1,1,0.0
202300030403,155 626 626,A01,2,7,0,1,2,1,1,0.0
202300030404,155 626 623,A01,2,7,14,0,1,1,1,0.0
202300030404,155 626 624,B01,2,1,0,2,4,23,5,0.0
202300030405,155 626 625,A01,2,33,0,2,5,1,0,0.0
202300030405,155 626 628,B01,2,7,0,2,5,1,0,0.0
202300030406,155 626 619,C01,1,7,0,2,4,1,1,0.0
202300030406,155 626 621,A01,1,7,0,2,1,1,1,0.0
202300030406,155 626 622,B01,1,7,0,2,1,1,1,0.0
202300030407,155 626 618,A01,2,7,0,2,2,15,1,0.0
202300030407,155 626 620,B01,1,7,0,2,1,1,1,0.0
202300030408,155 626 615,A01,1,7,0,1,5,21,1,0.0
202300030409,155 626 617,A01,0,33,0,0,7,25,0,0.0
202300030410,155 626 614,A01,3,7,0,2,2,15,1,0.0
202300030410,155 626 616,B01,3,7,0,2,1,1,1,0.0
202300030411,155 626 613,A01,2,99,0,1,0,26,0,0.0
202300030412,155 626 610,A01,0,7,0,9,1,10,1,0.0
202300030412,155 626 612,B01,0,50,0,2,1,1,3,0.0
202300030413,155 626 608,B01,3,7,0,2,4,0,1,0.0
202300030413,155 626 611,Z01,3,7,0,2,1,0,1,0.0
202300030414,155 626 607,B01,3,7,0,2,0,0,1,0.0
202300030414,155 626 609,A01,3,7,0,2,0,0,1,0.0
202300030415,155 626 604,A01,1,50,0,2,4,2,3,0.0
202300030415,155 626 606,Z01,1,7,0,9,1,1,0,0.0
202300030416,155 626 605,A01,1,2,1,0,7,1,1,0.0
202300030417,155 626 600,A01,1,7,0,2,1,5,1,0.0
202300030417,155 626 602,B01,2,7,0,2,1,1,3,0.0
202300030418,155 626 599,B01,1,7,0,2,1,1,1,0.0
202300030418,155 626 601,A01,1,7,0,2,4,1,1,0.0
202300030419,155 626 597,A01,1,7,0,2,2,16,1,0.0
202300030419,155 626 598,B01,1,33,0,2,1,3,1,0.0
202300030420,155 626 593,A01,2,7,2,0,1,14,1,0.0
202300030421,155 626 594,A01,2,33,0,2,7,9,1,0.0
202300030421,155 626 596,B01,2,7,0,2,1,13,1,0.0
202300030422,155 626 595,B01,2,7,0,0,0,26,1,0.0
202300030422,155 626 603,A01,1,32,0,2,2,21,1,0.0
202300030423,155 626 590,B01,1,7,0,2,4,2,1,0.0
202300030423,155 626 592,A01,1,2,14,0,1,1,1,0.0
202300030424,155 626 588,B01,2,7,0,2,7,23,1,0.0
202300030424,155 626 591,A01,1,60,0,2,1,19,5,0.0
202300030425,155 626 589,B01,1,7,0,1,1,1,1,0.0
202300030426,155 626 587,A01,1,7,0,2,1,21,1,0.0
202300030427,155 626 586,A01,3,30,0,1,1,1,1,0.0
202300030428,155 626 585,A01,0,7,0,0,0,1,1,0.0
202300030429,155 626 584,A01,1,14,0,1,0,26,1,0.0
202300030430,155 626 581,B01,1,33,0,2,4,2,1,0.0
202300030430,155 626 583,A01,1,7,0,2,3,2,1,0.0
202300030431,155 626 580,B01,3,1,0,2,7,1,5,0.0
202300030431,155 626 582,A01,3,10,0,2,1,9,1,0.0
202300030432,155 626 577,A01,0,7,0,2,1,16,1,0.0
202300030432,155 626 578,B01,1,1,0,2,8,1,5,0.0
202300030433,155 626 579,A01,1,7,0,0,9,0,1,0.0
202300030434,155 626 574,B01,0,7,0,2,2,1,1,0.0
202300030434,155 626 576,A01,1,7,0,2,1,1,1,0.0
202300030435,155 626 572,A01,2,7,3,2,7,1,1,0.0
202300030435,155 626 575,B01,2,7,2,0,3,14,1,0.0
202300030436,155 626 571,A01,1,37,0,1,3,1,0,1.0
202300030437,155 626 570,A01,3,7,0,2,1,1,1,0.0
202300030437,155 626 573,B01,3,7,0,2,1,1,2,0.0
202300030438,155 626 568,A01,2,7,0,2,8,9,1,0.0
202300030438,155 626 569,B01,2,50,0,2,1,1,3,0.0
202300030439,155 626 562,A01,1,32,0,2,7,17,1,0.0
202300030439,155 626 565,B01,1,7,0,2,8,11,1,0.0
202300030439,155 626 567,C01,2,7,0,2,3,1,1,0.0
202300030440,155 626 563,B01,2,7,0,2,2,1,1,0.0
202300030440,155 626 566,A01,1,1,0,2,0,5,5,0.0
202300030441,155 626 561,B01,0,50,0,2,8,0,3,0.0
202300030441,155 626 564,A01,0,7,0,2,1,2,0,0.0
202300030442,155 626 560,A01,1,7,3,0,3,14,1,0.0
202300030443,155 626 559,A01,3,7,0,1,1,1,1,0.0
202300030444,155 626 558,A01,1,7,4,0,3,1,1,0.0
202300030445,155 626 553,A01,1,7,0,2,1,26,1,0.0
202300030445,155 626 556,C01,1,1,0,2,4,26,5,0.0
202300030446,155 626 552,A01,3,7,0,2,4,15,1,0.0
202300030446,155 626 555,B01,3,7,0,2,1,2,1,0.0
202300030447,155 626 554,A01,1,7,1,2,9,9,1,0.0
202300030447,155 626 557,B01,1,17,0,0,6,24,1,0.0
202300030448,155 626 548,A01,1,7,0,2,1,1,1,0.0
202300030448,155 626 550,B01,1,7,0,2,4,1,0,0.0
202300030449,155 626 549,A01,1,10,0,2,1,1,1,0.0
202300030449,155 626 551,B01,2,7,0,2,1,1,1,0.0
202300030450,155 626 543,B01,3,7,0,2,1,23,1,0.0
202300030450,155 626 546,A01,3,50,0,2,1,0,3,0.0
202300030451,155 626 542,A01,1,7,0,2,1,1,1,0.0
202300030451,155 626 544,B01,1,1,0,2,4,1,5,0.0
202300030452,155 626 545,A01,0,7,0,0,0,0,1,0.0
202300030452,155 626 547,B01,0,1,0,0,0,0,5,0.0
202300030453,155 626 539,A01,1,7,0,2,1,2,1,0.0
202300030453,155 626 541,B01,1,7,0,2,4,2,1,0.0
202300030454,155 626 538,A01,2,7,0,2,1,15,1,0.0
202300030454,155 626 540,B01,2,1,0,2,1,1,5,0.0
202300030455,155 626 532,A01,3,31,0,2,1,1,1,0.0
202300030455,155 626 533,B01,3,7,0,2,4,1,1,0.0
202300030456,155 626 530,B01,3,7,0,2,6,0,1,0.0
202300030456,155 626 531,A01,3,7,0,2,1,1,1,0.0
202300030457,155 626 529,A01,1,7,13,0,1,13,1,0.0
202300030458,155 626 527,A01,2,7,0,1,1,1,1,0.0
202300030459,155 626 526,A01,1,7,0,2,2,15,1,0.0
202300030459,155 626 528,B01,1,7,0,2,1,1,1,0.0
202300030460,155 626 524,A01,1,7,0,2,7,26,1,0.0
202300030460,155 626 525,B01,2,7,0,2,1,1,1,0.0
202300030461,155 626 521,A01,1,7,0,1,1,1,1,0.0
202300030462,155 626 522,A01,3,7,14,2,1,1,1,0.0
202300030462,155 626 523,B01,3,7,0,2,1,1,1,0.0
202300030463,155 626 519,A01,1,7,0,2,1,15,1,0.0
202300030463,155 626 520,B01,1,1,0,2,1,1,5,0.0
202300030464,155 626 518,A01,1,3,0,1,1,19,1,0.0
202300030465,155 626 516,B01,1,13,0,2,0,0,1,0.0
202300030465,155 626 517,A01,1,7,0,2,2,9,1,0.0
202300030466,155 626 515,A01,2,7,0,1,3,1,1,0.0
202300030467,155 626 512,A01,2,33,0,2,1,1,1,0.0
202300030467,155 626 513,B01,2,15,0,2,4,23,1,0.0
202300030468,155 626 511,A01,2,32,0,2,1,1,3,0.0
202300030468,155 626 514,B01,2,7,0,2,4,13,1,0.0
202300030469,155 626 508,B01,1,33,0,2,7,3,1,0.0
202300030469,155 626 510,A01,1,7,0,2,3,11,1,0.0
202300030470,155 626 507,B01,1,50,0,2,7,1,3,0.0
202300030470,155 626 509,A01,2,43,0,2,1,1,1,0.0
202300030471,155 626 505,A01,2,7,0,2,0,12,1,0.0
202300030471,155 626 506,B01,2,33,0,2,1,3,1,0.0
202300030472,155 626 503,A01,1,7,3,0,1,14,1,0.0
202300030473,155 626 502,A01,1,7,0,2,2,1,1,0.0
202300030473,155 626 504,B01,1,7,0,2,6,24,1,0.0
202300030474,155 626 500,A01,2,33,0,2,7,3,1,0.0
202300030474,155 626 501,B01,2,7,0,2,5,1,3,0.0
202300030475,155 626 499,A01,1,7,8,0,1,1,1,0.0
202300030476,155 626 496,A01,1,7,0,2,7,12,0,0.0
202300030476,155 626 498,B01,2,33,0,2,3,18,0,0.0
202300030477,155 626 495,A01,3,7,2,0,1,11,1,0.0
202300030478,155 626 494,A01,2,7,0,2,1,1,1,0.0
202300030478,155 626 497,B01,2,30,0,2,4,2,1,0.0
202300030479,155 626 490,A01,1,33,0,2,3,21,0,0.0
202300030479,155 626 492,B01,1,10,0,2,4,1,1,0.0
202300030479,155 626 493,C01,1,7,0,2,4,1,1,0.0
202300030480,155 626 488,B01,1,1,0,2,7,19,5,0.0
202300030480,155 626 491,A01,0,7,0,2,1,1,1,0.0
202300030481,155 626 485,A01,1,7,0,2,3,15,1,0.0
202300030481,155 626 486,B01,1,33,0,2,7,3,1,0.0
202300030482,155 626 487,A01,2,33,0,2,1,3,1,0.0
202300030482,155 626 489,B01,2,31,0,2,4,3,1,0.0
202300030483,155 626 483,B01,1,1,0,2,1,1,5,0.0
202300030483,155 626 484,A01,1,3,0,2,3,15,1,0.0
202300030484,155 626 481,A01,2,7,0,2,7,12,1,0.0
202300030484,155 626 482,B01,2,33,0,2,8,1,1,0.0
202300030485,155 626 479,A01,2,7,0,1,4,4,1,0.0
202300030486,155 626 478,A01,1,7,4,0,1,26,1,0.0
202300030487,155 626 476,A01,3,30,1,0,2,14,1,0.0
202300030488,155 626 474,A01,2,33,0,2,1,3,1,0.0
202300030488,155 626 477,B01,2,7,0,2,5,1,1,0.0
202300030489,155 626 475,Z01,2,7,0,2,2,1,2,0.0
202300030489,155 626 480,A01,2,7,0,2,3,16,2,0.0
202300030490,155 626 473,A01,2,7,3,0,1,14,1,0.0
202300030491,155 626 470,A01,1,7,15,0,1,1,1,0.0
202300030492,155 626 469,A01,1,7,0,2,7,22,1,0.0
202300030492,155 626 472,B01,1,1,0,2,8,1,5,0.0
202300030493,155 626 468,A01,2,33,0,2,1,3,1,0.0
202300030493,155 626 471,B01,2,7,0,2,4,13,1,0.0
202300030494,155 626 467,A01,1,7,1,0,1,0,1,0.0
202300030495,155 626 465,A01,1,10,0,2,3,13,1,0.0
202300030495,155 626 466,B01,1,7,0,2,5,1,1,0.0
202300030496,155 626 464,A01,1,1,0,1,1,1,5,0.0
202300030497,155 626 461,A01,2,7,9,0,1,1,1,0.0
202300030498,155 626 462,A01,0,7,0,0,2,1,1,0.0
202300030498,155 626 463,B01,0,7,0,0,2,15,1,0.0
202300030499,155 626 459,A01,3,7,0,1,1,1,1,0.0
202300030500,155 626 458,A01,1,7,0,1,2,1,1,0.0
202300030501,155 626 457,B01,3,7,0,2,3,1,1,0.0
202300030501,155 626 460,A01,-1,32,0,2,2,1,3,0.0
202300030502,155 626 454,B01,0,2,0,2,1,1,0,0.0
202300030502,155 626 455,A01,3,7,0,2,2,15,0,0.0
202300030503,155 626 453,A01,3,7,0,2,3,20,0,0.0
202300030503,155 626 456,B01,3,3,0,2,0,0,0,0.0
202300030504,155 626 451,A01,1,10,13,0,2,14,1,0.0
202300030505,155 626 450,B01,1,33,0,2,4,16,1,0.0
202300030505,155 626 452,A01,1,7,0,2,2,16,2,0.0
202300030506,155 626 446,A01,2,7,0,2,1,2,1,0.0
202300030506,155 626 448,B01,1,7,0,2,3,2,1,0.0
202300030506,155 626 449,C01,2,7,0,2,4,0,1,0.0
202300030507,155 626 445,A01,3,7,2,0,1,0,0,0.0
202300030508,155 626 443,A01,3,1,0,0,0,0,5,0.0
202300030509,155 626 442,A01,2,33,16,0,1,1,1,0.0
202300030510,155 626 440,A01,1,10,0,1,4,26,1,0.0
202300030511,155 626 444,B01,2,80,0,2,1,1,3,0.0
202300030511,155 626 447,A01,2,7,0,2,4,1,1,0.0
202300030512,155 626 437,C01,2,7,0,2,1,1,1,0.0
202300030512,155 626 439,B01,1,7,1,2,4,1,1,0.0
202300030512,155 626 441,A01,1,7,14,2,1,1,3,0.0
202300030513,155 626 438,A01,1,31,13,0,7,13,1,0.0
202300030514,155 626 434,A01,1,43,0,2,1,17,1,0.0
202300030514,155 626 436,B01,2,7,0,2,3,15,2,0.0
202300030515,155 626 432,B01,2,10,0,2,4,1,1,0.0
202300030515,155 626 435,A01,2,7,0,2,1,26,1,0.0
202300030516,155 626 431,A01,2,7,0,2,6,20,1,0.0
202300030516,155 626 433,B01,1,7,0,2,0,0,0,0.0
202300030517,155 626 428,B01,2,1,1,0,2,13,5,0.0
202300030517,155 626 430,Z01,2,10,0,2,0,24,0,0.0
202300030518,155 626 426,A01,1,7,0,2,2,18,1,0.0
202300030518,155 626 427,B01,1,2,0,2,1,1,1,0.0
202300030519,155 626 425,A01,3,7,0,2,3,11,0,0.0
202300030519,155 626 429,B01,3,32,0,2,2,1,1,0.0
202300030520,155 626 424,A01,3,80,14,0,9,1,3,0.0
202300030521,155 626 422,A01,1,10,0,2,2,13,1,0.0
202300030521,155 626 423,B01,1,30,0,2,3,1,1,0.0
202300030522,155 626 417,A01,2,7,0,2,2,15,1,0.0
202300030522,155 626 420,B01,1,7,0,2,3,1,1,0.0
202300030523,155 626 418,A01,3,33,0,2,1,1,1,0.0
202300030523,155 626 421,B01,3,10,0,2,8,15,1,0.0
202300030524,155 626 416,A01,2,7,0,2,2,15,1,0.0
202300030524,155 626 419,B01,1,50,0,2,1,1,3,0.0
202300030525,155 626 412,A01,1,7,0,2,2,16,1,0.0
202300030525,155 626 415,B01,2,1,0,2,2,1,5,0.0
202300030526,155 626 411,A01,2,14,0,2,2,12,1,0.0
202300030526,155 626 414,B01,2,7,0,2,6,2,1,0.0
202300030527,155 626 410,B01,2,2,0,2,1,1,1,0.0
202300030527,155 626 413,A01,1,7,0,2,1,15,1,0.0
202300030528,155 626 409,A01,1,33,0,0,7,12,1,0.0
202300030529,155 626 407,A01,2,32,0,2,3,1,1,0.0
202300030529,155 626 408,B01,1,7,0,2,7,15,1,0.0
202300030530,155 626 404,A01,2,7,0,2,3,2,1,0.0
202300030530,155 626 406,B01,2,7,0,2,5,23,2,0.0
202300030531,155 626 405,A01,3,7,0,1,2,1,1,0.0
202300030532,155 626 402,A01,2,7,0,2,5,16,1,0.0
202300030532,155 626 403,B01,2,50,0,2,1,18,3,0.0
202300030533,155 626 401,A01,3,7,0,1,2,1,2,0.0
202300030534,155 626 399,A01,1,7,0,2,3,13,1,0.0
202300030534,155 626 400,B01,2,32,0,2,7,3,1,0.0
202300030535,155 626 396,B01,1,33,0,2,3,1,1,0.0
202300030535,155 626 398,A01,1,7,0,2,2,10,1,0.0
202300030536,155 626 397,A01,1,34,1,1,1,1,1,0.0
202300030537,155 626 393,A01,1,30,0,2,5,1,1,0.0
202300030537,155 626 395,B01,1,30,0,2,3,15,0,0.0
202300030538,155 626 392,B01,1,32,0,2,1,1,1,0.0
202300030538,155 626 394,A01,1,7,0,2,1,9,1,0.0
202300030539,155 626 390,A01,1,14,0,2,1,2,1,0.0
202300030539,155 626 391,B01,1,7,0,2,4,2,1,0.0
202300030540,155 626 389,A01,1,37,0,1,2,1,2,1.0
202300030541,155 626 387,A01,3,7,0,2,8,15,0,0.0
202300030541,155 626 388,B01,3,32,0,2,1,1,1,0.0
202300030542,155 626 385,A01,3,7,0,0,0,1,1,0.0
202300030542,155 626 386,B01,3,33,8,0,4,16,1,0.0
202300030543,155 626 384,A01,2,1,0,0,0,1,5,0.0
202300030544,155 626 383,A01,3,7,0,1,1,15,1,0.0
202300030545,155 626 379,B01,2,7,0,2,0,0,1,0.0
202300030545,155 626 381,A01,2,33,0,2,1,2,1,0.0
202300030545,155 626 382,C01,2,7,0,2,0,0,3,0.0
202300030546,155 626 377,B01,0,7,0,2,3,1,1,0.0
202300030546,155 626 380,A01,2,7,0,2,1,9,1,0.0
202300030547,155 626 378,Z01,3,7,0,1,0,1,0,0.0
202300030548,155 626 374,A01,1,7,0,1,1,1,0,0.0
202300030549,155 626 373,A01,1,7,0,1,1,1,1,0.0
202300030550,155 626 371,A01,1,7,0,2,3,10,1,0.0
202300030550,155 626 372,B01,1,33,14,2,1,17,1,0.0
202300030551,155 626 368,A01,3,33,0,2,1,1,0,0.0
202300030551,155 626 370,B01,3,7,0,2,7,9,0,0.0
202300030552,155 626 365,A01,1,7,0,2,4,2,1,0.0
202300030552,155 626 366,B01,1,7,0,2,1,2,1,0.0
202300030553,155 626 367,B01,1,80,0,2,1,1,3,0.0
202300030553,155 626 369,A01,2,80,0,2,1,1,3,0.0
202300030554,155 626 363,B01,2,33,0,2,1,1,1,0.0
202300030554,155 626 364,A01,2,10,8,2,8,9,1,0.0
202300030555,155 626 362,A01,2,7,0,1,1,1,1,0.0
202300030556,155 626 361,A01,1,7,1,0,2,14,1,0.0
202300030557,155 626 360,A01,1,7,6,0,1,26,1,0.0
202300030558,155 626 356,A01,1,50,0,2,1,0,3,0.0
202300030559,155 626 357,A01,2,7,0,2,1,9,1,0.0
202300030559,155 626 359,B01,2,7,0,2,3,1,1,0.0
202300030560,155 626 355,A01,2,7,0,2,3,22,1,0.0
202300030560,155 626 358,B01,2,1,0,2,1,1,5,0.0
202300030561,155 626 353,A01,1,7,0,2,8,22,2,0.0
202300030561,155 626 354,B01,1,32,0,2,1,18,1,0.0
202300030562,155 626 351,A01,1,7,0,1,1,16,1,0.0
202300030563,155 626 348,A01,3,7,0,2,1,9,1,0.0
202300030563,155 626 349,B01,3,33,0,2,1,1,0,0.0
202300030564,155 626 347,A01,2,31,8,0,1,14,1,0.0
202300030565,155 626 350,B01,2,33,0,2,7,17,1,0.0
202300030565,155 626 352,A01,2,7,0,2,3,15,1,0.0
202300030566,155 626 345,A01,3,7,0,2,2,25,1,0.0
202300030566,155 626 346,B01,3,80,0,2,1,1,3,0.0
202300030567,155 626 344,A01,3,2,6,0,7,1,1,0.0
202300030568,155 626 341,A01,2,30,0,0,8,15,1,0.0
202300030569,155 626 342,A01,1,33,0,2,2,17,1,0.0
202300030569,155 626 343,B01,1,10,0,2,3,15,1,0.0
202300030570,155 626 338,A01,3,1,0,2,1,15,5,0.0
202300030570,155 626 340,B01,3,7,0,2,2,17,1,0.0
202300030571,155 626 336,A01,1,33,0,2,1,2,1,0.0
202300030571,155 626 337,B01,1,7,0,2,6,2,1,0.0
202300030571,155 626 339,C01,1,7,0,0,6,24,1,0.0
202300030572,155 626 335,A01,2,34,14,0,0,16,1,0.0
202300030573,155 626 334,A01,0,1,0,1,1,1,5,0.0