num_acc,id_vehicule,num_veh,senc,catv,obs,obsm,choc,manv,motor,occutc
202300030824,155 625 878,B01,2,7,0,9,1,1,0,0.0
202300030824,155 625 880,C01,2,7,0,9,1,1,0,0.0
202300030825,155 625 875,A01,1,7,0,9,1,2,1,0.0
202300030825,155 625 877,B01,1,2,0,2,4,1,1,0.0
202300030826,155 625 872,B01,1,7,0,2,8,15,1,0.0
202300030826,155 625 873,A01,1,1,0,2,1,1,5,0.0
202300030827,155 625 871,B01,1,7,0,2,1,19,1,0.0
202300030827,155 625 874,A01,3,7,0,2,5,19,1,0.0
202300030828,155 625 869,A01,1,7,14,0,1,1,1,0.0
202300030828,155 625 870,B01,1,7,0,1,4,23,1,0.0
202300030829,155 625 866,B01,2,33,0,2,3,1,1,0.0
202300030829,155 625 868,A01,1,10,0,2,1,15,1,0.0
202300030830,155 625 865,A01,2,32,0,2,1,2,1,0.0
202300030830,155 625 867,B01,2,7,0,2,5,2,1,0.0
202300030831,155 625 862,A01,1,7,16,0,9,13,1,0.0
202300030832,155 625 861,A01,2,7,0,0,1,0,1,0.0
202300030833,155 625 863,A01,1,7,0,2,0,0,0,0.0
202300030833,155 625 864,B01,1,0,0,2,0,0,0,0.0
202300030834,155 625 860,A01,2,43,11,0,1,21,1,0.0
202300030835,155 625 859,A01,1,7,13,0,1,0,1,0.0
202300030836,155 625 858,A01,1,32,13,0,9,1,1,0.0
202300030837,155 625 857,A01,2,10,0,1,1,15,1,0.0
202300030838,155 625 856,A01,1,7,0,1,2,16,1,0.0
202300030839,155 625 853,A01,1,2,0,2,2,16,1,0.0
202300030839,155 625 855,B01,1,2,0,2,3,18,0,0.0
202300030840,155 625 852,B01,1,33,0,2,1,1,1,0.0
202300030840,155 625 854,A01,2,10,0,2,2,15,1,0.0
202300030841,155 625 850,A01,3,15,0,0,4,2,1,0.0
202300030841,155 625 851,B01,3,32,0,0,2,2,1,0.0
202300030842,155 625 849,A01,0,7,0,2,1,1,6,0.0
202300030843,155 625 847,A01,1,33,13,0,0,21,1,0.0
202300030844,155 625 845,B01,1,7,0,2,4,2,1,0.0
202300030844,155 625 846,A01,1,10,0,2,1,2,1,0.0
202300030845,155 625 843,A01,0,7,0,2,1,2,1,0.0
202300030845,155 625 848,B01,3,7,0,2,4,0,1,0.0
202300030846,155 625 842,B01,2,7,0,2,8,1,1,0.0
202300030846,155 625 844,A01,1,7,13,2,1,13,1,0.0
202300030847,155 625 841,A01,1,10,0,1,2,1,1,0.0
202300030848,155 625 840,A01,2,33,6,0,1,26,1,0.0
202300030849,155 625 835,A01,1,7,0,2,1,1,1,0.0
202300030849,155 625 837,B01,2,7,0,2,7,9,1,0.0
202300030850,155 625 836,B01,1,2,0,2,9,18,1,0.0
202300030850,155 625 839,A01,1,7,0,2,7,1,1,0.0
202300030851,155 625 833,A01,1,2,15,0,0,14,1,0.0
202300030852,155 625 829,A01,2,7,6,0,1,1,1,0.0
202300030853,155 625 830,A01,2,7,0,2,1,1,1,0.0
202300030853,155 625 834,B01,1,7,0,2,1,1,1,0.0
202300030853,155 625 838,C01,2,7,0,2,1,2,1,0.0
202300030854,155 625 826,A01,2,10,0,2,3,1,1,0.0
202300030854,155 625 828,B01,2,33,0,0,5,16,1,0.0
202300030855,155 625 825,A01,2,7,0,2,8,15,2,0.0
202300030855,155 625 827,B01,2,1,0,2,1,17,5,0.0
202300030856,155 625 824,A01,2,7,0,1,3,1,0,0.0
202300030857,155 625 822,A01,3,7,16,0,9,24,1,0.0
202300030858,155 625 821,B01,1,7,0,2,3,1,1,0.0
202300030858,155 625 823,A01,1,34,0,2,1,1,1,0.0
202300030859,155 625 820,A01,1,33,0,6,1,1,1,0.0
202300030860,155 625 819,A01,1,7,0,1,2,2,1,0.0
202300030861,155 625 817,A01,1,7,13,0,1,1,1,0.0
202300030862,155 625 813,A01,3,1,0,0,9,1,5,0.0
202300030863,155 625 815,A01,2,30,0,2,1,2,1,0.0
202300030863,155 625 818,B01,1,7,0,2,4,2,1,0.0
202300030864,155 625 812,A01,1,33,0,6,3,6,1,0.0
202300030865,155 625 810,B01,2,3,0,2,5,2,1,0.0
202300030865,155 625 811,A01,2,33,0,2,1,2,1,0.0
202300030866,155 625 808,A01,1,7,0,2,1,2,0,0.0
202300030866,155 625 809,B01,1,50,0,0,4,1,3,0.0
202300030867,155 625 807,A01,2,10,0,1,1,1,1,0.0
202300030868,155 625 804,B01,1,31,0,2,1,2,3,0.0
202300030868,155 625 806,A01,2,7,0,2,1,15,1,0.0
202300030869,155 625 803,B01,3,1,0,2,8,11,5,0.0
202300030869,155 625 805,A01,3,7,0,2,1,1,0,0.0
202300030870,155 625 799,A01,2,7,0,2,2,1,1,0.0
202300030870,155 625 801,B01,3,1,0,2,8,19,5,0.0
202300030871,155 625 797,A01,2,2,0,2,1,17,0,0.0
202300030871,155 625 800,B01,2,14,0,0,6,15,1,0.0
202300030872,155 625 798,B01,1,2,0,2,3,1,1,0.0
202300030872,155 625 802,A01,1,7,0,2,3,15,2,0.0
202300030873,155 625 794,A01,1,7,0,2,2,15,1,0.0
202300030873,155 625 795,B01,2,1,0,2,1,1,5,0.0
202300030874,155 625 793,B01,3,10,0,2,7,21,1,0.0
202300030874,155 625 796,A01,3,3,15,2,7,13,1,0.0
202300030875,155 625 792,A01,1,34,12,0,7,14,1,0.0
202300030876,155 625 790,A01,2,7,0,2,8,15,1,0.0
202300030876,155 625 791,B01,2,14,0,2,2,1,0,0.0
202300030877,155 625 788,A01,1,7,0,2,1,15,1,0.0
202300030877,155 625 789,B01,2,34,0,2,1,0,1,0.0
202300030878,155 625 785,A01,2,7,0,1,2,26,1,0.0
202300030879,155 625 786,A01,2,7,5,2,1,1,1,0.0
202300030879,155 625 787,B01,2,7,0,2,4,15,1,0.0
202300030880,155 625 783,A01,3,7,0,2,2,17,1,0.0
202300030880,155 625 784,B01,3,30,0,2,4,1,1,0.0
202300030881,155 625 780,A01,1,10,0,2,1,1,1,0.0
202300030881,155 625 782,B01,2,1,0,2,1,5,5,0.0
202300030882,155 625 779,A01,3,7,0,1,2,1,1,0.0
202300030883,155 625 777,B01,2,7,0,2,5,1,1,0.0
202300030883,155 625 781,A01,1,7,0,2,7,15,1,0.0
202300030884,155 625 776,B01,2,33,0,2,3,1,1,0.0
202300030884,155 625 778,A01,1,7,0,2,3,13,1,0.0
202300030885,155 625 773,A01,3,36,2,0,3,0,1,0.0
202300030886,155 625 771,B01,3,1,0,2,2,19,5,0.0
202300030886,155 625 774,A01,3,7,0,9,3,16,1,0.0
202300030887,155 625 769,B01,1,7,0,2,8,1,1,0.0
202300030887,155 625 772,C01,3,7,0,9,6,1,1,0.0
202300030887,155 625 775,A01,3,7,9,2,1,1,1,0.0
202300030888,155 625 768,A01,2,10,0,0,2,1,1,0.0
202300030888,155 625 770,B01,2,17,0,0,6,1,1,0.0
202300030889,155 625 764,A01,2,10,0,1,2,21,1,0.0
202300030890,155 625 766,A01,2,7,0,2,1,15,1,0.0
202300030890,155 625 767,B01,1,30,0,2,8,1,1,0.0
202300030891,155 625 765,A01,3,3,0,0,3,26,1,0.0
202300030892,155 625 761,A01,2,7,0,2,1,2,1,0.0
202300030892,155 625 763,B01,2,10,0,0,4,2,1,0.0
202300030893,155 625 762,A01,1,0,0,0,0,0,0,0.0
202300030894,155 625 759,A01,3,33,3,0,1,2,1,0.0
202300030895,155 625 758,B01,1,30,0,2,7,0,1,0.0
202300030895,155 625 760,A01,1,7,0,2,1,9,1,0.0
202300030896,155 625 757,A01,3,32,0,1,0,21,0,0.0
202300030897,155 625 755,A01,1,7,0,0,3,2,1,0.0
202300030897,155 625 756,B01,1,33,14,0,1,2,1,0.0
202300030898,155 625 754,A01,3,7,12,0,1,1,1,0.0
202300030899,155 625 753,A01,3,10,0,1,1,17,1,0.0
202300030900,155 625 751,A01,1,7,0,2,9,12,1,0.0
202300030900,155 625 752,B01,1,7,0,2,9,1,1,0.0
202300030901,155 625 749,A01,2,7,0,2,1,1,2,0.0
202300030901,155 625 750,B01,2,50,0,2,8,15,3,0.0
202300030902,155 625 748,A01,2,17,6,0,1,13,1,0.0
202300030903,155 625 745,A01,3,14,0,1,0,0,1,0.0
202300030904,155 625 746,B01,3,7,0,2,6,15,0,0.0
202300030904,155 625 747,A01,1,33,0,2,1,12,1,0.0
202300030905,155 625 744,Z01,1,50,0,1,1,1,3,0.0
202300030906,155 625 741,B01,2,7,0,2,8,15,1,0.0
202300030906,155 625 743,A01,1,14,0,2,1,1,1,0.0
202300030907,155 625 739,A01,1,7,0,9,8,16,1,0.0
202300030907,155 625 742,B01,1,80,0,2,7,1,3,0.0
202300030908,155 625 735,A01,1,7,0,2,1,15,1,0.0
202300030908,155 625 737,B01,2,7,0,2,2,1,1,0.0
202300030909,155 625 734,A01,1,33,0,0,9,1,1,0.0
202300030910,155 625 729,A01,2,33,0,2,1,1,1,0.0
202300030910,155 625 732,B01,2,7,0,2,3,15,1,0.0
202300030911,155 625 728,A01,1,7,0,2,3,17,1,0.0
202300030911,155 625 730,B01,2,10,0,2,3,1,1,0.0
202300030911,155 625 731,C01,1,7,0,2,6,26,2,0.0
202300030912,155 625 727,B01,1,7,0,2,2,1,1,0.0
202300030912,155 625 733,A01,1,10,0,2,1,2,1,0.0
202300030913,155 625 725,A01,1,7,0,1,8,15,1,0.0
202300030914,155 625 724,B01,2,50,12,0,1,14,3,0.0
202300030914,155 625 726,A01,1,7,0,0,0,15,1,0.0
202300030915,155 625 718,B01,1,7,0,2,3,9,1,0.0
202300030915,155 625 720,A01,2,33,0,2,7,1,1,0.0
202300030916,155 625 719,A01,3,7,0,2,1,1,1,0.0
202300030916,155 625 721,B01,1,1,0,2,8,16,5,0.0
202300030917,155 625 722,B01,3,7,7,0,3,1,1,0.0
202300030917,155 625 723,A01,3,30,0,2,8,1,1,0.0
202300030918,155 625 717,A01,2,7,2,0,1,2,1,0.0
202300030919,155 625 716,A01,1,7,0,1,1,1,1,0.0
202300030920,155 625 715,A01,2,7,0,1,1,1,1,0.0
202300030921,155 625 713,A01,1,34,0,2,1,2,1,0.0
202300030921,155 625 714,B01,1,7,0,2,4,2,2,0.0
202300030922,155 625 712,A01,3,7,0,1,1,1,1,0.0
202300030923,155 625 709,A01,3,7,0,2,6,13,3,0.0
202300030923,155 625 710,B01,3,1,0,2,2,14,5,0.0
202300030924,155 625 711,A01,1,7,0,1,0,9,1,0.0
202300030925,155 625 708,A01,2,33,6,0,7,2,1,0.0
202300030926,155 625 706,A01,1,7,0,2,2,9,1,0.0
202300030926,155 625 707,B01,1,99,0,2,3,0,1,0.0
202300030927,155 625 703,A01,1,2,8,0,1,19,0,0.0
202300030928,155 625 702,A01,1,7,0,1,1,1,1,0.0
202300030929,155 625 701,A01,1,7,0,1,3,1,1,0.0
202300030930,155 625 697,A01,2,7,0,2,4,26,1,0.0
202300030930,155 625 699,B01,2,7,0,2,1,2,1,0.0
202300030931,155 625 696,A01,1,33,0,2,9,1,1,0.0
202300030931,155 625 700,B01,2,1,0,2,1,1,5,0.0
202300030932,155 625 695,A01,1,7,0,9,1,1,1,0.0
202300030932,155 625 698,B01,1,1,0,2,4,15,5,0.0
202300030933,155 625 693,A01,3,33,0,0,8,2,1,0.0
202300030934,155 625 692,A01,1,99,0,2,1,13,1,0.0
202300030934,155 625 694,B01,2,10,0,2,1,1,1,0.0
202300030935,155 625 690,A01,3,14,0,2,1,1,1,0.0
202300030935,155 625 691,B01,3,7,0,2,4,1,1,0.0
202300030936,155 625 687,B01,1,7,0,2,3,1,3,0.0
202300030936,155 625 688,A01,2,7,0,2,1,3,1,0.0
202300030937,155 625 686,B01,3,1,0,2,8,19,5,0.0
202300030937,155 625 689,A01,2,10,0,2,1,1,1,0.0
202300030938,155 625 683,A01,2,7,0,2,7,17,1,0.0
202300030938,155 625 685,B01,2,1,0,0,8,1,5,0.0
202300030939,155 625 682,B01,1,7,0,2,1,1,1,0.0
202300030939,155 625 684,A01,1,1,0,2,1,1,5,0.0
202300030940,155 625 680,A01,0,7,0,1,1,1,1,0.0
202300030941,155 625 679,A01,1,3,0,1,1,1,1,0.0
202300030942,155 625 678,A01,2,7,0,1,2,25,0,0.0
202300030943,155 625 681,A01,3,7,0,1,2,1,1,0.0
202300030944,155 625 675,A01,1,7,6,0,4,16,1,0.0
202300030944,155 625 677,B01,1,13,0,2,1,2,1,0.0
202300030945,155 625 671,D01,1,7,4,0,2,1,1,0.0
202300030945,155 625 672,C01,1,7,0,2,4,2,1,0.0
202300030945,155 625 674,A01,1,7,0,2,4,1,1,0.0
202300030945,155 625 676,B01,1,7,0,2,1,1,1,0.0
202300030946,155 625 670,A01,3,7,0,1,1,1,0,0.0
202300030947,155 625 673,A01,1,10,0,1,-1,16,-1,0.0
202300030948,155 625 667,A01,1,7,0,2,2,1,1,0.0
202300030948,155 625 669,B01,1,50,0,2,1,1,3,0.0
202300030949,155 625 664,A01,2,30,0,0,4,0,1,0.0
202300030949,155 625 665,B01,1,7,0,2,1,2,1,0.0
202300030950,155 625 666,B01,3,7,0,2,1,1,1,0.0
202300030950,155 625 668,A01,3,7,0,2,1,13,1,0.0
202300030951,155 625 661,B01,3,33,0,2,2,1,1,0.0
202300030951,155 625 663,A01,3,7,0,2,3,9,1,0.0
202300030952,155 625 660,A01,0,31,12,0,2,1,1,0.0
202300030953,155 625 659,A01,3,7,0,2,3,10,1,0.0
202300030953,155 625 662,B01,3,2,0,2,2,2,1,0.0
202300030954,155 625 657,A01,1,7,0,2,1,15,1,0.0
202300030954,155 625 658,B01,2,33,0,2,1,1,1,0.0
202300030955,155 625 655,A01,3,7,15,0,1,26,1,0.0
202300030956,155 625 653,A01,2,50,0,2,1,1,3,0.0
202300030956,155 625 654,B01,1,7,0,2,3,1,1,0.0
202300030957,155 625 652,A01,3,7,0,2,8,16,1,0.0
202300030957,155 625 656,B01,2,7,0,2,2,2,1,0.0
202300030958,155 625 650,A01,3,30,0,2,0,1,1,0.0
202300030958,155 625 651,B01,3,37,0,2,0,1,1,1.0
202300030959,155 625 646,A01,2,7,0,2,0,1,1,0.0
202300030959,155 625 648,B01,2,1,0,2,0,1,5,0.0
202300030960,155 625 645,A01,1,7,0,1,1,1,1,0.0
202300030961,155 625 647,B01,3,7,0,2,8,1,1,0.0
202300030961,155 625 649,A01,3,10,0,2,1,15,1,0.0
202300030962,155 625 643,B01,1,2,0,2,1,3,1,0.0
202300030962,155 625 644,A01,1,7,0,2,3,10,1,0.0
202300030963,155 625 639,B01,2,7,0,2,6,23,1,0.0
202300030963,155 625 641,A01,2,7,0,2,1,2,1,0.0
202300030964,155 625 640,B01,0,1,0,2,8,16,5,0.0
202300030964,155 625 642,A01,3,14,0,2,7,16,1,0.0
202300030965,155 625 637,B01,1,2,0,2,8,15,1,0.0
202300030965,155 625 638,A01,1,43,0,2,1,17,1,0.0
202300030966,155 625 635,A01,0,10,0,2,3,15,1,0.0
202300030966,155 625 636,B01,0,42,0,2,1,1,1,0.0
202300030967,155 625 634,A01,1,7,0,1,1,26,1,0.0
202300030968,155 625 632,B01,2,2,0,2,7,1,1,0.0
202300030968,155 625 633,A01,3,7,0,2,3,9,1,0.0
202300030969,155 625 631,A01,2,7,0,1,2,1,1,0.0
202300030970,155 625 630,A01,3,40,0,1,2,17,6,0.0
202300030971,155 625 629,A01,2,30,0,0,1,1,1,0.0
202300030972,155 625 627,A01,2,50,0,2,1,1,3,0.0
202300030972,155 625 628,B01,2,7,0,2,3,1,0,0.0
202300030973,155 625 625,A01,1,7,0,2,3,15,1,0.0
202300030973,155 625 626,B01,1,2,0,2,1,1,1,0.0
202300030974,155 625 623,A01,3,10,0,2,2,9,1,0.0
202300030974,155 625 624,B01,3,50,0,2,1,25,3,0.0
202300030975,155 625 620,A01,3,7,0,2,3,9,1,0.0
202300030975,155 625 622,B01,3,50,0,2,1,1,3,0.0
202300030976,155 625 619,B01,3,7,0,2,7,15,1,0.0
202300030976,155 625 621,A01,3,30,0,2,1,8,1,0.0
202300030977,155 625 617,A01,3,7,0,2,3,16,1,0.0
202300030977,155 625 618,B01,3,50,0,2,2,19,3,0.0
202300030978,155 625 615,A01,1,7,9,0,1,1,1,0.0
202300030979,155 625 616,A01,3,7,0,1,1,15,2,0.0
202300030980,155 625 614,A01,3,10,0,1,8,1,1,0.0
202300030981,155 625 613,A01,3,10,0,0,0,26,1,0.0
202300030982,155 625 612,A01,2,32,0,1,1,1,1,0.0
202300030983,155 625 611,A01,1,7,0,1,1,1,1,0.0
202300030984,155 625 609,A01,3,30,0,2,2,13,1,0.0
202300030984,155 625 610,B01,3,7,0,2,6,1,1,0.0
202300030985,155 625 605,A01,0,7,0,2,1,26,1,0.0
202300030985,155 625 608,B01,0,43,0,1,1,0,1,0.0
202300030986,155 625 606,A01,1,32,0,2,1,13,1,0.0
202300030986,155 625 607,B01,2,7,0,2,1,1,1,0.0
202300030987,155 625 602,B01,0,10,0,0,4,2,0,0.0
202300030987,155 625 603,A01,0,10,0,0,1,2,0,0.0
202300030988,155 625 601,B01,2,31,0,2,1,1,0,0.0
202300030988,155 625 604,A01,2,7,0,2,8,15,1,0.0
202300030989,155 625 600,A01,1,7,0,1,1,1,1,0.0
202300030990,155 625 597,A01,1,10,0,2,1,1,3,0.0
202300030990,155 625 598,B01,1,7,0,2,5,23,1,0.0
202300030991,155 625 593,A01,1,7,0,2,7,15,1,0.0
202300030991,155 625 594,B01,2,34,0,2,1,1,1,0.0
202300030992,155 625 595,A01,2,7,0,2,8,22,1,0.0
202300030992,155 625 596,B01,2,1,1,0,7,1,5,0.0
202300030993,155 625 592,A01,3,50,12,0,1,0,3,0.0
202300030994,155 625 590,A01,2,2,0,2,2,13,1,0.0
202300030994,155 625 591,B01,1,7,0,2,2,1,1,0.0
202300030995,155 625 588,B01,1,1,0,2,8,2,5,0.0
202300030995,155 625 589,A01,1,7,0,9,7,17,1,0.0
202300030996,155 625 586,B01,1,33,0,2,1,1,1,0.0
202300030996,155 625 587,A01,1,7,0,2,6,10,1,0.0
202300030997,155 625 584,A01,1,50,0,2,3,9,3,0.0
202300030997,155 625 585,Z01,1,7,0,2,1,0,1,0.0
202300030998,155 625 582,A01,2,7,0,2,2,15,1,0.0
202300030998,155 625 583,B01,1,2,0,2,1,1,1,0.0
202300030999,155 625 581,A01,1,7,0,1,3,1,0,0.0
202300031000,155 625 580,A01,3,0,0,1,0,26,0,0.0
202300031001,155 625 579,A01,3,1,0,0,0,0,5,0.0
202300031002,155 625 578,A01,1,43,0,6,1,1,1,0.0
202300031003,155 625 576,A01,1,7,0,2,1,1,1,0.0
202300031003,155 625 577,B01,1,2,0,0,6,1,1,0.0
202300031004,155 625 574,A01,1,10,0,2,0,10,1,0.0
202300031004,155 625 575,B01,1,7,0,2,1,1,1,0.0
202300031005,155 625 573,A01,1,33,6,0,0,1,1,0.0
202300031006,155 625 572,A01,2,2,0,1,2,17,1,0.0
202300031007,155 625 570,A01,2,2,0,2,1,2,1,0.0
202300031007,155 625 571,B01,2,7,0,0,4,2,1,0.0
202300031008,155 625 569,A01,1,7,0,1,0,1,0,0.0
202300031009,155 625 567,A01,2,7,0,2,7,0,0,0.0
202300031009,155 625 568,B01,1,7,0,2,1,1,0,0.0
202300031010,155 625 565,A01,3,7,0,2,3,15,1,0.0
202300031010,155 625 566,B01,3,33,0,2,1,1,1,0.0
202300031011,155 625 563,B01,3,7,0,2,4,16,1,0.0
202300031011,155 625 564,A01,2,7,0,2,1,16,1,0.0
202300031012,155 625 562,A01,1,7,0,1,2,1,1,0.0
202300031013,155 625 560,A01,1,31,0,2,2,2,1,0.0
202300031013,155 625 561,B01,1,7,0,0,5,16,1,0.0
202300031014,155 625 558,A01,3,7,0,2,8,9,1,0.0
202300031014,155 625 559,B01,3,1,0,2,2,1,5,0.0
202300031015,155 625 557,A01,2,31,3,0,1,0,1,0.0
202300031016,155 625 555,A01,2,7,0,2,3,15,1,0.0
202300031016,155 625 556,B01,1,33,0,2,1,1,1,0.0
202300031017,155 625 554,A01,2,7,0,0,0,1,1,0.0
202300031018,155 625 552,B01,2,21,0,2,3,13,1,0.0
202300031018,155 625 553,A01,1,7,0,2,3,1,1,0.0
202300031019,155 625 550,B01,1,7,0,2,3,1,1,0.0
202300031019,155 625 551,A01,0,10,0,2,1,19,1,0.0
202300031020,155 625 548,B01,1,1,0,2,7,19,5,0.0
202300031020,155 625 549,A01,1,10,0,2,2,1,1,0.0
202300031021,155 625 547,A01,3,38,0,1,2,20,1,1.0
202300031022,155 625 546,A01,2,7,6,0,2,1,1,0.0
202300031023,155 625 544,B01,1,7,0,2,7,21,1,0.0
202300031023,155 625 545,A01,2,7,0,2,1,17,1,0.0
202300031024,155 625 542,B01,2,7,0,2,1,15,1,0.0
202300031024,155 625 543,A01,2,30,0,2,2,1,3,0.0
202300031025,155 625 541,A01,1,7,8,0,3,13,1,0.0
202300031026,155 625 540,A01,1,7,0,0,9,1,1,0.0
202300031027,155 625 538,A01,1,10,1,0,2,15,1,0.0
202300031027,155 625 539,B01,2,7,0,1,3,23,1,0.0
202300031028,155 625 535,C01,1,7,0,2,1,11,3,0.0
202300031028,155 625 536,B01,2,7,0,2,2,13,1,0.0
202300031028,155 625 537,A01,2,7,0,2,1,16,1,0.0
202300031029,155 625 534,A01,3,33,0,0,0,1,1,0.0
202300031030,155 625 533,A01,1,7,6,9,1,15,0,0.0
202300031031,155 625 531,A01,1,32,0,2,1,1,1,0.0
202300031031,155 625 532,B01,1,10,0,0,4,1,1,0.0
202300031032,155 625 530,A01,1,33,12,0,1,17,1,0.0
202300031033,155 625 529,A01,1,1,0,1,1,2,5,0.0
202300031034,155 625 527,A01,1,10,0,9,1,14,1,0.0
202300031034,155 625 528,B01,1,1,0,2,8,11,5,0.0
202300031035,155 625 525,A01,1,10,1,0,1,1,1,0.0
202300031035,155 625 526,B01,1,7,0,1,4,1,1,0.0
202300031036,155 625 524,A01,2,7,6,0,8,0,1,0.0
202300031037,155 625 522,A01,1,7,0,9,1,1,1,0.0
202300031037,155 625 523,B01,3,50,0,2,7,19,3,0.0
202300031038,155 625 520,B01,2,10,0,1,1,1,1,0.0
202300031039,155 625 518,B01,1,7,0,2,1,1,1,0.0
202300031039,155 625 519,A01,1,7,0,2,4,1,1,0.0
202300031040,155 625 517,A01,1,33,0,2,7,2,1,0.0
202300031041,155 625 514,C01,2,7,0,9,1,2,1,0.0
202300031041,155 625 515,A01,1,7,3,2,3,11,1,0.0
202300031041,155 625 516,B01,1,7,3,2,2,2,1,0.0
202300031042,155 625 512,A01,2,7,0,2,3,11,1,0.0
202300031042,155 625 513,B01,2,43,0,2,2,3,1,0.0
202300031043,155 625 508,A01,1,7,0,2,1,2,1,0.0
202300031043,155 625 509,B01,1,7,0,2,4,2,1,0.0
202300031043,155 625 510,C01,1,7,0,2,4,2,1,0.0
202300031043,155 625 511,D01,1,10,0,2,4,2,1,0.0
202300031044,155 625 507,A01,1,33,0,0,0,1,0,0.0
202300031045,155 625 504,B01,2,10,0,2,6,1,1,0.0
202300031045,155 625 505,C01,2,10,1,2,5,1,1,0.0
202300031045,155 625 506,A01,2,31,0,2,7,3,1,0.0
202300031046,155 625 502,A01,2,7,0,2,1,1,1,0.0
202300031046,155 625 503,B01,2,7,0,2,4,1,1,0.0
202300031047,155 625 500,A01,1,7,0,2,2,12,1,0.0
202300031047,155 625 501,B01,1,33,0,2,8,3,1,0.0
202300031048,155 625 498,A01,1,33,0,2,3,3,1,0.0
202300031048,155 625 499,B01,1,7,0,2,7,12,2,0.0
202300031049,155 625 495,C01,2,7,0,2,4,2,3,0.0
202300031049,155 625 496,A01,2,10,0,2,1,2,1,0.0
202300031049,155 625 497,B01,2,7,0,2,4,2,1,0.0
202300031050,155 625 494,A01,1,7,3,0,3,2,1,0.0
202300031051,155 625 492,A01,2,7,0,2,1,2,1,0.0
202300031051,155 625 493,B01,2,7,0,2,4,2,1,0.0
202300031052,155 625 490,A01,1,32,0,2,1,1,1,0.0
202300031052,155 625 491,B01,1,7,0,2,4,2,1,0.0
202300031053,155 625 488,A01,1,10,0,2,1,1,1,0.0
202300031053,155 625 489,B01,1,7,0,2,4,2,1,0.0
202300031054,155 625 486,A01,1,7,0,2,7,12,1,0.0
202300031054,155 625 487,B01,1,7,0,2,3,1,1,0.0
202300031055,155 625 484,A01,2,7,0,2,8,11,1,0.0
202300031055,155 625 485,B01,2,34,0,2,1,3,1,0.0
202300031056,155 625 482,A01,2,33,0,2,1,13,1,0.0
202300031056,155 625 483,B01,2,7,0,2,1,0,1,0.0
202300031057,155 625 479,B01,2,7,0,2,4,2,1,0.0
202300031057,155 625 480,A01,2,7,0,2,1,2,1,0.0
202300031057,155 625 481,C01,2,7,0,2,4,2,1,0.0
202300031058,155 625 476,A01,2,17,0,2,4,2,1,0.0
202300031058,155 625 477,B01,2,17,0,2,1,2,1,0.0
202300031058,155 625 478,C01,2,17,0,2,1,2,1,0.0
202300031059,155 625 471,A01,3,33,0,0,1,17,1,0.0
202300031060,155 625 469,A01,3,7,0,2,1,13,1,0.0
202300031060,155 625 470,B01,3,7,0,2,3,1,1,0.0
202300031061,155 625 467,B01,1,10,0,2,4,23,1,0.0
202300031061,155 625 468,A01,1,7,0,2,1,1,1,0.0
202300031062,155 625 465,B01,1,7,0,2,8,1,1,0.0
202300031062,155 625 466,A01,1,7,0,2,1,1,1,0.0
202300031063,155 625 464,A01,1,7,0,1,1,23,1,0.0
202300031064,155 625 462,B01,1,1,0,2,8,19,0,0.0
202300031064,155 625 463,A01,1,7,0,2,1,1,1,0.0
202300031065,155 625 460,A01,2,7,0,2,4,1,1,0.0
202300031065,155 625 461,B01,2,33,0,2,1,1,1,0.0
202300031066,155 625 458,B01,2,7,0,0,1,1,1,0.0
202300031066,155 625 459,A01,1,60,0,0,8,19,5,0.0
202300031067,155 625 453,A01,1,43,0,2,1,1,1,0.0
202300031067,155 625 454,B01,1,7,1,2,4,20,1,0.0
202300031068,155 625 451,A01,3,7,0,2,2,1,1,0.0
202300031068,155 625 452,B01,3,1,0,2,1,1,5,0.0
202300031069,155 625 449,B01,1,7,0,2,3,1,1,0.0
202300031069,155 625 450,A01,2,30,0,2,1,13,1,0.0
202300031070,155 625 448,A01,0,7,0,1,1,1,1,0.0
202300031071,155 625 446,A01,1,7,0,9,1,1,1,0.0
202300031071,155 625 447,B01,3,99,0,2,7,19,3,0.0
202300031072,155 625 444,B01,3,14,0,2,7,1,1,0.0
202300031072,155 625 445,A01,3,33,0,1,9,12,1,0.0
202300031073,155 625 442,A01,3,7,15,2,0,13,1,0.0
202300031073,155 625 443,B01,3,1,0,0,0,0,5,0.0
202300031074,155 625 440,B01,1,50,9,0,1,5,3,0.0
202300031074,155 625 441,A01,1,10,0,2,2,1,1,0.0
202300031075,155 625 434,B01,2,7,0,2,2,1,2,0.0
202300031075,155 625 435,A01,3,99,0,2,5,1,3,0.0
202300031076,155 625 432,B01,3,7,0,2,1,1,1,0.0
202300031076,155 625 433,A01,3,7,0,2,7,15,1,0.0
202300031077,155 625 430,A01,1,7,0,2,2,15,1,0.0
202300031077,155 625 431,B01,2,7,0,2,1,1,1,0.0
202300031078,155 625 428,B01,3,33,0,2,3,1,1,0.0
202300031078,155 625 429,A01,3,7,0,2,1,15,1,0.0
202300031079,155 625 427,A01,3,50,12,0,0,1,3,0.0
202300031080,155 625 425,B01,2,7,0,2,4,2,1,0.0
202300031080,155 625 426,A01,1,7,0,2,1,1,1,0.0
202300031081,155 625 423,A01,1,7,0,9,1,15,1,0.0
202300031081,155 625 424,B01,1,80,0,2,1,1,3,0.0
202300031082,155 625 422,A01,1,7,2,0,9,1,1,0.0