num_acc,id_vehicule,num_veh,senc,catv,obs,obsm,choc,manv,motor,occutc
202300031083,155 625 421,A01,3,33,6,0,3,26,1,0.0
202300031084,155 625 420,A01,2,7,0,1,2,1,1,0.0
202300031085,155 625 419,A01,3,50,1,0,1,1,3,0.0
202300031086,155 625 417,B01,3,7,0,2,4,2,1,0.0
202300031086,155 625 418,A01,3,7,0,2,1,2,1,0.0
202300031087,155 625 416,A01,2,7,12,0,1,1,1,0.0
202300031088,155 625 414,B01,3,7,6,2,7,1,1,0.0
202300031088,155 625 415,A01,1,7,0,2,1,19,1,0.0
202300031089,155 625 412,A01,3,7,0,2,3,26,1,0.0
202300031089,155 625 413,B01,3,7,0,2,2,1,1,0.0
202300031090,155 625 410,A01,1,7,0,9,2,5,1,0.0
202300031090,155 625 411,B01,1,1,0,2,8,15,5,0.0
202300031091,155 625 409,Z01,2,7,0,1,0,26,0,0.0
202300031092,155 625 405,A01,1,7,4,0,1,1,1,0.0
202300031093,155 625 404,A01,2,7,4,0,3,9,1,0.0
202300031094,155 625 403,A01,1,7,0,1,2,9,2,0.0
202300031095,155 625 399,A01,1,7,0,0,0,0,1,0.0
202300031095,155 625 400,B01,1,7,0,2,3,1,1,0.0
202300031096,155 625 398,A01,1,7,14,1,2,10,1,0.0
202300031097,155 625 396,A01,2,7,0,2,3,13,1,0.0
202300031097,155 625 397,B01,1,7,0,2,3,1,1,0.0
202300031098,155 625 395,A01,2,7,1,2,2,5,1,0.0
202300031099,155 625 394,A01,2,7,0,1,7,14,1,0.0
202300031100,155 625 392,A01,1,7,1,2,8,11,1,0.0
202300031100,155 625 393,B01,0,7,0,2,7,1,1,0.0
202300031101,155 625 391,A01,1,32,12,0,9,0,1,0.0
202300031102,155 625 390,A01,2,7,6,0,1,14,1,0.0
202300031103,155 625 388,A01,1,7,0,2,2,15,1,0.0
202300031103,155 625 389,B01,2,33,0,2,1,1,1,0.0
202300031104,155 625 387,A01,2,10,0,1,3,1,6,0.0
202300031105,155 625 386,A01,1,7,0,1,3,26,1,0.0
202300031106,155 625 383,C01,1,7,0,2,7,2,1,0.0
202300031106,155 625 384,A01,1,7,0,2,3,12,1,0.0
202300031106,155 625 385,B01,1,7,0,2,5,2,1,0.0
202300031107,155 625 381,A01,2,33,0,2,1,3,1,0.0
202300031107,155 625 382,B01,2,31,0,2,4,3,1,0.0
202300031108,155 625 379,A01,1,7,0,2,1,1,1,0.0
202300031108,155 625 380,B01,1,7,0,2,4,1,1,0.0
202300031109,155 625 377,A01,2,2,0,2,2,21,3,0.0
202300031109,155 625 378,B01,2,7,0,2,3,21,1,0.0
202300031110,155 625 375,A01,2,37,1,2,5,1,6,1.0
202300031110,155 625 376,B01,2,80,1,2,8,13,3,0.0
202300031111,155 625 373,B01,1,7,0,2,6,1,2,0.0
202300031111,155 625 374,A01,2,7,0,2,1,1,1,0.0
202300031112,155 625 371,A01,2,1,0,2,1,2,5,0.0
202300031112,155 625 372,B01,2,7,0,2,4,16,1,0.0
202300031113,155 625 369,Z01,1,7,0,2,7,12,1,0.0
202300031113,155 625 370,B01,1,33,0,2,3,1,1,0.0
202300031114,155 625 368,A01,1,50,0,1,8,1,3,0.0
202300031115,155 625 365,C01,1,7,0,2,7,23,1,0.0
202300031115,155 625 366,A01,1,7,0,2,2,1,1,0.0
202300031115,155 625 367,B01,1,7,0,2,6,23,1,0.0
202300031116,155 625 363,B01,1,33,0,2,3,9,1,0.0
202300031116,155 625 364,A01,1,33,0,2,2,17,1,0.0
202300031117,155 625 362,A01,1,7,0,1,7,12,1,0.0
202300031118,155 625 361,A01,2,7,0,1,2,16,2,0.0
202300031119,155 625 359,A01,1,7,0,2,2,1,1,0.0
202300031119,155 625 360,B01,1,33,0,2,6,1,1,0.0
202300031120,155 625 357,B01,1,7,0,0,4,2,2,0.0
202300031120,155 625 358,A01,1,7,0,0,1,2,1,0.0
202300031121,155 625 356,A01,1,7,12,0,1,5,1,0.0
202300031122,155 625 354,A01,1,7,0,2,1,2,1,0.0
202300031122,155 625 355,B01,1,34,0,2,4,23,1,0.0
202300031123,155 625 353,A01,2,7,0,1,3,1,1,0.0
202300031124,155 625 351,A01,2,7,0,2,5,10,6,0.0
202300031124,155 625 352,B01,1,2,0,2,1,1,0,0.0
202300031125,155 625 349,A01,1,10,0,2,1,2,1,0.0
202300031125,155 625 350,B01,1,10,0,2,4,23,1,0.0
202300031126,155 625 346,C01,1,7,0,2,1,0,0,0.0
202300031126,155 625 347,A01,1,7,0,2,1,0,0,0.0
202300031126,155 625 348,B01,1,7,0,2,1,0,0,0.0
202300031127,155 625 344,A01,2,33,0,2,1,1,0,0.0
202300031127,155 625 345,B01,1,7,0,2,7,15,0,0.0
202300031128,155 625 342,A01,1,7,0,2,7,0,1,0.0
202300031128,155 625 343,B01,3,7,0,2,0,0,0,0.0
202300031129,155 625 340,A01,1,2,0,2,1,1,1,0.0
202300031129,155 625 341,B01,1,7,0,2,3,1,0,0.0
202300031130,155 625 339,A01,2,7,0,1,3,1,1,0.0
202300031131,155 625 338,A01,1,2,12,0,2,19,1,0.0
202300031132,155 625 337,A01,3,7,13,0,2,0,1,0.0
202300031133,155 625 336,A01,1,7,2,0,1,1,0,0.0
202300031134,155 625 334,A01,1,7,0,2,3,15,1,0.0
202300031134,155 625 335,B01,2,33,0,2,1,1,1,0.0
202300031135,155 625 332,A01,1,14,0,2,2,15,1,0.0
202300031135,155 625 333,B01,2,33,0,2,1,1,1,0.0
202300031136,155 625 330,A01,1,7,3,2,2,19,1,0.0
202300031136,155 625 331,B01,2,14,0,2,1,1,1,0.0
202300031137,155 625 328,B01,2,7,0,2,2,1,1,0.0
202300031137,155 625 329,A01,2,7,0,2,1,19,1,0.0
202300031138,155 625 327,A01,3,21,0,1,6,4,1,0.0
202300031139,155 625 326,A01,2,7,2,0,9,1,1,0.0
202300031140,155 625 323,A01,2,7,8,0,6,1,1,0.0
202300031141,155 625 322,A01,2,50,12,0,2,1,3,0.0
202300031142,155 625 320,A01,1,7,0,2,5,15,1,0.0
202300031142,155 625 321,B01,1,2,0,2,1,2,1,0.0
202300031143,155 625 318,B01,1,7,0,2,4,2,1,0.0
202300031143,155 625 319,A01,1,2,0,2,1,1,1,0.0
202300031144,155 625 316,A01,1,7,0,0,6,2,1,0.0
202300031144,155 625 317,B01,1,33,0,0,1,2,1,0.0
202300031145,155 625 315,A01,2,32,0,9,1,17,0,0.0
202300031146,155 625 313,B01,1,21,0,0,0,15,1,0.0
202300031146,155 625 314,A01,1,33,0,0,0,17,1,0.0
202300031147,155 625 312,A01,1,7,0,1,2,1,1,0.0
202300031148,155 625 311,A01,3,33,0,0,9,2,1,0.0
202300031149,155 625 310,A01,1,7,8,0,1,13,0,0.0
202300031150,155 625 309,A01,1,7,13,0,2,0,1,0.0
202300031151,155 625 308,A01,3,1,0,0,0,1,5,0.0
202300031152,155 625 306,A01,3,10,0,0,2,1,1,0.0
202300031152,155 625 307,B01,3,60,0,0,8,1,5,0.0
202300031153,155 625 304,A01,2,7,0,2,1,2,1,0.0
202300031153,155 625 305,B01,2,7,0,2,4,2,1,0.0
202300031154,155 625 302,A01,1,30,0,2,4,1,1,0.0
202300031154,155 625 303,B01,1,7,0,2,1,2,0,0.0
202300031155,155 625 301,A01,2,7,13,0,0,14,1,0.0
202300031156,155 625 300,A01,2,2,12,0,0,1,1,0.0
202300031157,155 625 298,A01,1,7,0,0,3,9,1,0.0
202300031157,155 625 299,B01,2,50,0,2,1,1,3,0.0
202300031158,155 625 296,A01,2,7,0,2,2,15,1,0.0
202300031158,155 625 297,B01,1,7,0,2,3,1,1,0.0
202300031159,155 625 295,A01,2,7,15,0,1,1,1,0.0
202300031160,155 625 293,A01,2,33,0,2,1,1,1,0.0
202300031160,155 625 294,B01,1,7,0,2,2,15,1,0.0
202300031161,155 625 291,B01,1,33,0,2,1,1,1,0.0
202300031161,155 625 292,A01,2,7,0,2,2,15,1,0.0
202300031162,155 625 289,A01,1,7,0,2,1,1,0,0.0
202300031162,155 625 290,B01,2,1,0,2,8,1,5,0.0
202300031163,155 625 288,A01,2,33,0,0,7,1,1,0.0
202300031164,155 625 287,A01,1,33,13,0,1,17,1,0.0
202300031165,155 625 285,A01,2,7,0,2,1,15,1,0.0
202300031165,155 625 286,B01,1,2,0,2,1,1,1,0.0
202300031166,155 625 283,A01,1,7,0,2,2,19,1,0.0
202300031166,155 625 284,B01,1,33,0,2,1,1,1,0.0
202300031167,155 625 282,A01,2,33,13,0,1,1,1,0.0
202300031168,155 625 281,A01,1,31,0,0,0,1,1,0.0
202300031169,155 625 280,A01,0,43,3,0,2,1,1,0.0
202300031170,155 625 279,A01,3,2,12,0,7,1,1,0.0
202300031171,155 625 278,A01,2,33,0,0,0,1,1,0.0
202300031172,155 625 277,A01,1,7,2,0,1,1,1,0.0
202300031173,155 625 276,A01,2,1,0,0,0,1,5,0.0
202300031174,155 625 275,A01,2,7,0,1,2,1,0,0.0
202300031175,155 625 273,A01,1,33,0,2,1,17,0,0.0
202300031175,155 625 274,B01,1,7,0,0,6,1,0,0.0
202300031176,155 625 272,A01,1,21,0,0,1,1,1,0.0
202300031177,155 625 270,A01,1,7,0,0,2,1,1,0.0
202300031177,155 625 271,B01,1,1,0,2,6,1,5,0.0
202300031178,155 625 269,A01,1,7,7,0,3,15,1,0.0
202300031179,155 625 268,A01,2,7,2,0,0,1,1,0.0
202300031180,155 625 267,A01,2,7,3,0,7,9,0,0.0
202300031181,155 625 266,A01,1,33,8,0,1,1,1,0.0
202300031182,155 625 264,A01,3,2,0,2,7,1,1,0.0
202300031182,155 625 265,B01,3,7,0,2,3,15,1,0.0
202300031183,155 625 263,A01,1,7,0,1,3,1,1,0.0
202300031184,155 625 261,A01,1,7,0,2,3,17,1,0.0
202300031184,155 625 262,B01,2,2,0,2,1,1,1,0.0
202300031185,155 625 260,A01,1,7,6,0,0,26,1,0.0
202300031186,155 625 259,A01,1,7,13,0,3,0,1,0.0
202300031187,155 625 257,A01,1,7,0,2,3,19,1,0.0
202300031187,155 625 258,B01,1,33,0,2,8,1,1,0.0
202300031188,155 625 255,A01,1,10,16,0,1,1,1,0.0
202300031189,155 625 253,A01,2,34,0,2,2,3,1,0.0
202300031189,155 625 254,B01,2,7,0,2,6,15,1,0.0
202300031190,155 625 251,A01,3,7,0,2,1,26,0,0.0
202300031190,155 625 252,B01,3,31,0,2,4,2,1,0.0
202300031191,155 625 249,B01,2,33,0,2,8,1,1,0.0
202300031191,155 625 250,A01,2,7,0,2,3,15,1,0.0
202300031192,155 625 247,A01,3,30,0,2,1,2,1,0.0
202300031192,155 625 248,B01,3,7,0,2,1,9,1,0.0
202300031193,155 625 246,A01,1,50,12,0,2,1,3,0.0
202300031194,155 625 244,B01,1,1,0,2,1,1,5,0.0
202300031194,155 625 245,A01,1,33,0,2,2,10,1,0.0
202300031195,155 625 243,A01,3,7,9,0,1,15,1,0.0
202300031196,155 625 242,A01,1,7,4,0,3,26,1,0.0
202300031197,155 625 241,A01,2,7,14,0,1,19,1,0.0
202300031198,155 625 240,A01,2,7,4,0,3,21,1,0.0
202300031199,155 625 239,A01,1,33,0,0,0,1,1,0.0
202300031200,155 625 236,A01,2,7,4,2,1,2,1,0.0
202300031200,155 625 237,B01,2,7,4,2,4,2,1,0.0
202300031200,155 625 238,C01,2,7,4,2,6,2,1,0.0
202300031201,155 625 235,A01,2,7,3,0,2,14,1,0.0
202300031202,155 625 233,A01,2,7,0,2,2,14,2,0.0
202300031202,155 625 234,B01,2,34,0,2,4,1,3,0.0
202300031203,155 625 231,B01,1,7,0,2,6,1,1,0.0
202300031203,155 625 232,A01,1,31,0,2,1,17,1,0.0
202300031204,155 625 230,A01,1,7,0,1,1,16,1,0.0
202300031205,155 625 227,A01,1,7,0,2,2,2,1,0.0
202300031205,155 625 228,B01,1,1,0,2,8,9,5,0.0
202300031206,155 625 226,A01,3,2,12,0,1,0,3,0.0
202300031207,155 625 225,A01,3,7,0,1,1,9,1,0.0
202300031208,155 625 224,A01,2,33,0,0,1,1,1,0.0
202300031209,155 625 222,A01,0,7,0,0,1,17,1,0.0
202300031209,155 625 223,B01,0,7,0,0,1,1,1,0.0
202300031210,155 625 221,A01,1,2,0,0,0,1,1,0.0
202300031211,155 625 220,A01,1,7,0,1,2,16,1,0.0
202300031212,155 625 218,B01,1,50,0,2,1,1,3,0.0
202300031212,155 625 219,A01,2,7,0,2,1,15,0,0.0
202300031213,155 625 217,A01,2,1,0,1,1,1,5,0.0
202300031214,155 625 215,A01,2,10,0,2,3,15,1,0.0
202300031214,155 625 216,B01,2,31,0,2,7,3,1,0.0
202300031215,155 625 214,A01,2,10,0,1,6,26,1,0.0
202300031216,155 625 209,A01,3,10,0,2,1,1,1,0.0
202300031216,155 625 210,B01,2,60,0,2,1,5,5,0.0
202300031217,155 625 208,A01,3,7,0,1,1,1,1,0.0
202300031218,155 625 207,A01,1,10,0,1,1,15,1,0.0
202300031219,155 625 206,A01,1,10,0,1,1,1,1,0.0
202300031220,155 625 205,A01,2,7,0,1,2,1,1,0.0
202300031221,155 625 203,B01,2,7,0,2,2,15,1,0.0
202300031221,155 625 204,A01,1,7,0,2,3,1,3,0.0
202300031222,155 625 201,A01,2,30,0,2,1,1,1,0.0
202300031222,155 625 202,B01,1,7,0,2,0,16,1,0.0
202300031223,155 625 200,A01,1,7,12,0,1,1,1,0.0
202300031224,155 625 197,C01,2,7,8,0,1,23,1,0.0
202300031224,155 625 198,B01,2,7,1,2,1,2,1,0.0
202300031224,155 625 199,A01,2,7,1,2,4,2,1,0.0
202300031225,155 625 196,A01,3,7,0,1,2,1,3,0.0
202300031226,155 625 195,A01,2,37,0,1,6,1,1,1.0
202300031227,155 625 194,A01,1,50,0,2,2,1,1,0.0
202300031228,155 625 192,A01,2,7,0,2,1,1,1,0.0
202300031228,155 625 193,B01,1,7,0,2,4,2,1,0.0
202300031229,155 625 191,A01,1,7,0,1,1,1,1,0.0
202300031230,155 625 189,A01,3,7,0,2,3,15,1,0.0
202300031230,155 625 190,B01,3,7,0,2,3,16,1,0.0
202300031231,155 625 187,B01,3,7,0,2,1,15,1,0.0
202300031231,155 625 188,A01,3,7,0,2,1,1,1,0.0
202300031232,155 625 186,A01,3,7,0,1,1,15,1,0.0
202300031233,155 625 184,B01,2,7,0,2,1,1,1,0.0
202300031233,155 625 185,A01,1,7,0,2,6,1,1,0.0
202300031234,155 625 183,A01,1,10,0,1,1,15,1,0.0
202300031235,155 625 182,A01,1,7,0,1,1,1,1,0.0
202300031236,155 625 180,A01,1,7,0,2,3,16,1,0.0
202300031236,155 625 181,B01,1,7,0,2,2,1,1,0.0
202300031237,155 625 179,A01,1,7,0,0,9,1,1,0.0
202300031238,155 625 177,A01,1,7,0,2,2,15,1,0.0
202300031238,155 625 178,B01,1,50,0,2,1,5,3,0.0
202300031239,155 625 174,A01,1,7,0,2,1,2,1,0.0
202300031239,155 625 175,B01,1,7,0,2,1,0,1,0.0
202300031239,155 625 176,C01,1,7,0,2,4,2,1,0.0
202300031240,155 625 172,B01,1,7,0,0,0,0,1,0.0
202300031240,155 625 173,A01,1,7,0,2,1,19,1,0.0
202300031241,155 625 170,A01,3,7,0,2,4,1,0,0.0
202300031241,155 625 171,B01,3,7,0,2,1,1,0,0.0
202300031242,155 625 168,A01,1,7,0,2,1,1,1,0.0
202300031242,155 625 169,B01,1,7,0,2,3,15,1,0.0
202300031243,155 625 167,A01,1,7,14,0,1,1,1,0.0
202300031244,155 625 165,A01,2,7,0,2,3,16,1,0.0
202300031244,155 625 166,B01,2,50,0,2,5,1,3,0.0
202300031245,155 625 164,A01,1,7,0,1,1,1,1,0.0
202300031246,155 625 163,A01,1,7,0,1,2,1,1,0.0
202300031247,155 625 161,A01,0,7,0,2,8,23,1,0.0
202300031247,155 625 162,B01,0,50,0,2,2,1,3,0.0
202300031248,155 625 159,A01,1,7,0,2,2,1,1,0.0
202300031248,155 625 160,B01,1,3,0,2,1,1,1,0.0
202300031249,155 625 158,A01,1,37,0,1,0,26,1,1.0
202300031250,155 625 156,B01,2,7,0,2,8,1,1,0.0
202300031250,155 625 157,A01,2,7,0,2,7,1,1,0.0
202300031251,155 625 152,D01,1,7,0,2,1,0,1,0.0
202300031251,155 625 153,A01,1,7,0,2,1,2,1,0.0
202300031251,155 625 154,B01,1,7,0,2,4,2,1,0.0
202300031251,155 625 155,C01,1,7,0,2,1,2,1,0.0
202300031252,155 625 150,B01,1,10,0,2,4,20,1,0.0
202300031252,155 625 151,A01,1,2,0,2,0,1,1,0.0
202300031253,155 625 149,A01,2,10,0,1,3,0,1,0.0
202300031254,155 625 147,A01,1,2,0,2,7,1,1,0.0
202300031254,155 625 148,B01,2,7,0,2,1,13,1,0.0
202300031255,155 625 146,A01,1,10,0,1,2,1,1,0.0
202300031256,155 625 144,B01,3,14,0,2,1,1,1,0.0
202300031256,155 625 145,A01,3,7,0,2,7,1,1,0.0
202300031257,155 625 142,A01,1,7,0,2,3,15,1,0.0
202300031257,155 625 143,B01,2,33,8,2,1,1,1,0.0
202300031258,155 625 140,A01,2,7,0,2,1,1,1,0.0
202300031258,155 625 141,B01,3,1,0,2,4,1,5,0.0
202300031259,155 625 138,B01,1,13,0,2,8,1,1,0.0
202300031259,155 625 139,A01,1,7,3,2,7,14,1,0.0
202300031260,155 625 137,A01,2,7,0,0,9,26,1,0.0
202300031261,155 625 134,C01,1,7,0,2,4,1,0,0.0
202300031261,155 625 135,A01,1,7,0,2,1,1,1,0.0
202300031261,155 625 136,B01,1,7,0,2,4,1,1,0.0
202300031262,155 625 133,A01,0,7,0,1,3,15,0,0.0
202300031263,155 625 131,B01,1,1,0,2,4,1,5,0.0
202300031263,155 625 132,A01,2,7,0,2,1,1,1,0.0
202300031264,155 625 129,B01,3,7,0,2,4,23,2,0.0
202300031264,155 625 130,A01,3,7,0,2,1,1,1,0.0
202300031265,155 625 127,A01,0,7,0,2,3,1,1,0.0
202300031265,155 625 128,B01,3,1,0,2,1,15,5,0.0
202300031266,155 625 126,A01,0,7,0,1,3,1,1,0.0
202300031267,155 625 125,A01,1,7,4,0,3,13,1,0.0
202300031268,155 625 123,A01,0,7,0,2,1,1,1,0.0
202300031268,155 625 124,B01,0,7,0,2,2,1,1,0.0
202300031269,155 625 121,A01,2,7,1,2,2,14,1,0.0
202300031269,155 625 122,B01,2,30,0,2,1,1,1,0.0
202300031270,155 625 119,B01,1,10,0,2,1,1,1,0.0
202300031270,155 625 120,A01,1,50,0,2,8,15,3,0.0
202300031271,155 625 117,A01,1,7,0,2,2,10,0,0.0
202300031271,155 625 118,B01,1,33,0,2,1,1,0,0.0
202300031272,155 625 115,A01,0,7,12,0,1,13,1,0.0
202300031272,155 625 116,B01,0,10,12,0,1,1,1,0.0
202300031273,155 625 113,A01,3,7,0,2,1,5,1,0.0
202300031273,155 625 114,B01,3,7,0,2,1,2,1,0.0
202300031274,155 625 112,A01,1,7,0,1,1,16,0,0.0
202300031275,155 625 111,A01,1,80,0,1,1,0,3,0.0
202300031276,155 625 110,A01,3,7,0,1,3,15,1,0.0
202300031277,155 625 109,A01,3,7,0,1,1,1,1,0.0
202300031278,155 625 107,A01,2,7,0,2,2,2,1,0.0
202300031278,155 625 108,B01,2,7,0,2,6,1,1,0.0
202300031279,155 625 104,C01,2,7,0,2,4,1,1,0.0
202300031279,155 625 105,B01,2,14,0,2,8,1,1,0.0
202300031279,155 625 106,A01,2,32,0,2,2,18,1,0.0
202300031280,155 625 101,C01,2,7,0,2,5,1,3,0.0
202300031280,155 625 102,B01,2,10,0,2,8,1,1,0.0
202300031280,155 625 103,A01,2,32,0,2,7,13,1,0.0
202300031281,155 625 099,A01,2,10,0,2,2,1,1,0.0
202300031281,155 625 100,B01,3,50,0,2,8,19,3,0.0
202300031282,155 625 098,A01,2,7,0,1,3,1,1,0.0
202300031283,155 625 097,A01,2,33,0,0,8,1,1,0.0
202300031284,155 625 096,A01,1,37,0,1,2,1,1,1.0
202300031285,155 625 094,A01,3,7,0,2,7,15,3,0.0
202300031285,155 625 095,B01,3,34,0,2,7,15,1,0.0
202300031286,155 625 092,B01,1,7,0,2,3,15,2,0.0
202300031286,155 625 093,A01,1,7,0,1,2,17,1,0.0
202300031287,155 625 090,A01,1,7,0,2,1,17,1,0.0
202300031287,155 625 091,B01,1,43,0,2,1,1,1,0.0
202300031288,155 625 088,A01,1,1,0,2,1,1,5,0.0
202300031288,155 625 089,B01,1,80,0,2,4,1,3,0.0
202300031289,155 625 087,A01,2,50,0,1,1,1,3,0.0
202300031290,155 625 085,A01,1,33,0,2,3,17,1,0.0
202300031290,155 625 086,B01,2,33,0,2,3,17,1,0.0
202300031291,155 625 084,A01,1,7,1,0,1,1,1,0.0
202300031292,155 625 082,A01,1,2,0,2,4,26,3,0.0
202300031292,155 625 083,B01,1,10,0,2,3,26,0,0.0
202300031293,155 625 080,B01,1,34,0,2,1,2,1,0.0
202300031293,155 625 081,A01,1,7,0,2,3,15,1,0.0
202300031294,155 625 079,A01,2,7,0,1,3,15,1,0.0
202300031295,155 625 078,A01,3,7,0,1,3,15,1,0.0
202300031296,155 625 076,A01,3,7,0,2,1,26,1,0.0
202300031296,155 625 077,B01,3,10,1,0,4,24,1,0.0
202300031297,155 625 075,A01,2,3,0,0,0,1,0,0.0
202300031298,155 625 073,B01,1,1,0,2,1,0,5,0.0
202300031298,155 625 074,A01,3,3,0,9,4,2,0,0.0
202300031299,155 625 071,A01,2,7,0,2,3,15,1,0.0
202300031299,155 625 072,B01,2,43,0,2,2,17,1,0.0
202300031300,155 625 070,A01,1,0,0,1,0,7,0,0.0
202300031301,155 625 068,A01,2,10,0,9,8,22,1,0.0
202300031301,155 625 069,B01,2,1,1,0,1,1,5,0.0
202300031302,155 625 067,A01,1,7,0,1,0,2,0,0.0
202300031303,155 625 065,B01,2,33,0,2,3,1,1,0.0
202300031303,155 625 066,A01,3,7,0,2,1,15,1,0.0
202300031304,155 625 064,A01,2,7,0,1,7,2,0,0.0
202300031305,155 625 062,A01,2,2,0,2,1,1,1,0.0
202300031305,155 625 063,B01,1,7,0,2,2,15,1,0.0
202300031306,155 625 059,C01,2,7,0,2,4,23,1,0.0
202300031306,155 625 060,B01,2,7,0,2,2,17,1,0.0
202300031306,155 625 061,A01,2,7,0,2,1,1,1,0.0
202300031307,155 625 057,Z01,1,0,0,2,0,0,0,0.0
202300031307,155 625 058,B01,1,33,0,2,6,1,1,0.0
202300031308,155 625 053,C01,2,7,0,2,1,1,1,0.0
202300031308,155 625 054,B01,2,7,0,2,8,1,1,0.0
202300031308,155 625 055,A01,2,15,0,2,6,12,1,0.0
202300031308,155 625 056,D01,2,15,0,2,2,1,1,0.0
202300031309,155 625 051,A01,2,17,0,2,1,1,1,0.0
202300031309,155 625 052,B01,2,7,0,2,4,23,1,0.0
202300031310,155 625 050,A01,1,33,16,0,7,26,1,0.0
202300031311,155 625 046,A01,2,7,0,2,3,13,0,0.0
202300031311,155 625 048,B01,2,33,0,2,2,3,1,0.0
202300031312,155 625 045,A01,1,10,0,2,3,20,1,0.0
202300031312,155 625 047,B01,1,2,0,2,2,2,3,0.0
202300031313,155 625 042,B01,2,7,0,2,6,1,1,0.0
202300031313,155 625 043,A01,2,7,0,2,1,15,1,0.0
202300031314,155 625 041,A01,1,7,0,1,2,1,1,0.0
202300031315,155 625 039,A01,1,30,0,2,1,1,1,0.0
202300031315,155 625 040,B01,3,7,0,2,0,5,1,0.0
202300031316,155 625 037,B01,3,7,0,2,2,2,1,0.0
202300031316,155 625 038,A01,3,7,0,2,1,13,1,0.0
202300031317,155 625 036,A01,2,7,0,0,0,1,1,0.0
202300031318,155 625 034,A01,1,7,0,1,1,15,1,0.0
202300031319,155 625 032,A01,1,34,0,2,3,17,1,0.0
202300031319,155 625 033,B01,1,7,0,2,3,1,1,0.0
202300031319,155 625 035,C01,2,7,0,2,6,21,1,0.0
202300031320,155 625 030,A01,1,33,3,0,1,0,1,0.0
202300031321,155 625 029,A01,1,30,0,2,1,1,1,0.0
202300031321,155 625 031,B01,2,32,0,2,1,15,1,0.0
202300031322,155 625 028,A01,1,7,1,0,3,16,1,0.0
202300031323,155 625 025,A01,2,10,0,2,1,9,1,0.0
202300031323,155 625 027,B01,2,1,0,2,7,26,5,0.0
202300031324,155 625 024,A01,3,7,0,2,1,1,1,0.0
202300031324,155 625 026,B01,3,7,0,2,6,15,2,0.0
202300031325,155 625 022,A01,1,7,0,2,1,12,1,0.0
202300031325,155 625 023,B01,1,1,0,2,4,1,5,0.0
202300031326,155 625 019,A01,0,33,0,0,0,26,1,0.0
202300031327,155 625 016,A01,2,7,0,2,3,1,1,0.0
202300031327,155 625 018,B01,3,1,0,2,2,0,5,0.0
202300031328,155 625 015,A01,2,7,0,2,2,1,1,0.0
202300031328,155 625 017,B01,2,31,0,2,3,9,1,0.0
202300031329,155 625 014,A01,2,30,14,0,1,25,1,0.0
202300031330,155 625 012,A01,1,7,0,2,7,11,1,0.0
202300031330,155 625 013,B01,1,33,4,2,7,0,1,0.0
202300031331,155 625 009,B01,1,32,0,2,1,1,1,0.0
202300031331,155 625 010,A01,2,7,0,2,5,15,1,0.0
202300031332,155 625 008,A01,3,50,0,9,1,1,3,0.0
202300031333,155 625 007,A01,3,7,0,9,3,26,1,0.0
202300031334,155 625 005,A01,0,7,1,0,1,0,1,0.0
202300031334,155 625 006,B01,0,15,1,2,1,24,0,0.0
202300031335,155 625 004,A01,2,10,0,1,1,16,1,0.0
202300031336,155 625 003,A01,0,7,0,9,9,1,0,0.0
202300031337,155 625 002,A01,3,2,1,0,1,13,1,0.0
202300031338,155 624 999,A01,1,7,0,2,8,15,1,0.0
202300031338,155 625 001,B01,1,32,0,2,2,17,1,0.0
202300031339,155 625 000,A01,3,7,0,1,2,13,1,0.0
202300031340,155 624 997,A01,2,30,0,0,8,16,1,0.0
202300031341,155 624 996,B01,0,7,0,2,8,19,1,0.0
202300031341,155 624 998,A01,1,7,0,2,2,1,1,0.0
202300031342,155 624 994,A01,0,7,0,2,8,11,1,0.0
202300031342,155 624 995,B01,0,43,0,2,7,1,1,0.0
202300031343,155 624 992,A01,1,7,0,2,3,15,1,0.0
202300031343,155 624 993,B01,1,7,6,2,2,17,1,0.0
202300031344,155 624 991,A01,2,7,0,1,8,1,1,0.0
202300031345,155 624 989,A01,1,7,0,9,7,19,1,0.0
202300031345,155 624 990,B01,1,2,0,2,1,1,1,0.0
202300031346,155 624 988,A01,0,7,0,1,0,1,0,0.0
202300031347,155 624 986,A01,1,10,0,1,2,26,1,0.0
202300031348,155 624 978,A01,1,10,0,1,3,1,1,0.0
202300031349,155 624 974,A01,2,7,1,0,2,14,1,0.0
202300031349,155 624 976,B01,2,17,0,2,6,24,1,0.0
202300031350,155 624 975,B01,3,7,0,2,1,1,1,0.0
202300031350,155 624 977,A01,3,7,0,2,8,1,1,0.0
202300031351,155 624 972,A01,1,7,2,0,3,13,1,0.0
202300031352,155 624 969,A01,1,7,0,2,8,11,2,0.0
202300031352,155 624 971,B01,1,7,1,2,7,1,1,0.0
202300031352,155 624 973,C01,1,7,0,2,5,0,2,0.0
202300031353,155 624 968,A01,3,7,0,2,2,19,1,0.0
202300031353,155 624 970,B01,3,7,0,2,1,2,1,0.0
202300031354,155 624 964,A01,1,33,0,1,8,2,1,0.0
202300031355,155 624 963,B01,1,7,0,2,4,23,1,0.0
202300031355,155 624 965,A01,1,7,1,0,1,1,1,0.0
202300031356,155 624 961,B01,1,80,1,0,1,21,3,0.0
202300031356,155 624 962,A01,1,10,0,2,8,24,1,0.0
202300031357,155 624 959,B01,1,7,0,2,0,1,1,0.0