num_acc,id_vehicule,num_veh,senc,catv,obs,obsm,choc,manv,motor,occutc
202300031357,155 624 960,A01,0,7,0,2,0,0,1,0.0
202300031358,155 624 957,A01,1,7,0,2,3,13,1,0.0
202300031358,155 624 958,B01,2,7,0,2,3,0,1,0.0
202300031359,155 624 955,B01,1,7,0,2,1,1,1,0.0
202300031359,155 624 956,A01,2,7,0,2,1,17,1,0.0
202300031360,155 624 954,A01,1,7,8,0,2,16,1,0.0
202300031361,155 624 952,A01,0,7,0,2,7,2,1,0.0
202300031361,155 624 953,B01,0,7,0,2,6,2,1,0.0
202300031362,155 624 949,A01,1,7,0,2,2,22,1,0.0
202300031362,155 624 951,B01,1,1,0,2,1,1,5,0.0
202300031363,155 624 948,A01,1,2,0,2,1,1,1,0.0
202300031363,155 624 950,B01,3,7,0,2,1,1,1,0.0
202300031364,155 624 945,A01,2,7,9,0,1,1,1,0.0
202300031365,155 624 946,A01,3,10,0,2,4,20,1,0.0
202300031365,155 624 947,B01,3,1,0,2,1,1,5,0.0
202300031366,155 624 944,A01,2,7,0,1,1,1,1,0.0
202300031367,155 624 940,A01,1,7,0,2,1,2,3,0.0
202300031367,155 624 942,B01,1,7,0,2,4,23,1,0.0
202300031367,155 624 943,C01,1,7,0,2,4,23,1,0.0
202300031368,155 624 939,B01,1,50,0,2,1,15,3,0.0
202300031368,155 624 941,A01,2,7,0,9,1,1,1,0.0
202300031369,155 624 936,A01,2,1,1,2,0,1,5,0.0
202300031369,155 624 938,B01,2,7,0,2,0,22,1,0.0
202300031370,155 624 935,A01,1,7,0,2,1,1,1,0.0
202300031370,155 624 937,B01,2,7,0,2,1,1,1,0.0
202300031371,155 624 932,A01,1,7,0,2,1,1,1,0.0
202300031371,155 624 934,B01,1,1,0,2,7,1,5,0.0
202300031372,155 624 931,B01,1,7,0,2,2,1,1,0.0
202300031372,155 624 933,A01,1,7,0,2,3,1,1,0.0
202300031373,155 624 930,A01,0,7,0,1,1,15,0,0.0
202300031374,155 624 929,A01,2,7,6,0,1,15,1,0.0
202300031375,155 624 927,B01,1,33,0,2,7,1,1,0.0
202300031375,155 624 928,A01,1,7,0,2,1,1,1,0.0
202300031376,155 624 925,B01,2,7,0,2,8,1,1,0.0
202300031376,155 624 926,A01,1,50,0,2,1,15,3,0.0
202300031377,155 624 923,B01,1,32,0,2,4,1,1,0.0
202300031377,155 624 924,A01,1,7,0,2,0,0,0,0.0
202300031378,155 624 921,A01,1,7,0,2,2,1,1,0.0
202300031378,155 624 922,B01,1,31,0,2,3,2,1,0.0
202300031379,155 624 920,A01,2,7,4,0,9,13,1,0.0
202300031380,155 624 918,A01,1,7,0,1,6,15,1,0.0
202300031381,155 624 917,A01,1,7,0,2,3,13,1,0.0
202300031381,155 624 919,B01,2,7,0,2,2,1,1,0.0
202300031382,155 624 914,B01,3,7,0,2,4,11,1,0.0
202300031382,155 624 916,A01,3,7,0,2,1,1,1,0.0
202300031383,155 624 913,A01,2,14,0,2,1,1,1,0.0
202300031383,155 624 915,B01,1,7,0,2,1,13,1,0.0
202300031384,155 624 912,A01,2,7,9,2,9,2,0,0.0
202300031385,155 624 911,A01,1,7,13,0,2,2,1,0.0
202300031386,155 624 909,A01,1,15,3,0,8,1,1,0.0
202300031387,155 624 908,A01,2,7,0,2,3,16,1,0.0
202300031387,155 624 910,B01,1,7,0,2,3,1,1,0.0
202300031388,155 624 906,A01,1,7,0,2,3,1,1,0.0
202300031388,155 624 907,B01,2,7,0,2,3,21,1,0.0
202300031389,155 624 904,A01,2,7,0,2,1,2,1,0.0
202300031389,155 624 905,B01,2,7,0,2,4,1,1,0.0
202300031390,155 624 902,A01,1,1,0,2,1,2,5,0.0
202300031390,155 624 903,B01,1,1,0,2,4,2,5,0.0
202300031391,155 624 901,A01,1,10,0,1,3,1,1,0.0
202300031392,155 624 900,A01,1,7,13,0,2,21,0,0.0
202300031393,155 624 899,A01,2,7,0,1,1,1,0,0.0
202300031394,155 624 897,A01,2,7,13,2,3,0,1,0.0
202300031394,155 624 898,B01,1,7,0,2,3,0,1,0.0
202300031395,155 624 896,A01,1,7,16,0,7,14,1,0.0
202300031396,155 624 895,A01,1,2,0,0,0,0,1,0.0
202300031397,155 624 893,A01,1,7,0,2,7,15,1,0.0
202300031397,155 624 894,B01,1,32,0,2,7,1,1,0.0
202300031398,155 624 892,A01,2,7,6,0,1,0,1,0.0
202300031399,155 624 889,A01,2,7,0,2,1,15,1,0.0
202300031399,155 624 891,B01,2,7,0,2,1,1,1,0.0
202300031400,155 624 888,A01,2,7,0,2,1,0,1,0.0
202300031400,155 624 890,B01,2,7,2,0,4,2,1,0.0
202300031401,155 624 886,A01,1,33,0,0,9,1,1,0.0
202300031402,155 624 885,A01,1,7,0,2,1,26,1,0.0
202300031402,155 624 887,B01,1,2,0,2,4,23,1,0.0
202300031403,155 624 883,A01,1,7,0,1,1,1,1,0.0
202300031404,155 624 884,A01,2,7,2,0,3,1,1,0.0
202300031405,155 624 879,A01,1,7,0,2,1,1,1,0.0
202300031405,155 624 881,B01,0,7,0,2,1,1,1,0.0
202300031406,155 624 880,B01,1,1,0,2,4,16,5,0.0
202300031406,155 624 882,A01,1,7,0,2,2,16,1,0.0
202300031407,155 624 878,A01,1,1,0,0,0,1,5,0.0
202300031408,155 624 877,A01,2,7,4,0,3,1,1,0.0
202300031409,155 624 876,A01,1,7,13,0,1,0,1,0.0
202300031410,155 624 874,A01,3,17,0,2,1,16,1,0.0
202300031410,155 624 875,B01,1,7,0,2,1,1,1,0.0
202300031411,155 624 873,A01,2,7,0,1,4,4,1,0.0
202300031412,155 624 869,A01,1,7,0,0,3,26,1,0.0
202300031412,155 624 871,B01,2,30,0,0,1,0,1,0.0
202300031413,155 624 870,B01,3,2,0,2,1,1,1,0.0
202300031413,155 624 872,A01,0,7,0,2,3,15,1,0.0
202300031414,155 624 868,A01,2,7,1,0,2,0,0,0.0
202300031415,155 624 866,A01,0,7,0,0,5,1,1,0.0
202300031416,155 624 863,A01,1,7,14,0,9,1,1,0.0
202300031417,155 624 862,B01,3,7,0,2,1,1,1,0.0
202300031417,155 624 864,A01,3,7,0,2,1,13,1,0.0
202300031418,155 624 861,A01,2,33,0,0,9,1,1,0.0
202300031419,155 624 860,A01,3,7,0,1,3,1,1,0.0
202300031420,155 624 858,A01,2,33,6,2,3,1,1,0.0
202300031420,155 624 859,B01,1,7,0,2,6,9,1,0.0
202300031421,155 624 857,A01,1,7,0,1,2,16,1,0.0
202300031422,155 624 856,A01,2,7,0,1,2,1,1,0.0
202300031423,155 624 853,A01,1,7,2,0,7,13,1,0.0
202300031424,155 624 854,A01,3,7,0,2,1,9,1,0.0
202300031424,155 624 855,B01,3,7,0,2,4,9,1,0.0
202300031425,155 624 852,A01,0,33,1,0,1,1,1,0.0
202300031426,155 624 851,A01,2,7,0,1,1,1,1,0.0
202300031427,155 624 850,A01,2,7,9,0,1,1,1,0.0
202300031428,155 624 848,B01,2,7,8,2,1,15,2,0.0
202300031428,155 624 849,A01,2,7,0,2,1,18,1,0.0
202300031429,155 624 846,A01,3,7,0,2,3,15,1,0.0
202300031429,155 624 847,B01,0,33,0,1,7,17,1,0.0
202300031430,155 624 845,A01,1,7,0,1,1,1,1,0.0
202300031431,155 624 843,A01,1,7,0,2,7,17,0,0.0
202300031431,155 624 844,B01,1,1,0,0,8,1,5,0.0
202300031432,155 624 841,A01,1,7,14,0,1,14,1,0.0
202300031433,155 624 840,A01,2,1,0,2,1,5,5,0.0
202300031433,155 624 842,B01,1,7,0,2,1,1,1,0.0
202300031434,155 624 836,A01,1,10,0,2,1,1,1,0.0
202300031434,155 624 837,C01,1,7,0,2,4,1,1,0.0
202300031434,155 624 839,B01,1,7,0,2,4,1,1,0.0
202300031435,155 624 835,A01,1,31,0,2,1,13,1,0.0
202300031435,155 624 838,B01,2,7,0,2,3,1,1,0.0
202300031436,155 624 834,A01,1,7,0,0,0,1,1,0.0
202300031437,155 624 833,A01,1,7,0,1,3,15,1,0.0
202300031438,155 624 831,B01,1,7,13,2,4,1,1,0.0
202300031438,155 624 832,A01,1,43,0,2,1,1,1,0.0
202300031439,155 624 828,B01,1,2,0,2,1,1,1,0.0
202300031439,155 624 830,A01,1,10,0,2,4,26,1,0.0
202300031440,155 624 826,C01,1,7,0,2,3,21,1,0.0
202300031440,155 624 827,B01,1,7,0,2,5,1,1,0.0
202300031440,155 624 829,A01,2,7,0,0,0,13,0,0.0
202300031441,155 624 823,B01,2,7,0,2,1,1,0,0.0
202300031441,155 624 825,A01,2,7,8,2,1,19,1,0.0
202300031442,155 624 822,A01,1,7,0,2,3,1,1,0.0
202300031442,155 624 824,B01,2,33,0,2,3,13,1,0.0
202300031443,155 624 821,A01,1,30,0,1,0,17,1,0.0
202300031444,155 624 818,A01,1,7,0,2,8,5,1,0.0
202300031444,155 624 820,B01,2,7,0,2,3,1,1,0.0
202300031445,155 624 817,B01,2,32,0,2,1,17,1,0.0
202300031445,155 624 819,A01,2,7,0,2,4,1,1,0.0
202300031446,155 624 814,A01,2,7,0,0,0,0,1,0.0
202300031446,155 624 816,B01,2,36,0,0,9,0,1,0.0
202300031447,155 624 813,B01,2,33,0,2,1,1,1,0.0
202300031447,155 624 815,A01,2,7,0,2,8,15,1,0.0
202300031448,155 624 811,A01,1,7,13,0,9,1,1,0.0
202300031449,155 624 808,A01,2,10,0,2,2,17,1,0.0
202300031449,155 624 809,B01,2,1,0,0,4,2,5,0.0
202300031450,155 624 807,B01,1,7,0,2,7,1,1,0.0
202300031450,155 624 810,C01,2,7,14,0,1,0,1,0.0
202300031450,155 624 812,A01,3,7,0,2,1,15,1,0.0
202300031451,155 624 806,A01,2,33,0,0,9,15,1,0.0
202300031452,155 624 803,A01,2,2,7,0,0,0,1,0.0
202300031453,155 624 805,A01,1,34,0,1,1,2,1,0.0
202300031454,155 624 801,B01,1,30,0,2,7,3,1,0.0
202300031454,155 624 802,A01,1,7,0,2,3,19,1,0.0
202300031455,155 624 798,A01,3,7,0,2,1,16,1,0.0
202300031455,155 624 800,B01,3,7,0,2,7,1,1,0.0
202300031456,155 624 797,B01,1,1,0,2,3,15,5,0.0
202300031456,155 624 799,A01,1,7,0,2,2,17,0,0.0
202300031457,155 624 796,A01,1,33,0,0,0,1,1,0.0
202300031458,155 624 794,A01,3,7,0,2,3,1,1,0.0
202300031458,155 624 795,B01,3,7,0,2,3,13,1,0.0
202300031459,155 624 792,B01,1,7,0,2,1,1,0,0.0
202300031459,155 624 793,A01,2,7,0,2,1,13,0,0.0
202300031460,155 624 790,A01,3,7,0,0,6,15,1,0.0
202300031460,155 624 791,B01,2,33,0,2,1,1,1,0.0
202300031461,155 624 789,A01,2,10,13,0,3,13,1,0.0
202300031462,155 624 788,A01,2,1,3,0,9,21,5,0.0
202300031463,155 624 786,A01,3,7,1,1,1,5,1,0.0
202300031463,155 624 787,B01,3,7,1,0,6,20,1,0.0
202300031464,155 624 785,A01,2,1,0,6,1,1,5,0.0
202300031465,155 624 784,A01,1,7,2,0,7,1,1,0.0
202300031466,155 624 781,C01,2,1,0,0,1,1,5,0.0
202300031466,155 624 782,A01,2,1,0,5,1,1,5,0.0
202300031466,155 624 783,B01,2,1,16,0,1,1,5,0.0
202300031467,155 624 779,A01,2,7,0,2,2,15,1,0.0
202300031467,155 624 780,B01,1,1,0,2,1,1,5,0.0
202300031468,155 624 777,A01,2,7,0,2,3,1,1,0.0
202300031468,155 624 778,B01,2,2,0,2,1,1,1,0.0
202300031469,155 624 776,A01,0,7,0,0,0,0,0,0.0
202300031470,155 624 772,A01,1,7,0,9,3,17,1,0.0
202300031470,155 624 773,B01,1,1,0,2,8,1,5,0.0
202300031470,155 624 774,C01,1,1,0,2,8,1,5,0.0
202300031470,155 624 775,D01,1,1,0,2,8,1,5,0.0
202300031471,155 624 771,A01,2,3,0,0,8,13,1,0.0
202300031472,155 624 770,A01,2,33,0,0,8,15,1,0.0
202300031473,155 624 768,A01,1,7,16,2,1,2,1,0.0
202300031473,155 624 769,B01,1,7,0,0,4,1,1,0.0
202300031474,155 624 766,A01,2,7,0,2,3,0,1,0.0
202300031474,155 624 767,B01,1,7,0,2,3,0,1,0.0
202300031475,155 624 765,A01,1,33,0,0,9,1,1,0.0
202300031476,155 624 763,A01,1,2,0,2,1,13,1,0.0
202300031476,155 624 764,B01,2,7,0,2,2,1,1,0.0
202300031477,155 624 761,A01,1,2,0,1,1,0,3,0.0
202300031478,155 624 760,A01,1,14,0,1,3,1,1,0.0
202300031479,155 624 757,C01,2,7,0,0,4,1,1,0.0
202300031479,155 624 758,A01,2,7,15,2,7,14,1,0.0
202300031479,155 624 759,B01,2,7,0,2,8,1,1,0.0
202300031480,155 624 756,A01,2,7,3,0,1,21,1,0.0
202300031481,155 624 754,A01,1,7,0,2,5,2,1,0.0
202300031481,155 624 755,B01,1,33,0,2,1,2,1,0.0
202300031482,155 624 751,A01,2,7,0,2,1,2,1,0.0
202300031482,155 624 752,B01,2,7,0,0,4,2,2,0.0
202300031482,155 624 753,C01,2,7,0,0,8,2,1,0.0
202300031483,155 624 750,A01,3,33,14,0,1,1,1,0.0
202300031484,155 624 749,A01,1,33,5,0,0,1,1,0.0
202300031485,155 624 746,B01,2,7,0,2,4,1,1,0.0
202300031485,155 624 747,C01,2,7,0,2,4,1,1,0.0
202300031485,155 624 748,A01,2,7,0,2,1,1,1,0.0
202300031486,155 624 745,A01,3,10,13,0,2,14,1,0.0
202300031487,155 624 744,A01,1,7,0,1,3,21,1,0.0
202300031488,155 624 742,B01,1,7,0,2,1,1,1,0.0
202300031488,155 624 743,A01,2,10,0,2,3,13,1,0.0
202300031489,155 624 739,B01,1,13,16,2,5,1,1,0.0
202300031489,155 624 740,C01,2,7,0,2,1,1,1,0.0
202300031489,155 624 741,A01,1,10,0,2,1,1,1,0.0
202300031490,155 624 738,A01,1,7,2,0,1,1,1,0.0
202300031491,155 624 736,A01,1,32,0,2,1,2,1,0.0
202300031491,155 624 737,B01,1,32,0,2,6,2,1,0.0
202300031492,155 624 734,A01,2,33,0,2,1,17,1,0.0
202300031492,155 624 735,B01,2,7,0,2,3,15,0,0.0
202300031493,155 624 732,A01,1,7,0,2,8,11,1,0.0
202300031493,155 624 733,B01,1,50,0,2,1,1,3,0.0
202300031494,155 624 730,A01,2,7,0,2,3,13,0,0.0
202300031494,155 624 731,B01,1,33,13,2,3,1,1,0.0
202300031495,155 624 728,A01,3,7,0,2,1,13,1,0.0
202300031495,155 624 729,B01,3,10,0,2,6,0,1,0.0
202300031496,155 624 727,A01,3,7,0,0,0,0,1,0.0
202300031497,155 624 726,A01,2,2,0,0,9,1,1,0.0
202300031498,155 624 724,A01,1,33,12,2,5,1,1,0.0
202300031498,155 624 725,B01,3,7,0,2,5,26,1,0.0
202300031499,155 624 723,A01,0,7,6,0,1,2,0,0.0
202300031500,155 624 721,A01,2,7,0,2,3,13,1,0.0
202300031500,155 624 722,B01,1,7,0,2,3,1,1,0.0
202300031501,155 624 720,A01,3,7,0,1,5,4,1,0.0
202300031502,155 624 719,A01,3,50,0,0,1,1,3,0.0
202300031503,155 624 718,A01,1,7,6,0,3,2,0,0.0
202300031504,155 624 716,B01,1,31,0,2,1,1,1,0.0
202300031504,155 624 717,A01,3,7,0,2,3,19,1,0.0
202300031505,155 624 714,A01,1,7,0,2,0,0,1,0.0
202300031505,155 624 715,B01,1,1,0,2,0,13,5,0.0
202300031506,155 624 712,A01,3,7,0,2,3,15,1,0.0
202300031506,155 624 713,B01,3,1,0,2,8,1,5,0.0
202300031507,155 624 710,A01,1,7,0,0,4,2,2,0.0
202300031507,155 624 711,B01,1,2,0,2,1,2,1,0.0
202300031508,155 624 707,A01,1,7,0,2,8,1,1,0.0
202300031508,155 624 708,B01,1,7,0,2,3,1,1,0.0
202300031508,155 624 709,C01,1,7,0,2,1,9,1,0.0
202300031509,155 624 705,A01,2,7,0,2,1,2,1,0.0
202300031509,155 624 706,B01,2,7,0,2,4,2,1,0.0
202300031510,155 624 704,A01,1,43,14,0,1,1,1,0.0
202300031511,155 624 701,A01,1,99,0,2,3,1,1,0.0
202300031511,155 624 702,B01,1,7,0,2,4,1,1,0.0
202300031511,155 624 703,C01,1,7,0,2,4,1,1,0.0
202300031512,155 624 700,A01,1,33,16,0,8,1,1,0.0
202300031513,155 624 697,A01,2,34,0,2,7,1,1,0.0
202300031513,155 624 699,Z01,2,7,0,0,0,0,0,0.0
202300031514,155 624 696,A01,1,7,1,2,3,2,1,0.0
202300031514,155 624 698,Z01,2,17,0,2,3,0,0,0.0
202300031515,155 624 691,C01,2,7,0,2,4,1,1,0.0
202300031515,155 624 693,D01,2,7,0,2,4,1,1,0.0
202300031515,155 624 694,B01,2,7,0,2,1,1,1,0.0
202300031515,155 624 695,A01,2,7,0,2,1,1,1,0.0
202300031516,155 624 689,D01,1,7,0,2,8,1,1,0.0
202300031516,155 624 690,A01,1,7,0,2,1,13,1,0.0
202300031516,155 624 692,B01,2,7,0,2,8,1,1,0.0
202300031517,155 624 687,B01,2,7,0,0,5,0,1,0.0
202300031517,155 624 688,A01,2,7,0,2,1,1,1,0.0
202300031518,155 624 684,A01,2,7,4,0,9,26,1,0.0
202300031519,155 624 685,A01,2,7,0,2,1,2,0,0.0
202300031519,155 624 686,B01,2,7,0,2,4,1,1,0.0
202300031520,155 624 682,A01,3,7,6,0,1,1,0,0.0
202300031521,155 624 681,A01,1,7,0,2,7,0,1,0.0
202300031521,155 624 683,B01,1,7,0,2,0,1,1,0.0
202300031522,155 624 679,A01,1,7,0,1,2,0,0,0.0
202300031523,155 624 677,C01,2,33,0,2,3,21,1,0.0
202300031523,155 624 678,A01,2,7,0,2,3,1,1,0.0
202300031523,155 624 680,B01,2,7,0,2,2,12,1,0.0
202300031524,155 624 676,A01,2,7,0,1,1,16,1,0.0
202300031525,155 624 674,A01,1,36,0,2,3,13,1,0.0
202300031525,155 624 675,B01,2,7,0,2,3,1,1,0.0
202300031526,155 624 673,A01,1,7,15,0,2,14,1,0.0
202300031527,155 624 672,A01,3,7,0,1,4,4,1,0.0
202300031528,155 624 670,A01,3,10,0,1,1,1,1,0.0
202300031529,155 624 671,A01,1,32,0,1,1,1,1,0.0
202300031530,155 624 668,A01,1,7,0,2,3,9,1,0.0
202300031530,155 624 669,B01,1,7,0,2,0,0,1,0.0
202300031531,155 624 666,B01,2,7,0,2,2,1,1,0.0
202300031531,155 624 667,A01,1,7,5,0,8,15,2,0.0
202300031532,155 624 663,Z01,2,7,0,2,0,2,0,0.0
202300031532,155 624 664,B01,2,7,0,2,8,23,1,0.0
202300031532,155 624 665,C01,2,7,0,2,4,2,1,0.0
202300031533,155 624 659,A01,1,7,0,2,2,16,1,0.0
202300031533,155 624 661,B01,1,7,0,2,3,1,1,0.0
202300031534,155 624 660,A01,1,7,0,9,1,9,1,0.0
202300031534,155 624 662,B01,2,1,0,2,8,5,5,0.0
202300031535,155 624 658,A01,3,30,0,1,0,0,1,0.0
202300031536,155 624 657,A01,3,7,0,1,1,21,1,0.0
202300031537,155 624 655,A01,1,7,0,2,2,14,1,0.0
202300031537,155 624 656,B01,1,2,0,2,1,1,1,0.0
202300031538,155 624 651,A01,2,7,0,2,1,5,1,0.0
202300031538,155 624 653,B01,1,7,0,2,1,1,1,0.0
202300031539,155 624 652,B01,1,50,0,2,3,1,3,0.0
202300031539,155 624 654,A01,1,7,0,9,5,17,1,0.0
202300031540,155 624 649,B01,1,7,0,2,8,1,1,0.0
202300031540,155 624 650,A01,1,7,0,2,2,1,1,0.0
202300031541,155 624 647,A01,1,7,0,2,1,1,1,0.0
202300031541,155 624 648,B01,1,60,0,9,8,19,5,0.0
202300031542,155 624 646,A01,2,7,9,0,2,1,0,0.0
202300031543,155 624 640,A01,1,7,0,2,1,2,1,0.0
202300031543,155 624 644,B01,1,7,0,2,4,1,1,0.0
202300031544,155 624 634,A01,1,7,0,2,2,1,1,0.0
202300031544,155 624 635,B01,1,32,0,2,3,16,1,0.0
202300031545,155 624 633,A01,1,7,0,2,1,1,1,0.0
202300031545,155 624 636,B01,1,7,0,2,3,1,1,0.0
202300031546,155 624 631,A01,2,33,0,2,7,21,1,0.0
202300031546,155 624 632,B01,2,33,0,2,8,16,1,0.0
202300031547,155 624 629,B01,0,7,0,2,3,1,1,0.0
202300031547,155 624 630,A01,0,7,7,2,1,9,1,0.0
202300031548,155 624 628,A01,1,7,0,1,2,1,1,0.0
202300031549,155 624 627,A01,2,33,12,0,1,14,1,0.0
202300031550,155 624 625,B01,1,37,1,0,0,0,1,1.0
202300031550,155 624 626,A01,1,7,0,1,2,17,1,0.0
202300031551,155 624 623,A01,2,33,0,0,1,26,1,0.0
202300031552,155 624 622,A01,2,7,0,2,1,15,1,0.0
202300031552,155 624 624,B01,2,50,0,2,3,1,3,0.0
202300031553,155 624 621,A01,3,7,9,0,0,13,1,0.0
202300031554,155 624 618,A01,3,7,0,2,2,15,1,0.0
202300031554,155 624 619,B01,0,7,0,2,2,16,1,0.0
202300031555,155 624 617,B01,2,7,0,2,3,1,1,0.0
202300031555,155 624 620,A01,1,50,0,2,1,1,3,0.0
202300031556,155 624 614,A01,2,7,0,1,2,2,1,0.0
202300031557,155 624 613,A01,2,7,0,2,2,15,1,0.0
202300031557,155 624 615,B01,1,1,0,2,1,1,5,0.0
202300031558,155 624 612,A01,2,32,8,0,0,1,1,0.0
202300031559,155 624 609,A01,1,7,0,0,3,16,1,0.0
202300031559,155 624 610,B01,2,1,0,2,1,1,5,0.0
202300031560,155 624 608,A01,1,7,0,2,3,9,1,0.0
202300031560,155 624 611,B01,1,7,0,2,2,1,1,0.0
202300031561,155 624 606,A01,2,7,0,2,2,19,1,0.0
202300031561,155 624 607,B01,1,32,0,2,1,19,1,0.0
202300031562,155 624 605,A01,3,32,0,0,8,1,1,0.0
202300031563,155 624 604,A01,0,30,0,0,7,1,0,0.0
202300031564,155 624 602,A01,1,7,0,0,1,17,1,0.0
202300031565,155 624 601,B01,3,7,0,2,1,1,1,0.0
202300031565,155 624 603,A01,3,7,0,2,1,21,1,0.0
202300031566,155 624 600,A01,1,10,13,0,9,1,1,0.0
202300031567,155 624 597,A01,1,7,0,1,7,1,1,0.0
202300031568,155 624 596,A01,1,7,0,2,1,21,1,0.0
202300031568,155 624 598,B01,1,7,0,2,1,16,1,0.0
202300031568,155 624 599,C01,0,7,0,2,1,23,1,0.0
202300031569,155 624 594,Z01,1,7,0,1,1,26,0,0.0
202300031570,155 624 595,A01,1,7,6,0,2,13,1,0.0
202300031571,155 624 592,A01,1,2,0,2,1,1,1,0.0
202300031571,155 624 593,B01,1,7,0,2,8,16,1,0.0
202300031572,155 624 591,A01,3,7,1,1,2,26,1,0.0
202300031573,155 624 589,B01,2,50,0,2,0,0,3,0.0
202300031573,155 624 590,A01,2,7,0,2,2,16,1,0.0
202300031574,155 624 588,A01,3,7,0,1,5,1,1,0.0
202300031575,155 624 587,A01,1,7,1,0,2,1,1,0.0
202300031576,155 624 586,A01,3,7,0,1,1,26,1,0.0
202300031577,155 624 583,A01,1,14,0,2,1,2,0,0.0
202300031577,155 624 585,B01,1,7,0,2,4,1,1,0.0
202300031578,155 624 584,A01,2,7,0,1,2,1,1,0.0
202300031579,155 624 582,A01,2,2,0,0,7,1,1,0.0
202300031580,155 624 580,B01,2,50,0,2,1,1,3,0.0
202300031580,155 624 581,A01,2,7,0,2,6,10,1,0.0
202300031581,155 624 579,A01,1,1,0,0,0,26,5,0.0
202300031582,155 624 578,A01,2,30,1,0,1,1,1,0.0
202300031583,155 624 577,A01,2,37,0,1,2,1,3,1.0
202300031584,155 624 575,A01,1,7,0,2,2,15,1,0.0
202300031584,155 624 576,B01,0,33,0,2,1,1,1,0.0
202300031585,155 624 574,A01,2,10,0,0,0,0,1,0.0
202300031586,155 624 572,A01,1,7,0,2,3,15,1,0.0
202300031586,155 624 573,B01,1,32,0,2,2,1,1,0.0
202300031587,155 624 571,A01,1,7,0,0,1,0,1,0.0
202300031588,155 624 570,A01,3,7,0,1,1,16,1,0.0
202300031589,155 624 568,A01,3,7,0,2,1,1,1,0.0
202300031589,155 624 569,B01,3,7,0,2,4,23,1,0.0
202300031590,155 624 566,A01,1,33,16,0,8,1,1,0.0
202300031591,155 624 565,B01,2,1,12,0,8,13,5,0.0
202300031591,155 624 567,A01,2,7,0,9,7,17,1,0.0
202300031592,155 624 563,A01,1,50,0,2,5,26,3,0.0
202300031592,155 624 564,B01,1,7,0,2,3,2,1,0.0
202300031593,155 624 561,A01,1,7,0,0,0,1,1,0.0
202300031594,155 624 560,A01,3,10,0,1,2,1,2,0.0
202300031595,155 624 558,A01,1,7,0,2,1,13,1,0.0
202300031595,155 624 559,B01,2,7,0,2,1,0,1,0.0
202300031595,155 624 562,C01,2,7,1,2,3,0,1,0.0
202300031596,155 624 557,A01,1,32,0,0,2,0,0,0.0
202300031597,155 624 553,A01,2,2,0,2,1,5,1,0.0
202300031597,155 624 556,B01,3,7,0,2,8,23,1,0.0
202300031598,155 624 554,Z01,2,1,0,1,0,1,5,0.0
202300031599,155 624 552,A01,3,7,0,2,2,15,1,0.0
202300031599,155 624 555,B01,3,33,0,2,1,0,1,0.0
202300031600,155 624 550,A01,1,7,0,2,1,2,1,0.0
202300031600,155 624 551,B01,1,7,0,0,4,2,1,0.0
202300031601,155 624 546,A01,3,33,0,2,1,1,1,0.0
202300031601,155 624 549,Z01,3,7,0,2,4,11,0,0.0
202300031602,155 624 545,A01,1,31,0,2,1,13,1,0.0
202300031602,155 624 547,B01,2,1,0,2,1,1,5,0.0
202300031603,155 624 543,B01,1,30,0,2,1,16,1,0.0
202300031603,155 624 548,A01,2,7,0,2,2,15,1,0.0
202300031604,155 624 542,B01,1,7,0,2,7,14,1,0.0
202300031604,155 624 544,A01,1,33,0,2,8,3,1,0.0
202300031605,155 624 540,A01,3,7,0,1,7,20,2,0.0
202300031606,155 624 538,A01,1,1,0,2,1,1,5,0.0
202300031606,155 624 541,B01,1,1,0,2,3,1,5,0.0
202300031607,155 624 536,C01,-1,7,-1,2,2,-1,-1,0.0
202300031607,155 624 539,B01,0,7,0,1,3,1,1,0.0
202300031608,155 624 534,C01,2,7,0,2,3,1,1,0.0
202300031608,155 624 535,B01,2,7,0,2,9,1,1,0.0
202300031608,155 624 537,A01,2,7,0,2,8,11,1,0.0
202300031609,155 624 533,A01,1,7,8,0,2,1,1,0.0
202300031610,155 624 532,A01,2,7,0,1,4,4,1,0.0
202300031611,155 624 531,A01,0,7,2,0,1,0,1,0.0
202300031612,155 624 529,A01,2,43,0,0,8,18,1,0.0
202300031613,155 624 527,B01,1,10,0,2,4,23,1,0.0
202300031613,155 624 530,A01,1,7,0,2,1,26,1,0.0
202300031614,155 624 528,A01,1,7,8,1,1,16,1,0.0
202300031615,155 624 524,A01,3,99,9,0,3,6,1,0.0
202300031616,155 624 523,A01,3,7,0,2,3,9,1,0.0
202300031616,155 624 526,B01,3,7,0,2,2,1,1,0.0
202300031617,155 624 520,A01,1,7,0,2,1,17,1,0.0
202300031617,155 624 522,B01,1,10,0,2,4,1,1,0.0
202300031618,155 624 519,B01,1,7,0,2,4,2,1,0.0
202300031618,155 624 521,C01,1,7,0,2,4,2,1,0.0
202300031618,155 624 525,A01,1,10,0,2,1,2,1,0.0
202300031619,155 624 518,A01,2,30,0,0,0,1,1,0.0
202300031620,155 624 516,A01,2,15,3,0,7,1,1,0.0
202300031621,155 624 515,Z01,2,7,0,2,0,0,0,0.0
202300031621,155 624 517,A01,1,7,0,2,3,2,3,0.0
202300031622,155 624 513,A01,1,7,0,2,5,2,2,0.0
202300031622,155 624 514,B01,1,2,0,2,1,2,1,0.0
202300031623,155 624 509,A01,1,7,0,2,3,13,1,0.0