num_acc,id_vehicule,num_veh,senc,catv,obs,obsm,choc,manv,motor,occutc
202300031623,155 624 511,B01,2,7,0,2,9,1,0,0.0
202300031624,155 624 508,B01,1,33,0,2,1,17,1,0.0
202300031624,155 624 512,A01,1,7,0,2,8,15,1,0.0
202300031625,155 624 507,B01,3,1,0,0,0,0,5,0.0
202300031625,155 624 510,A01,3,7,0,2,1,1,1,0.0
202300031626,155 624 502,A01,1,7,0,1,1,26,1,0.0
202300031627,155 624 505,B01,2,7,0,2,3,1,3,0.0
202300031627,155 624 506,A01,1,32,0,2,3,13,3,0.0
202300031628,155 624 501,A01,1,31,0,2,7,18,1,0.0
202300031628,155 624 504,B01,2,1,0,2,2,1,5,0.0
202300031629,155 624 499,A01,1,33,0,6,2,1,1,0.0
202300031630,155 624 500,A01,2,7,0,2,2,15,1,0.0
202300031630,155 624 503,B01,1,33,0,2,2,17,1,0.0
202300031631,155 624 497,A01,1,37,0,1,1,15,1,1.0
202300031632,155 624 496,A01,1,2,0,1,3,1,1,0.0
202300031633,155 624 492,A01,1,7,0,2,4,0,0,0.0
202300031633,155 624 498,B01,1,7,0,2,1,1,1,0.0
202300031634,155 624 490,A01,1,7,0,2,1,2,1,0.0
202300031634,155 624 494,B01,1,7,0,2,4,2,1,0.0
202300031635,155 624 489,A01,2,7,0,2,2,12,1,0.0
202300031635,155 624 493,B01,2,31,0,2,1,3,1,0.0
202300031636,155 624 491,B01,0,31,0,2,1,0,1,0.0
202300031636,155 624 495,A01,0,7,0,2,3,15,1,0.0
202300031637,155 624 487,A01,1,7,0,2,0,2,1,0.0
202300031638,155 624 485,A01,0,10,0,1,1,1,3,0.0
202300031639,155 624 484,A01,2,80,0,2,2,14,3,0.0
202300031639,155 624 486,B01,1,7,0,2,3,9,0,0.0
202300031640,155 624 488,B01,1,50,0,0,0,21,3,0.0
202300031641,155 624 482,B01,1,10,0,2,5,2,1,0.0
202300031641,155 624 483,A01,1,33,0,2,5,2,1,0.0
202300031642,155 624 480,A01,2,33,12,0,1,6,1,0.0
202300031643,155 624 476,A01,2,7,0,2,3,1,1,0.0
202300031643,155 624 481,B01,0,1,0,2,1,1,5,0.0
202300031644,155 624 477,A01,1,33,3,0,8,1,1,0.0
202300031645,155 624 475,B01,1,7,0,2,3,15,1,0.0
202300031645,155 624 479,A01,1,2,0,2,2,17,1,0.0
202300031646,155 624 478,A01,1,7,0,1,2,15,1,0.0
202300031647,155 624 473,A01,3,7,0,2,8,15,1,0.0
202300031647,155 624 474,B01,3,33,0,2,7,2,1,0.0
202300031648,155 624 470,Z01,1,10,0,2,0,5,1,0.0
202300031648,155 624 472,B01,2,43,0,2,0,21,1,0.0
202300031649,155 624 469,A01,2,7,0,2,2,17,1,0.0
202300031649,155 624 471,B01,2,7,2,2,0,1,1,0.0
202300031650,155 624 467,A01,1,10,0,1,2,16,1,0.0
202300031651,155 624 468,A01,2,7,0,1,2,5,1,0.0
202300031652,155 624 465,B01,1,10,0,2,3,1,1,0.0
202300031652,155 624 466,A01,2,7,0,2,1,1,1,0.0
202300031653,155 624 462,A01,2,1,0,2,0,17,5,0.0
202300031653,155 624 464,B01,2,1,8,2,0,1,5,0.0
202300031654,155 624 461,A01,2,31,0,2,8,13,1,0.0
202300031654,155 624 463,B01,1,7,0,2,8,1,1,0.0
202300031655,155 624 460,A01,1,7,0,1,0,0,1,0.0
202300031656,155 624 458,A01,2,7,0,2,2,15,1,0.0
202300031656,155 624 459,B01,1,50,0,2,1,1,3,0.0
202300031657,155 624 455,A01,3,33,0,0,0,13,1,0.0
202300031658,155 624 454,A01,1,7,1,0,6,13,1,0.0
202300031658,155 624 456,B01,1,80,0,2,1,17,3,0.0
202300031659,155 624 453,A01,1,7,0,2,1,1,1,0.0
202300031659,155 624 457,B01,2,2,0,2,7,3,1,0.0
202300031660,155 624 452,A01,1,3,0,1,1,15,2,0.0
202300031661,155 624 450,A01,1,7,8,0,2,14,0,0.0
202300031662,155 624 449,A01,1,7,0,2,3,15,1,0.0
202300031662,155 624 451,B01,2,33,0,2,3,1,1,0.0
202300031663,155 624 447,A01,2,30,0,1,1,1,1,0.0
202300031664,155 624 446,A01,1,7,0,2,1,15,1,0.0
202300031664,155 624 448,B01,2,1,0,2,1,5,5,0.0
202300031665,155 624 441,B01,1,10,0,2,2,1,1,0.0
202300031665,155 624 445,A01,2,7,0,2,3,1,1,0.0
202300031666,155 624 442,A01,3,33,0,2,5,1,1,0.0
202300031666,155 624 444,B01,3,7,0,2,1,9,1,0.0
202300031667,155 624 440,A01,1,32,0,0,0,1,3,0.0
202300031668,155 624 436,B01,1,7,0,0,8,1,1,0.0
202300031668,155 624 439,C01,1,7,0,2,1,1,1,0.0
202300031668,155 624 443,A01,0,7,0,2,1,1,1,0.0
202300031669,155 624 437,B01,3,7,0,2,2,16,2,0.0
202300031669,155 624 438,A01,2,2,0,2,1,5,3,0.0
202300031670,155 624 433,A01,0,7,0,2,1,1,1,0.0
202300031670,155 624 435,B01,0,2,0,2,4,1,1,0.0
202300031671,155 624 434,A01,3,7,8,1,1,15,1,0.0
202300031672,155 624 432,A01,1,7,0,1,1,26,1,0.0
202300031673,155 624 430,A01,1,10,1,0,1,13,4,0.0
202300031674,155 624 429,A01,2,33,0,2,1,5,0,0.0
202300031674,155 624 431,B01,1,7,0,2,1,1,1,0.0
202300031675,155 624 427,A01,0,2,0,2,1,15,0,0.0
202300031675,155 624 428,B01,0,32,0,2,1,1,0,0.0
202300031676,155 624 426,A01,3,7,3,0,1,1,1,0.0
202300031677,155 624 425,A01,1,30,0,1,9,1,3,0.0
202300031678,155 624 422,B01,2,2,0,0,1,1,1,0.0
202300031678,155 624 424,A01,1,7,0,2,2,15,1,0.0
202300031679,155 624 420,B01,1,2,0,2,1,1,1,0.0
202300031679,155 624 423,A01,2,10,0,2,5,10,1,0.0
202300031680,155 624 421,A01,1,7,0,1,3,1,1,0.0
202300031681,155 624 417,A01,1,32,0,2,3,15,3,0.0
202300031681,155 624 419,B01,2,10,0,2,3,1,1,0.0
202300031682,155 624 414,B01,1,7,0,2,2,2,3,0.0
202300031682,155 624 416,A01,1,80,0,2,2,19,3,0.0
202300031683,155 624 413,A01,1,37,0,1,3,15,1,1.0
202300031684,155 624 410,A01,2,33,0,0,8,26,1,0.0
202300031685,155 624 409,B01,1,31,0,2,1,1,1,0.0
202300031685,155 624 412,A01,1,7,0,2,1,15,1,0.0
202300031686,155 624 406,A01,2,37,0,2,1,2,3,1.0
202300031686,155 624 408,B01,2,15,0,2,4,2,3,0.0
202300031686,155 624 411,C01,2,7,0,2,4,2,1,0.0
202300031687,155 624 405,A01,0,32,0,2,6,21,1,0.0
202300031687,155 624 407,B01,0,7,0,9,6,26,2,0.0
202300031688,155 624 404,A01,2,2,0,0,9,1,1,0.0
202300031689,155 624 403,A01,1,80,0,0,1,1,3,0.0
202300031690,155 624 402,A01,1,80,0,1,8,1,3,0.0
202300031691,155 624 400,A01,1,31,0,5,0,1,1,0.0
202300031692,155 624 398,A01,1,7,0,2,1,17,1,0.0
202300031692,155 624 401,B01,2,14,0,2,1,1,1,0.0
202300031693,155 624 397,B01,1,7,1,0,8,20,2,0.0
202300031693,155 624 399,A01,1,7,0,2,2,1,1,0.0
202300031694,155 624 396,A01,1,33,8,0,0,21,1,0.0
202300031695,155 624 393,A01,2,7,0,1,1,17,1,0.0
202300031696,155 624 391,A01,2,7,16,0,4,15,1,0.0
202300031696,155 624 395,B01,2,15,0,2,1,1,1,0.0
202300031697,155 624 392,A01,0,10,0,2,0,2,0,0.0
202300031697,155 624 394,B01,0,1,0,2,0,2,5,0.0
202300031698,155 624 390,A01,2,7,10,0,1,1,1,0.0
202300031699,155 624 388,A01,3,7,13,0,1,13,1,0.0
202300031700,155 624 387,A01,1,7,2,0,1,13,3,0.0
202300031701,155 624 385,A01,1,7,0,2,3,9,1,0.0
202300031701,155 624 389,B01,1,33,0,2,1,1,1,0.0
202300031702,155 624 382,A01,1,7,13,0,0,1,1,0.0
202300031703,155 624 381,A01,3,7,0,1,8,15,1,0.0
202300031704,155 624 380,B01,1,32,0,2,1,0,1,0.0
202300031704,155 624 383,A01,1,7,0,2,8,15,1,0.0
202300031705,155 624 378,C01,2,7,-1,2,1,1,1,0.0
202300031705,155 624 379,B01,2,7,0,2,4,23,1,0.0
202300031706,155 624 376,A01,0,7,0,1,1,26,1,0.0
202300031707,155 624 374,B01,2,7,0,2,3,13,1,0.0
202300031707,155 624 377,A01,1,2,0,2,8,1,1,0.0
202300031708,155 624 375,A01,3,7,0,1,2,16,1,0.0
202300031709,155 624 371,B01,3,50,0,2,8,2,3,0.0
202300031709,155 624 373,A01,3,7,0,2,2,16,2,0.0
202300031710,155 624 369,A01,3,7,0,2,1,2,1,0.0
202300031710,155 624 372,B01,3,10,0,2,4,1,1,0.0
202300031711,155 624 364,B01,1,50,0,2,5,14,3,0.0
202300031711,155 624 368,A01,1,7,0,9,6,13,1,0.0
202300031712,155 624 361,E01,3,10,0,2,4,1,1,0.0
202300031712,155 624 365,B01,3,7,0,2,5,1,1,0.0
202300031712,155 624 366,C01,3,7,0,2,8,0,1,0.0
202300031712,155 624 367,D01,3,7,0,2,4,1,1,0.0
202300031712,155 624 370,A01,3,10,0,2,3,26,1,0.0
202300031713,155 624 360,B01,3,50,0,2,8,19,3,0.0
202300031713,155 624 362,A01,1,7,0,2,1,16,1,0.0
202300031714,155 624 359,B01,2,7,0,2,8,15,1,0.0
202300031714,155 624 363,A01,1,7,0,2,1,1,1,0.0
202300031715,155 624 357,A01,2,7,7,0,1,14,1,0.0
202300031716,155 624 355,B01,1,31,0,2,0,0,1,0.0
202300031716,155 624 358,A01,1,7,0,2,0,0,1,0.0
202300031717,155 624 356,A01,2,10,8,0,1,26,1,0.0
202300031718,155 624 351,A01,3,10,8,0,1,1,1,0.0
202300031719,155 624 348,A01,3,7,0,2,3,1,1,0.0
202300031719,155 624 352,B01,3,7,0,2,2,1,1,0.0
202300031720,155 624 350,A01,1,2,0,1,2,17,1,0.0
202300031721,155 624 349,A01,2,33,0,2,1,1,1,0.0
202300031721,155 624 353,B01,2,10,0,2,3,1,1,0.0
202300031721,155 624 354,C01,2,7,0,2,5,23,1,0.0
202300031722,155 624 347,A01,1,7,0,1,7,1,1,0.0
202300031723,155 624 345,A01,1,7,2,0,1,13,1,0.0
202300031724,155 624 342,B01,2,7,9,2,1,5,1,0.0
202300031724,155 624 344,A01,1,7,8,2,1,15,1,0.0
202300031725,155 624 341,A01,3,7,0,2,2,1,1,0.0
202300031725,155 624 343,C01,3,7,0,2,3,23,1,0.0
202300031725,155 624 346,B01,3,7,0,2,1,1,1,0.0
202300031726,155 624 339,A01,1,7,8,0,1,1,1,0.0
202300031727,155 624 337,B01,1,33,0,0,8,0,1,0.0
202300031727,155 624 340,A01,1,10,0,0,8,0,1,0.0
202300031728,155 624 335,B01,1,33,0,2,0,0,1,0.0
202300031728,155 624 338,A01,1,7,0,2,8,10,0,0.0
202300031729,155 624 334,A01,2,7,0,2,3,15,3,0.0
202300031729,155 624 336,B01,1,32,0,2,1,2,1,0.0
202300031730,155 624 333,A01,1,7,0,1,6,1,1,0.0
202300031731,155 624 328,B01,3,7,0,2,8,19,1,0.0
202300031731,155 624 331,A01,0,43,0,2,8,9,1,0.0
202300031732,155 624 329,A01,1,7,15,0,1,0,1,0.0
202300031733,155 624 326,B01,0,7,0,0,6,1,1,0.0
202300031733,155 624 330,A01,0,7,0,2,1,0,1,0.0
202300031733,155 624 332,C01,0,10,0,2,1,1,1,0.0
202300031734,155 624 325,A01,2,7,0,2,1,1,1,0.0
202300031734,155 624 327,B01,2,7,0,2,4,1,1,0.0
202300031735,155 624 324,A01,2,30,0,1,1,1,1,0.0
202300031736,155 624 322,A01,2,7,4,9,2,1,0,0.0
202300031737,155 624 323,A01,0,33,0,0,7,24,1,0.0
202300031738,155 624 321,B01,2,50,0,1,1,1,3,0.0
202300031739,155 624 320,A01,2,33,0,0,1,1,1,0.0
202300031740,155 624 318,A01,2,1,13,0,2,14,5,0.0
202300031741,155 624 315,A01,3,7,0,2,1,0,1,0.0
202300031741,155 624 319,B01,3,7,0,2,1,0,1,0.0
202300031742,155 624 314,A01,3,7,0,2,3,9,1,0.0
202300031742,155 624 316,B01,3,33,0,2,1,1,1,0.0
202300031743,155 624 313,A01,1,30,0,2,1,1,1,0.0
202300031743,155 624 317,B01,3,7,0,2,8,1,1,0.0
202300031744,155 624 312,A01,1,7,3,0,9,0,1,0.0
202300031745,155 624 311,A01,3,7,13,0,3,1,1,0.0
202300031746,155 624 306,A01,1,7,3,0,2,1,1,0.0
202300031747,155 624 305,A01,2,7,0,2,2,1,1,0.0
202300031747,155 624 307,B01,2,7,0,2,5,1,2,0.0
202300031747,155 624 309,C01,1,7,0,2,3,1,1,0.0
202300031747,155 624 310,D01,1,7,0,2,1,1,1,0.0
202300031748,155 624 304,B01,2,7,0,2,2,1,1,0.0
202300031748,155 624 308,A01,2,7,1,2,8,20,1,0.0
202300031749,155 624 303,A01,0,33,12,0,7,1,1,0.0
202300031750,155 624 298,A01,0,33,0,2,1,1,4,0.0
202300031750,155 624 299,B01,0,7,0,2,8,15,4,0.0
202300031751,155 624 297,B01,3,2,0,2,3,1,1,0.0
202300031751,155 624 300,A01,3,7,0,2,5,16,1,0.0
202300031752,155 624 296,A01,1,7,0,2,1,14,1,0.0
202300031752,155 624 301,B01,1,17,0,0,4,1,1,0.0
202300031753,155 624 295,B01,3,2,0,2,2,1,1,0.0
202300031753,155 624 302,A01,3,7,0,2,8,7,1,0.0
202300031754,155 624 291,A01,1,2,15,0,3,0,1,0.0
202300031755,155 624 289,A01,3,7,0,2,2,5,2,0.0
202300031755,155 624 293,B01,3,1,0,2,8,5,5,0.0
202300031756,155 624 290,B01,1,7,0,2,1,12,1,0.0
202300031756,155 624 294,A01,2,31,0,2,7,11,1,0.0
202300031757,155 624 288,B01,2,7,0,0,4,2,1,0.0
202300031757,155 624 292,A01,2,7,0,2,1,2,1,0.0
202300031758,155 624 286,A01,2,7,0,9,1,0,1,0.0
202300031759,155 624 285,B01,1,7,0,2,1,1,1,0.0
202300031759,155 624 287,A01,1,10,0,2,2,9,3,0.0
202300031760,155 624 278,A01,1,7,0,1,1,1,1,0.0
202300031761,155 624 279,A01,2,7,0,2,3,9,2,0.0
202300031761,155 624 282,B01,2,7,0,2,5,1,1,0.0
202300031762,155 624 281,A01,1,10,0,2,1,15,1,0.0
202300031762,155 624 284,B01,1,10,14,0,1,1,1,0.0
202300031763,155 624 277,A01,1,31,0,2,1,1,0,0.0
202300031763,155 624 280,B01,2,33,0,2,1,1,0,0.0
202300031763,155 624 283,C01,2,7,0,2,1,1,0,0.0
202300031764,155 624 274,A01,2,7,0,1,1,1,1,0.0
202300031765,155 624 273,A01,3,7,0,2,0,2,0,0.0
202300031765,155 624 275,B01,3,50,0,2,0,2,3,0.0
202300031766,155 624 271,B01,2,50,0,2,1,1,3,0.0
202300031766,155 624 276,A01,1,7,0,9,3,9,1,0.0
202300031767,155 624 270,B01,1,2,0,2,1,1,1,0.0
202300031767,155 624 272,A01,1,7,0,2,8,15,1,0.0
202300031768,155 624 268,A01,2,33,13,0,0,1,1,0.0
202300031769,155 624 267,A01,2,30,0,0,1,26,1,0.0
202300031770,155 624 266,A01,2,7,0,2,0,22,1,0.0
202300031770,155 624 269,B01,2,1,0,2,0,2,5,0.0
202300031771,155 624 261,A01,2,7,0,2,3,13,1,0.0
202300031771,155 624 264,B01,1,15,0,2,1,1,1,0.0
202300031772,155 624 258,A01,2,7,0,2,0,0,0,0.0
202300031772,155 624 262,B01,3,1,0,2,7,1,5,0.0
202300031773,155 624 256,B01,2,7,0,2,2,23,1,0.0
202300031773,155 624 259,A01,1,7,6,2,8,1,1,0.0
202300031774,155 624 254,D01,1,15,0,2,1,2,1,0.0
202300031774,155 624 257,E01,1,15,0,2,1,2,1,0.0
202300031774,155 624 260,A01,1,7,0,2,4,2,1,0.0
202300031774,155 624 263,C01,1,13,0,2,1,2,1,0.0
202300031774,155 624 265,B01,1,7,0,0,0,9,1,0.0
202300031775,155 624 252,A01,2,7,13,0,1,14,1,0.0
202300031776,155 624 253,B01,1,33,0,2,1,0,1,0.0
202300031776,155 624 255,A01,1,7,0,0,6,10,1,0.0
202300031777,155 624 251,A01,2,7,15,0,1,14,0,0.0
202300031778,155 624 247,A01,1,7,0,2,3,9,1,0.0
202300031778,155 624 250,B01,1,1,0,2,5,2,5,0.0
202300031779,155 624 245,B01,1,7,0,2,3,1,1,0.0
202300031779,155 624 249,A01,2,7,0,2,2,15,1,0.0
202300031780,155 624 244,A01,2,10,0,2,3,13,1,0.0
202300031780,155 624 246,B01,1,10,0,2,3,1,1,0.0
202300031781,155 624 242,A01,3,7,0,2,1,5,1,0.0
202300031781,155 624 248,B01,3,7,0,2,4,1,1,0.0
202300031782,155 624 239,C01,1,7,0,2,1,1,3,0.0
202300031782,155 624 241,B01,1,7,0,2,3,1,1,0.0
202300031782,155 624 243,A01,2,7,0,2,1,0,3,0.0
202300031783,155 624 238,A01,2,7,13,0,1,21,1,0.0
202300031784,155 624 233,A01,3,99,0,0,8,19,1,0.0
202300031784,155 624 236,B01,2,33,0,2,1,1,1,0.0
202300031785,155 624 234,A01,1,7,0,2,1,1,1,0.0
202300031785,155 624 237,B01,2,7,0,2,1,1,1,0.0
202300031786,155 624 232,B01,2,31,0,2,1,1,1,0.0
202300031786,155 624 235,A01,1,7,0,2,3,9,1,0.0
202300031787,155 624 230,B01,1,1,8,2,1,2,5,0.0
202300031787,155 624 231,A01,1,10,0,2,7,14,1,0.0
202300031788,155 624 228,A01,2,7,4,0,7,1,1,0.0
202300031789,155 624 229,A01,1,7,2,0,1,13,1,0.0
202300031790,155 624 225,A01,1,36,13,0,1,14,1,0.0
202300031791,155 624 224,B01,2,10,0,2,3,19,1,0.0
202300031791,155 624 227,A01,2,7,0,2,3,1,1,0.0
202300031792,155 624 222,B01,1,10,0,2,3,1,1,0.0
202300031792,155 624 226,A01,1,10,0,2,1,13,1,0.0
202300031793,155 624 219,D01,1,7,0,2,1,2,1,0.0
202300031793,155 624 220,B01,1,7,0,2,4,2,1,0.0
202300031793,155 624 221,C01,1,7,0,2,4,2,3,0.0
202300031793,155 624 223,A01,1,10,0,0,4,2,1,0.0
202300031794,155 624 218,A01,1,7,2,0,2,1,6,0.0
202300031795,155 624 216,A01,1,33,0,0,9,17,1,0.0
202300031796,155 624 217,A01,3,7,2,0,2,1,1,0.0
202300031797,155 624 215,A01,1,7,0,1,2,1,1,0.0
202300031798,155 624 213,A01,1,7,3,0,1,1,1,0.0
202300031799,155 624 212,A01,2,7,0,0,2,0,1,0.0
202300031800,155 624 211,A01,2,7,0,2,1,1,1,0.0
202300031800,155 624 214,B01,2,7,0,2,1,13,1,0.0
202300031801,155 624 210,A01,1,7,6,0,8,13,6,0.0
202300031802,155 624 209,A01,2,7,0,1,3,2,1,0.0
202300031803,155 624 208,A01,2,32,13,0,7,1,1,0.0
202300031804,155 624 205,A01,3,80,0,1,0,21,3,0.0
202300031805,155 624 206,B01,1,10,3,2,1,1,1,0.0
202300031805,155 624 207,A01,2,7,3,2,1,13,1,0.0
202300031806,155 624 204,A01,1,7,0,1,2,2,1,0.0
202300031807,155 624 200,A01,3,2,0,0,2,1,0,0.0
202300031808,155 624 202,B01,2,7,0,2,4,23,1,0.0
202300031808,155 624 203,A01,1,15,0,2,1,2,1,0.0
202300031809,155 624 198,A01,2,7,15,0,1,5,1,0.0
202300031809,155 624 201,B01,1,7,0,0,1,1,1,0.0
202300031810,155 624 197,A01,1,10,2,0,1,0,1,0.0
202300031811,155 624 195,A01,2,33,13,0,2,1,1,0.0
202300031812,155 624 194,A01,3,7,13,0,1,1,1,0.0
202300031813,155 624 196,B01,2,33,0,0,8,1,1,0.0
202300031813,155 624 199,A01,3,10,0,2,1,1,1,0.0
202300031814,155 624 192,B01,1,7,0,2,3,1,1,0.0
202300031814,155 624 193,A01,2,7,0,2,3,13,1,0.0
202300031815,155 624 190,A01,2,7,2,0,1,17,1,0.0
202300031816,155 624 188,B01,0,2,0,0,4,0,1,0.0
202300031816,155 624 191,A01,3,2,0,2,1,0,1,0.0
202300031817,155 624 189,A01,3,7,2,0,3,16,1,0.0
202300031818,155 624 187,A01,3,7,0,0,0,0,1,0.0
202300031819,155 624 186,A01,1,33,13,0,1,13,1,0.0
202300031820,155 624 185,A01,1,1,0,0,0,1,5,0.0
202300031821,155 624 181,A01,1,7,13,0,9,0,1,0.0
202300031822,155 624 179,C01,1,2,0,2,1,1,1,0.0
202300031822,155 624 182,A01,2,7,0,2,2,17,1,0.0
202300031822,155 624 184,B01,2,10,0,2,6,23,1,0.0
202300031823,155 624 177,C01,2,10,0,2,3,1,1,0.0
202300031823,155 624 180,B01,2,7,3,2,1,1,1,0.0
202300031823,155 624 183,A01,1,7,0,2,1,13,1,0.0
202300031824,155 624 175,B01,2,33,0,2,1,1,1,0.0
202300031824,155 624 178,A01,1,7,0,2,2,19,1,0.0
202300031825,155 624 174,A01,2,33,13,0,1,0,1,0.0
202300031826,155 624 173,B01,2,7,0,0,0,2,1,0.0
202300031826,155 624 176,A01,2,7,0,0,0,2,1,0.0
202300031827,155 624 169,A01,3,7,0,2,2,1,1,0.0
202300031827,155 624 171,B01,3,7,0,2,2,15,1,0.0
202300031828,155 624 168,B01,3,1,0,2,1,1,5,0.0
202300031828,155 624 170,A01,0,7,0,2,1,1,0,0.0
202300031829,155 624 167,A01,2,7,15,2,2,1,1,0.0
202300031829,155 624 172,Z01,1,7,0,2,1,16,1,0.0
202300031830,155 624 165,B01,2,17,0,2,1,1,1,0.0
202300031830,155 624 166,A01,1,7,0,2,1,13,1,0.0
202300031831,155 624 163,A01,1,10,1,1,2,1,1,0.0
202300031832,155 624 162,A01,3,7,0,1,2,1,1,0.0
202300031833,155 624 161,A01,3,36,13,0,7,10,1,0.0
202300031834,155 624 160,A01,2,7,0,2,7,1,2,0.0
202300031834,155 624 164,B01,1,7,0,2,1,19,1,0.0
202300031835,155 624 158,A01,2,7,13,0,1,1,1,0.0
202300031836,155 624 157,A01,1,7,13,0,3,15,1,0.0
202300031837,155 624 156,A01,1,7,6,2,2,1,0,0.0
202300031837,155 624 159,B01,2,10,0,2,1,1,1,0.0
202300031838,155 624 154,B01,2,7,0,2,3,1,1,0.0
202300031838,155 624 155,A01,1,7,0,2,1,10,1,0.0
202300031839,155 624 152,A01,2,7,8,0,3,2,1,0.0
202300031840,155 624 151,A01,2,7,0,1,2,1,0,0.0
202300031841,155 624 150,A01,3,7,0,1,1,2,1,0.0
202300031842,155 624 148,A01,0,50,0,0,0,0,3,0.0
202300031843,155 624 147,A01,1,7,2,0,1,1,0,0.0
202300031844,155 624 146,B01,1,30,0,2,7,1,1,0.0
202300031844,155 624 149,A01,2,7,0,2,2,15,1,0.0
202300031845,155 624 144,B01,3,7,0,2,3,1,0,0.0
202300031845,155 624 145,A01,3,7,0,2,0,0,0,0.0
202300031846,155 624 139,B01,2,7,0,2,1,1,1,0.0
202300031846,155 624 142,A01,1,7,0,2,1,13,1,0.0
202300031847,155 624 140,A01,3,7,0,9,1,9,0,0.0
202300031847,155 624 143,B01,0,50,0,0,0,0,3,0.0
202300031848,155 624 136,A01,3,7,2,0,1,1,1,0.0
202300031849,155 624 137,B01,2,7,0,2,2,1,1,0.0
202300031849,155 624 141,A01,1,7,0,2,3,0,1,0.0
202300031850,155 624 134,A01,1,7,3,0,1,1,1,0.0
202300031851,155 624 135,B01,0,7,0,2,4,0,1,0.0
202300031851,155 624 138,A01,0,7,0,2,1,0,1,0.0
202300031852,155 624 131,A01,2,7,0,2,3,1,0,0.0
202300031852,155 624 133,B01,1,21,0,2,3,1,0,0.0
202300031853,155 624 129,A01,2,7,8,2,8,1,0,0.0
202300031853,155 624 132,B01,1,7,0,2,1,1,0,0.0
202300031854,155 624 127,A01,2,33,0,2,3,26,1,0.0
202300031854,155 624 130,B01,2,10,0,2,7,14,1,0.0
202300031855,155 624 126,A01,1,7,17,0,1,1,1,0.0
202300031856,155 624 125,A01,2,36,13,0,1,0,1,0.0
202300031857,155 624 119,A01,2,7,0,2,5,14,1,0.0
202300031857,155 624 123,B01,2,33,0,2,8,1,1,0.0
202300031858,155 624 121,A01,2,10,0,2,2,1,1,0.0
202300031858,155 624 124,B01,2,3,16,0,4,2,1,0.0
202300031859,155 624 116,A01,1,7,0,2,8,10,1,0.0
202300031859,155 624 118,B01,2,33,0,2,1,2,1,0.0
202300031859,155 624 120,C01,1,7,0,2,3,1,1,0.0
202300031860,155 624 110,C01,2,33,0,2,7,0,1,0.0
202300031860,155 624 114,B01,2,10,0,0,6,1,1,0.0
202300031860,155 624 115,A01,2,33,0,2,6,0,1,0.0
202300031861,155 624 109,A01,1,10,0,2,3,15,1,0.0
202300031861,155 624 113,B01,2,7,0,2,1,1,1,0.0
202300031862,155 624 107,E01,1,7,14,0,1,1,1,0.0
202300031862,155 624 111,B01,2,7,1,1,1,26,1,0.0
202300031862,155 624 117,C01,1,7,0,0,1,23,1,0.0
202300031862,155 624 122,D01,1,7,14,0,0,1,1,0.0
202300031863,155 624 105,A01,2,7,2,0,7,13,1,0.0
202300031864,155 624 104,A01,1,7,0,0,1,21,1,0.0
202300031865,155 624 101,D01,3,7,0,2,0,0,1,0.0
202300031865,155 624 103,C01,3,7,0,2,3,1,1,0.0
202300031865,155 624 108,B01,3,7,0,2,6,1,0,0.0
202300031865,155 624 112,A01,3,31,0,2,1,1,1,0.0
202300031866,155 624 100,A01,2,10,0,0,9,13,1,0.0
202300031867,155 624 097,A01,3,7,0,2,1,9,1,0.0
202300031867,155 624 099,B01,1,33,0,0,7,1,1,0.0
202300031868,155 624 096,B01,2,7,0,2,5,11,1,0.0
202300031868,155 624 098,A01,2,33,0,2,1,3,1,0.0
202300031869,155 624 094,A01,3,7,0,2,8,21,1,0.0
202300031870,155 624 093,A01,3,10,0,2,6,19,1,0.0
202300031870,155 624 095,B01,1,43,0,2,1,1,1,0.0
202300031871,155 624 090,A01,1,7,0,2,2,0,1,0.0
202300031871,155 624 092,B01,1,31,0,0,4,0,1,0.0
202300031872,155 624 085,A01,1,10,8,0,6,16,1,0.0
202300031872,155 624 088,B01,1,7,0,2,2,1,1,0.0
202300031873,155 624 086,A01,3,31,0,2,2,17,0,0.0
202300031873,155 624 089,B01,3,13,0,2,3,1,0,0.0
202300031874,155 624 084,B01,2,33,0,2,1,3,1,0.0
202300031874,155 624 087,C01,2,7,0,2,6,1,1,0.0
202300031874,155 624 091,A01,2,7,0,2,2,12,0,0.0
202300031875,155 624 083,A01,1,7,13,0,1,0,1,0.0
202300031876,155 624 081,A01,3,7,0,2,1,1,1,0.0
202300031876,155 624 082,B01,3,31,0,2,1,1,1,0.0
202300031877,155 624 077,A01,1,33,0,2,2,3,1,0.0
202300031877,155 624 080,B01,1,10,0,2,6,2,1,0.0
202300031878,155 624 076,A01,2,33,0,2,1,17,1,0.0
202300031878,155 624 078,B01,1,7,0,2,1,1,1,0.0
202300031879,155 624 073,A01,1,7,0,2,2,2,1,0.0
202300031879,155 624 075,B01,1,7,0,0,6,2,1,0.0
202300031880,155 624 074,B01,1,7,0,2,2,2,1,0.0
202300031880,155 624 079,A01,2,7,0,2,1,19,1,0.0
202300031881,155 624 071,A01,1,7,0,1,3,1,0,0.0
202300031882,155 624 069,B01,1,7,0,2,8,1,1,0.0
202300031882,155 624 072,A01,1,33,0,2,7,3,1,0.0
202300031883,155 624 067,A01,2,7,0,2,2,17,1,0.0
202300031883,155 624 070,B01,2,1,0,2,8,15,5,0.0