num_acc,id_vehicule,num_veh,senc,catv,obs,obsm,choc,manv,motor,occutc
202300031884,155 624 068,A01,1,7,0,1,3,1,1,0.0
202300031885,155 624 064,A01,3,10,0,1,3,1,1,0.0
202300031886,155 624 062,A01,2,7,0,2,1,2,1,0.0
202300031886,155 624 065,B01,2,2,0,0,4,2,1,0.0
202300031887,155 624 063,A01,2,7,0,2,1,1,1,0.0
202300031887,155 624 066,B01,2,7,0,2,4,1,1,0.0
202300031888,155 624 059,A01,1,7,9,0,7,1,1,0.0
202300031889,155 624 056,A01,2,1,0,2,8,1,5,0.0
202300031889,155 624 060,B01,1,38,0,2,8,23,1,1.0
202300031890,155 624 055,A01,2,33,4,2,1,2,1,0.0
202300031890,155 624 057,B01,2,7,4,2,8,11,1,0.0
202300031891,155 624 052,A01,1,1,0,2,1,1,5,0.0
202300031891,155 624 054,B01,2,1,0,2,1,9,5,0.0
202300031892,155 624 049,B01,2,33,0,2,1,11,1,0.0
202300031892,155 624 051,A01,2,7,0,2,1,11,1,0.0
202300031893,155 624 045,B01,1,7,0,2,4,2,1,0.0
202300031893,155 624 048,C01,1,7,0,2,4,2,1,0.0
202300031893,155 624 050,D01,1,7,0,0,4,1,1,0.0
202300031893,155 624 053,A01,1,10,0,2,2,2,1,0.0
202300031894,155 624 043,A01,3,7,0,2,3,15,1,0.0
202300031894,155 624 047,B01,3,7,0,2,3,1,1,0.0
202300031895,155 624 041,A01,2,31,3,0,5,1,1,0.0
202300031896,155 624 037,A01,3,32,0,2,2,17,1,0.0
202300031896,155 624 039,B01,3,7,0,2,8,11,1,0.0
202300031896,155 624 042,C01,3,10,0,2,2,1,1,0.0
202300031897,155 624 038,A01,2,10,0,2,1,2,1,0.0
202300031897,155 624 040,C01,2,7,0,2,4,2,1,0.0
202300031897,155 624 044,D01,2,17,0,2,4,2,1,0.0
202300031897,155 624 046,B01,2,7,0,2,4,2,1,0.0
202300031898,155 624 034,A01,1,7,0,2,1,2,1,0.0
202300031898,155 624 035,B01,1,3,0,0,4,2,1,0.0
202300031899,155 624 033,A01,2,7,0,0,4,1,1,0.0
202300031899,155 624 036,B01,2,7,0,2,1,1,1,0.0
202300031900,155 624 029,A01,2,7,6,9,7,13,1,0.0
202300031901,155 624 031,A01,1,34,0,1,1,26,1,0.0
202300031902,155 624 030,A01,2,7,0,2,1,11,1,0.0
202300031902,155 624 032,B01,2,17,0,2,4,1,1,0.0
202300031903,155 624 027,A01,2,7,10,0,2,1,1,0.0
202300031904,155 624 026,A01,1,7,0,2,6,13,1,0.0
202300031904,155 624 028,B01,2,7,0,2,3,1,1,0.0
202300031905,155 624 021,A01,2,7,2,0,1,0,1,0.0
202300031906,155 624 020,A01,1,7,0,2,7,9,1,0.0
202300031906,155 624 025,B01,3,7,0,2,3,12,1,0.0
202300031907,155 624 019,C01,2,32,4,2,8,3,1,0.0
202300031907,155 624 023,B01,2,33,4,2,1,3,1,0.0
202300031907,155 624 024,A01,2,7,4,2,7,14,1,0.0
202300031908,155 624 018,B01,1,80,0,2,2,1,3,0.0
202300031908,155 624 022,A01,1,7,0,2,3,9,1,0.0
202300031909,155 624 016,A01,3,7,0,2,1,13,1,0.0
202300031909,155 624 017,B01,3,7,0,2,2,1,1,0.0
202300031910,155 624 006,A01,0,7,0,0,4,1,1,0.0
202300031910,155 624 010,B01,0,7,0,2,1,1,1,0.0
202300031911,155 624 009,B01,3,7,0,0,4,2,1,0.0
202300031911,155 624 012,A01,3,7,0,2,1,2,1,0.0
202300031912,155 624 008,C01,2,10,0,2,4,2,1,0.0
202300031912,155 624 011,B01,2,10,0,2,4,2,1,0.0
202300031912,155 624 014,A01,2,7,0,2,1,2,1,0.0
202300031913,155 624 007,A01,1,15,4,2,1,13,1,0.0
202300031913,155 624 013,B01,1,7,0,2,2,1,2,0.0
202300031913,155 624 015,C01,1,14,0,2,7,1,1,0.0
202300031914,155 624 001,B01,1,7,4,2,8,1,1,0.0
202300031914,155 624 004,A01,1,15,0,2,7,12,1,0.0
202300031915,155 624 000,A01,2,7,0,2,3,13,1,0.0
202300031915,155 624 003,B01,1,7,0,2,3,1,1,0.0
202300031916,155 623 999,A01,2,7,0,2,2,1,0,0.0
202300031916,155 624 005,B01,2,10,0,2,3,16,1,0.0
202300031917,155 623 998,A01,1,7,3,0,1,1,1,0.0
202300031917,155 624 002,B01,1,7,3,0,4,1,1,0.0
202300031918,155 623 995,B01,1,33,0,2,1,26,1,0.0
202300031918,155 623 997,A01,2,3,0,2,3,19,1,0.0
202300031919,155 623 993,A01,0,7,0,1,7,1,1,0.0
202300031920,155 623 991,A01,2,7,0,2,6,18,1,0.0
202300031920,155 623 996,B01,2,15,0,2,2,12,1,0.0
202300031921,155 623 992,B01,1,7,0,2,6,12,1,0.0
202300031921,155 623 994,A01,1,33,0,2,2,3,1,0.0
202300031922,155 623 986,A01,1,32,0,1,1,1,1,0.0
202300031923,155 623 987,A01,1,3,6,0,1,1,1,0.0
202300031924,155 623 984,A01,2,10,0,2,5,12,1,0.0
202300031924,155 623 988,B01,2,7,12,2,3,12,1,0.0
202300031925,155 623 982,B01,1,10,0,2,4,2,1,0.0
202300031925,155 623 983,A01,1,7,0,2,1,2,1,0.0
202300031925,155 623 985,C01,1,15,0,2,6,2,1,0.0
202300031926,155 623 978,A01,1,7,0,1,2,15,1,0.0
202300031927,155 623 973,B01,2,7,0,2,1,0,1,0.0
202300031927,155 623 977,C01,2,7,0,2,0,0,1,0.0
202300031927,155 623 980,D01,2,7,0,2,0,0,4,0.0
202300031927,155 623 981,Z01,1,7,0,2,0,0,1,0.0
202300031928,155 623 975,A01,3,7,0,2,5,15,1,0.0
202300031928,155 623 979,B01,1,2,0,2,1,1,1,0.0
202300031929,155 623 972,A01,1,17,0,2,1,1,1,0.0
202300031929,155 623 974,B01,1,7,0,2,4,23,1,0.0
202300031929,155 623 976,C01,1,7,0,2,4,23,1,0.0
202300031930,155 623 968,B01,1,32,0,2,1,18,1,0.0
202300031930,155 623 971,A01,1,7,0,2,5,16,1,0.0
202300031931,155 623 965,A01,1,7,0,2,7,12,1,0.0
202300031931,155 623 969,B01,1,34,0,2,8,3,1,0.0
202300031932,155 623 964,A01,1,7,0,2,4,1,1,0.0
202300031932,155 623 967,B01,1,7,0,2,4,1,1,0.0
202300031932,155 623 970,C01,1,7,0,2,8,1,1,0.0
202300031933,155 623 962,A01,1,7,3,0,0,1,1,0.0
202300031934,155 623 960,A01,2,7,4,0,3,13,1,0.0
202300031935,155 623 961,A01,2,7,0,1,5,20,1,0.0
202300031936,155 623 963,A01,2,10,0,2,2,19,1,0.0
202300031936,155 623 966,B01,2,10,0,2,3,1,1,0.0
202300031937,155 623 957,A01,1,7,3,0,1,1,1,0.0
202300031938,155 623 955,A01,2,33,0,2,0,3,1,0.0
202300031938,155 623 958,B01,2,7,0,0,2,0,0,0.0
202300031938,155 623 959,C01,2,7,0,0,4,0,1,0.0
202300031939,155 623 953,A01,2,7,0,2,1,1,1,0.0
202300031939,155 623 956,B01,1,7,0,2,1,1,1,0.0
202300031940,155 623 952,A01,1,32,0,2,7,1,1,0.0
202300031940,155 623 954,Z01,3,7,0,2,1,15,1,0.0
202300031941,155 623 951,A01,1,10,4,0,3,26,1,0.0
202300031942,155 623 949,A01,2,7,6,0,1,15,1,0.0
202300031943,155 623 945,B01,1,33,0,2,7,3,1,0.0
202300031943,155 623 948,A01,1,7,0,2,8,11,1,0.0
202300031944,155 623 943,B01,1,7,0,2,6,2,1,0.0
202300031944,155 623 947,A01,1,7,0,2,1,2,1,0.0
202300031944,155 623 950,C01,1,7,0,2,4,1,1,0.0
202300031945,155 623 941,B01,2,32,0,2,8,3,1,0.0
202300031946,155 623 937,A01,3,33,0,2,5,2,1,0.0
202300031946,155 623 939,B01,1,7,0,2,5,2,2,0.0
202300031947,155 623 936,A01,1,7,0,2,1,0,1,0.0
202300031947,155 623 940,B01,2,7,0,2,1,0,1,0.0
202300031947,155 623 942,C01,1,7,0,2,3,0,1,0.0
202300031948,155 623 934,A01,2,42,0,0,0,0,1,0.0
202300031949,155 623 933,B01,1,7,0,2,1,1,1,0.0
202300031949,155 623 935,A01,1,7,0,2,4,23,1,0.0
202300031949,155 623 938,C01,1,7,0,2,2,21,1,0.0
202300031950,155 623 931,A01,1,10,9,0,1,1,0,0.0
202300031951,155 623 930,B01,1,7,0,2,4,1,1,0.0
202300031951,155 623 932,A01,1,10,0,2,1,1,1,0.0
202300031952,155 623 928,A01,2,1,0,2,8,15,5,0.0
202300031952,155 623 929,B01,2,50,0,2,2,17,3,0.0
202300031953,155 623 926,A01,3,7,6,0,3,13,1,0.0
202300031954,155 623 923,C01,1,7,3,2,0,21,1,0.0
202300031954,155 623 925,A01,1,7,3,2,1,2,1,0.0
202300031954,155 623 927,B01,1,7,3,2,4,2,1,0.0
202300031955,155 623 922,A01,1,33,0,2,3,17,1,0.0
202300031955,155 623 924,B01,2,99,0,2,3,15,1,0.0
202300031956,155 623 919,A01,1,33,0,2,7,1,1,0.0
202300031956,155 623 921,B01,1,7,0,2,4,4,1,0.0
202300031957,155 623 918,A01,3,7,0,1,1,1,1,0.0
202300031958,155 623 916,A01,3,2,0,2,1,1,1,0.0
202300031958,155 623 920,B01,3,10,0,2,4,1,1,0.0
202300031959,155 623 914,B01,1,10,4,2,8,1,1,0.0
202300031959,155 623 915,A01,1,10,4,2,1,2,1,0.0
202300031959,155 623 917,C01,1,7,4,2,7,14,1,0.0
202300031960,155 623 910,A01,1,7,1,1,2,17,1,0.0
202300031961,155 623 908,B01,3,7,0,2,2,1,1,0.0
202300031961,155 623 912,A01,3,10,0,2,3,9,1,0.0
202300031962,155 623 911,A01,3,30,0,2,7,1,1,0.0
202300031962,155 623 913,B01,3,7,0,2,8,22,1,0.0
202300031963,155 623 903,A01,3,7,1,2,1,2,1,0.0
202300031963,155 623 905,B01,3,7,0,2,4,2,1,0.0
202300031964,155 623 902,A01,1,50,0,1,2,25,3,0.0
202300031965,155 623 901,A01,1,7,4,2,1,2,1,0.0
202300031965,155 623 906,B01,1,10,4,2,4,2,1,0.0
202300031965,155 623 907,C01,1,7,4,2,4,2,1,0.0
202300031965,155 623 909,D01,1,7,4,2,4,2,1,0.0
202300031966,155 623 904,A01,1,7,0,1,3,15,1,0.0
202300031967,155 623 900,A01,1,7,0,1,1,1,1,0.0
202300031968,155 623 897,A01,1,7,0,2,3,1,2,0.0
202300031968,155 623 898,B01,1,7,0,0,5,1,1,0.0
202300031969,155 623 895,B01,2,7,0,2,3,1,1,0.0
202300031969,155 623 899,A01,1,1,0,2,1,1,5,0.0
202300031970,155 623 896,A01,2,50,0,1,2,21,3,0.0
202300031971,155 623 893,A01,2,7,0,2,1,15,1,0.0
202300031971,155 623 894,B01,2,32,0,2,1,1,1,0.0
202300031972,155 623 891,B01,1,33,0,2,9,21,1,0.0
202300031972,155 623 892,A01,1,33,0,2,9,26,1,0.0
202300031973,155 623 889,A01,1,7,0,1,8,1,2,0.0
202300031974,155 623 887,A01,2,7,0,1,3,1,1,0.0
202300031975,155 623 885,A01,1,7,0,2,1,13,1,0.0
202300031975,155 623 888,B01,2,7,0,2,1,1,1,0.0
202300031975,155 623 890,C01,2,10,0,2,3,1,1,0.0
202300031976,155 623 884,A01,1,7,0,2,1,1,1,0.0
202300031976,155 623 886,B01,1,7,0,2,4,1,1,0.0
202300031977,155 623 881,A01,2,14,0,2,7,1,1,0.0
202300031977,155 623 883,B01,1,80,0,2,8,19,3,0.0
202300031978,155 623 880,A01,1,1,0,2,0,0,5,0.0
202300031978,155 623 882,B01,2,7,0,9,8,1,1,0.0
202300031979,155 623 878,A01,1,30,0,2,1,1,1,0.0
202300031979,155 623 879,B01,1,7,0,2,4,23,1,0.0
202300031980,155 623 876,A01,1,7,0,2,1,2,1,0.0
202300031980,155 623 877,B01,1,7,0,2,4,2,1,0.0
202300031981,155 623 872,B01,2,7,0,2,2,15,1,0.0
202300031981,155 623 875,A01,1,32,0,2,1,1,1,0.0
202300031982,155 623 870,A01,1,7,0,2,4,1,0,0.0
202300031982,155 623 874,B01,1,7,0,0,1,0,0,0.0
202300031983,155 623 871,A01,3,7,0,2,8,26,1,0.0
202300031983,155 623 873,B01,3,30,0,2,8,1,1,0.0
202300031984,155 623 869,A01,2,7,0,1,1,26,0,0.0
202300031985,155 623 865,A01,3,2,14,0,1,26,1,0.0
202300031986,155 623 864,A01,1,7,0,2,1,13,1,0.0
202300031986,155 623 867,B01,2,10,0,2,3,1,1,0.0
202300031987,155 623 862,B01,1,30,0,2,1,1,1,0.0
202300031987,155 623 868,A01,1,33,0,2,2,1,1,0.0
202300031988,155 623 861,A01,1,99,0,1,3,1,2,0.0
202300031989,155 623 859,A01,1,7,0,1,2,1,1,0.0
202300031990,155 623 858,A01,2,7,15,0,1,14,1,0.0
202300031991,155 623 855,C01,1,33,0,2,1,1,1,0.0
202300031991,155 623 857,A01,2,7,0,2,1,5,1,0.0
202300031991,155 623 860,B01,1,7,0,2,1,1,1,0.0
202300031992,155 623 851,B01,3,33,0,2,5,1,1,0.0
202300031992,155 623 854,A01,3,7,0,2,5,15,1,0.0
202300031993,155 623 847,A01,1,7,1,0,1,1,1,0.0
202300031993,155 623 850,B01,1,7,1,0,1,23,1,0.0
202300031993,155 623 852,C01,1,7,0,2,4,23,1,0.0
202300031994,155 623 846,B01,0,50,0,2,1,1,3,0.0
202300031994,155 623 848,A01,3,7,0,2,7,16,1,0.0
202300031995,155 623 845,A01,2,7,1,2,2,1,1,0.0
202300031995,155 623 849,C01,2,10,0,2,3,15,1,0.0
202300031996,155 623 844,A01,3,7,0,1,1,1,1,0.0
202300031997,155 623 839,B01,1,1,0,2,2,1,5,0.0
202300031997,155 623 843,A01,2,7,0,2,1,20,1,0.0
202300031998,155 623 838,A01,1,7,0,1,2,1,1,0.0
202300031999,155 623 837,A01,3,7,0,2,1,1,1,0.0
202300031999,155 623 841,B01,3,33,0,2,1,1,1,0.0
202300032000,155 623 836,A01,3,34,14,0,8,15,1,0.0
202300032001,155 623 831,A01,2,13,0,2,1,2,1,0.0
202300032001,155 623 833,B01,2,7,0,2,4,2,1,0.0
202300032002,155 623 832,A01,2,7,0,2,5,23,1,0.0
202300032002,155 623 835,B01,2,33,0,2,1,1,1,0.0
202300032003,155 623 830,A01,1,7,0,2,2,16,1,0.0
202300032003,155 623 834,B01,1,1,0,2,1,1,5,0.0
202300032004,155 623 827,A01,1,7,0,2,1,1,1,0.0
202300032004,155 623 829,B01,1,7,1,2,5,1,1,0.0
202300032005,155 623 825,A01,1,7,0,2,1,1,1,0.0
202300032005,155 623 828,B01,1,13,0,2,8,0,1,0.0
202300032006,155 623 824,A01,3,7,0,1,1,1,1,0.0
202300032007,155 623 823,A01,3,7,5,0,1,2,1,0.0
202300032008,155 623 822,A01,2,7,4,0,0,0,1,0.0
202300032008,155 623 826,B01,2,7,0,2,1,0,1,0.0
202300032009,155 623 819,A01,1,30,0,2,2,12,1,0.0
202300032009,155 623 821,B01,1,7,0,2,0,0,1,0.0
202300032010,155 623 820,A01,2,7,1,0,3,2,1,0.0
202300032011,155 623 817,B01,1,2,0,2,1,1,1,0.0
202300032011,155 623 818,A01,1,10,0,2,2,16,1,0.0
202300032012,155 623 813,A01,2,37,0,2,2,2,1,1.0
202300032012,155 623 816,B01,2,50,0,2,4,11,3,0.0
202300032013,155 623 811,A01,1,1,0,2,1,19,5,0.0
202300032013,155 623 814,Z01,2,7,0,2,0,0,1,0.0
202300032014,155 623 807,A01,2,7,0,1,5,4,1,0.0
202300032015,155 623 805,A01,1,2,0,0,0,1,5,0.0
202300032016,155 623 806,C01,2,7,0,2,3,5,1,0.0
202300032016,155 623 809,A01,1,7,0,2,3,0,1,0.0
202300032016,155 623 815,B01,1,7,0,2,3,1,1,0.0
202300032017,155 623 802,A01,2,7,0,2,3,9,0,0.0
202300032017,155 623 804,B01,2,1,0,2,2,1,5,0.0
202300032018,155 623 801,A01,1,7,0,1,1,16,1,0.0
202300032019,155 623 803,A01,3,7,0,1,1,5,1,0.0
202300032020,155 623 800,A01,1,7,14,0,9,13,1,0.0
202300032021,155 623 796,A01,1,33,0,2,5,17,1,0.0
202300032021,155 623 799,B01,1,7,0,2,3,13,1,0.0
202300032022,155 623 793,B01,3,50,0,2,1,5,3,0.0
202300032022,155 623 797,A01,3,10,0,2,1,1,1,0.0
202300032023,155 623 792,A01,2,10,0,1,4,26,1,0.0
202300032024,155 623 788,B01,2,7,0,2,1,1,1,0.0
202300032024,155 623 790,C01,1,7,0,2,0,0,1,0.0
202300032024,155 623 791,A01,1,7,0,2,8,26,1,0.0
202300032025,155 623 786,A01,2,7,1,0,1,13,1,0.0
202300032026,155 623 785,A01,1,7,7,2,1,19,1,0.0
202300032026,155 623 789,B01,1,7,9,2,8,1,1,0.0
202300032027,155 623 784,A01,2,7,0,1,2,1,1,0.0
202300032028,155 623 783,A01,0,99,0,2,2,0,1,0.0
202300032028,155 623 787,B01,0,7,0,0,1,19,1,0.0
202300032029,155 623 780,B01,2,7,0,2,1,26,1,0.0
202300032029,155 623 782,A01,2,33,0,2,1,17,1,0.0
202300032030,155 623 779,A01,1,33,0,2,1,2,1,0.0
202300032030,155 623 781,B01,1,13,0,2,4,2,1,0.0
202300032031,155 623 775,A01,3,7,0,2,3,9,1,0.0
202300032031,155 623 778,B01,3,2,0,2,1,1,1,0.0
202300032032,155 623 771,A01,1,7,0,2,5,17,0,0.0
202300032032,155 623 774,C01,1,7,0,2,1,1,1,0.0
202300032032,155 623 777,B01,1,7,0,2,2,26,1,0.0
202300032033,155 623 773,A01,1,33,0,2,1,17,1,0.0
202300032033,155 623 776,B01,1,7,0,2,3,21,1,0.0
202300032034,155 623 769,A01,2,7,0,2,1,1,1,0.0
202300032034,155 623 772,B01,1,7,0,2,8,15,1,0.0
202300032035,155 623 768,B01,1,7,0,2,1,1,0,0.0
202300032035,155 623 770,A01,3,7,0,2,1,19,0,0.0
202300032036,155 623 765,A01,1,7,0,2,0,0,0,0.0
202300032036,155 623 767,B01,1,80,0,9,4,1,3,0.0
202300032037,155 623 766,A01,0,1,0,0,0,1,5,0.0
202300032038,155 623 764,A01,3,7,0,1,3,15,1,0.0
202300032039,155 623 763,A01,1,7,0,1,3,15,1,0.0
202300032040,155 623 761,A01,1,31,12,0,2,14,1,0.0
202300032041,155 623 759,B01,2,1,0,2,1,2,5,0.0
202300032041,155 623 762,A01,1,7,0,9,7,10,1,0.0
202300032042,155 623 758,A01,3,7,0,2,6,15,1,0.0
202300032042,155 623 760,B01,3,33,0,2,2,1,1,0.0
202300032043,155 623 757,A01,2,32,0,1,8,17,0,0.0
202300032044,155 623 751,B01,1,7,0,2,4,1,1,0.0
202300032044,155 623 756,A01,1,7,0,2,1,1,1,0.0
202300032045,155 623 750,B01,2,7,4,0,2,0,1,0.0
202300032045,155 623 753,A01,2,7,4,0,2,3,1,0.0
202300032046,155 623 749,A01,3,7,0,2,5,1,1,0.0
202300032046,155 623 755,B01,3,37,0,2,4,23,1,1.0
202300032047,155 623 752,B01,2,33,0,2,7,17,1,0.0
202300032047,155 623 754,A01,2,7,0,2,3,16,1,0.0
202300032048,155 623 746,A01,3,7,0,1,1,2,1,0.0
202300032049,155 623 745,A01,1,7,2,0,1,1,1,0.0
202300032050,155 623 744,B01,3,7,0,2,2,26,1,0.0
202300032050,155 623 748,A01,3,30,0,2,3,1,1,0.0
202300032051,155 623 743,A01,1,7,0,2,0,0,0,0.0
202300032051,155 623 747,B01,1,31,0,2,1,19,0,0.0
202300032052,155 623 739,A01,2,10,0,2,1,1,1,0.0
202300032052,155 623 741,B01,2,7,0,0,4,23,1,0.0
202300032053,155 623 737,A01,2,7,0,2,1,15,1,0.0
202300032053,155 623 742,B01,1,7,0,2,3,1,1,0.0
202300032054,155 623 738,A01,2,7,13,0,9,1,1,0.0
202300032055,155 623 736,B01,1,50,0,2,8,1,3,0.0
202300032055,155 623 740,A01,1,3,0,2,2,14,1,0.0
202300032056,155 623 735,A01,1,7,13,0,9,21,1,0.0
202300032057,155 623 733,A01,1,7,0,1,3,1,1,0.0
202300032058,155 623 732,A01,1,7,0,2,3,1,1,0.0
202300032058,155 623 734,B01,2,7,0,2,3,15,1,0.0
202300032059,155 623 731,A01,2,7,0,1,1,1,1,0.0
202300032060,155 623 730,A01,2,7,0,1,1,15,1,0.0
202300032061,155 623 729,A01,0,30,12,0,3,0,1,0.0
202300032062,155 623 727,B01,1,1,0,2,8,1,5,0.0
202300032062,155 623 728,A01,1,7,0,2,7,17,1,0.0
202300032063,155 623 726,A01,1,7,0,1,2,1,1,0.0
202300032064,155 623 723,A01,1,7,0,1,7,16,1,0.0
202300032065,155 623 724,A01,1,7,0,2,2,15,1,0.0
202300032065,155 623 725,B01,2,30,0,2,1,1,1,0.0
202300032066,155 623 722,A01,1,7,0,1,2,1,1,0.0
202300032067,155 623 718,B01,1,33,0,2,1,1,1,0.0
202300032067,155 623 720,A01,2,7,0,2,2,15,1,0.0
202300032068,155 623 719,A01,1,7,0,2,1,13,1,0.0
202300032068,155 623 721,B01,2,10,0,2,3,1,1,0.0
202300032069,155 623 712,A01,2,7,0,2,8,15,1,0.0
202300032069,155 623 714,B01,2,34,0,2,1,17,1,0.0
202300032070,155 623 715,A01,0,7,0,2,1,13,1,0.0
202300032070,155 623 717,B01,0,17,0,2,1,5,1,0.0
202300032071,155 623 711,B01,3,7,0,2,2,26,0,0.0
202300032071,155 623 716,A01,3,7,0,2,2,1,1,0.0
202300032072,155 623 710,B01,2,7,0,1,4,1,1,0.0
202300032072,155 623 713,A01,2,7,0,0,1,15,1,0.0
202300032073,155 623 703,A01,1,7,0,2,2,15,1,0.0
202300032073,155 623 707,B01,1,7,0,2,7,1,1,0.0
202300032074,155 623 706,A01,3,7,0,1,1,16,3,0.0
202300032075,155 623 702,A01,2,7,0,9,2,1,1,0.0
202300032075,155 623 705,B01,1,1,0,2,1,5,5,0.0
202300032076,155 623 701,A01,1,7,0,2,4,1,2,0.0
202300032076,155 623 704,B01,1,7,0,2,4,1,1,0.0
202300032076,155 623 708,C01,1,7,0,2,1,1,1,0.0
202300032077,155 623 699,A01,3,7,1,0,1,14,1,0.0
202300032078,155 623 697,B01,3,33,0,2,7,15,1,0.0
202300032078,155 623 700,A01,3,7,0,2,3,1,1,0.0
202300032079,155 623 696,A01,2,2,0,2,0,11,1,0.0
202300032079,155 623 698,B01,1,7,0,2,3,1,1,0.0
202300032080,155 623 695,A01,1,50,12,0,1,1,3,0.0
202300032081,155 623 691,B01,3,50,0,2,1,1,3,0.0
202300032081,155 623 693,A01,3,7,0,2,1,15,1,0.0
202300032082,155 623 692,A01,1,1,0,0,1,16,5,0.0
202300032082,155 623 694,B01,0,15,0,2,1,1,1,0.0
202300032083,155 623 689,A01,1,7,0,2,3,15,1,0.0
202300032083,155 623 690,B01,2,33,0,2,3,1,1,0.0
202300032084,155 623 686,A01,1,7,0,2,1,1,1,0.0
202300032084,155 623 688,B01,1,7,0,2,4,1,1,0.0
202300032085,155 623 687,A01,2,7,13,0,1,1,1,0.0
202300032086,155 623 685,A01,3,7,0,1,1,1,1,0.0
202300032087,155 623 684,A01,1,1,0,1,1,15,5,0.0
202300032088,155 623 682,A01,3,7,0,2,3,13,1,0.0
202300032088,155 623 683,B01,3,7,0,2,3,1,1,0.0
202300032089,155 623 679,B01,3,7,9,2,3,1,1,0.0
202300032089,155 623 681,A01,3,7,9,2,3,1,1,0.0
202300032090,155 623 676,B01,1,33,0,2,1,1,1,0.0
202300032090,155 623 680,A01,2,7,0,2,6,19,6,0.0
202300032091,155 623 674,A01,1,7,0,0,9,16,1,0.0
202300032092,155 623 672,B01,2,32,0,2,1,1,1,0.0
202300032092,155 623 673,A01,2,7,0,2,6,16,1,0.0
202300032093,155 623 675,B01,3,32,0,2,3,1,1,0.0
202300032093,155 623 678,A01,3,7,0,2,2,12,1,0.0
202300032094,155 623 670,A01,1,10,0,2,3,13,1,0.0
202300032094,155 623 671,B01,2,7,0,2,3,1,1,0.0
202300032095,155 623 668,A01,2,7,2,0,1,13,0,0.0
202300032096,155 623 666,B01,2,7,0,2,8,1,1,0.0
202300032096,155 623 669,A01,1,7,0,2,8,13,1,0.0
202300032097,155 623 667,A01,3,7,0,1,5,4,1,0.0
202300032098,155 623 665,A01,1,7,4,0,3,26,1,0.0
202300032099,155 623 663,B01,2,33,0,2,1,1,1,0.0
202300032099,155 623 664,A01,1,10,0,9,2,15,1,0.0
202300032100,155 623 657,B01,1,7,0,2,6,1,1,0.0
202300032100,155 623 659,A01,1,7,0,2,2,15,1,0.0
202300032101,155 623 655,A01,2,7,0,1,2,1,1,0.0
202300032102,155 623 651,A01,2,7,0,2,2,13,1,0.0
202300032102,155 623 654,B01,1,7,0,2,1,1,1,0.0
202300032103,155 623 652,A01,2,7,0,2,1,0,1,0.0
202300032103,155 623 656,B01,1,7,0,2,1,0,1,0.0
202300032104,155 623 650,B01,1,7,0,2,1,1,1,0.0
202300032104,155 623 653,A01,2,7,0,2,1,13,1,0.0
202300032105,155 623 648,A01,2,32,0,2,2,1,1,0.0
202300032105,155 623 649,B01,2,7,12,0,2,15,1,0.0
202300032106,155 623 647,A01,2,7,15,0,1,13,1,0.0
202300032107,155 623 645,A01,3,7,0,1,2,1,1,0.0
202300032108,155 623 646,A01,1,50,2,0,0,0,3,0.0
202300032109,155 623 643,A01,2,7,0,2,1,2,1,0.0
202300032109,155 623 644,B01,2,33,0,2,4,2,1,0.0
202300032110,155 623 642,A01,2,7,13,0,1,14,1,0.0
202300032111,155 623 641,A01,3,10,2,0,1,1,1,0.0
202300032112,155 623 639,A01,2,7,1,0,1,14,1,0.0
202300032112,155 623 640,B01,3,7,0,2,4,24,1,0.0
202300032113,155 623 637,A01,1,7,0,1,4,4,0,0.0
202300032114,155 623 638,A01,3,36,13,0,0,15,1,0.0
202300032115,155 623 636,A01,3,37,0,1,7,1,0,1.0
202300032116,155 623 630,B01,3,15,0,2,4,1,0,0.0
202300032116,155 623 634,C01,3,15,0,2,4,1,0,0.0
202300032116,155 623 635,A01,3,15,0,2,1,2,0,0.0
202300032117,155 623 629,A01,1,7,0,2,3,13,1,0.0
202300032117,155 623 632,B01,2,16,0,2,3,1,1,0.0
202300032118,155 623 631,A01,1,30,12,0,3,15,1,0.0
202300032119,155 623 627,A01,2,7,0,2,1,1,1,0.0
202300032119,155 623 633,B01,1,1,0,2,1,16,5,0.0
202300032120,155 623 625,A01,1,7,0,2,2,1,1,0.0
202300032120,155 623 628,B01,2,7,0,2,5,15,1,0.0
202300032121,155 623 621,A01,1,3,2,0,1,1,1,0.0
202300032122,155 623 619,B01,2,7,0,2,3,1,1,0.0
202300032122,155 623 623,C01,1,37,0,2,1,0,1,1.0
202300032122,155 623 626,A01,1,31,0,2,1,17,1,0.0
202300032123,155 623 620,B01,1,7,0,2,3,1,1,0.0
202300032123,155 623 624,A01,2,7,0,2,3,15,1,0.0
202300032124,155 623 618,A01,2,7,12,0,1,1,1,0.0
202300032124,155 623 622,B01,2,7,0,9,1,1,1,0.0
202300032125,155 623 612,B01,3,7,0,2,7,19,1,0.0
202300032125,155 623 615,A01,3,3,0,2,1,1,1,0.0
202300032126,155 623 613,B01,1,1,0,2,4,2,5,0.0
202300032126,155 623 614,A01,1,7,0,2,2,2,1,0.0
202300032127,155 623 609,B01,1,1,0,2,0,1,5,0.0
202300032127,155 623 611,A01,1,7,0,9,2,2,1,0.0
202300032128,155 623 608,A01,3,21,0,2,1,2,1,0.0
202300032128,155 623 610,B01,3,7,0,2,4,13,1,0.0
202300032129,155 623 605,A01,2,37,0,1,2,1,1,1.0