num_acc,id_vehicule,num_veh,senc,catv,obs,obsm,choc,manv,motor,occutc
202300032130,155 623 602,B01,1,7,0,2,1,1,1,0.0
202300032130,155 623 607,A01,3,7,0,2,7,1,1,0.0
202300032131,155 623 601,B01,1,1,0,2,4,1,5,0.0
202300032131,155 623 604,A01,1,15,0,2,2,1,1,0.0
202300032132,155 623 600,A01,1,7,0,2,1,2,1,0.0
202300032132,155 623 603,B01,1,7,0,2,4,2,1,0.0
202300032132,155 623 606,C01,1,7,0,2,5,2,1,0.0
202300032133,155 623 599,A01,2,7,0,1,1,1,1,0.0
202300032134,155 623 593,A01,2,7,13,0,0,17,0,0.0
202300032134,155 623 598,B01,2,7,0,0,0,13,0,0.0
202300032135,155 623 594,A01,1,7,0,2,3,15,1,0.0
202300032135,155 623 596,B01,1,31,0,2,2,1,1,0.0
202300032136,155 623 591,B01,1,7,0,0,5,1,1,0.0
202300032136,155 623 597,A01,3,7,6,0,2,9,1,0.0
202300032137,155 623 592,B01,2,7,0,2,8,1,1,0.0
202300032137,155 623 595,A01,1,7,0,2,1,16,1,0.0
202300032138,155 623 587,A01,3,7,0,1,1,1,1,0.0
202300032139,155 623 586,A01,2,7,0,2,3,13,1,0.0
202300032139,155 623 590,B01,1,7,0,2,3,2,1,0.0
202300032140,155 623 585,A01,1,7,0,2,1,1,1,0.0
202300032140,155 623 589,B01,2,7,0,2,1,15,1,0.0
202300032141,155 623 583,A01,1,7,9,2,1,5,1,0.0
202300032141,155 623 588,B01,2,7,0,2,1,1,1,0.0
202300032142,155 623 582,B01,2,10,0,2,4,1,1,0.0
202300032142,155 623 584,A01,2,7,0,2,1,2,1,0.0
202300032143,155 623 578,A01,1,7,0,2,1,9,1,0.0
202300032143,155 623 581,B01,1,32,0,2,8,1,1,0.0
202300032144,155 623 577,B01,3,21,0,2,2,19,1,0.0
202300032144,155 623 580,A01,1,7,0,2,3,2,1,0.0
202300032145,155 623 575,B01,3,33,0,2,1,1,1,0.0
202300032145,155 623 579,A01,0,7,0,2,3,15,1,0.0
202300032146,155 623 576,A01,3,7,0,1,1,16,1,0.0
202300032147,155 623 574,A01,3,60,16,0,0,1,5,0.0
202300032148,155 623 569,A01,0,7,0,2,7,2,6,0.0
202300032148,155 623 571,B01,3,1,0,2,1,19,5,0.0
202300032149,155 623 570,B01,1,1,0,2,1,1,5,0.0
202300032149,155 623 573,A01,1,7,0,2,3,9,1,0.0
202300032150,155 623 566,Z01,3,0,0,2,0,0,0,0.0
202300032150,155 623 567,A01,3,60,0,2,1,26,5,0.0
202300032151,155 623 568,A01,0,7,0,2,6,23,1,0.0
202300032151,155 623 572,Z01,0,34,0,0,0,0,0,0.0
202300032152,155 623 563,A01,1,13,0,1,1,1,1,0.0
202300032153,155 623 561,A01,3,7,13,0,1,1,1,0.0
202300032154,155 623 562,B01,2,7,0,2,1,2,6,0.0
202300032154,155 623 564,A01,2,7,0,2,2,19,6,0.0
202300032154,155 623 565,C01,2,7,0,2,7,23,1,0.0
202300032155,155 623 558,A01,2,7,0,2,2,14,1,0.0
202300032155,155 623 560,B01,2,7,0,2,3,1,1,0.0
202300032156,155 623 557,A01,3,7,0,2,3,10,1,0.0
202300032156,155 623 559,B01,3,33,0,2,1,1,1,0.0
202300032157,155 623 554,A01,2,33,0,2,7,11,1,0.0
202300032157,155 623 556,B01,1,7,0,2,1,1,1,0.0
202300032158,155 623 550,A01,2,10,0,2,8,1,1,0.0
202300032158,155 623 553,B01,1,7,0,2,1,1,1,0.0
202300032158,155 623 555,C01,1,7,0,2,2,1,1,0.0
202300032159,155 623 546,C01,3,7,0,2,1,0,1,0.0
202300032159,155 623 548,B01,3,7,0,2,6,1,1,0.0
202300032159,155 623 552,A01,0,7,0,2,1,13,1,0.0
202300032160,155 623 545,B01,2,7,0,2,3,1,1,0.0
202300032160,155 623 549,A01,2,7,3,2,9,3,1,0.0
202300032160,155 623 551,C01,2,7,0,2,6,1,1,0.0
202300032161,155 623 540,B01,2,7,0,2,6,10,1,0.0
202300032161,155 623 542,A01,2,7,0,2,3,1,1,0.0
202300032162,155 623 539,A01,2,7,0,2,1,2,1,0.0
202300032162,155 623 541,B01,2,7,0,2,4,2,1,0.0
202300032163,155 623 538,A01,1,7,13,0,2,5,1,0.0
202300032164,155 623 537,B01,2,7,0,2,1,1,1,0.0
202300032164,155 623 543,A01,1,7,0,2,2,15,1,0.0
202300032165,155 623 535,A01,2,7,17,0,1,1,1,0.0
202300032166,155 623 534,A01,2,7,0,1,1,15,1,0.0
202300032167,155 623 533,A01,2,7,0,2,8,11,1,0.0
202300032167,155 623 536,B01,2,31,0,2,7,1,1,0.0
202300032168,155 623 531,A01,2,7,0,0,0,26,1,0.0
202300032169,155 623 529,A01,1,7,2,0,3,1,1,0.0
202300032170,155 623 526,A01,2,10,0,2,1,1,1,0.0
202300032170,155 623 528,B01,2,7,0,2,4,23,1,0.0
202300032170,155 623 532,C01,2,7,0,2,4,23,1,0.0
202300032171,155 623 525,A01,2,33,0,2,7,12,1,0.0
202300032171,155 623 527,B01,2,33,0,2,8,3,1,0.0
202300032171,155 623 530,C01,2,7,0,2,8,1,1,0.0
202300032172,155 623 521,C01,2,7,0,2,5,1,2,0.0
202300032172,155 623 523,B01,2,33,0,2,7,3,1,0.0
202300032172,155 623 524,A01,2,7,0,2,8,13,1,0.0
202300032173,155 623 518,A01,1,7,4,0,3,13,1,0.0
202300032174,155 623 519,A01,2,33,0,2,1,2,1,0.0
202300032174,155 623 522,B01,2,7,0,0,4,2,1,0.0
202300032175,155 623 517,A01,1,7,0,2,1,1,1,0.0
202300032175,155 623 520,B01,1,32,0,2,4,1,1,0.0
202300032176,155 623 514,A01,1,10,2,0,1,2,1,0.0
202300032177,155 623 513,B01,1,32,0,2,3,3,1,0.0
202300032177,155 623 516,A01,1,7,0,2,5,2,2,0.0
202300032178,155 623 511,C01,2,7,0,2,5,1,1,0.0
202300032178,155 623 512,A01,2,7,0,2,3,1,1,0.0
202300032178,155 623 515,B01,2,33,0,2,1,3,1,0.0
202300032179,155 623 510,A01,3,7,0,1,1,1,1,0.0
202300032180,155 623 509,A01,3,7,17,0,2,14,1,0.0
202300032181,155 623 507,B01,1,43,0,2,4,2,1,0.0
202300032181,155 623 508,A01,1,2,0,2,1,2,1,0.0
202300032182,155 623 504,A01,2,7,0,2,3,13,1,0.0
202300032182,155 623 506,B01,1,7,0,2,3,1,1,0.0
202300032183,155 623 503,A01,2,15,0,2,8,1,1,0.0
202300032183,155 623 505,B01,2,10,0,2,3,1,1,0.0
202300032184,155 623 498,Z01,2,7,0,2,3,15,0,0.0
202300032184,155 623 501,B01,1,50,0,2,7,1,3,0.0
202300032185,155 623 500,A01,1,7,6,2,1,0,1,0.0
202300032185,155 623 502,B01,2,7,0,2,1,0,1,0.0
202300032186,155 623 497,A01,3,50,0,0,0,26,3,0.0
202300032187,155 623 496,A01,2,7,0,2,3,9,1,0.0
202300032187,155 623 499,B01,2,1,0,2,2,1,5,0.0
202300032188,155 623 494,A01,2,33,3,0,7,1,1,0.0
202300032189,155 623 495,A01,2,1,8,0,1,21,5,0.0
202300032190,155 623 492,B01,2,7,0,2,8,9,1,0.0
202300032190,155 623 493,A01,1,30,0,2,1,9,1,0.0
202300032191,155 623 491,A01,2,7,13,0,8,1,1,0.0
202300032192,155 623 488,A01,2,33,2,0,1,1,1,0.0
202300032193,155 623 489,A01,2,50,0,2,0,21,3,0.0
202300032194,155 623 486,A01,2,7,0,2,3,15,1,0.0
202300032194,155 623 487,B01,1,50,0,2,1,19,3,0.0
202300032195,155 623 485,Z01,1,7,0,2,7,1,2,0.0
202300032195,155 623 490,A01,1,31,0,2,8,1,1,0.0
202300032196,155 623 483,A01,2,7,8,2,1,17,1,0.0
202300032196,155 623 484,B01,2,7,0,2,3,15,1,0.0
202300032197,155 623 482,A01,2,34,0,2,0,1,1,0.0
202300032198,155 623 478,B01,1,7,0,0,4,23,1,0.0
202300032198,155 623 481,A01,1,10,0,2,1,2,1,0.0
202300032199,155 623 475,A01,1,7,0,2,8,15,1,0.0
202300032199,155 623 479,B01,1,7,0,2,1,17,1,0.0
202300032200,155 623 474,B01,2,31,0,2,1,1,1,0.0
202300032200,155 623 476,A01,1,7,0,2,3,9,1,0.0
202300032201,155 623 477,B01,1,1,0,2,0,1,5,0.0
202300032201,155 623 480,A01,1,7,0,2,7,20,1,0.0
202300032202,155 623 472,Z01,1,33,0,1,1,1,1,0.0
202300032203,155 623 468,A01,1,1,12,0,2,14,5,0.0
202300032204,155 623 469,A01,0,7,0,2,3,13,0,0.0
202300032204,155 623 471,B01,0,7,0,2,3,1,0,0.0
202300032205,155 623 466,B01,1,7,0,2,1,1,1,0.0
202300032205,155 623 467,A01,1,7,0,2,4,2,1,0.0
202300032206,155 623 463,A01,1,7,0,2,5,22,2,0.0
202300032206,155 623 465,B01,1,50,1,0,3,1,3,0.0
202300032207,155 623 462,A01,3,7,15,0,2,1,1,0.0
202300032208,155 623 460,A01,0,50,0,0,0,1,3,0.0
202300032209,155 623 457,B01,1,33,0,2,3,1,0,0.0
202300032209,155 623 459,A01,1,7,0,2,2,11,1,0.0
202300032210,155 623 455,A01,2,15,0,1,3,20,1,0.0
202300032211,155 623 458,A01,1,7,0,2,2,1,1,0.0
202300032211,155 623 464,B01,1,50,0,2,4,1,3,0.0
202300032212,155 623 456,A01,3,33,0,2,7,5,1,0.0
202300032212,155 623 461,B01,3,7,0,2,3,15,1,0.0
202300032213,155 623 453,A01,1,10,8,2,1,7,1,0.0
202300032213,155 623 454,B01,1,10,0,2,7,16,1,0.0
202300032214,155 623 452,A01,2,7,0,1,1,1,1,0.0
202300032215,155 623 451,A01,1,7,0,1,1,1,1,0.0
202300032216,155 623 449,A01,1,7,0,1,2,1,1,0.0
202300032217,155 623 450,A01,3,30,0,0,1,26,0,0.0
202300032218,155 623 446,A01,1,7,0,2,3,1,1,0.0
202300032218,155 623 448,B01,2,10,0,2,8,1,1,0.0
202300032219,155 623 445,B01,1,7,0,2,6,1,1,0.0
202300032219,155 623 447,A01,1,7,0,2,2,17,1,0.0
202300032220,155 623 442,A01,3,7,0,1,1,1,1,0.0
202300032221,155 623 443,A01,3,7,0,2,3,9,1,0.0
202300032221,155 623 444,B01,3,1,0,2,7,1,5,0.0
202300032222,155 623 441,A01,1,7,0,1,2,16,1,0.0
202300032223,155 623 437,A01,2,14,0,9,1,21,1,0.0
202300032223,155 623 440,B01,2,1,0,2,4,1,5,0.0
202300032224,155 623 436,A01,2,7,0,2,3,1,1,0.0
202300032224,155 623 438,B01,1,7,0,2,3,21,1,0.0
202300032225,155 623 434,A01,3,7,0,2,1,0,3,0.0
202300032225,155 623 439,B01,3,7,0,2,4,26,1,0.0
202300032226,155 623 432,A01,1,7,0,2,7,15,1,0.0
202300032226,155 623 435,B01,2,2,0,2,1,1,1,0.0
202300032227,155 623 431,A01,2,7,0,0,1,1,1,0.0
202300032228,155 623 429,A01,0,7,0,1,1,1,0,0.0
202300032229,155 623 428,A01,3,50,0,2,1,1,3,0.0
202300032229,155 623 430,B01,3,7,0,2,1,1,1,0.0
202300032230,155 623 423,A01,2,7,0,2,3,17,1,0.0
202300032230,155 623 426,B01,2,7,0,2,1,1,1,0.0
202300032231,155 623 422,B01,0,7,0,2,2,0,0,0.0
202300032231,155 623 425,A01,2,7,0,2,5,1,1,0.0
202300032232,155 623 424,A01,2,7,0,2,0,13,1,0.0
202300032232,155 623 427,B01,1,33,0,2,1,1,1,0.0
202300032233,155 623 417,B01,1,1,1,0,1,26,5,0.0
202300032234,155 623 419,A01,0,7,0,2,0,0,1,0.0
202300032234,155 623 421,B01,3,30,0,2,3,16,1,0.0
202300032235,155 623 416,B01,2,7,0,2,4,1,1,0.0
202300032235,155 623 418,A01,2,7,0,2,1,1,1,0.0
202300032236,155 623 415,A01,3,7,0,2,1,1,0,0.0
202300032236,155 623 420,B01,3,7,0,2,4,23,0,0.0
202300032237,155 623 414,A01,1,7,0,1,1,25,1,0.0
202300032238,155 623 412,A01,1,7,8,0,2,1,1,0.0
202300032239,155 623 408,A01,2,7,1,0,9,1,1,0.0
202300032240,155 623 407,A01,2,7,6,0,2,1,1,0.0
202300032241,155 623 410,A01,1,7,0,2,8,15,1,0.0
202300032241,155 623 411,B01,1,34,0,2,1,1,1,0.0
202300032242,155 623 404,A01,3,7,0,2,1,26,0,0.0
202300032242,155 623 405,B01,3,7,0,2,1,23,6,0.0
202300032243,155 623 402,A01,2,32,12,0,0,16,1,0.0
202300032244,155 623 399,D01,2,10,0,2,1,1,1,0.0
202300032244,155 623 403,A01,1,7,0,2,1,5,1,0.0
202300032244,155 623 406,C01,2,7,0,2,6,1,1,0.0
202300032244,155 623 409,E01,2,7,0,2,1,2,1,0.0
202300032244,155 623 413,B01,1,7,1,0,6,1,1,0.0
202300032245,155 623 398,B01,2,7,0,2,4,2,1,0.0
202300032245,155 623 401,A01,2,7,0,2,1,2,1,0.0
202300032246,155 623 397,A01,2,7,0,2,3,13,1,0.0
202300032246,155 623 400,B01,1,7,0,2,3,1,1,0.0
202300032247,155 623 395,A01,2,7,0,1,1,1,1,0.0
202300032248,155 623 394,A01,2,7,6,1,1,0,1,0.0
202300032249,155 623 393,B01,2,7,0,2,1,1,1,0.0
202300032249,155 623 396,A01,1,7,0,2,1,13,1,0.0
202300032250,155 623 391,A01,2,7,11,0,1,1,1,0.0
202300032251,155 623 390,A01,2,7,0,2,2,15,1,0.0
202300032251,155 623 392,B01,1,33,0,2,1,1,1,0.0
202300032252,155 623 389,A01,1,7,0,1,1,9,1,0.0
202300032253,155 623 386,A01,1,3,0,2,0,0,1,0.0
202300032253,155 623 388,B01,2,10,0,2,3,1,1,0.0
202300032254,155 623 387,A01,0,50,0,1,8,1,3,0.0
202300032255,155 623 383,A01,2,32,0,2,1,17,1,0.0
202300032255,155 623 384,B01,1,7,0,2,3,1,1,0.0
202300032256,155 623 382,Z01,1,7,0,2,1,1,1,0.0
202300032256,155 623 385,A01,1,7,0,2,6,2,1,0.0
202300032257,155 623 378,A01,3,33,0,2,2,15,1,0.0
202300032257,155 623 381,B01,3,7,0,2,3,15,0,0.0
202300032258,155 623 377,A01,0,33,0,2,1,1,1,0.0
202300032258,155 623 379,B01,0,7,0,2,7,0,1,0.0
202300032259,155 623 376,Z01,1,7,0,1,1,1,0,0.0
202300032260,155 623 373,A01,2,7,0,2,2,1,1,0.0
202300032260,155 623 380,B01,2,7,0,2,3,1,1,0.0
202300032261,155 623 369,A01,2,32,0,2,1,26,1,0.0
202300032261,155 623 372,B01,3,7,0,0,0,0,1,0.0
202300032262,155 623 366,A01,1,33,0,2,2,21,1,0.0
202300032262,155 623 368,B01,1,7,0,2,3,15,1,0.0
202300032263,155 623 365,A01,1,7,0,2,4,2,1,0.0
202300032263,155 623 371,B01,1,7,0,2,4,2,1,0.0
202300032263,155 623 375,C01,1,10,0,2,1,2,1,0.0
202300032264,155 623 367,A01,1,7,0,2,8,15,1,0.0
202300032264,155 623 370,B01,1,7,0,2,1,17,1,0.0
202300032265,155 623 364,A01,3,7,0,1,1,15,2,0.0
202300032266,155 623 362,A01,3,50,0,2,8,19,3,0.0
202300032266,155 623 363,B01,3,7,0,9,1,0,1,0.0
202300032267,155 623 355,A01,3,7,0,2,3,1,0,0.0
202300032267,155 623 361,B01,3,7,0,2,6,15,0,0.0
202300032268,155 623 356,A01,1,7,0,9,1,15,6,0.0
202300032268,155 623 360,B01,2,50,0,2,7,1,3,0.0
202300032269,155 623 353,A01,2,7,0,1,2,17,1,0.0
202300032270,155 623 352,A01,1,30,0,2,1,1,1,0.0
202300032270,155 623 358,B01,2,7,0,2,3,16,1,0.0
202300032271,155 623 351,C01,1,7,0,2,4,2,1,0.0
202300032271,155 623 354,B01,1,7,0,2,4,2,2,0.0
202300032271,155 623 357,A01,1,10,0,2,3,2,1,0.0
202300032271,155 623 359,D01,1,7,0,2,4,2,1,0.0
202300032272,155 623 348,A01,2,7,0,2,3,15,1,0.0
202300032272,155 623 350,B01,2,33,0,2,2,17,1,0.0
202300032273,155 623 347,A01,2,7,0,1,3,1,1,0.0
202300032274,155 623 349,A01,1,33,0,0,0,0,1,0.0
202300032275,155 623 345,B01,1,7,0,2,1,1,1,0.0
202300032275,155 623 346,A01,1,50,0,2,1,5,3,0.0
202300032276,155 623 344,A01,1,7,9,0,2,14,1,0.0
202300032277,155 623 343,A01,1,7,3,0,3,1,1,0.0
202300032278,155 623 336,A01,1,7,0,2,2,14,1,0.0
202300032278,155 623 340,B01,1,32,0,2,3,1,1,0.0
202300032279,155 623 335,B01,2,7,0,2,2,1,1,0.0
202300032279,155 623 339,A01,2,1,0,2,8,1,5,0.0
202300032280,155 623 337,A01,1,10,0,1,1,1,1,0.0
202300032281,155 623 334,A01,2,7,0,2,1,2,1,0.0
202300032281,155 623 338,B01,2,10,0,2,4,2,1,0.0
202300032282,155 623 333,A01,1,7,0,1,1,1,1,0.0
202300032283,155 623 331,A01,1,32,0,0,0,0,1,0.0
202300032284,155 623 330,A01,3,7,0,1,3,20,1,0.0
202300032285,155 623 327,A01,1,7,0,2,1,1,1,0.0
202300032285,155 623 332,B01,1,7,0,2,4,1,1,0.0
202300032286,155 623 326,A01,3,7,0,2,6,9,1,0.0
202300032286,155 623 328,B01,3,33,0,2,1,1,1,0.0
202300032287,155 623 323,A01,2,7,1,0,2,1,1,0.0
202300032288,155 623 324,A01,3,7,0,1,1,0,0,0.0
202300032289,155 623 322,C01,2,10,0,2,4,2,0,0.0
202300032289,155 623 325,A01,2,7,0,2,1,2,0,0.0
202300032289,155 623 329,B01,2,7,0,2,4,2,0,0.0
202300032290,155 623 320,A01,1,10,0,1,1,1,1,0.0
202300032291,155 623 315,A01,1,7,0,2,4,1,1,0.0
202300032291,155 623 319,B01,1,7,0,2,4,2,1,0.0
202300032291,155 623 321,C01,1,7,0,2,1,2,1,0.0
202300032292,155 623 316,A01,2,33,0,0,1,21,1,0.0
202300032293,155 623 313,B01,1,10,0,2,4,15,1,0.0
202300032293,155 623 318,A01,1,7,0,2,1,15,1,0.0
202300032294,155 623 312,A01,1,34,0,2,7,17,1,0.0
202300032294,155 623 317,B01,1,7,0,2,8,15,1,0.0
202300032295,155 623 310,A01,2,43,0,0,0,3,1,0.0
202300032296,155 623 309,B01,1,7,0,2,5,1,1,0.0
202300032296,155 623 314,A01,1,50,0,2,1,1,3,0.0
202300032297,155 623 307,P01,1,1,0,2,5,15,5,0.0
202300032297,155 623 311,B01,1,7,0,2,2,1,1,0.0
202300032298,155 623 305,A01,1,2,0,2,1,26,0,0.0
202300032298,155 623 308,B01,1,7,0,2,3,1,1,0.0
202300032299,155 623 301,C01,1,7,0,2,4,1,0,0.0
202300032299,155 623 304,B01,1,10,0,2,4,0,0,0.0
202300032299,155 623 306,A01,1,7,0,2,1,1,6,0.0
202300032300,155 623 295,B01,1,7,0,2,4,1,1,0.0
202300032300,155 623 300,A01,1,7,0,2,1,2,1,0.0
202300032300,155 623 303,C01,1,7,0,2,1,2,1,0.0
202300032301,155 623 294,A01,1,7,0,2,1,2,1,0.0
202300032301,155 623 298,B01,1,7,0,2,4,2,1,0.0
202300032301,155 623 302,C01,1,7,0,2,4,2,1,0.0
202300032302,155 623 292,C01,2,7,0,2,4,23,1,0.0
202300032302,155 623 296,Z01,2,7,0,2,1,2,1,0.0
202300032302,155 623 299,B01,2,7,0,2,5,23,1,0.0
202300032303,155 623 291,A01,1,7,0,2,3,19,1,0.0
202300032303,155 623 297,B01,2,7,0,2,1,1,1,0.0
202300032304,155 623 290,A01,2,10,0,2,5,15,1,0.0
202300032304,155 623 293,B01,1,33,0,2,1,1,1,0.0
202300032305,155 623 288,A01,0,7,0,1,1,2,1,0.0
202300032306,155 623 287,B01,2,7,0,2,5,2,3,0.0
202300032306,155 623 289,A01,2,7,0,2,1,2,1,0.0
202300032307,155 623 284,A01,1,7,1,0,2,14,1,0.0
202300032308,155 623 282,A01,1,7,0,2,8,15,1,0.0
202300032308,155 623 285,B01,1,33,0,2,1,1,1,0.0
202300032309,155 623 283,B01,1,7,0,2,1,1,1,0.0
202300032309,155 623 286,A01,2,7,0,2,2,1,1,0.0
202300032310,155 623 279,A01,2,7,0,1,3,1,1,0.0
202300032311,155 623 277,A01,2,7,0,2,5,15,1,0.0
202300032311,155 623 280,B01,1,10,0,2,2,1,1,0.0
202300032312,155 623 275,B01,3,2,0,2,1,2,1,0.0
202300032312,155 623 278,A01,3,10,0,2,5,15,1,0.0
202300032313,155 623 276,A01,1,7,2,0,7,17,1,0.0
202300032314,155 623 272,A01,1,7,0,2,2,15,1,0.0
202300032314,155 623 274,B01,2,7,0,2,1,1,1,0.0
202300032315,155 623 271,A01,1,50,0,2,1,1,3,0.0
202300032315,155 623 273,B01,1,7,0,2,1,1,1,0.0
202300032316,155 623 267,B01,1,30,0,2,1,3,1,0.0
202300032316,155 623 270,A01,1,7,0,2,4,15,1,0.0
202300032317,155 623 265,B01,3,50,0,2,7,19,3,0.0
202300032317,155 623 268,A01,1,7,0,2,1,1,1,0.0
202300032318,155 623 266,A01,2,31,0,2,1,2,1,0.0
202300032318,155 623 269,B01,2,7,0,2,2,15,6,0.0
202300032319,155 623 262,A01,1,7,0,2,2,15,1,0.0
202300032319,155 623 263,B01,1,2,0,2,1,1,1,0.0
202300032320,155 623 260,A01,1,31,0,0,0,0,1,0.0
202300032321,155 623 261,A01,1,7,0,2,7,17,1,0.0
202300032321,155 623 264,B01,1,80,0,2,8,15,3,0.0
202300032322,155 623 259,A01,2,7,0,1,1,19,1,0.0
202300032323,155 623 258,A01,3,32,1,0,1,1,1,0.0
202300032324,155 623 255,A01,0,33,0,0,8,1,1,0.0
202300032325,155 623 256,A01,2,10,0,2,2,2,1,0.0
202300032325,155 623 257,B01,2,7,0,0,4,23,1,0.0
202300032326,155 623 249,A01,1,7,0,2,7,15,1,0.0
202300032326,155 623 250,B01,2,2,0,2,1,1,1,0.0
202300032327,155 623 248,A01,2,7,0,2,3,11,1,0.0
202300032327,155 623 251,B01,2,7,0,2,7,1,1,0.0
202300032328,155 623 253,A01,2,7,0,2,1,2,1,0.0
202300032328,155 623 254,B01,2,7,0,0,4,2,1,0.0
202300032329,155 623 245,A01,1,7,0,2,3,13,1,0.0
202300032329,155 623 247,B01,2,2,0,2,0,1,1,0.0
202300032330,155 623 243,B01,3,7,0,2,3,1,1,0.0
202300032330,155 623 244,C01,3,7,0,2,8,1,1,0.0
202300032330,155 623 252,A01,3,7,0,2,1,17,1,0.0
202300032331,155 623 239,A01,1,10,0,9,7,15,1,0.0
202300032331,155 623 242,B01,2,50,0,2,1,1,3,0.0
202300032332,155 623 238,A01,3,37,0,1,7,1,1,1.0
202300032333,155 623 237,A01,3,1,0,2,1,5,5,0.0
202300032333,155 623 240,B01,3,7,0,2,1,1,1,0.0
202300032334,155 623 236,A01,1,7,9,2,7,1,1,0.0
202300032334,155 623 241,C01,2,7,9,2,8,0,1,0.0
202300032334,155 623 246,B01,2,7,9,2,1,1,1,0.0
202300032335,155 623 233,A01,1,34,0,1,7,3,1,0.0
202300032336,155 623 234,A01,0,30,0,2,1,7,1,0.0
202300032336,155 623 235,B01,0,10,0,2,2,0,1,0.0
202300032337,155 623 229,B01,1,7,0,2,2,1,1,0.0
202300032337,155 623 231,A01,2,7,0,2,3,13,1,0.0
202300032338,155 623 228,B01,3,50,0,2,1,7,3,0.0
202300032338,155 623 232,A01,1,7,16,2,3,15,1,0.0
202300032339,155 623 227,B01,1,1,0,0,0,0,5,0.0
202300032339,155 623 230,A01,1,7,0,2,1,26,1,0.0
202300032340,155 623 224,A01,2,99,0,9,0,0,1,0.0
202300032340,155 623 226,B01,2,32,0,0,0,0,1,0.0
202300032341,155 623 223,B01,2,7,0,2,3,1,1,0.0
202300032341,155 623 225,A01,1,7,0,2,3,13,1,0.0
202300032342,155 623 220,B01,1,38,0,0,3,1,1,1.0
202300032342,155 623 222,A01,2,7,0,0,3,13,1,0.0
202300032343,155 623 219,A01,2,7,0,1,1,1,0,0.0
202300032344,155 623 218,A01,1,10,1,0,1,1,1,0.0
202300032345,155 623 217,A01,1,7,0,2,2,1,1,0.0
202300032345,155 623 221,B01,1,1,0,2,6,1,0,0.0
202300032346,155 623 215,B01,2,7,0,2,4,1,1,0.0
202300032346,155 623 216,A01,2,10,0,2,1,1,1,0.0
202300032347,155 623 213,A01,1,7,0,1,2,14,0,0.0
202300032348,155 623 212,A01,2,7,0,2,7,19,1,0.0
202300032348,155 623 214,B01,2,7,0,2,3,0,1,0.0
202300032349,155 623 208,A01,1,7,0,2,4,11,1,0.0
202300032349,155 623 211,B01,1,33,0,2,1,3,1,0.0
202300032350,155 623 204,B01,2,7,0,2,4,2,1,0.0
202300032350,155 623 207,C01,2,10,0,2,4,2,1,0.0
202300032350,155 623 209,A01,2,7,0,2,1,2,1,0.0
202300032351,155 623 203,A01,3,7,0,1,3,20,1,0.0
202300032352,155 623 200,A01,2,7,0,2,3,1,1,0.0
202300032352,155 623 205,B01,1,7,0,2,6,15,1,0.0
202300032353,155 623 198,A01,1,17,13,0,2,13,1,0.0
202300032354,155 623 199,C01,3,7,0,2,1,1,1,0.0
202300032354,155 623 201,B01,3,7,0,2,4,1,1,0.0
202300032354,155 623 206,D01,3,7,0,2,1,1,1,0.0
202300032354,155 623 210,A01,3,7,0,2,4,1,1,0.0
202300032355,155 623 197,A01,1,31,0,2,1,26,1,0.0
202300032355,155 623 202,B01,2,7,0,2,8,15,1,0.0
202300032356,155 623 195,A01,2,50,0,2,1,5,3,0.0
202300032356,155 623 196,Y01,1,1,0,2,1,1,5,0.0
202300032357,155 623 193,A01,1,7,9,1,4,20,1,0.0
202300032358,155 623 192,A01,3,7,0,1,3,15,1,0.0
202300032359,155 623 190,A01,3,7,0,2,3,0,1,0.0
202300032359,155 623 194,B01,0,7,0,2,3,0,1,0.0
202300032360,155 623 188,B01,2,7,0,2,2,1,1,0.0
202300032360,155 623 191,A01,1,31,0,2,1,9,1,0.0
202300032361,155 623 187,B01,2,31,0,2,1,1,1,0.0
202300032361,155 623 189,A01,1,7,0,2,7,15,1,0.0
202300032362,155 623 185,A01,3,7,0,1,2,1,1,0.0
202300032363,155 623 184,A01,1,7,0,1,2,0,1,0.0
202300032364,155 623 183,A01,3,7,0,2,3,26,1,0.0
202300032364,155 623 186,B01,2,30,0,2,5,1,0,0.0
202300032365,155 623 182,A01,2,80,0,0,7,15,3,0.0
202300032366,155 623 181,A01,2,7,1,0,9,1,1,0.0
202300032367,155 623 178,B01,2,7,0,2,1,1,1,0.0
202300032367,155 623 180,A01,1,33,0,2,1,1,1,0.0
202300032368,155 623 175,A01,2,1,9,0,1,1,5,0.0
202300032369,155 623 176,B01,3,2,0,2,1,1,1,0.0
202300032369,155 623 179,A01,3,7,0,2,3,15,1,0.0
202300032370,155 623 174,A01,3,7,0,1,2,1,1,0.0
202300032371,155 623 173,A01,0,7,0,2,4,26,1,0.0
202300032371,155 623 177,B01,0,7,0,1,4,2,1,0.0
202300032372,155 623 166,B01,2,50,1,0,2,1,3,0.0
202300032372,155 623 170,A01,2,7,0,2,0,0,1,0.0
202300032373,155 623 169,A01,1,7,1,0,1,20,3,0.0
202300032374,155 623 168,B01,1,33,0,2,3,1,1,0.0
202300032374,155 623 172,A01,1,7,0,2,3,15,1,0.0
202300032375,155 623 165,A01,1,10,0,2,1,2,1,0.0
202300032375,155 623 167,B01,1,7,0,2,4,2,1,0.0
202300032375,155 623 171,C01,2,10,3,2,3,1,1,0.0
202300032376,155 623 162,A01,1,7,0,9,2,15,2,0.0
202300032376,155 623 164,B01,2,50,0,2,3,1,3,0.0
202300032377,155 623 161,A01,3,31,0,0,8,1,1,0.0