num_acc,id_vehicule,num_veh,senc,catv,obs,obsm,choc,manv,motor,occutc
202300032378,155 623 159,A01,1,7,0,1,1,1,1,0.0
202300032379,155 623 158,A01,1,10,0,2,7,14,1,0.0
202300032379,155 623 160,B01,1,7,0,2,8,26,1,0.0
202300032379,155 623 163,C01,1,7,1,2,8,26,1,0.0
202300032380,155 623 153,B01,1,7,0,0,0,15,1,0.0
202300032380,155 623 156,C01,2,7,0,2,1,1,1,0.0
202300032380,155 623 157,A01,1,7,0,2,1,17,1,0.0
202300032381,155 623 150,B01,3,50,0,2,0,19,3,0.0
202300032381,155 623 154,A01,1,3,0,2,1,7,1,0.0
202300032382,155 623 151,A01,2,43,3,2,1,2,1,0.0
202300032382,155 623 155,B01,2,7,0,0,0,2,1,0.0
202300032383,155 623 148,B01,1,30,0,2,2,1,1,0.0
202300032383,155 623 152,A01,1,7,0,2,6,20,1,0.0
202300032384,155 623 147,B01,2,7,0,2,8,15,1,0.0
202300032384,155 623 149,A01,2,30,0,2,5,17,1,0.0
202300032385,155 623 143,A01,1,7,0,1,1,1,1,0.0
202300032386,155 623 144,A01,1,7,0,1,5,20,1,0.0
202300032387,155 623 140,B01,1,34,0,2,1,0,1,0.0
202300032387,155 623 142,A01,2,7,0,2,5,15,1,0.0
202300032388,155 623 139,A01,2,2,13,0,0,1,1,0.0
202300032389,155 623 136,B01,0,7,0,2,3,23,1,0.0
202300032389,155 623 141,A01,2,32,0,2,1,1,1,0.0
202300032390,155 623 137,A01,2,31,4,0,0,1,1,0.0
202300032391,155 623 134,B01,3,1,0,2,1,19,5,0.0
202300032391,155 623 138,A01,2,7,0,2,2,26,1,0.0
202300032392,155 623 133,A01,1,21,6,0,5,14,1,0.0
202300032393,155 623 132,A01,1,7,13,0,8,1,1,0.0
202300032394,155 623 131,A01,2,10,0,2,1,1,1,0.0
202300032394,155 623 135,B01,3,1,0,2,4,1,5,0.0
202300032395,155 623 129,A01,2,33,4,0,1,14,1,0.0
202300032396,155 623 125,A01,3,7,0,1,3,21,1,0.0
202300032397,155 623 124,A01,3,10,0,2,7,1,1,0.0
202300032397,155 623 128,B01,3,7,0,2,1,1,1,0.0
202300032398,155 623 123,A01,1,43,0,2,1,1,1,0.0
202300032398,155 623 126,B01,1,7,0,2,4,1,1,0.0
202300032399,155 623 122,A01,2,7,0,2,5,23,1,0.0
202300032399,155 623 127,B01,2,7,0,2,4,23,2,0.0
202300032399,155 623 130,C01,2,7,0,2,1,1,1,0.0
202300032400,155 623 119,A01,1,31,9,0,1,1,1,0.0
202300032401,155 623 117,B01,2,33,0,2,1,1,1,0.0
202300032401,155 623 121,A01,1,10,0,2,3,16,1,0.0
202300032402,155 623 118,A01,1,7,0,1,1,1,1,0.0
202300032403,155 623 116,A01,1,7,12,0,3,1,1,0.0
202300032404,155 623 114,A01,1,7,0,1,8,1,1,0.0
202300032405,155 623 111,A01,1,31,0,0,3,2,1,0.0
202300032406,155 623 112,A01,3,3,16,0,2,21,1,0.0
202300032407,155 623 109,A01,2,7,0,2,1,2,1,0.0
202300032407,155 623 113,B01,2,10,0,2,4,2,1,0.0
202300032407,155 623 115,C01,2,7,0,2,4,2,1,0.0
202300032408,155 623 110,A01,3,7,0,1,1,16,1,0.0
202300032409,155 623 107,A01,1,2,0,0,1,1,3,0.0
202300032410,155 623 106,A01,1,7,0,2,3,19,1,0.0
202300032410,155 623 108,B01,1,7,0,2,1,1,1,0.0
202300032411,155 623 104,A01,1,7,0,1,8,2,2,0.0
202300032412,155 623 100,A01,1,7,0,2,1,15,1,0.0
202300032412,155 623 103,B01,2,33,0,2,1,1,1,0.0
202300032413,155 623 102,B01,3,80,0,2,1,0,3,0.0
202300032413,155 623 105,A01,3,7,0,2,1,16,1,0.0
202300032414,155 623 099,A01,1,34,0,2,1,1,1,0.0
202300032414,155 623 101,B01,1,10,0,2,4,23,1,0.0
202300032415,155 623 096,A01,2,33,6,0,8,1,1,0.0
202300032416,155 623 095,A01,3,7,0,2,3,9,1,0.0
202300032416,155 623 098,B01,3,7,0,2,8,1,1,0.0
202300032417,155 623 092,A01,3,7,0,1,1,1,1,0.0
202300032418,155 623 093,B01,2,7,0,2,6,23,2,0.0
202300032418,155 623 097,A01,2,32,0,2,1,1,1,0.0
202300032419,155 623 091,A01,1,2,0,2,2,1,1,0.0
202300032419,155 623 094,B01,3,7,0,2,3,16,2,0.0
202300032420,155 623 090,A01,2,2,0,0,8,1,1,0.0
202300032421,155 623 089,A01,3,7,0,0,1,26,1,0.0
202300032422,155 623 086,A01,2,33,11,0,1,1,1,0.0
202300032423,155 623 087,A01,1,7,0,1,1,16,1,0.0
202300032424,155 623 085,A01,3,7,1,1,3,20,0,0.0
202300032425,155 623 084,B01,1,33,0,2,8,1,1,0.0
202300032425,155 623 088,A01,2,7,0,2,3,15,1,0.0
202300032426,155 623 083,Z01,0,30,0,1,0,0,0,0.0
202300032427,155 623 077,A01,2,33,0,2,1,17,1,0.0
202300032427,155 623 082,B01,2,33,0,2,4,17,1,0.0
202300032428,155 623 075,B01,0,7,0,0,4,2,1,0.0
202300032428,155 623 080,A01,2,7,0,2,1,2,1,0.0
202300032429,155 623 079,A01,2,7,14,0,1,17,1,0.0
202300032430,155 623 078,B01,1,7,0,2,1,2,1,0.0
202300032430,155 623 081,A01,1,10,0,2,4,1,1,0.0
202300032431,155 623 076,A01,1,3,0,1,8,1,0,0.0
202300032432,155 623 074,A01,1,33,2,0,1,1,1,0.0
202300032433,155 623 069,A01,3,99,0,1,2,1,1,0.0
202300032434,155 623 070,A01,3,7,0,2,1,15,1,0.0
202300032434,155 623 073,B01,3,1,0,2,1,15,5,0.0
202300032435,155 623 068,B01,1,7,0,2,3,15,1,0.0
202300032435,155 623 072,A01,2,30,0,2,1,13,1,0.0
202300032436,155 623 067,A01,3,7,0,4,1,15,1,0.0
202300032436,155 623 071,B01,0,40,0,2,8,1,0,0.0
202300032437,155 623 066,A01,2,7,8,0,1,0,0,0.0
202300032438,155 623 063,A01,1,7,0,2,2,2,1,0.0
202300032438,155 623 065,B01,1,33,0,2,0,0,1,0.0
202300032439,155 623 062,B01,2,10,0,2,3,15,1,0.0
202300032439,155 623 064,A01,3,33,0,2,5,17,1,0.0
202300032440,155 623 058,A01,0,7,0,2,1,15,1,0.0
202300032440,155 623 059,B01,0,31,0,2,0,0,1,0.0
202300032441,155 623 057,A01,2,7,0,1,2,1,1,0.0
202300032442,155 623 060,A01,1,7,0,2,1,5,1,0.0
202300032442,155 623 061,B01,1,33,0,2,1,15,1,0.0
202300032443,155 623 055,A01,2,7,0,1,3,15,1,0.0
202300032444,155 623 054,A01,2,15,0,1,2,1,1,0.0
202300032445,155 623 051,B01,3,7,0,2,2,21,1,0.0
202300032445,155 623 056,A01,3,2,0,2,1,16,1,0.0
202300032446,155 623 050,B01,2,1,0,2,8,0,5,0.0
202300032446,155 623 053,A01,2,7,0,2,3,1,1,0.0
202300032447,155 623 049,A01,1,7,0,1,1,1,1,0.0
202300032448,155 623 048,B01,3,33,0,2,1,2,1,0.0
202300032448,155 623 052,A01,3,10,0,2,3,2,0,0.0
202300032449,155 623 045,A01,1,7,0,2,2,13,1,0.0
202300032449,155 623 047,B01,1,50,0,2,1,2,3,0.0
202300032450,155 623 046,A01,1,2,0,0,0,1,1,0.0
202300032451,155 623 041,A01,3,7,0,2,1,26,1,0.0
202300032451,155 623 044,B01,3,7,0,2,1,26,1,0.0
202300032452,155 623 040,B01,2,15,0,0,6,2,1,0.0
202300032452,155 623 043,A01,2,38,0,2,2,1,1,25.0
202300032453,155 623 039,A01,3,7,0,2,2,1,1,0.0
202300032453,155 623 042,B01,3,1,0,2,7,19,5,0.0
202300032454,155 623 036,A01,3,7,0,2,1,2,0,0.0
202300032454,155 623 038,B01,0,32,0,2,7,2,0,0.0
202300032455,155 623 037,A01,1,7,12,0,1,13,1,0.0
202300032456,155 623 033,A01,2,7,4,2,4,12,1,0.0
202300032456,155 623 035,B01,2,13,0,2,3,1,1,0.0
202300032457,155 623 031,A01,2,34,8,0,1,1,1,0.0
202300032458,155 623 030,A01,3,10,0,1,4,26,1,0.0
202300032459,155 623 025,B01,1,7,0,2,5,15,1,0.0
202300032459,155 623 029,C01,1,7,0,0,4,15,1,0.0
202300032459,155 623 032,D01,2,10,0,2,3,1,1,0.0
202300032459,155 623 034,A01,2,7,0,2,1,13,1,0.0
202300032460,155 623 024,A01,1,33,0,2,8,2,1,0.0
202300032460,155 623 028,B01,1,7,0,0,8,1,1,0.0
202300032461,155 623 022,A01,0,32,0,2,8,13,1,0.0
202300032461,155 623 026,B01,0,1,0,2,2,17,5,0.0
202300032462,155 623 021,A01,1,7,0,2,2,0,1,0.0
202300032462,155 623 027,B01,2,7,0,2,1,1,3,0.0
202300032463,155 623 020,A01,1,7,4,0,2,14,1,0.0
202300032464,155 623 017,B01,3,7,0,2,0,0,1,0.0
202300032464,155 623 023,A01,1,30,0,2,0,0,1,0.0
202300032465,155 623 014,A01,2,7,0,2,1,1,1,0.0
202300032465,155 623 018,B01,2,17,0,0,4,1,1,0.0
202300032466,155 623 009,A01,1,7,3,2,3,13,1,0.0
202300032466,155 623 012,B01,2,17,0,2,6,0,1,0.0
202300032467,155 623 010,A01,1,7,0,2,2,12,1,0.0
202300032467,155 623 016,B01,1,7,4,0,5,17,1,0.0
202300032468,155 623 011,A01,2,7,0,2,3,11,1,0.0
202300032468,155 623 013,B01,2,33,0,2,7,1,1,0.0
202300032469,155 623 007,A01,1,10,0,1,1,16,1,0.0
202300032470,155 623 006,B01,2,2,0,2,1,1,1,0.0
202300032470,155 623 008,A01,2,7,0,2,5,16,1,0.0
202300032471,155 623 000,A01,2,33,0,2,1,2,1,0.0
202300032471,155 623 004,B01,2,7,0,2,4,2,1,0.0
202300032472,155 622 998,A01,2,7,0,2,1,9,1,0.0
202300032472,155 623 003,B01,2,7,0,2,3,1,1,0.0
202300032473,155 622 996,A01,1,2,0,2,7,5,1,0.0
202300032473,155 622 999,B01,2,10,0,2,7,21,1,0.0
202300032474,155 622 997,B01,2,33,0,2,3,3,1,0.0
202300032474,155 623 002,C01,2,34,0,2,0,1,1,0.0
202300032474,155 623 005,A01,2,7,0,2,7,12,1,0.0
202300032475,155 622 995,A01,1,7,0,2,3,20,1,0.0
202300032475,155 623 001,B01,1,30,0,2,0,0,1,0.0
202300032476,155 622 994,A01,2,7,2,0,1,14,1,0.0
202300032477,155 622 990,A01,1,7,0,0,5,15,1,0.0
202300032477,155 622 992,B01,2,34,0,2,1,1,1,0.0
202300032478,155 622 988,A01,1,33,1,1,1,1,1,0.0
202300032478,155 622 993,B01,1,10,0,2,8,24,1,0.0
202300032479,155 622 983,B01,1,7,0,2,4,1,2,0.0
202300032479,155 622 985,A01,1,7,0,2,1,1,1,0.0
202300032479,155 622 987,C01,1,33,0,2,5,3,1,0.0
202300032479,155 622 991,D01,1,7,0,2,2,1,2,0.0
202300032480,155 622 980,A01,1,15,0,2,1,1,1,0.0
202300032480,155 622 982,B01,1,10,16,0,3,1,0,0.0
202300032481,155 622 981,A01,1,30,0,1,7,1,3,0.0
202300032482,155 622 974,A01,1,10,0,2,3,26,1,0.0
202300032482,155 622 978,B01,1,10,7,2,2,1,1,0.0
202300032483,155 622 976,B01,2,2,0,2,3,21,0,0.0
202300032483,155 622 979,A01,2,7,0,2,7,22,3,0.0
202300032484,155 622 972,B01,1,7,0,2,3,1,1,0.0
202300032484,155 622 975,A01,2,7,0,2,3,13,1,0.0
202300032485,155 622 973,B01,2,1,0,2,1,9,5,0.0
202300032485,155 622 977,A01,2,7,0,2,1,1,1,0.0
202300032486,155 622 970,A01,1,7,2,0,3,0,0,0.0
202300032487,155 622 968,A01,2,7,0,2,3,1,0,0.0
202300032487,155 622 971,B01,1,50,0,2,1,2,3,0.0
202300032488,155 622 967,A01,1,2,0,2,8,1,1,0.0
202300032488,155 622 969,Z01,1,7,0,0,0,16,0,0.0
202300032489,155 622 965,A01,1,10,0,2,3,13,1,0.0
202300032489,155 622 966,B01,1,50,0,2,1,17,3,0.0
202300032490,155 622 963,A01,2,7,13,0,3,1,1,0.0
202300032491,155 622 964,A01,2,33,15,0,1,0,1,0.0
202300032492,155 622 962,A01,2,7,0,1,2,1,2,0.0
202300032493,155 622 959,A01,1,7,7,0,1,1,2,0.0
202300032494,155 622 957,A01,1,7,0,2,6,0,1,0.0
202300032494,155 622 961,B01,2,15,0,2,1,13,1,0.0
202300032495,155 622 958,A01,1,33,0,2,1,1,1,0.0
202300032495,155 622 960,B01,2,7,0,2,8,15,0,0.0
202300032496,155 622 952,A01,1,34,0,0,8,1,1,0.0
202300032497,155 622 953,Z01,0,50,0,1,1,1,3,0.0
202300032498,155 622 951,A01,2,33,0,2,1,2,1,0.0
202300032498,155 622 954,B01,2,10,0,0,5,15,1,0.0
202300032499,155 622 955,A01,2,7,0,2,1,1,2,0.0
202300032499,155 622 956,B01,2,2,0,2,8,18,3,0.0
202300032500,155 622 943,A01,2,7,3,0,3,1,1,0.0
202300032501,155 622 945,A01,3,33,0,1,1,1,1,0.0
202300032502,155 622 944,A01,1,32,0,2,2,1,1,0.0
202300032502,155 622 948,B01,1,7,0,2,6,11,1,0.0
202300032502,155 622 950,C01,1,7,0,2,4,1,1,0.0
202300032503,155 622 940,A01,1,33,0,0,1,1,1,0.0
202300032504,155 622 937,B01,1,7,0,2,1,1,2,0.0
202300032504,155 622 939,A01,1,80,0,2,8,1,3,0.0
202300032505,155 622 936,E01,1,7,0,2,2,23,1,0.0
202300032505,155 622 938,F01,1,7,0,2,4,23,1,0.0
202300032505,155 622 941,C01,1,10,0,2,7,23,1,0.0
202300032505,155 622 942,G01,1,7,0,2,4,23,1,0.0
202300032505,155 622 946,D01,1,33,0,2,4,23,1,0.0
202300032505,155 622 947,A01,1,7,0,2,1,1,2,0.0
202300032505,155 622 949,B01,1,37,0,2,6,23,6,1.0
202300032506,155 622 933,A01,2,10,0,2,1,2,1,0.0
202300032506,155 622 934,B01,2,7,0,2,4,2,1,0.0
202300032506,155 622 935,C01,2,7,0,0,5,2,1,0.0
202300032507,155 622 930,B01,2,7,0,2,3,15,3,0.0
202300032507,155 622 931,A01,1,33,0,2,1,1,1,0.0
202300032508,155 622 929,A01,3,33,0,2,7,3,1,0.0
202300032508,155 622 932,B01,3,7,0,2,1,23,1,0.0
202300032509,155 622 928,A01,1,7,4,0,8,1,1,0.0
202300032510,155 622 925,A01,1,7,4,0,8,13,1,0.0
202300032511,155 622 926,B01,1,7,0,2,0,13,1,0.0
202300032511,155 622 927,A01,3,1,0,2,7,1,5,0.0
202300032512,155 622 924,A01,1,30,0,1,0,1,0,0.0
202300032513,155 622 923,A01,2,33,14,0,8,1,1,0.0
202300032514,155 622 921,A01,3,7,0,2,3,13,1,0.0
202300032514,155 622 922,B01,3,34,0,2,1,1,1,0.0
202300032515,155 622 920,A01,1,33,0,1,1,1,1,0.0
202300032516,155 622 919,A01,1,7,2,0,2,14,1,0.0
202300032517,155 622 917,A01,2,10,0,1,2,16,1,0.0
202300032518,155 622 916,A01,3,2,0,2,7,21,3,0.0
202300032518,155 622 918,B01,3,7,0,2,0,15,1,0.0
202300032519,155 622 914,A01,3,21,0,2,3,15,1,0.0
202300032519,155 622 915,B01,2,30,0,0,1,16,1,0.0
202300032520,155 622 913,A01,3,32,0,1,1,1,1,0.0
202300032521,155 622 911,A01,2,7,0,2,3,1,3,0.0
202300032521,155 622 912,B01,1,1,0,2,7,1,5,0.0
202300032522,155 622 909,A01,2,7,0,2,6,15,1,0.0
202300032522,155 622 910,B01,2,50,0,2,1,2,3,0.0
202300032523,155 622 905,A01,2,33,0,2,1,2,1,0.0
202300032523,155 622 908,B01,2,7,0,2,7,15,1,0.0
202300032524,155 622 906,B01,1,43,0,2,3,11,1,0.0
202300032524,155 622 907,A01,1,7,0,2,2,12,2,0.0
202300032525,155 622 904,A01,2,33,13,0,1,1,1,0.0
202300032526,155 622 901,A01,3,10,13,0,3,26,1,0.0
202300032527,155 622 900,Z01,1,7,0,2,7,12,1,0.0
202300032527,155 622 903,A01,1,32,0,2,3,18,1,0.0
202300032528,155 622 899,A01,0,7,0,2,1,26,1,0.0
202300032528,155 622 902,B01,0,33,0,0,1,15,1,0.0
202300032529,155 622 898,A01,1,2,0,0,9,16,1,0.0
202300032530,155 622 897,A01,1,30,0,0,0,2,1,0.0
202300032531,155 622 894,B01,3,34,0,2,1,1,1,0.0
202300032531,155 622 896,A01,3,7,16,0,4,14,1,0.0
202300032532,155 622 893,A01,1,7,0,2,3,9,1,0.0
202300032532,155 622 895,B01,1,1,0,2,0,1,5,0.0
202300032533,155 622 891,A01,1,7,0,2,1,1,1,0.0
202300032533,155 622 892,B01,3,50,0,2,7,19,3,0.0
202300032534,155 622 887,Z01,1,7,0,1,0,0,1,0.0
202300032535,155 622 888,B01,1,50,0,2,8,14,3,0.0
202300032535,155 622 890,A01,2,7,0,2,1,1,1,0.0
202300032536,155 622 886,B01,1,99,0,2,1,1,1,0.0
202300032536,155 622 889,A01,2,7,0,2,1,13,1,0.0
202300032537,155 622 882,A01,2,7,0,9,6,15,1,0.0
202300032537,155 622 884,B01,1,1,0,2,2,1,5,0.0
202300032538,155 622 880,Z01,2,7,0,2,2,1,0,0.0
202300032538,155 622 885,B01,1,7,6,2,3,9,1,0.0
202300032539,155 622 881,B01,3,30,0,2,1,1,1,0.0
202300032539,155 622 883,A01,1,7,0,2,2,1,1,0.0
202300032540,155 622 877,A01,0,1,0,2,1,5,5,0.0
202300032540,155 622 879,B01,0,1,0,2,1,1,5,0.0
202300032541,155 622 876,B01,2,2,0,2,1,1,1,0.0
202300032541,155 622 878,A01,1,7,0,2,1,13,1,0.0
202300032542,155 622 875,A01,3,10,0,1,1,1,4,0.0
202300032543,155 622 874,A01,0,7,0,1,1,1,0,0.0
202300032544,155 622 870,B01,2,7,0,2,2,1,1,0.0
202300032544,155 622 873,A01,1,7,0,2,3,9,1,0.0
202300032545,155 622 871,A01,1,34,0,2,2,17,1,0.0
202300032545,155 622 872,B01,1,10,0,2,3,15,1,0.0
202300032546,155 622 869,A01,3,7,0,1,3,0,2,0.0
202300032547,155 622 866,A01,2,31,0,2,2,5,1,0.0
202300032547,155 622 867,B01,1,7,0,2,3,1,1,0.0
202300032548,155 622 865,A01,1,7,0,2,7,13,1,0.0
202300032548,155 622 868,B01,2,7,0,2,1,1,1,0.0
202300032549,155 622 862,C01,1,7,0,2,4,2,2,0.0
202300032549,155 622 863,A01,2,7,0,2,1,2,1,0.0
202300032549,155 622 864,B01,1,7,0,2,4,2,1,0.0
202300032550,155 622 861,A01,1,32,0,1,2,17,1,0.0
202300032551,155 622 859,A01,1,7,8,2,3,1,1,0.0
202300032551,155 622 860,B01,2,7,0,2,2,19,1,0.0
202300032552,155 622 857,A01,2,10,0,2,2,26,1,0.0
202300032552,155 622 858,B01,2,7,9,2,3,1,1,0.0
202300032553,155 622 855,A01,1,7,0,2,2,12,1,0.0
202300032553,155 622 856,B01,1,37,0,2,3,1,1,2.0
202300032554,155 622 852,A01,3,7,0,2,3,9,1,0.0
202300032554,155 622 854,B01,3,80,0,2,7,1,3,0.0
202300032555,155 622 851,A01,2,1,0,2,1,5,5,0.0
202300032555,155 622 853,B01,2,7,0,2,1,1,1,0.0
202300032556,155 622 847,A01,1,7,0,0,3,1,1,0.0
202300032556,155 622 849,B01,2,7,0,2,3,13,1,0.0
202300032557,155 622 845,C01,1,3,0,9,0,15,0,0.0
202300032557,155 622 848,A01,1,3,0,2,3,21,0,0.0
202300032557,155 622 850,B01,2,34,0,2,3,1,0,0.0
202300032558,155 622 846,A01,3,10,0,1,1,1,0,0.0
202300032559,155 622 841,A01,0,7,0,2,3,1,1,0.0
202300032559,155 622 843,B01,0,30,0,2,1,0,3,0.0
202300032560,155 622 838,A01,1,99,0,2,3,15,1,0.0
202300032560,155 622 840,B01,2,1,0,2,1,1,5,0.0
202300032561,155 622 837,A01,1,7,0,2,1,19,1,0.0
202300032561,155 622 839,B01,2,7,0,2,3,0,1,0.0
202300032561,155 622 842,D01,2,7,0,2,1,0,3,0.0
202300032561,155 622 844,C01,2,32,3,2,3,0,1,0.0
202300032562,155 622 835,B01,1,34,0,2,1,3,1,0.0
202300032562,155 622 836,A01,2,7,0,2,3,15,0,0.0
202300032563,155 622 832,A01,2,33,15,0,1,0,1,0.0
202300032563,155 622 833,B01,1,7,0,0,1,0,1,0.0
202300032563,155 622 834,C01,1,7,0,0,1,0,1,0.0
202300032564,155 622 831,A01,1,7,0,1,3,1,1,0.0
202300032565,155 622 830,A01,2,1,0,0,0,1,5,0.0
202300032566,155 622 827,A01,3,30,0,2,1,19,1,0.0
202300032566,155 622 829,B01,1,7,0,2,3,1,1,0.0
202300032567,155 622 825,A01,3,2,0,2,5,1,1,0.0
202300032567,155 622 826,B01,3,7,0,2,2,3,1,0.0
202300032568,155 622 824,B01,1,60,0,2,1,26,5,0.0
202300032568,155 622 828,A01,2,7,0,2,3,26,1,0.0
202300032569,155 622 823,A01,1,50,8,0,1,0,3,0.0
202300032570,155 622 822,A01,1,80,8,0,1,0,3,0.0
202300032571,155 622 819,B01,1,1,0,2,4,13,5,0.0
202300032571,155 622 821,A01,1,10,0,2,1,1,1,0.0
202300032572,155 622 820,A01,1,7,0,1,2,16,0,0.0
202300032573,155 622 815,A01,1,7,0,2,3,20,1,0.0
202300032573,155 622 818,B01,1,30,0,2,1,1,3,0.0
202300032574,155 622 816,A01,0,21,0,0,0,15,6,0.0
202300032575,155 622 814,B01,1,30,0,2,1,2,0,0.0
202300032575,155 622 817,A01,2,7,0,2,3,17,1,0.0
202300032576,155 622 812,A01,1,33,0,0,1,17,1,0.0
202300032577,155 622 811,B01,2,31,0,2,2,21,1,0.0
202300032577,155 622 813,A01,3,7,0,2,3,15,1,0.0
202300032578,155 622 809,A01,0,33,0,0,0,0,1,0.0
202300032579,155 622 810,A01,1,7,1,1,2,1,1,0.0
202300032580,155 622 806,A01,1,7,0,2,1,1,1,0.0
202300032580,155 622 808,B01,2,7,0,2,1,13,1,0.0
202300032581,155 622 804,A01,1,7,2,2,1,1,1,0.0
202300032581,155 622 807,B01,1,7,0,2,4,1,1,0.0
202300032582,155 622 803,A01,2,2,6,0,1,1,1,0.0
202300032583,155 622 801,A01,2,7,0,2,1,2,0,0.0
202300032583,155 622 802,B01,2,7,0,0,4,1,0,0.0
202300032584,155 622 805,A01,3,7,0,1,3,15,1,0.0
202300032585,155 622 799,B01,2,1,0,0,4,1,5,0.0
202300032585,155 622 800,A01,2,7,0,2,2,1,1,0.0
202300032586,155 622 792,A01,2,7,0,2,1,2,1,0.0
202300032586,155 622 796,B01,2,15,0,0,4,2,1,0.0
202300032587,155 622 791,B01,2,33,0,2,1,1,0,0.0
202300032587,155 622 794,A01,2,7,0,0,4,0,0,0.0
202300032587,155 622 795,C01,2,7,0,0,9,1,0,0.0
202300032587,155 622 798,D01,2,7,0,2,1,1,0,0.0
202300032588,155 622 793,B01,3,10,0,9,3,1,1,0.0
202300032588,155 622 797,A01,0,1,0,0,0,0,5,0.0
202300032589,155 622 790,A01,2,31,0,0,7,3,1,0.0
202300032590,155 622 788,A01,2,1,0,2,7,1,5,0.0
202300032590,155 622 789,B01,0,7,0,2,3,9,0,0.0
202300032591,155 622 785,A01,2,7,0,1,2,16,1,0.0
202300032592,155 622 783,A01,3,7,0,2,2,19,1,0.0
202300032592,155 622 787,B01,1,33,0,2,5,2,1,0.0
202300032593,155 622 784,A01,2,31,0,9,1,2,0,0.0
202300032593,155 622 786,B01,2,1,0,0,4,2,5,0.0
202300032594,155 622 778,A01,2,7,0,2,1,13,2,0.0
202300032594,155 622 781,B01,1,34,0,2,1,1,1,0.0
202300032595,155 622 779,A01,1,2,0,2,3,1,1,0.0
202300032595,155 622 782,B01,1,10,1,2,2,15,0,0.0
202300032596,155 622 777,A01,1,7,0,2,1,1,1,0.0
202300032596,155 622 780,B01,1,17,0,0,0,1,1,0.0
202300032597,155 622 776,A01,1,33,0,0,5,1,1,0.0
202300032598,155 622 771,A01,1,50,0,2,1,2,3,0.0
202300032598,155 622 774,B01,1,7,0,2,4,23,1,0.0
202300032599,155 622 770,A01,1,7,0,0,1,13,0,0.0
202300032599,155 622 772,B01,2,10,0,0,1,1,0,0.0
202300032600,155 622 766,A01,2,7,0,2,3,16,1,0.0
202300032600,155 622 767,B01,3,7,0,2,3,23,1,0.0
202300032601,155 622 765,A01,2,32,0,1,1,1,0,0.0
202300032602,155 622 763,A01,1,7,0,2,4,23,1,0.0
202300032602,155 622 764,B01,1,7,0,2,1,1,1,0.0
202300032603,155 622 761,A01,2,7,0,2,1,1,0,0.0
202300032603,155 622 762,B01,1,7,0,2,1,1,1,0.0
202300032604,155 622 758,B01,2,10,0,9,6,15,1,0.0
202300032604,155 622 760,A01,2,32,16,0,7,17,1,0.0
202300032605,155 622 755,A01,2,7,9,2,8,15,1,0.0
202300032605,155 622 757,B01,2,7,9,2,2,15,1,0.0
202300032606,155 622 756,A01,1,34,0,2,3,9,1,0.0
202300032606,155 622 759,B01,2,7,0,2,3,21,1,0.0
202300032607,155 622 753,A01,1,13,0,1,3,5,1,0.0
202300032608,155 622 752,A01,1,7,0,9,7,15,1,0.0
202300032608,155 622 754,B01,2,1,0,2,1,1,5,0.0
202300032609,155 622 749,A01,1,7,0,2,7,26,1,0.0
202300032609,155 622 751,B01,2,7,0,2,1,1,1,0.0
202300032610,155 622 748,A01,1,15,0,2,3,12,1,0.0
202300032610,155 622 750,B01,1,7,0,0,5,1,1,0.0
202300032611,155 622 745,A01,1,2,0,2,1,1,1,0.0
202300032611,155 622 747,B01,2,7,0,2,1,15,1,0.0
202300032612,155 622 744,B01,2,7,0,2,1,1,0,0.0
202300032612,155 622 746,A01,1,7,0,2,1,5,1,0.0
202300032613,155 622 742,A01,1,7,0,2,1,1,1,0.0
202300032613,155 622 743,B01,1,7,0,2,4,1,1,0.0
202300032614,155 622 741,A01,0,7,0,1,1,15,1,0.0
202300032615,155 622 739,A01,1,7,0,0,8,15,1,0.0
202300032615,155 622 740,B01,2,33,0,0,1,17,1,0.0
202300032616,155 622 736,A01,2,7,0,0,9,1,1,0.0
202300032617,155 622 737,B01,2,7,0,2,3,1,1,0.0
202300032617,155 622 738,A01,1,2,0,2,1,13,1,0.0
202300032618,155 622 731,A01,1,2,0,2,1,1,1,0.0
202300032618,155 622 734,B01,2,50,0,2,1,5,3,0.0
202300032619,155 622 732,A01,2,7,4,0,4,23,1,0.0
202300032619,155 622 735,B01,2,7,0,2,1,21,1,0.0
202300032620,155 622 730,B01,1,7,0,2,3,1,1,0.0
202300032620,155 622 733,A01,2,2,0,2,3,5,1,0.0
202300032621,155 622 728,A01,1,31,5,0,1,17,1,0.0
202300032622,155 622 727,B01,3,33,0,0,5,1,1,0.0
202300032622,155 622 729,A01,0,7,0,2,2,15,1,0.0
202300032623,155 622 726,A01,2,7,0,1,1,1,0,0.0
202300032624,155 622 725,A01,1,7,2,0,2,14,1,0.0
202300032625,155 622 721,B01,2,33,0,2,1,17,0,0.0
202300032625,155 622 724,A01,2,7,0,2,8,15,0,0.0
202300032626,155 622 720,A01,1,7,0,2,3,26,1,0.0
202300032626,155 622 723,B01,2,32,0,2,1,1,1,0.0
202300032627,155 622 719,A01,2,7,0,1,1,1,1,0.0
202300032627,155 622 722,B01,2,7,0,2,3,1,1,0.0
202300032628,155 622 718,A01,2,7,0,1,2,19,1,0.0
202300032629,155 622 716,A01,0,10,0,2,2,17,1,0.0
202300032629,155 622 717,B01,0,2,0,2,1,2,1,0.0