num_acc,id_vehicule,num_veh,senc,catv,obs,obsm,choc,manv,motor,occutc
202300032630,155 622 713,A01,1,33,0,0,7,1,1,0.0
202300032631,155 622 711,A01,2,7,0,2,1,0,1,0.0
202300032631,155 622 714,B01,1,7,0,2,1,0,1,0.0
202300032632,155 622 710,B01,2,33,0,2,5,2,1,0.0
202300032632,155 622 712,A01,2,10,0,2,1,15,1,0.0
202300032633,155 622 709,A01,2,33,0,1,1,3,1,0.0
202300032634,155 622 706,A01,0,7,0,2,2,9,1,0.0
202300032634,155 622 708,B01,1,1,0,2,3,2,5,0.0
202300032635,155 622 703,B01,1,7,0,2,1,17,1,0.0
202300032635,155 622 707,A01,1,15,0,2,4,16,1,0.0
202300032636,155 622 702,A01,2,7,2,0,8,1,1,0.0
202300032637,155 622 704,A01,1,7,0,2,4,2,1,0.0
202300032637,155 622 705,B01,1,10,0,2,1,2,1,0.0
202300032638,155 622 700,A01,1,10,0,1,3,1,1,0.0
202300032639,155 622 697,B01,1,10,0,2,4,1,1,0.0
202300032639,155 622 699,A01,1,10,0,2,1,2,1,0.0
202300032640,155 622 695,A01,2,7,0,2,2,13,1,0.0
202300032640,155 622 698,B01,1,33,0,2,1,1,1,0.0
202300032641,155 622 696,A01,2,7,16,0,0,1,1,0.0
202300032642,155 622 693,A01,1,31,12,0,1,1,6,0.0
202300032643,155 622 692,A01,1,7,0,2,1,1,2,0.0
202300032643,155 622 694,B01,2,7,0,2,7,13,1,0.0
202300032644,155 622 689,A01,2,7,0,2,7,17,1,0.0
202300032644,155 622 690,B01,2,33,0,0,8,1,1,0.0
202300032645,155 622 688,B01,2,7,0,2,8,1,1,0.0
202300032645,155 622 691,A01,3,7,0,2,1,19,1,0.0
202300032646,155 622 687,A01,3,21,9,0,1,1,1,0.0
202300032647,155 622 686,A01,1,7,0,1,2,1,1,0.0
202300032648,155 622 685,A01,2,50,0,0,0,1,3,0.0
202300032649,155 622 683,A01,1,10,0,1,1,1,1,0.0
202300032650,155 622 682,A01,0,7,0,2,2,5,1,0.0
202300032650,155 622 684,B01,0,33,0,2,1,0,1,0.0
202300032651,155 622 679,A01,1,7,0,1,2,1,1,0.0
202300032652,155 622 680,A01,2,7,0,2,7,1,1,0.0
202300032652,155 622 681,B01,1,33,0,2,8,1,1,0.0
202300032653,155 622 676,B01,1,7,0,0,8,1,0,0.0
202300032653,155 622 678,A01,1,7,0,2,1,1,0,0.0
202300032654,155 622 675,A01,1,2,0,0,3,1,1,0.0
202300032655,155 622 674,A01,2,33,1,0,1,2,1,0.0
202300032655,155 622 677,B01,2,7,0,0,6,2,1,0.0
202300032656,155 622 669,A01,2,7,0,2,3,2,1,0.0
202300032656,155 622 671,B01,2,33,0,0,4,15,1,0.0
202300032657,155 622 670,A01,1,33,0,2,1,17,1,0.0
202300032657,155 622 673,B01,1,7,0,2,3,15,1,0.0
202300032658,155 622 672,A01,3,7,0,1,3,15,1,0.0
202300032659,155 622 667,A01,1,36,0,1,0,0,0,0.0
202300032660,155 622 664,A01,1,7,12,0,8,13,0,0.0
202300032661,155 622 663,B01,1,2,0,2,1,1,1,0.0
202300032661,155 622 666,A01,2,7,0,2,1,19,1,0.0
202300032662,155 622 660,A01,1,32,0,2,6,0,0,0.0
202300032662,155 622 662,B01,1,7,0,2,2,0,1,0.0
202300032663,155 622 659,A01,1,10,2,0,8,14,1,0.0
202300032664,155 622 658,A01,2,7,0,9,1,1,1,0.0
202300032664,155 622 661,B01,2,1,0,2,4,1,5,0.0
202300032665,155 622 656,A01,1,7,0,2,2,2,1,0.0
202300032665,155 622 657,B01,1,7,0,2,6,18,1,0.0
202300032666,155 622 653,A01,2,7,0,2,3,13,1,0.0
202300032666,155 622 655,B01,1,7,0,2,3,1,1,0.0
202300032667,155 622 652,B01,1,21,0,2,1,1,1,0.0
202300032667,155 622 654,A01,2,7,13,2,1,1,2,0.0
202300032668,155 622 650,A01,2,7,0,2,2,21,1,0.0
202300032668,155 622 651,B01,2,7,0,2,6,0,1,0.0
202300032669,155 622 645,B01,1,10,0,9,0,1,1,0.0
202300032669,155 622 648,A01,1,7,16,0,1,1,1,0.0
202300032670,155 622 646,B01,1,33,0,0,7,21,1,0.0
202300032670,155 622 649,A01,1,10,0,2,1,9,1,0.0
202300032671,155 622 647,A01,1,7,0,1,3,1,1,0.0
202300032672,155 622 641,A01,1,14,0,2,2,12,0,0.0
202300032672,155 622 643,B01,1,7,4,2,8,1,0,0.0
202300032673,155 622 638,A01,2,10,0,2,1,2,1,0.0
202300032673,155 622 639,B01,2,7,0,2,6,2,1,0.0
202300032673,155 622 642,C01,2,7,0,2,5,2,3,0.0
202300032674,155 622 640,B01,2,7,0,2,1,1,1,0.0
202300032674,155 622 644,A01,1,7,0,2,1,15,1,0.0
202300032675,155 622 631,A01,1,10,0,2,1,2,1,0.0
202300032675,155 622 634,B01,1,7,3,2,4,0,1,0.0
202300032675,155 622 636,C01,1,10,0,2,4,26,1,0.0
202300032675,155 622 637,D01,2,7,3,2,4,2,1,0.0
202300032676,155 622 633,A01,1,7,0,2,3,13,1,0.0
202300032676,155 622 635,B01,2,7,0,2,3,1,1,0.0
202300032677,155 622 632,A01,1,7,0,1,3,1,1,0.0
202300032678,155 622 628,B01,2,7,0,2,4,1,1,0.0
202300032678,155 622 630,A01,2,43,0,2,1,3,1,0.0
202300032679,155 622 627,B01,1,7,0,2,1,1,1,0.0
202300032679,155 622 629,A01,1,10,0,2,7,1,1,0.0
202300032680,155 622 626,A01,2,7,0,0,0,13,1,0.0
202300032681,155 622 624,A01,1,7,2,0,1,2,1,0.0
202300032682,155 622 622,A01,1,7,0,2,3,11,1,0.0
202300032682,155 622 625,B01,1,7,0,2,8,1,1,0.0
202300032683,155 622 623,A01,1,7,2,0,2,1,1,0.0
202300032684,155 622 621,A01,1,7,0,1,1,1,1,0.0
202300032685,155 622 619,A01,2,7,0,2,1,2,1,0.0
202300032685,155 622 620,B01,2,7,0,2,6,2,3,0.0
202300032686,155 622 615,A01,1,10,0,2,1,0,1,0.0
202300032686,155 622 617,B01,1,7,0,2,1,1,1,0.0
202300032687,155 622 616,A01,1,2,10,2,8,1,1,0.0
202300032687,155 622 618,B01,2,13,0,2,6,1,1,0.0
202300032688,155 622 614,A01,2,7,13,0,2,1,3,0.0
202300032689,155 622 611,A01,2,7,0,2,8,1,1,0.0
202300032689,155 622 613,B01,2,13,0,2,2,12,1,0.0
202300032690,155 622 612,A01,3,2,0,0,0,1,1,0.0
202300032691,155 622 607,B01,1,7,0,2,3,1,1,0.0
202300032691,155 622 610,A01,2,7,0,2,3,15,1,0.0
202300032692,155 622 605,A01,1,7,0,1,3,0,1,0.0
202300032693,155 622 604,C01,1,7,0,0,1,1,0,0.0
202300032693,155 622 606,A01,2,7,0,2,3,13,0,0.0
202300032693,155 622 608,B01,2,7,0,0,6,15,0,0.0
202300032694,155 622 603,A01,0,7,0,1,1,26,1,0.0
202300032695,155 622 609,A01,3,10,0,1,3,15,1,0.0
202300032696,155 622 601,A01,1,7,0,2,1,13,1,0.0
202300032696,155 622 602,B01,2,7,0,2,1,1,1,0.0
202300032697,155 622 599,A01,1,7,0,2,1,9,1,0.0
202300032697,155 622 600,B01,2,1,0,2,1,1,6,0.0
202300032698,155 622 598,A01,0,7,6,0,0,0,1,0.0
202300032699,155 622 596,A01,1,7,0,2,1,13,1,0.0
202300032699,155 622 597,B01,2,7,0,2,1,1,1,0.0
202300032700,155 622 594,A01,1,7,0,2,1,13,0,0.0
202300032700,155 622 595,B01,1,7,0,2,1,21,0,0.0
202300032701,155 622 591,A01,1,7,0,0,0,2,0,0.0
202300032701,155 622 592,B01,1,7,0,0,0,17,0,0.0
202300032702,155 622 589,A01,2,7,0,2,2,17,1,0.0
202300032702,155 622 590,B01,2,30,0,2,1,1,1,0.0
202300032703,155 622 588,A01,2,7,0,2,3,9,1,0.0
202300032703,155 622 593,B01,1,7,0,2,1,1,1,0.0
202300032704,155 622 586,A01,1,33,3,0,9,17,1,0.0
202300032705,155 622 585,B01,2,33,0,2,1,1,1,0.0
202300032705,155 622 587,A01,1,7,0,0,8,15,1,0.0
202300032706,155 622 582,B01,3,30,0,2,1,1,1,0.0
202300032706,155 622 584,A01,3,7,0,2,4,0,1,0.0
202300032707,155 622 580,A01,1,7,0,2,1,1,0,0.0
202300032707,155 622 581,B01,2,7,0,2,3,5,0,0.0
202300032708,155 622 577,A01,1,7,0,2,1,26,1,0.0
202300032708,155 622 579,B01,2,7,0,2,1,13,1,0.0
202300032709,155 622 578,A01,1,7,0,2,2,15,1,0.0
202300032709,155 622 583,B01,2,2,0,2,1,1,1,0.0
202300032710,155 622 576,A01,3,7,13,0,9,1,0,0.0
202300032711,155 622 573,A01,2,7,4,2,2,16,1,0.0
202300032711,155 622 575,B01,2,7,0,2,3,15,1,0.0
202300032712,155 622 570,A01,2,7,0,2,2,0,1,0.0
202300032712,155 622 571,B01,1,7,0,2,3,1,1,0.0
202300032712,155 622 574,C01,2,20,0,2,6,1,1,0.0
202300032713,155 622 572,A01,1,2,0,0,0,1,1,0.0
202300032714,155 622 567,A01,2,7,0,2,1,1,1,0.0
202300032714,155 622 569,B01,2,7,0,2,4,1,1,0.0
202300032715,155 622 562,E01,2,7,13,2,1,23,1,0.0
202300032715,155 622 565,A01,1,15,11,2,1,15,1,0.0
202300032715,155 622 568,C01,1,15,11,2,1,1,1,0.0
202300032716,155 622 563,B01,2,7,0,2,2,11,1,0.0
202300032716,155 622 564,A01,1,2,0,2,8,1,1,0.0
202300032717,155 622 561,B01,2,21,0,2,8,15,1,0.0
202300032717,155 622 566,A01,2,17,0,2,2,17,1,0.0
202300032718,155 622 560,A01,2,33,0,0,0,26,1,0.0
202300032719,155 622 558,A01,3,7,0,2,3,16,1,0.0
202300032719,155 622 559,B01,3,1,0,2,1,19,5,0.0
202300032720,155 622 556,A01,2,7,13,0,1,1,2,0.0
202300032721,155 622 553,A01,1,10,0,2,1,2,1,0.0
202300032721,155 622 555,B01,1,7,0,2,4,23,1,0.0
202300032722,155 622 552,B01,1,7,0,2,1,1,1,0.0
202300032722,155 622 557,A01,2,7,0,2,6,15,2,0.0
202300032723,155 622 550,C01,2,10,0,0,3,24,1,0.0
202300032723,155 622 551,A01,2,7,1,0,2,17,1,0.0
202300032723,155 622 554,B01,2,7,0,0,8,1,2,0.0
202300032724,155 622 548,A01,1,7,0,2,2,1,1,0.0
202300032724,155 622 549,B01,1,33,0,2,4,11,1,0.0
202300032725,155 622 545,A01,2,7,1,0,1,0,1,0.0
202300032726,155 622 544,A01,1,15,0,2,2,1,1,0.0
202300032726,155 622 546,B01,2,7,0,0,4,0,1,0.0
202300032727,155 622 543,A01,1,7,15,0,1,14,1,0.0
202300032728,155 622 541,B01,1,50,0,2,8,18,3,0.0
202300032728,155 622 547,A01,1,15,0,2,7,2,1,0.0
202300032729,155 622 539,A01,2,7,0,2,3,15,1,0.0
202300032729,155 622 542,B01,1,30,0,2,1,1,1,0.0
202300032730,155 622 538,B01,3,10,0,2,3,1,1,0.0
202300032730,155 622 540,A01,1,33,0,2,1,1,1,0.0
202300032731,155 622 535,A01,1,2,0,2,1,2,1,0.0
202300032731,155 622 537,B01,1,7,0,2,4,1,1,0.0
202300032732,155 622 534,A01,0,7,0,0,1,0,1,0.0
202300032733,155 622 533,B01,2,33,16,0,7,1,1,0.0
202300032733,155 622 536,A01,0,7,0,0,0,0,1,0.0
202300032734,155 622 531,A01,1,7,0,2,1,1,1,0.0
202300032734,155 622 532,B01,3,1,0,2,7,19,5,0.0
202300032735,155 622 527,A01,1,7,0,2,3,15,1,0.0
202300032735,155 622 529,B01,2,33,3,2,1,18,1,0.0
202300032736,155 622 525,A01,1,7,8,0,0,13,1,0.0
202300032737,155 622 530,A01,1,33,2,0,1,13,1,0.0
202300032738,155 622 523,A01,2,99,0,0,0,0,3,0.0
202300032739,155 622 518,A01,0,7,0,2,3,16,1,0.0
202300032739,155 622 521,B01,3,30,0,0,0,0,1,0.0
202300032740,155 622 519,A01,2,30,0,2,1,2,1,0.0
202300032740,155 622 522,B01,2,7,0,0,6,2,1,0.0
202300032741,155 622 517,B01,1,1,0,0,4,2,5,0.0
202300032741,155 622 520,A01,1,7,0,2,2,2,1,0.0
202300032742,155 622 514,B01,1,7,1,2,8,1,1,0.0
202300032742,155 622 516,A01,1,7,1,2,1,9,1,0.0
202300032743,155 622 510,A01,1,7,2,0,5,1,1,0.0
202300032744,155 622 512,B01,1,2,0,2,1,1,1,0.0
202300032744,155 622 513,A01,1,10,0,2,2,15,1,0.0
202300032745,155 622 508,A01,2,30,12,0,7,1,6,0.0
202300032746,155 622 509,A01,2,13,0,2,2,14,1,0.0
202300032746,155 622 511,B01,2,7,4,0,6,1,1,0.0
202300032746,155 622 515,C01,2,10,0,2,1,1,1,0.0
202300032747,155 622 506,A01,3,7,0,9,3,9,0,0.0
202300032747,155 622 507,B01,0,50,0,0,8,11,3,0.0
202300032748,155 622 504,B01,1,7,0,2,1,1,1,0.0
202300032748,155 622 505,A01,1,32,0,2,8,1,1,0.0
202300032749,155 622 501,A01,3,7,0,2,2,16,1,0.0
202300032749,155 622 502,B01,3,30,0,2,1,1,1,0.0
202300032750,155 622 503,A01,3,7,0,1,1,16,1,0.0
202300032751,155 622 499,B01,3,31,0,2,1,1,1,0.0
202300032751,155 622 500,A01,3,7,0,2,2,15,1,0.0
202300032752,155 622 497,A01,1,7,1,0,1,1,1,0.0
202300032753,155 622 495,A01,1,7,0,0,5,23,3,0.0
202300032753,155 622 498,B01,1,7,0,2,1,2,1,0.0
202300032754,155 622 493,B01,0,33,0,2,1,1,1,0.0
202300032754,155 622 494,A01,0,10,0,2,8,26,3,0.0
202300032755,155 622 492,A01,2,1,15,9,1,2,5,0.0
202300032756,155 622 489,B01,2,7,0,2,3,2,1,0.0
202300032756,155 622 491,A01,1,1,0,2,1,19,5,0.0
202300032757,155 622 490,B01,1,15,0,2,4,1,1,0.0
202300032757,155 622 496,A01,1,7,0,2,1,1,1,0.0
202300032758,155 622 487,A01,2,7,0,0,9,1,1,0.0
202300032759,155 622 484,A01,1,7,0,2,1,1,1,0.0
202300032759,155 622 488,B01,2,7,0,2,2,1,1,0.0
202300032760,155 622 486,A01,2,7,0,0,0,20,1,0.0
202300032761,155 622 483,A01,1,7,0,2,1,9,0,0.0
202300032761,155 622 485,B01,2,50,0,2,7,1,3,0.0
202300032762,155 622 480,A01,1,10,0,2,1,13,1,0.0
202300032762,155 622 481,B01,2,1,0,2,1,16,5,0.0
202300032763,155 622 477,A01,1,2,13,0,4,2,1,0.0
202300032763,155 622 479,B01,1,0,0,2,1,2,0,0.0
202300032764,155 622 478,A01,2,32,0,2,1,2,1,0.0
202300032764,155 622 482,B01,2,7,0,2,5,2,1,0.0
202300032765,155 622 475,A01,2,7,0,9,3,0,1,0.0
202300032765,155 622 476,B01,1,1,0,2,3,1,5,0.0
202300032766,155 622 471,A01,0,7,0,2,3,16,1,0.0
202300032766,155 622 474,B01,2,7,0,2,2,1,1,0.0
202300032767,155 622 472,A01,1,7,0,0,1,1,1,0.0
202300032767,155 622 473,B01,2,7,0,0,8,1,1,0.0
202300032768,155 622 469,B01,1,1,0,2,1,1,5,0.0
202300032768,155 622 470,A01,2,7,0,9,2,15,1,0.0
202300032769,155 622 465,A01,2,10,0,2,7,15,1,0.0
202300032769,155 622 467,B01,1,33,0,2,1,1,1,0.0
202300032770,155 622 466,A01,0,7,0,2,1,9,0,0.0
202300032770,155 622 468,B01,0,7,0,2,3,1,0,0.0
202300032771,155 622 463,B01,1,34,0,2,3,18,0,0.0
202300032771,155 622 464,A01,1,10,0,2,7,16,0,0.0
202300032772,155 622 460,A01,1,7,0,2,4,1,1,0.0
202300032772,155 622 462,B01,1,7,0,2,1,2,1,0.0
202300032773,155 622 459,A01,2,33,0,0,1,1,1,0.0
202300032773,155 622 461,B01,1,30,0,0,7,0,1,0.0
202300032774,155 622 454,A01,3,7,0,2,1,2,1,0.0
202300032774,155 622 457,B01,0,7,0,0,4,2,1,0.0
202300032775,155 622 452,A01,1,7,0,2,6,1,1,0.0
202300032775,155 622 455,B01,1,7,0,2,8,1,1,0.0
202300032775,155 622 458,Z01,1,13,0,2,2,14,1,0.0
202300032776,155 622 453,B01,3,7,0,2,4,2,1,0.0
202300032776,155 622 456,A01,3,30,0,2,1,2,1,0.0
202300032777,155 622 448,A01,2,7,0,2,4,1,1,0.0
202300032777,155 622 451,B01,2,7,0,2,1,1,1,0.0
202300032778,155 622 447,C01,2,7,0,2,1,13,1,0.0
202300032778,155 622 449,B01,2,7,0,2,7,1,1,0.0
202300032778,155 622 450,A01,2,7,0,2,4,1,1,0.0
202300032779,155 622 444,A01,2,7,0,2,1,13,1,0.0
202300032779,155 622 446,B01,1,7,0,2,1,1,1,0.0
202300032780,155 622 443,A01,1,7,0,2,7,1,1,0.0
202300032780,155 622 445,Z01,1,10,0,2,0,0,1,0.0
202300032781,155 622 438,A01,1,34,0,2,1,3,1,0.0
202300032781,155 622 440,B01,1,7,0,2,8,1,1,0.0
202300032781,155 622 441,C01,1,7,0,2,5,1,1,0.0
202300032782,155 622 439,A01,1,7,0,2,2,17,1,0.0
202300032782,155 622 442,B01,1,50,0,2,3,19,3,0.0
202300032783,155 622 435,A01,2,34,0,2,1,3,1,0.0
202300032783,155 622 437,B01,2,7,4,2,6,13,1,0.0
202300032784,155 622 434,B01,2,2,0,2,1,0,1,0.0
202300032784,155 622 436,A01,2,10,0,2,2,1,1,0.0
202300032785,155 622 432,A01,1,32,0,2,1,1,1,0.0
202300032785,155 622 433,B01,1,7,0,2,4,1,1,0.0
202300032786,155 622 431,A01,2,34,4,0,7,14,1,0.0
202300032787,155 622 428,A01,1,33,0,2,2,1,1,0.0
202300032787,155 622 430,B01,1,7,0,2,6,11,1,0.0
202300032788,155 622 426,A01,3,7,0,2,1,17,1,0.0
202300032788,155 622 427,B01,3,7,0,2,1,1,1,0.0
202300032788,155 622 429,C01,3,7,0,2,1,1,0,0.0
202300032789,155 622 421,A01,2,7,0,2,1,2,1,0.0
202300032789,155 622 423,B01,2,7,0,2,4,2,1,0.0
202300032789,155 622 425,C01,2,7,0,2,4,2,1,0.0
202300032790,155 622 422,B01,1,33,0,2,1,1,1,0.0
202300032790,155 622 424,A01,1,7,0,2,3,9,1,0.0
202300032791,155 622 419,A01,1,7,2,0,1,0,0,0.0
202300032792,155 622 418,A01,2,10,0,2,8,1,1,0.0
202300032792,155 622 420,B01,2,33,0,2,8,0,1,0.0
202300032793,155 622 417,A01,1,7,0,1,1,1,1,0.0
202300032794,155 622 416,A01,2,43,15,0,1,26,0,0.0
202300032795,155 622 412,A01,1,10,0,2,1,2,1,0.0
202300032795,155 622 414,B01,1,15,0,2,4,2,1,0.0
202300032796,155 622 413,A01,1,10,0,2,1,5,1,0.0
202300032796,155 622 415,B01,2,7,0,2,1,1,1,0.0
202300032797,155 622 410,A01,1,7,2,0,1,0,1,0.0
202300032798,155 622 408,C01,2,7,0,2,1,1,0,0.0
202300032798,155 622 409,A01,2,7,0,2,4,1,0,0.0
202300032798,155 622 411,B01,2,7,0,2,4,1,0,0.0
202300032799,155 622 407,A01,1,7,3,0,3,1,1,0.0
202300032800,155 622 403,A01,2,33,0,2,2,3,1,0.0
202300032800,155 622 406,B01,2,7,0,2,3,12,1,0.0
202300032801,155 622 404,A01,1,17,0,2,3,1,1,0.0
202300032801,155 622 405,B01,1,7,0,2,7,12,1,0.0
202300032802,155 622 399,A01,2,31,0,2,3,12,1,0.0
202300032802,155 622 401,B01,2,7,0,2,0,0,1,0.0
202300032803,155 622 400,B01,2,7,0,2,4,2,1,0.0
202300032803,155 622 402,A01,2,7,0,2,1,2,1,0.0
202300032804,155 622 396,A01,1,33,0,2,7,3,1,0.0
202300032804,155 622 398,B01,1,7,0,2,8,11,1,0.0
202300032805,155 622 394,C01,1,7,0,2,5,2,1,0.0
202300032805,155 622 395,A01,1,32,0,2,1,2,1,0.0
202300032805,155 622 397,B01,1,7,0,2,5,2,3,0.0
202300032806,155 622 390,A01,2,14,0,2,1,1,1,0.0
202300032806,155 622 392,B01,2,10,0,2,4,1,1,0.0
202300032806,155 622 393,C01,2,7,0,2,4,1,0,0.0
202300032807,155 622 389,A01,1,7,0,2,5,1,1,0.0
202300032807,155 622 391,B01,1,32,0,2,1,2,1,0.0
202300032808,155 622 384,B01,1,7,1,0,1,9,1,0.0
202300032808,155 622 386,A01,1,15,0,2,6,24,1,0.0
202300032809,155 622 385,A01,2,14,0,2,3,1,1,0.0
202300032809,155 622 387,B01,2,7,0,2,8,9,1,0.0
202300032809,155 622 388,C01,2,7,0,2,5,1,1,0.0
202300032810,155 622 379,A01,2,7,0,2,1,1,1,0.0
202300032810,155 622 381,B01,2,7,0,2,1,1,1,0.0
202300032810,155 622 383,C01,2,7,0,2,4,1,1,0.0
202300032811,155 622 378,A01,2,7,0,2,1,2,1,0.0
202300032811,155 622 380,B01,2,7,0,2,4,2,1,0.0
202300032811,155 622 382,C01,2,7,0,2,4,2,1,0.0
202300032812,155 622 373,A01,1,10,0,2,1,2,1,0.0
202300032812,155 622 376,B01,1,7,0,2,1,2,1,0.0
202300032812,155 622 377,C01,1,10,0,2,0,0,1,0.0
202300032813,155 622 374,A01,2,7,0,2,4,2,1,0.0
202300032813,155 622 375,Z01,2,37,0,2,1,0,1,1.0
202300032814,155 622 370,A01,1,34,0,2,1,2,1,0.0
202300032814,155 622 372,B01,1,10,0,2,6,2,1,0.0
202300032815,155 622 369,A01,2,10,0,2,2,12,1,0.0
202300032815,155 622 371,B01,2,33,0,2,8,3,1,0.0
202300032816,155 622 367,A01,2,32,0,0,-1,26,3,0.0
202300032816,155 622 368,B01,2,7,0,0,-1,0,0,0.0
202300032817,155 622 363,A01,2,14,0,2,4,13,1,0.0
202300032817,155 622 364,C01,2,10,0,2,4,1,1,0.0
202300032817,155 622 365,D01,2,7,0,2,1,1,1,0.0
202300032817,155 622 366,B01,2,7,0,2,1,1,1,0.0
202300032818,155 622 362,A01,0,7,9,1,1,23,1,0.0
202300032819,155 622 358,A01,3,7,0,1,1,1,-1,0.0
202300032820,155 622 359,B01,2,7,0,2,3,15,1,0.0
202300032820,155 622 360,C01,3,7,0,2,5,24,1,0.0
202300032820,155 622 361,A01,1,33,1,2,3,1,1,0.0
202300032821,155 622 354,A01,1,7,0,2,3,21,1,0.0
202300032821,155 622 355,B01,2,3,0,2,2,1,1,0.0
202300032822,155 622 350,A01,1,7,0,2,1,19,1,0.0
202300032822,155 622 351,B01,1,50,0,2,7,1,3,0.0
202300032823,155 622 346,A01,0,31,0,2,1,10,0,0.0
202300032823,155 622 348,B01,0,7,0,9,1,1,0,0.0
202300032824,155 622 344,A01,3,7,0,2,1,9,1,0.0
202300032824,155 622 345,B01,3,7,0,2,7,2,1,0.0
202300032825,155 622 342,A01,0,7,0,2,1,9,0,0.0
202300032825,155 622 343,B01,3,1,0,0,1,0,5,0.0
202300032826,155 622 340,A01,1,7,0,0,1,9,0,0.0
202300032826,155 622 341,B01,2,7,15,0,7,1,0,0.0
202300032827,155 622 339,A01,0,7,0,1,4,4,1,0.0
202300032828,155 622 337,A01,1,7,0,2,1,1,1,0.0
202300032828,155 622 338,B01,1,7,0,2,5,1,1,0.0
202300032829,155 622 334,A01,3,7,0,2,1,2,1,0.0
202300032829,155 622 335,C01,3,7,0,2,4,2,3,0.0
202300032829,155 622 336,B01,3,7,0,2,1,2,1,0.0
202300032830,155 622 333,A01,1,7,13,0,2,14,1,0.0
202300032831,155 622 332,A01,1,37,0,1,1,1,1,1.0
202300032832,155 622 329,B01,0,10,0,2,6,19,1,0.0
202300032832,155 622 331,A01,3,50,0,2,6,1,3,0.0
202300032833,155 622 327,A01,0,10,0,2,1,1,1,0.0
202300032833,155 622 328,B01,0,10,0,2,6,1,1,0.0
202300032833,155 622 330,C01,0,10,0,0,4,1,1,0.0
202300032834,155 622 325,A01,2,7,0,9,1,9,1,0.0
202300032834,155 622 326,B01,1,2,0,2,4,14,3,0.0
202300032835,155 622 322,B01,2,7,0,2,1,19,1,0.0
202300032835,155 622 324,A01,1,32,0,2,1,1,1,0.0
202300032836,155 622 321,A01,3,7,0,2,7,1,1,0.0
202300032836,155 622 323,B01,3,7,0,2,1,1,1,0.0
202300032837,155 622 319,A01,1,7,0,1,1,1,1,0.0
202300032838,155 622 317,A01,2,7,0,2,7,16,1,0.0
202300032838,155 622 318,B01,3,50,0,2,1,19,3,0.0
202300032839,155 622 316,A01,1,7,0,0,0,0,0,0.0
202300032839,155 622 320,B01,1,7,0,2,8,1,0,0.0
202300032840,155 622 314,A01,2,7,0,2,5,16,1,0.0
202300032840,155 622 315,B01,2,80,0,2,8,7,3,0.0
202300032841,155 622 311,A01,3,7,0,2,1,26,1,0.0
202300032841,155 622 313,B01,3,30,0,2,7,15,1,0.0
202300032842,155 622 310,B01,0,7,0,2,8,23,0,0.0
202300032842,155 622 312,A01,1,43,0,2,8,14,1,0.0
202300032843,155 622 309,A01,2,33,5,0,0,26,1,0.0
202300032844,155 622 305,A01,1,7,0,2,8,11,1,0.0
202300032844,155 622 308,B01,1,33,0,2,7,1,1,0.0
202300032845,155 622 306,A01,3,7,0,2,0,0,1,0.0
202300032845,155 622 307,B01,0,33,0,2,0,0,1,0.0
202300032846,155 622 302,B01,1,50,0,2,8,19,3,0.0
202300032846,155 622 304,A01,1,7,0,2,1,11,1,0.0
202300032847,155 622 303,A01,1,32,0,0,0,1,1,0.0
202300032848,155 622 300,A01,1,0,0,2,8,11,0,0.0
202300032848,155 622 301,B01,1,34,0,2,7,1,1,0.0
202300032849,155 622 297,A01,3,7,0,2,1,1,1,0.0
202300032849,155 622 298,B01,3,30,0,2,1,5,3,0.0
202300032850,155 622 296,A01,3,7,0,2,2,1,1,0.0
202300032850,155 622 299,B01,3,50,0,2,1,15,3,0.0
202300032851,155 622 293,B01,2,15,0,2,8,15,1,0.0
202300032851,155 622 295,A01,1,7,0,2,1,17,4,0.0
202300032852,155 622 294,A01,1,1,0,0,4,1,5,0.0
202300032853,155 622 291,B01,1,31,0,2,1,1,1,0.0
202300032853,155 622 292,A01,1,7,0,9,3,15,1,0.0
202300032854,155 622 289,B01,2,1,0,1,1,1,5,0.0
202300032855,155 622 288,A01,1,7,0,2,2,1,0,0.0
202300032855,155 622 290,B01,1,50,0,2,1,10,3,0.0
202300032856,155 622 286,A01,3,0,0,1,0,0,0,0.0
202300032857,155 622 285,A01,3,10,0,1,3,9,0,0.0
202300032858,155 622 284,B01,2,1,0,2,1,1,5,0.0
202300032858,155 622 287,A01,1,10,9,2,2,16,1,0.0
202300032859,155 622 282,A01,2,7,0,2,2,26,1,0.0
202300032859,155 622 283,B01,2,7,0,2,6,2,1,0.0
202300032860,155 622 281,A01,3,50,0,0,0,19,3,0.0
202300032861,155 622 280,A01,2,7,0,1,2,1,1,0.0
202300032862,155 622 278,B01,3,7,0,2,1,1,1,0.0
202300032862,155 622 279,A01,3,7,14,2,1,1,1,0.0
202300032863,155 622 276,A01,1,7,0,2,3,16,1,0.0
202300032863,155 622 277,B01,2,7,0,2,2,1,1,0.0
202300032864,155 622 274,A01,3,37,0,2,7,15,1,1.0
202300032864,155 622 275,B01,3,33,0,2,8,1,1,0.0
202300032865,155 622 273,A01,1,10,0,1,3,0,1,0.0
202300032866,155 622 271,A01,1,7,0,2,3,15,1,0.0
202300032866,155 622 272,B01,1,32,0,2,2,1,1,0.0
202300032867,155 622 268,A01,1,7,0,2,1,1,1,0.0
202300032867,155 622 270,B01,1,7,0,2,8,1,1,0.0
202300032868,155 622 267,A01,1,3,0,2,3,13,1,0.0
202300032868,155 622 269,B01,2,7,0,2,6,1,1,0.0