num_acc,id_vehicule,num_veh,senc,catv,obs,obsm,choc,manv,motor,occutc
202300032869,155 622 265,B01,1,33,0,2,0,1,1,0.0
202300032869,155 622 266,A01,3,7,0,2,3,9,1,0.0
202300032870,155 622 262,A01,2,7,0,2,2,15,1,0.0
202300032870,155 622 264,B01,1,2,0,2,1,1,1,0.0
202300032871,155 622 261,A01,1,7,0,2,5,1,1,0.0
202300032871,155 622 263,B01,1,1,0,2,5,19,5,0.0
202300032872,155 622 259,B01,1,7,0,2,3,20,1,0.0
202300032872,155 622 260,A01,1,7,0,2,3,1,1,0.0
202300032873,155 622 257,A01,1,7,0,2,4,23,0,0.0
202300032873,155 622 258,B01,1,7,4,2,1,21,0,0.0
202300032874,155 622 256,A01,1,7,0,1,1,15,1,0.0
202300032875,155 622 253,A01,1,7,0,2,3,15,1,0.0
202300032875,155 622 255,B01,2,2,0,2,1,17,1,0.0
202300032876,155 622 254,A01,1,7,0,1,3,1,2,0.0
202300032877,155 622 251,A01,3,2,0,2,1,17,1,0.0
202300032877,155 622 252,B01,3,7,0,2,3,20,1,0.0
202300032878,155 622 247,A01,0,7,0,0,1,0,0,0.0
202300032878,155 622 249,B01,0,33,0,0,0,0,0,0.0
202300032879,155 622 248,A01,2,7,0,2,6,11,1,0.0
202300032879,155 622 250,B01,2,50,0,2,1,3,3,0.0
202300032880,155 622 245,A01,1,30,0,2,1,16,1,0.0
202300032880,155 622 246,B01,2,1,0,2,1,5,5,0.0
202300032881,155 622 244,A01,2,1,0,1,1,1,5,0.0
202300032882,155 622 242,A01,2,7,0,2,1,26,1,0.0
202300032882,155 622 243,B01,2,7,0,2,7,11,1,0.0
202300032883,155 622 241,A01,1,50,12,0,1,1,3,0.0
202300032884,155 622 240,A01,3,40,0,1,7,1,3,0.0
202300032885,155 622 239,A01,1,7,0,1,3,15,6,0.0
202300032886,155 622 238,A01,2,30,0,0,0,10,1,0.0
202300032887,155 622 235,A01,1,7,0,9,3,17,1,0.0
202300032887,155 622 237,B01,1,50,0,2,1,1,3,0.0
202300032888,155 622 234,A01,1,1,0,2,8,21,5,0.0
202300032888,155 622 236,B01,2,7,0,2,5,23,1,0.0
202300032889,155 622 230,A01,1,7,0,2,3,1,1,0.0
202300032889,155 622 233,B01,2,7,0,2,0,0,1,0.0
202300032890,155 622 231,B01,1,2,0,0,6,1,1,0.0
202300032890,155 622 232,A01,1,7,0,2,3,1,1,0.0
202300032891,155 622 227,B01,2,50,0,2,7,19,3,0.0
202300032891,155 622 229,A01,1,7,0,2,3,2,1,0.0
202300032892,155 622 223,B01,1,50,0,0,0,0,3,0.0
202300032892,155 622 225,A01,1,7,2,0,2,16,1,0.0
202300032893,155 622 221,A01,1,33,14,0,4,23,1,0.0
202300032894,155 622 216,A01,2,1,0,2,1,1,5,0.0
202300032894,155 622 218,B01,1,7,0,2,3,15,1,0.0
202300032895,155 622 214,A01,2,50,0,2,1,2,3,0.0
202300032895,155 622 215,B01,2,7,0,2,5,23,1,0.0
202300032896,155 622 210,A01,1,30,0,2,1,13,1,0.0
202300032896,155 622 212,B01,3,7,0,2,3,1,1,0.0
202300032897,155 622 211,B01,1,32,0,2,1,1,1,0.0
202300032897,155 622 213,A01,3,7,0,2,7,15,1,0.0
202300032898,155 622 208,A01,3,7,0,2,1,1,1,0.0
202300032899,155 622 207,A01,0,10,0,2,2,1,1,0.0
202300032899,155 622 209,B01,0,7,0,2,8,15,1,0.0
202300032900,155 622 206,A01,1,7,0,1,1,1,1,0.0
202300032901,155 622 204,A01,1,32,0,2,3,1,1,0.0
202300032901,155 622 205,B01,2,15,0,2,3,15,1,0.0
202300032902,155 622 202,A01,1,7,0,2,1,15,1,0.0
202300032902,155 622 203,B01,2,50,0,2,8,1,3,0.0
202300032903,155 622 200,A01,1,7,0,2,8,0,1,0.0
202300032903,155 622 201,B01,0,80,0,2,1,0,3,0.0
202300032904,155 622 199,A01,0,7,0,1,1,26,1,0.0
202300032905,155 622 198,B01,1,10,0,1,2,1,1,0.0
202300032906,155 622 196,B01,3,2,0,2,1,1,1,0.0
202300032906,155 622 197,A01,3,7,0,2,3,15,1,0.0
202300032907,155 622 192,A01,1,50,0,2,1,1,3,0.0
202300032907,155 622 193,B01,2,7,0,2,3,15,3,0.0
202300032908,155 622 194,A01,1,2,0,2,1,1,1,0.0
202300032908,155 622 195,B01,1,7,0,2,6,23,1,0.0
202300032909,155 622 188,A01,3,1,0,2,1,9,5,0.0
202300032909,155 622 191,B01,1,7,0,2,1,1,1,0.0
202300032910,155 622 189,A01,3,0,0,2,1,0,0,0.0
202300032910,155 622 190,B01,3,1,0,2,4,1,5,0.0
202300032911,155 622 187,A01,1,7,0,1,2,26,0,0.0
202300032912,155 622 184,A01,2,7,0,2,1,1,1,0.0
202300032912,155 622 186,B01,1,7,0,2,7,1,1,0.0
202300032913,155 622 180,A01,0,10,8,0,1,1,0,0.0
202300032914,155 622 181,D01,2,33,0,2,1,3,1,0.0
202300032914,155 622 182,A01,2,7,0,2,1,2,1,0.0
202300032914,155 622 183,B01,2,7,0,2,4,2,1,0.0
202300032914,155 622 185,C01,2,10,0,2,4,2,3,0.0
202300032915,155 622 179,A01,2,7,0,1,2,1,1,0.0
202300032916,155 622 176,A01,2,7,0,1,2,14,1,0.0
202300032917,155 622 177,A01,1,7,0,2,7,12,1,0.0
202300032917,155 622 178,B01,1,33,0,2,8,3,1,0.0
202300032918,155 622 172,A01,2,7,0,2,1,14,1,0.0
202300032918,155 622 175,B01,1,7,0,2,1,1,1,0.0
202300032919,155 622 173,A01,1,33,0,2,1,17,1,0.0
202300032919,155 622 174,B01,1,7,0,2,8,15,1,0.0
202300032920,155 622 168,A01,1,14,0,1,3,1,1,0.0
202300032921,155 622 169,C01,1,7,0,2,2,2,1,0.0
202300032921,155 622 170,A01,1,10,0,2,3,22,1,0.0
202300032921,155 622 171,B01,1,50,0,2,1,1,3,0.0
202300032922,155 622 167,A01,1,1,0,1,1,1,5,0.0
202300032923,155 622 166,A01,1,34,8,1,1,21,1,0.0
202300032924,155 622 164,B01,3,7,4,2,1,1,1,0.0
202300032924,155 622 165,A01,3,7,0,2,1,13,1,0.0
202300032925,155 622 163,A01,2,7,8,0,0,12,0,0.0
202300032926,155 622 161,B01,2,1,0,2,1,1,5,0.0
202300032926,155 622 162,A01,1,7,0,2,1,15,1,0.0
202300032927,155 622 159,A01,2,1,1,1,7,1,5,0.0
202300032928,155 622 158,B01,3,99,0,2,2,1,1,0.0
202300032928,155 622 160,A01,3,7,0,2,2,9,1,0.0
202300032929,155 622 157,A01,2,2,0,0,0,1,1,0.0
202300032930,155 622 155,B01,1,10,0,2,2,14,1,0.0
202300032930,155 622 156,A01,1,42,0,2,3,23,1,0.0
202300032931,155 622 154,A01,2,33,13,0,1,0,1,0.0
202300032932,155 622 152,A01,3,2,0,2,3,0,0,0.0
202300032932,155 622 153,B01,3,7,0,2,3,0,0,0.0
202300032933,155 622 150,B01,1,38,0,2,3,1,1,2.0
202300032933,155 622 151,A01,2,7,0,2,1,13,1,0.0
202300032934,155 622 148,A01,1,7,0,2,1,1,1,0.0
202300032934,155 622 149,B01,1,33,0,2,4,23,1,0.0
202300032935,155 622 146,A01,1,21,0,0,3,15,1,0.0
202300032935,155 622 147,B01,2,33,0,2,1,17,1,0.0
202300032936,155 622 144,A01,2,7,0,2,1,13,1,0.0
202300032936,155 622 145,B01,1,7,0,2,1,1,1,0.0
202300032937,155 622 143,A01,2,7,13,0,1,13,1,0.0
202300032938,155 622 141,B01,2,7,0,2,1,1,1,0.0
202300032938,155 622 142,A01,1,7,0,2,1,1,1,0.0
202300032939,155 622 139,A01,3,32,0,2,1,1,1,0.0
202300032939,155 622 140,B01,3,2,0,2,1,1,1,0.0
202300032940,155 622 137,A01,2,7,0,2,7,9,1,0.0
202300032940,155 622 138,B01,2,33,0,2,1,1,1,0.0
202300032941,155 622 135,A01,2,7,0,2,8,19,3,0.0
202300032941,155 622 136,B01,2,33,0,2,1,15,1,0.0
202300032942,155 622 134,A01,2,7,0,1,2,15,1,0.0
202300032943,155 622 133,A01,1,7,2,0,2,13,0,0.0
202300032944,155 622 132,A01,2,3,8,0,5,1,0,0.0
202300032945,155 622 131,A01,2,7,15,0,9,1,1,0.0
202300032946,155 622 129,A01,1,33,0,0,7,23,1,0.0
202300032947,155 622 128,A01,2,1,0,0,0,0,5,0.0
202300032948,155 622 127,A01,1,32,0,0,0,1,1,0.0
202300032949,155 622 126,A01,2,2,1,0,1,1,1,0.0
202300032950,155 622 122,C01,2,7,0,2,1,2,1,0.0
202300032950,155 622 123,A01,2,7,0,2,1,1,0,0.0
202300032950,155 622 124,B01,2,7,0,2,4,1,0,0.0
202300032951,155 622 121,A01,2,7,2,0,9,0,1,0.0
202300032952,155 622 119,B01,1,31,0,2,1,1,1,0.0
202300032952,155 622 120,A01,2,7,0,2,1,15,0,0.0
202300032953,155 622 117,A01,2,7,0,9,2,1,1,0.0
202300032953,155 622 118,B01,1,1,0,2,0,15,5,0.0
202300032954,155 622 116,A01,1,7,0,0,9,0,1,0.0
202300032955,155 622 115,A01,1,7,0,1,0,1,0,0.0
202300032956,155 622 114,A01,2,7,13,0,0,0,1,0.0
202300032957,155 622 113,A01,2,1,0,0,0,26,5,0.0
202300032958,155 622 111,A01,1,7,0,2,3,15,1,0.0
202300032958,155 622 112,B01,1,1,0,2,1,1,5,0.0
202300032959,155 622 110,A01,2,7,2,0,1,13,0,0.0
202300032960,155 622 109,A01,0,7,0,1,3,1,6,0.0
202300032961,155 622 108,A01,2,2,0,0,0,0,1,0.0
202300032962,155 622 106,A01,2,7,0,2,8,1,0,0.0
202300032962,155 622 107,B01,1,7,0,2,3,13,1,0.0
202300032963,155 622 104,A01,2,33,8,0,1,0,1,0.0
202300032963,155 622 105,B01,1,7,0,0,0,0,0,0.0
202300032964,155 622 102,A01,2,7,0,2,6,15,1,0.0
202300032964,155 622 103,B01,2,31,0,2,5,15,1,0.0
202300032965,155 622 100,A01,1,34,0,2,1,1,1,0.0
202300032965,155 622 101,B01,2,7,0,2,3,13,2,0.0
202300032966,155 622 099,A01,1,7,2,0,3,13,1,0.0
202300032967,155 622 097,A01,2,7,4,2,1,3,1,0.0
202300032967,155 622 098,B01,2,13,0,2,6,2,1,0.0
202300032968,155 622 096,A01,1,7,2,0,1,14,1,0.0
202300032969,155 622 095,A01,2,10,0,0,0,1,0,0.0
202300032970,155 622 094,A01,2,31,0,0,7,14,1,0.0
202300032971,155 622 092,A01,2,7,0,2,3,5,1,0.0
202300032971,155 622 093,B01,1,7,0,2,3,1,1,0.0
202300032972,155 622 090,A01,-1,2,0,2,3,17,1,0.0
202300032972,155 622 091,B01,-1,7,0,2,3,1,1,0.0
202300032973,155 622 089,A01,2,7,2,0,3,13,1,0.0
202300032974,155 622 087,A01,1,7,0,2,2,15,1,0.0
202300032974,155 622 088,B01,2,7,0,2,2,1,1,0.0
202300032975,155 622 086,A01,2,7,13,0,3,1,1,0.0
202300032976,155 622 084,B01,2,7,0,0,1,17,1,0.0
202300032976,155 622 085,A01,2,7,0,0,6,15,1,0.0
202300032977,155 622 083,A01,1,33,13,0,0,2,1,0.0
202300032978,155 622 082,A01,3,7,0,1,1,1,1,0.0
202300032979,155 622 080,A01,2,7,6,2,7,15,1,0.0
202300032979,155 622 081,B01,2,0,0,2,3,1,0,0.0
202300032980,155 622 079,A01,1,33,0,0,6,1,1,0.0
202300032981,155 622 077,A01,2,7,0,0,7,15,1,0.0
202300032981,155 622 078,B01,1,33,0,2,8,1,1,0.0
202300032982,155 622 075,B01,2,2,0,2,1,15,1,0.0
202300032982,155 622 076,A01,1,7,0,2,2,15,1,0.0
202300032983,155 622 072,C01,2,7,0,2,1,1,1,0.0
202300032983,155 622 073,A01,2,7,0,2,8,13,1,0.0
202300032983,155 622 074,B01,1,7,0,2,1,21,1,0.0
202300032984,155 622 070,B01,2,7,0,2,1,1,1,0.0
202300032984,155 622 071,A01,2,7,0,2,3,16,1,0.0
202300032985,155 622 068,A01,1,33,0,0,4,26,1,0.0
202300032985,155 622 069,B01,1,31,0,2,1,0,1,0.0
202300032986,155 622 067,A01,2,33,0,5,1,1,1,0.0
202300032987,155 622 065,B01,0,10,0,2,8,1,1,0.0
202300032987,155 622 066,A01,0,2,0,2,1,1,1,0.0
202300032988,155 622 063,A01,0,7,0,2,3,0,1,0.0
202300032988,155 622 064,B01,0,7,0,2,7,0,1,0.0
202300032989,155 622 061,A01,1,7,0,2,4,1,1,0.0
202300032989,155 622 062,B01,1,7,0,2,1,1,1,0.0
202300032990,155 622 060,A01,2,7,4,0,1,12,1,0.0
202300032991,155 622 058,A01,1,33,0,2,1,12,1,0.0
202300032991,155 622 059,B01,1,7,0,2,3,1,1,0.0
202300032992,155 622 056,A01,1,7,0,2,4,2,1,0.0
202300032992,155 622 057,B01,1,7,0,2,1,1,1,0.0
202300032993,155 622 054,A01,2,7,0,2,1,2,1,0.0
202300032993,155 622 055,B01,2,7,0,2,4,2,1,0.0
202300032994,155 622 052,A01,2,7,0,2,1,2,1,0.0
202300032994,155 622 053,B01,2,7,0,2,4,2,1,0.0
202300032995,155 622 049,C01,1,3,0,2,4,1,1,0.0
202300032995,155 622 050,B01,1,7,0,2,3,11,1,0.0
202300032995,155 622 051,Z01,1,7,0,2,1,26,1,0.0
202300032996,155 622 047,A01,2,7,0,2,1,1,1,0.0
202300032996,155 622 048,B01,2,7,0,2,4,1,1,0.0
202300032997,155 622 045,B01,2,7,0,2,8,11,1,0.0
202300032997,155 622 046,A01,2,33,0,2,7,1,1,0.0
202300032998,155 622 043,A01,2,7,0,2,4,2,0,0.0
202300032998,155 622 044,B01,2,7,0,2,1,2,0,0.0
202300032999,155 622 041,A01,1,31,0,2,8,1,1,0.0
202300032999,155 622 042,B01,1,7,0,2,7,14,1,0.0
202300033000,155 622 039,B01,1,7,3,2,4,1,1,0.0
202300033000,155 622 040,A01,1,7,0,2,1,1,1,0.0
202300033001,155 622 037,A01,2,33,0,2,1,3,1,0.0
202300033001,155 622 038,B01,2,7,0,2,5,23,1,0.0
202300033002,155 622 035,A01,2,7,0,2,1,2,1,0.0
202300033002,155 622 036,B01,2,7,0,2,4,2,1,0.0
202300033003,155 622 033,B01,1,7,0,2,8,1,1,0.0
202300033003,155 622 034,A01,1,7,0,2,3,26,1,0.0
202300033004,155 622 031,A01,2,7,0,2,0,11,1,0.0
202300033004,155 622 032,B01,2,33,0,2,0,1,1,0.0
202300033005,155 622 029,A01,2,7,0,2,1,1,1,0.0
202300033005,155 622 030,B01,1,10,0,2,1,13,1,0.0
202300033006,155 622 027,B01,1,10,0,2,4,1,1,0.0
202300033006,155 622 028,A01,1,7,9,2,1,2,1,0.0
202300033007,155 622 024,A01,2,7,0,0,4,23,1,0.0
202300033007,155 622 025,B01,2,7,1,0,6,2,1,0.0
202300033007,155 622 026,C01,2,7,0,2,2,21,1,0.0
202300033008,155 622 023,A01,1,7,0,1,1,1,1,0.0
202300033009,155 622 022,A01,3,34,0,2,1,2,1,0.0
202300033010,155 622 021,A01,2,32,0,1,1,1,1,0.0
202300033011,155 622 019,A01,1,7,0,2,1,1,1,0.0
202300033011,155 622 020,B01,1,7,0,2,4,1,1,0.0
202300033012,155 622 017,A01,1,7,1,2,1,1,1,0.0
202300033012,155 622 018,B01,1,50,0,2,8,1,3,0.0
202300033013,155 622 015,A01,1,7,0,2,3,15,2,0.0
202300033013,155 622 016,B01,1,33,0,2,1,1,1,0.0
202300033014,155 622 012,C01,2,10,0,2,4,2,2,0.0
202300033014,155 622 013,A01,2,10,0,2,1,0,1,0.0
202300033014,155 622 014,B01,2,10,0,2,1,2,1,0.0
202300033015,155 622 011,A01,1,7,0,1,2,20,1,0.0
202300033016,155 622 009,A01,1,7,0,2,4,1,1,0.0
202300033016,155 622 010,B01,1,7,0,2,1,1,1,0.0
202300033017,155 622 007,A01,3,31,0,2,8,17,1,0.0
202300033017,155 622 008,B01,3,7,0,2,3,15,2,0.0
202300033018,155 622 005,B01,3,7,0,2,2,9,1,0.0
202300033018,155 622 006,A01,3,7,0,2,6,1,1,0.0
202300033019,155 622 002,A01,1,7,0,1,2,1,1,0.0
202300033020,155 622 001,A01,0,7,0,9,1,1,1,0.0
202300033021,155 621 999,A01,3,7,0,2,1,1,1,0.0
202300033021,155 622 000,B01,3,1,0,2,7,19,5,0.0
202300033022,155 621 998,A01,3,7,0,1,3,1,1,0.0
202300033023,155 621 997,A01,1,7,0,1,1,1,1,0.0
202300033024,155 621 995,A01,3,7,0,2,3,26,1,0.0
202300033024,155 621 996,B01,3,7,0,2,2,26,1,0.0
202300033025,155 621 993,A01,1,7,0,2,1,1,1,0.0
202300033025,155 621 994,B01,2,50,0,2,1,1,3,0.0
202300033026,155 621 991,B01,2,7,0,2,1,1,1,0.0
202300033026,155 621 992,A01,1,50,0,2,1,12,3,0.0
202300033027,155 621 990,A01,1,7,0,1,1,1,1,0.0
202300033028,155 621 989,A01,1,34,14,0,1,26,1,0.0
202300033029,155 621 988,A01,1,7,0,0,7,16,0,0.0
202300033030,155 621 987,A01,1,10,0,1,1,1,1,0.0
202300033031,155 621 985,A01,1,7,0,2,3,15,1,0.0
202300033031,155 621 986,B01,2,1,0,2,7,15,5,0.0
202300033032,155 621 983,A01,2,7,1,2,3,13,1,0.0
202300033032,155 621 984,B01,1,38,0,2,3,1,1,3.0
202300033033,155 621 981,A01,2,7,0,2,3,12,1,0.0
202300033033,155 621 982,B01,2,33,0,2,7,1,1,0.0
202300033034,155 621 980,A01,1,7,4,0,1,26,1,0.0
202300033035,155 621 979,A01,3,7,0,2,0,14,1,0.0
202300033036,155 621 978,A01,2,7,0,1,2,2,1,0.0
202300033037,155 621 976,B01,3,1,0,2,8,19,5,0.0
202300033037,155 621 977,A01,2,7,0,2,3,1,1,0.0
202300033038,155 621 974,A01,3,7,0,2,1,2,1,0.0
202300033038,155 621 975,B01,3,7,0,2,4,2,1,0.0
202300033039,155 621 972,A01,1,7,0,2,1,1,1,0.0
202300033039,155 621 973,B01,1,7,0,2,4,1,1,0.0
202300033040,155 621 971,A01,1,33,0,0,0,1,1,0.0
202300033041,155 621 969,A01,0,7,0,2,2,1,1,0.0
202300033041,155 621 970,B01,1,1,0,2,1,1,5,0.0
202300033042,155 621 968,A01,1,7,6,0,1,1,1,0.0
202300033043,155 621 967,A01,1,50,0,1,1,1,3,0.0
202300033044,155 621 965,A01,1,7,0,2,1,1,1,0.0
202300033044,155 621 966,B01,1,7,0,2,4,23,1,0.0
202300033045,155 621 963,A01,2,7,0,2,3,20,1,0.0
202300033045,155 621 964,B01,2,50,0,2,7,1,3,0.0
202300033046,155 621 959,B01,2,10,0,2,8,23,1,0.0
202300033046,155 621 961,A01,1,7,0,2,1,1,1,0.0
202300033047,155 621 957,B01,3,7,0,2,1,1,1,0.0
202300033047,155 621 958,A01,3,7,0,2,2,15,1,0.0
202300033048,155 621 960,B01,1,50,0,2,3,1,3,0.0
202300033048,155 621 962,A01,1,7,0,2,2,14,1,0.0
202300033049,155 621 956,A01,3,32,0,0,7,16,1,0.0
202300033050,155 621 954,B01,2,7,0,2,3,1,1,0.0
202300033050,155 621 955,A01,1,7,0,2,3,13,1,0.0
202300033051,155 621 953,A01,1,33,4,0,8,13,1,0.0
202300033052,155 621 951,A01,2,32,0,1,3,1,3,0.0
202300033053,155 621 950,B01,2,7,0,9,3,1,1,0.0
202300033053,155 621 952,A01,1,1,0,2,1,1,5,0.0
202300033054,155 621 947,A01,2,30,0,2,2,13,1,0.0
202300033054,155 621 949,B01,1,7,0,2,8,1,1,0.0
202300033055,155 621 948,A01,3,32,0,0,9,26,1,0.0
202300033056,155 621 945,B01,2,30,0,2,1,1,1,0.0
202300033056,155 621 946,A01,2,1,0,2,1,15,5,0.0
202300033057,155 621 944,A01,2,34,0,1,1,17,1,0.0
202300033058,155 621 940,A01,1,7,0,2,3,22,1,0.0
202300033058,155 621 941,B01,1,1,0,2,1,1,5,0.0
202300033059,155 621 939,A01,2,7,0,1,6,15,1,0.0
202300033060,155 621 935,A01,0,7,0,0,0,0,0,0.0
202300033060,155 621 938,B01,0,2,0,2,4,1,1,0.0
202300033061,155 621 936,B01,1,1,0,2,1,1,5,0.0
202300033061,155 621 937,A01,2,30,0,2,1,9,3,0.0
202300033062,155 621 933,A01,0,7,0,1,1,1,1,0.0
202300033063,155 621 934,A01,3,32,14,0,1,1,1,0.0
202300033064,155 621 931,A01,1,30,0,2,1,17,1,0.0
202300033064,155 621 932,B01,1,7,0,2,8,15,1,0.0
202300033065,155 621 930,A01,3,7,0,1,4,26,1,0.0
202300033066,155 621 929,A01,2,33,0,0,8,15,1,0.0
202300033067,155 621 926,C01,1,10,0,2,1,2,1,0.0
202300033067,155 621 928,A01,1,7,1,2,2,14,1,0.0
202300033068,155 621 925,B01,1,33,0,2,2,0,1,0.0
202300033068,155 621 927,A01,2,7,0,2,3,10,1,0.0
202300033069,155 621 923,A01,1,10,15,0,1,14,1,0.0
202300033070,155 621 922,A01,1,7,0,2,5,12,1,0.0
202300033070,155 621 924,B01,1,37,0,2,3,1,1,3.0
202300033071,155 621 920,B01,1,80,0,2,3,1,3,0.0
202300033071,155 621 921,A01,1,13,0,2,5,15,3,0.0
202300033072,155 621 919,A01,3,7,0,1,1,1,1,0.0
202300033073,155 621 916,A01,1,7,0,2,1,1,1,0.0
202300033073,155 621 918,B01,1,50,0,2,7,1,3,0.0
202300033074,155 621 915,A01,1,7,0,2,4,2,1,0.0
202300033074,155 621 917,B01,1,80,14,0,4,1,3,0.0
202300033075,155 621 914,A01,1,34,0,1,6,17,1,0.0
202300033076,155 621 913,A01,2,1,0,0,2,15,5,0.0
202300033077,155 621 909,A01,1,10,0,2,1,2,1,0.0
202300033077,155 621 911,B01,1,32,0,2,8,15,1,0.0
202300033078,155 621 908,A01,1,14,0,2,1,1,1,0.0
202300033078,155 621 910,C01,1,7,0,2,1,16,1,0.0
202300033078,155 621 912,B01,2,7,0,2,1,15,1,0.0
202300033079,155 621 905,B01,2,41,0,2,6,18,3,0.0
202300033079,155 621 907,A01,2,7,0,2,2,16,1,0.0
202300033080,155 621 902,A01,0,10,0,1,2,0,0,0.0
202300033081,155 621 903,A01,2,33,0,2,1,0,1,0.0
202300033081,155 621 904,B01,1,7,0,2,3,1,1,0.0
202300033081,155 621 906,C01,2,7,0,2,6,1,1,0.0
202300033082,155 621 899,B01,2,7,0,2,4,2,1,0.0
202300033082,155 621 901,A01,2,7,0,2,1,2,1,0.0
202300033083,155 621 900,A01,2,7,0,1,1,15,1,0.0
202300033084,155 621 896,A01,1,33,1,2,6,1,1,0.0
202300033084,155 621 897,B01,1,7,0,2,5,12,1,0.0
202300033085,155 621 895,A01,3,7,0,2,2,15,1,0.0
202300033085,155 621 898,B01,3,43,0,2,1,1,1,0.0
202300033086,155 621 893,A01,0,7,0,2,7,19,1,0.0
202300033086,155 621 894,B01,1,43,0,2,1,2,1,0.0
202300033087,155 621 891,Z01,2,0,0,1,0,0,0,0.0
202300033088,155 621 889,A01,1,7,0,2,3,17,1,0.0
202300033088,155 621 890,B01,1,7,16,0,3,1,3,0.0
202300033088,155 621 892,C01,0,7,0,2,1,1,1,0.0
202300033089,155 621 887,B01,1,7,0,0,3,1,1,0.0
202300033089,155 621 888,A01,2,7,0,2,2,21,1,0.0
202300033090,155 621 885,A01,3,7,0,1,3,1,1,0.0
202300033091,155 621 884,B01,1,1,0,2,4,14,5,0.0
202300033091,155 621 886,A01,1,7,0,2,4,14,1,0.0
202300033092,155 621 881,B01,0,7,0,2,0,0,1,0.0
202300033092,155 621 883,A01,0,32,0,2,1,1,1,0.0
202300033093,155 621 880,A01,1,7,0,2,5,1,1,0.0
202300033093,155 621 882,B01,3,1,0,2,1,1,5,0.0
202300033094,155 621 879,A01,2,1,0,1,1,2,5,0.0
202300033095,155 621 878,A01,2,7,0,1,5,26,1,0.0
202300033096,155 621 876,A01,2,7,0,2,7,15,1,0.0
202300033096,155 621 877,B01,1,33,0,2,1,1,1,0.0
202300033097,155 621 875,A01,2,30,0,0,7,1,1,0.0
202300033098,155 621 874,A01,2,30,14,0,3,1,1,0.0
202300033099,155 621 872,A01,3,7,0,2,2,10,1,0.0
202300033099,155 621 873,B01,3,33,0,2,1,1,1,0.0
202300033100,155 621 870,A01,3,33,8,2,9,18,1,0.0
202300033100,155 621 871,B01,3,7,0,2,2,16,1,0.0
202300033101,155 621 867,C01,2,7,12,0,8,1,1,0.0
202300033101,155 621 868,A01,2,7,1,0,2,1,2,0.0
202300033102,155 621 866,B01,1,7,0,2,4,2,1,0.0
202300033102,155 621 869,A01,1,33,0,2,1,2,1,0.0
202300033103,155 621 865,Z01,2,0,0,1,1,1,0,0.0
202300033104,155 621 862,A01,1,34,0,2,0,0,1,0.0
202300033105,155 621 863,B01,2,10,0,2,1,11,1,0.0
202300033105,155 621 864,A01,2,33,0,2,1,3,1,0.0
202300033106,155 621 861,A01,2,7,4,0,3,1,1,0.0
202300033107,155 621 857,Z01,1,7,0,2,3,11,0,0.0
202300033107,155 621 858,A01,1,10,3,2,2,17,1,0.0
202300033108,155 621 855,D01,1,10,0,2,4,1,1,0.0
202300033108,155 621 856,A01,1,31,0,2,1,3,1,0.0
202300033108,155 621 859,B01,1,7,0,2,4,12,1,0.0
202300033108,155 621 860,C01,1,7,0,2,1,1,2,0.0
202300033109,155 621 853,A01,1,7,0,2,1,1,1,0.0
202300033109,155 621 854,B01,1,7,0,2,4,2,1,0.0
202300033110,155 621 851,A01,2,17,3,0,3,12,1,0.0
202300033111,155 621 850,A01,2,33,8,2,2,1,1,0.0
202300033111,155 621 852,B01,1,7,0,2,2,1,1,0.0
202300033112,155 621 848,B01,2,7,4,2,3,2,1,0.0
202300033112,155 621 849,A01,2,17,4,2,7,14,1,0.0
202300033113,155 621 846,A01,1,30,0,0,0,21,3,0.0
202300033114,155 621 844,A01,3,1,0,1,1,1,5,0.0
202300033115,155 621 842,A01,2,32,0,1,1,1,1,0.0
202300033116,155 621 843,A01,1,7,0,2,1,2,1,0.0
202300033116,155 621 845,B01,1,7,0,2,4,2,1,0.0
202300033116,155 621 847,C01,1,7,0,2,4,2,2,0.0
202300033117,155 621 840,A01,2,7,0,2,3,15,1,0.0
202300033117,155 621 841,B01,2,32,0,2,2,17,1,0.0
202300033118,155 621 836,A01,3,7,0,2,1,1,1,0.0
202300033118,155 621 837,Z01,3,2,0,2,1,5,1,0.0
202300033119,155 621 838,A01,2,10,0,2,5,12,1,0.0
202300033119,155 621 839,B01,2,31,0,2,1,3,1,0.0
202300033120,155 621 834,B01,2,43,0,2,8,1,1,0.0
202300033120,155 621 835,A01,2,7,0,2,2,1,1,0.0
202300033121,155 621 831,A01,2,32,0,2,7,18,1,0.0
202300033121,155 621 832,B01,2,10,0,2,8,16,1,0.0
202300033122,155 621 833,A01,1,33,4,0,1,26,1,0.0
202300033123,155 621 830,A01,1,7,0,1,5,4,1,0.0
202300033124,155 621 828,A01,1,7,0,1,8,1,1,0.0
202300033125,155 621 827,B01,2,7,0,2,3,11,1,0.0
202300033125,155 621 829,A01,2,33,0,0,4,1,1,0.0
202300033126,155 621 825,B01,1,10,0,2,2,16,1,0.0
202300033126,155 621 826,A01,1,33,0,2,8,1,1,0.0
202300033127,155 621 822,A01,1,32,0,2,1,2,1,0.0
202300033127,155 621 823,B01,1,7,0,2,6,2,1,0.0
202300033128,155 621 821,A01,2,7,0,1,1,16,1,0.0
202300033129,155 621 824,A01,1,7,4,0,5,1,1,0.0
202300033130,155 621 819,A01,2,7,0,2,4,4,1,0.0
202300033130,155 621 820,B01,1,1,0,2,1,1,5,0.0