num_acc,id_vehicule,num_veh,senc,catv,obs,obsm,choc,manv,motor,occutc
202300033642,155 620 922,A01,0,7,0,2,3,9,1,0.0
202300033643,155 620 917,C01,1,7,0,2,1,2,1,0.0
202300033643,155 620 918,B01,1,7,0,2,6,15,6,0.0
202300033643,155 620 921,A01,1,7,13,2,2,21,1,0.0
202300033644,155 620 913,B01,0,7,0,2,1,1,1,0.0
202300033644,155 620 915,A01,3,7,0,2,1,15,1,0.0
202300033645,155 620 912,A01,1,7,0,2,1,13,1,0.0
202300033645,155 620 914,B01,2,7,0,2,3,1,1,0.0
202300033645,155 620 916,C01,2,7,2,2,1,1,1,0.0
202300033646,155 620 910,A01,1,7,8,0,2,1,1,0.0
202300033647,155 620 908,A01,1,7,0,2,6,1,0,0.0
202300033647,155 620 909,B01,1,7,0,2,1,0,1,0.0
202300033648,155 620 907,A01,2,7,0,1,1,1,1,0.0
202300033649,155 620 906,A01,1,10,0,1,2,2,1,0.0
202300033650,155 620 903,A01,3,31,0,0,0,1,1,0.0
202300033651,155 620 904,A01,1,50,0,2,3,0,3,0.0
202300033651,155 620 905,B01,2,7,0,9,1,23,1,0.0
202300033652,155 620 902,B01,1,7,0,2,2,1,1,0.0
202300033652,155 620 911,A01,2,7,0,2,2,5,1,0.0
202300033653,155 620 900,B01,1,1,0,2,1,5,5,0.0
202300033653,155 620 901,A01,1,43,0,2,7,16,1,0.0
202300033654,155 620 898,A01,1,7,4,2,1,2,1,0.0
202300033654,155 620 899,B01,1,7,0,0,5,2,1,0.0
202300033655,155 620 897,A01,2,50,1,0,1,5,3,0.0
202300033656,155 620 895,A01,1,7,0,0,4,2,1,0.0
202300033656,155 620 896,B01,1,10,0,2,1,2,1,0.0
202300033657,155 620 893,A01,1,7,0,2,7,3,2,0.0
202300033657,155 620 894,B01,1,7,0,2,3,2,1,0.0
202300033658,155 620 891,A01,2,7,1,0,8,2,1,0.0
202300033659,155 620 889,B01,1,7,0,2,4,23,1,0.0
202300033659,155 620 890,A01,1,7,0,2,1,2,1,0.0
202300033660,155 620 888,A01,2,7,2,0,1,2,1,0.0
202300033661,155 620 884,A01,2,7,0,1,1,1,1,0.0
202300033662,155 620 883,A01,0,7,0,2,1,1,1,0.0
202300033662,155 620 886,B01,0,7,0,2,1,1,1,0.0
202300033663,155 620 885,A01,2,7,0,2,1,2,1,0.0
202300033663,155 620 887,B01,2,7,0,2,4,23,1,0.0
202300033663,155 620 892,C01,2,7,0,2,4,23,2,0.0
202300033664,155 620 880,A01,2,7,8,0,1,1,1,0.0
202300033665,155 620 878,C01,2,7,0,2,1,1,1,0.0
202300033665,155 620 879,A01,1,7,13,2,0,13,1,0.0
202300033665,155 620 882,B01,2,7,0,2,1,1,1,0.0
202300033666,155 620 875,A01,1,33,0,0,0,1,1,0.0
202300033667,155 620 874,A01,2,10,16,0,1,1,1,0.0
202300033668,155 620 877,A01,3,7,0,2,3,1,1,0.0
202300033668,155 620 881,B01,3,7,0,2,7,1,1,0.0
202300033669,155 620 872,A01,2,7,4,0,2,14,1,0.0
202300033670,155 620 871,A01,2,7,0,2,1,5,1,0.0
202300033670,155 620 873,B01,1,17,0,2,1,13,1,0.0
202300033671,155 620 870,A01,1,7,8,0,1,14,1,0.0
202300033672,155 620 868,A01,1,7,6,0,1,14,1,0.0
202300033673,155 620 866,A01,1,7,0,1,1,1,0,0.0
202300033674,155 620 865,A01,1,7,2,0,1,1,1,0.0
202300033675,155 620 867,B01,1,1,0,2,1,1,5,0.0
202300033675,155 620 869,A01,1,7,0,2,5,22,1,0.0
202300033676,155 620 863,A01,1,7,0,0,0,0,1,0.0
202300033677,155 620 862,B01,1,7,0,0,6,2,1,0.0
202300033677,155 620 864,A01,1,33,0,2,1,2,1,0.0
202300033678,155 620 857,B01,2,10,0,2,4,23,1,0.0
202300033678,155 620 860,A01,2,10,1,0,1,1,1,0.0
202300033679,155 620 855,C01,1,7,1,2,7,21,1,0.0
202300033679,155 620 856,B01,1,14,0,2,6,23,1,0.0
202300033679,155 620 859,A01,1,7,3,0,1,13,1,0.0
202300033680,155 620 852,B01,1,7,0,2,2,15,1,0.0
202300033680,155 620 854,A01,2,31,0,2,1,1,1,0.0
202300033681,155 620 858,A01,1,80,0,2,2,14,3,0.0
202300033681,155 620 861,B01,1,80,0,2,8,2,3,0.0
202300033682,155 620 850,A01,2,7,13,2,8,11,0,0.0
202300033682,155 620 851,B01,1,15,0,2,1,1,0,0.0
202300033682,155 620 853,C01,2,7,0,2,2,17,0,0.0
202300033683,155 620 848,A01,2,7,0,2,1,0,1,0.0
202300033683,155 620 849,B01,1,7,0,2,7,0,1,0.0
202300033684,155 620 847,A01,3,31,14,0,6,17,1,0.0
202300033685,155 620 842,A01,1,7,0,2,1,17,1,0.0
202300033685,155 620 844,B01,2,7,0,2,1,1,1,0.0
202300033686,155 620 845,B01,3,7,0,2,3,15,0,0.0
202300033686,155 620 846,A01,3,30,0,2,3,17,1,0.0
202300033687,155 620 841,A01,1,2,0,0,3,1,1,0.0
202300033687,155 620 843,B01,2,10,0,0,3,1,1,0.0
202300033688,155 620 837,A01,1,7,0,2,1,1,1,0.0
202300033688,155 620 840,B01,1,10,0,2,1,9,1,0.0
202300033689,155 620 838,A01,1,10,13,0,1,14,1,0.0
202300033690,155 620 836,A01,2,2,0,2,1,2,1,0.0
202300033690,155 620 839,B01,2,10,0,2,4,2,1,0.0
202300033691,155 620 835,A01,3,2,9,0,0,1,1,0.0
202300033692,155 620 833,A01,1,33,12,0,1,1,1,0.0
202300033693,155 620 831,B01,1,10,0,2,4,1,1,0.0
202300033693,155 620 832,A01,1,7,0,2,1,1,1,0.0
202300033694,155 620 829,A01,1,7,0,2,3,1,1,0.0
202300033694,155 620 834,B01,2,7,0,2,1,1,1,0.0
202300033695,155 620 828,A01,0,7,0,2,1,0,1,0.0
202300033695,155 620 830,B01,0,7,0,2,1,1,1,0.0
202300033696,155 620 826,A01,3,7,8,0,1,0,1,0.0
202300033697,155 620 823,B01,1,1,0,2,7,2,5,0.0
202300033697,155 620 827,A01,1,7,0,2,1,2,1,0.0
202300033698,155 620 822,A01,1,7,0,2,3,15,1,0.0
202300033698,155 620 825,B01,2,43,0,2,1,1,1,0.0
202300033699,155 620 821,A01,1,7,0,2,1,1,1,0.0
202300033699,155 620 824,B01,2,7,0,2,2,15,1,0.0
202300033700,155 620 818,A01,1,10,9,0,1,13,1,0.0
202300033701,155 620 819,A01,2,7,12,0,1,19,1,0.0
202300033702,155 620 817,A01,1,7,0,0,1,1,1,0.0
202300033703,155 620 816,A01,2,14,0,2,7,16,1,0.0
202300033703,155 620 820,B01,2,1,0,2,1,1,5,0.0
202300033704,155 620 813,A01,2,7,0,2,1,13,1,0.0
202300033704,155 620 815,B01,1,17,0,2,1,1,1,0.0
202300033705,155 620 812,A01,0,7,0,1,7,1,1,0.0
202300033706,155 620 809,A01,2,10,0,2,1,2,1,0.0
202300033706,155 620 810,B01,2,7,0,0,4,2,1,0.0
202300033707,155 620 808,A01,2,33,13,0,2,1,1,0.0
202300033708,155 620 807,A01,1,31,2,1,3,25,0,0.0
202300033709,155 620 806,A01,3,7,1,0,1,13,1,0.0
202300033710,155 620 804,A01,1,7,0,2,1,11,1,0.0
202300033710,155 620 811,B01,1,7,0,2,4,1,2,0.0
202300033710,155 620 814,C01,1,7,0,2,6,2,1,0.0
202300033711,155 620 802,A01,1,7,9,0,1,14,3,0.0
202300033712,155 620 801,A01,2,32,0,2,1,17,1,0.0
202300033712,155 620 803,B01,2,7,0,2,8,15,1,0.0
202300033713,155 620 800,B01,2,7,0,2,1,9,1,0.0
202300033713,155 620 805,A01,2,2,0,2,8,1,1,0.0
202300033714,155 620 798,A01,2,7,0,2,1,2,1,0.0
202300033714,155 620 799,B01,1,7,0,2,4,2,1,0.0
202300033715,155 620 795,A01,2,7,6,0,1,1,1,0.0
202300033716,155 620 794,A01,1,7,0,2,7,14,1,0.0
202300033716,155 620 797,B01,1,1,0,2,8,1,5,0.0
202300033717,155 620 796,A01,1,37,0,2,0,21,0,2.0
202300033718,155 620 792,B01,1,7,0,2,1,1,1,0.0
202300033718,155 620 793,A01,2,7,0,2,1,5,1,0.0
202300033719,155 620 791,A01,0,33,0,0,0,1,1,0.0
202300033720,155 620 788,A01,2,34,0,2,1,14,1,0.0
202300033720,155 620 790,B01,2,1,0,2,4,1,5,0.0
202300033721,155 620 786,A01,0,7,0,2,3,2,1,0.0
202300033721,155 620 789,B01,1,7,0,2,5,11,1,0.0
202300033722,155 620 785,B01,1,7,0,2,8,1,1,0.0
202300033722,155 620 787,A01,1,14,0,2,2,14,1,0.0
202300033723,155 620 781,A01,1,7,0,2,1,1,1,0.0
202300033723,155 620 783,B01,2,37,0,0,6,1,1,1.0
202300033723,155 620 784,C01,2,7,0,2,1,1,1,0.0
202300033724,155 620 780,A01,1,7,3,0,1,12,1,0.0
202300033725,155 620 778,A01,2,32,0,2,2,1,3,0.0
202300033725,155 620 782,B01,1,7,0,2,3,1,1,0.0
202300033726,155 620 777,A01,0,7,0,0,3,15,1,0.0
202300033726,155 620 779,B01,0,33,0,2,1,1,1,0.0
202300033727,155 620 775,A01,1,10,0,1,7,16,1,0.0
202300033728,155 620 773,A01,2,43,0,2,2,3,1,0.0
202300033728,155 620 776,B01,2,7,0,2,3,0,1,0.0
202300033729,155 620 769,A01,3,7,1,2,8,1,0,0.0
202300033729,155 620 772,B01,3,60,0,2,1,1,5,0.0
202300033730,155 620 766,A01,2,17,0,2,2,12,1,0.0
202300033730,155 620 768,B01,2,7,0,2,3,1,1,0.0
202300033731,155 620 764,A01,1,7,0,2,2,1,1,0.0
202300033731,155 620 771,B01,0,7,0,2,1,19,1,0.0
202300033732,155 620 765,A01,1,10,0,2,1,2,1,0.0
202300033732,155 620 767,C01,1,7,0,2,4,2,1,0.0
202300033732,155 620 770,B01,1,7,0,2,4,2,1,0.0
202300033732,155 620 774,D01,1,7,0,2,4,2,1,0.0
202300033733,155 620 760,A01,1,7,1,0,2,1,1,0.0
202300033733,155 620 763,B01,1,7,0,2,4,23,1,0.0
202300033734,155 620 756,B01,1,13,0,2,2,12,1,0.0
202300033734,155 620 757,A01,1,7,0,2,8,18,1,0.0
202300033735,155 620 753,A01,2,15,0,2,8,1,1,0.0
202300033735,155 620 755,B01,1,7,0,9,1,1,1,0.0
202300033735,155 620 758,C01,1,7,0,9,1,1,1,0.0
202300033736,155 620 759,A01,1,7,0,2,1,26,1,0.0
202300033736,155 620 762,B01,1,33,0,2,8,0,1,0.0
202300033737,155 620 752,B01,1,7,4,0,6,1,1,0.0
202300033738,155 620 750,A01,1,10,0,2,2,15,1,0.0
202300033738,155 620 754,B01,2,7,0,2,3,1,1,0.0
202300033739,155 620 747,B01,0,1,0,2,5,1,5,0.0
202300033739,155 620 751,A01,2,7,0,2,1,9,1,0.0
202300033740,155 620 748,A01,1,30,0,0,0,1,0,0.0
202300033741,155 620 745,A01,1,7,0,2,9,2,3,0.0
202300033741,155 620 746,B01,1,7,0,2,1,2,1,0.0
202300033741,155 620 749,C01,1,7,0,2,3,2,1,0.0
202300033742,155 620 741,A01,1,43,4,0,8,21,1,0.0
202300033743,155 620 742,A01,1,7,3,2,8,5,1,0.0
202300033743,155 620 744,B01,2,15,0,2,2,1,1,0.0
202300033744,155 620 740,A01,1,7,0,2,8,24,1,0.0
202300033744,155 620 743,B01,1,50,1,0,1,2,3,0.0
202300033745,155 620 737,A01,0,7,13,0,1,1,0,0.0
202300033746,155 620 736,A01,1,7,0,2,2,16,1,0.0
202300033746,155 620 739,B01,2,43,0,2,3,1,1,0.0
202300033747,155 620 735,A01,3,7,0,1,3,2,1,0.0
202300033748,155 620 733,A01,2,7,0,2,2,12,1,0.0
202300033748,155 620 734,B01,2,33,0,2,8,3,1,0.0
202300033748,155 620 738,C01,2,10,0,2,6,1,1,0.0
202300033749,155 620 729,A01,1,7,0,2,1,1,1,0.0
202300033749,155 620 731,B01,1,33,0,2,0,0,1,0.0
202300033750,155 620 726,A01,1,15,0,0,0,1,1,0.0
202300033750,155 620 728,B01,1,34,0,0,0,18,1,0.0
202300033751,155 620 725,B01,1,7,13,2,2,1,1,0.0
202300033751,155 620 730,A01,1,7,15,2,1,9,2,0.0
202300033752,155 620 722,A01,0,7,2,0,8,1,1,0.0
202300033753,155 620 721,A01,2,7,4,2,4,1,1,0.0
202300033753,155 620 723,B01,2,10,4,2,1,2,1,0.0
202300033754,155 620 727,B01,0,36,0,2,5,16,1,0.0
202300033754,155 620 732,A01,0,31,0,2,1,2,1,0.0
202300033755,155 620 724,A01,2,7,4,0,3,1,1,0.0
202300033756,155 620 716,B01,2,33,4,2,1,3,1,0.0
202300033756,155 620 719,A01,2,10,4,2,3,1,1,0.0
202300033757,155 620 717,A01,2,7,0,1,2,9,1,0.0
202300033758,155 620 715,A01,1,1,0,2,1,0,5,0.0
202300033758,155 620 720,B01,2,7,0,9,2,0,1,0.0
202300033759,155 620 718,A01,1,30,13,0,8,13,1,0.0
202300033760,155 620 713,B01,2,7,0,2,4,11,1,0.0
202300033760,155 620 714,A01,2,32,0,2,1,3,1,0.0
202300033761,155 620 711,A01,1,33,0,0,9,1,1,0.0
202300033762,155 620 710,B01,1,7,0,9,8,15,1,0.0
202300033762,155 620 712,A01,1,1,0,2,1,1,5,0.0
202300033763,155 620 709,A01,2,7,0,1,2,16,1,0.0
202300033764,155 620 708,A01,1,10,0,1,4,4,1,0.0
202300033765,155 620 704,B01,2,7,0,2,6,23,1,0.0
202300033765,155 620 707,A01,2,7,0,2,1,2,1,0.0
202300033766,155 620 702,A01,2,7,0,1,1,1,1,0.0
202300033767,155 620 703,B01,1,7,0,2,5,23,1,0.0
202300033767,155 620 706,A01,1,7,9,2,1,1,1,0.0
202300033768,155 620 701,A01,2,10,1,0,3,13,1,0.0
202300033769,155 620 699,A01,2,7,0,2,3,19,0,0.0
202300033769,155 620 705,B01,1,7,0,2,3,1,0,0.0
202300033770,155 620 697,A01,2,1,0,2,6,19,5,0.0
202300033770,155 620 700,B01,2,32,0,2,1,1,1,0.0
202300033771,155 620 698,A01,1,1,0,1,1,1,5,0.0
202300033772,155 620 693,B01,1,14,0,2,3,1,1,0.0
202300033772,155 620 695,C01,1,7,0,2,1,1,1,0.0
202300033772,155 620 696,A01,2,7,0,2,3,11,1,0.0
202300033773,155 620 694,A01,1,33,0,1,7,18,1,0.0
202300033774,155 620 688,A01,2,30,0,0,0,2,3,0.0
202300033775,155 620 689,B01,1,7,0,2,7,16,1,0.0
202300033775,155 620 692,A01,1,37,0,2,1,7,1,2.0
202300033776,155 620 687,A01,3,7,0,9,2,1,1,0.0
202300033776,155 620 691,B01,3,50,0,2,1,19,3,0.0
202300033777,155 620 686,A01,0,7,0,2,8,19,1,0.0
202300033777,155 620 690,B01,1,7,0,2,3,1,1,0.0
202300033778,155 620 680,A01,1,7,0,2,2,16,2,0.0
202300033778,155 620 683,B01,2,1,0,2,2,1,5,0.0
202300033779,155 620 679,C01,2,7,0,2,1,2,1,0.0
202300033779,155 620 681,B01,2,7,0,0,4,2,1,0.0
202300033779,155 620 684,A01,2,7,0,2,4,2,1,0.0
202300033780,155 620 678,C01,1,7,0,2,0,2,1,0.0
202300033780,155 620 682,A01,1,7,0,2,1,2,1,0.0
202300033780,155 620 685,B01,1,7,0,2,1,2,1,0.0
202300033781,155 620 673,A01,2,7,4,0,3,13,1,0.0
202300033782,155 620 672,B01,1,33,0,2,1,1,1,0.0
202300033782,155 620 675,A01,1,7,0,2,7,10,1,0.0
202300033783,155 620 671,A01,2,30,1,0,1,14,1,0.0
202300033784,155 620 670,B01,1,7,0,2,9,9,1,0.0
202300033784,155 620 674,A01,1,7,4,2,1,6,1,0.0
202300033785,155 620 668,B01,1,10,0,2,0,23,1,0.0
202300033785,155 620 669,A01,1,32,0,2,1,1,1,0.0
202300033786,155 620 664,A01,1,30,0,2,1,13,1,0.0
202300033786,155 620 665,B01,1,7,0,0,8,15,1,0.0
202300033787,155 620 662,A01,2,7,0,1,1,2,1,0.0
202300033788,155 620 660,A01,1,3,0,1,1,9,1,0.0
202300033789,155 620 661,A01,3,7,0,2,2,15,1,0.0
202300033789,155 620 666,B01,3,31,0,2,1,1,1,0.0
202300033790,155 620 659,B01,1,7,0,2,4,23,2,0.0
202300033790,155 620 663,A01,1,7,0,2,1,1,1,0.0
202300033791,155 620 657,A01,3,7,0,2,8,10,1,0.0
202300033791,155 620 658,B01,3,7,0,2,2,0,1,0.0
202300033792,155 620 654,A01,1,7,2,0,1,1,1,0.0
202300033793,155 620 653,A01,2,1,0,0,0,1,5,0.0
202300033794,155 620 652,A01,3,33,12,0,0,0,1,0.0
202300033795,155 620 651,A01,3,1,0,2,1,1,5,0.0
202300033795,155 620 655,B01,2,10,0,2,5,22,6,0.0
202300033796,155 620 650,A01,1,7,0,9,3,9,1,0.0
202300033796,155 620 656,B01,2,1,0,2,1,1,5,0.0
202300033797,155 620 648,A01,2,1,0,0,8,21,5,0.0
202300033798,155 620 645,A01,2,7,0,2,3,9,1,0.0
202300033798,155 620 649,B01,1,80,0,2,1,1,3,0.0
202300033799,155 620 644,A01,2,7,0,2,7,19,1,0.0
202300033799,155 620 646,B01,2,14,0,2,1,1,1,0.0
202300033800,155 620 641,B01,2,7,0,2,8,1,6,0.0
202300033800,155 620 647,A01,1,34,0,2,1,1,1,0.0
202300033801,155 620 640,A01,1,7,0,1,1,16,1,0.0
202300033802,155 620 638,A01,1,7,2,0,1,1,1,0.0
202300033803,155 620 637,A01,2,13,13,2,3,1,0,0.0
202300033803,155 620 643,B01,1,7,0,2,2,19,0,0.0
202300033804,155 620 632,A01,0,43,6,0,2,14,1,0.0
202300033805,155 620 629,B01,3,32,0,2,7,17,1,0.0
202300033805,155 620 634,A01,3,7,0,2,6,15,3,0.0
202300033806,155 620 631,B01,3,1,0,2,1,1,5,0.0
202300033806,155 620 635,A01,3,7,0,9,8,13,3,0.0
202300033807,155 620 630,A01,3,7,0,2,0,0,1,0.0
202300033807,155 620 636,B01,3,50,0,2,0,0,3,0.0
202300033808,155 620 628,A01,2,33,0,2,1,1,1,0.0
202300033808,155 620 633,B01,2,7,0,2,6,15,1,0.0
202300033809,155 620 626,Z01,1,1,0,2,1,2,5,0.0
202300033809,155 620 627,A01,1,1,0,2,3,19,5,0.0
202300033810,155 620 621,A01,1,10,13,0,8,15,1,0.0
202300033810,155 620 624,B01,1,33,0,2,1,17,1,0.0
202300033811,155 620 619,A01,3,7,0,2,7,19,1,0.0
202300033811,155 620 625,B01,3,7,0,2,1,1,1,0.0
202300033812,155 620 618,A01,1,7,0,2,7,16,1,0.0
202300033812,155 620 622,B01,1,33,0,2,1,18,1,0.0
202300033813,155 620 620,A01,0,7,0,2,1,15,1,0.0
202300033813,155 620 623,B01,0,33,0,2,1,1,0,0.0
202300033814,155 620 617,A01,2,80,0,1,1,5,3,0.0
202300033815,155 620 616,A01,1,7,2,0,8,1,1,0.0
202300033816,155 620 611,B01,0,10,0,2,1,1,0,0.0
202300033816,155 620 615,A01,3,10,0,2,1,15,0,0.0
202300033817,155 620 610,A01,0,7,0,2,3,9,1,0.0
202300033817,155 620 614,B01,0,2,0,2,7,26,1,0.0
202300033818,155 620 609,B01,1,0,0,2,0,0,0,0.0
202300033818,155 620 613,A01,1,3,0,2,5,9,0,0.0
202300033819,155 620 608,A01,3,7,0,2,2,1,2,0.0
202300033819,155 620 612,B01,1,32,0,2,3,9,1,0.0
202300033820,155 620 607,A01,1,2,0,0,1,1,1,0.0
202300033821,155 620 601,A01,1,7,0,2,2,1,1,0.0
202300033821,155 620 606,B01,1,32,0,2,1,1,1,0.0
202300033822,155 620 603,A01,0,7,0,2,3,10,1,0.0
202300033822,155 620 604,B01,0,31,0,2,1,5,1,0.0
202300033823,155 620 600,A01,1,32,0,2,3,9,1,0.0
202300033823,155 620 602,B01,1,80,0,2,2,1,3,0.0
202300033824,155 620 597,A01,1,7,0,2,3,9,1,0.0
202300033824,155 620 599,B01,1,50,0,2,5,15,3,0.0
202300033825,155 620 595,A01,1,32,6,0,1,14,1,0.0
202300033826,155 620 593,A01,1,7,0,1,2,13,1,0.0
202300033827,155 620 592,A01,1,10,0,2,1,12,3,0.0
202300033827,155 620 594,B01,1,7,0,2,4,24,1,0.0
202300033828,155 620 596,A01,1,7,0,2,1,15,0,0.0
202300033828,155 620 598,B01,2,7,0,2,3,1,1,0.0
202300033829,155 620 590,A01,1,2,0,0,0,1,1,0.0
202300033830,155 620 588,B01,1,10,0,2,3,1,1,0.0
202300033830,155 620 591,A01,2,10,0,2,3,5,1,0.0
202300033831,155 620 586,A01,1,50,0,1,1,1,3,0.0
202300033832,155 620 585,A01,1,2,0,2,3,2,0,0.0
202300033832,155 620 589,B01,2,7,0,2,3,13,1,0.0
202300033833,155 620 583,A01,1,43,0,1,1,1,1,0.0
202300033834,155 620 584,A01,1,33,0,2,1,1,1,0.0
202300033834,155 620 587,B01,1,33,0,0,4,23,1,0.0
202300033835,155 620 578,B01,1,10,0,2,3,1,1,0.0
202300033835,155 620 581,A01,2,7,0,9,3,13,1,0.0
202300033836,155 620 579,A01,1,10,0,2,3,15,1,0.0
202300033836,155 620 582,B01,1,1,0,2,1,1,5,0.0
202300033837,155 620 576,A01,1,7,1,1,3,1,1,0.0
202300033838,155 620 575,Y01,1,1,0,2,8,1,5,0.0
202300033838,155 620 580,A01,2,7,0,2,2,1,1,0.0
202300033839,155 620 574,B01,1,33,0,2,4,2,1,0.0
202300033839,155 620 577,A01,1,7,0,2,1,2,1,0.0
202300033840,155 620 570,A01,1,7,0,1,1,1,1,0.0
202300033841,155 620 568,B01,3,1,0,2,4,16,5,0.0
202300033841,155 620 571,A01,3,7,0,9,1,1,1,0.0
202300033842,155 620 567,A01,1,30,0,2,1,5,0,0.0
202300033842,155 620 572,B01,2,7,0,2,3,1,1,0.0
202300033843,155 620 566,C01,0,7,0,0,4,1,0,0.0
202300033843,155 620 569,B01,0,7,1,0,1,1,1,0.0
202300033843,155 620 573,A01,0,7,1,0,4,1,0,0.0
202300033844,155 620 565,A01,1,7,10,0,5,0,1,0.0
202300033845,155 620 560,A01,1,50,0,2,1,5,3,0.0
202300033845,155 620 563,B01,2,37,0,2,1,7,0,1.0
202300033846,155 620 562,A01,1,7,0,1,1,1,1,0.0
202300033847,155 620 557,A01,0,33,3,2,0,1,1,0.0
202300033847,155 620 559,B01,0,7,0,2,6,11,1,0.0
202300033848,155 620 555,A01,0,2,6,0,0,1,1,0.0
202300033849,155 620 553,A01,3,10,0,1,1,1,1,0.0
202300033850,155 620 552,B01,3,43,0,0,4,1,1,0.0
202300033850,155 620 554,A01,3,7,0,2,3,1,1,0.0
202300033851,155 620 550,A01,0,1,0,1,1,1,5,0.0
202300033852,155 620 551,C01,2,10,0,2,3,23,1,0.0
202300033852,155 620 556,A01,1,7,0,2,1,15,1,0.0
202300033852,155 620 558,B01,2,7,0,2,3,1,1,0.0
202300033853,155 620 549,A01,3,7,16,0,1,13,1,0.0
202300033854,155 620 548,A01,1,7,1,1,2,26,1,0.0
202300033855,155 620 545,A01,2,33,0,2,8,3,1,0.0
202300033855,155 620 546,B01,2,7,0,2,7,12,1,0.0
202300033856,155 620 544,A01,3,7,0,2,1,16,1,0.0
202300033856,155 620 547,B01,0,1,0,0,0,0,5,0.0
202300033857,155 620 543,A01,0,7,0,1,4,4,0,0.0
202300033858,155 620 541,A01,1,7,0,1,2,26,1,0.0
202300033859,155 620 540,A01,1,7,13,0,2,15,1,0.0
202300033859,155 620 542,B01,1,7,13,0,1,1,1,0.0
202300033860,155 620 537,A01,2,34,0,1,8,19,0,0.0
202300033861,155 620 539,A01,0,7,6,0,1,16,1,0.0
202300033862,155 620 535,A01,3,7,2,0,3,1,1,0.0
202300033863,155 620 533,A01,3,33,0,2,1,1,1,0.0
202300033863,155 620 536,B01,3,7,0,2,8,19,0,0.0
202300033864,155 620 531,C01,1,99,0,2,4,2,1,0.0
202300033864,155 620 534,B01,1,7,0,2,4,2,1,0.0
202300033864,155 620 538,A01,1,7,0,2,1,2,1,0.0
202300033865,155 620 529,A01,1,3,0,9,2,2,3,0.0
202300033865,155 620 532,B01,1,1,0,0,8,1,5,0.0
202300033866,155 620 527,A01,2,7,13,0,2,1,1,0.0
202300033867,155 620 528,B01,0,2,0,2,1,1,1,0.0
202300033867,155 620 530,A01,0,10,0,2,3,9,1,0.0
202300033868,155 620 525,A01,1,7,2,0,2,14,1,0.0
202300033869,155 620 524,A01,1,7,0,2,4,1,1,0.0
202300033869,155 620 526,B01,3,33,0,2,1,1,1,0.0
202300033870,155 620 522,B01,1,50,0,2,1,1,3,0.0
202300033870,155 620 523,A01,1,7,0,2,5,16,1,0.0
202300033871,155 620 519,A01,2,7,15,0,2,1,1,0.0
202300033872,155 620 518,A01,0,7,0,1,3,1,1,0.0
202300033873,155 620 516,A01,3,7,0,2,1,13,1,0.0
202300033873,155 620 521,B01,3,7,0,2,2,1,1,0.0
202300033874,155 620 514,B01,1,7,0,2,4,2,1,0.0
202300033874,155 620 517,C01,1,7,0,2,4,2,1,0.0
202300033874,155 620 520,A01,1,7,0,2,1,2,1,0.0
202300033875,155 620 511,A01,2,7,0,0,9,1,1,0.0
202300033876,155 620 510,B01,2,7,0,2,2,2,1,0.0
202300033876,155 620 513,A01,2,7,0,2,3,20,1,0.0
202300033877,155 620 509,B01,3,7,0,2,4,1,1,0.0
202300033877,155 620 512,A01,3,37,8,0,1,6,1,1.0
202300033877,155 620 515,C01,1,7,0,2,3,5,1,0.0
202300033878,155 620 503,B01,1,7,0,2,4,2,1,0.0
202300033878,155 620 506,A01,1,7,0,2,1,2,1,0.0
202300033879,155 620 501,B01,2,33,0,2,8,1,1,0.0
202300033879,155 620 505,A01,2,7,0,2,2,15,1,0.0
202300033880,155 620 500,A01,1,50,0,9,2,1,3,0.0
202300033880,155 620 504,B01,1,7,0,2,2,13,1,0.0
202300033881,155 620 499,A01,2,17,0,2,1,1,1,0.0
202300033881,155 620 502,B01,2,7,0,2,4,1,1,0.0
202300033882,155 620 495,A01,2,33,13,0,1,14,1,0.0
202300033883,155 620 494,A01,1,33,0,0,2,26,1,0.0
202300033884,155 620 492,A01,3,7,1,0,5,0,1,0.0
202300033885,155 620 491,A01,1,7,0,2,1,2,2,0.0
202300033885,155 620 496,B01,1,7,0,2,4,23,1,0.0
202300033886,155 620 488,B01,2,7,0,2,2,1,1,0.0
202300033886,155 620 490,C01,2,7,0,2,4,0,0,0.0
202300033886,155 620 493,D01,2,7,0,2,4,2,1,0.0
202300033886,155 620 497,A01,2,10,0,2,1,2,1,0.0
202300033887,155 620 485,B01,2,7,0,2,2,15,1,0.0
202300033887,155 620 489,A01,1,7,0,2,1,1,1,0.0
202300033888,155 620 483,B01,3,7,0,2,1,1,1,0.0
202300033888,155 620 486,A01,1,50,0,2,2,25,3,0.0
202300033889,155 620 484,A01,1,37,0,2,7,20,0,1.0
202300033889,155 620 487,B01,1,30,0,2,3,7,0,0.0
202300033890,155 620 481,A01,1,30,0,0,0,0,1,0.0
202300033891,155 620 476,A01,2,7,6,0,1,1,1,0.0
202300033892,155 620 478,A01,3,14,0,1,6,1,1,0.0
202300033893,155 620 477,A01,2,7,0,2,3,1,2,0.0
202300033893,155 620 480,C01,2,7,0,2,4,2,2,0.0
202300033893,155 620 482,B01,2,7,0,2,1,1,1,0.0
202300033894,155 620 475,A01,2,31,0,2,3,1,1,0.0
202300033894,155 620 479,B01,1,7,0,2,2,15,1,0.0
202300033895,155 620 474,A01,3,7,0,1,2,26,1,0.0
202300033896,155 620 470,A01,2,7,4,0,3,1,1,0.0