num_acc,id_vehicule,num_veh,senc,catv,obs,obsm,choc,manv,motor,occutc
202300033897,155 620 468,A01,1,14,0,0,6,4,1,0.0
202300033897,155 620 471,B01,1,7,0,2,2,1,1,0.0
202300033898,155 620 467,B01,1,7,0,2,8,1,1,0.0
202300033898,155 620 473,A01,2,33,0,2,8,13,1,0.0
202300033899,155 620 466,A01,0,7,0,1,1,1,0,0.0
202300033900,155 620 465,B01,1,7,0,2,2,15,1,0.0
202300033900,155 620 469,A01,2,33,0,2,1,1,1,0.0
202300033901,155 620 463,A01,1,31,0,2,1,3,1,0.0
202300033901,155 620 464,B01,1,7,0,2,1,11,1,0.0
202300033902,155 620 462,A01,3,1,0,0,0,1,5,0.0
202300033903,155 620 458,A01,2,7,15,0,1,1,1,0.0
202300033904,155 620 453,B01,0,15,0,2,3,23,1,0.0
202300033904,155 620 455,A01,0,33,0,2,1,2,0,0.0
202300033905,155 620 454,A01,1,7,0,2,1,2,1,0.0
202300033905,155 620 457,B01,1,7,0,2,4,2,1,0.0
202300033905,155 620 459,C01,1,7,0,2,4,2,1,0.0
202300033906,155 620 452,A01,1,7,0,2,3,1,1,0.0
202300033906,155 620 461,B01,2,7,15,0,2,1,1,0.0
202300033907,155 620 450,A01,2,7,13,0,1,14,1,0.0
202300033908,155 620 449,A01,2,7,13,0,1,13,1,0.0
202300033909,155 620 445,A01,2,7,0,2,4,23,1,0.0
202300033909,155 620 448,B01,2,10,0,2,1,1,1,0.0
202300033910,155 620 444,A01,1,7,0,2,3,13,1,0.0
202300033910,155 620 447,B01,2,7,0,2,8,21,1,0.0
202300033911,155 620 443,A01,1,7,0,2,0,0,1,0.0
202300033911,155 620 446,B01,1,17,0,2,7,1,1,0.0
202300033911,155 620 451,C01,1,33,0,2,8,1,1,0.0
202300033912,155 620 441,A01,2,7,4,0,2,21,1,0.0
202300033913,155 620 440,A01,2,10,0,2,1,2,1,0.0
202300033913,155 620 442,B01,2,15,0,2,4,1,1,0.0
202300033914,155 620 439,A01,3,7,0,1,1,15,3,0.0
202300033915,155 620 434,A01,1,10,0,2,6,1,1,0.0
202300033915,155 620 437,B01,2,33,0,2,1,15,1,0.0
202300033916,155 620 432,A01,2,7,8,2,1,5,0,0.0
202300033916,155 620 436,B01,1,7,0,2,1,1,0,0.0
202300033917,155 620 433,A01,1,7,0,2,1,9,6,0.0
202300033917,155 620 435,B01,1,31,0,2,7,17,1,0.0
202300033918,155 620 431,A01,1,7,0,2,1,11,1,0.0
202300033918,155 620 438,B01,1,7,0,2,4,1,1,0.0
202300033919,155 620 430,A01,1,7,0,1,2,1,3,0.0
202300033920,155 620 429,A01,1,7,2,0,8,1,1,0.0
202300033921,155 620 428,A01,1,7,6,0,1,1,1,0.0
202300033922,155 620 426,A01,2,33,0,0,8,1,1,0.0
202300033923,155 620 424,A01,1,80,0,1,1,1,3,0.0
202300033924,155 620 422,A01,2,33,0,2,1,3,1,0.0
202300033924,155 620 425,B01,2,7,0,2,3,0,3,0.0
202300033924,155 620 427,C01,1,14,0,2,0,0,0,0.0
202300033925,155 620 419,B01,1,7,0,2,5,2,1,0.0
202300033925,155 620 420,A01,2,7,0,2,1,2,1,0.0
202300033926,155 620 418,B01,3,7,13,2,2,1,1,0.0
202300033926,155 620 421,A01,3,7,0,2,3,19,1,0.0
202300033927,155 620 417,A01,1,7,0,2,3,13,1,0.0
202300033927,155 620 423,B01,2,7,0,2,3,0,1,0.0
202300033928,155 620 415,A01,2,7,0,9,1,1,1,0.0
202300033929,155 620 414,A01,2,7,0,2,8,11,2,0.0
202300033929,155 620 416,B01,2,32,0,2,7,3,1,0.0
202300033930,155 620 413,A01,2,7,4,0,1,1,1,0.0
202300033931,155 620 411,A01,2,7,0,1,1,10,0,0.0
202300033932,155 620 410,B01,2,7,0,2,3,23,1,0.0
202300033932,155 620 412,A01,1,10,0,2,3,13,1,0.0
202300033933,155 620 409,A01,1,7,1,0,1,13,3,0.0
202300033934,155 620 408,A01,2,7,4,0,1,0,1,0.0
202300033935,155 620 407,A01,1,7,2,0,1,1,1,0.0
202300033936,155 620 406,A01,1,7,2,0,1,1,1,0.0
202300033937,155 620 404,A01,2,7,0,2,1,2,1,0.0
202300033938,155 620 401,A01,1,2,0,0,8,14,1,0.0
202300033939,155 620 400,A01,2,2,0,0,3,5,1,0.0
202300033939,155 620 405,B01,1,7,0,0,3,14,1,0.0
202300033940,155 620 399,A01,1,31,0,2,7,17,1,0.0
202300033940,155 620 403,B01,1,7,0,0,6,15,1,0.0
202300033941,155 620 398,B01,1,2,0,2,8,16,1,0.0
202300033941,155 620 402,A01,1,10,0,9,2,16,1,0.0
202300033942,155 620 395,A01,3,2,0,2,2,5,1,0.0
202300033942,155 620 397,B01,2,7,0,2,3,1,0,0.0
202300033943,155 620 392,A01,2,7,2,0,1,1,1,0.0
202300033944,155 620 393,A01,2,7,0,2,1,1,1,0.0
202300033944,155 620 396,B01,1,7,0,2,7,11,1,0.0
202300033945,155 620 391,B01,2,2,0,2,1,1,1,0.0
202300033945,155 620 394,A01,1,7,0,9,2,15,1,0.0
202300033946,155 620 389,A01,1,7,0,1,2,26,1,0.0
202300033947,155 620 386,A01,1,7,13,0,9,1,1,0.0
202300033948,155 620 388,A01,2,2,0,2,2,17,1,0.0
202300033948,155 620 390,B01,2,7,0,2,3,15,2,0.0
202300033949,155 620 385,B01,2,7,0,2,3,1,1,0.0
202300033949,155 620 387,A01,1,7,0,2,3,13,1,0.0
202300033950,155 620 383,A01,1,30,0,0,0,18,1,0.0
202300033951,155 620 382,A01,2,7,0,2,1,19,1,0.0
202300033951,155 620 384,B01,1,33,0,2,8,1,1,0.0
202300033952,155 620 379,A01,1,7,0,0,3,13,1,0.0
202300033952,155 620 381,B01,2,10,0,0,3,1,1,0.0
202300033953,155 620 380,A01,2,1,0,0,0,1,5,0.0
202300033954,155 620 378,A01,2,7,0,1,2,1,1,0.0
202300033955,155 620 373,B01,1,7,0,2,8,1,0,0.0
202300033955,155 620 377,A01,2,7,0,2,8,13,0,0.0
202300033956,155 620 374,A01,1,7,0,1,2,1,1,0.0
202300033957,155 620 375,A01,2,2,16,0,7,1,1,0.0
202300033958,155 620 371,A01,3,30,0,0,0,0,1,0.0
202300033958,155 620 376,Z01,3,2,0,0,0,0,1,0.0
202300033959,155 620 368,A01,1,7,0,0,1,1,0,0.0
202300033960,155 620 367,A01,2,7,0,2,1,14,1,0.0
202300033960,155 620 370,B01,1,30,0,2,1,1,1,0.0
202300033960,155 620 372,C01,2,37,0,2,3,1,1,1.0
202300033961,155 620 363,A01,3,7,0,2,2,1,0,0.0
202300033961,155 620 369,B01,2,7,0,2,1,1,0,0.0
202300033962,155 620 364,A01,1,7,0,2,1,1,1,0.0
202300033962,155 620 365,B01,1,34,0,2,4,1,1,0.0
202300033963,155 620 361,A01,1,2,0,0,0,1,0,0.0
202300033963,155 620 366,B01,2,7,0,0,2,2,0,0.0
202300033964,155 620 358,A01,0,7,2,0,1,1,0,0.0
202300033965,155 620 359,A01,2,7,0,2,1,2,1,0.0
202300033965,155 620 362,B01,2,17,0,2,6,2,1,0.0
202300033966,155 620 360,A01,1,33,0,1,1,1,1,0.0
202300033967,155 620 355,B01,1,50,0,2,1,1,3,0.0
202300033967,155 620 357,A01,1,7,0,2,0,16,1,0.0
202300033968,155 620 354,A01,1,36,8,0,2,1,1,0.0
202300033969,155 620 349,A01,1,7,0,2,1,1,1,0.0
202300033969,155 620 352,B01,1,1,0,2,4,1,5,0.0
202300033970,155 620 348,A01,1,10,0,2,1,23,1,0.0
202300033970,155 620 351,B01,3,50,0,2,0,19,3,0.0
202300033971,155 620 347,D01,1,7,14,0,0,2,1,0.0
202300033971,155 620 350,A01,1,7,0,2,1,2,1,0.0
202300033971,155 620 353,B01,1,17,0,2,4,1,1,0.0
202300033971,155 620 356,C01,1,7,14,0,0,2,1,0.0
202300033972,155 620 345,A01,1,10,2,0,1,0,1,0.0
202300033973,155 620 344,A01,3,31,0,0,1,1,1,0.0
202300033974,155 620 341,A01,2,7,0,2,7,0,1,0.0
202300033974,155 620 346,B01,1,7,0,2,1,7,1,0.0
202300033975,155 620 339,A01,3,33,0,2,3,17,0,0.0
202300033975,155 620 342,B01,1,7,0,2,0,0,0,0.0
202300033976,155 620 340,A01,1,7,0,2,3,2,1,0.0
202300033976,155 620 343,B01,1,50,0,2,4,2,3,0.0
202300033977,155 620 336,A01,1,7,0,2,7,15,1,0.0
202300033977,155 620 338,B01,2,1,0,2,7,5,5,0.0
202300033978,155 620 332,B01,2,1,0,2,1,2,5,0.0
202300033978,155 620 335,A01,2,7,0,2,3,2,1,0.0
202300033979,155 620 333,B01,1,10,0,2,2,1,1,0.0
202300033979,155 620 337,A01,2,7,6,2,7,1,1,0.0
202300033980,155 620 330,A01,1,7,0,2,1,2,1,0.0
202300033980,155 620 334,B01,1,10,0,2,4,2,1,0.0
202300033981,155 620 329,A01,1,7,13,0,9,26,1,0.0
202300033982,155 620 326,A01,1,7,0,2,3,15,1,0.0
202300033982,155 620 331,B01,1,2,0,2,1,1,1,0.0
202300033983,155 620 328,A01,1,33,3,0,7,21,1,0.0
202300033984,155 620 325,B01,1,37,0,0,4,23,1,1.0
202300033984,155 620 327,A01,1,2,0,9,1,2,1,0.0
202300033985,155 620 323,A01,2,33,0,2,1,26,1,0.0
202300033985,155 620 324,B01,2,7,0,2,4,24,1,0.0
202300033986,155 620 320,A01,1,10,13,0,9,1,1,0.0
202300033987,155 620 316,A01,1,10,13,2,2,19,1,0.0
202300033987,155 620 322,B01,1,10,13,2,3,2,1,0.0
202300033988,155 620 317,A01,3,7,0,2,3,20,6,0.0
202300033988,155 620 319,B01,3,31,0,2,1,21,6,0.0
202300033989,155 620 314,A01,2,7,4,0,9,13,1,0.0
202300033990,155 620 313,B01,0,10,0,2,5,4,0,0.0
202300033990,155 620 315,A01,3,7,0,2,1,1,1,0.0
202300033991,155 620 308,A01,2,7,0,2,8,9,1,0.0
202300033991,155 620 311,B01,2,2,0,2,1,1,1,0.0
202300033992,155 620 309,B01,1,10,0,0,4,2,1,0.0
202300033992,155 620 312,A01,1,10,0,2,1,2,1,0.0
202300033993,155 620 306,A01,3,10,0,1,1,1,1,0.0
202300033994,155 620 304,E01,2,7,1,0,3,2,1,0.0
202300033994,155 620 305,D01,2,7,1,0,1,2,2,0.0
202300033994,155 620 310,C01,2,7,1,0,2,2,3,0.0
202300033994,155 620 318,B01,2,7,0,0,6,2,3,0.0
202300033994,155 620 321,A01,2,7,0,0,6,2,1,0.0
202300033995,155 620 303,A01,3,50,0,2,1,2,3,0.0
202300033995,155 620 307,B01,3,7,0,9,8,16,1,0.0
202300033996,155 620 302,A01,0,20,0,1,0,1,1,0.0
202300033997,155 620 299,B01,2,7,0,2,3,13,3,0.0
202300033997,155 620 301,A01,1,10,0,2,3,13,1,0.0
202300033998,155 620 298,A01,1,7,0,2,1,1,0,0.0
202300033998,155 620 300,B01,1,7,0,2,0,0,0,0.0
202300033999,155 620 294,A01,1,2,0,0,8,1,1,0.0
202300033999,155 620 297,B01,1,17,0,2,5,17,1,0.0
202300034000,155 620 293,B01,3,7,0,2,2,1,1,0.0
202300034000,155 620 296,A01,1,80,0,2,1,1,3,0.0
202300034001,155 620 292,A01,0,7,0,2,8,9,1,0.0
202300034001,155 620 295,B01,1,33,0,2,1,1,1,0.0
202300034002,155 620 291,A01,1,7,0,1,1,15,1,0.0
202300034003,155 620 290,A01,2,7,0,1,1,1,1,0.0
202300034004,155 620 288,A01,1,7,0,1,3,1,1,0.0
202300034005,155 620 287,A01,2,7,0,2,1,1,1,0.0
202300034005,155 620 289,B01,1,7,0,2,5,15,1,0.0
202300034006,155 620 286,A01,1,7,2,0,1,13,1,0.0
202300034007,155 620 284,A01,1,7,0,1,7,1,0,0.0
202300034008,155 620 281,A01,3,7,0,1,3,1,3,0.0
202300034009,155 620 283,B01,1,7,0,2,5,15,1,0.0
202300034009,155 620 285,A01,2,32,0,2,1,1,1,0.0
202300034010,155 620 280,A01,2,7,0,2,2,14,1,0.0
202300034010,155 620 282,B01,2,15,0,2,6,1,1,0.0
202300034011,155 620 278,A01,1,10,0,2,1,2,1,0.0
202300034011,155 620 279,B01,1,7,0,2,4,2,1,0.0
202300034012,155 620 276,A01,1,7,0,1,1,1,2,0.0
202300034013,155 620 274,A01,1,7,0,2,1,1,1,0.0
202300034013,155 620 277,B01,2,7,0,2,1,13,1,0.0
202300034014,155 620 272,A01,1,10,0,2,3,1,1,0.0
202300034014,155 620 275,B01,2,33,0,2,1,1,1,0.0
202300034015,155 620 271,A01,3,7,7,0,1,19,1,0.0
202300034016,155 620 269,A01,1,10,0,2,2,1,1,0.0
202300034016,155 620 273,B01,2,7,9,2,1,1,1,0.0
202300034017,155 620 266,A01,1,7,0,2,1,1,1,0.0
202300034017,155 620 270,B01,2,30,0,2,2,0,1,0.0
202300034018,155 620 265,A01,2,7,8,0,1,13,1,0.0
202300034019,155 620 262,A01,1,7,13,0,1,1,1,0.0
202300034020,155 620 258,A01,3,10,0,1,4,4,1,0.0
202300034021,155 620 257,A01,3,31,0,0,0,1,1,0.0
202300034022,155 620 256,A01,1,10,0,2,2,13,1,0.0
202300034022,155 620 259,B01,2,10,0,2,1,0,1,0.0
202300034023,155 620 255,B01,1,31,0,2,3,1,1,0.0
202300034023,155 620 260,A01,1,7,0,2,2,1,1,0.0
202300034024,155 620 253,A01,3,7,0,2,2,0,1,0.0
202300034024,155 620 254,B01,3,34,9,0,0,0,1,0.0
202300034025,155 620 247,A01,2,7,0,2,1,1,1,0.0
202300034025,155 620 251,B01,1,7,0,2,8,9,1,0.0
202300034026,155 620 248,A01,1,10,0,2,7,13,1,0.0
202300034026,155 620 252,B01,2,7,0,2,1,1,2,0.0
202300034027,155 620 245,A01,2,7,0,2,3,1,1,0.0
202300034027,155 620 249,B01,1,7,0,2,3,1,1,0.0
202300034028,155 620 246,A01,3,7,0,2,1,5,1,0.0
202300034028,155 620 250,B01,3,7,0,2,1,1,1,0.0
202300034029,155 620 243,A01,1,43,8,0,1,14,1,0.0
202300034030,155 620 242,A01,2,7,13,0,1,13,1,0.0
202300034031,155 620 241,A01,1,7,0,2,1,19,1,0.0
202300034031,155 620 244,B01,1,33,0,2,8,1,1,0.0
202300034032,155 620 238,B01,1,7,0,2,7,2,1,0.0
202300034032,155 620 240,A01,1,33,0,2,8,2,1,0.0
202300034033,155 620 237,A01,2,7,13,6,1,1,0,0.0
202300034034,155 620 235,A01,3,33,16,0,8,16,1,0.0
202300034035,155 620 233,A01,2,7,0,2,4,2,1,0.0
202300034035,155 620 236,B01,1,7,0,0,8,2,1,0.0
202300034036,155 620 228,B01,2,7,0,2,4,1,1,0.0
202300034036,155 620 231,A01,2,7,0,2,4,15,1,0.0
202300034036,155 620 234,C01,2,7,0,2,1,1,1,0.0
202300034037,155 620 226,A01,3,99,0,2,1,5,0,0.0
202300034037,155 620 229,B01,3,7,0,2,3,15,1,0.0
202300034038,155 620 227,B01,2,30,0,2,2,17,1,0.0
202300034038,155 620 230,A01,2,10,0,2,3,15,1,0.0
202300034039,155 620 225,A01,1,7,0,2,6,17,1,0.0
202300034039,155 620 232,B01,1,33,1,2,2,17,1,0.0
202300034040,155 620 224,A01,2,7,17,0,2,1,1,0.0
202300034041,155 620 223,A01,2,7,0,1,1,15,1,0.0
202300034042,155 620 220,A01,1,7,0,1,2,9,1,0.0
202300034043,155 620 222,A01,1,7,0,1,1,26,1,0.0
202300034044,155 620 221,A01,2,2,12,0,2,1,1,0.0
202300034045,155 620 216,A01,3,33,13,0,1,2,1,0.0
202300034046,155 620 214,B01,1,7,0,2,1,1,1,0.0
202300034046,155 620 219,A01,2,10,0,2,6,19,1,0.0
202300034047,155 620 212,A01,3,7,0,2,3,1,3,0.0
202300034047,155 620 215,B01,3,10,0,2,1,11,1,0.0
202300034048,155 620 211,A01,1,7,0,2,7,15,1,0.0
202300034048,155 620 213,B01,2,7,0,2,2,1,1,0.0
202300034048,155 620 218,C01,1,10,0,2,6,1,1,0.0
202300034049,155 620 208,A01,1,7,0,1,0,1,0,0.0
202300034050,155 620 207,B01,2,1,0,0,8,26,5,0.0
202300034050,155 620 210,A01,2,7,0,2,7,17,1,0.0
202300034051,155 620 203,B01,0,99,1,0,1,3,0,0.0
202300034051,155 620 206,A01,0,7,0,2,7,1,1,0.0
202300034052,155 620 201,B01,1,7,0,2,3,1,1,0.0
202300034052,155 620 205,A01,1,7,0,2,2,15,1,0.0
202300034053,155 620 199,A01,1,33,0,0,1,17,1,0.0
202300034054,155 620 198,A01,2,15,0,2,1,1,1,0.0
202300034054,155 620 202,B01,2,15,0,0,4,1,1,0.0
202300034055,155 620 200,A01,1,7,0,2,1,2,1,0.0
202300034055,155 620 204,B01,1,7,0,2,4,23,1,0.0
202300034055,155 620 209,C01,1,7,0,2,4,23,1,0.0
202300034055,155 620 217,D01,1,7,0,2,4,23,1,0.0
202300034056,155 620 196,A01,0,34,0,2,1,2,1,0.0
202300034056,155 620 197,B01,1,50,0,2,8,2,3,0.0
202300034057,155 620 193,B01,1,7,0,0,8,1,1,0.0
202300034057,155 620 195,A01,2,7,0,2,8,17,1,0.0
202300034058,155 620 191,B01,3,31,0,2,1,1,0,0.0
202300034058,155 620 194,A01,3,7,0,2,1,1,0,0.0
202300034059,155 620 189,A01,1,7,0,1,2,1,1,0.0
202300034060,155 620 187,A01,2,50,0,0,0,26,3,0.0
202300034061,155 620 185,C01,1,7,0,2,4,1,0,0.0
202300034061,155 620 188,D01,1,7,0,0,4,1,1,0.0
202300034061,155 620 190,B01,1,7,0,0,4,1,1,0.0
202300034061,155 620 192,A01,1,7,0,2,1,1,1,0.0
202300034062,155 620 182,A01,2,7,0,2,1,1,1,0.0
202300034062,155 620 184,B01,2,7,0,2,4,2,1,0.0
202300034062,155 620 186,C01,2,7,0,2,4,2,1,0.0
202300034063,155 620 181,A01,1,7,0,1,8,10,1,0.0
202300034064,155 620 180,A01,2,7,0,2,3,13,0,0.0
202300034064,155 620 183,B01,1,7,0,2,3,1,0,0.0
202300034065,155 620 179,A01,1,7,4,0,3,1,1,0.0
202300034066,155 620 178,A01,0,33,0,1,1,0,0,0.0
202300034067,155 620 176,B01,3,7,0,2,4,2,1,0.0
202300034067,155 620 177,A01,3,7,0,2,1,2,2,0.0
202300034068,155 620 175,A01,2,33,16,0,7,1,1,0.0
202300034069,155 620 172,A01,3,99,16,0,1,26,1,0.0
202300034070,155 620 171,A01,1,7,0,9,3,20,1,0.0
202300034070,155 620 173,B01,2,1,0,2,3,0,5,0.0
202300034071,155 620 170,B01,2,10,0,2,1,1,1,0.0
202300034071,155 620 174,A01,2,17,0,2,4,1,1,0.0
202300034072,155 620 168,A01,2,7,0,0,4,16,1,0.0
202300034073,155 620 167,A01,1,30,0,1,8,15,0,0.0
202300034074,155 620 166,A01,2,17,0,2,5,1,1,0.0
202300034074,155 620 169,B01,2,10,3,2,6,1,1,0.0
202300034075,155 620 165,A01,3,99,0,1,1,15,0,0.0
202300034076,155 620 163,A01,1,7,0,0,9,0,1,0.0
202300034077,155 620 160,B01,0,2,0,2,1,1,1,0.0
202300034077,155 620 162,A01,3,7,0,2,1,15,0,0.0
202300034078,155 620 158,B01,2,10,0,2,5,0,1,0.0
202300034078,155 620 161,A01,2,10,0,2,3,26,1,0.0
202300034079,155 620 159,A01,1,30,0,2,2,1,1,0.0
202300034079,155 620 164,B01,1,7,0,2,3,1,1,0.0
202300034080,155 620 157,A01,1,7,0,0,0,26,1,0.0
202300034081,155 620 156,A01,2,7,0,2,1,1,1,0.0
202300034082,155 620 152,B01,2,7,0,2,4,2,1,0.0
202300034082,155 620 155,A01,2,7,0,2,1,2,1,0.0
202300034083,155 620 149,A01,1,7,0,2,3,10,1,0.0
202300034083,155 620 154,B01,1,33,0,2,1,5,1,0.0
202300034084,155 620 148,B01,1,7,0,2,1,1,1,0.0
202300034084,155 620 153,A01,3,7,0,2,3,16,1,0.0
202300034085,155 620 147,B01,2,7,0,2,1,1,1,0.0
202300034085,155 620 151,A01,2,10,0,2,6,1,1,0.0
202300034086,155 620 145,A01,1,38,0,2,1,1,1,2.0
202300034086,155 620 150,B01,2,7,0,0,3,2,1,0.0
202300034087,155 620 144,B01,2,10,0,2,6,2,1,0.0
202300034087,155 620 146,A01,2,7,0,2,2,2,1,0.0
202300034088,155 620 139,A01,2,14,3,0,8,0,1,0.0
202300034089,155 620 137,C01,2,7,0,2,4,1,0,0.0
202300034089,155 620 140,A01,2,7,0,2,1,1,0,0.0
202300034089,155 620 143,B01,2,7,0,2,4,1,0,0.0
202300034090,155 620 138,A01,2,7,2,0,1,21,2,0.0
202300034091,155 620 136,B01,2,7,4,2,4,1,1,0.0
202300034091,155 620 141,A01,2,7,0,2,1,18,1,0.0
202300034092,155 620 135,B01,1,7,0,2,1,2,1,0.0
202300034092,155 620 142,A01,1,7,0,2,1,9,1,0.0
202300034093,155 620 133,A01,1,1,0,0,0,1,5,0.0
202300034094,155 620 130,A01,1,7,0,2,5,10,1,0.0
202300034094,155 620 132,B01,1,7,0,2,1,1,1,0.0
202300034095,155 620 129,B01,2,7,0,2,4,1,1,0.0
202300034095,155 620 131,A01,2,7,0,2,1,2,1,0.0
202300034095,155 620 134,C01,2,7,0,2,4,1,1,0.0
202300034096,155 620 126,A01,2,1,6,0,3,1,5,0.0
202300034097,155 620 127,A01,2,7,0,1,8,15,1,0.0
202300034098,155 620 123,B01,2,33,0,2,4,26,1,0.0
202300034098,155 620 125,A01,2,7,0,2,1,26,1,0.0
202300034098,155 620 128,C01,2,7,0,2,1,26,1,0.0
202300034099,155 620 120,A01,1,10,0,0,4,4,1,0.0
202300034099,155 620 124,B01,2,30,0,2,1,1,3,0.0
202300034100,155 620 119,A01,2,7,0,2,5,14,1,0.0
202300034100,155 620 121,C01,2,7,0,2,6,1,1,0.0
202300034100,155 620 122,B01,2,7,0,2,5,1,3,0.0
202300034101,155 620 115,A01,0,7,11,0,0,1,1,0.0
202300034102,155 620 114,A01,1,7,0,2,1,9,1,0.0
202300034102,155 620 118,B01,2,7,0,2,8,1,1,0.0
202300034103,155 620 113,B01,2,7,0,0,8,1,1,0.0
202300034103,155 620 117,A01,1,7,0,1,3,1,1,0.0
202300034104,155 620 111,A01,2,7,0,2,4,1,1,0.0
202300034104,155 620 116,B01,2,7,0,2,1,2,1,0.0
202300034105,155 620 110,B01,2,7,0,2,5,0,1,0.0
202300034105,155 620 112,A01,2,32,0,2,1,0,1,0.0
202300034106,155 620 107,B01,1,7,0,0,4,24,1,0.0
202300034106,155 620 109,A01,1,10,1,0,1,2,1,0.0
202300034107,155 620 105,A01,1,7,4,0,9,14,1,0.0
202300034108,155 620 104,A01,1,10,0,1,1,1,1,0.0
202300034109,155 620 102,A01,2,33,0,2,3,1,1,0.0
202300034109,155 620 106,B01,2,7,0,2,5,21,1,0.0
202300034110,155 620 101,B01,1,2,0,2,7,1,1,0.0
202300034110,155 620 103,A01,3,7,0,2,1,20,1,0.0
202300034110,155 620 108,C01,2,99,0,2,1,1,1,0.0
202300034111,155 620 099,A01,3,7,10,0,1,1,1,0.0
202300034112,155 620 096,A01,1,33,0,0,8,13,1,0.0
202300034112,155 620 098,B01,2,10,9,0,8,0,1,0.0
202300034113,155 620 094,B01,1,7,0,2,4,1,2,0.0
202300034113,155 620 097,A01,1,7,0,2,1,2,3,0.0
202300034113,155 620 100,C01,1,7,0,2,4,1,1,0.0
202300034114,155 620 092,A01,1,33,0,0,2,1,0,0.0
202300034115,155 620 091,B01,1,7,0,2,1,1,1,0.0
202300034115,155 620 093,A01,1,7,0,2,4,1,1,0.0
202300034115,155 620 095,C01,1,7,0,2,1,1,1,0.0
202300034116,155 620 090,A01,1,7,0,1,1,1,2,0.0
202300034117,155 620 089,A01,2,7,4,0,2,13,1,0.0
202300034118,155 620 085,A01,2,7,0,0,9,26,1,0.0
202300034119,155 620 084,A01,1,7,0,5,1,1,1,0.0
202300034120,155 620 083,A01,3,33,0,2,2,17,1,0.0
202300034120,155 620 086,B01,3,36,0,2,6,1,1,0.0
202300034121,155 620 081,B01,1,7,0,2,4,2,0,0.0
202300034121,155 620 082,A01,1,7,0,2,1,2,0,0.0
202300034122,155 620 079,A01,3,33,0,0,7,1,1,0.0
202300034123,155 620 073,B01,1,7,0,2,8,15,1,0.0
202300034123,155 620 078,A01,2,7,15,2,1,1,1,0.0
202300034124,155 620 074,A01,1,7,0,2,7,14,1,0.0
202300034124,155 620 077,B01,1,33,0,2,8,14,1,0.0
202300034125,155 620 071,A01,3,7,8,0,5,1,1,0.0
202300034126,155 620 072,A01,2,7,0,2,1,2,1,0.0
202300034126,155 620 076,B01,2,7,0,2,4,2,1,0.0
202300034126,155 620 080,C01,2,7,0,2,4,1,1,0.0
202300034127,155 620 070,B01,2,7,0,2,4,2,1,0.0
202300034127,155 620 075,A01,2,7,0,2,1,2,3,0.0
202300034128,155 620 069,A01,2,43,7,0,0,6,1,0.0
202300034129,155 620 068,A01,1,7,3,0,2,1,1,0.0
202300034130,155 620 066,A01,2,31,0,2,7,1,1,0.0
202300034131,155 620 064,A01,1,32,1,0,1,1,1,0.0
202300034131,155 620 065,B01,1,7,0,2,1,1,1,0.0
202300034132,155 620 063,B01,1,7,0,2,4,2,1,0.0
202300034132,155 620 067,A01,1,7,0,2,1,0,1,0.0
202300034133,155 620 061,A01,2,33,0,2,7,3,1,0.0
202300034134,155 620 060,A01,1,7,0,1,3,15,6,0.0
202300034135,155 620 056,A01,2,10,0,1,3,1,1,0.0
202300034136,155 620 055,A01,1,14,0,2,8,1,1,0.0
202300034136,155 620 057,B01,1,7,0,2,7,1,1,0.0
202300034137,155 620 054,A01,1,10,0,2,1,2,1,0.0
202300034137,155 620 058,B01,1,10,0,2,4,2,1,0.0
202300034138,155 620 052,A01,2,2,0,2,3,16,1,0.0
202300034138,155 620 053,B01,1,7,0,2,1,15,1,0.0
202300034139,155 620 047,B01,2,7,0,2,4,1,1,0.0
202300034139,155 620 050,A01,2,7,0,2,1,2,1,0.0
202300034140,155 620 048,A01,2,13,0,1,2,16,1,0.0
202300034141,155 620 046,A01,1,33,0,2,7,1,1,0.0
202300034141,155 620 049,B01,1,7,0,2,8,11,1,0.0
202300034142,155 620 045,A01,1,7,0,2,3,15,1,0.0
202300034142,155 620 051,B01,3,7,0,2,2,1,1,0.0
202300034143,155 620 042,A01,2,7,0,2,3,17,1,0.0
202300034143,155 620 044,B01,1,2,0,2,1,1,1,0.0
202300034144,155 620 040,A01,2,33,8,0,1,1,1,0.0
202300034145,155 620 039,A01,3,10,0,1,2,16,1,0.0
202300034146,155 620 035,A01,1,7,4,0,1,26,1,0.0
202300034147,155 620 037,A01,1,7,0,2,1,2,1,0.0
202300034147,155 620 038,B01,1,7,0,2,4,23,1,0.0
202300034148,155 620 033,A01,2,7,12,0,2,13,1,0.0
202300034149,155 620 032,A01,0,2,0,2,1,16,1,0.0
202300034149,155 620 036,B01,2,7,0,2,1,1,1,0.0
202300034150,155 620 031,A01,3,10,0,2,0,15,1,0.0
202300034150,155 620 034,B01,3,31,14,2,8,1,1,0.0
202300034151,155 620 028,B01,1,7,0,2,8,1,1,0.0
202300034151,155 620 030,A01,2,7,0,2,3,1,1,0.0
202300034152,155 620 025,A01,2,7,8,1,1,13,0,0.0
202300034153,155 620 024,A01,3,1,0,2,2,1,5,0.0
202300034153,155 620 029,B01,3,7,0,2,3,9,1,0.0
202300034154,155 620 023,A01,1,30,0,0,7,1,1,0.0
202300034155,155 620 022,B01,3,7,0,2,5,1,1,0.0
202300034155,155 620 026,A01,3,7,0,2,1,9,1,0.0
202300034156,155 620 021,A01,2,7,0,1,3,1,1,0.0