num_acc,id_vehicule,num_veh,senc,catv,obs,obsm,choc,manv,motor,occutc
202300034157,155 620 018,A01,2,7,0,0,4,23,1,0.0
202300034157,155 620 020,B01,2,33,0,2,1,1,1,0.0
202300034158,155 620 017,A01,1,7,4,0,3,13,1,0.0
202300034159,155 620 016,A01,1,7,0,2,4,26,1,0.0
202300034159,155 620 019,B01,1,7,0,2,1,2,1,0.0
202300034160,155 620 015,A01,2,7,0,1,1,1,1,0.0
202300034161,155 620 012,A01,1,33,13,0,0,1,1,0.0
202300034162,155 620 011,A01,2,7,0,2,8,15,6,0.0
202300034162,155 620 013,B01,2,43,0,2,1,1,1,0.0
202300034163,155 620 009,A01,2,10,0,1,1,1,1,0.0
202300034164,155 620 010,A01,1,33,0,2,3,1,1,0.0
202300034164,155 620 014,Z01,1,7,0,2,5,12,0,0.0
202300034165,155 620 005,B01,1,7,0,2,5,2,1,0.0
202300034165,155 620 008,A01,1,30,0,2,1,2,1,0.0
202300034166,155 620 004,A01,1,2,0,2,8,18,1,0.0
202300034166,155 620 007,B01,1,2,0,2,7,14,1,0.0
202300034167,155 620 002,Z01,3,7,0,1,0,26,0,0.0
202300034168,155 619 999,B01,2,7,0,2,1,0,1,0.0
202300034168,155 620 000,D01,2,7,0,2,1,0,1,0.0
202300034168,155 620 003,C01,2,7,0,2,6,2,1,0.0
202300034168,155 620 006,A01,2,7,0,2,1,12,1,0.0
202300034169,155 619 998,A01,1,30,0,0,1,13,1,0.0
202300034170,155 619 996,A01,2,7,17,0,2,0,1,0.0
202300034171,155 619 994,A01,1,7,0,2,4,1,1,0.0
202300034171,155 619 997,B01,1,7,0,2,4,1,1,0.0
202300034171,155 620 001,Z01,1,10,0,2,1,0,0,0.0
202300034172,155 619 993,A01,2,7,0,1,6,26,1,0.0
202300034173,155 619 990,B01,0,7,0,2,2,1,1,0.0
202300034173,155 619 995,A01,0,7,0,2,3,15,1,0.0
202300034174,155 619 992,A01,1,33,0,0,0,26,1,0.0
202300034175,155 619 987,A01,0,10,0,2,2,19,1,0.0
202300034175,155 619 991,B01,1,33,0,2,1,1,1,0.0
202300034176,155 619 989,A01,1,7,4,0,2,15,1,0.0
202300034177,155 619 983,B01,1,33,0,2,1,2,1,0.0
202300034177,155 619 986,A01,0,7,0,2,3,15,1,0.0
202300034178,155 619 982,A01,1,7,0,2,3,5,1,0.0
202300034178,155 619 985,B01,1,31,0,2,1,1,1,0.0
202300034179,155 619 981,A01,2,80,0,0,1,0,3,0.0
202300034180,155 619 979,A01,1,7,0,2,1,15,1,0.0
202300034180,155 619 980,B01,2,99,0,2,8,18,3,0.0
202300034181,155 619 976,A01,1,7,8,0,3,0,1,0.0
202300034182,155 619 973,A01,1,10,0,0,6,10,1,0.0
202300034182,155 619 977,B01,1,33,0,2,1,2,1,0.0
202300034183,155 619 971,B01,2,10,0,2,4,0,1,0.0
202300034183,155 619 974,A01,2,10,0,2,1,2,1,0.0
202300034184,155 619 968,A01,1,2,0,0,0,0,1,0.0
202300034185,155 619 969,A01,1,1,9,0,1,16,5,0.0
202300034186,155 619 970,A01,2,7,0,2,1,2,1,0.0
202300034186,155 619 972,D01,2,7,0,2,4,23,1,0.0
202300034186,155 619 975,C01,2,7,0,2,4,23,1,0.0
202300034186,155 619 978,B01,2,7,0,2,4,23,1,0.0
202300034187,155 619 966,B01,1,7,0,2,7,1,1,0.0
202300034187,155 619 967,A01,2,7,0,2,1,16,1,0.0
202300034188,155 619 964,A01,3,7,0,1,2,1,1,0.0
202300034189,155 619 963,A01,1,33,1,0,0,1,1,0.0
202300034190,155 619 962,B01,1,10,0,2,8,15,1,0.0
202300034190,155 619 965,A01,1,7,0,2,1,1,1,0.0
202300034191,155 619 961,A01,2,10,0,1,4,20,3,0.0
202300034192,155 619 959,A01,1,7,0,2,6,15,0,0.0
202300034192,155 619 960,B01,2,2,0,2,1,2,1,0.0
202300034193,155 619 958,A01,1,7,11,0,1,6,1,0.0
202300034194,155 619 957,A01,0,7,0,1,3,1,1,0.0
202300034195,155 619 951,A01,3,33,0,1,7,1,1,0.0
202300034196,155 619 953,A01,2,33,0,2,3,1,1,0.0
202300034196,155 619 955,B01,1,7,0,2,3,1,1,0.0
202300034197,155 619 950,B01,3,7,0,2,4,2,1,0.0
202300034197,155 619 954,A01,3,10,0,2,1,2,1,0.0
202300034198,155 619 944,A01,3,7,0,1,6,26,1,0.0
202300034199,155 619 945,A01,1,7,0,2,1,2,1,0.0
202300034199,155 619 947,E01,1,7,0,2,4,2,1,0.0
202300034199,155 619 949,B01,1,7,0,2,4,2,2,0.0
202300034199,155 619 952,C01,1,7,0,2,4,2,1,0.0
202300034199,155 619 956,D01,1,7,0,2,4,2,1,0.0
202300034200,155 619 943,A01,1,30,0,2,8,10,1,0.0
202300034200,155 619 948,B01,1,7,0,2,2,2,1,0.0
202300034201,155 619 942,A01,1,2,0,2,1,13,1,0.0
202300034201,155 619 946,B01,2,7,0,2,3,1,1,0.0
202300034202,155 619 937,A01,1,7,0,2,1,9,1,0.0
202300034202,155 619 940,B01,1,33,0,2,7,1,1,0.0
202300034203,155 619 934,A01,2,7,2,0,3,13,0,0.0
202300034204,155 619 935,B01,1,34,0,2,1,1,1,0.0
202300034204,155 619 938,A01,2,7,0,2,7,15,1,0.0
202300034205,155 619 927,A01,1,10,0,0,4,26,1,0.0
202300034205,155 619 930,B01,1,7,0,2,1,1,1,0.0
202300034206,155 619 926,A01,3,10,0,2,3,20,1,0.0
202300034206,155 619 929,B01,3,31,1,2,8,1,1,0.0
202300034207,155 619 925,A01,2,7,0,2,1,1,1,0.0
202300034207,155 619 932,B01,2,7,0,2,4,1,1,0.0
202300034208,155 619 923,A01,3,7,0,1,1,1,1,0.0
202300034209,155 619 924,A01,2,33,7,0,1,0,1,0.0
202300034210,155 619 919,A01,2,7,0,2,2,15,1,0.0
202300034210,155 619 921,B01,2,33,0,2,1,1,1,0.0
202300034211,155 619 920,Z01,1,7,0,2,8,11,0,0.0
202300034211,155 619 922,A01,1,43,0,2,2,1,1,0.0
202300034212,155 619 916,B01,3,7,0,2,1,1,1,0.0
202300034212,155 619 918,A01,3,7,0,2,3,13,1,0.0
202300034213,155 619 913,B01,1,33,0,2,1,1,1,0.0
202300034213,155 619 917,A01,2,7,0,2,3,15,1,0.0
202300034214,155 619 911,A01,0,7,1,0,1,14,1,0.0
202300034215,155 619 912,A01,1,31,0,2,8,11,1,0.0
202300034215,155 619 914,B01,1,7,0,2,7,1,1,0.0
202300034216,155 619 907,A01,2,7,0,1,3,1,1,0.0
202300034217,155 619 906,A01,2,7,0,2,1,1,2,0.0
202300034217,155 619 909,B01,2,33,0,2,1,13,1,0.0
202300034218,155 619 905,A01,3,7,1,1,1,14,1,0.0
202300034219,155 619 903,A01,2,7,14,0,3,15,1,0.0
202300034220,155 619 898,C01,1,7,0,2,4,2,1,0.0
202300034220,155 619 901,A01,1,7,0,2,1,2,1,0.0
202300034220,155 619 904,D01,1,7,0,2,4,2,1,0.0
202300034220,155 619 908,B01,1,10,0,2,4,2,1,0.0
202300034221,155 619 899,A01,2,2,0,2,1,1,1,0.0
202300034221,155 619 902,B01,1,7,0,2,2,15,1,0.0
202300034222,155 619 897,A01,2,32,0,2,3,1,1,0.0
202300034222,155 619 900,B01,1,10,1,2,3,1,1,0.0
202300034223,155 619 894,C01,3,7,0,2,4,23,1,0.0
202300034223,155 619 895,B01,3,7,1,2,4,26,1,0.0
202300034223,155 619 896,A01,3,7,1,2,1,1,1,0.0
202300034224,155 619 891,A01,2,7,0,9,2,12,1,0.0
202300034224,155 619 893,B01,2,1,0,2,4,1,5,0.0
202300034225,155 619 890,A01,2,2,0,1,1,1,3,0.0
202300034226,155 619 888,A01,2,7,0,2,2,15,1,0.0
202300034226,155 619 892,B01,1,32,0,2,3,1,1,0.0
202300034227,155 619 887,A01,1,80,0,2,3,13,3,0.0
202300034227,155 619 889,B01,1,10,0,2,2,1,1,0.0
202300034228,155 619 886,A01,2,31,0,0,0,1,1,0.0
202300034229,155 619 885,B01,2,7,0,1,7,1,1,0.0
202300034230,155 619 882,B01,2,1,0,2,2,19,5,0.0
202300034230,155 619 883,A01,1,7,0,2,1,15,1,0.0
202300034231,155 619 881,A01,3,33,0,0,3,1,1,0.0
202300034232,155 619 880,B01,1,7,0,2,2,1,1,0.0
202300034232,155 619 884,A01,2,50,7,2,3,5,3,0.0
202300034233,155 619 876,A01,1,7,0,2,1,1,1,0.0
202300034233,155 619 879,B01,1,7,0,2,3,1,1,0.0
202300034234,155 619 875,A01,3,33,0,2,5,23,1,0.0
202300034234,155 619 878,B01,3,7,0,2,2,1,2,0.0
202300034235,155 619 877,A01,2,33,0,0,0,1,1,0.0
202300034236,155 619 874,A01,2,7,0,1,2,1,1,0.0
202300034237,155 619 871,A01,2,7,0,2,7,10,1,0.0
202300034237,155 619 873,B01,1,34,0,2,1,1,1,0.0
202300034238,155 619 869,A01,1,7,0,2,6,13,1,0.0
202300034238,155 619 872,B01,1,32,0,2,2,14,1,0.0
202300034239,155 619 868,A01,2,31,0,2,7,17,1,0.0
202300034239,155 619 870,B01,2,38,0,2,8,1,1,1.0
202300034240,155 619 867,A01,1,30,0,1,1,1,3,0.0
202300034241,155 619 864,A01,3,7,14,0,3,1,1,0.0
202300034242,155 619 862,A01,3,32,0,2,1,1,1,0.0
202300034242,155 619 866,B01,3,7,0,2,3,15,1,0.0
202300034243,155 619 861,A01,2,7,0,2,3,1,0,0.0
202300034243,155 619 865,B01,1,7,0,2,1,13,0,0.0
202300034244,155 619 860,A01,2,7,0,2,7,24,1,0.0
202300034244,155 619 863,B01,2,80,1,0,1,1,3,0.0
202300034245,155 619 859,A01,0,7,8,9,9,1,1,0.0
202300034246,155 619 857,A01,1,7,0,1,3,15,1,0.0
202300034247,155 619 855,B01,1,32,0,2,1,1,1,0.0
202300034247,155 619 858,A01,2,7,0,2,7,15,0,0.0
202300034248,155 619 853,A01,0,7,0,0,4,23,1,0.0
202300034248,155 619 856,B01,0,32,1,0,1,1,3,0.0
202300034249,155 619 852,A01,2,7,0,2,1,1,1,0.0
202300034249,155 619 854,B01,1,7,0,2,1,1,1,0.0
202300034250,155 619 850,A01,1,7,0,1,0,15,1,0.0
202300034251,155 619 848,A01,1,30,1,0,1,1,1,0.0
202300034252,155 619 844,A01,1,33,8,2,8,1,1,0.0
202300034252,155 619 847,B01,2,7,0,2,3,20,1,0.0
202300034253,155 619 842,A01,1,7,0,2,8,15,1,0.0
202300034253,155 619 846,B01,1,38,0,2,1,1,1,1.0
202300034254,155 619 841,A01,3,10,8,0,3,1,1,0.0
202300034255,155 619 840,A01,1,7,0,1,2,1,2,0.0
202300034256,155 619 839,A01,3,7,0,1,3,1,1,0.0
202300034257,155 619 838,Z01,3,7,0,1,1,0,0,0.0
202300034258,155 619 836,A01,1,7,6,0,2,14,1,0.0
202300034259,155 619 835,A01,0,1,0,0,0,1,5,0.0
202300034260,155 619 833,A01,1,10,0,2,2,16,1,0.0
202300034260,155 619 837,B01,1,32,0,2,3,1,1,0.0
202300034261,155 619 831,A01,1,7,0,2,6,24,1,0.0
202300034261,155 619 834,Z01,1,7,1,0,3,2,0,0.0
202300034262,155 619 830,B01,2,7,0,2,5,1,1,0.0
202300034262,155 619 832,A01,2,2,0,2,1,19,1,0.0
202300034263,155 619 827,A01,0,7,0,2,1,1,1,0.0
202300034263,155 619 829,B01,0,7,0,2,4,23,1,0.0
202300034264,155 619 824,B01,2,1,0,2,4,1,5,0.0
202300034264,155 619 826,A01,0,7,0,2,0,0,0,0.0
202300034265,155 619 825,A01,2,30,0,2,1,1,1,0.0
202300034265,155 619 828,B01,2,7,0,2,1,1,1,0.0
202300034266,155 619 818,A01,3,7,0,0,9,26,1,0.0
202300034267,155 619 820,A01,3,7,0,2,7,19,1,0.0
202300034267,155 619 823,B01,1,2,0,2,1,1,1,0.0
202300034268,155 619 816,A01,3,7,0,2,6,1,0,0.0
202300034268,155 619 821,B01,2,43,0,2,1,19,1,0.0
202300034269,155 619 815,A01,0,31,0,2,1,1,1,0.0
202300034269,155 619 817,B01,0,33,0,2,4,1,1,0.0
202300034269,155 619 819,C01,0,33,0,2,4,1,1,0.0
202300034269,155 619 822,D01,0,33,0,2,4,1,1,0.0
202300034270,155 619 813,A01,1,7,6,0,1,1,1,0.0
202300034271,155 619 812,B01,1,60,0,2,6,2,5,0.0
202300034271,155 619 814,A01,1,10,0,9,1,2,1,0.0
202300034272,155 619 810,A01,1,7,0,1,3,2,1,0.0
202300034273,155 619 808,A01,1,10,0,2,1,9,1,0.0
202300034273,155 619 811,B01,1,7,0,2,6,23,1,0.0
202300034274,155 619 809,A01,2,33,16,0,2,14,1,0.0
202300034275,155 619 807,A01,3,7,0,1,1,1,1,0.0
202300034276,155 619 805,A01,1,7,2,0,1,1,1,0.0
202300034277,155 619 804,A01,1,31,8,0,0,16,0,0.0
202300034278,155 619 803,B01,2,33,0,2,0,1,1,0.0
202300034278,155 619 806,A01,2,7,0,2,3,10,2,0.0
202300034279,155 619 801,A01,2,7,13,0,0,1,0,0.0
202300034280,155 619 799,A01,1,7,0,2,2,1,1,0.0
202300034280,155 619 800,B01,2,60,0,2,1,12,3,0.0
202300034281,155 619 798,B01,3,7,0,2,6,1,1,0.0
202300034281,155 619 802,A01,3,10,0,2,2,15,1,0.0
202300034282,155 619 797,A01,2,34,0,1,2,1,1,0.0
202300034283,155 619 793,A01,1,37,0,2,8,9,1,1.0
202300034283,155 619 795,B01,1,34,0,2,1,9,1,0.0
202300034284,155 619 792,A01,2,7,0,2,1,10,1,0.0
202300034284,155 619 794,B01,1,7,0,2,2,1,1,0.0
202300034285,155 619 790,A01,1,33,0,0,0,1,1,0.0
202300034286,155 619 789,B01,2,10,0,2,2,19,1,0.0
202300034286,155 619 791,A01,1,7,0,2,3,9,1,0.0
202300034287,155 619 788,A01,3,7,1,0,2,14,3,0.0
202300034288,155 619 787,A01,3,30,0,0,0,0,1,0.0
202300034289,155 619 786,A01,2,7,0,1,1,1,1,0.0
202300034290,155 619 785,A01,3,7,0,1,3,15,0,0.0
202300034291,155 619 781,A01,2,7,1,2,1,2,1,0.0
202300034291,155 619 782,B01,2,7,1,2,4,2,1,0.0
202300034291,155 619 784,C01,2,7,1,2,4,2,1,0.0
202300034292,155 619 780,B01,1,17,0,2,5,1,1,0.0
202300034292,155 619 783,A01,1,10,7,2,1,1,1,0.0
202300034293,155 619 779,A01,0,7,0,1,2,1,1,0.0
202300034294,155 619 777,B01,1,2,0,2,1,1,1,0.0
202300034294,155 619 778,A01,1,7,0,2,4,2,0,0.0
202300034295,155 619 774,B01,2,7,0,2,3,1,1,0.0
202300034295,155 619 776,A01,1,7,0,2,8,13,1,0.0
202300034296,155 619 773,A01,2,7,13,2,3,1,1,0.0
202300034296,155 619 775,B01,1,7,0,2,2,1,1,0.0
202300034297,155 619 771,A01,0,30,0,1,1,1,1,0.0
202300034298,155 619 769,A01,1,7,0,1,3,1,1,0.0
202300034299,155 619 770,A01,1,50,0,2,1,1,3,0.0
202300034299,155 619 772,B01,1,7,0,0,4,23,-1,0.0
202300034300,155 619 765,A01,1,7,0,2,3,9,1,0.0
202300034300,155 619 767,B01,2,2,0,2,1,1,1,0.0
202300034301,155 619 764,A01,1,7,1,0,9,14,1,0.0
202300034302,155 619 763,C01,2,7,0,2,4,2,1,0.0
202300034302,155 619 766,A01,2,7,0,2,1,2,1,0.0
202300034302,155 619 768,B01,2,7,0,2,4,2,1,0.0
202300034303,155 619 762,A01,1,7,0,1,3,1,0,0.0
202300034304,155 619 760,A01,2,7,12,0,1,1,1,0.0
202300034305,155 619 759,A01,1,1,0,2,1,1,5,0.0
202300034305,155 619 761,Z01,2,1,0,2,1,13,5,0.0
202300034306,155 619 757,A01,1,7,0,2,3,20,1,0.0
202300034306,155 619 758,B01,1,2,0,2,2,1,1,0.0
202300034307,155 619 753,B01,3,32,1,0,3,18,1,0.0
202300034307,155 619 756,A01,3,7,0,2,5,22,0,0.0
202300034308,155 619 752,A01,1,7,0,2,3,13,1,0.0
202300034308,155 619 754,B01,0,7,0,2,3,1,1,0.0
202300034309,155 619 749,B01,1,7,0,2,5,1,1,0.0
202300034309,155 619 751,A01,2,7,0,2,3,12,1,0.0
202300034310,155 619 748,A01,2,7,0,2,1,2,1,0.0
202300034310,155 619 750,B01,2,7,0,2,4,2,1,0.0
202300034311,155 619 745,A01,1,7,0,2,3,13,1,0.0
202300034311,155 619 746,B01,2,31,0,2,1,1,1,0.0
202300034312,155 619 741,A01,2,7,0,0,8,23,1,0.0
202300034312,155 619 743,B01,2,15,1,0,7,1,1,0.0
202300034313,155 619 742,A01,1,7,15,2,8,17,1,0.0
202300034313,155 619 747,B01,3,7,15,2,1,1,1,0.0
202300034314,155 619 740,B01,2,1,0,2,1,15,5,0.0
202300034314,155 619 744,A01,2,7,0,2,1,15,1,0.0
202300034315,155 619 737,A01,1,32,0,0,7,0,1,0.0
202300034316,155 619 738,A01,1,34,0,2,1,6,1,0.0
202300034316,155 619 739,B01,2,7,0,2,8,1,1,0.0
202300034317,155 619 735,A01,1,7,13,0,2,1,1,0.0
202300034318,155 619 734,A01,2,30,0,2,5,1,0,0.0
202300034318,155 619 736,B01,2,7,0,2,3,1,1,0.0
202300034319,155 619 732,A01,2,7,0,1,1,9,1,0.0
202300034320,155 619 728,A01,1,7,0,2,1,2,1,0.0
202300034320,155 619 731,B01,1,7,0,0,0,0,2,0.0
202300034321,155 619 726,A01,2,1,6,0,1,0,5,0.0
202300034322,155 619 725,A01,1,7,0,2,1,2,1,0.0
202300034322,155 619 727,B01,1,7,0,2,4,2,2,0.0
202300034322,155 619 729,C01,2,10,0,2,1,1,1,0.0
202300034323,155 619 722,B01,1,7,0,2,0,1,1,0.0
202300034323,155 619 724,A01,1,7,0,2,1,2,1,0.0
202300034324,155 619 721,A01,2,10,0,1,1,1,1,0.0
202300034325,155 619 720,A01,1,7,0,2,1,1,1,0.0
202300034325,155 619 723,B01,1,7,0,2,7,9,1,0.0
202300034326,155 619 719,A01,1,7,9,0,3,0,0,0.0
202300034327,155 619 716,B01,1,1,0,2,0,0,5,0.0
202300034327,155 619 718,A01,3,7,0,2,3,13,1,0.0
202300034328,155 619 717,A01,1,7,6,0,1,1,1,0.0
202300034329,155 619 714,A01,1,7,0,1,2,1,1,0.0
202300034330,155 619 713,A01,0,7,0,2,3,11,1,0.0
202300034330,155 619 715,B01,3,33,0,2,0,0,1,0.0
202300034331,155 619 710,A01,2,7,9,0,8,1,1,0.0
202300034332,155 619 709,A01,2,7,0,2,7,1,1,0.0
202300034332,155 619 712,B01,2,1,0,2,8,1,5,0.0
202300034333,155 619 705,A01,2,1,0,2,0,1,5,0.0
202300034333,155 619 707,Y01,3,60,0,2,3,19,5,0.0
202300034334,155 619 704,B01,1,33,0,2,1,1,1,0.0
202300034334,155 619 708,C01,1,33,0,2,1,1,1,0.0
202300034334,155 619 711,A01,1,7,0,2,3,9,1,0.0
202300034335,155 619 703,A01,3,7,8,0,1,13,1,0.0
202300034336,155 619 702,A01,1,7,0,2,1,19,1,0.0
202300034336,155 619 706,B01,1,50,0,2,7,1,3,0.0
202300034337,155 619 699,A01,2,33,8,0,9,26,1,0.0
202300034338,155 619 701,A01,1,7,0,1,1,2,1,0.0
202300034339,155 619 697,B01,1,7,0,2,3,18,1,0.0
202300034339,155 619 700,A01,1,7,0,2,5,1,1,0.0
202300034340,155 619 696,B01,2,7,0,2,1,1,0,0.0
202300034340,155 619 698,A01,2,7,0,2,2,10,0,0.0
202300034341,155 619 694,A01,1,30,0,0,7,1,1,0.0
202300034342,155 619 693,A01,1,31,12,0,0,0,1,0.0
202300034343,155 619 692,B01,1,7,0,2,1,2,1,0.0
202300034343,155 619 695,A01,0,7,0,2,0,0,1,0.0
202300034344,155 619 691,B01,2,7,0,1,1,1,1,0.0
202300034345,155 619 687,A01,1,7,0,2,2,15,1,0.0
202300034345,155 619 690,B01,2,50,0,2,1,1,3,0.0
202300034346,155 619 684,A01,1,7,0,1,3,15,1,0.0
202300034347,155 619 686,A01,2,7,0,2,1,5,1,0.0
202300034347,155 619 689,B01,1,7,0,2,1,1,1,0.0
202300034348,155 619 685,B01,2,32,0,2,1,1,1,0.0
202300034348,155 619 688,A01,1,7,0,2,3,15,0,0.0
202300034349,155 619 680,A01,1,7,0,9,8,13,0,0.0
202300034349,155 619 683,B01,2,1,0,2,0,1,5,0.0
202300034350,155 619 676,B01,1,33,0,2,1,1,1,0.0
202300034350,155 619 681,A01,1,7,0,2,3,15,1,0.0
202300034351,155 619 677,C01,3,99,0,0,1,0,3,0.0
202300034351,155 619 679,B01,3,99,0,0,1,19,3,0.0
202300034351,155 619 682,A01,3,7,0,2,9,1,1,0.0
202300034352,155 619 675,B01,1,34,0,2,3,1,1,0.0
202300034352,155 619 678,A01,2,31,0,2,3,1,1,0.0
202300034353,155 619 673,A01,2,34,0,2,1,2,0,0.0
202300034353,155 619 674,B01,2,7,0,2,3,13,1,0.0
202300034354,155 619 670,A01,2,32,0,2,7,17,1,0.0
202300034354,155 619 672,B01,2,7,0,2,3,15,1,0.0
202300034355,155 619 669,A01,2,15,10,0,2,1,1,0.0
202300034356,155 619 667,A01,0,7,0,1,2,1,1,0.0
202300034357,155 619 666,A01,1,7,13,0,2,1,1,0.0
202300034358,155 619 668,Z01,2,7,14,2,1,1,0,0.0
202300034358,155 619 671,B01,2,7,0,2,4,23,1,0.0
202300034359,155 619 664,B01,3,7,0,9,3,1,1,0.0
202300034359,155 619 665,A01,3,33,0,2,1,1,1,0.0
202300034360,155 619 661,A01,1,7,0,2,0,0,0,0.0
202300034360,155 619 663,B01,2,43,0,2,7,0,0,0.0
202300034361,155 619 660,A01,2,7,0,2,2,16,1,0.0
202300034361,155 619 662,B01,2,50,0,2,8,0,3,0.0
202300034362,155 619 659,A01,2,7,12,0,2,15,1,0.0
202300034363,155 619 658,A01,1,2,0,1,1,3,1,0.0
202300034364,155 619 654,A01,1,7,0,1,0,1,1,0.0
202300034365,155 619 655,B01,1,31,0,2,3,1,1,0.0
202300034365,155 619 657,A01,1,7,0,2,2,0,1,0.0
202300034366,155 619 653,A01,2,7,0,2,0,1,1,0.0
202300034366,155 619 656,B01,3,1,0,2,0,0,5,0.0
202300034367,155 619 650,A01,2,36,8,0,9,1,1,0.0
202300034368,155 619 648,A01,1,7,0,2,8,10,1,0.0
202300034368,155 619 651,B01,1,7,0,2,1,1,1,0.0
202300034369,155 619 652,A01,1,7,10,0,3,13,0,0.0
202300034370,155 619 647,A01,1,7,0,2,1,1,1,0.0
202300034370,155 619 649,B01,1,7,0,2,8,9,1,0.0
202300034371,155 619 646,A01,3,2,0,0,4,1,1,0.0
202300034372,155 619 644,A01,2,33,8,0,1,1,1,0.0
202300034373,155 619 643,B01,1,33,0,2,7,1,1,0.0
202300034373,155 619 645,A01,1,10,0,2,8,11,1,0.0
202300034374,155 619 641,A01,2,2,0,0,8,14,1,0.0
202300034375,155 619 640,A01,1,7,1,0,2,1,1,0.0
202300034375,155 619 642,B01,1,7,0,2,5,23,1,0.0
202300034376,155 619 639,A01,3,7,15,0,3,2,1,0.0
202300034377,155 619 637,B01,1,2,0,2,1,16,1,0.0
202300034377,155 619 638,A01,1,10,0,2,2,16,1,0.0
202300034378,155 619 636,A01,2,50,0,1,3,1,3,0.0
202300034379,155 619 633,A01,1,30,0,2,1,1,1,0.0
202300034379,155 619 634,B01,1,21,0,2,1,1,1,0.0
202300034380,155 619 631,A01,0,7,4,0,3,0,1,0.0
202300034381,155 619 629,A01,1,7,0,2,8,22,1,0.0
202300034381,155 619 632,B01,1,1,0,2,2,1,5,0.0
202300034382,155 619 630,B01,2,1,0,2,1,19,5,0.0
202300034382,155 619 635,A01,1,7,0,9,2,1,1,0.0
202300034383,155 619 628,A01,2,7,0,1,2,1,1,0.0
202300034384,155 619 626,A01,1,7,13,0,9,1,1,0.0
202300034385,155 619 624,A01,1,7,2,0,1,0,3,0.0
202300034386,155 619 625,A01,3,7,0,2,1,1,1,0.0
202300034386,155 619 627,B01,3,7,0,2,7,1,1,0.0
202300034387,155 619 623,A01,1,30,0,0,7,2,3,0.0
202300034388,155 619 619,A01,1,7,0,2,7,10,1,0.0
202300034388,155 619 622,B01,2,33,0,2,1,1,1,0.0
202300034389,155 619 620,A01,1,10,1,1,8,20,1,0.0
202300034390,155 619 616,B01,1,7,0,2,1,1,0,0.0
202300034390,155 619 617,A01,1,7,0,2,4,23,1,0.0
202300034391,155 619 611,A01,1,7,0,2,1,1,1,0.0
202300034392,155 619 612,B01,3,7,0,2,4,23,1,0.0
202300034392,155 619 615,D01,3,7,0,2,4,23,1,0.0
202300034392,155 619 618,C01,3,7,0,2,4,23,1,0.0
202300034392,155 619 621,A01,3,10,0,2,1,2,1,0.0
202300034393,155 619 610,A01,0,7,0,2,3,15,1,0.0
202300034393,155 619 613,B01,2,33,0,2,1,1,0,0.0
202300034394,155 619 608,A01,1,7,0,2,1,19,2,0.0
202300034394,155 619 614,B01,1,7,0,0,8,1,0,0.0
202300034395,155 619 606,A01,2,1,0,1,1,1,5,0.0
202300034396,155 619 607,A01,3,36,0,0,7,26,0,0.0
202300034397,155 619 602,A01,2,7,16,0,9,1,1,0.0
202300034398,155 619 603,A01,2,7,0,1,3,15,1,0.0
202300034399,155 619 605,A01,3,7,0,2,1,1,1,0.0
202300034399,155 619 609,B01,1,7,0,2,1,1,1,0.0
202300034400,155 619 601,A01,1,2,0,2,8,9,1,0.0
202300034400,155 619 604,B01,2,7,0,2,1,1,1,0.0
202300034401,155 619 598,B01,1,10,0,2,4,1,1,0.0
202300034401,155 619 600,A01,1,30,0,2,1,1,3,0.0
202300034402,155 619 596,A01,3,7,0,0,1,1,1,0.0
202300034403,155 619 593,A01,1,7,0,2,2,1,1,0.0
202300034403,155 619 594,B01,1,33,0,2,3,9,1,0.0
202300034404,155 619 592,A01,2,7,0,2,2,1,3,0.0
202300034404,155 619 595,B01,2,7,0,2,4,2,1,0.0
202300034404,155 619 597,C01,2,7,0,2,5,2,1,0.0
202300034404,155 619 599,D01,2,10,0,2,1,2,1,0.0
202300034405,155 619 591,A01,3,7,0,1,4,20,1,0.0
202300034406,155 619 589,A01,3,7,0,1,1,16,1,0.0
202300034407,155 619 585,A01,1,7,0,2,1,1,1,0.0
202300034407,155 619 587,B01,1,7,15,0,4,1,1,0.0
202300034408,155 619 584,A01,1,7,0,2,4,23,1,0.0
202300034408,155 619 588,B01,1,10,4,2,5,23,1,0.0
202300034408,155 619 590,C01,1,7,0,2,3,1,1,0.0
202300034409,155 619 583,A01,2,33,0,2,1,2,1,0.0
202300034409,155 619 586,B01,2,10,0,2,4,2,1,0.0
202300034410,155 619 580,A01,2,7,0,2,4,1,1,0.0
202300034410,155 619 581,B01,2,7,0,2,1,1,1,0.0
202300034411,155 619 579,A01,1,7,1,2,2,1,1,0.0
202300034411,155 619 582,B01,0,7,1,2,1,9,0,0.0
202300034412,155 619 575,B01,3,7,0,2,3,2,1,0.0
202300034412,155 619 577,A01,3,33,0,2,2,17,1,0.0
202300034413,155 619 576,B01,2,7,0,2,4,2,1,0.0
202300034413,155 619 578,A01,2,7,0,2,1,2,1,0.0
202300034414,155 619 572,B01,2,33,0,0,1,1,0,0.0
202300034414,155 619 573,A01,2,7,0,2,5,9,1,0.0
202300034415,155 619 571,A01,1,10,5,2,1,0,1,0.0
202300034415,155 619 574,B01,1,7,5,0,9,21,2,0.0
202300034416,155 619 568,A01,2,10,0,2,2,16,1,0.0
202300034416,155 619 570,B01,2,43,0,2,3,18,1,0.0
202300034417,155 619 567,B01,2,7,0,2,8,1,1,0.0