num_acc,id_vehicule,num_veh,senc,catv,obs,obsm,choc,manv,motor,occutc
202300034417,155 619 569,A01,2,7,4,2,2,12,1,0.0
202300034418,155 619 565,A01,1,7,4,0,2,1,1,0.0
202300034419,155 619 564,B01,1,31,0,2,1,1,1,0.0
202300034419,155 619 566,A01,1,7,0,2,3,15,2,0.0
202300034420,155 619 561,A01,2,10,0,2,1,1,1,0.0
202300034420,155 619 563,B01,2,7,0,2,4,1,1,0.0
202300034421,155 619 560,A01,2,2,0,0,8,1,1,0.0
202300034421,155 619 562,B01,2,7,0,2,2,10,1,0.0
202300034422,155 619 559,A01,1,33,0,0,0,1,1,0.0
202300034423,155 619 558,A01,1,7,0,0,0,1,1,0.0
202300034424,155 619 555,A01,1,7,0,2,1,2,1,0.0
202300034424,155 619 556,B01,1,7,0,2,4,2,1,0.0
202300034424,155 619 557,C01,1,7,0,2,4,2,1,0.0
202300034425,155 619 554,A01,1,7,8,0,1,14,0,0.0
202300034426,155 619 552,B01,1,7,0,2,8,11,1,0.0
202300034426,155 619 553,A01,1,34,0,2,1,3,1,0.0
202300034427,155 619 551,A01,0,2,0,0,1,1,1,0.0
202300034428,155 619 549,A01,2,10,0,2,8,11,1,0.0
202300034428,155 619 550,B01,2,33,0,2,5,1,1,0.0
202300034429,155 619 548,A01,2,33,13,0,1,1,1,0.0
202300034430,155 619 546,A01,1,7,0,2,4,1,1,0.0
202300034430,155 619 547,B01,1,7,0,2,1,0,1,0.0
202300034431,155 619 545,A01,2,10,13,0,1,21,1,0.0
202300034432,155 619 544,A01,2,7,0,9,8,1,1,0.0
202300034433,155 619 543,A01,2,33,0,0,9,13,1,0.0
202300034434,155 619 540,B01,1,7,0,2,6,11,1,0.0
202300034434,155 619 542,A01,1,33,0,2,7,11,1,0.0
202300034435,155 619 541,A01,2,10,0,1,4,4,1,0.0
202300034436,155 619 539,A01,1,15,1,0,1,14,1,0.0
202300034437,155 619 537,B01,3,7,0,2,6,1,1,0.0
202300034437,155 619 538,A01,3,2,0,2,1,5,1,0.0
202300034438,155 619 535,A01,2,7,0,2,1,1,1,0.0
202300034438,155 619 536,B01,2,7,0,2,6,23,1,0.0
202300034439,155 619 533,B01,1,30,0,2,4,2,1,0.0
202300034439,155 619 534,A01,2,7,0,2,2,0,1,0.0
202300034440,155 619 531,A01,2,7,2,0,2,0,1,0.0
202300034441,155 619 530,A01,1,33,0,1,0,1,1,0.0
202300034442,155 619 527,A01,2,50,0,1,1,25,3,0.0
202300034443,155 619 526,B01,1,30,3,2,1,14,1,0.0
202300034443,155 619 528,A01,1,10,0,0,5,23,1,0.0
202300034443,155 619 529,C01,1,7,0,0,7,23,1,0.0
202300034444,155 619 525,A01,2,32,0,1,2,17,1,0.0
202300034445,155 619 523,B01,3,50,0,2,8,1,3,0.0
202300034445,155 619 524,A01,3,7,0,2,1,15,1,0.0
202300034446,155 619 521,A01,1,7,0,0,0,1,1,0.0
202300034447,155 619 522,A01,1,33,0,0,1,16,1,0.0
202300034448,155 619 520,A01,3,10,0,0,4,1,1,0.0
202300034449,155 619 519,A01,3,7,0,1,3,15,1,0.0
202300034450,155 619 518,A01,0,7,13,0,5,14,1,0.0
202300034451,155 619 515,A01,1,7,0,2,7,15,1,0.0
202300034451,155 619 517,B01,1,43,0,2,1,1,1,0.0
202300034452,155 619 514,A01,2,7,0,2,1,13,1,0.0
202300034452,155 619 516,B01,1,7,0,2,1,1,1,0.0
202300034453,155 619 511,A01,2,7,0,2,1,13,1,0.0
202300034453,155 619 512,B01,1,7,0,2,1,1,1,0.0
202300034454,155 619 509,B01,1,7,0,2,3,9,1,0.0
202300034454,155 619 513,A01,1,30,0,2,1,17,1,0.0
202300034455,155 619 510,A01,2,80,0,1,1,1,3,0.0
202300034456,155 619 506,A01,1,33,0,2,1,2,1,0.0
202300034456,155 619 508,B01,1,7,0,2,3,15,1,0.0
202300034457,155 619 505,A01,2,7,0,2,2,19,2,0.0
202300034457,155 619 507,B01,2,2,0,2,8,1,1,0.0
202300034458,155 619 499,C01,1,7,0,2,1,1,1,0.0
202300034458,155 619 501,B01,2,7,0,2,3,1,1,0.0
202300034458,155 619 504,A01,1,3,0,2,2,15,1,0.0
202300034459,155 619 500,A01,2,10,0,0,9,2,1,0.0
202300034459,155 619 502,B01,2,33,0,2,1,2,1,0.0
202300034459,155 619 503,C01,2,7,0,2,4,2,1,0.0
202300034460,155 619 497,A01,2,33,0,2,1,18,1,0.0
202300034460,155 619 498,B01,2,7,0,2,7,16,1,0.0
202300034461,155 619 495,B01,0,33,1,2,5,1,1,0.0
202300034461,155 619 496,A01,2,7,0,2,3,9,1,0.0
202300034462,155 619 491,B01,3,7,0,2,3,15,1,0.0
202300034462,155 619 493,T01,3,7,0,0,0,23,1,0.0
202300034462,155 619 494,Z01,3,33,0,2,1,3,1,0.0
202300034463,155 619 492,A01,1,7,8,0,1,14,1,0.0
202300034464,155 619 489,A01,1,7,1,0,3,1,1,0.0
202300034465,155 619 486,B01,2,1,0,2,7,1,5,0.0
202300034465,155 619 490,A01,2,7,0,2,1,9,1,0.0
202300034466,155 619 487,B01,1,7,0,2,4,23,0,0.0
202300034466,155 619 488,A01,1,7,0,2,1,2,0,0.0
202300034467,155 619 482,A01,0,10,1,1,4,4,3,0.0
202300034468,155 619 483,B01,2,7,0,2,1,1,1,0.0
202300034468,155 619 484,A01,1,7,0,2,7,10,1,0.0
202300034469,155 619 479,A01,3,7,8,0,1,15,1,0.0
202300034470,155 619 478,A01,1,7,0,1,2,9,1,0.0
202300034471,155 619 474,B01,1,7,0,2,1,1,1,0.0
202300034471,155 619 477,A01,2,7,0,2,1,13,1,0.0
202300034472,155 619 472,B01,2,43,0,2,2,14,1,0.0
202300034472,155 619 475,A01,3,7,0,2,2,9,1,0.0
202300034473,155 619 473,A01,2,7,0,2,2,15,3,0.0
202300034473,155 619 476,B01,1,1,0,2,1,1,5,0.0
202300034474,155 619 470,A01,2,7,0,2,1,2,1,0.0
202300034474,155 619 471,B01,2,10,0,2,4,23,1,0.0
202300034475,155 619 469,A01,1,7,8,0,1,13,1,0.0
202300034476,155 619 468,A01,0,7,1,0,3,15,0,0.0
202300034477,155 619 466,A01,1,17,0,2,1,2,1,0.0
202300034477,155 619 467,B01,1,7,0,2,4,2,1,0.0
202300034478,155 619 464,A01,3,7,0,1,3,1,6,0.0
202300034479,155 619 463,A01,1,32,0,2,2,13,1,0.0
202300034479,155 619 465,B01,1,7,0,2,3,1,0,0.0
202300034480,155 619 462,A01,1,7,0,1,1,16,1,0.0
202300034481,155 619 459,A01,3,7,0,1,1,9,1,0.0
202300034482,155 619 458,A01,2,7,0,2,3,13,1,0.0
202300034482,155 619 460,B01,1,7,0,2,8,1,3,0.0
202300034483,155 619 457,A01,1,3,0,2,6,15,0,0.0
202300034483,155 619 461,B01,1,33,0,2,1,1,0,0.0
202300034484,155 619 456,A01,3,7,0,1,1,1,1,0.0
202300034485,155 619 453,B01,0,7,0,2,3,1,1,0.0
202300034485,155 619 455,A01,0,50,0,2,3,9,3,0.0
202300034486,155 619 451,B01,3,1,0,2,8,19,5,0.0
202300034486,155 619 452,A01,1,10,0,2,1,16,1,0.0
202300034487,155 619 450,A01,2,7,0,2,1,2,0,0.0
202300034487,155 619 454,B01,2,7,0,2,4,2,1,0.0
202300034488,155 619 449,A01,2,31,0,1,1,1,1,0.0
202300034489,155 619 448,A01,0,7,0,1,1,0,2,0.0
202300034490,155 619 447,A01,3,7,0,1,5,4,1,0.0
202300034491,155 619 445,A01,1,7,0,2,3,9,1,0.0
202300034491,155 619 446,B01,1,7,0,1,5,2,1,0.0
202300034492,155 619 444,B01,1,31,1,2,1,1,3,0.0
202300034493,155 619 443,A01,1,7,0,1,1,26,1,0.0
202300034494,155 619 439,C01,0,33,0,2,1,2,1,0.0
202300034494,155 619 441,A01,0,33,0,2,0,2,1,0.0
202300034494,155 619 442,B01,0,33,0,2,7,2,1,0.0
202300034495,155 619 437,A01,0,7,0,2,3,1,1,0.0
202300034495,155 619 440,B01,0,7,0,2,7,15,1,0.0
202300034496,155 619 438,A01,2,7,11,0,1,0,1,0.0
202300034497,155 619 436,A01,0,7,0,1,2,1,1,0.0
202300034498,155 619 433,A01,3,7,0,9,3,1,1,0.0
202300034498,155 619 435,B01,3,50,0,2,8,1,3,0.0
202300034499,155 619 432,A01,1,20,0,2,1,1,0,0.0
202300034499,155 619 434,B01,1,7,0,0,4,1,1,0.0
202300034500,155 619 430,B01,2,31,0,2,1,1,1,0.0
202300034500,155 619 431,A01,2,7,0,2,1,15,1,0.0
202300034501,155 619 427,A01,0,50,0,0,0,1,3,0.0
202300034502,155 619 426,A01,3,7,0,2,1,2,1,0.0
202300034502,155 619 429,B01,3,10,0,2,4,1,1,0.0
202300034503,155 619 422,B01,1,7,0,2,2,17,1,0.0
202300034503,155 619 424,A01,1,7,0,2,3,10,1,0.0
202300034504,155 619 423,A01,3,10,0,2,1,1,0,0.0
202300034504,155 619 425,B01,3,7,0,2,1,1,0,0.0
202300034504,155 619 428,C01,3,3,0,2,4,1,0,0.0
202300034505,155 619 419,A01,3,7,0,2,2,2,3,0.0
202300034505,155 619 420,B01,3,7,0,2,4,2,1,0.0
202300034505,155 619 421,C01,3,7,0,2,4,2,1,0.0
202300034506,155 619 418,A01,0,30,12,1,0,21,1,0.0
202300034507,155 619 414,A01,1,7,2,0,7,14,1,0.0
202300034508,155 619 415,A01,1,10,0,1,2,2,1,0.0
202300034509,155 619 413,A01,2,34,0,2,1,3,1,0.0
202300034509,155 619 416,B01,2,7,0,2,3,1,1,0.0
202300034509,155 619 417,C01,2,7,0,2,3,1,1,0.0
202300034510,155 619 412,A01,3,7,13,0,2,14,1,0.0
202300034511,155 619 408,A01,1,7,0,2,3,15,1,0.0
202300034511,155 619 410,B01,1,7,0,2,2,1,1,0.0
202300034512,155 619 409,A01,2,7,0,2,1,1,1,0.0
202300034512,155 619 411,B01,2,7,0,2,4,1,1,0.0
202300034513,155 619 406,A01,1,33,0,2,7,15,1,0.0
202300034513,155 619 407,B01,1,7,0,2,1,18,1,0.0
202300034514,155 619 403,A01,2,50,0,4,8,13,3,0.0
202300034514,155 619 405,B01,2,40,0,2,2,1,3,0.0
202300034515,155 619 402,A01,1,10,0,2,2,2,1,0.0
202300034515,155 619 404,B01,1,7,0,0,4,1,1,0.0
202300034516,155 619 400,A01,1,7,0,2,2,16,1,0.0
202300034516,155 619 401,B01,1,50,0,2,1,1,3,0.0
202300034517,155 619 398,B01,1,50,0,2,3,1,3,0.0
202300034517,155 619 399,A01,2,7,0,2,2,15,1,0.0
202300034518,155 619 393,C01,3,10,0,2,1,2,1,0.0
202300034518,155 619 395,A01,3,7,0,2,0,23,1,0.0
202300034518,155 619 397,B01,3,7,0,2,4,11,1,0.0
202300034519,155 619 392,A01,3,50,0,9,1,1,3,0.0
202300034520,155 619 391,A01,2,7,0,1,8,15,1,0.0
202300034521,155 619 394,A01,0,7,0,2,1,1,1,0.0
202300034521,155 619 396,B01,0,7,0,2,4,1,3,0.0
202300034522,155 619 387,A01,1,30,0,2,1,2,1,0.0
202300034522,155 619 389,B01,1,30,0,2,8,15,1,0.0
202300034523,155 619 383,A01,0,33,0,2,1,21,1,0.0
202300034523,155 619 384,B01,0,7,0,2,3,1,1,0.0
202300034523,155 619 386,C01,0,7,0,0,0,0,1,0.0
202300034524,155 619 382,A01,1,7,0,2,7,15,1,0.0
202300034524,155 619 385,B01,1,30,0,2,7,21,1,0.0
202300034525,155 619 381,A01,3,10,0,1,3,23,1,0.0
202300034526,155 619 379,B01,2,1,0,2,8,2,5,0.0
202300034526,155 619 380,A01,2,7,0,9,2,1,1,0.0
202300034527,155 619 378,A01,3,10,0,1,3,1,1,0.0
202300034528,155 619 376,A01,2,7,0,0,7,15,1,0.0
202300034528,155 619 377,B01,1,33,0,2,1,1,1,0.0
202300034529,155 619 375,A01,1,7,15,0,1,1,1,0.0
202300034530,155 619 373,B01,2,31,0,2,1,1,6,0.0
202300034530,155 619 374,A01,1,10,0,2,5,15,1,0.0
202300034531,155 619 372,A01,2,7,2,0,1,16,1,0.0
202300034532,155 619 370,A01,2,1,0,2,1,13,5,0.0
202300034532,155 619 371,B01,1,7,0,2,1,1,1,0.0
202300034533,155 619 368,A01,2,31,0,2,8,15,1,0.0
202300034533,155 619 369,B01,3,31,0,2,1,17,1,0.0
202300034534,155 619 366,A01,1,7,0,2,7,14,1,0.0
202300034534,155 619 367,B01,1,2,0,2,8,2,1,0.0
202300034535,155 619 363,Z01,1,14,0,2,2,1,0,0.0
202300034535,155 619 364,A01,1,7,0,2,8,1,2,0.0
202300034535,155 619 365,B01,1,7,0,2,1,1,1,0.0
202300034536,155 619 362,A01,1,7,0,1,1,1,0,0.0
202300034537,155 619 361,A01,1,2,11,0,1,13,1,0.0
202300034538,155 619 358,A01,1,3,0,2,3,13,1,0.0
202300034538,155 619 360,B01,2,10,3,2,3,1,1,0.0
202300034539,155 619 357,B01,1,14,0,2,5,1,1,0.0
202300034539,155 619 359,A01,1,31,0,2,6,3,1,0.0
202300034540,155 619 354,A01,2,7,0,2,1,9,1,0.0
202300034540,155 619 356,B01,2,15,0,0,4,9,1,0.0
202300034541,155 619 353,A01,2,14,0,2,1,19,1,0.0
202300034541,155 619 355,B01,2,50,0,2,8,1,3,0.0
202300034542,155 619 351,A01,1,10,0,1,1,1,1,0.0
202300034543,155 619 350,A01,1,7,0,2,1,2,1,0.0
202300034543,155 619 352,B01,1,15,0,0,4,1,1,0.0
202300034544,155 619 349,A01,1,50,0,1,1,1,3,0.0
202300034545,155 619 348,A01,1,7,2,0,1,11,1,0.0
202300034546,155 619 345,B01,2,7,0,2,3,1,1,0.0
202300034546,155 619 347,A01,1,7,0,2,1,1,1,0.0
202300034547,155 619 341,A01,2,30,0,2,8,1,1,0.0
202300034547,155 619 343,Z01,1,7,0,2,1,15,1,0.0
202300034548,155 619 342,A01,1,7,2,0,7,14,1,0.0
202300034549,155 619 339,A01,1,7,0,1,4,20,1,0.0
202300034550,155 619 338,A01,1,7,0,2,3,13,1,0.0
202300034550,155 619 340,B01,2,21,0,2,3,1,1,0.0
202300034551,155 619 336,A01,1,7,0,2,3,12,1,0.0
202300034551,155 619 337,B01,1,7,0,2,5,1,1,0.0
202300034552,155 619 334,A01,2,7,0,2,2,15,1,0.0
202300034552,155 619 335,B01,1,34,0,2,1,1,1,0.0
202300034553,155 619 332,A01,3,10,0,2,5,16,1,0.0
202300034553,155 619 333,B01,3,7,0,2,3,1,2,0.0
202300034554,155 619 330,A01,1,2,0,2,1,17,1,0.0
202300034554,155 619 331,B01,2,7,0,2,3,1,1,0.0
202300034555,155 619 328,A01,1,1,0,2,1,1,5,0.0
202300034555,155 619 329,B01,3,10,0,2,3,15,1,0.0
202300034556,155 619 325,A01,2,7,0,2,3,13,1,0.0
202300034556,155 619 326,B01,1,33,0,2,3,1,1,0.0
202300034556,155 619 327,C01,1,33,0,2,3,1,1,0.0
202300034557,155 619 324,A01,2,1,0,1,8,1,5,0.0
202300034558,155 619 322,B01,1,7,0,2,1,1,2,0.0
202300034558,155 619 323,A01,2,7,0,2,7,26,1,0.0
202300034559,155 619 320,B01,1,7,0,2,3,1,1,0.0
202300034559,155 619 321,A01,1,32,0,2,1,1,1,0.0
202300034560,155 619 318,A01,1,7,0,9,2,2,1,0.0
202300034560,155 619 319,B01,1,1,0,2,8,1,5,0.0
202300034561,155 619 317,A01,3,32,0,0,7,16,1,0.0
202300034562,155 619 315,B01,0,7,4,0,5,1,0,0.0
202300034563,155 619 314,B01,2,7,0,2,3,1,1,0.0
202300034563,155 619 316,A01,1,33,0,2,1,13,1,0.0
202300034564,155 619 313,A01,0,7,0,1,1,15,1,0.0
202300034565,155 619 312,A01,1,33,0,0,1,0,1,0.0
202300034566,155 619 309,B01,1,31,0,2,7,2,3,0.0
202300034566,155 619 311,A01,1,7,0,2,7,15,0,0.0
202300034567,155 619 308,A01,3,7,0,2,1,9,1,0.0
202300034567,155 619 310,B01,3,50,0,2,7,1,3,0.0
202300034568,155 619 306,A01,2,7,13,0,7,0,0,0.0
202300034569,155 619 305,A01,1,7,0,2,1,0,0,0.0
202300034569,155 619 307,B01,1,50,0,2,4,0,3,0.0
202300034570,155 619 304,A01,1,7,0,1,1,2,1,0.0
202300034571,155 619 302,A01,3,7,0,2,1,1,1,0.0
202300034571,155 619 303,B01,3,2,0,2,1,13,1,0.0
202300034572,155 619 300,A01,3,1,0,5,8,1,5,0.0
202300034573,155 619 299,A01,3,10,0,2,1,1,1,0.0
202300034573,155 619 301,B01,3,10,0,2,6,1,1,0.0
202300034574,155 619 296,B01,3,7,0,2,3,16,1,0.0
202300034574,155 619 298,A01,3,33,0,2,1,1,1,0.0
202300034575,155 619 297,A01,2,99,0,1,2,19,0,0.0
202300034576,155 619 295,A01,2,33,0,0,8,1,1,0.0
202300034577,155 619 293,A01,1,7,0,2,3,9,1,0.0
202300034577,155 619 294,B01,1,33,0,2,1,1,1,0.0
202300034578,155 619 292,A01,1,7,2,0,1,1,0,0.0
202300034579,155 619 289,A01,2,7,0,2,2,15,0,0.0
202300034579,155 619 291,B01,1,7,0,2,3,1,1,0.0
202300034580,155 619 288,A01,1,7,0,2,1,15,1,0.0
202300034580,155 619 290,B01,2,7,0,2,1,1,1,0.0
202300034581,155 619 284,A01,1,10,0,2,7,17,1,0.0
202300034581,155 619 286,B01,1,21,0,2,3,15,1,0.0
202300034582,155 619 285,A01,1,14,0,2,0,2,1,0.0
202300034582,155 619 287,B01,1,1,0,2,0,2,5,0.0
202300034583,155 619 283,A01,1,7,13,0,3,2,1,0.0
202300034584,155 619 282,A01,1,7,0,1,2,16,0,0.0
202300034585,155 619 280,A01,2,7,0,2,3,15,1,0.0
202300034585,155 619 281,B01,1,2,0,2,1,1,1,0.0
202300034586,155 619 279,A01,2,7,6,0,2,14,1,0.0
202300034587,155 619 278,A01,1,33,0,0,9,1,1,0.0
202300034588,155 619 275,A01,1,7,0,2,8,10,1,0.0
202300034588,155 619 276,B01,1,33,0,2,1,17,1,0.0
202300034589,155 619 274,A01,3,7,0,2,1,15,1,0.0
202300034589,155 619 277,B01,3,33,0,2,7,1,1,0.0
202300034590,155 619 273,A01,2,7,3,0,1,17,1,0.0
202300034591,155 619 271,A01,1,7,3,0,1,1,1,0.0
202300034592,155 619 270,A01,1,10,0,2,1,0,0,0.0
202300034592,155 619 272,B01,1,3,3,0,4,0,0,0.0
202300034593,155 619 269,A01,1,10,0,1,3,1,1,0.0
202300034594,155 619 267,A01,1,7,0,2,3,13,0,0.0
202300034594,155 619 268,B01,1,32,0,2,7,17,1,0.0
202300034595,155 619 263,A01,1,7,0,2,1,5,1,0.0
202300034595,155 619 264,B01,1,7,0,2,1,1,1,0.0
202300034596,155 619 262,B01,2,7,4,0,0,0,1,0.0
202300034596,155 619 265,C01,2,7,1,0,1,0,1,0.0
202300034596,155 619 266,A01,2,7,0,0,1,0,1,0.0
202300034597,155 619 260,A01,2,7,0,2,1,0,1,0.0
202300034597,155 619 261,B01,2,7,0,2,3,0,1,0.0
202300034598,155 619 259,A01,1,10,3,0,8,12,1,0.0
202300034599,155 619 258,A01,1,10,6,0,1,1,1,0.0
202300034600,155 619 256,A01,3,7,6,0,6,1,1,0.0
202300034601,155 619 254,A01,0,7,8,0,0,1,1,0.0
202300034602,155 619 253,A01,2,7,2,0,5,0,1,0.0
202300034603,155 619 251,A01,1,10,0,2,1,1,1,0.0
202300034603,155 619 252,B01,1,7,0,0,4,0,1,0.0
202300034604,155 619 249,A01,1,33,16,0,0,17,1,0.0
202300034605,155 619 250,A01,2,7,2,0,3,11,1,0.0
202300034606,155 619 247,A01,1,14,3,1,2,1,1,0.0
202300034607,155 619 248,A01,2,2,6,0,1,1,1,0.0
202300034608,155 619 244,A01,1,7,0,2,2,15,1,0.0
202300034608,155 619 246,B01,1,34,0,2,2,1,1,0.0
202300034609,155 619 241,A01,2,33,0,0,9,1,1,0.0
202300034609,155 619 242,B01,1,7,0,0,0,1,1,0.0
202300034610,155 619 243,A01,1,7,8,0,3,13,0,0.0
202300034610,155 619 245,B01,2,7,8,0,3,26,1,0.0
202300034611,155 619 239,A01,1,33,0,2,3,1,1,0.0
202300034611,155 619 240,B01,2,7,0,2,6,19,1,0.0
202300034612,155 619 238,A01,1,7,0,9,1,1,0,0.0
202300034613,155 619 237,A01,1,10,0,1,2,1,1,0.0
202300034614,155 619 236,A01,2,7,0,1,2,16,1,0.0
202300034615,155 619 233,B01,1,7,0,2,1,1,1,0.0
202300034615,155 619 234,C01,1,7,0,2,3,1,1,0.0
202300034615,155 619 235,A01,2,33,0,2,3,5,1,0.0
202300034616,155 619 230,A01,1,7,0,1,2,1,1,0.0
202300034617,155 619 231,A01,2,14,0,4,2,1,1,0.0
202300034617,155 619 232,B01,1,39,0,4,1,1,1,0.0
202300034618,155 619 227,A01,1,7,0,2,5,15,1,0.0
202300034618,155 619 229,B01,2,2,0,2,1,1,1,0.0
202300034619,155 619 225,A01,1,10,0,2,1,1,1,0.0
202300034619,155 619 226,B01,1,7,0,2,1,1,1,0.0
202300034620,155 619 223,A01,1,7,0,2,3,15,1,0.0
202300034620,155 619 224,B01,1,33,0,2,1,1,0,0.0
202300034621,155 619 220,A01,1,7,0,2,6,15,1,0.0
202300034621,155 619 221,B01,1,33,0,2,7,17,1,0.0
202300034621,155 619 222,C01,1,33,0,2,7,17,1,0.0
202300034622,155 619 219,A01,1,10,0,1,2,2,1,0.0
202300034623,155 619 217,B01,2,38,0,2,8,15,1,4.0
202300034623,155 619 218,A01,2,14,0,2,2,17,1,0.0
202300034624,155 619 214,A01,1,7,0,2,1,1,1,0.0
202300034624,155 619 215,B01,1,50,0,2,0,19,3,0.0
202300034625,155 619 213,B01,2,10,0,2,1,1,1,0.0
202300034625,155 619 216,A01,1,7,0,2,1,13,1,0.0
202300034626,155 619 212,A01,3,1,0,1,1,25,5,0.0
202300034627,155 619 210,A01,1,7,2,0,1,14,1,0.0
202300034628,155 619 207,A01,1,7,0,2,3,1,1,0.0
202300034628,155 619 208,B01,2,7,0,0,8,13,1,0.0
202300034629,155 619 209,A01,1,7,2,0,4,26,1,0.0
202300034629,155 619 211,B01,1,7,2,2,1,21,1,0.0
202300034630,155 619 206,B01,3,7,0,9,2,1,1,0.0
202300034631,155 619 205,A01,3,7,0,1,2,1,1,0.0
202300034632,155 619 202,A01,1,7,0,0,4,1,1,0.0
202300034632,155 619 203,B01,1,33,0,0,1,1,1,0.0
202300034632,155 619 204,C01,1,7,0,0,1,1,1,0.0
202300034633,155 619 199,A01,1,7,0,0,2,1,1,0.0
202300034633,155 619 200,B01,1,1,0,0,4,1,5,0.0
202300034634,155 619 197,A01,1,33,11,0,0,21,1,0.0
202300034635,155 619 198,A01,2,7,0,2,1,15,1,0.0
202300034635,155 619 201,B01,1,7,7,2,1,1,1,0.0
202300034636,155 619 194,A01,1,7,15,0,1,1,2,0.0
202300034637,155 619 193,A01,2,10,0,2,7,1,1,0.0
202300034637,155 619 195,B01,2,7,0,2,0,0,1,0.0
202300034637,155 619 196,C01,2,33,0,2,0,0,1,0.0
202300034638,155 619 191,A01,2,33,0,2,2,14,1,0.0
202300034638,155 619 192,B01,2,13,0,2,8,1,1,0.0
202300034639,155 619 189,A01,2,7,0,2,6,19,0,0.0
202300034639,155 619 190,B01,1,31,0,2,3,1,0,0.0
202300034640,155 619 187,A01,1,32,0,2,1,12,1,0.0
202300034640,155 619 188,B01,1,7,0,2,6,23,1,0.0
202300034641,155 619 183,A01,1,7,0,2,1,2,1,0.0
202300034641,155 619 185,B01,1,7,0,2,4,2,1,0.0
202300034642,155 619 182,A01,1,7,0,2,1,13,1,0.0
202300034642,155 619 184,C01,2,7,0,2,1,1,2,0.0
202300034642,155 619 186,B01,2,10,0,2,3,1,1,0.0
202300034643,155 619 180,A01,2,7,0,2,1,2,0,0.0
202300034643,155 619 181,B01,2,7,0,0,4,2,0,0.0
202300034644,155 619 178,A01,2,7,0,1,3,1,1,0.0
202300034645,155 619 177,A01,1,7,0,2,1,2,1,0.0
202300034645,155 619 179,B01,1,7,0,2,4,2,1,0.0
202300034646,155 619 174,A01,2,10,0,2,7,12,1,0.0
202300034646,155 619 176,B01,2,33,0,2,3,1,1,0.0
202300034647,155 619 171,B01,2,34,0,2,8,3,1,0.0
202300034647,155 619 172,A01,2,7,0,2,7,1,1,0.0
202300034648,155 619 170,B01,2,30,0,2,1,1,1,0.0
202300034648,155 619 173,A01,1,32,0,2,3,9,1,0.0
202300034649,155 619 168,A01,1,10,0,2,1,2,1,0.0
202300034649,155 619 169,B01,1,10,3,2,4,2,1,0.0
202300034650,155 619 166,A01,1,10,0,0,1,26,1,0.0
202300034651,155 619 167,A01,1,7,8,0,1,6,1,0.0
202300034652,155 619 164,A01,2,7,0,2,7,14,1,0.0
202300034652,155 619 165,B01,2,33,0,2,8,0,1,0.0
202300034653,155 619 161,A01,1,10,5,0,1,1,1,0.0
202300034653,155 619 163,B01,2,7,5,0,1,13,1,0.0
202300034654,155 619 159,A01,2,7,0,2,1,2,2,0.0
202300034654,155 619 160,B01,2,7,0,2,4,2,1,0.0
202300034654,155 619 162,C01,2,7,0,2,4,2,1,0.0
202300034655,155 619 158,A01,0,7,0,0,0,0,0,0.0
202300034656,155 619 156,B01,2,33,0,2,8,1,1,0.0
202300034656,155 619 157,A01,2,7,0,2,5,12,1,0.0
202300034657,155 619 154,B01,2,2,0,0,3,2,1,0.0
202300034657,155 619 155,A01,2,7,0,2,0,21,1,0.0
202300034658,155 619 152,A01,2,33,0,2,5,3,1,0.0
202300034658,155 619 153,Z01,2,7,0,2,6,11,1,0.0
202300034659,155 619 148,A01,2,10,0,2,3,11,1,0.0
202300034659,155 619 150,B01,2,32,0,2,1,3,1,0.0
202300034660,155 619 147,A01,2,33,0,2,1,1,1,0.0
202300034660,155 619 149,B01,1,33,0,2,1,1,1,0.0
202300034661,155 619 144,A01,1,7,0,2,0,9,1,0.0
202300034661,155 619 146,B01,1,1,0,2,0,1,5,0.0
202300034662,155 619 143,A01,3,7,0,0,2,11,1,0.0
202300034662,155 619 145,B01,3,33,0,0,1,1,1,0.0
202300034663,155 619 138,A01,1,7,0,2,1,2,1,0.0
202300034663,155 619 140,B01,1,7,0,2,4,2,1,0.0
202300034664,155 619 136,B01,0,7,0,2,4,0,0,0.0
202300034664,155 619 137,A01,0,7,0,2,1,3,1,0.0
202300034665,155 619 139,A01,1,34,0,1,2,2,1,0.0
202300034666,155 619 131,B01,1,7,0,2,3,9,1,0.0
202300034666,155 619 133,D01,1,38,0,2,3,1,1,1.0
202300034666,155 619 134,A01,1,7,0,2,3,1,1,0.0
202300034666,155 619 135,C01,2,7,0,2,3,1,2,0.0
202300034667,155 619 129,A01,1,7,8,0,9,1,1,0.0
202300034668,155 619 130,A01,1,7,3,2,0,0,1,0.0
202300034668,155 619 132,B01,2,7,3,2,0,0,1,0.0
202300034669,155 619 128,A01,1,7,2,0,0,1,1,0.0
202300034670,155 619 126,A01,2,33,0,1,1,1,1,0.0
202300034671,155 619 124,A01,1,33,0,2,1,13,1,0.0
202300034671,155 619 127,B01,2,7,0,2,1,1,1,0.0
202300034672,155 619 122,A01,3,7,0,9,1,2,1,0.0
202300034672,155 619 123,B01,2,80,0,9,0,0,3,0.0
202300034673,155 619 120,A01,1,7,0,9,5,16,1,0.0
202300034673,155 619 121,B01,1,31,0,2,8,1,1,0.0
202300034674,155 619 119,A01,1,7,0,1,1,1,1,0.0
202300034675,155 619 117,B01,2,7,0,9,8,19,1,0.0
202300034675,155 619 118,A01,1,2,0,2,1,1,1,0.0