num_acc,id_vehicule,num_veh,senc,catv,obs,obsm,choc,manv,motor,occutc
202300034676,155 619 114,A01,1,7,0,2,6,1,1,0.0
202300034676,155 619 115,B01,2,1,0,2,1,1,5,0.0
202300034677,155 619 116,A01,2,7,2,0,2,1,1,0.0
202300034678,155 619 112,B01,1,34,0,2,8,2,0,0.0
202300034678,155 619 113,A01,1,7,0,2,7,2,0,0.0
202300034679,155 619 111,A01,1,7,0,0,1,13,1,0.0
202300034680,155 619 109,A01,1,10,0,0,8,13,1,0.0
202300034681,155 619 107,A01,2,7,0,2,1,1,1,0.0
202300034681,155 619 108,B01,2,7,0,2,4,23,1,0.0
202300034682,155 619 105,B01,1,7,0,2,1,1,1,0.0
202300034682,155 619 106,A01,2,21,0,2,2,15,1,0.0
202300034683,155 619 104,A01,1,7,0,1,3,15,1,0.0
202300034684,155 619 103,A01,2,7,2,0,1,0,3,0.0
202300034685,155 619 102,A01,1,7,8,0,1,1,1,0.0
202300034686,155 619 098,B01,3,33,0,2,1,1,1,0.0
202300034686,155 619 101,A01,0,2,0,2,1,1,1,0.0
202300034687,155 619 099,A01,0,7,0,9,1,9,1,0.0
202300034687,155 619 100,B01,0,1,0,2,7,1,5,0.0
202300034688,155 619 096,A01,1,7,2,0,1,2,1,0.0
202300034689,155 619 093,A01,1,7,4,0,6,15,1,0.0
202300034690,155 619 091,B01,1,7,0,2,5,1,1,0.0
202300034690,155 619 092,A01,1,14,0,2,2,26,1,0.0
202300034691,155 619 089,A01,1,33,0,1,2,0,1,0.0
202300034692,155 619 090,A01,1,7,4,0,3,11,1,0.0
202300034693,155 619 088,A01,2,80,0,1,1,1,3,0.0
202300034694,155 619 087,A01,1,7,4,0,3,1,1,0.0
202300034695,155 619 085,B01,3,80,14,2,1,1,3,0.0
202300034695,155 619 086,A01,1,1,14,2,1,1,5,0.0
202300034696,155 619 082,A01,3,3,0,1,2,2,1,0.0
202300034697,155 619 081,A01,3,7,0,1,1,1,1,0.0
202300034698,155 619 083,B01,2,7,0,2,4,1,0,0.0
202300034698,155 619 084,A01,2,7,0,2,1,1,0,0.0
202300034699,155 619 077,B01,1,50,0,2,8,1,3,0.0
202300034699,155 619 080,A01,1,7,0,2,1,15,1,0.0
202300034700,155 619 073,A01,2,7,0,2,3,17,1,0.0
202300034700,155 619 074,B01,2,30,0,2,7,17,1,0.0
202300034701,155 619 075,B01,2,10,0,2,1,1,1,0.0
202300034701,155 619 076,C01,2,10,0,2,5,1,1,0.0
202300034701,155 619 078,D01,2,15,0,2,8,1,1,0.0
202300034701,155 619 079,A01,2,7,0,2,8,11,1,0.0
202300034702,155 619 072,A01,-1,7,0,0,1,13,0,0.0
202300034703,155 619 071,B01,1,33,4,2,7,26,1,0.0
202300034704,155 619 069,A01,1,10,0,2,2,15,1,0.0
202300034704,155 619 070,B01,2,2,0,2,1,18,1,0.0
202300034705,155 619 065,A01,1,7,1,0,1,1,1,0.0
202300034705,155 619 066,B01,1,7,0,2,6,24,1,0.0
202300034706,155 619 064,B01,2,10,0,2,4,2,1,0.0
202300034706,155 619 067,C01,2,7,0,2,4,2,1,0.0
202300034706,155 619 068,A01,2,14,0,2,1,2,1,0.0
202300034707,155 619 061,B01,1,7,0,2,7,1,1,0.0
202300034707,155 619 063,A01,2,7,0,2,1,5,1,0.0
202300034708,155 619 062,A01,1,7,0,1,7,2,1,0.0
202300034709,155 619 059,A01,2,7,3,2,1,2,1,0.0
202300034710,155 619 057,B01,0,7,0,2,4,2,3,0.0
202300034710,155 619 058,C01,0,7,0,2,4,2,1,0.0
202300034710,155 619 060,A01,0,10,0,2,1,2,1,0.0
202300034711,155 619 054,B01,3,33,0,2,1,0,1,0.0
202300034711,155 619 056,A01,3,14,0,2,8,11,1,0.0
202300034712,155 619 051,B01,1,7,0,2,2,1,1,0.0
202300034712,155 619 053,A01,2,50,0,2,1,15,3,0.0
202300034713,155 619 050,A01,1,10,0,1,4,4,1,0.0
202300034714,155 619 052,B01,2,7,0,2,4,1,1,0.0
202300034714,155 619 055,A01,2,7,0,2,1,1,1,0.0
202300034715,155 619 048,A01,1,7,6,0,1,13,1,0.0
202300034716,155 619 049,A01,0,7,0,1,3,15,1,0.0
202300034717,155 619 046,A01,3,50,0,2,1,26,3,0.0
202300034717,155 619 047,B01,3,7,0,2,3,26,1,0.0
202300034718,155 619 043,A01,3,3,0,2,3,10,3,0.0
202300034718,155 619 045,B01,3,31,0,2,7,1,1,0.0
202300034719,155 619 042,A01,1,50,0,2,7,1,3,0.0
202300034719,155 619 044,B01,2,7,0,2,2,1,1,0.0
202300034720,155 619 039,B01,3,43,0,2,8,23,1,0.0
202300034720,155 619 041,A01,3,15,0,2,7,14,1,0.0
202300034721,155 619 040,A01,1,7,0,1,3,1,1,0.0
202300034722,155 619 036,A01,1,7,0,2,1,1,1,0.0
202300034722,155 619 037,B01,1,31,0,2,4,1,1,0.0
202300034723,155 619 035,B01,3,7,0,2,4,23,1,0.0
202300034723,155 619 038,A01,3,7,0,2,1,2,1,0.0
202300034724,155 619 033,A01,1,7,0,2,1,1,1,0.0
202300034724,155 619 034,B01,1,7,0,2,6,1,1,0.0
202300034725,155 619 029,A01,2,7,0,2,2,15,1,0.0
202300034725,155 619 030,B01,1,2,0,2,1,1,1,0.0
202300034726,155 619 025,B01,3,31,0,2,2,1,1,0.0
202300034726,155 619 026,A01,3,21,0,2,3,15,1,0.0
202300034727,155 619 022,A01,1,7,0,2,7,16,1,0.0
202300034727,155 619 024,B01,2,50,0,2,1,1,3,0.0
202300034728,155 619 018,A01,2,33,0,2,1,2,1,0.0
202300034728,155 619 019,B01,2,7,0,2,5,23,1,0.0
202300034729,155 619 015,A01,3,7,0,2,1,9,1,0.0
202300034729,155 619 017,B01,3,30,0,2,4,9,1,0.0
202300034730,155 619 014,A01,1,7,0,2,1,15,1,0.0
202300034730,155 619 016,B01,1,7,0,2,8,1,1,0.0
202300034731,155 619 013,A01,1,33,0,1,1,1,1,0.0
202300034732,155 619 012,A01,1,7,0,1,2,1,1,0.0
202300034733,155 619 010,A01,1,7,0,2,4,23,1,0.0
202300034733,155 619 011,B01,1,34,0,2,1,26,1,0.0
202300034734,155 619 008,A01,3,7,4,1,1,25,1,0.0
202300034735,155 619 005,B01,1,10,0,2,3,15,1,0.0
202300034735,155 619 006,A01,2,33,0,2,1,1,1,0.0
202300034736,155 619 007,B01,3,50,0,2,5,1,3,0.0
202300034736,155 619 009,A01,3,7,14,2,1,1,1,0.0
202300034737,155 619 002,A01,3,7,0,2,4,21,0,0.0
202300034737,155 619 003,B01,3,7,0,2,4,2,0,0.0
202300034737,155 619 004,C01,3,7,0,2,1,2,0,0.0
202300034738,155 619 001,A01,2,7,0,1,1,16,2,0.0
202300034739,155 618 999,A01,3,50,0,2,1,19,3,0.0
202300034739,155 619 000,B01,3,7,0,2,2,1,1,0.0
202300034740,155 618 998,A01,1,7,0,1,2,2,0,0.0
202300034741,155 618 997,A01,2,17,0,0,8,1,1,0.0
202300034742,155 618 994,A01,1,50,8,0,1,1,3,0.0
202300034743,155 618 995,A01,1,33,0,2,1,1,1,0.0
202300034743,155 618 996,B01,2,99,0,2,7,15,1,0.0
202300034744,155 618 993,A01,1,7,0,1,3,1,0,0.0
202300034745,155 618 990,A01,1,38,0,2,3,1,3,4.0
202300034745,155 618 992,B01,2,7,0,2,3,13,1,0.0
202300034746,155 618 989,A01,1,7,0,2,2,5,1,0.0
202300034746,155 618 991,B01,2,7,0,2,2,1,1,0.0
202300034747,155 618 986,A01,3,7,0,1,1,1,1,0.0
202300034748,155 618 987,B01,2,10,8,2,3,1,0,0.0
202300034748,155 618 988,A01,2,10,0,2,1,1,0,0.0
202300034749,155 618 983,A01,1,7,0,1,3,1,1,0.0
202300034750,155 618 982,A01,2,7,15,2,1,13,1,0.0
202300034750,155 618 984,B01,2,7,0,2,1,2,1,0.0
202300034750,155 618 985,C01,2,7,0,2,1,2,1,0.0
202300034751,155 618 981,A01,1,7,2,0,1,14,1,0.0
202300034752,155 618 979,A01,2,50,0,1,7,1,3,0.0
202300034753,155 618 977,A01,1,7,0,2,1,5,1,0.0
202300034753,155 618 978,B01,2,10,0,2,6,1,1,0.0
202300034753,155 618 980,C01,2,10,0,2,1,1,1,0.0
202300034754,155 618 974,A01,1,33,0,0,0,1,1,0.0
202300034755,155 618 973,B01,1,7,0,2,7,1,1,0.0
202300034755,155 618 975,C01,2,7,0,2,3,1,1,0.0
202300034755,155 618 976,A01,1,7,0,2,1,1,1,0.0
202300034756,155 618 972,A01,3,10,0,1,2,1,0,0.0
202300034757,155 618 970,A01,3,7,0,2,7,12,1,0.0
202300034757,155 618 971,B01,3,43,0,2,8,1,1,0.0
202300034758,155 618 968,A01,1,33,0,2,9,26,1,0.0
202300034758,155 618 969,B01,1,7,0,2,8,1,1,0.0
202300034759,155 618 964,C01,2,7,0,2,3,24,1,0.0
202300034759,155 618 966,A01,3,7,0,2,8,15,1,0.0
202300034759,155 618 967,B01,3,33,0,2,1,17,1,0.0
202300034760,155 618 963,A01,1,7,0,2,1,15,1,0.0
202300034760,155 618 965,B01,3,31,0,2,3,5,1,0.0
202300034761,155 618 962,A01,1,7,0,1,2,1,1,0.0
202300034762,155 618 961,A01,1,10,0,1,5,4,1,0.0
202300034763,155 618 959,A01,3,10,0,2,3,1,1,0.0
202300034763,155 618 960,B01,3,33,0,2,2,16,1,0.0
202300034764,155 618 955,B01,0,50,0,2,4,19,3,0.0
202300034764,155 618 957,A01,2,7,0,2,2,1,1,0.0
202300034765,155 618 950,B01,1,30,0,2,4,2,3,0.0
202300034765,155 618 952,A01,1,7,0,2,3,2,1,0.0
202300034766,155 618 949,A01,2,7,0,2,9,9,1,0.0
202300034766,155 618 951,F01,2,7,0,2,6,1,1,0.0
202300034766,155 618 953,B01,2,7,0,2,7,1,1,0.0
202300034766,155 618 954,C01,2,7,4,2,9,0,1,0.0
202300034766,155 618 956,D01,2,7,0,2,4,1,3,0.0
202300034766,155 618 958,E01,2,7,0,2,5,1,3,0.0
202300034767,155 618 947,B01,2,1,1,0,1,1,5,0.0
202300034767,155 618 948,A01,2,7,0,2,8,24,1,0.0
202300034768,155 618 945,A01,1,7,0,1,2,1,1,0.0
202300034769,155 618 944,A01,3,7,0,2,3,15,0,0.0
202300034769,155 618 946,B01,3,7,16,2,1,1,1,0.0
202300034770,155 618 942,A01,3,7,0,9,7,1,1,0.0
202300034770,155 618 943,B01,3,50,0,2,1,19,3,0.0
202300034771,155 618 940,A01,1,7,0,2,1,5,1,0.0
202300034771,155 618 941,B01,1,15,0,2,1,1,0,0.0
202300034772,155 618 938,A01,2,7,0,2,3,9,1,0.0
202300034772,155 618 939,B01,1,7,0,2,2,2,1,0.0
202300034773,155 618 936,Z01,3,7,0,2,1,5,1,0.0
202300034773,155 618 937,B01,3,10,0,2,1,1,1,0.0
202300034774,155 618 935,A01,1,7,0,1,2,1,1,0.0
202300034775,155 618 933,A01,1,34,0,2,8,1,1,0.0
202300034775,155 618 934,Z01,1,7,0,2,7,17,0,0.0
202300034776,155 618 931,A01,2,7,0,2,1,9,1,0.0
202300034776,155 618 932,B01,2,7,0,2,7,26,2,0.0
202300034777,155 618 930,A01,2,7,0,1,1,1,1,0.0
202300034778,155 618 929,A01,1,10,0,1,1,1,1,0.0
202300034779,155 618 928,A01,1,7,16,0,2,0,1,0.0
202300034780,155 618 926,B01,3,1,0,2,8,1,5,0.0
202300034780,155 618 927,A01,3,7,0,2,1,1,1,0.0
202300034781,155 618 925,A01,1,7,1,1,2,13,2,0.0
202300034782,155 618 924,A01,2,10,0,0,1,16,1,0.0
202300034783,155 618 923,A01,1,33,0,0,0,1,1,0.0
202300034784,155 618 922,A01,2,7,0,1,3,1,1,0.0
202300034785,155 618 920,B01,1,60,0,2,3,1,5,0.0
202300034785,155 618 921,A01,3,7,0,2,1,9,1,0.0
202300034786,155 618 918,B01,3,1,0,2,1,2,5,0.0
202300034786,155 618 919,A01,3,7,0,2,5,16,1,0.0
202300034787,155 618 916,A01,2,7,0,2,3,13,1,0.0
202300034787,155 618 917,B01,1,10,0,2,3,1,1,0.0
202300034788,155 618 914,A01,1,7,0,2,1,1,1,0.0
202300034788,155 618 915,B01,1,7,0,2,5,1,1,0.0
202300034789,155 618 912,A01,1,7,0,1,2,21,1,0.0
202300034790,155 618 911,A01,0,7,0,9,2,9,1,0.0
202300034790,155 618 913,B01,0,1,0,2,3,1,5,0.0
202300034791,155 618 909,A01,3,7,0,1,6,4,1,0.0
202300034792,155 618 906,A01,1,2,0,1,2,0,1,0.0
202300034793,155 618 907,B01,2,7,0,2,1,2,1,0.0
202300034793,155 618 908,C01,2,7,0,2,4,2,1,0.0
202300034793,155 618 910,A01,2,7,0,2,1,2,1,0.0
202300034794,155 618 903,A01,1,33,0,1,1,1,1,0.0
202300034795,155 618 900,A01,3,50,0,2,8,19,3,0.0
202300034795,155 618 901,B01,3,37,0,2,1,1,0,1.0
202300034796,155 618 899,A01,1,7,0,1,2,1,1,0.0
202300034797,155 618 897,B01,2,7,0,2,3,0,1,0.0
202300034797,155 618 898,A01,1,33,0,2,1,17,1,0.0
202300034798,155 618 896,A01,2,7,0,1,3,19,1,0.0
202300034799,155 618 894,B01,3,7,0,2,8,9,1,0.0
202300034799,155 618 895,A01,2,7,0,2,2,1,1,0.0
202300034800,155 618 892,A01,1,7,0,2,1,1,1,0.0
202300034800,155 618 893,B01,3,50,0,2,4,1,3,0.0
202300034801,155 618 890,A01,1,7,0,1,1,15,1,0.0
202300034802,155 618 888,B01,2,7,0,2,4,2,1,0.0
202300034802,155 618 889,A01,2,7,0,2,4,2,1,0.0
202300034802,155 618 891,Z01,2,7,0,2,0,2,1,0.0
202300034803,155 618 887,A01,0,7,0,0,0,0,1,0.0
202300034804,155 618 886,A01,2,7,8,0,3,1,1,0.0
202300034805,155 618 883,A01,3,7,0,2,3,26,1,0.0
202300034805,155 618 885,B01,0,30,0,2,1,1,1,0.0
202300034806,155 618 882,A01,1,37,0,2,1,1,6,2.0
202300034806,155 618 884,B01,1,1,0,2,7,14,5,0.0
202300034807,155 618 881,A01,2,10,0,1,3,15,0,0.0
202300034808,155 618 880,A01,1,7,0,1,3,1,1,0.0
202300034809,155 618 879,A01,1,2,0,1,1,1,2,0.0
202300034810,155 618 876,B01,1,50,12,2,1,19,3,0.0
202300034810,155 618 877,A01,2,10,12,2,2,16,1,0.0
202300034811,155 618 875,B01,0,43,0,2,8,1,1,0.0
202300034811,155 618 878,A01,2,7,0,2,3,15,1,0.0
202300034812,155 618 873,A01,2,7,0,2,1,0,1,0.0
202300034812,155 618 874,B01,2,7,0,2,3,15,1,0.0
202300034813,155 618 871,A01,2,7,8,4,0,10,1,0.0
202300034813,155 618 872,B01,2,40,0,2,2,1,6,0.0
202300034814,155 618 870,A01,3,10,8,0,1,14,1,0.0
202300034815,155 618 869,A01,2,7,9,0,3,1,1,0.0
202300034816,155 618 868,A01,1,7,0,1,1,1,1,0.0
202300034817,155 618 866,A01,2,7,0,2,1,15,1,0.0
202300034817,155 618 867,B01,1,7,0,2,3,1,1,0.0
202300034818,155 618 864,A01,2,7,0,2,2,9,3,0.0
202300034818,155 618 865,B01,2,80,0,2,3,1,3,0.0
202300034819,155 618 862,A01,3,7,0,2,3,15,1,0.0
202300034819,155 618 863,B01,3,37,0,2,2,7,4,3.0
202300034820,155 618 861,A01,2,30,16,0,0,1,1,0.0
202300034821,155 618 860,A01,3,33,0,0,1,2,1,0.0
202300034822,155 618 859,A01,3,1,16,0,0,1,5,0.0
202300034823,155 618 857,A01,1,7,0,2,2,20,1,0.0
202300034823,155 618 858,B01,0,50,0,2,1,1,3,0.0
202300034824,155 618 856,A01,1,7,0,1,3,15,1,0.0
202300034825,155 618 855,A01,1,7,0,1,1,15,1,0.0
202300034826,155 618 853,A01,2,10,0,2,1,2,4,0.0
202300034826,155 618 854,B01,2,50,0,2,4,2,3,0.0
202300034827,155 618 852,A01,1,7,0,1,1,1,1,0.0
202300034828,155 618 850,B01,1,1,0,2,0,1,5,0.0
202300034828,155 618 851,A01,2,7,0,2,0,15,1,0.0
202300034829,155 618 849,A01,3,7,0,1,6,4,1,0.0
202300034830,155 618 848,A01,1,99,0,1,1,26,1,0.0
202300034831,155 618 847,A01,3,7,0,1,1,1,2,0.0
202300034832,155 618 845,A01,1,7,1,0,7,17,1,0.0
202300034832,155 618 846,B01,1,1,1,0,8,18,5,0.0
202300034833,155 618 843,A01,1,7,0,9,3,15,1,0.0
202300034833,155 618 844,B01,1,50,0,2,1,1,3,0.0
202300034834,155 618 841,B01,1,10,0,2,8,1,3,0.0
202300034834,155 618 842,A01,1,10,0,2,3,15,1,0.0
202300034835,155 618 839,B01,3,7,0,2,1,1,1,0.0
202300034835,155 618 840,A01,0,7,0,2,2,1,1,0.0
202300034836,155 618 837,B01,1,80,0,2,3,1,3,0.0
202300034836,155 618 838,A01,2,7,0,2,2,5,1,0.0
202300034837,155 618 835,B01,2,2,0,2,1,1,1,0.0
202300034837,155 618 836,A01,1,7,0,2,3,15,1,0.0
202300034838,155 618 833,B01,3,7,0,0,0,0,1,0.0
202300034838,155 618 834,A01,3,50,0,2,1,2,3,0.0
202300034839,155 618 832,A01,1,7,0,1,1,1,1,0.0
202300034840,155 618 831,A01,2,10,5,0,1,1,1,0.0
202300034841,155 618 828,B01,1,10,0,2,1,1,1,0.0
202300034841,155 618 829,A01,1,7,0,2,1,14,1,0.0
202300034842,155 618 826,B01,1,1,0,2,4,2,5,0.0
202300034842,155 618 827,A01,1,10,0,2,2,2,1,0.0
202300034843,155 618 824,A01,3,7,0,2,2,15,1,0.0
202300034843,155 618 825,B01,3,7,0,2,1,0,1,0.0
202300034844,155 618 822,A01,2,7,0,2,1,0,0,0.0
202300034844,155 618 823,B01,2,1,0,2,4,1,5,0.0
202300034845,155 618 820,B01,3,32,0,2,8,1,1,0.0
202300034845,155 618 821,Z01,0,10,0,2,0,0,0,0.0
202300034846,155 618 819,A01,2,7,0,1,1,26,1,0.0
202300034847,155 618 818,A01,1,7,0,1,1,1,1,0.0
202300034848,155 618 816,A01,2,50,0,2,1,1,3,0.0
202300034848,155 618 817,B01,2,7,0,9,8,1,1,0.0
202300034849,155 618 815,A01,2,10,2,0,2,14,1,0.0
202300034850,155 618 812,A01,1,7,0,2,3,17,1,0.0
202300034850,155 618 813,B01,1,7,0,2,8,1,1,0.0
202300034850,155 618 814,C01,2,7,0,2,1,1,3,0.0
202300034851,155 618 811,A01,2,7,0,1,1,26,1,0.0
202300034852,155 618 809,A01,1,7,0,2,2,1,1,0.0
202300034852,155 618 810,B01,2,7,0,2,6,1,1,0.0
202300034853,155 618 806,C01,2,7,0,2,4,1,1,0.0
202300034853,155 618 807,B01,2,7,0,2,4,1,1,0.0
202300034853,155 618 808,A01,2,7,0,2,1,1,1,0.0
202300034854,155 618 804,A01,2,7,0,2,2,15,1,0.0
202300034854,155 618 805,B01,1,2,0,2,1,1,1,0.0
202300034855,155 618 801,A01,2,7,0,1,3,9,1,0.0
202300034856,155 618 800,A01,3,7,0,1,3,15,1,0.0
202300034857,155 618 798,B01,3,1,0,2,1,1,5,0.0
202300034857,155 618 799,A01,3,7,0,9,3,26,1,0.0
202300034858,155 618 796,A01,1,10,0,2,6,9,0,0.0
202300034858,155 618 797,B01,1,50,0,2,1,1,3,0.0
202300034859,155 618 794,B01,3,7,0,2,7,0,1,0.0
202300034859,155 618 795,A01,3,7,0,2,1,1,1,0.0
202300034860,155 618 792,A01,1,33,0,2,1,17,1,0.0
202300034860,155 618 793,B01,1,31,0,2,1,1,1,0.0
202300034861,155 618 790,A01,1,7,0,2,1,13,1,0.0
202300034861,155 618 791,B01,2,7,0,2,1,1,1,0.0
202300034862,155 618 788,A01,1,7,0,2,2,5,1,0.0
202300034862,155 618 789,B01,2,7,0,2,7,21,1,0.0
202300034863,155 618 786,B01,1,1,0,0,8,19,5,0.0
202300034863,155 618 787,A01,1,7,0,2,2,1,1,0.0
202300034864,155 618 784,A01,1,2,0,2,2,14,1,0.0
202300034864,155 618 785,B01,2,7,0,2,1,0,1,0.0
202300034865,155 618 782,B01,1,7,0,2,3,15,1,0.0
202300034865,155 618 783,A01,1,21,0,2,2,26,1,0.0
202300034866,155 618 780,A01,2,7,0,2,1,1,1,0.0
202300034866,155 618 781,B01,0,7,0,2,8,15,1,0.0
202300034867,155 618 777,A01,2,7,0,2,9,13,1,0.0
202300034867,155 618 778,B01,1,7,0,2,3,1,1,0.0
202300034867,155 618 779,C01,1,7,0,2,9,2,1,0.0
202300034868,155 618 776,A01,0,7,0,0,9,1,1,0.0
202300034869,155 618 775,A01,3,7,0,1,2,1,1,0.0
202300034870,155 618 774,A01,2,31,9,0,2,26,1,0.0
202300034871,155 618 773,A01,2,10,3,0,3,1,1,0.0
202300034872,155 618 771,A01,2,7,0,2,3,17,1,0.0
202300034872,155 618 772,B01,1,7,0,2,3,1,1,0.0
202300034873,155 618 770,A01,2,33,8,0,1,1,1,0.0
202300034874,155 618 769,A01,3,7,10,0,3,0,1,0.0
202300034875,155 618 768,A01,2,33,0,0,0,0,1,0.0
202300034876,155 618 767,A01,2,7,6,0,1,1,0,0.0
202300034877,155 618 765,A01,1,10,0,2,7,19,1,0.0
202300034877,155 618 766,B01,1,7,0,2,1,1,1,0.0
202300034878,155 618 763,B01,2,7,0,2,1,15,1,0.0
202300034878,155 618 764,A01,1,2,0,2,7,5,1,0.0
202300034879,155 618 761,A01,1,33,0,2,1,1,1,0.0
202300034879,155 618 762,B01,0,7,0,2,1,1,0,0.0
202300034880,155 618 760,A01,2,31,0,6,1,1,1,0.0
202300034881,155 618 758,A01,1,31,0,2,3,1,1,0.0
202300034881,155 618 759,B01,2,7,0,2,3,15,1,0.0
202300034882,155 618 757,A01,1,33,0,0,7,1,1,0.0
202300034883,155 618 755,A01,2,7,6,0,1,1,0,0.0
202300034884,155 618 753,B01,2,33,0,2,0,5,0,0.0
202300034884,155 618 754,A01,1,7,0,2,3,1,1,0.0
202300034885,155 618 752,A01,2,7,13,0,2,14,1,0.0
202300034886,155 618 751,A01,1,7,2,0,1,1,1,0.0
202300034887,155 618 750,A01,1,10,8,0,8,0,6,0.0
202300034888,155 618 749,A01,2,7,13,0,3,1,1,0.0
202300034889,155 618 748,A01,0,7,0,1,3,1,1,0.0
202300034890,155 618 747,A01,2,7,0,0,1,0,1,0.0
202300034891,155 618 744,A01,1,7,0,2,3,0,1,0.0
202300034891,155 618 745,B01,2,7,0,2,6,1,1,0.0
202300034891,155 618 746,C01,2,7,0,2,1,1,1,0.0
202300034892,155 618 742,A01,1,7,0,2,7,19,1,0.0
202300034892,155 618 743,B01,2,7,0,2,1,1,2,0.0
202300034893,155 618 740,A01,2,7,0,2,2,13,1,0.0
202300034893,155 618 741,B01,1,7,0,2,2,0,1,0.0
202300034894,155 618 739,A01,1,7,0,0,8,26,1,0.0
202300034895,155 618 735,A01,1,7,0,2,1,16,1,0.0
202300034895,155 618 736,B01,2,1,0,2,1,5,5,0.0
202300034896,155 618 733,A01,1,14,0,0,0,1,1,0.0
202300034896,155 618 734,B01,1,7,3,0,1,1,1,0.0
202300034897,155 618 732,A01,1,10,0,1,1,1,0,0.0
202300034898,155 618 729,A01,2,10,0,0,0,1,1,0.0
202300034898,155 618 730,B01,2,33,0,9,1,1,1,0.0
202300034898,155 618 731,C01,2,7,0,9,1,1,2,0.0
202300034899,155 618 727,A01,1,32,0,2,1,17,1,0.0
202300034899,155 618 728,B01,1,7,0,0,3,15,1,0.0
202300034900,155 618 725,A01,3,7,0,2,3,1,1,0.0
202300034900,155 618 726,B01,0,2,0,2,1,5,1,0.0
202300034901,155 618 722,C01,1,2,0,0,0,0,1,0.0
202300034901,155 618 723,A01,1,7,0,0,2,0,1,0.0
202300034901,155 618 724,B01,2,31,0,2,2,0,1,0.0
202300034902,155 618 720,A01,1,7,0,2,1,17,1,0.0
202300034902,155 618 721,B01,2,7,0,2,1,1,2,0.0
202300034903,155 618 718,A01,2,7,0,2,1,1,1,0.0
202300034903,155 618 719,B01,2,7,0,2,8,1,1,0.0
202300034904,155 618 716,A01,1,33,12,2,3,13,1,0.0
202300034904,155 618 717,B01,2,7,0,2,3,1,1,0.0
202300034905,155 618 714,A01,1,7,0,2,8,13,1,0.0
202300034905,155 618 715,B01,2,7,0,2,1,1,2,0.0
202300034906,155 618 713,A01,0,7,6,0,1,0,1,0.0
202300034907,155 618 710,A01,2,7,0,2,3,13,1,0.0
202300034907,155 618 711,B01,1,7,0,2,3,1,1,0.0
202300034907,155 618 712,C01,1,7,0,2,8,1,1,0.0
202300034908,155 618 709,A01,0,7,0,1,1,1,0,0.0
202300034909,155 618 707,A01,2,10,0,2,1,13,1,0.0
202300034909,155 618 708,B01,1,7,0,2,1,1,1,0.0
202300034910,155 618 705,A01,1,33,0,2,1,2,1,0.0
202300034910,155 618 706,B01,1,7,0,0,6,2,1,0.0
202300034911,155 618 703,A01,3,7,0,2,1,13,1,0.0
202300034911,155 618 704,B01,3,33,0,2,8,21,1,0.0
202300034912,155 618 700,A01,1,7,0,2,3,0,1,0.0
202300034912,155 618 701,B01,2,7,0,2,3,5,1,0.0
202300034912,155 618 702,C01,1,34,5,2,1,0,1,0.0
202300034913,155 618 699,A01,2,10,0,1,2,1,0,0.0
202300034914,155 618 696,A01,1,7,0,2,3,13,1,0.0
202300034914,155 618 697,B01,2,7,0,2,1,1,1,0.0
202300034914,155 618 698,C01,2,7,0,9,1,1,1,0.0
202300034915,155 618 694,B01,3,7,0,2,8,13,1,0.0
202300034915,155 618 695,A01,3,7,0,2,8,0,1,0.0
202300034916,155 618 693,A01,2,15,2,0,7,14,1,0.0
202300034917,155 618 691,A01,2,7,0,2,3,15,1,0.0
202300034917,155 618 692,B01,2,33,0,2,1,0,1,0.0
202300034918,155 618 689,B01,2,33,0,2,1,2,1,0.0
202300034918,155 618 690,A01,2,7,0,2,8,15,1,0.0
202300034919,155 618 687,A01,1,7,0,2,3,1,1,0.0
202300034919,155 618 688,B01,1,7,0,2,1,1,1,0.0
202300034920,155 618 685,A01,3,1,0,0,3,1,5,0.0
202300034920,155 618 686,B01,3,7,0,9,2,15,1,0.0
202300034921,155 618 683,A01,1,33,6,0,9,1,1,0.0
202300034921,155 618 684,B01,2,7,0,0,1,1,1,0.0
202300034922,155 618 681,A01,1,7,0,0,6,15,1,0.0
202300034922,155 618 682,B01,1,2,0,2,0,17,1,0.0
202300034923,155 618 680,A01,0,7,9,0,2,15,1,0.0
202300034924,155 618 679,A01,3,7,8,2,2,1,1,0.0
202300034925,155 618 677,A01,1,7,0,2,4,1,1,0.0
202300034925,155 618 678,B01,1,33,0,2,1,1,1,0.0
202300034926,155 618 675,A01,2,7,0,2,7,12,1,0.0
202300034926,155 618 676,B01,2,33,0,2,8,2,1,0.0
202300034927,155 618 672,C01,2,7,3,2,4,2,1,0.0
202300034927,155 618 673,B01,2,7,3,2,4,2,1,0.0
202300034927,155 618 674,A01,2,7,3,2,1,2,1,0.0
202300034928,155 618 670,B01,2,17,0,2,2,1,1,0.0
202300034928,155 618 671,A01,2,7,0,2,8,26,1,0.0
202300034929,155 618 667,A01,1,7,0,2,1,2,1,0.0
202300034929,155 618 668,B01,1,7,0,2,4,2,1,0.0
202300034929,155 618 669,C01,1,10,0,2,4,2,1,0.0
202300034930,155 618 665,A01,1,10,0,2,1,11,0,0.0
202300034930,155 618 666,B01,1,7,0,2,4,12,0,0.0
202300034931,155 618 662,C01,2,7,0,2,1,2,1,0.0
202300034931,155 618 663,A01,2,7,0,2,4,2,1,0.0
202300034931,155 618 664,B01,2,7,0,2,4,2,1,0.0