num_acc,id_vehicule,num_veh,senc,catv,obs,obsm,choc,manv,motor,occutc
202300034932,155 618 660,B01,2,30,0,2,4,9,1,0.0
202300034932,155 618 661,A01,2,7,0,2,3,1,1,0.0
202300034933,155 618 657,A01,1,7,0,2,1,1,1,0.0
202300034933,155 618 658,B01,1,10,0,2,4,1,1,0.0
202300034933,155 618 659,C01,1,7,0,2,4,1,1,0.0
202300034934,155 618 653,A01,1,10,0,2,1,2,1,0.0
202300034934,155 618 654,B01,1,7,0,2,1,2,1,0.0
202300034934,155 618 655,C01,1,7,0,2,1,2,1,0.0
202300034934,155 618 656,D01,1,15,0,2,4,2,1,0.0
202300034935,155 618 651,A01,1,7,0,2,1,1,1,0.0
202300034935,155 618 652,B01,1,7,0,2,4,1,1,0.0
202300034936,155 618 649,A01,2,7,0,2,5,12,1,0.0
202300034936,155 618 650,B01,2,34,0,2,3,3,1,0.0
202300034937,155 618 647,A01,2,33,0,2,5,11,1,0.0
202300034937,155 618 648,Z01,2,7,0,2,3,1,0,0.0
202300034938,155 618 642,B01,2,10,0,2,4,2,1,0.0
202300034938,155 618 643,C01,2,7,0,2,4,2,1,0.0
202300034938,155 618 644,D01,2,7,0,2,4,2,1,0.0
202300034938,155 618 645,E01,2,7,0,2,4,2,1,0.0
202300034938,155 618 646,A01,2,10,0,2,1,2,1,0.0
202300034939,155 618 641,A01,1,38,2,0,1,14,1,3.0
202300034940,155 618 639,B01,2,33,0,2,2,2,1,0.0
202300034940,155 618 640,A01,2,7,0,2,6,23,1,0.0
202300034941,155 618 638,A01,1,31,0,0,8,17,1,0.0
202300034942,155 618 636,A01,2,10,0,2,2,2,1,0.0
202300034942,155 618 637,B01,2,7,0,2,6,2,1,0.0
202300034943,155 618 634,A01,3,7,0,1,4,1,1,0.0
202300034943,155 618 635,B01,3,7,0,2,1,1,1,0.0
202300034944,155 618 633,A01,1,50,0,1,1,25,3,0.0
202300034945,155 618 631,B01,2,32,0,2,1,3,0,0.0
202300034945,155 618 632,A01,1,7,0,9,1,15,1,0.0
202300034946,155 618 629,A01,2,7,0,2,7,17,1,0.0
202300034946,155 618 630,B01,2,1,0,2,8,1,0,0.0
202300034947,155 618 626,B01,0,1,0,2,7,1,5,0.0
202300034947,155 618 627,C01,0,7,0,2,5,16,1,0.0
202300034947,155 618 628,A01,0,7,0,2,1,16,1,0.0
202300034948,155 618 625,A01,0,7,13,0,1,15,1,0.0
202300034949,155 618 624,A01,2,7,0,1,3,1,1,0.0
202300034950,155 618 622,A01,1,31,0,2,1,1,1,0.0
202300034950,155 618 623,B01,2,7,0,2,5,1,1,0.0
202300034951,155 618 620,B01,1,7,0,2,8,1,1,0.0
202300034951,155 618 621,A01,1,7,7,2,1,19,1,0.0
202300034952,155 618 618,B01,1,43,0,2,1,1,1,0.0
202300034952,155 618 619,A01,1,7,0,0,0,1,2,0.0
202300034953,155 618 616,A01,1,7,0,2,4,23,1,0.0
202300034953,155 618 617,B01,1,10,0,2,1,2,1,0.0
202300034954,155 618 614,A01,1,7,0,2,1,15,1,0.0
202300034954,155 618 615,B01,2,33,12,0,2,0,1,0.0
202300034955,155 618 608,X01,2,7,0,2,0,9,0,0.0
202300034955,155 618 609,A01,2,50,0,2,0,0,3,0.0
202300034956,155 618 606,A01,3,7,1,2,3,15,1,0.0
202300034956,155 618 607,B01,3,33,1,0,1,1,1,0.0
202300034957,155 618 605,A01,1,36,0,0,1,1,0,0.0
202300034958,155 618 603,A01,1,99,0,2,7,12,1,0.0
202300034958,155 618 604,B01,1,31,0,2,8,1,1,0.0
202300034959,155 618 602,A01,0,7,2,0,1,0,1,0.0
202300034960,155 618 601,A01,1,7,0,1,1,1,2,0.0
202300034961,155 618 599,A01,1,13,0,2,1,2,1,0.0
202300034961,155 618 600,B01,1,13,0,2,4,2,1,0.0
202300034962,155 618 597,C01,3,1,0,2,1,1,5,0.0
202300034962,155 618 598,B01,3,10,0,2,6,23,1,0.0
202300034963,155 618 591,A01,3,7,0,1,4,4,1,0.0
202300034964,155 618 589,A01,0,10,0,2,4,2,1,0.0
202300034964,155 618 590,B01,0,33,0,2,1,2,1,0.0
202300034965,155 618 588,A01,0,50,0,0,0,14,3,0.0
202300034966,155 618 586,A01,0,33,0,2,2,1,1,0.0
202300034966,155 618 587,B01,0,7,0,2,4,1,1,0.0
202300034967,155 618 585,A01,1,7,12,0,1,0,1,0.0
202300034968,155 618 583,A01,2,99,0,2,3,1,1,0.0
202300034968,155 618 584,B01,2,99,0,2,8,2,6,0.0
202300034969,155 618 581,A01,3,7,0,2,3,15,1,0.0
202300034969,155 618 582,B01,3,1,0,2,7,15,5,0.0
202300034970,155 618 579,B01,2,7,0,2,2,1,1,0.0
202300034970,155 618 580,A01,1,2,0,2,1,1,1,0.0
202300034971,155 618 578,A01,2,10,0,1,1,1,1,0.0
202300034972,155 618 576,A01,2,7,0,2,7,14,1,0.0
202300034972,155 618 577,B01,2,50,0,2,1,1,3,0.0
202300034973,155 618 574,A01,2,7,0,2,2,15,3,0.0
202300034973,155 618 575,B01,1,7,0,2,3,1,1,0.0
202300034974,155 618 570,A01,1,33,0,2,1,17,1,0.0
202300034974,155 618 571,B01,1,7,0,2,3,15,1,0.0
202300034975,155 618 569,A01,2,7,0,1,2,26,1,0.0
202300034976,155 618 567,B01,3,1,0,2,7,14,5,0.0
202300034976,155 618 568,A01,2,7,0,2,8,9,1,0.0
202300034977,155 618 565,A01,2,10,0,2,6,19,1,0.0
202300034977,155 618 566,B01,1,2,0,2,1,17,1,0.0
202300034978,155 618 564,A01,3,30,0,0,1,1,1,0.0
202300034979,155 618 562,A01,2,31,0,2,1,17,1,0.0
202300034979,155 618 563,B01,3,7,0,2,3,19,1,0.0
202300034980,155 618 561,A01,2,30,12,0,3,1,1,0.0
202300034981,155 618 559,A01,3,7,0,2,3,9,1,0.0
202300034981,155 618 560,B01,3,32,0,2,8,2,1,0.0
202300034982,155 618 558,A01,1,7,0,1,1,1,1,0.0
202300034983,155 618 556,A01,2,7,0,2,1,1,1,0.0
202300034983,155 618 557,B01,2,7,7,0,4,23,1,0.0
202300034984,155 618 554,B01,2,30,1,2,1,1,1,0.0
202300034984,155 618 555,A01,3,7,1,2,4,4,1,0.0
202300034985,155 618 552,A01,2,33,0,2,7,17,1,0.0
202300034985,155 618 553,B01,2,7,0,2,8,15,1,0.0
202300034986,155 618 550,B01,1,7,0,2,8,15,1,0.0
202300034986,155 618 551,A01,1,33,0,2,1,2,1,0.0
202300034987,155 618 549,A01,3,7,9,0,1,1,1,0.0
202300034988,155 618 547,B01,2,7,0,2,3,20,1,0.0
202300034988,155 618 548,A01,2,50,0,2,3,17,3,0.0
202300034989,155 618 545,A01,3,7,0,2,5,16,1,0.0
202300034989,155 618 546,B01,3,37,0,2,1,1,1,2.0
202300034990,155 618 543,A01,1,7,0,2,1,1,1,0.0
202300034990,155 618 544,B01,1,7,0,2,3,0,1,0.0
202300034991,155 618 541,A01,2,7,0,2,7,15,1,0.0
202300034991,155 618 542,B01,1,33,0,2,1,1,1,0.0
202300034992,155 618 536,A01,2,7,0,1,8,21,1,0.0
202300034993,155 618 537,A01,3,7,0,2,5,14,1,0.0
202300034993,155 618 538,B01,3,31,0,2,3,1,1,0.0
202300034994,155 618 534,A01,2,31,0,0,0,14,1,0.0
202300034995,155 618 533,B01,2,30,0,2,8,2,1,0.0
202300034995,155 618 535,A01,1,7,0,2,1,15,1,0.0
202300034996,155 618 532,A01,1,30,0,0,7,15,1,0.0
202300034997,155 618 531,A01,2,43,11,9,1,1,1,0.0
202300034998,155 618 529,A01,2,38,0,1,1,1,1,1.0
202300034999,155 618 527,C01,2,7,0,2,4,23,1,0.0
202300034999,155 618 528,A01,2,7,0,2,1,1,1,0.0
202300034999,155 618 530,B01,2,7,0,2,4,1,1,0.0
202300035000,155 618 525,Z01,1,7,0,1,1,1,0,0.0
202300035001,155 618 524,B01,1,10,0,2,2,0,0,0.0
202300035001,155 618 526,A01,1,10,0,2,2,15,0,0.0
202300035002,155 618 523,Z01,1,7,0,1,1,1,0,0.0
202300035003,155 618 521,B01,1,17,0,2,1,1,1,0.0
202300035003,155 618 522,A01,2,7,0,2,1,13,1,0.0
202300035004,155 618 520,A01,3,37,0,1,1,7,1,1.0
202300035005,155 618 517,A01,2,7,0,1,3,0,1,0.0
202300035006,155 618 516,B01,3,10,0,2,1,1,1,0.0
202300035006,155 618 518,A01,3,7,0,2,2,15,1,0.0
202300035007,155 618 515,A01,3,7,2,0,2,1,1,0.0
202300035008,155 618 514,A01,1,7,0,1,2,1,1,0.0
202300035009,155 618 512,A01,3,7,3,0,1,1,1,0.0
202300035010,155 618 513,A01,1,7,0,1,1,1,1,0.0
202300035011,155 618 509,A01,1,7,0,2,3,15,1,0.0
202300035011,155 618 510,B01,1,34,0,2,1,17,1,0.0
202300035012,155 618 504,A01,1,7,0,2,3,15,1,0.0
202300035012,155 618 506,B01,2,60,0,2,4,1,5,0.0
202300035013,155 618 502,A01,1,7,0,2,7,0,1,0.0
202300035014,155 618 501,B01,3,7,0,2,1,1,1,0.0
202300035014,155 618 503,A01,3,7,0,2,3,15,1,0.0
202300035015,155 618 498,B01,3,7,0,2,3,15,1,0.0
202300035015,155 618 499,A01,3,7,0,2,3,1,1,0.0
202300035016,155 618 496,A01,2,10,0,2,1,1,1,0.0
202300035016,155 618 497,B01,2,2,0,2,4,1,1,0.0
202300035016,155 618 500,C01,2,7,0,2,4,1,1,0.0
202300035017,155 618 494,A01,2,7,13,0,1,1,2,0.0
202300035018,155 618 495,A01,1,7,7,1,1,21,1,0.0
202300035019,155 618 493,A01,1,37,0,1,1,14,1,1.0
202300035020,155 618 491,A01,2,7,0,2,1,2,1,0.0
202300035020,155 618 492,B01,2,15,0,2,6,23,1,0.0
202300035021,155 618 489,A01,1,7,0,2,1,26,1,0.0
202300035021,155 618 490,B01,1,1,0,0,0,0,5,0.0
202300035022,155 618 487,B01,2,7,0,2,3,16,1,0.0
202300035022,155 618 488,A01,1,2,0,2,1,25,1,0.0
202300035023,155 618 485,B01,1,7,0,2,1,1,1,0.0
202300035023,155 618 486,A01,1,10,0,2,1,5,1,0.0
202300035024,155 618 484,A01,1,7,0,1,1,1,1,0.0
202300035025,155 618 481,A01,1,7,0,2,5,9,1,0.0
202300035025,155 618 483,B01,1,33,0,2,8,1,1,0.0
202300035026,155 618 480,B01,1,30,0,2,2,1,1,0.0
202300035026,155 618 482,A01,1,7,0,2,2,5,1,0.0
202300035027,155 618 477,A01,2,10,0,1,1,2,1,0.0
202300035028,155 618 478,A01,0,7,0,2,2,9,1,0.0
202300035028,155 618 479,B01,0,14,0,2,6,9,1,0.0
202300035029,155 618 476,A01,3,7,0,6,1,0,1,0.0
202300035030,155 618 473,A01,3,7,0,2,1,1,1,0.0
202300035030,155 618 475,B01,3,7,0,2,8,15,1,0.0
202300035031,155 618 472,A01,3,7,0,2,3,15,1,0.0
202300035031,155 618 474,B01,3,31,0,2,1,1,1,0.0
202300035032,155 618 471,A01,2,10,0,1,3,1,1,0.0
202300035033,155 618 470,A01,1,7,0,1,5,15,1,0.0
202300035034,155 618 469,A01,2,7,8,0,0,19,1,0.0
202300035035,155 618 467,A01,1,33,0,2,8,17,1,0.0
202300035035,155 618 468,B01,1,7,0,2,8,15,1,0.0
202300035036,155 618 465,A01,2,7,0,2,1,1,1,0.0
202300035036,155 618 466,B01,1,15,0,2,3,1,1,0.0
202300035037,155 618 463,A01,1,7,0,2,1,5,1,0.0
202300035037,155 618 464,B01,2,7,0,2,1,1,1,0.0
202300035038,155 618 461,B01,2,33,0,2,3,9,1,0.0
202300035038,155 618 462,A01,2,7,0,2,2,9,1,0.0
202300035039,155 618 459,Z01,2,7,0,2,1,1,0,0.0
202300035039,155 618 460,B01,2,31,0,2,2,15,1,0.0
202300035040,155 618 457,A01,1,7,0,2,3,22,1,0.0
202300035040,155 618 458,B01,1,50,1,0,1,1,3,0.0
202300035041,155 618 456,A01,1,40,0,1,2,1,3,0.0
202300035042,155 618 454,B01,2,7,0,2,1,2,1,0.0
202300035042,155 618 455,A01,2,1,0,2,7,13,5,0.0
202300035043,155 618 452,A01,0,7,0,2,1,13,1,0.0
202300035043,155 618 453,B01,0,50,0,2,1,1,3,0.0
202300035044,155 618 450,B01,1,7,0,2,8,1,1,0.0
202300035044,155 618 451,A01,1,7,1,2,1,5,1,0.0
202300035045,155 618 447,A01,1,33,0,2,1,21,1,0.0
202300035045,155 618 448,B01,1,7,0,2,4,1,1,0.0
202300035046,155 618 445,A01,2,7,0,2,2,15,1,0.0
202300035046,155 618 446,B01,1,1,0,2,1,1,5,0.0
202300035047,155 618 444,A01,2,7,0,1,2,0,1,0.0
202300035048,155 618 442,A01,1,31,0,1,1,19,0,0.0
202300035049,155 618 441,A01,2,7,0,2,1,2,1,0.0
202300035049,155 618 443,B01,2,7,0,2,4,2,1,0.0
202300035050,155 618 440,A01,1,37,0,1,3,15,1,1.0
202300035051,155 618 439,A01,2,7,2,0,1,1,1,0.0
202300035052,155 618 437,B01,2,7,0,2,3,15,1,0.0
202300035052,155 618 438,A01,2,32,0,2,5,1,1,0.0
202300035053,155 618 435,A01,2,2,0,2,2,1,1,0.0
202300035053,155 618 436,B01,3,7,0,2,1,15,1,0.0
202300035054,155 618 434,A01,1,10,0,1,2,1,1,0.0
202300035055,155 618 433,A01,1,7,5,0,3,1,1,0.0
202300035056,155 618 430,A01,2,7,1,0,2,14,1,0.0
202300035056,155 618 431,B01,1,7,1,2,2,24,1,0.0
202300035056,155 618 432,C01,1,7,1,0,6,24,1,0.0
202300035057,155 618 428,A01,3,30,0,2,1,1,1,0.0
202300035057,155 618 429,B01,3,7,0,2,3,9,1,0.0
202300035058,155 618 427,A01,3,15,0,1,8,1,1,0.0
202300035059,155 618 426,A01,3,1,12,0,1,1,5,0.0
202300035060,155 618 425,A01,3,3,3,0,3,2,1,0.0
202300035061,155 618 422,A01,2,1,0,2,8,17,5,0.0
202300035061,155 618 424,B01,1,7,0,2,8,1,1,0.0
202300035062,155 618 421,B01,1,7,0,2,6,9,1,0.0
202300035062,155 618 423,A01,1,7,0,2,3,1,1,0.0
202300035063,155 618 419,A01,2,7,0,1,1,15,1,0.0
202300035064,155 618 418,A01,2,7,0,2,7,15,1,0.0
202300035064,155 618 420,B01,1,30,0,2,8,1,1,0.0
202300035065,155 618 415,A01,3,10,0,2,1,2,1,0.0
202300035065,155 618 417,B01,3,13,0,2,4,23,1,0.0
202300035066,155 618 414,A01,1,33,0,2,1,17,1,0.0
202300035066,155 618 416,B01,0,7,0,2,8,15,1,0.0
202300035067,155 618 412,A01,3,7,0,2,1,19,1,0.0
202300035067,155 618 413,B01,3,1,0,2,7,1,5,0.0
202300035068,155 618 410,A01,2,37,0,2,3,1,0,1.0
202300035068,155 618 411,B01,1,7,14,2,1,17,0,0.0
202300035069,155 618 406,C01,2,1,0,2,8,2,5,0.0
202300035069,155 618 408,A01,2,10,0,2,7,14,1,0.0
202300035069,155 618 409,B01,1,1,0,2,8,2,5,0.0
202300035070,155 618 405,A01,0,7,0,2,3,15,1,0.0
202300035070,155 618 407,B01,0,34,0,2,5,15,0,0.0
202300035071,155 618 403,A01,3,2,0,0,4,26,1,0.0
202300035072,155 618 402,B01,2,14,0,9,4,1,1,0.0
202300035072,155 618 404,A01,1,33,4,0,0,1,1,0.0
202300035073,155 618 400,A01,2,7,4,0,3,6,1,0.0
202300035074,155 618 399,A01,1,60,0,2,1,1,5,0.0
202300035074,155 618 401,B01,1,7,0,9,2,0,3,0.0
202300035075,155 618 398,A01,1,7,2,0,2,1,1,0.0
202300035076,155 618 392,A01,2,7,0,0,1,2,1,0.0
202300035076,155 618 393,B01,2,7,0,0,4,23,3,0.0
202300035077,155 618 394,B01,1,33,0,2,2,17,1,0.0
202300035077,155 618 395,A01,1,7,0,2,3,15,1,0.0
202300035078,155 618 388,A01,1,7,0,2,3,13,1,0.0
202300035078,155 618 390,B01,1,33,0,2,2,15,1,0.0
202300035079,155 618 386,A01,0,7,0,2,1,13,1,0.0
202300035079,155 618 387,B01,0,7,0,2,1,1,1,0.0
202300035080,155 618 385,A01,1,40,0,1,1,1,3,0.0
202300035081,155 618 383,B01,2,50,0,2,1,1,3,0.0
202300035081,155 618 384,A01,1,7,0,2,3,9,1,0.0
202300035082,155 618 381,A01,2,7,0,2,2,2,1,0.0
202300035082,155 618 382,B01,2,33,0,2,2,2,1,0.0
202300035083,155 618 379,B01,1,50,0,2,3,1,3,0.0
202300035083,155 618 380,A01,1,7,0,2,5,16,1,0.0
202300035084,155 618 377,A01,2,7,15,0,9,1,6,0.0
202300035085,155 618 376,B01,0,7,0,2,5,16,1,0.0
202300035085,155 618 378,A01,0,30,0,2,3,18,1,0.0
202300035086,155 618 375,A01,1,7,0,1,1,1,1,0.0
202300035087,155 618 374,A01,1,17,0,1,2,0,1,0.0
202300035088,155 618 372,A01,1,2,0,2,1,1,1,0.0
202300035088,155 618 373,B01,1,7,0,2,4,1,1,0.0
202300035089,155 618 370,B01,2,37,0,2,4,23,3,1.0
202300035089,155 618 371,A01,2,1,0,2,1,12,5,0.0
202300035090,155 618 368,B01,3,7,0,2,4,1,1,0.0
202300035090,155 618 369,A01,3,7,0,2,1,1,1,0.0
202300035091,155 618 367,A01,1,10,0,1,6,4,3,0.0
202300035092,155 618 365,A01,1,7,0,2,7,16,1,0.0
202300035092,155 618 366,B01,1,7,0,2,1,14,1,0.0
202300035093,155 618 363,B01,2,34,0,2,7,1,1,0.0
202300035093,155 618 364,A01,2,7,0,2,8,22,2,0.0
202300035094,155 618 361,B01,0,33,0,2,4,2,1,0.0
202300035094,155 618 362,A01,1,7,0,2,1,2,1,0.0
202300035095,155 618 359,A01,1,1,0,2,8,1,5,0.0
202300035095,155 618 360,B01,1,30,0,2,1,1,0,0.0
202300035096,155 618 357,B01,1,7,0,2,1,23,1,0.0
202300035096,155 618 358,A01,2,7,0,2,1,6,1,0.0
202300035097,155 618 355,B01,1,7,0,2,2,15,1,0.0
202300035097,155 618 356,A01,1,30,0,2,1,16,1,0.0
202300035098,155 618 353,B01,1,10,0,2,7,19,1,0.0
202300035098,155 618 354,A01,1,7,0,2,1,19,1,0.0
202300035099,155 618 350,A01,1,10,0,2,7,12,1,0.0
202300035099,155 618 351,B01,1,2,0,2,9,1,1,0.0
202300035100,155 618 349,A01,1,30,0,1,2,17,3,0.0
202300035101,155 618 348,A01,0,7,6,0,1,19,1,0.0
202300035102,155 618 346,B01,1,80,0,2,8,1,3,0.0
202300035102,155 618 347,Z01,2,7,0,2,3,14,1,0.0
202300035103,155 618 345,A01,1,7,0,1,1,1,1,0.0
202300035104,155 618 342,A01,1,7,0,0,8,1,1,0.0
202300035105,155 618 343,A01,2,80,0,2,4,1,3,0.0
202300035105,155 618 344,Z01,2,37,0,2,2,14,0,1.0
202300035106,155 618 340,A01,1,7,0,1,1,15,1,0.0
202300035107,155 618 339,Z01,2,30,0,2,1,1,1,0.0
202300035107,155 618 341,A01,1,1,0,2,8,1,5,0.0
202300035108,155 618 337,B01,0,7,0,2,1,1,0,0.0
202300035108,155 618 338,A01,0,10,0,2,1,13,0,0.0
202300035109,155 618 336,A01,3,32,0,1,1,1,1,0.0
202300035110,155 618 335,A01,1,7,13,0,1,14,1,0.0
202300035111,155 618 334,A01,1,30,0,0,8,1,3,0.0
202300035112,155 618 333,A01,1,30,0,1,1,1,3,0.0
202300035113,155 618 331,B01,2,7,0,2,1,1,1,0.0
202300035113,155 618 332,A01,1,7,0,2,1,13,1,0.0
202300035114,155 618 330,A01,1,7,3,0,2,1,1,0.0
202300035115,155 618 329,A01,2,50,0,1,1,16,3,0.0
202300035116,155 618 327,A01,1,33,0,1,1,1,1,0.0
202300035117,155 618 325,B01,1,1,0,2,1,1,5,0.0
202300035117,155 618 326,A01,1,1,0,2,1,13,5,0.0
202300035118,155 618 324,A01,3,7,2,0,1,20,1,0.0
202300035119,155 618 319,A01,0,7,0,2,1,15,1,0.0
202300035119,155 618 323,B01,0,34,0,2,1,0,1,0.0
202300035120,155 618 318,D01,3,7,0,2,4,2,1,0.0
202300035120,155 618 320,C01,3,7,0,2,4,2,1,0.0
202300035120,155 618 321,A01,3,10,0,2,1,2,1,0.0
202300035120,155 618 322,B01,3,7,0,2,4,2,1,0.0
202300035121,155 618 317,A01,1,7,1,0,3,13,1,0.0
202300035122,155 618 316,A01,0,7,0,1,1,2,1,0.0
202300035123,155 618 314,A01,3,10,0,2,4,4,6,0.0
202300035123,155 618 315,B01,3,1,0,2,1,1,5,0.0
202300035124,155 618 312,A01,1,7,0,2,3,15,1,0.0
202300035124,155 618 313,B01,2,7,0,2,1,1,1,0.0
202300035125,155 618 310,A01,1,33,14,2,1,2,1,0.0
202300035125,155 618 311,B01,1,7,0,2,4,0,1,0.0
202300035126,155 618 308,A01,1,7,0,2,8,15,1,0.0
202300035126,155 618 309,B01,1,33,0,2,2,17,1,0.0
202300035127,155 618 305,A01,3,7,0,2,1,2,1,0.0
202300035127,155 618 306,B01,3,7,0,2,4,2,1,0.0
202300035128,155 618 303,A01,0,32,0,2,7,17,1,0.0
202300035128,155 618 304,B01,0,7,0,2,8,1,1,0.0
202300035129,155 618 302,A01,0,7,0,1,7,1,1,0.0
202300035130,155 618 299,C01,1,7,0,2,1,1,1,0.0
202300035130,155 618 300,B01,1,7,0,2,3,1,1,0.0
202300035130,155 618 301,A01,2,7,0,2,3,13,2,0.0
202300035131,155 618 292,Z01,1,7,0,1,0,2,0,0.0
202300035132,155 618 291,A01,2,7,0,1,3,15,1,0.0
202300035133,155 618 289,B01,1,7,0,2,4,1,1,0.0
202300035133,155 618 290,A01,1,7,0,2,1,1,1,0.0
202300035134,155 618 288,A01,1,7,3,0,3,13,1,0.0
202300035135,155 618 286,A01,3,7,0,2,3,19,1,0.0
202300035135,155 618 287,B01,1,7,0,2,3,1,1,0.0
202300035136,155 618 285,A01,2,14,0,1,1,1,1,0.0
202300035137,155 618 284,A01,1,10,0,0,0,1,1,0.0
202300035138,155 618 282,A01,0,7,0,0,0,0,1,0.0
202300035138,155 618 283,B01,3,7,0,0,0,0,1,0.0
202300035139,155 618 280,B01,3,7,0,2,7,19,1,0.0
202300035139,155 618 281,A01,0,7,0,2,1,19,1,0.0
202300035140,155 618 278,B01,3,10,0,2,3,1,1,0.0
202300035140,155 618 279,A01,3,7,0,2,7,6,1,0.0
202300035141,155 618 277,A01,3,7,0,1,3,15,1,0.0
202300035142,155 618 275,B01,2,7,0,2,4,2,1,0.0
202300035142,155 618 276,A01,2,7,0,2,1,2,1,0.0
202300035143,155 618 273,A01,3,7,0,2,1,1,1,0.0
202300035143,155 618 274,B01,1,7,0,2,2,9,1,0.0
202300035144,155 618 270,A01,3,7,0,2,1,1,1,0.0
202300035144,155 618 271,B01,3,7,0,2,4,1,1,0.0
202300035144,155 618 272,C01,3,10,0,2,4,1,1,0.0
202300035145,155 618 268,A01,3,7,0,2,7,1,1,0.0
202300035145,155 618 269,B01,3,7,0,2,1,1,1,0.0
202300035146,155 618 264,B01,2,7,0,2,4,2,1,0.0
202300035146,155 618 265,A01,2,7,0,2,1,2,1,0.0
202300035146,155 618 266,C01,2,7,0,2,4,2,1,0.0
202300035146,155 618 267,D01,2,7,0,2,4,2,1,0.0
202300035147,155 618 260,A01,1,32,0,2,1,3,1,0.0
202300035147,155 618 261,B01,1,32,0,2,4,3,1,0.0
202300035147,155 618 262,C01,1,33,0,2,4,3,1,0.0
202300035148,155 618 259,A01,2,1,0,1,8,1,5,0.0
202300035149,155 618 257,A01,1,37,0,2,5,13,3,1.0
202300035149,155 618 258,B01,1,32,0,2,8,15,3,0.0
202300035150,155 618 255,B01,1,7,0,2,3,1,2,0.0
202300035150,155 618 256,A01,1,10,0,2,2,12,0,0.0
202300035151,155 618 254,A01,1,50,0,1,2,1,3,0.0
202300035152,155 618 253,A01,3,7,0,1,6,1,2,0.0
202300035153,155 618 252,A01,3,7,0,1,2,16,1,0.0
202300035154,155 618 251,Z01,2,10,0,1,1,15,1,0.0
202300035155,155 618 249,A01,1,7,0,2,4,1,1,0.0
202300035155,155 618 250,B01,1,7,0,2,1,1,1,0.0
202300035156,155 618 248,A01,1,30,0,0,0,17,1,0.0
202300035157,155 618 247,A01,2,37,4,0,2,1,3,1.0
202300035158,155 618 246,A01,1,30,0,0,0,21,1,0.0
202300035159,155 618 245,A01,2,1,0,1,1,1,5,0.0
202300035160,155 618 244,A01,2,1,0,0,0,1,5,0.0
202300035161,155 618 242,A01,2,30,0,2,1,18,1,0.0
202300035161,155 618 243,B01,2,13,0,2,5,23,1,0.0
202300035162,155 618 241,A01,2,33,0,1,1,1,1,0.0
202300035163,155 618 239,B01,1,32,0,2,2,15,1,0.0
202300035163,155 618 240,A01,2,1,0,2,8,7,5,0.0
202300035164,155 618 237,A01,1,10,0,2,4,1,1,0.0
202300035164,155 618 238,B01,1,7,0,2,2,1,1,0.0
202300035165,155 618 235,B01,1,7,0,2,4,2,1,0.0
202300035165,155 618 236,A01,1,7,0,2,1,2,1,0.0
202300035166,155 618 233,B01,3,7,0,2,1,17,1,0.0
202300035166,155 618 234,A01,3,7,0,2,4,23,1,0.0
202300035167,155 618 231,B01,1,50,0,2,8,1,3,0.0
202300035167,155 618 232,A01,2,7,0,9,8,15,1,0.0
202300035168,155 618 230,A01,1,7,0,1,3,15,1,0.0
202300035169,155 618 229,A01,1,36,0,1,1,1,1,0.0
202300035170,155 618 227,C01,1,7,0,2,3,15,0,0.0
202300035170,155 618 228,A01,1,13,1,2,2,1,1,0.0
202300035171,155 618 225,B01,1,30,0,2,1,1,1,0.0
202300035171,155 618 226,A01,1,30,0,2,7,15,1,0.0
202300035172,155 618 223,B01,3,7,0,2,3,0,0,0.0
202300035172,155 618 224,A01,3,7,0,2,2,1,0,0.0
202300035173,155 618 221,B01,1,33,0,2,1,1,1,0.0
202300035173,155 618 222,A01,1,7,0,2,3,10,1,0.0
202300035174,155 618 219,A01,1,7,0,2,8,10,0,0.0
202300035174,155 618 220,B01,2,10,0,2,1,1,0,0.0
202300035175,155 618 217,A01,1,7,0,2,2,1,1,0.0
202300035175,155 618 218,B01,1,31,0,2,1,1,1,0.0
202300035176,155 618 216,A01,1,10,0,1,1,1,1,0.0
202300035177,155 618 214,B01,1,34,0,2,1,16,1,0.0
202300035177,155 618 215,A01,1,7,0,2,5,15,1,0.0
202300035178,155 618 212,A01,1,7,8,2,8,6,1,0.0
202300035178,155 618 213,B01,2,7,0,2,8,1,1,0.0
202300035179,155 618 211,A01,1,99,0,1,4,4,1,0.0
202300035180,155 618 210,A01,2,7,15,0,2,1,1,0.0
202300035181,155 618 208,A01,2,2,0,2,5,26,1,0.0
202300035181,155 618 209,B01,1,7,0,2,3,16,1,0.0
202300035182,155 618 207,A01,1,7,4,0,1,1,1,0.0
202300035183,155 618 204,A01,1,7,0,1,3,11,1,0.0
202300035184,155 618 202,A01,2,7,0,2,4,1,1,0.0
202300035184,155 618 203,B01,2,7,0,2,1,1,1,0.0
202300035185,155 618 201,A01,2,14,4,0,1,1,1,0.0
202300035186,155 618 199,A01,2,10,0,2,4,2,1,0.0
202300035186,155 618 200,B01,2,10,0,2,1,2,1,0.0
202300035187,155 618 198,A01,2,31,0,0,8,2,1,0.0
202300035188,155 618 195,A01,2,7,0,2,4,1,1,0.0
202300035188,155 618 196,B01,2,10,0,2,4,2,1,0.0
202300035188,155 618 197,C01,2,10,0,2,1,2,1,0.0
202300035189,155 618 192,C01,1,7,0,2,4,2,1,0.0
202300035189,155 618 193,B01,1,7,0,2,4,2,1,0.0
202300035189,155 618 194,A01,1,10,0,2,1,11,1,0.0