num_acc,id_vehicule,num_veh,senc,catv,obs,obsm,choc,manv,motor,occutc
202300035443,155 617 746,B01,2,7,0,2,4,1,1,0.0
202300035443,155 617 747,A01,2,2,0,2,1,1,1,0.0
202300035444,155 617 744,B01,1,33,0,2,8,3,1,0.0
202300035444,155 617 745,A01,1,7,0,2,7,12,1,0.0
202300035445,155 617 741,A01,2,7,0,2,1,2,0,0.0
202300035445,155 617 742,B01,2,13,0,2,4,2,0,0.0
202300035446,155 617 740,A01,1,7,0,2,1,15,1,0.0
202300035446,155 617 743,B01,2,2,0,2,7,1,1,0.0
202300035447,155 617 737,A01,1,10,0,1,2,1,1,0.0
202300035448,155 617 736,A01,2,7,0,2,1,2,1,0.0
202300035448,155 617 738,B01,2,10,0,2,7,14,1,0.0
202300035448,155 617 739,C01,2,15,0,2,8,1,1,0.0
202300035449,155 617 734,A01,2,31,0,0,0,21,1,0.0
202300035450,155 617 733,A01,3,7,0,2,1,1,1,0.0
202300035450,155 617 735,B01,0,1,0,2,8,1,5,0.0
202300035451,155 617 732,A01,2,7,4,0,3,2,1,0.0
202300035452,155 617 731,A01,2,7,0,0,1,13,1,0.0
202300035453,155 617 730,A01,1,31,0,2,0,1,1,0.0
202300035454,155 617 729,A01,1,7,8,0,1,14,1,0.0
202300035455,155 617 727,B01,1,7,0,2,2,1,1,0.0
202300035455,155 617 728,A01,1,7,0,2,3,11,1,0.0
202300035456,155 617 724,B01,2,33,0,2,8,3,1,0.0
202300035456,155 617 726,Z01,2,10,0,2,0,0,0,0.0
202300035457,155 617 723,B01,3,7,0,2,3,0,1,0.0
202300035457,155 617 725,A01,3,7,0,2,2,9,1,0.0
202300035458,155 617 720,A01,2,33,0,2,2,1,1,0.0
202300035458,155 617 721,B01,2,7,0,2,6,1,1,0.0
202300035458,155 617 722,C01,2,7,0,2,4,1,1,0.0
202300035459,155 617 718,A01,2,7,4,0,0,0,1,0.0
202300035460,155 617 719,A01,2,7,0,1,1,1,1,0.0
202300035461,155 617 717,A01,2,7,3,0,0,0,1,0.0
202300035462,155 617 715,A01,0,7,0,2,1,26,0,0.0
202300035462,155 617 716,B01,0,1,0,2,7,19,5,0.0
202300035463,155 617 713,A01,1,10,0,2,3,1,1,0.0
202300035463,155 617 714,B01,1,10,0,2,3,1,1,0.0
202300035464,155 617 712,A01,1,7,8,0,1,1,1,0.0
202300035465,155 617 708,A01,1,7,6,0,1,21,1,0.0
202300035466,155 617 706,B01,1,2,0,2,1,1,1,0.0
202300035466,155 617 707,A01,1,7,0,2,3,1,1,0.0
202300035467,155 617 704,B01,2,30,0,2,1,13,1,0.0
202300035467,155 617 705,A01,2,0,0,2,3,15,0,0.0
202300035468,155 617 695,A01,1,7,0,2,1,1,1,0.0
202300035468,155 617 698,B01,1,7,0,2,4,1,1,0.0
202300035468,155 617 701,C01,1,7,0,2,4,1,1,0.0
202300035469,155 617 696,C01,0,7,1,0,5,24,1,0.0
202300035469,155 617 700,D01,0,7,1,1,7,24,1,0.0
202300035469,155 617 702,A01,2,7,1,1,2,16,1,0.0
202300035469,155 617 703,B01,3,7,1,0,5,24,1,0.0
202300035470,155 617 694,C01,3,7,15,2,1,1,1,0.0
202300035470,155 617 697,B01,3,7,8,2,6,1,1,0.0
202300035470,155 617 699,A01,3,7,0,2,1,15,1,0.0
202300035471,155 617 692,A01,1,7,16,0,1,1,1,0.0
202300035472,155 617 691,B01,3,50,0,2,1,1,3,0.0
202300035472,155 617 693,A01,1,7,0,9,1,16,1,0.0
202300035473,155 617 690,A01,2,7,1,0,2,1,1,0.0
202300035474,155 617 688,A01,0,7,2,0,1,21,1,0.0
202300035475,155 617 685,A01,1,7,0,2,2,14,1,0.0
202300035475,155 617 687,B01,1,7,0,2,6,2,1,0.0
202300035475,155 617 689,C01,1,7,0,2,7,2,1,0.0
202300035476,155 617 682,A01,1,7,14,0,1,17,1,0.0
202300035476,155 617 684,B01,1,7,0,2,4,23,1,0.0
202300035476,155 617 686,C01,1,7,0,2,4,23,1,0.0
202300035477,155 617 679,A01,1,32,0,2,1,2,1,0.0
202300035477,155 617 681,B01,1,7,0,2,5,2,2,0.0
202300035478,155 617 680,A01,1,7,0,2,8,15,1,0.0
202300035478,155 617 683,B01,1,34,0,2,2,17,1,0.0
202300035479,155 617 675,A01,2,10,4,0,9,26,1,0.0
202300035480,155 617 674,A01,1,7,0,2,2,2,0,0.0
202300035480,155 617 676,B01,1,7,0,2,4,2,1,0.0
202300035481,155 617 673,A01,1,7,0,2,1,1,1,0.0
202300035481,155 617 677,C01,1,7,0,2,1,1,1,0.0
202300035481,155 617 678,B01,1,7,0,2,4,1,1,0.0
202300035482,155 617 671,A01,0,50,0,0,0,0,3,0.0
202300035483,155 617 668,A01,1,10,0,2,1,2,3,0.0
202300035483,155 617 670,C01,2,7,0,2,4,2,1,0.0
202300035483,155 617 672,B01,1,7,0,2,4,2,1,0.0
202300035484,155 617 667,A01,0,0,0,9,9,21,0,0.0
202300035485,155 617 666,A01,1,2,0,2,1,13,1,0.0
202300035485,155 617 669,B01,1,7,0,2,1,1,1,0.0
202300035486,155 617 662,A01,1,7,0,2,1,2,1,0.0
202300035486,155 617 664,B01,1,10,0,2,4,2,1,0.0
202300035487,155 617 660,A01,1,7,6,1,8,1,1,0.0
202300035487,155 617 665,B01,2,7,0,2,1,1,1,0.0
202300035488,155 617 661,A01,2,33,0,0,1,1,1,0.0
202300035488,155 617 663,B01,2,7,0,0,4,2,1,0.0
202300035489,155 617 658,A01,3,10,0,1,4,23,1,0.0
202300035490,155 617 656,B01,2,2,0,2,4,1,3,0.0
202300035490,155 617 657,A01,2,7,8,2,3,17,1,0.0
202300035491,155 617 655,A01,2,7,0,2,1,2,1,0.0
202300035491,155 617 659,B01,2,7,0,2,4,2,1,0.0
202300035492,155 617 653,A01,1,7,0,1,2,1,2,0.0
202300035493,155 617 652,A01,2,7,1,0,2,14,1,0.0
202300035493,155 617 654,B01,1,7,0,2,8,23,1,0.0
202300035494,155 617 651,A01,3,7,0,1,1,1,1,0.0
202300035495,155 617 647,A01,3,7,1,0,2,1,1,0.0
202300035496,155 617 646,A01,2,7,0,2,3,22,1,0.0
202300035496,155 617 648,B01,2,80,0,2,7,1,3,0.0
202300035497,155 617 645,A01,2,7,0,2,1,15,1,0.0
202300035497,155 617 649,B01,1,7,0,2,1,1,1,0.0
202300035497,155 617 650,C01,2,7,0,2,3,23,1,0.0
202300035498,155 617 642,A01,3,30,0,2,8,18,1,0.0
202300035498,155 617 644,B01,3,7,0,2,1,1,1,0.0
202300035499,155 617 639,C01,1,7,0,2,4,23,2,0.0
202300035499,155 617 640,A01,1,7,0,2,1,1,1,0.0
202300035499,155 617 643,B01,1,7,0,2,4,23,1,0.0
202300035500,155 617 637,A01,2,32,0,1,1,1,1,0.0
202300035501,155 617 636,A01,1,7,4,0,2,0,3,0.0
202300035502,155 617 634,A01,1,50,0,1,1,25,3,0.0
202300035503,155 617 632,A01,2,7,0,2,1,13,1,0.0
202300035503,155 617 635,B01,1,7,0,2,1,1,1,0.0
202300035504,155 617 631,Z01,0,7,1,1,0,1,1,0.0
202300035505,155 617 627,A01,0,7,0,2,4,23,1,0.0
202300035505,155 617 629,B01,0,7,0,2,1,2,1,0.0
202300035506,155 617 628,A01,0,7,0,2,2,26,1,0.0
202300035506,155 617 630,B01,0,80,0,2,1,2,3,0.0
202300035507,155 617 626,A01,1,7,8,1,2,1,2,0.0
202300035508,155 617 625,A01,3,43,0,1,1,1,1,0.0
202300035509,155 617 621,A01,0,33,0,1,2,1,1,0.0
202300035510,155 617 619,A01,3,1,0,2,2,19,5,0.0
202300035510,155 617 620,B01,3,37,0,2,2,1,1,1.0
202300035511,155 617 617,B01,3,30,0,2,1,9,1,0.0
202300035511,155 617 618,A01,3,30,0,2,3,9,1,0.0
202300035512,155 617 614,A01,2,10,0,2,2,16,1,0.0
202300035512,155 617 616,B01,2,1,0,2,3,1,5,0.0
202300035513,155 617 611,A01,0,7,0,2,1,15,1,0.0
202300035513,155 617 612,B01,0,7,15,2,1,1,1,0.0
202300035514,155 617 609,B01,2,7,0,2,6,23,1,0.0
202300035514,155 617 610,A01,2,1,1,0,1,1,5,0.0
202300035515,155 617 607,A01,2,37,0,1,3,26,0,1.0
202300035516,155 617 608,A01,3,30,6,0,1,1,3,0.0
202300035517,155 617 606,A01,2,80,0,1,1,1,3,0.0
202300035518,155 617 601,A01,2,10,0,2,1,2,1,0.0
202300035518,155 617 603,B01,2,43,0,2,4,2,1,0.0
202300035518,155 617 605,C01,2,7,0,2,4,2,1,0.0
202300035519,155 617 599,C01,1,2,0,2,3,1,1,0.0
202300035519,155 617 600,B01,1,2,0,2,8,19,0,0.0
202300035520,155 617 596,A01,3,7,0,2,1,2,1,0.0
202300035520,155 617 597,B01,3,7,14,2,1,2,1,0.0
202300035520,155 617 598,C01,3,7,14,2,4,2,1,0.0
202300035521,155 617 594,A01,1,7,0,2,3,1,2,0.0
202300035521,155 617 595,B01,1,43,0,2,1,1,1,0.0
202300035522,155 617 592,A01,1,7,0,1,1,1,1,0.0
202300035523,155 617 591,A01,2,30,1,2,1,17,1,0.0
202300035523,155 617 593,B01,2,7,0,2,3,15,1,0.0
202300035524,155 617 588,A01,2,50,0,2,1,2,3,0.0
202300035524,155 617 590,Z01,1,1,0,2,2,1,5,0.0
202300035525,155 617 586,A01,2,7,0,2,1,2,1,0.0
202300035525,155 617 587,B01,2,7,0,2,4,2,1,0.0
202300035526,155 617 584,A01,0,7,0,2,1,1,1,0.0
202300035526,155 617 585,B01,0,7,0,2,1,1,1,0.0
202300035526,155 617 589,C01,0,7,0,2,4,1,1,0.0
202300035527,155 617 580,A01,2,7,0,2,8,22,1,0.0
202300035527,155 617 583,B01,2,32,0,2,1,18,1,0.0
202300035528,155 617 581,A01,3,7,0,2,4,15,1,0.0
202300035528,155 617 582,B01,1,30,0,2,1,1,1,0.0
202300035529,155 617 578,A01,2,7,0,2,1,2,1,0.0
202300035529,155 617 579,B01,2,7,0,2,4,2,1,0.0
202300035530,155 617 577,A01,1,10,0,1,2,1,1,0.0
202300035531,155 617 576,A01,3,7,0,1,1,20,1,0.0
202300035532,155 617 575,A01,1,7,13,0,7,1,1,0.0
202300035533,155 617 573,A01,2,7,0,1,7,14,3,0.0
202300035534,155 617 570,A01,2,7,0,2,1,1,1,0.0
202300035534,155 617 572,B01,1,7,1,2,4,15,0,0.0
202300035535,155 617 571,C01,1,7,0,0,0,15,0,0.0
202300035535,155 617 574,A01,1,30,1,0,5,21,1,0.0
202300035536,155 617 568,Z01,1,7,0,2,7,1,0,0.0
202300035536,155 617 569,A01,1,33,0,2,8,18,1,0.0
202300035537,155 617 565,A01,1,7,0,2,2,0,1,0.0
202300035537,155 617 567,B01,1,1,0,2,1,1,5,0.0
202300035538,155 617 563,T01,3,50,0,2,1,19,3,0.0
202300035538,155 617 566,A01,3,37,0,2,0,0,1,1.0
202300035539,155 617 562,B01,1,32,0,2,3,1,1,0.0
202300035539,155 617 564,A01,1,7,0,2,3,1,1,0.0
202300035540,155 617 560,A01,1,30,0,2,1,26,6,0.0
202300035540,155 617 561,B01,3,10,0,2,3,26,1,0.0
202300035541,155 617 559,A01,1,10,0,1,2,19,1,0.0
202300035542,155 617 557,A01,2,31,0,2,1,1,1,0.0
202300035542,155 617 558,B01,1,38,0,2,7,15,0,1.0
202300035543,155 617 554,A01,2,7,0,2,3,15,1,0.0
202300035543,155 617 556,B01,2,2,0,2,7,1,1,0.0
202300035544,155 617 553,A01,1,10,1,0,3,1,1,0.0
202300035545,155 617 552,B01,3,1,0,2,2,0,5,0.0
202300035545,155 617 555,A01,3,7,0,9,3,1,0,0.0
202300035546,155 617 550,A01,1,31,1,0,0,1,1,0.0
202300035547,155 617 549,B01,1,80,0,2,3,1,3,0.0
202300035547,155 617 551,A01,1,14,0,2,5,16,1,0.0
202300035548,155 617 548,A01,3,7,0,1,3,16,1,0.0
202300035549,155 617 545,B01,1,1,0,2,0,0,5,0.0
202300035549,155 617 547,A01,1,32,0,2,1,1,1,0.0
202300035550,155 617 544,B01,1,10,8,2,2,15,1,0.0
202300035550,155 617 546,A01,2,10,0,2,0,16,1,0.0
202300035551,155 617 542,B01,3,1,0,2,1,17,5,0.0
202300035551,155 617 543,A01,2,37,0,2,3,9,1,1.0
202300035552,155 617 539,A01,1,7,0,2,6,26,1,0.0
202300035552,155 617 541,B01,1,31,0,2,0,26,1,0.0
202300035553,155 617 536,B01,1,39,1,0,1,0,0,0.0
202300035553,155 617 537,A01,3,7,12,4,1,10,0,0.0
202300035554,155 617 534,B01,3,1,0,2,0,0,5,0.0
202300035554,155 617 535,A01,3,7,0,2,1,2,1,0.0
202300035555,155 617 532,A01,1,7,0,2,1,13,1,0.0
202300035555,155 617 533,B01,2,7,0,2,1,1,1,0.0
202300035556,155 617 530,A01,3,2,0,2,1,2,3,0.0
202300035556,155 617 531,B01,3,7,0,2,4,23,1,0.0
202300035557,155 617 527,A01,1,60,0,2,1,2,5,0.0
202300035557,155 617 529,B01,1,7,0,0,0,0,1,0.0
202300035558,155 617 528,A01,3,7,0,1,1,15,1,0.0
202300035559,155 617 526,A01,3,7,0,1,1,1,1,0.0
202300035560,155 617 525,A01,1,7,0,1,1,17,1,0.0
202300035561,155 617 524,A01,1,50,12,0,1,11,3,0.0
202300035562,155 617 522,B01,0,50,0,2,8,19,3,0.0
202300035562,155 617 523,A01,0,7,0,2,2,1,1,0.0
202300035563,155 617 520,A01,1,50,0,1,8,1,3,0.0
202300035564,155 617 519,B01,1,34,0,2,2,17,0,0.0
202300035564,155 617 521,A01,1,7,0,2,6,13,1,0.0
202300035565,155 617 513,B01,2,7,0,2,4,2,3,0.0
202300035565,155 617 516,C01,2,7,0,2,4,2,1,0.0
202300035565,155 617 517,A01,2,7,0,2,1,2,1,0.0
202300035565,155 617 518,D01,2,7,0,2,4,2,1,0.0
202300035566,155 617 512,A01,1,7,0,2,2,15,1,0.0
202300035566,155 617 515,B01,1,50,0,2,1,1,3,0.0
202300035567,155 617 510,B01,2,1,0,2,8,2,5,0.0
202300035567,155 617 511,A01,2,7,0,2,5,1,0,0.0
202300035568,155 617 514,A01,3,32,0,1,1,1,0,0.0
202300035569,155 617 508,B01,3,1,0,2,1,1,5,0.0
202300035569,155 617 509,A01,3,7,0,2,3,9,1,0.0
202300035570,155 617 506,B01,1,7,0,2,3,1,0,0.0
202300035570,155 617 507,A01,2,10,0,2,2,15,0,0.0
202300035571,155 617 505,A01,0,7,0,1,2,16,1,0.0
202300035572,155 617 503,B01,3,50,0,2,1,1,3,0.0
202300035572,155 617 504,A01,3,10,0,9,3,26,1,0.0
202300035573,155 617 501,A01,3,7,1,0,2,2,1,0.0
202300035574,155 617 499,B01,1,7,0,2,1,1,1,0.0
202300035574,155 617 500,A01,2,7,0,2,1,1,1,0.0
202300035575,155 617 498,A01,1,7,0,2,1,9,1,0.0
202300035575,155 617 502,B01,1,2,0,2,7,9,1,0.0
202300035576,155 617 497,A01,0,34,0,0,8,1,1,0.0
202300035577,155 617 495,A01,2,13,0,2,6,11,6,0.0
202300035577,155 617 496,B01,2,7,0,2,7,26,1,0.0
202300035578,155 617 491,B01,1,2,0,2,1,1,1,0.0
202300035578,155 617 494,A01,2,7,0,2,5,19,1,0.0
202300035579,155 617 493,A01,2,7,0,1,1,1,1,0.0
202300035580,155 617 492,A01,3,30,14,0,1,1,1,0.0
202300035581,155 617 486,A01,1,7,0,2,1,15,1,0.0
202300035581,155 617 490,B01,1,0,0,2,8,19,6,0.0
202300035582,155 617 487,A01,3,15,0,1,6,1,1,0.0
202300035583,155 617 485,B01,3,7,0,2,2,1,1,0.0
202300035583,155 617 489,A01,3,60,0,2,1,1,5,0.0
202300035584,155 617 484,B01,3,50,0,2,4,1,3,0.0
202300035584,155 617 488,A01,0,7,0,2,1,9,1,0.0
202300035585,155 617 480,A01,0,7,6,1,0,0,2,0.0
202300035586,155 617 481,A01,3,7,0,2,1,1,1,0.0
202300035586,155 617 483,B01,3,31,0,2,4,9,1,0.0
202300035587,155 617 479,B01,1,33,0,2,3,1,1,0.0
202300035587,155 617 482,A01,2,7,0,2,3,15,1,0.0
202300035588,155 617 475,Z01,2,7,0,2,2,12,1,0.0
202300035588,155 617 476,B01,2,30,0,2,4,1,1,0.0
202300035589,155 617 474,B01,3,7,1,2,1,9,1,0.0
202300035589,155 617 477,A01,2,2,4,2,4,1,1,0.0
202300035590,155 617 473,B01,1,10,0,2,0,1,1,0.0
202300035590,155 617 478,A01,1,7,0,2,0,11,0,0.0
202300035591,155 617 469,A01,2,32,0,2,6,2,1,0.0
202300035591,155 617 472,B01,2,7,0,0,6,15,1,0.0
202300035592,155 617 468,B01,1,43,0,2,1,17,1,0.0
202300035592,155 617 470,A01,1,7,0,2,8,15,1,0.0
202300035593,155 617 467,B01,1,15,0,2,3,1,1,0.0
202300035593,155 617 471,A01,1,7,0,2,3,1,1,0.0
202300035594,155 617 463,B01,2,7,0,2,7,1,0,0.0
202300035594,155 617 466,A01,2,1,0,2,1,5,5,0.0
202300035595,155 617 464,A01,1,7,0,1,3,15,1,0.0
202300035596,155 617 457,B01,0,33,0,2,1,17,1,0.0
202300035596,155 617 462,A01,0,7,0,2,2,1,1,0.0
202300035597,155 617 460,A01,2,10,0,2,1,15,1,0.0
202300035597,155 617 461,B01,1,50,0,2,1,1,3,0.0
202300035598,155 617 458,A01,1,7,0,2,3,15,1,0.0
202300035598,155 617 465,B01,1,33,0,2,7,17,1,0.0
202300035599,155 617 456,A01,2,7,0,2,1,13,0,0.0
202300035599,155 617 459,B01,1,7,0,2,0,1,0,0.0
202300035600,155 617 454,A01,1,7,0,2,1,1,1,0.0
202300035600,155 617 455,B01,1,7,0,2,4,23,1,0.0
202300035601,155 617 453,A01,0,7,0,1,1,1,1,0.0
202300035602,155 617 452,A01,1,7,6,0,3,1,1,0.0
202300035603,155 617 448,A01,0,7,0,2,3,1,1,0.0
202300035603,155 617 450,B01,0,50,0,2,1,1,3,0.0
202300035604,155 617 447,A01,0,7,0,2,1,2,1,0.0
202300035604,155 617 449,B01,0,50,0,0,4,2,3,0.0
202300035605,155 617 446,A01,2,80,0,2,1,1,3,0.0
202300035605,155 617 451,B01,1,7,0,2,8,15,1,0.0
202300035606,155 617 443,A01,2,7,0,2,1,26,1,0.0
202300035606,155 617 445,B01,2,7,0,2,7,1,1,0.0
202300035607,155 617 441,A01,1,7,9,2,1,2,1,0.0
202300035607,155 617 442,B01,1,7,0,0,4,2,0,0.0
202300035608,155 617 440,A01,1,7,0,0,2,2,1,0.0
202300035608,155 617 444,B01,1,7,0,2,3,9,1,0.0
202300035609,155 617 437,A01,0,7,0,2,1,2,1,0.0
202300035609,155 617 439,B01,0,7,0,2,4,1,1,0.0
202300035610,155 617 438,A01,2,7,13,0,9,6,1,0.0
202300035611,155 617 435,A01,0,7,2,2,3,1,0,0.0
202300035611,155 617 436,B01,0,1,2,2,2,1,5,0.0
202300035612,155 617 432,A01,2,2,0,2,1,1,1,0.0
202300035612,155 617 434,B01,1,7,0,2,3,1,1,0.0
202300035613,155 617 429,B01,1,50,0,2,4,1,3,0.0
202300035613,155 617 431,A01,1,7,0,2,1,1,0,0.0
202300035614,155 617 427,A01,3,7,0,2,1,21,1,0.0
202300035614,155 617 428,B01,0,7,0,2,2,21,1,0.0
202300035615,155 617 423,A01,2,32,0,2,3,23,1,0.0
202300035615,155 617 426,B01,2,7,0,2,3,11,1,0.0
202300035616,155 617 422,A01,3,31,0,2,1,13,1,0.0
202300035616,155 617 424,B01,0,7,0,0,0,0,1,0.0
202300035617,155 617 420,A01,2,7,0,2,6,2,1,0.0
202300035617,155 617 421,B01,2,1,0,2,1,2,5,0.0
202300035618,155 617 425,B01,2,1,0,2,1,1,5,0.0
202300035618,155 617 430,A01,1,32,0,9,1,1,1,0.0
202300035619,155 617 419,A01,1,7,0,2,1,0,1,0.0
202300035619,155 617 433,B01,2,7,0,2,1,0,1,0.0
202300035620,155 617 416,B01,3,7,15,2,3,1,1,0.0
202300035620,155 617 418,A01,1,7,12,2,1,1,1,0.0
202300035621,155 617 417,A01,1,0,0,1,1,1,0,0.0
202300035622,155 617 415,A01,2,33,0,0,8,1,1,0.0
202300035623,155 617 412,B01,1,40,0,2,1,1,3,0.0
202300035623,155 617 414,A01,1,7,0,4,7,15,3,0.0
202300035624,155 617 410,A01,2,7,0,1,8,1,1,0.0
202300035625,155 617 407,A01,1,30,0,2,2,1,3,0.0
202300035625,155 617 411,B01,1,7,0,2,2,1,1,0.0
202300035626,155 617 406,A01,2,7,0,2,1,13,1,0.0
202300035626,155 617 408,B01,1,7,0,2,1,1,2,0.0
202300035626,155 617 413,C01,2,7,0,2,1,2,1,0.0
202300035627,155 617 405,B01,2,7,0,2,2,1,1,0.0
202300035627,155 617 409,A01,1,2,0,2,1,1,1,0.0
202300035628,155 617 402,B01,1,50,0,2,0,0,3,0.0
202300035628,155 617 403,A01,1,33,0,9,2,1,1,0.0
202300035629,155 617 400,A01,1,7,0,1,1,15,1,0.0
202300035630,155 617 401,B01,2,50,0,2,8,1,3,0.0
202300035630,155 617 404,A01,1,7,0,9,1,1,1,0.0
202300035631,155 617 396,B01,1,30,14,0,1,1,1,0.0
202300035632,155 617 395,B01,3,33,0,2,1,1,1,0.0
202300035632,155 617 398,A01,3,7,0,2,5,15,1,0.0
202300035633,155 617 397,B01,3,50,0,2,1,25,3,0.0
202300035633,155 617 399,A01,3,7,0,0,6,9,1,0.0
202300035634,155 617 392,A01,1,7,14,9,6,2,1,0.0
202300035634,155 617 394,B01,1,32,14,9,2,2,1,0.0
202300035635,155 617 390,B01,1,7,0,9,8,1,1,0.0
202300035635,155 617 393,A01,3,60,0,2,1,9,3,0.0
202300035636,155 617 388,A01,2,7,0,2,3,1,1,0.0
202300035636,155 617 391,B01,2,7,0,2,2,16,1,0.0
202300035637,155 617 386,B01,2,7,0,2,8,26,1,0.0
202300035637,155 617 389,A01,2,7,0,2,2,16,1,0.0
202300035638,155 617 385,A01,2,7,0,1,1,1,1,0.0
202300035639,155 617 384,A01,0,7,0,2,2,0,0,0.0
202300035639,155 617 387,B01,0,7,0,2,1,13,0,0.0
202300035640,155 617 383,A01,0,7,0,1,2,16,1,0.0
202300035641,155 617 381,A01,1,15,14,0,1,0,1,0.0
202300035642,155 617 380,A01,1,7,0,1,1,1,1,0.0
202300035643,155 617 379,A01,2,7,0,2,3,15,1,0.0
202300035643,155 617 382,B01,1,30,0,2,5,16,1,0.0
202300035644,155 617 375,A01,1,7,0,1,2,16,1,0.0
202300035645,155 617 371,A01,2,1,0,2,2,1,5,0.0
202300035645,155 617 376,B01,2,7,0,2,1,1,1,0.0
202300035646,155 617 370,A01,1,7,0,2,2,2,0,0.0
202300035646,155 617 372,B01,1,7,0,2,5,2,0,0.0
202300035647,155 617 365,A01,1,7,0,2,4,1,1,0.0
202300035647,155 617 369,B01,1,10,0,2,1,1,1,0.0
202300035648,155 617 362,B01,3,13,0,2,7,17,1,0.0
202300035648,155 617 367,A01,3,2,0,2,8,1,3,0.0
202300035649,155 617 360,A01,3,7,0,2,1,13,1,0.0
202300035649,155 617 363,B01,3,1,0,2,1,1,5,0.0
202300035650,155 617 361,A01,3,7,0,2,8,17,1,0.0
202300035650,155 617 366,B01,3,33,0,2,7,17,1,0.0
202300035651,155 617 359,C01,2,7,4,2,3,1,1,0.0
202300035651,155 617 364,B01,2,7,0,2,3,1,1,0.0
202300035651,155 617 368,A01,1,7,0,2,1,5,1,0.0
202300035652,155 617 355,A01,3,7,0,9,4,26,0,0.0
202300035652,155 617 358,B01,3,1,0,2,1,1,5,0.0
202300035653,155 617 350,A01,2,7,0,2,7,13,1,0.0
202300035653,155 617 353,B01,1,7,0,2,1,1,1,0.0
202300035654,155 617 348,A01,0,7,0,2,1,1,1,0.0
202300035654,155 617 352,B01,0,7,0,2,7,1,1,0.0
202300035655,155 617 345,D01,2,10,0,2,1,21,1,0.0
202300035655,155 617 349,C01,2,7,0,2,4,2,1,0.0
202300035655,155 617 351,A01,2,7,0,2,1,1,1,0.0
202300035655,155 617 357,B01,2,7,0,2,6,2,1,0.0
202300035656,155 617 344,A01,0,7,0,2,3,9,1,0.0
202300035656,155 617 347,B01,0,30,0,0,0,0,1,0.0
202300035657,155 617 343,B01,2,7,0,0,3,1,0,0.0
202300035657,155 617 346,A01,1,80,0,0,0,13,3,0.0
202300035658,155 617 338,A01,2,32,0,0,0,2,1,0.0
202300035659,155 617 339,A01,0,33,6,0,7,1,1,0.0
202300035660,155 617 337,A01,1,7,1,0,1,26,1,0.0
202300035660,155 617 341,B01,2,7,0,0,1,24,1,0.0
202300035661,155 617 335,A01,2,99,0,2,1,2,1,0.0
202300035661,155 617 340,B01,2,17,0,2,3,2,2,0.0
202300035662,155 617 336,B01,1,1,0,2,1,0,5,0.0
202300035662,155 617 342,A01,1,7,0,9,3,1,1,0.0
202300035663,155 617 333,A01,2,2,13,0,7,14,1,0.0
202300035664,155 617 332,B01,1,7,0,2,7,1,2,0.0
202300035664,155 617 334,A01,1,33,0,2,8,18,1,0.0
202300035665,155 617 331,A01,2,7,4,0,3,9,1,0.0
202300035666,155 617 327,A01,3,7,0,1,1,1,1,0.0
202300035667,155 617 325,A01,1,7,0,2,6,4,1,0.0
202300035667,155 617 329,B01,1,1,0,2,1,1,5,0.0
202300035668,155 617 324,A01,1,7,0,2,2,12,1,0.0
202300035668,155 617 328,B01,1,31,0,2,3,3,1,0.0
202300035669,155 617 322,B01,1,7,0,2,4,2,1,0.0
202300035669,155 617 323,A01,1,42,0,2,1,2,1,0.0
202300035670,155 617 320,A01,1,7,0,0,0,1,1,0.0
202300035671,155 617 317,B01,1,50,0,2,8,1,3,0.0
202300035671,155 617 321,A01,1,7,0,2,7,1,1,0.0
202300035672,155 617 316,A01,3,7,0,2,1,1,1,0.0
202300035672,155 617 319,B01,3,31,0,2,5,23,1,0.0
202300035673,155 617 314,A01,1,33,0,0,0,2,1,0.0
202300035674,155 617 313,A01,2,33,0,2,8,3,1,0.0
202300035674,155 617 315,C01,2,7,0,2,4,1,1,0.0
202300035674,155 617 318,B01,2,7,0,2,2,1,1,0.0
202300035675,155 617 309,B01,3,7,0,2,1,26,1,0.0
202300035675,155 617 311,A01,3,7,0,2,4,16,1,0.0
202300035676,155 617 307,A01,2,7,8,0,0,0,1,0.0
202300035677,155 617 310,A01,0,7,0,1,2,1,2,0.0
202300035678,155 617 303,C01,1,7,0,2,4,1,1,0.0
202300035678,155 617 304,A01,1,7,0,2,1,1,2,0.0
202300035678,155 617 306,B01,1,10,0,2,4,1,1,0.0
202300035679,155 617 299,A01,3,33,1,0,4,14,1,0.0
202300035680,155 617 300,A01,2,7,3,0,9,1,1,0.0
202300035681,155 617 302,A01,2,7,0,2,2,9,1,0.0
202300035681,155 617 305,B01,2,7,0,2,4,9,1,0.0
202300035681,155 617 308,C01,2,17,0,0,0,0,1,0.0
202300035682,155 617 298,A01,2,7,0,2,1,2,1,0.0
202300035682,155 617 301,B01,2,14,0,2,4,2,1,0.0
202300035683,155 617 292,B01,1,33,0,2,1,1,1,0.0
202300035683,155 617 297,A01,2,7,0,0,8,1,1,0.0
202300035684,155 617 290,B01,2,7,0,2,8,1,1,0.0
202300035684,155 617 294,A01,1,3,0,2,1,1,1,0.0
202300035685,155 617 289,A01,1,10,0,2,1,1,1,0.0
202300035685,155 617 293,C01,1,7,0,2,4,2,1,0.0
202300035685,155 617 296,B01,1,7,0,2,1,2,1,0.0
202300035686,155 617 287,A01,3,40,0,1,2,1,3,0.0
202300035687,155 617 288,A01,1,33,0,2,3,3,1,0.0
202300035687,155 617 291,B01,1,33,0,2,5,3,1,0.0