num_acc,id_vehicule,num_veh,senc,catv,obs,obsm,choc,manv,motor,occutc
202300035946,155 616 832,A01,1,14,0,2,3,1,1,0.0
202300035946,155 616 836,B01,2,7,0,2,3,0,1,0.0
202300035947,155 616 831,A01,1,7,16,0,1,14,1,0.0
202300035948,155 616 830,A01,2,10,9,0,1,16,1,0.0
202300035949,155 616 829,A01,1,33,14,0,1,1,1,0.0
202300035950,155 616 825,A01,1,7,0,2,3,9,1,0.0
202300035950,155 616 827,B01,1,7,0,2,2,1,1,0.0
202300035951,155 616 826,A01,1,7,0,2,3,0,1,0.0
202300035951,155 616 828,B01,2,2,0,2,1,5,1,0.0
202300035952,155 616 822,A01,1,7,0,1,2,1,1,0.0
202300035953,155 616 820,B01,2,7,0,2,1,1,1,0.0
202300035953,155 616 824,A01,1,7,0,2,1,13,1,0.0
202300035954,155 616 817,A01,1,7,13,0,3,13,1,0.0
202300035955,155 616 821,B01,0,7,0,2,1,26,0,0.0
202300035955,155 616 823,A01,0,7,0,2,1,19,0,0.0
202300035956,155 616 816,A01,2,7,0,2,1,13,1,0.0
202300035956,155 616 818,B01,1,7,0,2,1,1,1,0.0
202300035957,155 616 815,B01,1,7,0,2,3,1,1,0.0
202300035957,155 616 819,A01,3,7,0,2,1,1,1,0.0
202300035958,155 616 814,A01,2,10,0,1,1,21,1,0.0
202300035959,155 616 812,A01,2,3,13,0,8,14,1,0.0
202300035960,155 616 810,A01,2,7,0,2,3,19,1,0.0
202300035960,155 616 813,B01,1,32,0,2,1,3,1,0.0
202300035961,155 616 809,A01,2,2,0,2,4,1,1,0.0
202300035961,155 616 811,B01,2,7,0,2,1,1,1,0.0
202300035962,155 616 806,A01,3,1,0,2,1,13,5,0.0
202300035962,155 616 807,B01,3,10,0,9,1,1,1,0.0
202300035963,155 616 805,B01,2,7,0,2,8,1,1,0.0
202300035963,155 616 808,A01,1,3,0,2,3,13,1,0.0
202300035964,155 616 803,B01,1,7,0,0,2,1,1,0.0
202300035964,155 616 804,A01,2,7,0,0,3,15,1,0.0
202300035965,155 616 802,A01,1,7,0,1,2,1,1,0.0
202300035966,155 616 801,A01,2,32,0,1,1,26,1,0.0
202300035967,155 616 799,B01,2,34,0,2,1,1,1,0.0
202300035967,155 616 800,A01,1,7,0,2,2,15,1,0.0
202300035968,155 616 797,A01,1,7,0,1,1,1,1,0.0
202300035969,155 616 796,B01,2,33,0,2,9,1,1,0.0
202300035969,155 616 798,A01,3,10,0,2,1,1,1,0.0
202300035970,155 616 795,A01,2,7,0,1,1,1,1,0.0
202300035971,155 616 794,A01,3,7,1,0,1,1,1,0.0
202300035972,155 616 792,A01,1,2,1,0,4,0,1,0.0
202300035972,155 616 793,B01,1,2,0,2,0,0,1,0.0
202300035973,155 616 787,A01,1,7,0,1,1,1,1,0.0
202300035974,155 616 786,A01,1,33,5,0,1,0,1,0.0
202300035975,155 616 788,B01,1,7,0,2,1,9,1,0.0
202300035975,155 616 790,A01,1,31,0,2,1,5,1,0.0
202300035976,155 616 784,A01,1,7,0,2,1,13,1,0.0
202300035976,155 616 789,B01,2,7,0,2,3,1,1,0.0
202300035977,155 616 785,A01,1,7,0,2,1,1,1,0.0
202300035977,155 616 791,B01,3,7,0,0,8,19,1,0.0
202300035978,155 616 783,A01,1,7,6,0,0,0,1,0.0
202300035979,155 616 782,A01,1,1,0,0,1,1,5,0.0
202300035980,155 616 779,B01,1,7,0,1,0,0,0,0.0
202300035980,155 616 781,A01,1,7,0,1,0,0,0,0.0
202300035981,155 616 777,A01,3,7,0,1,3,15,1,0.0
202300035982,155 616 775,B01,3,7,0,2,3,1,0,0.0
202300035982,155 616 778,A01,3,7,0,2,1,17,0,0.0
202300035983,155 616 773,B01,3,7,0,2,7,16,3,0.0
202300035983,155 616 774,A01,3,33,0,2,7,18,1,0.0
202300035984,155 616 771,A01,1,33,0,1,7,1,1,0.0
202300035985,155 616 776,A01,1,7,0,2,5,16,1,0.0
202300035985,155 616 780,B01,1,1,0,2,1,1,5,0.0
202300035986,155 616 770,B01,2,99,0,2,3,15,1,0.0
202300035986,155 616 772,A01,2,33,0,2,1,17,1,0.0
202300035987,155 616 766,B01,3,1,0,2,8,9,5,0.0
202300035987,155 616 769,A01,2,7,0,2,2,1,1,0.0
202300035988,155 616 767,A01,1,32,1,0,5,14,1,0.0
202300035989,155 616 765,B01,3,7,0,2,8,1,1,0.0
202300035989,155 616 768,A01,3,7,0,2,3,13,1,0.0
202300035990,155 616 763,A01,3,7,0,1,2,1,1,0.0
202300035991,155 616 761,A01,3,10,0,2,2,15,1,0.0
202300035991,155 616 764,B01,3,33,0,2,1,1,1,0.0
202300035992,155 616 760,B01,1,7,0,2,1,1,1,0.0
202300035992,155 616 762,A01,1,3,8,0,4,1,1,0.0
202300035993,155 616 757,A01,3,10,0,1,2,9,3,0.0
202300035994,155 616 756,B01,1,7,0,2,4,2,1,0.0
202300035994,155 616 759,A01,1,1,0,2,1,2,5,0.0
202300035995,155 616 754,A01,2,7,8,2,1,13,1,0.0
202300035995,155 616 758,B01,1,31,0,2,1,1,1,0.0
202300035996,155 616 752,B01,2,1,0,2,1,15,5,0.0
202300035996,155 616 755,A01,1,7,0,2,1,1,1,0.0
202300035997,155 616 750,A01,2,7,0,2,1,11,2,0.0
202300035997,155 616 753,B01,1,7,0,2,1,1,2,0.0
202300035998,155 616 747,A01,1,7,2,0,3,13,1,0.0
202300035999,155 616 748,A01,1,7,0,2,3,10,1,0.0
202300035999,155 616 751,B01,2,34,0,2,1,17,1,0.0
202300036000,155 616 745,A01,1,1,0,0,7,1,5,0.0
202300036001,155 616 743,A01,1,7,0,1,2,1,1,0.0
202300036002,155 616 741,A01,1,7,0,0,4,2,1,0.0
202300036002,155 616 746,B01,1,1,0,2,1,2,5,0.0
202300036003,155 616 742,A01,2,7,1,0,4,4,1,0.0
202300036004,155 616 740,B01,1,7,0,2,4,1,1,0.0
202300036004,155 616 744,C01,2,7,0,2,4,1,1,0.0
202300036004,155 616 749,A01,1,10,0,2,1,1,1,0.0
202300036005,155 616 739,A01,3,80,6,0,1,1,3,0.0
202300036006,155 616 737,A01,2,7,0,1,1,1,1,0.0
202300036007,155 616 734,Z01,1,50,0,1,1,1,3,0.0
202300036008,155 616 731,B01,1,32,0,2,8,18,1,0.0
202300036008,155 616 735,A01,2,7,0,2,1,15,1,0.0
202300036009,155 616 730,C01,2,7,0,0,6,24,1,0.0
202300036009,155 616 733,A01,1,7,2,2,1,6,1,0.0
202300036009,155 616 738,B01,2,7,1,0,6,1,1,0.0
202300036010,155 616 732,A01,2,7,0,2,1,9,1,0.0
202300036010,155 616 736,B01,1,1,0,2,5,1,5,0.0
202300036011,155 616 726,B01,1,7,0,0,0,9,1,0.0
202300036011,155 616 729,A01,1,80,0,0,0,21,3,0.0
202300036012,155 616 724,A01,0,7,0,2,1,14,2,0.0
202300036012,155 616 727,B01,0,7,0,2,1,13,1,0.0
202300036013,155 616 728,A01,3,1,0,1,1,1,5,0.0
202300036014,155 616 720,A01,2,33,0,2,1,17,1,0.0
202300036014,155 616 723,B01,1,7,0,2,2,1,1,0.0
202300036015,155 616 721,A01,1,7,0,2,2,12,1,0.0
202300036015,155 616 722,B01,1,32,0,2,3,1,1,0.0
202300036015,155 616 725,C01,1,7,0,2,1,2,1,0.0
202300036016,155 616 719,A01,1,7,2,0,1,14,1,0.0
202300036017,155 616 717,A01,3,7,0,1,2,15,1,0.0
202300036018,155 616 713,B01,2,80,0,2,4,2,3,0.0
202300036018,155 616 716,A01,2,7,0,2,3,9,1,0.0
202300036019,155 616 714,B01,1,7,0,0,4,23,1,0.0
202300036019,155 616 718,A01,1,10,0,2,1,2,1,0.0
202300036020,155 616 712,A01,3,7,0,0,0,16,1,0.0
202300036021,155 616 711,B01,2,33,0,2,1,0,1,0.0
202300036021,155 616 715,A01,2,7,0,2,5,23,2,0.0
202300036022,155 616 708,B01,1,1,0,2,8,19,5,0.0
202300036022,155 616 710,A01,1,7,0,2,2,1,1,0.0
202300036023,155 616 709,A01,3,7,0,1,1,1,0,0.0
202300036024,155 616 707,A01,2,33,0,6,7,1,1,0.0
202300036025,155 616 703,B01,2,7,0,2,6,2,1,0.0
202300036025,155 616 705,A01,2,7,0,2,2,13,1,0.0
202300036026,155 616 704,A01,1,31,12,2,2,13,1,0.0
202300036026,155 616 706,B01,2,7,0,2,3,1,1,0.0
202300036027,155 616 700,A01,3,7,0,1,1,14,1,0.0
202300036028,155 616 697,A01,2,33,0,2,1,17,1,0.0
202300036028,155 616 701,B01,1,33,0,2,1,1,1,0.0
202300036029,155 616 695,A01,1,7,0,2,7,2,1,0.0
202300036029,155 616 698,B01,1,33,0,2,8,0,1,0.0
202300036030,155 616 694,A01,1,50,0,0,4,2,3,0.0
202300036031,155 616 696,A01,1,7,0,1,1,9,1,0.0
202300036032,155 616 693,A01,3,7,6,0,1,1,0,0.0
202300036033,155 616 692,A01,0,33,12,0,1,14,1,0.0
202300036034,155 616 689,A01,2,33,2,0,0,1,1,0.0
202300036035,155 616 688,A01,1,33,0,2,1,21,1,0.0
202300036035,155 616 691,B01,1,33,0,2,8,0,1,0.0
202300036036,155 616 686,A01,1,10,0,2,4,1,1,0.0
202300036036,155 616 690,B01,2,7,0,2,2,15,1,0.0
202300036037,155 616 687,A01,3,10,0,1,4,20,1,0.0
202300036038,155 616 683,A01,0,1,0,2,1,2,5,0.0
202300036038,155 616 684,B01,0,7,0,9,6,2,0,0.0
202300036039,155 616 681,A01,2,33,0,6,1,0,1,0.0
202300036040,155 616 680,A01,0,7,0,2,1,19,1,0.0
202300036040,155 616 685,B01,3,7,0,2,3,26,1,0.0
202300036041,155 616 678,A01,2,7,4,0,3,1,1,0.0
202300036042,155 616 679,B01,2,32,0,2,1,1,1,0.0
202300036042,155 616 682,A01,2,10,0,2,5,9,1,0.0
202300036043,155 616 677,A01,1,7,15,0,0,1,1,0.0
202300036044,155 616 674,A01,2,33,7,0,1,1,1,0.0
202300036045,155 616 676,A01,1,31,0,0,9,19,1,0.0
202300036046,155 616 672,A01,2,7,0,2,7,13,1,0.0
202300036046,155 616 675,B01,1,7,0,2,2,1,1,0.0
202300036047,155 616 671,A01,2,7,0,1,1,1,1,0.0
202300036048,155 616 669,A01,1,7,10,0,7,1,1,0.0
202300036049,155 616 668,B01,1,7,0,2,3,1,1,0.0
202300036049,155 616 673,A01,1,50,0,2,1,1,3,0.0
202300036050,155 616 667,A01,1,2,0,2,1,5,1,0.0
202300036050,155 616 670,B01,2,7,0,2,1,1,1,0.0
202300036051,155 616 666,A01,1,33,0,0,8,1,1,0.0
202300036052,155 616 664,B01,1,33,0,2,4,1,1,0.0
202300036052,155 616 665,A01,1,7,0,2,3,1,1,0.0
202300036053,155 616 659,A01,1,7,0,1,3,1,1,0.0
202300036054,155 616 662,A01,1,7,0,2,5,16,1,0.0
202300036054,155 616 663,B01,1,33,0,2,1,3,1,0.0
202300036055,155 616 656,A01,2,7,0,0,1,1,1,0.0
202300036055,155 616 660,B01,1,7,0,0,8,1,1,0.0
202300036056,155 616 654,A01,2,7,13,0,3,1,0,0.0
202300036057,155 616 655,A01,1,7,4,0,7,1,6,0.0
202300036057,155 616 658,B01,1,7,0,2,8,18,1,0.0
202300036058,155 616 653,A01,1,7,0,2,1,13,1,0.0
202300036058,155 616 657,C01,2,7,0,2,1,2,1,0.0
202300036058,155 616 661,B01,2,7,0,2,1,1,1,0.0
202300036059,155 616 649,B01,2,31,0,2,0,1,1,0.0
202300036059,155 616 652,A01,1,7,0,2,7,15,1,0.0
202300036060,155 616 647,B01,3,1,0,2,8,19,5,0.0
202300036060,155 616 651,A01,2,7,0,9,1,1,1,0.0
202300036061,155 616 646,A01,1,7,15,0,7,1,1,0.0
202300036061,155 616 650,B01,2,7,16,0,3,1,1,0.0
202300036062,155 616 644,A01,2,7,0,0,3,9,1,0.0
202300036062,155 616 648,B01,1,50,0,0,7,1,3,0.0
202300036063,155 616 642,A01,3,7,2,0,3,1,1,0.0
202300036064,155 616 643,A01,1,7,0,9,1,15,0,0.0
202300036065,155 616 640,A01,2,7,0,2,1,1,1,0.0
202300036065,155 616 645,B01,3,7,0,2,3,15,1,0.0
202300036066,155 616 639,A01,1,10,4,0,2,0,1,0.0
202300036067,155 616 633,A01,2,7,13,0,1,1,1,0.0
202300036068,155 616 632,A01,3,7,0,2,2,15,1,0.0
202300036068,155 616 637,B01,3,34,0,2,1,1,1,0.0
202300036069,155 616 631,A01,2,7,0,1,1,15,1,0.0
202300036070,155 616 634,A01,2,7,0,2,7,15,1,0.0
202300036070,155 616 635,B01,1,2,0,2,1,1,1,0.0
202300036071,155 616 625,A01,1,30,14,0,1,14,1,0.0
202300036072,155 616 621,D01,1,7,0,0,4,2,0,0.0
202300036072,155 616 623,A01,1,7,0,2,3,11,1,0.0
202300036072,155 616 627,B01,1,7,0,2,5,2,0,0.0
202300036072,155 616 629,C01,1,7,0,2,4,2,0,0.0
202300036073,155 616 622,A01,1,32,0,2,1,1,1,0.0
202300036073,155 616 626,Z01,2,7,0,2,4,4,0,0.0
202300036074,155 616 620,B01,2,7,0,2,8,15,1,0.0
202300036074,155 616 624,A01,1,33,0,2,1,1,1,0.0
202300036075,155 616 618,A01,2,10,0,2,2,15,1,0.0
202300036075,155 616 619,B01,1,1,0,2,1,1,5,0.0
202300036076,155 616 612,A01,1,10,0,2,1,21,1,0.0
202300036076,155 616 614,C01,2,7,0,2,3,1,1,0.0
202300036076,155 616 616,B01,1,7,0,0,6,23,1,0.0
202300036077,155 616 613,B01,3,15,0,2,1,0,1,0.0
202300036077,155 616 617,A01,3,7,0,2,1,0,1,0.0
202300036078,155 616 609,A01,2,33,0,2,1,2,1,0.0
202300036078,155 616 610,B01,2,7,0,0,4,2,1,0.0
202300036079,155 616 607,A01,3,7,0,1,1,1,1,0.0
202300036080,155 616 605,A01,1,7,6,0,8,13,1,0.0
202300036081,155 616 604,B01,3,3,0,2,1,2,1,0.0
202300036081,155 616 606,A01,3,7,0,0,4,2,1,0.0
202300036082,155 616 601,B01,1,7,0,2,5,1,1,0.0
202300036082,155 616 603,A01,2,7,0,2,3,13,1,0.0
202300036083,155 616 600,A01,1,7,0,2,2,1,1,0.0
202300036083,155 616 602,B01,1,7,0,0,4,1,1,0.0
202300036084,155 616 594,A01,1,50,0,2,1,15,3,0.0
202300036084,155 616 595,B01,2,1,0,2,1,1,5,0.0
202300036085,155 616 591,C01,1,7,1,0,8,1,1,0.0
202300036085,155 616 593,B01,1,7,1,0,5,1,1,0.0
202300036085,155 616 596,A01,1,7,4,0,2,1,1,0.0
202300036086,155 616 590,A01,3,7,16,0,6,1,1,0.0
202300036087,155 616 585,A01,1,2,0,2,8,0,1,0.0
202300036087,155 616 588,B01,1,10,0,2,7,0,1,0.0
202300036088,155 616 597,B01,1,7,3,2,3,21,1,0.0
202300036088,155 616 608,A01,2,7,5,2,3,1,1,0.0
202300036089,155 616 584,B01,1,1,0,2,1,5,5,0.0
202300036089,155 616 587,A01,1,7,0,2,2,18,1,0.0
202300036090,155 616 589,D01,0,7,0,0,7,23,0,0.0
202300036090,155 616 599,A01,0,7,2,0,9,1,0,0.0
202300036090,155 616 611,B01,0,7,0,2,1,1,0,0.0
202300036090,155 616 615,C01,0,7,0,2,1,0,0,0.0
202300036091,155 616 579,A01,3,7,0,2,1,2,1,0.0
202300036091,155 616 582,B01,3,1,0,0,4,2,5,0.0
202300036092,155 616 580,A01,2,15,5,0,5,0,1,0.0
202300036093,155 616 581,A01,2,7,0,1,8,13,1,0.0
202300036094,155 616 577,B01,2,33,0,2,7,1,1,0.0
202300036094,155 616 583,A01,1,7,0,2,8,19,1,0.0
202300036095,155 616 576,B01,1,7,0,2,1,15,0,0.0
202300036095,155 616 578,A01,1,7,0,2,2,1,0,0.0
202300036095,155 616 586,D01,2,7,0,2,1,1,0,0.0
202300036096,155 616 575,A01,2,2,4,0,1,19,1,0.0
202300036097,155 616 569,A01,2,7,0,2,5,12,1,0.0
202300036097,155 616 572,B01,2,38,0,2,3,1,6,1.0
202300036098,155 616 570,A01,1,7,0,2,5,2,1,0.0
202300036098,155 616 574,B01,1,7,0,2,3,15,1,0.0
202300036099,155 616 568,A01,2,3,12,0,2,15,1,0.0
202300036100,155 616 567,A01,1,33,0,2,1,1,1,0.0
202300036100,155 616 571,B01,1,7,0,2,8,10,1,0.0
202300036101,155 616 566,A01,1,7,0,0,7,17,0,0.0
202300036101,155 616 573,B01,1,7,7,0,9,1,0,0.0
202300036102,155 616 562,A01,1,10,2,0,1,1,1,0.0
202300036103,155 616 561,B01,1,7,0,0,6,1,1,0.0
202300036103,155 616 563,A01,1,33,0,2,2,17,1,0.0
202300036104,155 616 560,A01,2,7,0,2,4,11,1,0.0
202300036104,155 616 565,B01,2,33,0,2,1,1,1,0.0
202300036105,155 616 558,B01,1,33,0,2,1,1,1,0.0
202300036105,155 616 564,A01,2,7,0,2,3,15,1,0.0
202300036106,155 616 557,A01,1,7,0,0,0,1,1,0.0
202300036107,155 616 556,A01,1,7,0,2,1,1,0,0.0
202300036107,155 616 559,B01,2,7,0,2,1,13,0,0.0
202300036108,155 616 554,A01,3,33,14,0,1,23,1,0.0
202300036109,155 616 550,A01,1,7,0,2,1,2,1,0.0
202300036109,155 616 555,B01,1,7,0,2,4,2,1,0.0
202300036110,155 616 547,A01,1,7,0,1,1,1,1,0.0
202300036111,155 616 545,A01,2,7,1,2,3,1,1,0.0
202300036111,155 616 552,B01,1,7,0,2,1,15,1,0.0
202300036112,155 616 548,A01,2,7,0,0,6,15,1,0.0
202300036112,155 616 553,B01,1,7,0,0,1,1,1,0.0
202300036113,155 616 546,A01,1,10,0,2,3,13,1,0.0
202300036113,155 616 549,B01,2,7,0,2,8,1,1,0.0
202300036113,155 616 551,C01,2,7,0,2,3,13,2,0.0
202300036114,155 616 544,A01,2,31,0,0,0,1,1,0.0
202300036115,155 616 541,A01,2,7,2,0,1,14,1,0.0
202300036116,155 616 540,A01,2,7,0,2,3,19,0,0.0
202300036116,155 616 542,B01,2,34,0,2,1,1,1,0.0
202300036117,155 616 539,A01,2,7,0,0,0,1,1,0.0
202300036118,155 616 533,A01,2,31,0,2,1,1,1,0.0
202300036118,155 616 536,B01,2,33,0,2,4,1,1,0.0
202300036119,155 616 534,A01,2,7,3,2,1,1,1,0.0
202300036119,155 616 537,B01,2,17,0,0,4,1,1,0.0
202300036120,155 616 531,A01,1,33,0,2,3,1,1,0.0
202300036120,155 616 535,B01,1,7,0,2,1,15,1,0.0
202300036121,155 616 530,B01,2,10,0,2,3,11,1,0.0
202300036121,155 616 532,A01,2,33,0,2,7,3,1,0.0
202300036122,155 616 528,A01,1,10,0,2,4,1,1,0.0
202300036122,155 616 529,B01,1,10,0,2,1,1,1,0.0
202300036123,155 616 524,A01,1,7,0,2,8,15,1,0.0
202300036123,155 616 527,B01,1,32,0,2,7,17,1,0.0
202300036124,155 616 525,A01,1,7,3,0,1,13,1,0.0
202300036125,155 616 522,A01,1,7,0,2,5,1,1,0.0
202300036125,155 616 526,B01,1,33,0,2,1,1,1,0.0
202300036126,155 616 520,A01,1,7,0,2,2,15,1,0.0
202300036126,155 616 523,B01,2,2,0,2,3,1,1,0.0
202300036127,155 616 514,A01,2,7,0,2,1,1,1,0.0
202300036127,155 616 517,B01,2,7,0,2,4,1,1,0.0
202300036128,155 616 515,A01,2,32,0,2,0,1,1,0.0
202300036128,155 616 518,B01,2,7,0,2,2,9,1,0.0
202300036129,155 616 512,B01,1,7,0,2,6,1,1,0.0
202300036129,155 616 516,C01,1,7,0,2,5,23,1,0.0
202300036129,155 616 521,A01,1,7,0,2,3,2,1,0.0
202300036130,155 616 509,A01,1,32,8,0,0,13,1,0.0
202300036131,155 616 508,A01,2,7,2,0,1,14,1,0.0
202300036132,155 616 510,A01,2,2,0,2,1,13,0,0.0
202300036132,155 616 513,B01,1,7,0,2,3,0,0,0.0
202300036133,155 616 506,A01,2,7,0,2,1,2,1,0.0
202300036133,155 616 507,B01,2,10,0,2,4,2,1,0.0
202300036133,155 616 511,C01,2,7,0,2,4,2,1,0.0
202300036134,155 616 502,A01,1,7,0,2,1,2,1,0.0
202300036134,155 616 505,B01,2,7,0,2,4,2,1,0.0
202300036135,155 616 500,A01,1,7,0,2,3,17,1,0.0
202300036135,155 616 504,B01,2,10,0,2,3,1,1,0.0
202300036136,155 616 499,B01,2,2,0,0,4,1,1,0.0
202300036136,155 616 503,A01,2,7,0,2,2,2,1,0.0
202300036137,155 616 497,B01,2,7,0,2,4,2,1,0.0
202300036137,155 616 501,A01,2,33,0,2,1,2,1,0.0
202300036138,155 616 496,A01,1,33,0,2,1,2,1,0.0
202300036138,155 616 498,B01,1,7,0,2,4,2,1,0.0
202300036139,155 616 491,A01,1,7,2,0,1,6,1,0.0
202300036140,155 616 492,B01,2,7,0,2,4,1,1,0.0
202300036140,155 616 495,A01,2,43,0,2,1,2,1,0.0
202300036141,155 616 490,A01,1,7,2,0,1,21,1,0.0
202300036142,155 616 493,A01,3,32,0,2,2,1,1,0.0
202300036142,155 616 494,B01,0,7,0,2,7,15,1,0.0
202300036143,155 616 488,B01,2,7,0,2,4,2,1,0.0
202300036143,155 616 489,A01,2,10,0,2,1,2,1,0.0
202300036144,155 616 484,A01,3,21,0,0,7,15,1,0.0
202300036145,155 616 483,B01,1,1,0,2,7,2,5,0.0
202300036145,155 616 487,A01,1,14,0,9,7,2,1,0.0
202300036146,155 616 482,A01,3,7,0,2,1,12,1,0.0
202300036146,155 616 486,B01,3,15,0,2,5,1,1,0.0
202300036147,155 616 481,B01,2,7,13,2,3,1,1,0.0
202300036147,155 616 485,A01,1,7,6,2,6,19,1,0.0
202300036148,155 616 479,A01,2,7,0,1,1,1,1,0.0
202300036149,155 616 476,A01,1,43,0,2,7,14,1,0.0
202300036149,155 616 480,B01,1,7,0,2,3,1,1,0.0
202300036150,155 616 474,A01,2,7,0,2,7,12,1,0.0
202300036150,155 616 478,B01,2,33,0,2,3,3,1,0.0
202300036151,155 616 472,A01,1,7,0,1,6,26,0,0.0
202300036152,155 616 473,A01,2,7,0,2,3,13,1,0.0
202300036152,155 616 475,B01,1,7,0,2,3,1,1,0.0
202300036153,155 616 470,A01,1,33,0,0,6,1,1,0.0
202300036154,155 616 469,C01,3,7,0,2,6,1,1,0.0
202300036154,155 616 471,B01,3,7,0,2,8,1,1,0.0
202300036154,155 616 477,A01,3,7,0,2,3,13,1,0.0
202300036155,155 616 466,A01,1,7,0,2,1,2,1,0.0
202300036155,155 616 468,B01,1,7,0,2,4,2,1,0.0
202300036156,155 616 463,A01,2,7,0,1,7,14,1,0.0
202300036157,155 616 461,A01,1,32,0,2,3,3,1,0.0
202300036157,155 616 462,B01,1,7,0,2,2,1,1,0.0
202300036157,155 616 465,C01,1,14,0,2,1,1,1,0.0
202300036158,155 616 456,A01,2,7,0,0,9,1,1,0.0
202300036159,155 616 457,A01,1,7,0,2,1,1,1,0.0
202300036159,155 616 460,B01,1,7,0,2,4,1,1,0.0
202300036160,155 616 455,A01,1,7,0,9,2,2,1,0.0
202300036160,155 616 458,B01,1,1,0,0,4,2,5,0.0
202300036161,155 616 453,A01,3,3,0,2,3,1,0,0.0
202300036161,155 616 459,B01,0,3,0,2,8,1,0,0.0
202300036162,155 616 452,A01,1,10,1,0,1,26,1,0.0
202300036162,155 616 454,B01,1,10,0,2,4,24,1,0.0
202300036163,155 616 450,A01,2,7,2,0,3,13,1,0.0
202300036164,155 616 449,A01,2,7,0,2,1,1,1,0.0
202300036164,155 616 451,B01,2,10,0,2,4,1,1,0.0
202300036165,155 616 447,A01,-1,33,13,0,8,1,1,0.0
202300036166,155 616 448,A01,1,7,2,0,1,1,1,0.0
202300036167,155 616 444,A01,2,7,0,2,1,1,1,0.0
202300036167,155 616 445,B01,2,7,0,2,4,1,1,0.0
202300036168,155 616 440,A01,3,7,0,2,3,15,1,0.0
202300036168,155 616 443,B01,3,33,0,2,1,1,1,0.0
202300036169,155 616 442,A01,3,7,5,2,3,1,1,0.0
202300036169,155 616 446,B01,3,7,11,2,1,16,3,0.0
202300036170,155 616 441,A01,1,15,0,1,3,1,1,0.0
202300036171,155 616 434,A01,1,7,0,2,2,1,2,0.0
202300036171,155 616 438,B01,1,7,0,2,8,1,1,0.0
202300036172,155 616 433,B01,1,7,0,2,1,15,1,0.0
202300036172,155 616 436,A01,2,33,0,2,1,1,1,0.0
202300036173,155 616 430,A01,2,14,0,2,4,2,1,0.0
202300036173,155 616 432,B01,2,10,0,2,1,0,1,0.0
202300036174,155 616 426,B01,3,7,0,2,1,5,1,0.0
202300036174,155 616 428,A01,3,30,0,2,1,1,1,0.0
202300036175,155 616 422,A01,1,7,0,2,2,2,1,0.0
202300036175,155 616 425,B01,1,2,0,2,6,0,1,0.0
202300036176,155 616 423,B01,1,2,0,2,1,1,1,0.0
202300036176,155 616 427,A01,2,7,0,2,1,15,1,0.0
202300036177,155 616 421,A01,2,14,0,2,1,2,1,0.0
202300036177,155 616 424,B01,2,7,0,2,4,2,0,0.0
202300036178,155 616 416,Z01,2,0,0,1,0,0,0,0.0
202300036179,155 616 417,A01,3,7,0,2,1,1,0,0.0
202300036179,155 616 420,Z01,0,7,0,2,7,15,0,0.0
202300036180,155 616 414,B01,3,7,0,2,3,19,0,0.0
202300036180,155 616 419,A01,1,7,0,0,6,1,1,0.0
202300036181,155 616 413,A01,1,10,3,2,1,17,1,0.0
202300036181,155 616 415,B01,1,7,0,2,8,1,1,0.0
202300036181,155 616 418,C01,1,7,0,2,3,12,1,0.0
202300036182,155 616 410,A01,2,7,0,2,2,12,1,0.0
202300036182,155 616 412,B01,2,33,0,2,8,3,1,0.0
202300036183,155 616 407,B01,2,2,0,2,1,1,1,0.0
202300036183,155 616 409,A01,1,7,0,2,2,15,1,0.0
202300036184,155 616 402,C01,1,7,0,2,3,1,1,0.0
202300036184,155 616 403,B01,1,15,0,2,6,1,1,0.0
202300036184,155 616 405,A01,2,7,0,2,1,1,1,0.0
202300036185,155 616 406,A01,0,7,0,2,3,15,1,0.0
202300036185,155 616 408,B01,0,33,0,2,1,1,1,0.0
202300036186,155 616 401,A01,1,31,0,2,3,26,1,0.0
202300036186,155 616 404,B01,1,7,0,2,7,12,1,0.0
202300036187,155 616 400,A01,2,10,2,0,2,14,1,0.0
202300036188,155 616 397,A01,1,7,0,2,1,2,1,0.0
202300036188,155 616 399,B01,1,7,0,2,4,23,1,0.0
202300036188,155 616 411,C01,1,7,0,2,3,2,1,0.0
202300036189,155 616 394,Z01,2,7,0,2,8,1,0,0.0
202300036189,155 616 396,A01,2,32,0,2,7,12,1,0.0
202300036190,155 616 392,A01,2,7,0,2,1,17,1,0.0
202300036190,155 616 395,B01,2,14,0,0,8,17,1,0.0
202300036191,155 616 393,B01,3,32,0,2,7,26,1,0.0
202300036191,155 616 398,A01,2,7,0,2,1,26,1,0.0
202300036192,155 616 390,B01,1,7,3,2,1,17,1,0.0
202300036192,155 616 391,A01,1,7,3,2,4,17,1,0.0
202300036193,155 616 387,A01,2,7,13,0,1,13,1,0.0
202300036194,155 616 386,B01,1,7,0,2,3,11,1,0.0
202300036194,155 616 389,A01,1,33,0,2,2,1,1,0.0
202300036195,155 616 382,B01,1,7,0,2,4,2,0,0.0
202300036195,155 616 383,C01,1,7,0,2,4,0,1,0.0
202300036195,155 616 385,A01,1,10,0,2,1,2,1,0.0
202300036196,155 616 381,A01,2,7,17,0,1,1,1,0.0
202300036197,155 616 375,A01,1,7,0,2,1,2,1,0.0
202300036197,155 616 377,B01,1,10,0,2,4,2,1,0.0
202300036198,155 616 374,B01,1,33,0,2,0,0,1,0.0