num_acc,id_vehicule,num_veh,senc,catv,obs,obsm,choc,manv,motor,occutc
202300036459,155 615 931,A01,3,7,0,2,3,15,1,0.0
202300036460,155 615 929,A01,1,7,2,0,1,1,1,0.0
202300036461,155 615 927,A01,1,33,0,2,2,17,1,0.0
202300036461,155 615 928,B01,1,7,0,2,3,1,0,0.0
202300036462,155 615 925,A01,2,7,0,2,2,16,1,0.0
202300036462,155 615 926,B01,2,33,0,2,6,1,1,0.0
202300036463,155 615 923,A01,1,10,0,2,1,1,1,0.0
202300036463,155 615 924,B01,1,15,0,0,4,1,1,0.0
202300036464,155 615 921,A01,1,36,0,2,3,13,1,0.0
202300036464,155 615 922,B01,2,10,0,2,3,1,1,0.0
202300036465,155 615 919,B01,1,2,0,2,1,1,1,0.0
202300036465,155 615 920,A01,1,7,0,2,6,10,1,0.0
202300036466,155 615 917,B01,1,7,0,2,1,2,1,0.0
202300036466,155 615 918,A01,1,10,0,0,4,1,1,0.0
202300036467,155 615 916,A01,1,33,13,0,8,17,1,0.0
202300036468,155 615 914,A01,2,7,0,2,2,1,0,0.0
202300036468,155 615 915,B01,3,7,0,2,3,16,0,0.0
202300036469,155 615 912,A01,1,33,0,2,1,1,1,0.0
202300036469,155 615 913,B01,2,7,0,2,3,15,1,0.0
202300036470,155 615 910,A01,0,7,3,2,1,2,1,0.0
202300036470,155 615 911,B01,0,7,0,2,6,2,1,0.0
202300036471,155 615 908,A01,1,31,0,2,8,1,1,0.0
202300036471,155 615 909,B01,1,33,0,0,7,23,1,0.0
202300036472,155 615 906,A01,1,7,0,2,3,9,1,0.0
202300036472,155 615 907,B01,1,33,0,2,2,1,1,0.0
202300036473,155 615 905,A01,1,33,16,0,9,0,1,0.0
202300036474,155 615 903,A01,1,33,0,2,1,5,1,0.0
202300036474,155 615 904,B01,2,7,0,2,3,1,0,0.0
202300036475,155 615 901,B01,2,7,0,2,4,2,1,0.0
202300036475,155 615 902,A01,2,33,0,2,1,2,1,0.0
202300036476,155 615 900,A01,1,10,3,0,1,13,1,0.0
202300036477,155 615 898,A01,1,1,0,2,8,1,5,0.0
202300036477,155 615 899,B01,3,7,0,2,1,1,3,0.0
202300036478,155 615 897,A01,1,7,17,0,1,1,1,0.0
202300036479,155 615 895,A01,1,7,0,2,3,13,1,0.0
202300036479,155 615 896,B01,2,7,0,2,3,1,1,0.0
202300036480,155 615 893,A01,1,7,0,2,1,13,1,0.0
202300036480,155 615 894,B01,2,7,0,0,1,23,1,0.0
202300036481,155 615 892,A01,2,7,6,0,1,13,1,0.0
202300036482,155 615 891,A01,1,1,0,0,0,1,5,0.0
202300036483,155 615 890,A01,1,7,0,0,0,1,1,0.0
202300036484,155 615 889,A01,3,35,8,0,1,16,1,0.0
202300036485,155 615 888,A01,1,2,7,0,0,1,0,0.0
202300036486,155 615 886,B01,1,10,0,2,5,1,1,0.0
202300036486,155 615 887,A01,1,34,0,2,5,1,1,0.0
202300036487,155 615 884,B01,2,7,0,2,2,1,1,0.0
202300036487,155 615 885,A01,2,34,0,2,8,18,1,0.0
202300036488,155 615 880,A01,2,7,0,2,4,1,1,0.0
202300036488,155 615 881,B01,2,7,0,2,4,1,0,0.0
202300036488,155 615 882,C01,2,7,0,2,4,1,1,0.0
202300036488,155 615 883,D01,2,7,0,2,1,1,0,0.0
202300036489,155 615 878,B01,2,7,0,2,6,1,1,0.0
202300036489,155 615 879,A01,2,7,0,2,0,0,1,0.0
202300036490,155 615 877,A01,1,7,4,0,0,1,1,0.0
202300036491,155 615 876,A01,1,7,3,0,0,1,1,0.0
202300036492,155 615 874,A01,1,7,0,2,1,1,1,0.0
202300036492,155 615 875,B01,1,7,0,2,4,1,0,0.0
202300036493,155 615 872,A01,1,20,0,2,1,2,1,0.0
202300036493,155 615 873,B01,1,7,0,2,4,2,1,0.0
202300036494,155 615 870,A01,2,0,0,2,2,14,0,0.0
202300036494,155 615 871,B01,2,43,0,2,3,3,1,0.0
202300036495,155 615 868,B01,2,7,0,2,2,0,1,0.0
202300036495,155 615 869,A01,2,7,0,2,6,23,1,0.0
202300036496,155 615 864,D01,1,10,0,2,6,1,1,0.0
202300036496,155 615 865,A01,1,7,0,2,8,12,2,0.0
202300036496,155 615 866,C01,1,10,0,2,4,1,1,0.0
202300036496,155 615 867,B01,1,33,0,2,7,3,1,0.0
202300036497,155 615 863,A01,1,30,8,0,1,1,1,0.0
202300036498,155 615 861,A01,1,33,0,2,1,1,1,0.0
202300036498,155 615 862,B01,1,7,0,2,8,9,2,0.0
202300036499,155 615 859,B01,2,7,0,2,1,1,1,0.0
202300036499,155 615 860,A01,1,2,0,2,3,1,1,0.0
202300036500,155 615 857,B01,1,37,0,2,3,1,1,7.0
202300036500,155 615 858,A01,1,10,0,2,2,16,1,0.0
202300036501,155 615 856,A01,2,30,6,0,1,14,1,0.0
202300036502,155 615 854,A01,2,10,1,2,1,2,1,0.0
202300036502,155 615 855,B01,2,7,1,2,4,2,1,0.0
202300036503,155 615 853,A01,1,33,12,2,0,1,1,0.0
202300036504,155 615 851,A01,1,7,0,2,8,0,1,0.0
202300036504,155 615 852,B01,2,7,0,2,3,1,1,0.0
202300036505,155 615 849,B01,2,2,0,2,8,1,1,0.0
202300036505,155 615 850,A01,1,7,0,9,1,15,1,0.0
202300036506,155 615 847,A01,2,33,0,2,1,1,1,0.0
202300036506,155 615 848,B01,1,30,0,2,1,13,1,0.0
202300036507,155 615 846,A01,1,2,14,9,0,13,1,0.0
202300036508,155 615 844,A01,1,7,0,2,3,14,1,0.0
202300036508,155 615 845,Z01,2,99,0,2,3,2,0,0.0
202300036509,155 615 842,B01,3,7,0,2,8,0,1,0.0
202300036509,155 615 843,A01,3,2,0,2,8,15,1,0.0
202300036510,155 615 840,B01,1,1,0,0,0,0,5,0.0
202300036510,155 615 841,A01,2,7,0,0,0,1,0,0.0
202300036511,155 615 838,B01,1,7,0,0,5,16,1,0.0
202300036511,155 615 839,A01,1,31,0,2,1,2,1,0.0
202300036512,155 615 837,A01,2,7,4,0,1,1,1,0.0
202300036513,155 615 833,A01,2,7,0,2,4,2,1,0.0
202300036513,155 615 834,B01,2,7,0,2,4,2,1,0.0
202300036513,155 615 835,C01,2,7,0,2,4,2,1,0.0
202300036513,155 615 836,D01,2,7,0,2,1,2,0,0.0
202300036514,155 615 832,A01,1,7,6,0,1,9,1,0.0
202300036515,155 615 831,A01,3,7,6,0,1,16,1,0.0
202300036516,155 615 830,Z01,1,7,0,1,2,1,1,0.0
202300036517,155 615 828,B01,3,7,0,9,3,26,0,0.0
202300036517,155 615 829,A01,1,50,0,2,1,19,3,0.0
202300036518,155 615 826,A01,2,43,0,2,1,21,1,0.0
202300036518,155 615 827,B01,2,7,0,9,4,23,1,0.0
202300036519,155 615 824,A01,1,7,0,2,4,1,1,0.0
202300036519,155 615 825,B01,1,7,0,2,4,16,1,0.0
202300036520,155 615 822,B01,3,1,0,2,2,26,5,0.0
202300036520,155 615 823,A01,3,10,0,9,2,26,1,0.0
202300036521,155 615 820,A01,2,7,0,2,2,1,1,0.0
202300036521,155 615 821,B01,2,7,0,2,2,1,1,0.0
202300036522,155 615 819,A01,0,7,0,1,1,2,1,0.0
202300036523,155 615 818,A01,3,7,0,1,1,15,1,0.0
202300036524,155 615 816,A01,2,7,0,2,1,1,1,0.0
202300036524,155 615 817,B01,2,7,0,2,4,1,1,0.0
202300036525,155 615 815,A01,0,7,0,1,2,16,1,0.0
202300036526,155 615 813,A01,0,33,0,2,1,26,1,0.0
202300036526,155 615 814,B01,0,7,0,2,4,26,1,0.0
202300036527,155 615 812,A01,1,7,8,0,2,14,1,0.0
202300036528,155 615 811,A01,1,50,0,0,8,0,3,0.0
202300036529,155 615 809,A01,1,7,0,2,3,14,1,0.0
202300036529,155 615 810,B01,2,7,0,2,8,23,1,0.0
202300036530,155 615 808,A01,1,17,0,1,1,1,1,0.0
202300036531,155 615 806,A01,0,33,0,2,1,17,1,0.0
202300036531,155 615 807,B01,0,7,0,2,3,15,1,0.0
202300036532,155 615 804,A01,2,7,0,0,1,1,0,0.0
202300036532,155 615 805,B01,3,99,0,2,1,15,0,0.0
202300036533,155 615 803,A01,3,7,0,1,1,1,1,0.0
202300036534,155 615 801,B01,2,7,0,2,5,1,1,0.0
202300036534,155 615 802,A01,2,7,0,2,1,15,1,0.0
202300036535,155 615 799,A01,3,7,0,2,1,1,1,0.0
202300036535,155 615 800,B01,3,50,0,2,3,19,3,0.0
202300036536,155 615 798,A01,2,7,0,1,2,1,1,0.0
202300036537,155 615 796,A01,2,7,0,2,2,15,1,0.0
202300036537,155 615 797,B01,0,1,0,2,1,1,5,0.0
202300036538,155 615 795,A01,3,10,1,2,0,0,1,0.0
202300036539,155 615 794,A01,1,10,0,1,2,2,1,0.0
202300036540,155 615 792,A01,3,1,0,2,0,0,5,0.0
202300036540,155 615 793,Z01,3,13,0,2,7,0,0,0.0
202300036541,155 615 791,A01,1,2,11,0,1,1,1,0.0
202300036542,155 615 790,A01,1,33,14,0,8,1,1,0.0
202300036543,155 615 788,B01,2,50,0,2,8,19,3,0.0
202300036543,155 615 789,A01,1,7,0,2,1,16,1,0.0
202300036544,155 615 786,A01,2,7,0,2,3,15,1,0.0
202300036544,155 615 787,B01,2,32,0,2,1,1,1,0.0
202300036545,155 615 784,A01,2,15,13,2,0,14,1,0.0
202300036545,155 615 785,B01,1,7,13,2,0,21,1,0.0
202300036546,155 615 782,A01,3,7,0,2,1,2,1,0.0
202300036546,155 615 783,B01,3,33,0,2,4,1,1,0.0
202300036547,155 615 781,Y01,0,50,0,0,0,1,3,0.0
202300036548,155 615 780,A01,3,7,9,0,1,0,1,0.0
202300036549,155 615 778,A01,2,30,0,2,1,1,0,0.0
202300036549,155 615 779,B01,1,7,0,2,3,15,1,0.0
202300036550,155 615 774,A01,1,7,0,2,2,2,1,0.0
202300036550,155 615 776,B01,1,43,0,2,1,2,1,0.0
202300036550,155 615 777,C01,1,7,0,2,4,2,1,0.0
202300036551,155 615 773,B01,3,32,0,2,1,1,1,0.0
202300036551,155 615 775,A01,3,10,0,2,1,15,1,0.0
202300036552,155 615 771,A01,1,7,0,2,1,2,1,0.0
202300036552,155 615 772,B01,1,7,0,0,4,1,3,0.0
202300036553,155 615 769,A01,2,7,0,2,3,15,1,0.0
202300036553,155 615 770,B01,1,33,0,2,3,1,1,0.0
202300036554,155 615 767,A01,1,7,0,2,2,12,1,0.0
202300036554,155 615 768,B01,1,31,0,2,3,3,1,0.0
202300036555,155 615 765,A01,2,30,0,2,0,1,1,0.0
202300036555,155 615 766,B01,1,0,0,0,0,13,0,0.0
202300036556,155 615 763,A01,1,33,0,2,1,3,1,0.0
202300036556,155 615 764,B01,1,7,0,2,6,11,0,0.0
202300036557,155 615 761,A01,1,38,0,9,1,1,1,1.0
202300036557,155 615 762,B01,1,50,0,2,4,11,3,0.0
202300036558,155 615 758,B01,2,7,0,2,5,23,1,0.0
202300036558,155 615 760,A01,2,10,0,2,3,14,1,0.0
202300036559,155 615 757,B01,3,2,0,2,1,1,1,0.0
202300036559,155 615 759,A01,3,7,0,2,3,15,1,0.0
202300036560,155 615 756,A01,2,50,0,1,1,1,3,0.0
202300036561,155 615 754,A01,2,31,0,2,4,17,1,0.0
202300036561,155 615 755,B01,2,7,0,2,1,15,1,0.0
202300036562,155 615 752,Z01,3,60,0,2,1,19,5,0.0
202300036562,155 615 753,B01,2,50,0,2,7,9,3,0.0
202300036563,155 615 750,A01,1,7,0,0,1,5,1,0.0
202300036563,155 615 751,B01,2,33,0,0,1,1,1,0.0
202300036564,155 615 749,A01,2,10,0,1,2,21,3,0.0
202300036565,155 615 745,B01,1,7,0,2,3,1,1,0.0
202300036565,155 615 748,A01,2,7,0,2,3,13,1,0.0
202300036566,155 615 746,A01,1,1,0,2,1,5,5,0.0
202300036566,155 615 747,B01,2,10,0,2,3,1,1,0.0
202300036567,155 615 742,A01,3,7,0,2,1,2,1,0.0
202300036567,155 615 744,B01,3,31,0,0,4,1,1,0.0
202300036568,155 615 739,A01,1,10,0,2,8,15,1,0.0
202300036568,155 615 740,B01,1,2,0,2,1,17,1,0.0
202300036569,155 615 741,A01,1,7,0,2,1,13,1,0.0
202300036569,155 615 743,B01,2,7,0,2,1,1,1,0.0
202300036570,155 615 737,A01,1,37,1,0,1,1,1,2.0
202300036570,155 615 738,B01,1,37,0,0,4,23,1,2.0
202300036571,155 615 735,A01,0,7,0,2,1,15,6,0.0
202300036571,155 615 736,B01,0,7,0,2,1,1,6,0.0
202300036572,155 615 733,A01,1,7,0,2,2,1,1,0.0
202300036572,155 615 734,B01,1,1,0,2,4,1,5,0.0
202300036573,155 615 732,A01,1,50,0,0,1,2,3,0.0
202300036574,155 615 730,A01,1,50,0,2,1,1,3,0.0
202300036574,155 615 731,B01,1,7,0,2,3,1,1,0.0
202300036575,155 615 728,A01,1,30,0,2,1,1,1,0.0
202300036575,155 615 729,B01,2,7,0,2,2,1,1,0.0
202300036576,155 615 727,A01,1,7,0,1,2,16,2,0.0
202300036577,155 615 725,A01,2,30,0,1,8,18,1,0.0
202300036578,155 615 724,A01,2,7,0,2,2,14,1,0.0
202300036578,155 615 726,B01,2,7,0,2,6,1,2,0.0
202300036579,155 615 721,B01,2,2,0,2,2,1,1,0.0
202300036579,155 615 723,A01,2,10,0,2,3,1,1,0.0
202300036580,155 615 720,A01,1,7,0,2,6,11,1,0.0
202300036580,155 615 722,B01,1,33,0,2,7,2,1,0.0
202300036581,155 615 718,B01,2,7,0,0,2,15,2,0.0
202300036581,155 615 719,A01,1,2,0,0,1,1,1,0.0
202300036582,155 615 717,Z01,1,7,0,1,1,1,1,0.0
202300036583,155 615 712,B01,2,33,0,2,2,1,1,0.0
202300036583,155 615 714,C01,1,37,0,2,1,23,3,1.0
202300036583,155 615 716,A01,2,7,0,2,3,13,0,0.0
202300036584,155 615 713,B01,3,7,0,2,1,1,1,0.0
202300036584,155 615 715,A01,3,1,0,2,1,5,5,0.0
202300036585,155 615 709,A01,2,1,0,2,7,19,5,0.0
202300036585,155 615 711,Z01,1,7,0,2,1,19,0,0.0
202300036586,155 615 710,A01,3,32,1,0,1,14,1,0.0
202300036587,155 615 706,A01,2,7,0,2,1,1,2,0.0
202300036587,155 615 708,B01,2,10,0,2,5,23,1,0.0
202300036588,155 615 707,A01,2,32,0,1,2,1,1,0.0
202300036589,155 615 703,A01,1,7,0,2,3,1,2,0.0
202300036589,155 615 705,B01,1,1,0,2,2,1,5,0.0
202300036590,155 615 702,A01,3,2,0,2,7,1,1,0.0
202300036590,155 615 704,B01,3,7,0,2,1,1,1,0.0
202300036591,155 615 700,A01,3,7,0,2,2,10,1,0.0
202300036591,155 615 701,B01,2,7,0,2,1,1,2,0.0
202300036592,155 615 698,A01,3,7,12,0,1,15,1,0.0
202300036593,155 615 697,A01,0,7,0,2,4,11,3,0.0
202300036593,155 615 699,B01,3,32,0,2,2,17,1,0.0
202300036594,155 615 694,B01,3,7,14,0,4,23,1,0.0
202300036594,155 615 696,A01,3,7,0,2,1,0,0,0.0
202300036595,155 615 695,A01,1,7,0,1,4,4,1,0.0
202300036596,155 615 691,B01,2,80,0,2,4,15,3,0.0
202300036596,155 615 692,A01,2,7,0,2,1,1,2,0.0
202300036597,155 615 690,A01,2,50,0,1,1,1,3,0.0
202300036598,155 615 688,A01,2,43,8,0,2,14,1,0.0
202300036599,155 615 687,B01,1,33,0,2,3,1,3,0.0
202300036599,155 615 689,A01,2,7,0,2,2,14,3,0.0
202300036600,155 615 686,A01,0,10,0,1,8,0,0,0.0
202300036601,155 615 685,A01,1,7,10,0,3,18,1,0.0
202300036602,155 615 683,A01,1,30,0,2,8,1,3,0.0
202300036602,155 615 684,B01,2,7,0,2,1,15,1,0.0
202300036603,155 615 681,A01,1,7,6,0,2,1,1,0.0
202300036604,155 615 682,A01,1,7,2,0,1,13,1,0.0
202300036605,155 615 680,A01,0,7,0,1,3,15,1,0.0
202300036606,155 615 679,A01,3,7,1,0,2,18,1,0.0
202300036607,155 615 678,A01,2,32,0,1,1,17,1,0.0
202300036608,155 615 677,A01,1,43,0,2,2,14,1,0.0
202300036609,155 615 676,A01,3,7,0,1,3,1,1,0.0
202300036610,155 615 671,A01,1,7,0,2,1,1,0,0.0
202300036610,155 615 673,B01,1,7,0,2,4,1,0,0.0
202300036610,155 615 674,C01,1,7,0,2,4,1,0,0.0
202300036611,155 615 672,A01,2,7,0,2,8,22,2,0.0
202300036611,155 615 675,B01,2,1,1,0,1,1,5,0.0
202300036612,155 615 669,A01,3,14,0,2,1,19,1,0.0
202300036612,155 615 670,B01,3,7,0,2,8,19,1,0.0
202300036613,155 615 667,B01,1,7,0,2,2,1,1,0.0
202300036613,155 615 668,A01,1,32,0,2,6,18,1,0.0
202300036614,155 615 665,B01,1,7,0,2,3,1,1,0.0
202300036614,155 615 666,A01,1,50,0,2,1,15,3,0.0
202300036615,155 615 663,A01,1,1,0,2,4,2,5,0.0
202300036615,155 615 664,Z01,1,1,0,2,1,2,5,0.0
202300036616,155 615 661,A01,1,1,0,2,7,1,5,0.0
202300036616,155 615 662,B01,1,10,0,2,1,1,1,0.0
202300036617,155 615 659,B01,1,7,0,2,3,15,1,0.0
202300036617,155 615 660,A01,2,1,0,2,3,19,5,0.0
202300036618,155 615 657,B01,2,33,0,2,2,17,1,0.0
202300036618,155 615 658,A01,2,10,0,2,3,15,1,0.0
202300036619,155 615 655,A01,3,14,-1,0,0,9,1,0.0
202300036620,155 615 654,A01,3,7,0,2,3,15,1,0.0
202300036620,155 615 656,B01,3,30,0,2,1,1,1,0.0
202300036621,155 615 651,B01,2,1,0,2,3,1,5,0.0
202300036621,155 615 653,A01,1,7,0,2,2,10,4,0.0
202300036622,155 615 650,A01,1,10,0,0,0,9,1,0.0
202300036622,155 615 652,B01,1,32,0,2,8,1,1,0.0
202300036623,155 615 649,A01,3,7,0,1,2,26,1,0.0
202300036624,155 615 648,A01,2,7,14,0,1,1,1,0.0
202300036625,155 615 645,A01,1,7,0,1,2,16,2,0.0
202300036626,155 615 644,B01,2,7,0,2,4,0,1,0.0
202300036626,155 615 646,A01,2,7,0,2,1,0,1,0.0
202300036626,155 615 647,C01,2,33,0,2,1,0,1,0.0
202300036627,155 615 642,A01,0,10,0,1,1,1,1,0.0
202300036628,155 615 641,A01,1,7,0,2,1,5,1,0.0
202300036628,155 615 643,B01,2,21,0,2,3,1,1,0.0
202300036629,155 615 640,A01,1,17,3,0,2,2,1,0.0
202300036630,155 615 638,A01,1,33,0,2,1,2,1,0.0
202300036630,155 615 639,B01,1,7,0,2,6,11,1,0.0
202300036631,155 615 636,A01,2,7,0,2,2,19,1,0.0
202300036631,155 615 637,B01,1,7,0,2,3,1,1,0.0
202300036632,155 615 630,A01,2,7,0,2,2,2,1,0.0
202300036632,155 615 632,B01,2,7,0,2,6,1,1,0.0
202300036632,155 615 633,C01,2,7,0,0,8,1,1,0.0
202300036633,155 615 628,A01,1,10,4,0,8,6,1,0.0
202300036634,155 615 626,A01,2,20,0,2,3,13,0,0.0
202300036634,155 615 627,B01,1,7,0,2,3,14,0,0.0
202300036635,155 615 623,A01,1,7,0,2,3,1,0,0.0
202300036635,155 615 624,B01,2,7,0,2,1,1,0,0.0
202300036636,155 615 622,A01,2,7,0,2,6,16,1,0.0
202300036636,155 615 625,B01,2,32,1,0,2,16,1,0.0
202300036637,155 615 620,A01,2,7,0,2,2,1,0,0.0
202300036637,155 615 621,B01,2,2,0,0,4,1,1,0.0
202300036638,155 615 619,A01,1,10,2,0,2,14,1,0.0
202300036639,155 615 618,A01,1,7,15,0,2,1,1,0.0
202300036640,155 615 617,A01,2,7,6,0,2,1,1,0.0
202300036641,155 615 616,A01,1,10,0,1,3,1,3,0.0
202300036642,155 615 614,A01,1,7,0,2,7,6,1,0.0
202300036642,155 615 615,B01,1,10,0,2,1,1,1,0.0
202300036643,155 615 612,A01,2,10,0,2,1,1,1,0.0
202300036643,155 615 613,B01,1,10,0,2,1,1,1,0.0
202300036644,155 615 610,A01,1,7,0,2,2,15,1,0.0
202300036644,155 615 611,B01,1,2,0,2,3,2,1,0.0
202300036645,155 615 608,B01,1,31,0,2,1,1,1,0.0
202300036645,155 615 609,A01,2,7,0,2,2,17,1,0.0
202300036646,155 615 605,B01,1,7,0,2,2,1,1,0.0
202300036646,155 615 606,C01,2,7,0,2,8,1,1,0.0
202300036646,155 615 607,A01,2,7,0,2,3,13,1,0.0
202300036647,155 615 603,A01,1,7,0,2,3,1,1,0.0
202300036647,155 615 604,B01,2,7,0,2,3,13,1,0.0
202300036648,155 615 601,A01,1,7,0,2,4,2,1,0.0
202300036648,155 615 602,B01,1,10,0,2,1,2,1,0.0
202300036649,155 615 600,A01,2,7,10,0,1,19,1,0.0
202300036650,155 615 598,A01,1,7,0,2,1,13,0,0.0
202300036650,155 615 599,B01,2,7,0,2,1,0,0,0.0
202300036651,155 615 596,A01,1,7,0,2,1,5,1,0.0
202300036651,155 615 597,B01,2,7,0,2,1,1,1,0.0
202300036652,155 615 595,A01,3,7,0,1,2,1,1,0.0
202300036653,155 615 594,A01,1,10,9,1,2,1,1,0.0
202300036654,155 615 593,A01,1,7,13,0,0,16,1,0.0
202300036655,155 615 592,A01,1,7,0,0,9,17,1,0.0
202300036656,155 615 590,B01,2,3,0,2,4,1,1,0.0
202300036656,155 615 591,A01,2,7,0,2,1,2,1,0.0
202300036657,155 615 588,A01,1,2,0,0,1,13,1,0.0
202300036657,155 615 589,B01,2,2,0,0,1,26,1,0.0
202300036658,155 615 586,A01,1,7,0,2,3,26,0,0.0
202300036658,155 615 587,B01,1,33,0,0,7,1,1,0.0
202300036659,155 615 585,A01,1,7,0,1,2,1,1,0.0
202300036660,155 615 583,A01,1,7,3,2,2,2,1,0.0
202300036660,155 615 584,B01,1,7,3,0,4,1,1,0.0
202300036661,155 615 582,A01,3,38,0,1,2,16,1,1.0
202300036662,155 615 580,A01,1,7,0,1,1,16,1,0.0
202300036663,155 615 578,B01,0,7,0,2,2,1,0,0.0
202300036663,155 615 579,A01,0,1,0,2,0,1,5,0.0
202300036664,155 615 577,A01,2,33,0,0,1,0,1,0.0
202300036665,155 615 575,A01,3,7,0,2,1,15,1,0.0
202300036665,155 615 576,B01,3,80,0,2,7,0,3,0.0
202300036666,155 615 573,A01,2,17,0,2,8,1,1,0.0
202300036666,155 615 574,B01,1,14,0,2,1,1,1,0.0
202300036667,155 615 571,A01,2,2,0,0,6,19,3,0.0
202300036667,155 615 572,B01,2,33,0,2,1,1,1,0.0
202300036668,155 615 569,A01,1,7,0,0,3,13,1,0.0
202300036668,155 615 570,B01,2,17,0,2,3,1,1,0.0
202300036669,155 615 568,A01,1,7,0,1,2,2,1,0.0
202300036670,155 615 566,A01,1,7,0,0,1,1,1,0.0
202300036670,155 615 567,B01,2,7,0,0,0,15,0,0.0
202300036671,155 615 565,A01,0,7,5,0,2,26,1,0.0
202300036672,155 615 562,A01,2,7,0,1,3,1,2,0.0
202300036673,155 615 561,A01,1,7,2,0,1,0,0,0.0
202300036674,155 615 559,B01,3,7,0,2,1,19,0,0.0
202300036674,155 615 560,A01,3,7,0,2,8,1,0,0.0
202300036675,155 615 557,A01,2,33,0,2,1,17,1,0.0
202300036675,155 615 558,B01,2,16,0,0,6,1,1,0.0
202300036676,155 615 555,A01,1,7,0,2,1,1,1,0.0
202300036676,155 615 556,B01,2,7,0,0,8,26,1,0.0
202300036677,155 615 553,A01,1,7,0,2,4,1,1,0.0
202300036677,155 615 554,B01,1,7,0,2,1,1,1,0.0
202300036678,155 615 551,A01,2,7,0,2,1,1,1,0.0
202300036678,155 615 552,B01,2,7,0,2,4,23,1,0.0
202300036679,155 615 550,A01,2,7,15,0,0,0,1,0.0
202300036680,155 615 548,A01,1,7,0,2,1,1,3,0.0
202300036680,155 615 549,B01,2,7,0,2,1,13,1,0.0
202300036681,155 615 546,B01,1,17,0,2,4,1,1,0.0
202300036681,155 615 547,A01,1,7,0,2,1,1,1,0.0
202300036682,155 615 545,A01,2,10,4,0,1,1,1,0.0
202300036683,155 615 543,A01,2,7,3,2,7,0,1,0.0
202300036683,155 615 544,Z01,2,14,0,2,0,12,0,0.0
202300036684,155 615 542,A01,2,32,0,0,1,21,1,0.0
202300036685,155 615 540,B01,1,10,0,9,2,1,1,0.0
202300036685,155 615 541,Z01,1,7,0,0,0,2,0,0.0
202300036686,155 615 538,B01,2,15,0,2,1,2,1,0.0
202300036686,155 615 539,A01,2,7,0,2,4,2,1,0.0
202300036687,155 615 534,B01,2,34,0,2,5,0,1,0.0
202300036687,155 615 535,C01,2,33,0,2,5,0,1,0.0
202300036687,155 615 536,D01,2,7,0,2,0,0,3,0.0
202300036687,155 615 537,A01,2,33,0,2,1,0,1,0.0
202300036688,155 615 532,A01,1,7,0,2,2,1,1,0.0
202300036688,155 615 533,B01,1,7,4,2,3,1,1,0.0
202300036689,155 615 531,A01,2,7,0,1,2,1,1,0.0
202300036690,155 615 530,A01,-1,37,0,1,1,23,1,0.0
202300036691,155 615 529,A01,1,0,0,1,0,16,0,0.0
202300036692,155 615 526,A01,2,34,12,0,0,1,1,0.0
202300036693,155 615 525,A01,2,34,12,0,1,26,1,0.0
202300036694,155 615 523,A01,1,7,0,2,3,19,1,0.0
202300036694,155 615 524,B01,2,33,0,2,1,17,1,0.0
202300036695,155 615 521,A01,3,7,0,2,7,14,1,0.0
202300036695,155 615 522,B01,3,1,0,2,8,2,5,0.0
202300036696,155 615 520,A01,1,7,0,1,1,1,1,0.0
202300036697,155 615 519,A01,2,1,0,1,0,1,5,0.0
202300036698,155 615 517,B01,3,7,0,2,1,1,1,0.0
202300036698,155 615 518,A01,3,30,0,2,7,1,1,0.0
202300036699,155 615 514,A01,2,7,0,2,1,2,1,0.0
202300036699,155 615 515,B01,2,7,0,2,4,1,1,0.0
202300036699,155 615 516,C01,2,7,0,2,4,1,3,0.0
202300036700,155 615 512,A01,1,7,0,2,1,15,1,0.0
202300036700,155 615 513,B01,2,50,0,2,8,1,3,0.0
202300036701,155 615 510,B01,1,1,0,2,1,1,5,0.0
202300036701,155 615 511,A01,2,7,0,2,1,15,1,0.0
202300036702,155 615 508,A01,3,2,0,2,1,2,1,0.0
202300036702,155 615 509,B01,3,10,16,0,5,2,1,0.0
202300036703,155 615 504,A01,0,30,0,2,1,1,1,0.0
202300036703,155 615 505,B01,0,7,0,9,6,2,1,0.0
202300036704,155 615 502,A01,2,7,0,2,3,1,0,0.0
202300036704,155 615 503,B01,1,32,0,2,1,17,0,0.0
202300036705,155 615 501,A01,1,7,0,0,0,0,1,0.0
202300036706,155 615 498,A01,1,33,0,2,1,17,1,0.0
202300036706,155 615 499,B01,1,1,0,2,3,0,5,0.0
202300036706,155 615 500,C01,1,7,0,2,1,1,1,0.0
202300036707,155 615 496,A01,1,7,0,2,3,1,1,0.0
202300036707,155 615 497,B01,1,7,0,2,1,1,1,0.0
202300036708,155 615 494,A01,0,7,0,2,2,16,1,0.0
202300036708,155 615 495,B01,0,1,0,2,8,19,5,0.0
202300036709,155 615 493,A01,2,7,2,0,1,1,1,0.0
202300036710,155 615 491,A01,2,10,0,2,2,7,1,0.0
202300036710,155 615 492,B01,2,7,0,2,8,15,1,0.0
202300036711,155 615 486,A01,1,7,0,2,4,17,1,0.0
202300036711,155 615 487,B01,1,7,0,2,2,2,1,0.0
202300036711,155 615 488,C01,1,7,0,2,1,2,1,0.0
202300036711,155 615 489,D01,1,7,0,2,2,2,1,0.0
202300036711,155 615 490,E01,1,7,0,2,3,2,1,0.0
202300036712,155 615 484,A01,0,7,0,2,3,0,6,0.0
202300036712,155 615 485,B01,0,7,0,2,3,0,6,0.0