num_acc,id_vehicule,num_veh,senc,catv,obs,obsm,choc,manv,motor,occutc
202300037226,155 614 581,A01,1,7,0,2,8,11,1,0.0
202300037227,155 614 578,A01,1,33,0,2,1,2,1,0.0
202300037227,155 614 579,B01,1,7,0,2,4,2,1,0.0
202300037228,155 614 576,A01,2,7,4,2,2,14,1,0.0
202300037228,155 614 577,B01,2,14,0,2,6,1,1,0.0
202300037229,155 614 574,A01,2,10,0,2,7,12,1,0.0
202300037229,155 614 575,B01,2,43,0,2,8,1,1,0.0
202300037230,155 614 573,A01,2,7,4,0,3,1,1,0.0
202300037231,155 614 572,A01,2,7,4,0,9,1,1,0.0
202300037232,155 614 570,B01,1,7,0,2,2,12,1,0.0
202300037232,155 614 571,A01,1,7,3,2,6,1,1,0.0
202300037233,155 614 568,A01,1,10,4,2,5,1,1,0.0
202300037233,155 614 569,B01,1,33,0,2,0,3,1,0.0
202300037234,155 614 555,A01,1,7,0,2,3,1,1,0.0
202300037234,155 614 556,B01,1,7,3,0,8,0,1,0.0
202300037234,155 614 557,C01,1,7,0,2,1,2,1,0.0
202300037234,155 614 558,D01,1,7,3,2,5,2,1,0.0
202300037234,155 614 559,E01,1,7,0,2,0,21,1,0.0
202300037234,155 614 560,F01,1,7,4,0,4,2,3,0.0
202300037234,155 614 561,G01,1,7,0,0,6,2,1,0.0
202300037234,155 614 562,H01,1,7,0,2,4,2,1,0.0
202300037234,155 614 563,I01,1,17,3,2,1,21,1,0.0
202300037234,155 614 564,J01,1,7,4,2,6,1,3,0.0
202300037234,155 614 565,K01,1,7,3,2,2,2,1,0.0
202300037234,155 614 566,L01,1,7,4,0,2,21,1,0.0
202300037234,155 614 567,M01,1,7,3,0,4,21,1,0.0
202300037235,155 614 551,B01,1,7,0,0,3,1,1,0.0
202300037235,155 614 552,C01,1,7,0,0,4,1,1,0.0
202300037235,155 614 553,A01,1,7,0,0,2,12,1,0.0
202300037235,155 614 554,D01,1,7,0,0,4,1,1,0.0
202300037236,155 614 550,A01,1,7,0,1,1,1,1,0.0
202300037237,155 614 548,A01,1,7,0,2,2,13,1,0.0
202300037237,155 614 549,B01,2,7,0,2,1,1,1,0.0
202300037238,155 614 546,A01,1,7,1,9,4,26,1,0.0
202300037238,155 614 547,B01,1,1,0,2,1,2,5,0.0
202300037239,155 614 544,A01,0,7,0,1,2,1,1,0.0
202300037240,155 614 542,B01,1,7,0,2,3,1,1,0.0
202300037240,155 614 543,A01,2,10,0,2,3,13,1,0.0
202300037241,155 614 541,A01,1,7,0,1,0,9,1,0.0
202300037242,155 614 538,C01,1,33,0,2,1,1,1,0.0
202300037242,155 614 539,A01,1,7,0,2,8,9,1,0.0
202300037242,155 614 540,B01,1,33,0,2,1,1,1,0.0
202300037243,155 614 536,B01,1,50,0,9,4,2,3,0.0
202300037243,155 614 537,A01,1,50,0,9,4,2,3,0.0
202300037244,155 614 535,A01,1,2,0,0,0,1,1,0.0
202300037245,155 614 534,A01,2,7,0,1,1,1,1,0.0
202300037246,155 614 532,B01,1,31,0,2,8,1,1,0.0
202300037246,155 614 533,A01,2,7,0,2,1,15,1,0.0
202300037247,155 614 531,A01,1,7,0,2,1,1,1,0.0
202300037248,155 614 529,A01,1,2,0,2,7,26,1,0.0
202300037248,155 614 530,B01,1,33,0,2,8,15,1,0.0
202300037249,155 614 528,A01,1,7,0,1,2,26,1,0.0
202300037250,155 614 526,B01,2,7,0,2,8,1,1,0.0
202300037250,155 614 527,A01,2,32,0,2,8,13,1,0.0
202300037251,155 614 523,B01,0,10,0,2,8,1,1,0.0
202300037251,155 614 524,A01,0,10,0,2,1,1,1,0.0
202300037252,155 614 521,B01,0,10,0,2,3,15,1,0.0
202300037252,155 614 522,A01,0,30,0,2,2,13,1,0.0
202300037253,155 614 520,A01,2,7,3,0,9,1,1,0.0
202300037254,155 614 518,B01,3,7,0,2,2,1,1,0.0
202300037254,155 614 519,A01,3,50,0,2,2,19,3,0.0
202300037255,155 614 516,A01,1,7,0,2,7,19,1,0.0
202300037255,155 614 517,B01,3,7,0,2,1,19,1,0.0
202300037256,155 614 511,A01,0,7,0,2,1,16,1,0.0
202300037256,155 614 512,C01,0,7,0,2,3,1,1,0.0
202300037256,155 614 513,B01,0,7,0,2,7,1,1,0.0
202300037257,155 614 510,A01,0,33,0,0,7,14,1,0.0
202300037258,155 614 508,A01,0,7,0,2,2,2,1,0.0
202300037258,155 614 509,B01,0,7,0,0,6,1,1,0.0
202300037259,155 614 506,A01,1,7,0,2,2,15,1,0.0
202300037259,155 614 507,B01,2,31,4,2,1,1,1,0.0
202300037260,155 614 505,A01,3,7,0,1,1,9,1,0.0
202300037261,155 614 503,A01,2,7,0,2,2,15,1,0.0
202300037261,155 614 504,B01,2,33,0,2,1,1,1,0.0
202300037262,155 614 502,A01,1,7,3,0,3,13,1,0.0
202300037263,155 614 501,A01,3,7,0,1,3,1,1,0.0
202300037264,155 614 499,A01,1,1,12,2,1,2,5,0.0
202300037264,155 614 500,B01,2,1,0,0,4,2,5,0.0
202300037265,155 614 498,A01,1,7,0,1,1,1,1,0.0
202300037266,155 614 497,A01,0,7,1,2,1,14,0,0.0
202300037267,155 614 496,A01,1,7,2,0,1,2,1,0.0
202300037268,155 614 495,A01,3,7,2,0,0,1,1,0.0
202300037269,155 614 492,B01,1,17,0,2,2,2,1,0.0
202300037269,155 614 493,A01,1,7,0,2,8,2,1,0.0
202300037269,155 614 494,C01,1,10,0,2,1,1,1,0.0
202300037270,155 614 490,A01,2,7,0,2,2,1,1,0.0
202300037270,155 614 491,B01,1,1,0,2,1,1,5,0.0
202300037271,155 614 488,A01,1,7,0,2,8,13,1,0.0
202300037271,155 614 489,B01,1,43,1,2,7,17,1,0.0
202300037272,155 614 487,A01,1,2,6,0,1,1,1,0.0
202300037273,155 614 485,A01,1,7,0,2,1,2,1,0.0
202300037273,155 614 486,B01,1,7,0,1,4,2,1,0.0
202300037274,155 614 484,A01,3,37,0,1,2,1,1,2.0
202300037275,155 614 483,A01,3,35,0,0,9,1,1,0.0
202300037276,155 614 481,A01,1,7,0,2,1,13,1,0.0
202300037276,155 614 482,B01,2,7,0,2,1,1,1,0.0
202300037277,155 614 479,B01,2,7,0,2,3,1,1,0.0
202300037277,155 614 480,A01,1,7,0,2,3,13,1,0.0
202300037278,155 614 477,A01,1,7,0,2,3,9,1,0.0
202300037278,155 614 478,B01,1,7,6,0,5,1,1,0.0
202300037279,155 614 476,A01,1,10,0,1,1,15,1,0.0
202300037280,155 614 475,A01,3,7,0,1,2,1,1,0.0
202300037281,155 614 474,A01,2,7,6,0,1,14,1,0.0
202300037282,155 614 472,B01,2,40,0,2,1,1,3,0.0
202300037282,155 614 473,A01,1,50,0,4,8,19,3,0.0
202300037283,155 614 471,A01,1,7,0,1,1,1,1,0.0
202300037284,155 614 470,A01,2,32,12,0,1,1,1,0.0
202300037285,155 614 468,B01,2,7,0,2,3,15,1,0.0
202300037285,155 614 469,A01,2,32,0,2,3,15,1,0.0
202300037286,155 614 466,A01,1,32,0,2,3,1,3,0.0
202300037286,155 614 467,Z01,1,13,0,2,1,9,1,0.0
202300037287,155 614 465,A01,1,14,0,1,2,1,1,0.0
202300037288,155 614 463,B01,0,10,0,2,1,1,1,0.0
202300037288,155 614 464,A01,1,33,0,2,1,1,1,0.0
202300037289,155 614 461,A01,3,7,0,0,1,1,1,0.0
202300037289,155 614 462,B01,2,33,0,2,8,1,1,0.0
202300037290,155 614 460,A01,2,43,0,1,1,1,1,0.0
202300037291,155 614 458,B01,1,50,0,2,5,1,3,0.0
202300037291,155 614 459,A01,1,15,0,2,0,16,1,0.0
202300037292,155 614 457,A01,2,37,0,1,2,1,1,1.0
202300037293,155 614 455,B01,1,7,0,0,6,23,1,0.0
202300037293,155 614 456,A01,1,50,0,2,1,2,3,0.0
202300037294,155 614 454,A01,2,1,14,0,1,1,5,0.0
202300037295,155 614 451,A01,2,7,14,2,1,2,1,0.0
202300037295,155 614 452,B01,2,7,14,2,4,0,1,0.0
202300037295,155 614 453,C01,2,7,0,2,4,0,0,0.0
202300037296,155 614 449,A01,3,50,0,2,7,26,3,0.0
202300037296,155 614 450,B01,2,33,0,9,1,1,1,0.0
202300037297,155 614 447,A01,1,10,0,2,1,1,3,0.0
202300037297,155 614 448,B01,1,1,0,2,4,1,5,0.0
202300037298,155 614 445,A01,3,7,0,2,3,0,1,0.0
202300037298,155 614 446,B01,3,7,0,2,3,0,1,0.0
202300037299,155 614 443,A01,3,7,0,2,1,15,1,0.0
202300037299,155 614 444,B01,3,1,0,2,8,1,5,0.0
202300037300,155 614 441,B01,2,32,0,2,7,1,1,0.0
202300037300,155 614 442,A01,1,7,0,2,1,9,1,0.0
202300037301,155 614 439,A01,2,7,0,2,3,15,1,0.0
202300037301,155 614 440,B01,2,33,0,2,2,1,1,0.0
202300037302,155 614 437,A01,1,7,0,2,5,16,1,0.0
202300037302,155 614 438,B01,1,32,0,2,3,18,1,0.0
202300037303,155 614 436,A01,3,7,0,1,1,1,1,0.0
202300037304,155 614 434,A01,2,7,0,2,1,1,1,0.0
202300037304,155 614 435,B01,2,7,0,2,6,1,1,0.0
202300037305,155 614 431,A01,0,7,0,2,1,13,1,0.0
202300037305,155 614 432,C01,0,7,0,2,3,0,1,0.0
202300037305,155 614 433,B01,0,7,0,9,3,23,1,0.0
202300037306,155 614 428,A01,0,37,0,2,4,23,1,1.0
202300037306,155 614 429,B01,0,7,0,2,4,23,1,0.0
202300037306,155 614 430,C01,0,7,0,2,1,1,1,0.0
202300037307,155 614 427,A01,1,33,8,0,5,14,1,0.0
202300037308,155 614 425,A01,1,7,0,2,1,20,1,0.0
202300037308,155 614 426,B01,2,43,0,2,2,1,1,0.0
202300037309,155 614 424,A01,3,1,0,0,7,1,5,0.0
202300037310,155 614 422,A01,1,33,0,2,8,1,1,0.0
202300037310,155 614 423,B01,1,7,0,2,0,12,0,0.0
202300037311,155 614 420,A01,0,33,0,2,1,1,1,0.0
202300037311,155 614 421,B01,0,7,0,0,3,0,0,0.0
202300037312,155 614 419,A01,1,7,8,0,2,0,1,0.0
202300037313,155 614 418,A01,3,7,1,0,2,13,1,0.0
202300037314,155 614 416,B01,0,39,0,2,3,1,3,0.0
202300037314,155 614 417,A01,1,7,0,4,2,1,1,0.0
202300037315,155 614 413,A01,1,7,0,2,1,15,1,0.0
202300037315,155 614 414,B01,2,7,0,2,3,0,1,0.0
202300037315,155 614 415,C01,2,7,0,2,3,2,1,0.0
202300037316,155 614 412,A01,2,2,0,0,0,1,1,0.0
202300037317,155 614 410,A01,2,7,4,2,2,1,6,0.0
202300037317,155 614 411,B01,2,17,0,0,6,13,6,0.0
202300037318,155 614 408,A01,2,7,0,2,2,14,1,0.0
202300037318,155 614 409,B01,2,15,0,2,6,1,1,0.0
202300037319,155 614 407,E01,1,17,0,1,2,21,1,0.0
202300037320,155 614 406,A01,2,7,0,1,1,1,1,0.0
202300037321,155 614 405,A01,2,33,2,0,1,0,0,0.0
202300037322,155 614 404,A01,2,10,0,1,1,2,1,0.0
202300037323,155 614 402,A01,0,1,0,2,2,13,5,0.0
202300037323,155 614 403,B01,0,10,0,9,2,1,1,0.0
202300037324,155 614 401,A01,2,7,0,0,2,1,1,0.0
202300037325,155 614 398,A01,1,10,0,2,7,17,1,0.0
202300037325,155 614 399,B01,1,15,0,2,8,15,1,0.0
202300037326,155 614 397,A01,1,7,0,1,3,9,1,0.0
202300037327,155 614 395,A01,2,7,0,2,2,1,1,0.0
202300037327,155 614 396,B01,2,7,7,2,6,23,1,0.0
202300037328,155 614 394,A01,0,7,0,0,9,1,1,0.0
202300037329,155 614 392,A01,1,10,0,2,3,1,1,0.0
202300037329,155 614 393,B01,2,21,0,2,3,1,1,0.0
202300037330,155 614 390,A01,2,7,0,2,1,15,1,0.0
202300037330,155 614 391,B01,1,2,0,2,1,1,1,0.0
202300037331,155 614 387,A01,1,7,0,2,2,1,1,0.0
202300037331,155 614 388,B01,2,33,0,2,1,1,1,0.0
202300037331,155 614 389,C01,2,7,0,2,3,19,1,0.0
202300037332,155 614 386,A01,1,2,5,0,2,1,1,0.0
202300037333,155 614 385,A01,3,21,0,0,9,1,1,0.0
202300037334,155 614 384,A01,3,80,0,0,0,1,3,0.0
202300037335,155 614 382,A01,1,7,0,2,8,9,1,0.0
202300037335,155 614 383,B01,2,33,0,2,3,2,1,0.0
202300037336,155 614 381,A01,1,33,15,0,1,13,1,0.0
202300037337,155 614 380,A01,2,10,7,0,1,1,1,0.0
202300037338,155 614 378,A01,1,10,0,2,1,13,1,0.0
202300037338,155 614 379,B01,2,7,0,2,1,1,1,0.0
202300037339,155 614 376,A01,2,7,0,2,1,2,1,0.0
202300037339,155 614 377,B01,2,15,0,0,4,2,1,0.0
202300037340,155 614 374,A01,2,33,0,0,8,1,1,0.0
202300037340,155 614 375,B01,2,7,0,2,7,12,1,0.0
202300037341,155 614 373,A01,1,15,0,0,7,14,1,0.0
202300037342,155 614 372,A01,2,33,8,0,2,1,1,0.0
202300037343,155 614 371,A01,1,7,0,1,2,1,2,0.0
202300037344,155 614 369,B01,2,7,3,0,6,1,1,0.0
202300037344,155 614 370,A01,2,10,0,2,2,17,1,0.0
202300037345,155 614 367,A01,1,7,0,0,8,1,1,0.0
202300037345,155 614 368,B01,2,7,0,2,1,17,6,0.0
202300037346,155 614 366,A01,3,33,0,0,8,1,1,0.0
202300037347,155 614 365,A01,2,10,0,1,6,4,1,0.0
202300037348,155 614 363,B01,1,7,0,0,1,1,1,0.0
202300037348,155 614 364,A01,2,7,0,0,8,15,1,0.0
202300037349,155 614 362,A01,1,7,0,1,1,1,1,0.0
202300037350,155 614 360,A01,2,1,0,2,1,1,5,0.0
202300037350,155 614 361,B01,2,7,0,9,8,15,1,0.0
202300037351,155 614 358,A01,3,7,0,9,2,2,0,0.0
202300037351,155 614 359,B01,3,1,0,2,4,0,5,0.0
202300037352,155 614 357,A01,3,33,1,0,1,2,1,0.0
202300037353,155 614 355,A01,2,7,0,2,6,15,1,0.0
202300037353,155 614 356,B01,1,10,0,2,1,1,1,0.0
202300037354,155 614 354,A01,3,10,0,1,1,15,3,0.0
202300037355,155 614 353,A01,2,33,0,0,0,1,1,0.0
202300037356,155 614 352,A01,2,10,0,0,0,1,1,0.0
202300037357,155 614 349,A01,1,33,0,2,2,21,1,0.0
202300037357,155 614 350,B01,1,7,0,2,6,26,1,0.0
202300037358,155 614 346,B01,1,7,0,2,2,1,1,0.0
202300037358,155 614 347,C01,1,7,0,2,3,1,2,0.0
202300037358,155 614 348,Z01,1,7,0,2,6,11,1,0.0
202300037359,155 614 344,A01,2,7,0,2,1,2,1,0.0
202300037359,155 614 345,B01,2,7,0,2,4,2,1,0.0
202300037360,155 614 341,B01,3,32,0,2,1,2,1,0.0
202300037360,155 614 342,A01,3,7,0,2,3,9,1,0.0
202300037361,155 614 339,A01,2,50,0,2,4,1,3,0.0
202300037361,155 614 340,Z01,2,50,0,2,1,1,3,0.0
202300037362,155 614 338,A01,3,37,0,1,5,9,1,1.0
202300037363,155 614 337,A01,1,7,8,0,1,14,1,0.0
202300037364,155 614 335,A01,2,7,0,2,3,17,1,0.0
202300037364,155 614 336,B01,1,7,0,2,3,1,1,0.0
202300037365,155 614 334,A01,3,30,0,2,7,21,1,0.0
202300037366,155 614 333,A01,2,32,0,0,0,0,1,0.0
202300037367,155 614 332,A01,1,10,0,1,2,0,1,0.0
202300037368,155 614 330,A01,1,10,0,4,2,19,1,0.0
202300037368,155 614 331,B01,1,40,0,2,1,2,3,0.0
202300037369,155 614 328,A01,1,33,0,2,1,3,1,0.0
202300037369,155 614 329,B01,1,7,0,2,1,9,3,0.0
202300037370,155 614 326,A01,1,7,0,2,1,1,1,0.0
202300037370,155 614 327,B01,2,7,0,2,1,0,1,0.0
202300037371,155 614 324,A01,1,7,0,2,1,1,1,0.0
202300037371,155 614 325,B01,1,13,0,0,6,2,1,0.0
202300037372,155 614 319,A01,1,7,0,2,2,15,1,0.0
202300037372,155 614 320,B01,2,33,0,2,2,1,1,0.0
202300037373,155 614 317,A01,1,7,0,2,1,1,1,0.0
202300037373,155 614 318,B01,1,7,0,2,8,1,1,0.0
202300037374,155 614 315,A01,1,30,0,2,8,17,1,0.0
202300037374,155 614 316,B01,1,7,0,2,8,1,1,0.0
202300037375,155 614 313,B01,-1,7,0,2,3,1,1,0.0
202300037375,155 614 314,A01,0,7,0,2,2,16,1,0.0
202300037376,155 614 311,B01,3,50,0,2,1,1,3,0.0
202300037376,155 614 312,A01,0,7,0,2,0,0,0,0.0
202300037377,155 614 310,A01,3,7,0,1,1,21,0,0.0
202300037378,155 614 308,A01,3,10,0,2,1,1,1,0.0
202300037378,155 614 309,B01,3,7,0,2,3,15,1,0.0
202300037379,155 614 306,A01,2,7,0,2,1,9,1,0.0
202300037379,155 614 307,B01,2,33,0,2,1,1,1,0.0
202300037380,155 614 303,A01,2,50,0,0,0,1,3,0.0
202300037381,155 614 301,A01,1,7,0,2,1,20,1,0.0
202300037381,155 614 302,B01,3,30,0,2,4,23,1,0.0
202300037382,155 614 299,B01,0,7,0,2,4,0,1,0.0
202300037382,155 614 300,A01,0,7,0,2,1,0,1,0.0
202300037383,155 614 297,A01,1,7,0,9,2,16,1,0.0
202300037383,155 614 298,B01,1,99,0,2,1,1,0,0.0
202300037384,155 614 295,A01,0,7,0,2,4,26,1,0.0
202300037384,155 614 296,B01,0,7,0,2,4,0,1,0.0
202300037385,155 614 293,A01,0,7,0,2,3,1,1,0.0
202300037385,155 614 294,B01,0,7,0,2,3,1,1,0.0
202300037386,155 614 292,A01,3,7,0,1,3,1,1,0.0
202300037387,155 614 290,A01,0,7,0,2,3,9,1,0.0
202300037387,155 614 291,B01,0,33,0,2,1,1,1,0.0
202300037388,155 614 288,B01,2,34,0,2,0,1,1,0.0
202300037388,155 614 289,A01,2,30,0,2,0,19,1,0.0
202300037389,155 614 286,A01,1,7,0,2,1,1,1,0.0
202300037389,155 614 287,B01,2,7,0,2,8,1,1,0.0
202300037390,155 614 285,A01,1,7,0,1,1,1,1,0.0
202300037391,155 614 284,A01,1,7,0,0,1,9,1,0.0
202300037392,155 614 282,B01,2,1,0,2,7,1,5,0.0
202300037392,155 614 283,A01,1,7,0,2,1,15,1,0.0
202300037393,155 614 281,A01,2,7,0,1,3,1,1,0.0
202300037394,155 614 278,A01,3,7,0,2,1,1,1,0.0
202300037394,155 614 279,B01,3,7,1,2,5,15,1,0.0
202300037394,155 614 280,C01,3,7,0,2,3,23,2,0.0
202300037395,155 614 276,A01,2,7,0,2,6,9,1,0.0
202300037395,155 614 277,B01,2,31,0,2,8,21,1,0.0
202300037396,155 614 274,B01,1,42,0,2,1,2,1,0.0
202300037396,155 614 275,A01,1,7,0,2,4,2,1,0.0
202300037397,155 614 273,A01,3,30,12,0,8,13,1,0.0
202300037398,155 614 272,A01,1,32,8,0,1,1,1,0.0
202300037399,155 614 270,B01,2,33,0,2,8,1,1,0.0
202300037399,155 614 271,A01,2,7,0,2,7,9,1,0.0
202300037400,155 614 268,B01,1,7,0,2,4,23,3,0.0
202300037400,155 614 269,A01,2,14,0,2,1,1,1,0.0
202300037401,155 614 265,A01,3,7,0,2,2,15,-1,0.0
202300037401,155 614 266,B01,3,2,0,2,1,1,-1,0.0
202300037401,155 614 267,C01,3,7,1,0,0,23,-1,0.0
202300037402,155 614 264,A01,1,33,0,0,8,15,1,0.0
202300037403,155 614 262,A01,1,7,8,2,8,15,1,0.0
202300037403,155 614 263,B01,2,15,0,2,3,1,1,0.0
202300037404,155 614 261,A01,1,7,0,1,2,1,1,0.0
202300037405,155 614 259,B01,3,30,0,2,0,0,1,0.0
202300037405,155 614 260,A01,3,7,0,2,3,15,1,0.0
202300037406,155 614 258,A01,1,7,0,1,1,15,1,0.0
202300037407,155 614 256,B01,3,34,0,0,0,0,1,0.0
202300037407,155 614 257,A01,1,7,0,0,0,12,1,0.0
202300037408,155 614 255,A01,1,33,0,0,0,1,1,0.0
202300037409,155 614 254,A01,3,7,0,1,1,1,1,0.0
202300037410,155 614 252,A01,1,7,0,2,1,2,1,0.0
202300037410,155 614 253,B01,1,7,0,2,4,0,1,0.0
202300037411,155 614 250,A01,1,7,0,2,1,1,1,0.0
202300037411,155 614 251,B01,1,7,0,2,4,2,1,0.0
202300037412,155 614 249,A01,3,7,8,0,3,15,1,0.0
202300037413,155 614 247,A01,3,7,0,2,8,9,1,0.0
202300037413,155 614 248,B01,2,7,0,2,1,2,1,0.0
202300037414,155 614 246,A01,1,7,9,0,1,1,1,0.0
202300037415,155 614 244,A01,3,7,0,2,2,9,1,0.0
202300037415,155 614 245,B01,3,1,0,2,1,9,5,0.0
202300037416,155 614 242,A01,3,50,0,2,1,1,3,0.0
202300037416,155 614 243,B01,2,7,0,2,8,1,0,0.0
202300037417,155 614 241,A01,3,7,8,0,1,14,1,0.0
202300037418,155 614 239,B01,0,7,0,2,0,15,1,0.0
202300037418,155 614 240,A01,3,32,0,2,1,26,1,0.0
202300037419,155 614 238,A01,2,14,0,1,7,1,1,0.0
202300037420,155 614 236,A01,1,33,0,2,1,1,1,0.0
202300037420,155 614 237,B01,1,7,0,2,6,15,1,0.0
202300037421,155 614 234,B01,1,80,0,4,1,1,3,0.0
202300037421,155 614 235,A01,1,40,0,2,7,1,6,0.0
202300037422,155 614 232,A01,2,7,0,2,5,5,1,0.0
202300037422,155 614 233,B01,1,7,0,2,4,1,1,0.0
202300037423,155 614 228,A01,2,1,0,2,1,1,5,0.0
202300037423,155 614 229,B01,2,7,0,2,3,15,1,0.0
202300037424,155 614 227,A01,2,0,0,1,1,18,0,0.0
202300037425,155 614 225,B01,2,7,0,2,1,1,1,0.0
202300037425,155 614 226,A01,1,7,0,2,1,13,1,0.0
202300037426,155 614 223,B01,3,1,0,2,7,0,5,0.0
202300037426,155 614 224,A01,3,7,0,2,3,1,1,0.0
202300037427,155 614 221,B01,3,50,0,2,8,15,3,0.0
202300037427,155 614 222,A01,3,7,0,2,1,2,1,0.0
202300037428,155 614 219,A01,3,7,0,2,2,14,1,0.0
202300037428,155 614 220,B01,3,33,0,2,6,1,1,0.0
202300037429,155 614 217,A01,1,7,0,2,1,1,1,0.0
202300037429,155 614 218,B01,1,1,0,2,3,15,5,0.0
202300037430,155 614 215,B01,1,7,0,2,4,2,1,0.0
202300037430,155 614 216,A01,1,43,0,0,1,2,1,0.0
202300037431,155 614 214,A01,1,10,1,0,3,2,1,0.0
202300037432,155 614 212,B01,2,7,0,2,1,2,1,0.0
202300037432,155 614 213,A01,3,1,0,2,7,6,5,0.0
202300037433,155 614 210,B01,1,7,0,2,1,0,1,0.0
202300037433,155 614 211,A01,1,7,0,2,4,23,1,0.0
202300037434,155 614 208,A01,2,7,0,2,1,1,1,0.0
202300037434,155 614 209,B01,1,7,0,2,4,1,1,0.0
202300037435,155 614 205,A01,1,7,0,2,3,17,1,0.0
202300037435,155 614 206,B01,2,7,0,2,3,1,1,0.0
202300037435,155 614 207,C01,1,15,0,2,3,1,1,0.0
202300037436,155 614 204,A01,1,7,2,0,2,16,1,0.0
202300037437,155 614 203,A01,3,7,9,0,1,0,1,0.0
202300037438,155 614 202,A01,3,32,9,0,2,15,0,0.0
202300037439,155 614 201,A01,0,7,9,0,0,6,1,0.0
202300037440,155 614 199,A01,1,7,0,2,3,1,1,0.0
202300037440,155 614 200,B01,1,7,0,2,9,16,1,0.0
202300037441,155 614 197,B01,2,7,0,2,8,0,1,0.0
202300037441,155 614 198,A01,1,7,0,2,1,15,1,0.0
202300037442,155 614 195,A01,3,7,0,9,3,9,1,0.0
202300037442,155 614 196,B01,3,1,0,2,1,1,5,0.0
202300037443,155 614 193,A01,2,7,0,2,2,15,1,0.0
202300037443,155 614 194,B01,1,7,0,2,1,1,1,0.0
202300037444,155 614 191,B01,3,7,0,2,0,0,0,0.0
202300037444,155 614 192,A01,3,33,0,2,0,1,1,0.0
202300037445,155 614 189,B01,0,7,0,2,3,15,3,0.0
202300037445,155 614 190,A01,0,30,0,2,7,21,1,0.0
202300037446,155 614 187,A01,1,50,0,2,1,25,3,0.0
202300037446,155 614 188,B01,2,7,0,2,2,1,1,0.0
202300037447,155 614 185,B01,2,33,0,2,3,1,1,0.0
202300037447,155 614 186,A01,1,7,0,2,6,26,1,0.0
202300037448,155 614 183,B01,3,34,0,2,8,1,1,0.0
202300037448,155 614 184,A01,3,7,0,2,8,15,1,0.0
202300037449,155 614 182,A01,1,7,0,1,1,1,1,0.0
202300037450,155 614 180,B01,1,2,0,2,2,1,1,0.0
202300037450,155 614 181,A01,1,7,0,2,1,9,1,0.0
202300037451,155 614 178,B01,1,33,0,2,1,3,1,0.0
202300037451,155 614 179,A01,2,7,0,2,2,12,1,0.0
202300037452,155 614 177,A01,1,33,0,0,0,3,1,0.0
202300037453,155 614 175,B01,1,7,0,2,4,2,1,0.0
202300037453,155 614 176,A01,1,7,0,2,1,2,1,0.0
202300037454,155 614 173,A01,2,33,0,2,1,3,1,0.0
202300037454,155 614 174,B01,2,33,0,2,4,3,1,0.0
202300037455,155 614 170,C01,2,7,0,2,1,2,3,0.0
202300037455,155 614 171,A01,2,7,0,2,1,2,1,0.0
202300037455,155 614 172,B01,2,7,0,2,4,9,1,0.0
202300037456,155 614 168,B01,1,7,0,2,6,11,1,0.0
202300037456,155 614 169,A01,1,43,0,2,2,3,1,0.0
202300037457,155 614 166,B01,2,1,1,0,7,1,5,0.0
202300037457,155 614 167,A01,3,10,0,2,8,22,1,0.0
202300037458,155 614 164,A01,2,33,0,2,2,17,1,0.0
202300037458,155 614 165,B01,2,7,0,2,6,1,1,0.0
202300037459,155 614 163,A01,2,7,0,1,1,1,1,0.0
202300037460,155 614 161,B01,1,1,0,2,1,1,5,0.0
202300037460,155 614 162,A01,2,1,0,2,1,14,5,0.0
202300037461,155 614 159,B01,1,7,0,2,6,15,1,0.0
202300037461,155 614 160,A01,2,43,0,2,1,1,1,0.0
202300037462,155 614 158,A01,2,50,0,0,0,1,3,0.0
202300037463,155 614 156,A01,2,7,0,2,2,1,2,0.0
202300037463,155 614 157,Y01,2,1,0,2,1,1,5,0.0
202300037464,155 614 151,A01,2,38,0,2,1,1,1,1.0
202300037464,155 614 152,B01,1,7,0,2,4,1,1,0.0
202300037464,155 614 153,C01,1,7,0,2,4,1,1,0.0
202300037464,155 614 154,E01,1,7,0,2,4,1,1,0.0
202300037464,155 614 155,D01,1,10,0,2,4,1,1,0.0
202300037465,155 614 149,A01,3,7,0,2,1,2,1,0.0
202300037465,155 614 150,B01,3,7,0,2,4,2,1,0.0
202300037466,155 614 148,A01,1,7,0,1,1,1,1,0.0
202300037467,155 614 146,B01,3,50,0,2,1,1,3,0.0
202300037467,155 614 147,A01,3,1,0,2,1,13,5,0.0
202300037468,155 614 144,B01,2,7,0,2,5,1,2,0.0
202300037468,155 614 145,A01,2,7,0,2,3,1,2,0.0
202300037469,155 614 142,B01,2,1,0,2,2,1,5,0.0
202300037469,155 614 143,A01,2,7,0,2,6,9,1,0.0
202300037470,155 614 140,B01,2,1,0,2,7,1,5,0.0
202300037470,155 614 141,A01,2,10,0,2,8,22,1,0.0
202300037471,155 614 135,A01,2,1,0,2,1,1,5,0.0
202300037471,155 614 137,Z01,1,1,0,2,1,5,5,0.0
202300037472,155 614 136,A01,3,7,0,2,3,2,1,0.0
202300037472,155 614 138,B01,3,7,0,2,4,2,1,0.0
202300037472,155 614 139,C01,3,7,0,2,0,2,2,0.0
202300037473,155 614 134,A01,1,30,0,1,1,1,1,0.0
202300037474,155 614 130,B01,2,32,0,2,2,2,1,0.0
202300037474,155 614 131,A01,2,50,0,2,0,2,3,0.0
202300037475,155 614 129,A01,1,34,0,2,1,2,1,0.0