num_acc,id_vehicule,num_veh,senc,catv,obs,obsm,choc,manv,motor,occutc
202300038755,155 611 876,A01,1,7,0,0,6,15,1,0.0
202300038755,155 611 877,B01,1,33,0,2,1,2,1,0.0
202300038756,155 611 874,A01,2,7,0,2,8,1,1,0.0
202300038756,155 611 875,B01,1,10,0,2,1,1,1,0.0
202300038757,155 611 871,A01,1,7,0,2,1,12,1,0.0
202300038757,155 611 872,B01,1,7,0,2,4,1,1,0.0
202300038757,155 611 873,C01,1,10,0,0,5,1,1,0.0
202300038758,155 611 869,A01,1,7,0,2,8,20,1,0.0
202300038758,155 611 870,B01,1,30,0,2,7,1,1,0.0
202300038759,155 611 866,A01,0,7,0,1,1,1,1,0.0
202300038760,155 611 867,B01,1,33,0,2,1,1,1,0.0
202300038760,155 611 868,A01,1,7,0,2,3,19,1,0.0
202300038761,155 611 865,A01,2,43,0,1,1,2,1,0.0
202300038762,155 611 864,A01,1,2,0,0,8,1,1,0.0
202300038763,155 611 861,A01,2,7,0,2,7,24,0,0.0
202300038763,155 611 863,B01,2,99,1,0,1,1,0,0.0
202300038764,155 611 860,A01,2,10,0,2,8,17,1,0.0
202300038764,155 611 862,B01,2,33,3,2,7,17,1,0.0
202300038765,155 611 859,A01,1,7,0,1,2,1,1,0.0
202300038766,155 611 858,A01,2,33,6,0,2,1,1,0.0
202300038767,155 611 855,A01,1,7,0,2,1,2,1,0.0
202300038767,155 611 857,B01,1,7,3,0,4,2,1,0.0
202300038768,155 611 854,A01,1,7,0,2,1,1,0,0.0
202300038768,155 611 856,B01,2,7,0,2,1,13,0,0.0
202300038769,155 611 853,A01,1,2,0,0,9,1,1,0.0
202300038770,155 611 851,A01,1,7,2,5,1,1,0,0.0
202300038771,155 611 850,A01,3,10,0,2,1,9,1,0.0
202300038771,155 611 852,B01,3,1,0,2,7,9,5,0.0
202300038772,155 611 849,A01,1,7,13,0,1,1,1,0.0
202300038773,155 611 845,B01,3,7,0,2,1,1,1,0.0
202300038773,155 611 846,A01,3,7,0,2,1,5,1,0.0
202300038774,155 611 844,A01,2,7,0,2,3,13,1,0.0
202300038774,155 611 847,B01,1,10,0,2,3,1,1,0.0
202300038774,155 611 848,C01,1,14,0,2,1,2,1,0.0
202300038775,155 611 842,A01,2,15,0,2,1,2,1,0.0
202300038775,155 611 843,B01,1,7,0,2,7,19,1,0.0
202300038776,155 611 840,A01,2,7,0,2,7,17,1,0.0
202300038776,155 611 841,B01,2,1,0,0,6,1,5,0.0
202300038777,155 611 839,A01,2,10,0,1,3,1,1,0.0
202300038778,155 611 834,A01,1,7,0,2,1,1,1,0.0
202300038778,155 611 836,B01,1,7,0,0,4,1,1,0.0
202300038778,155 611 837,C01,1,7,0,0,4,1,1,0.0
202300038778,155 611 838,D01,1,7,0,0,4,1,1,0.0
202300038779,155 611 833,A01,2,7,0,2,2,19,1,0.0
202300038779,155 611 835,B01,2,10,0,2,1,1,1,0.0
202300038780,155 611 830,A01,2,7,0,2,3,1,1,0.0
202300038780,155 611 832,B01,1,7,0,2,3,1,1,0.0
202300038781,155 611 829,A01,1,7,0,0,0,23,1,0.0
202300038782,155 611 825,A01,1,7,0,2,2,15,1,0.0
202300038782,155 611 827,B01,2,7,0,2,1,1,1,0.0
202300038783,155 611 824,A01,2,7,0,9,2,17,1,0.0
202300038783,155 611 826,B01,2,1,0,0,4,1,5,0.0
202300038784,155 611 823,A01,1,2,0,0,8,14,1,0.0
202300038785,155 611 819,B01,3,7,0,2,1,15,1,0.0
202300038785,155 611 821,A01,3,2,0,2,8,1,1,0.0
202300038786,155 611 818,A01,2,7,8,0,3,1,1,0.0
202300038787,155 611 820,B01,3,7,0,2,6,0,1,0.0
202300038787,155 611 822,A01,3,33,0,2,1,1,1,0.0
202300038788,155 611 817,A01,1,43,3,0,3,1,1,0.0
202300038789,155 611 814,A01,3,7,0,2,8,9,1,0.0
202300038789,155 611 816,B01,2,10,0,2,1,1,1,0.0
202300038790,155 611 813,A01,1,2,0,2,7,1,1,0.0
202300038790,155 611 815,B01,2,7,0,2,3,16,2,0.0
202300038791,155 611 812,A01,2,7,2,0,1,0,1,0.0
202300038792,155 611 811,A01,1,7,0,1,2,0,1,0.0
202300038793,155 611 810,A01,3,1,0,0,0,0,5,0.0
202300038794,155 611 809,A01,2,7,13,0,9,1,1,0.0
202300038795,155 611 808,A01,2,7,13,0,2,1,1,0.0
202300038796,155 611 807,A01,3,7,6,0,7,1,1,0.0
202300038797,155 611 803,A01,3,7,0,2,1,1,1,0.0
202300038797,155 611 804,B01,3,10,0,2,8,1,1,0.0
202300038798,155 611 805,B01,3,7,0,2,8,1,1,0.0
202300038798,155 611 806,A01,3,33,0,2,3,15,1,0.0
202300038799,155 611 801,B01,1,1,0,0,7,1,5,0.0
202300038799,155 611 802,A01,1,7,0,9,3,9,1,0.0
202300038800,155 611 797,B01,2,1,0,2,4,1,5,0.0
202300038800,155 611 798,A01,2,7,0,2,0,14,0,0.0
202300038801,155 611 799,A01,0,2,0,2,2,17,1,0.0
202300038801,155 611 800,B01,3,7,0,2,3,15,1,0.0
202300038802,155 611 796,A01,1,7,0,1,1,2,1,0.0
202300038803,155 611 795,A01,1,33,0,6,1,2,1,0.0
202300038804,155 611 794,A01,2,10,13,0,3,1,1,0.0
202300038805,155 611 793,A01,2,33,0,0,8,1,1,0.0
202300038806,155 611 790,B01,1,7,0,2,3,15,1,0.0
202300038806,155 611 792,A01,2,33,9,2,3,1,1,0.0
202300038807,155 611 789,A01,2,7,0,2,2,1,1,0.0
202300038807,155 611 791,B01,2,1,0,2,0,19,5,0.0
202300038808,155 611 786,A01,1,7,0,2,3,17,1,0.0
202300038808,155 611 788,B01,2,7,0,2,1,1,1,0.0
202300038809,155 611 785,C01,1,7,0,2,3,19,1,0.0
202300038809,155 611 787,B01,2,33,0,2,8,1,1,0.0
202300038810,155 611 779,A01,2,31,0,0,1,17,0,0.0
202300038810,155 611 781,B01,2,7,0,0,8,15,0,0.0
202300038811,155 611 777,A01,2,7,3,2,3,1,1,0.0
202300038811,155 611 778,F01,1,7,0,2,1,1,1,0.0
202300038811,155 611 780,D01,2,7,0,2,1,13,1,0.0
202300038811,155 611 782,B01,2,7,0,2,1,2,1,0.0
202300038811,155 611 783,E01,1,7,0,2,1,1,1,0.0
202300038811,155 611 784,C01,2,7,0,2,1,11,1,0.0
202300038812,155 611 774,A01,1,31,0,6,8,13,1,0.0
202300038812,155 611 776,B01,2,7,0,2,6,1,1,0.0
202300038813,155 611 773,A01,1,10,3,2,1,2,1,0.0
202300038813,155 611 775,B01,1,17,0,0,4,2,1,0.0
202300038814,155 611 769,A01,1,7,0,2,2,2,1,0.0
202300038814,155 611 772,B01,2,17,0,0,5,2,1,0.0
202300038815,155 611 766,A01,2,10,4,0,3,21,1,0.0
202300038815,155 611 767,E01,2,7,0,2,5,21,1,0.0
202300038815,155 611 768,D01,2,7,4,2,4,21,1,0.0
202300038815,155 611 770,C01,2,7,3,2,1,21,1,0.0
202300038815,155 611 771,B01,2,7,3,2,6,21,1,0.0
202300038816,155 611 763,A01,1,7,3,0,0,1,0,0.0
202300038817,155 611 762,A01,1,7,0,2,4,2,1,0.0
202300038817,155 611 764,B01,1,7,0,2,1,2,1,0.0
202300038817,155 611 765,C01,2,15,0,2,3,1,1,0.0
202300038818,155 611 758,B01,2,7,0,2,4,2,1,0.0
202300038818,155 611 760,C01,2,7,3,0,3,2,1,0.0
202300038818,155 611 761,A01,2,7,3,2,1,2,1,0.0
202300038819,155 611 755,B01,2,7,0,2,1,1,1,0.0
202300038819,155 611 756,A01,1,7,0,2,1,13,1,0.0
202300038820,155 611 754,A01,2,10,1,0,1,2,1,0.0
202300038820,155 611 757,B01,2,10,0,2,4,2,1,0.0
202300038820,155 611 759,C01,2,15,0,0,6,1,1,0.0
202300038821,155 611 753,A01,2,7,16,0,0,1,1,0.0
202300038822,155 611 751,A01,1,7,0,0,0,16,0,0.0
202300038822,155 611 752,B01,1,31,0,0,9,1,1,0.0
202300038823,155 611 750,A01,1,31,0,0,9,1,1,0.0
202300038824,155 611 747,A01,2,7,14,0,9,1,1,0.0
202300038825,155 611 745,B01,1,7,0,2,4,2,1,0.0
202300038825,155 611 746,C01,1,7,0,2,4,1,1,0.0
202300038825,155 611 748,D01,1,7,0,2,6,1,1,0.0
202300038825,155 611 749,A01,1,7,0,2,2,1,1,0.0
202300038826,155 611 741,A01,2,1,0,0,0,2,5,0.0
202300038827,155 611 740,A01,2,7,0,2,2,2,2,0.0
202300038827,155 611 742,B01,2,7,0,0,6,2,1,0.0
202300038828,155 611 738,A01,2,7,13,0,7,1,1,0.0
202300038829,155 611 737,A01,1,15,3,2,8,1,1,0.0
202300038829,155 611 739,B01,1,10,0,2,2,1,1,0.0
202300038830,155 611 735,B01,0,10,0,2,1,9,0,0.0
202300038830,155 611 736,A01,0,10,0,0,4,9,0,0.0
202300038831,155 611 732,A01,1,7,4,0,1,1,1,0.0
202300038832,155 611 733,A01,3,7,0,2,3,19,1,0.0
202300038832,155 611 734,B01,2,7,0,2,3,1,1,0.0
202300038833,155 611 729,A01,1,7,0,2,8,15,0,0.0
202300038833,155 611 730,B01,1,31,0,2,0,17,0,0.0
202300038834,155 611 728,A01,3,80,0,1,8,1,3,0.0
202300038835,155 611 724,A01,1,7,0,2,3,13,1,0.0
202300038835,155 611 726,B01,1,31,0,2,3,1,1,0.0
202300038836,155 611 725,A01,1,7,0,2,1,16,1,0.0
202300038836,155 611 727,B01,2,33,0,2,7,1,1,0.0
202300038837,155 611 722,A01,1,33,0,5,1,1,1,0.0
202300038838,155 611 721,A01,3,7,0,2,3,15,1,0.0
202300038838,155 611 723,B01,3,34,0,2,1,1,1,0.0
202300038839,155 611 718,B01,3,13,1,2,8,15,1,0.0
202300038839,155 611 720,A01,0,33,0,2,1,1,1,0.0
202300038840,155 611 717,B01,1,2,0,2,1,1,1,0.0
202300038840,155 611 719,A01,2,7,0,2,3,15,1,0.0
202300038841,155 611 716,A01,2,33,0,0,0,1,1,0.0
202300038842,155 611 713,B01,2,33,0,2,0,1,1,0.0
202300038842,155 611 715,A01,1,7,0,2,3,13,1,0.0
202300038843,155 611 712,B01,2,50,0,2,4,1,3,0.0
202300038843,155 611 714,A01,2,7,0,2,1,18,1,0.0
202300038844,155 611 710,A01,1,33,0,2,1,1,0,0.0
202300038845,155 611 711,A01,1,33,13,0,1,17,1,0.0
202300038846,155 611 707,A01,2,7,0,2,1,5,1,0.0
202300038846,155 611 709,B01,1,7,0,2,2,1,1,0.0
202300038847,155 611 706,A01,2,7,12,0,3,16,1,0.0
202300038848,155 611 705,A01,0,10,0,1,8,19,1,0.0
202300038849,155 611 704,A01,2,31,0,2,1,1,1,0.0
202300038850,155 611 701,B01,1,7,0,2,3,2,1,0.0
202300038850,155 611 702,A01,1,7,0,2,2,21,1,0.0
202300038851,155 611 700,B01,2,1,0,2,6,15,5,0.0
202300038851,155 611 703,A01,2,7,0,2,2,16,1,0.0
202300038852,155 611 697,B01,1,7,0,2,2,1,1,0.0
202300038852,155 611 699,A01,1,7,0,2,3,1,1,0.0
202300038853,155 611 696,A01,2,7,0,2,3,15,1,0.0
202300038853,155 611 698,B01,2,33,0,2,7,1,6,0.0
202300038854,155 611 694,A01,3,7,9,0,1,0,1,0.0
202300038855,155 611 693,A01,2,7,0,2,3,13,0,0.0
202300038855,155 611 695,B01,1,10,0,2,1,1,1,0.0
202300038856,155 611 692,A01,1,7,3,0,1,13,1,0.0
202300038857,155 611 690,A01,2,7,0,2,3,1,1,0.0
202300038857,155 611 691,B01,1,32,0,2,0,5,0,0.0
202300038858,155 611 686,C01,1,7,0,2,4,23,1,0.0
202300038858,155 611 688,B01,1,7,0,2,4,23,1,0.0
202300038858,155 611 689,A01,1,10,0,2,1,1,1,0.0
202300038859,155 611 685,A01,1,7,0,2,3,15,1,0.0
202300038859,155 611 687,B01,2,32,0,2,1,1,1,0.0
202300038860,155 611 683,A01,1,7,0,1,1,9,1,0.0
202300038861,155 611 682,A01,1,7,0,2,3,0,1,0.0
202300038861,155 611 684,B01,2,7,0,2,7,1,0,0.0
202300038862,155 611 679,A01,1,7,0,2,3,13,1,0.0
202300038862,155 611 681,B01,2,7,0,2,3,1,1,0.0
202300038863,155 611 680,A01,1,7,0,1,1,16,1,0.0
202300038864,155 611 676,A01,1,31,0,2,7,1,1,0.0
202300038864,155 611 678,B01,1,0,0,2,8,11,0,0.0
202300038865,155 611 674,A01,2,33,4,0,3,1,1,0.0
202300038866,155 611 671,B01,1,7,0,2,7,1,1,0.0
202300038866,155 611 672,A01,1,7,0,2,7,1,1,0.0
202300038867,155 611 668,A01,2,33,0,2,1,12,1,0.0
202300038867,155 611 669,B01,2,33,0,2,4,1,1,0.0
202300038868,155 611 667,A01,3,7,2,0,2,0,1,0.0
202300038869,155 611 664,A01,2,7,0,2,1,1,0,0.0
202300038869,155 611 666,B01,2,7,0,2,4,1,0,0.0
202300038870,155 611 663,A01,3,10,0,2,7,17,1,0.0
202300038870,155 611 665,B01,3,50,0,2,1,1,3,0.0
202300038871,155 611 660,A01,2,33,0,2,4,3,1,0.0
202300038871,155 611 662,B01,2,10,0,2,3,11,1,0.0
202300038872,155 611 659,B01,2,2,0,2,1,1,1,0.0
202300038872,155 611 661,A01,2,7,0,2,3,15,1,0.0
202300038873,155 611 656,A01,2,15,0,2,3,13,1,0.0
202300038873,155 611 657,B01,2,7,0,2,7,1,1,0.0
202300038873,155 611 658,C01,2,7,0,2,7,9,1,0.0
202300038874,155 611 655,A01,1,7,0,1,1,15,1,0.0
202300038875,155 611 653,A01,2,32,0,2,3,3,1,0.0
202300038875,155 611 654,B01,2,7,0,2,2,12,1,0.0
202300038876,155 611 652,A01,2,7,0,1,1,1,1,0.0
202300038877,155 611 648,A01,2,7,0,2,8,11,0,0.0
202300038877,155 611 650,B01,2,33,0,2,1,3,0,0.0
202300038877,155 611 651,C01,2,7,0,2,5,23,3,0.0
202300038878,155 611 649,A01,1,7,0,1,0,15,0,0.0
202300038879,155 611 645,A01,1,33,0,2,3,1,1,0.0
202300038879,155 611 647,B01,1,7,0,2,7,1,1,0.0
202300038880,155 611 644,B01,1,7,0,2,1,2,1,0.0
202300038880,155 611 646,A01,1,7,0,2,4,2,1,0.0
202300038881,155 611 641,C01,2,7,0,2,3,1,1,0.0
202300038881,155 611 642,A01,2,10,0,2,5,11,1,0.0
202300038881,155 611 643,B01,2,33,0,2,3,1,1,0.0
202300038882,155 611 639,A01,1,7,0,2,3,1,1,0.0
202300038882,155 611 640,B01,2,7,0,2,8,1,1,0.0
202300038883,155 611 635,A01,2,7,0,2,3,0,1,0.0
202300038883,155 611 637,B01,2,33,0,2,1,1,1,0.0
202300038883,155 611 638,C01,2,10,0,2,5,1,1,0.0
202300038884,155 611 634,B01,1,50,0,2,0,0,3,0.0
202300038884,155 611 636,A01,1,7,0,2,1,19,0,0.0
202300038885,155 611 632,A01,1,32,0,2,1,12,1,0.0
202300038885,155 611 633,B01,1,10,0,2,6,1,0,0.0
202300038886,155 611 630,A01,2,99,0,2,7,25,3,0.0
202300038886,155 611 631,B01,3,99,0,2,1,19,5,0.0
202300038887,155 611 628,B01,1,10,0,0,4,14,1,0.0
202300038887,155 611 629,A01,1,7,0,2,2,1,2,0.0
202300038888,155 611 626,A01,1,10,0,2,1,2,1,0.0
202300038888,155 611 627,B01,1,14,0,2,4,1,1,0.0
202300038889,155 611 620,A01,1,7,0,2,1,5,1,0.0
202300038889,155 611 623,B01,2,7,0,2,1,21,1,0.0
202300038890,155 611 619,C01,2,10,0,2,4,2,1,0.0
202300038890,155 611 621,D01,2,33,0,2,2,3,1,0.0
202300038890,155 611 622,E01,2,7,0,2,7,1,1,0.0
202300038890,155 611 624,A01,2,10,0,2,1,2,1,0.0
202300038890,155 611 625,B01,2,7,0,2,4,2,1,0.0
202300038891,155 611 615,A01,1,31,0,2,8,3,1,0.0
202300038891,155 611 617,B01,1,7,0,2,5,12,1,0.0
202300038892,155 611 616,A01,2,7,0,2,1,13,1,0.0
202300038892,155 611 618,B01,1,37,0,2,3,1,2,1.0
202300038893,155 611 613,A01,1,43,0,2,2,3,1,0.0
202300038893,155 611 614,B01,1,7,0,2,6,1,1,0.0
202300038894,155 611 611,B01,1,7,0,4,1,9,0,0.0
202300038894,155 611 612,A01,2,40,0,2,3,1,3,0.0
202300038895,155 611 609,A01,2,7,0,2,4,1,1,0.0
202300038895,155 611 610,B01,2,10,-1,2,1,1,0,0.0
202300038896,155 611 605,A01,2,33,0,2,3,3,1,0.0
202300038896,155 611 607,B01,2,33,0,2,4,1,1,0.0
202300038897,155 611 606,A01,1,7,0,2,0,15,1,0.0
202300038897,155 611 608,B01,2,7,0,2,0,1,1,0.0
202300038898,155 611 602,A01,2,20,0,2,1,3,1,0.0
202300038898,155 611 604,B01,2,7,0,2,2,12,1,0.0
202300038899,155 611 601,A01,1,14,0,2,2,12,1,0.0
202300038899,155 611 603,B01,1,7,0,2,6,1,1,0.0
202300038900,155 611 598,B01,1,7,0,2,4,2,1,0.0
202300038900,155 611 600,A01,1,7,0,2,2,26,1,0.0
202300038901,155 611 597,B01,2,7,0,2,4,1,1,0.0
202300038901,155 611 599,A01,2,7,0,2,1,1,1,0.0
202300038902,155 611 595,B01,0,10,0,0,6,11,1,0.0
202300038902,155 611 596,A01,0,33,0,2,1,1,1,0.0
202300038903,155 611 593,B01,2,34,0,0,8,21,1,0.0
202300038903,155 611 594,Z01,1,7,0,0,0,9,0,0.0
202300038904,155 611 592,A01,1,7,0,0,0,1,1,0.0
202300038905,155 611 591,A01,3,37,0,1,2,1,1,1.0
202300038906,155 611 590,A01,1,7,0,9,0,26,1,0.0
202300038907,155 611 589,A01,2,7,0,1,7,1,1,0.0
202300038908,155 611 588,A01,2,7,0,1,2,1,1,0.0
202300038909,155 611 586,A01,1,2,0,2,1,15,1,0.0
202300038909,155 611 587,B01,1,7,0,2,7,0,1,0.0
202300038910,155 611 585,A01,3,7,8,0,1,14,1,0.0
202300038911,155 611 583,A01,1,7,0,2,1,26,1,0.0
202300038911,155 611 584,B01,2,7,0,2,1,1,1,0.0
202300038912,155 611 579,B01,1,7,0,2,4,1,1,0.0
202300038912,155 611 581,C01,1,7,0,2,0,0,1,0.0
202300038912,155 611 582,A01,1,7,2,0,1,0,1,0.0
202300038913,155 611 580,A01,2,7,0,1,1,15,1,0.0
202300038914,155 611 577,A01,3,7,0,1,0,25,2,0.0
202300038915,155 611 574,A01,1,7,0,2,3,13,1,0.0
202300038915,155 611 575,B01,1,10,0,2,7,1,1,0.0
202300038915,155 611 576,C01,1,43,0,2,6,1,1,0.0
202300038915,155 611 578,D01,1,1,0,2,6,1,0,0.0
202300038916,155 611 573,A01,1,7,0,1,3,0,1,0.0
202300038917,155 611 571,A01,2,7,8,2,3,16,1,0.0
202300038917,155 611 572,B01,2,14,0,2,0,16,1,0.0
202300038918,155 611 570,A01,1,38,0,1,2,1,1,1.0
202300038919,155 611 567,A01,1,7,0,2,1,2,1,0.0
202300038919,155 611 568,B01,1,7,0,2,4,2,1,0.0
202300038919,155 611 569,C01,1,7,0,2,4,2,1,0.0
202300038920,155 611 566,A01,1,10,0,1,1,15,1,0.0
202300038921,155 611 562,A01,2,37,0,1,7,26,6,1.0
202300038922,155 611 560,A01,2,31,0,2,1,17,1,0.0
202300038922,155 611 561,B01,2,10,0,2,3,9,1,0.0
202300038923,155 611 559,A01,1,7,0,1,1,15,1,0.0
202300038924,155 611 557,B01,1,7,0,2,2,1,1,0.0
202300038924,155 611 558,A01,1,7,0,2,1,1,1,0.0
202300038925,155 611 556,A01,1,50,0,1,1,17,3,0.0
202300038926,155 611 555,A01,0,7,0,1,3,1,1,0.0
202300038927,155 611 552,A01,3,7,0,1,2,15,1,0.0
202300038928,155 611 553,A01,2,17,0,2,6,13,1,0.0
202300038928,155 611 554,B01,1,7,0,2,1,1,1,0.0
202300038929,155 611 550,A01,1,7,0,2,1,1,1,0.0
202300038929,155 611 551,B01,1,7,0,2,4,23,1,0.0
202300038930,155 611 549,A01,1,30,0,1,1,1,3,0.0
202300038931,155 611 547,B01,2,2,0,2,1,0,1,0.0
202300038931,155 611 548,A01,2,7,0,2,1,9,1,0.0
202300038932,155 611 545,A01,1,7,0,2,0,26,1,0.0
202300038932,155 611 546,B01,1,33,0,2,1,1,1,0.0
202300038933,155 611 541,A01,1,7,13,0,1,1,1,0.0
202300038934,155 611 540,B01,2,7,0,2,1,1,1,0.0
202300038934,155 611 542,A01,2,7,0,2,4,1,1,0.0
202300038935,155 611 537,B01,3,50,0,2,0,1,3,0.0
202300038935,155 611 539,A01,3,7,0,9,1,16,1,0.0
202300038936,155 611 536,B01,1,80,0,2,1,0,3,0.0
202300038936,155 611 538,A01,1,7,0,2,3,26,1,0.0
202300038937,155 611 534,A01,1,10,8,2,1,1,1,0.0
202300038937,155 611 535,B01,1,7,0,2,7,1,1,0.0
202300038938,155 611 532,A01,1,7,0,2,7,15,1,0.0
202300038938,155 611 533,B01,2,33,0,2,1,1,1,0.0
202300038939,155 611 531,A01,0,7,0,1,3,15,0,0.0
202300038940,155 611 529,A01,1,30,0,2,2,9,1,0.0
202300038940,155 611 530,B01,1,7,0,2,3,1,1,0.0
202300038941,155 611 527,A01,1,7,0,2,2,15,0,0.0
202300038941,155 611 528,B01,2,50,0,2,3,2,3,0.0
202300038942,155 611 525,A01,2,7,0,2,2,15,1,0.0
202300038942,155 611 526,B01,1,34,0,2,1,1,1,0.0
202300038943,155 611 523,B01,3,33,0,2,1,2,1,0.0
202300038943,155 611 524,A01,3,1,0,2,8,15,5,0.0
202300038944,155 611 522,A01,3,7,0,1,1,16,3,0.0
202300038945,155 611 515,Z01,1,7,0,2,1,1,1,0.0
202300038945,155 611 517,A01,1,1,0,2,4,23,5,0.0
202300038945,155 611 518,B01,1,1,0,2,4,23,5,0.0
202300038946,155 611 513,A01,2,7,0,2,1,15,1,0.0
202300038946,155 611 514,B01,1,30,0,2,3,1,1,0.0
202300038947,155 611 512,A01,1,7,1,0,1,14,1,0.0
202300038948,155 611 509,B01,3,1,0,2,1,19,5,0.0
202300038948,155 611 511,A01,3,10,0,2,2,1,6,0.0
202300038949,155 611 508,A01,0,7,0,2,2,15,1,0.0
202300038949,155 611 510,B01,0,32,0,2,1,1,1,0.0
202300038950,155 611 507,A01,3,32,0,2,0,0,1,0.0
202300038951,155 611 503,A01,2,31,0,2,7,17,1,0.0
202300038951,155 611 505,C01,1,7,0,2,1,1,1,0.0
202300038951,155 611 506,B01,2,7,0,2,8,2,1,0.0
202300038952,155 611 502,A01,3,7,0,2,1,1,1,0.0
202300038952,155 611 504,B01,3,10,0,2,1,15,1,0.0
202300038953,155 611 500,B01,3,1,0,2,8,19,5,0.0
202300038953,155 611 501,A01,1,7,0,2,2,1,2,0.0
202300038954,155 611 499,A01,1,50,0,1,1,17,3,0.0
202300038955,155 611 496,A01,1,7,0,2,2,15,1,0.0
202300038955,155 611 498,B01,2,7,0,2,1,1,1,0.0
202300038956,155 611 495,A01,2,2,0,2,1,1,1,0.0
202300038956,155 611 497,B01,1,7,0,2,2,15,1,0.0
202300038957,155 611 492,A01,3,7,0,2,3,15,1,0.0
202300038957,155 611 494,B01,3,7,0,2,1,1,1,0.0
202300038958,155 611 490,A01,3,7,0,2,2,15,1,0.0
202300038958,155 611 491,B01,3,7,0,2,1,1,1,0.0
202300038958,155 611 493,C01,3,7,0,2,1,23,1,0.0
202300038959,155 611 488,A01,2,7,9,2,2,1,1,0.0
202300038959,155 611 489,B01,2,7,0,2,6,13,1,0.0
202300038960,155 611 486,A01,3,7,9,0,2,16,1,0.0
202300038961,155 611 485,A01,1,50,0,4,1,13,3,0.0
202300038961,155 611 487,B01,2,40,0,2,3,1,3,0.0
202300038962,155 611 482,A01,1,7,0,2,1,1,1,0.0
202300038962,155 611 483,B01,1,7,0,2,4,2,1,0.0
202300038963,155 611 478,A01,1,33,0,2,1,17,1,0.0
202300038963,155 611 480,B01,1,50,0,2,1,19,3,0.0
202300038964,155 611 477,B01,1,1,0,0,1,0,5,0.0
202300038964,155 611 479,A01,0,7,0,0,0,26,2,0.0
202300038965,155 611 476,A01,2,10,0,0,1,14,1,0.0
202300038966,155 611 475,A01,3,17,0,1,2,1,1,0.0
202300038967,155 611 473,A01,2,3,0,2,2,15,1,0.0
202300038967,155 611 474,B01,1,10,0,2,3,1,1,0.0
202300038968,155 611 472,A01,1,7,0,1,1,14,0,0.0
202300038969,155 611 470,A01,3,7,14,0,9,16,1,0.0
202300038970,155 611 469,A01,1,7,0,2,2,1,1,0.0
202300038970,155 611 471,B01,1,7,0,2,5,15,1,0.0
202300038971,155 611 467,A01,1,32,0,0,6,15,1,0.0
202300038972,155 611 466,B01,1,33,0,2,1,17,1,0.0
202300038972,155 611 468,A01,1,7,0,2,1,15,1,0.0
202300038973,155 611 463,A01,3,7,0,2,1,13,1,0.0
202300038973,155 611 465,B01,3,7,0,2,1,1,1,0.0
202300038974,155 611 462,B01,1,7,0,2,0,0,1,0.0
202300038974,155 611 464,A01,3,31,0,2,1,2,0,0.0
202300038975,155 611 461,A01,3,7,0,1,1,15,1,0.0
202300038976,155 611 458,A01,2,10,0,2,2,1,1,0.0
202300038976,155 611 460,B01,1,33,0,2,2,1,1,0.0
202300038977,155 611 457,A01,3,7,0,2,1,15,1,0.0
202300038977,155 611 459,B01,1,2,0,2,8,1,1,0.0
202300038978,155 611 455,A01,0,7,0,1,1,0,1,0.0
202300038979,155 611 454,B01,2,7,0,2,3,1,1,0.0
202300038979,155 611 456,A01,2,7,3,2,2,1,1,0.0
202300038980,155 611 449,A01,1,33,0,2,1,17,1,0.0
202300038980,155 611 451,B01,1,7,0,2,8,15,1,0.0
202300038981,155 611 450,B01,1,7,0,2,4,23,1,0.0
202300038981,155 611 452,A01,1,7,0,2,1,1,1,0.0
202300038982,155 611 448,A01,1,33,0,0,0,1,1,0.0
202300038983,155 611 446,B01,1,10,0,2,1,23,1,0.0
202300038983,155 611 447,A01,2,33,0,2,1,13,1,0.0
202300038984,155 611 445,A01,0,7,0,1,3,1,1,0.0
202300038985,155 611 444,A01,1,10,0,1,2,9,1,0.0
202300038986,155 611 442,A01,2,7,0,2,1,10,1,0.0
202300038986,155 611 443,B01,1,31,0,2,8,1,1,0.0
202300038987,155 611 441,A01,1,34,0,1,1,1,1,0.0
202300038988,155 611 440,A01,3,7,0,1,2,1,1,0.0
202300038989,155 611 435,A01,3,7,7,0,1,0,1,0.0
202300038990,155 611 436,B01,1,32,0,2,7,1,1,0.0
202300038990,155 611 438,A01,2,7,0,2,3,9,1,0.0
202300038991,155 611 433,A01,2,10,0,2,1,1,1,0.0
202300038991,155 611 434,B01,2,7,0,2,4,1,1,0.0
202300038992,155 611 432,A01,1,80,0,1,1,1,3,0.0
202300038993,155 611 431,A01,3,37,0,1,2,1,1,1.0
202300038994,155 611 429,A01,0,7,0,1,3,1,3,0.0
202300038995,155 611 428,B01,1,80,0,2,4,1,3,0.0
202300038995,155 611 430,A01,1,7,0,2,1,1,2,0.0
202300038996,155 611 426,A01,2,7,0,2,1,13,1,0.0
202300038996,155 611 427,B01,1,7,0,2,3,1,1,0.0
202300038997,155 611 425,A01,1,80,0,0,0,21,3,0.0
202300038998,155 611 423,A01,1,7,0,2,1,1,1,0.0
202300038998,155 611 424,B01,1,7,0,2,1,1,1,0.0
202300038999,155 611 422,Z01,2,80,0,1,8,1,3,0.0
202300039000,155 611 420,A01,0,7,0,9,2,16,1,0.0
202300039000,155 611 421,B01,0,1,0,2,8,1,5,0.0
202300039001,155 611 418,B01,2,33,0,2,1,1,1,0.0