num_acc,id_vehicule,num_veh,senc,catv,obs,obsm,choc,manv,motor,occutc
202300039001,155 611 419,A01,1,7,0,2,5,15,1,0.0
202300039002,155 611 417,A01,1,30,14,0,1,26,1,0.0
202300039003,155 611 413,A01,2,7,0,2,1,1,1,0.0
202300039003,155 611 415,B01,1,7,0,2,4,2,1,0.0
202300039004,155 611 414,A01,2,7,0,2,3,26,1,0.0
202300039004,155 611 416,B01,1,33,0,2,1,21,1,0.0
202300039005,155 611 409,A01,3,7,0,2,2,1,1,0.0
202300039005,155 611 411,B01,3,32,0,2,1,1,1,0.0
202300039006,155 611 407,A01,1,7,0,2,1,26,1,0.0
202300039006,155 611 408,B01,3,7,4,2,1,1,1,0.0
202300039007,155 611 404,A01,3,7,0,1,1,2,1,0.0
202300039008,155 611 405,B01,1,32,0,2,1,7,1,0.0
202300039008,155 611 406,A01,2,7,0,2,2,15,1,0.0
202300039009,155 611 402,A01,0,43,0,2,1,18,1,0.0
202300039009,155 611 403,B01,0,7,0,0,2,0,1,0.0
202300039010,155 611 401,A01,2,33,8,0,1,16,1,0.0
202300039011,155 611 399,Z01,1,7,0,2,0,0,0,0.0
202300039011,155 611 400,B01,1,2,0,2,1,1,1,0.0
202300039012,155 611 396,A01,2,30,0,2,3,1,1,0.0
202300039012,155 611 398,C01,2,33,0,2,3,1,1,0.0
202300039013,155 611 395,B01,0,7,0,2,2,1,1,0.0
202300039013,155 611 397,A01,0,2,0,2,1,15,1,0.0
202300039014,155 611 393,A01,2,34,0,0,0,21,1,0.0
202300039015,155 611 392,A01,1,7,0,2,3,15,1,0.0
202300039015,155 611 394,B01,1,34,0,2,1,3,1,0.0
202300039016,155 611 391,A01,1,33,0,1,1,2,1,0.0
202300039017,155 611 389,B01,2,7,0,0,6,24,1,0.0
202300039017,155 611 390,A01,2,7,0,2,2,1,1,0.0
202300039018,155 611 387,A01,3,7,0,2,1,1,1,0.0
202300039018,155 611 388,B01,0,7,0,2,6,0,1,0.0
202300039019,155 611 385,B01,2,33,0,2,1,1,0,0.0
202300039019,155 611 386,A01,2,7,0,2,1,5,0,0.0
202300039020,155 611 383,B01,2,99,0,2,3,15,1,0.0
202300039020,155 611 384,A01,2,7,0,2,2,15,1,0.0
202300039021,155 611 381,Z01,3,7,0,2,0,26,1,0.0
202300039021,155 611 382,A01,2,50,0,2,0,2,3,0.0
202300039022,155 611 379,A01,1,33,0,2,1,18,0,0.0
202300039022,155 611 380,B01,2,7,0,2,2,16,0,0.0
202300039023,155 611 375,A01,3,30,0,2,3,9,1,0.0
202300039023,155 611 377,B01,3,30,0,2,1,1,1,0.0
202300039024,155 611 373,A01,3,7,0,1,1,17,1,0.0
202300039025,155 611 374,A01,2,7,0,2,1,5,1,0.0
202300039025,155 611 376,B01,1,7,1,2,1,1,1,0.0
202300039025,155 611 378,C01,3,7,0,2,6,26,1,0.0
202300039026,155 611 372,A01,2,1,0,0,0,26,5,0.0
202300039027,155 611 369,A01,2,10,0,2,2,2,1,0.0
202300039027,155 611 371,Y01,1,50,0,2,7,25,3,0.0
202300039028,155 611 368,B01,3,43,0,2,1,1,1,0.0
202300039028,155 611 370,A01,3,50,0,2,1,1,3,0.0
202300039029,155 611 367,A01,1,80,0,0,1,1,3,0.0
202300039030,155 611 365,B01,0,7,0,2,3,1,2,0.0
202300039030,155 611 366,A01,0,60,0,2,3,19,5,0.0
202300039031,155 611 363,B01,2,1,0,2,1,1,5,0.0
202300039031,155 611 364,A01,1,7,0,2,2,15,1,0.0
202300039032,155 611 361,B01,1,50,0,2,2,17,3,0.0
202300039032,155 611 362,A01,1,7,0,2,3,15,1,0.0
202300039033,155 611 359,B01,1,10,0,2,3,9,1,0.0
202300039033,155 611 360,A01,1,33,0,2,1,17,1,0.0
202300039034,155 611 355,A01,2,7,0,2,3,9,1,0.0
202300039034,155 611 357,B01,2,1,0,2,1,1,5,0.0
202300039035,155 611 356,B01,1,32,0,2,7,17,1,0.0
202300039035,155 611 358,A01,1,10,0,2,3,15,1,0.0
202300039036,155 611 353,A01,1,7,0,2,3,22,1,0.0
202300039036,155 611 354,B01,1,80,0,2,1,1,3,0.0
202300039037,155 611 352,A01,1,7,0,1,3,2,1,0.0
202300039038,155 611 349,A01,1,33,0,2,1,2,1,0.0
202300039038,155 611 351,B01,1,7,0,2,4,2,1,0.0
202300039039,155 611 348,B01,1,10,0,2,1,1,1,0.0
202300039039,155 611 350,A01,1,7,0,2,3,10,1,0.0
202300039040,155 611 346,A01,1,80,0,2,7,1,3,0.0
202300039040,155 611 347,Z01,1,43,0,2,7,1,1,0.0
202300039041,155 611 344,A01,1,7,0,1,1,1,1,0.0
202300039042,155 611 343,A01,2,32,0,2,7,1,1,0.0
202300039042,155 611 345,B01,1,7,0,2,2,15,1,0.0
202300039043,155 611 342,A01,1,1,12,0,0,14,5,0.0
202300039044,155 611 339,A01,1,1,0,2,1,2,5,0.0
202300039044,155 611 341,B01,1,80,0,2,4,23,3,0.0
202300039045,155 611 338,B01,1,7,4,0,3,1,1,0.0
202300039045,155 611 340,A01,1,10,0,2,3,13,1,0.0
202300039046,155 611 336,A01,3,7,0,2,1,1,1,0.0
202300039046,155 611 337,B01,3,34,0,2,4,23,1,0.0
202300039047,155 611 334,A01,1,3,0,2,0,0,0,0.0
202300039047,155 611 335,B01,3,60,0,2,0,0,5,0.0
202300039048,155 611 333,A01,3,1,0,1,1,25,5,0.0
202300039049,155 611 331,A01,2,10,0,2,8,22,1,0.0
202300039049,155 611 332,B01,2,80,0,2,1,1,3,0.0
202300039050,155 611 328,B01,2,1,0,2,0,1,5,0.0
202300039050,155 611 330,A01,1,7,0,9,0,15,3,0.0
202300039051,155 611 327,B01,2,30,0,2,1,1,3,0.0
202300039051,155 611 329,A01,2,7,0,2,5,10,1,0.0
202300039052,155 611 325,A01,2,37,15,0,1,2,1,1.0
202300039052,155 611 326,B01,2,7,15,0,4,2,1,0.0
202300039053,155 611 323,Z01,1,7,0,2,2,1,0,0.0
202300039053,155 611 324,A01,1,50,0,2,8,15,3,0.0
202300039054,155 611 321,A01,1,10,0,2,1,17,1,0.0
202300039054,155 611 322,B01,1,1,0,2,6,15,5,0.0
202300039055,155 611 320,A01,3,7,0,1,2,1,1,0.0
202300039056,155 611 317,A01,1,7,0,2,8,13,1,0.0
202300039056,155 611 318,B01,1,33,0,2,7,1,1,0.0
202300039057,155 611 316,A01,3,7,0,2,5,22,1,0.0
202300039057,155 611 319,B01,3,50,0,2,1,1,3,0.0
202300039058,155 611 315,A01,0,50,12,0,1,1,3,0.0
202300039059,155 611 314,A01,2,15,0,1,0,23,0,0.0
202300039060,155 611 311,A01,1,7,0,2,8,10,1,0.0
202300039060,155 611 313,B01,1,33,0,2,7,1,1,0.0
202300039061,155 611 312,A01,3,7,0,1,2,26,1,0.0
202300039062,155 611 309,A01,0,30,0,2,1,1,1,0.0
202300039062,155 611 310,B01,0,7,0,2,4,15,1,0.0
202300039063,155 611 308,A01,1,10,6,0,1,0,1,0.0
202300039064,155 611 306,B01,0,34,1,2,9,21,1,0.0
202300039064,155 611 307,A01,0,7,0,2,3,15,1,0.0
202300039065,155 611 303,A01,1,7,0,2,2,10,1,0.0
202300039065,155 611 305,B01,1,33,0,2,1,1,1,0.0
202300039066,155 611 301,A01,1,7,0,2,2,16,1,0.0
202300039066,155 611 302,B01,2,1,0,2,1,1,5,0.0
202300039067,155 611 299,A01,1,7,0,2,1,1,1,0.0
202300039067,155 611 300,B01,2,30,0,2,1,5,1,0.0
202300039068,155 611 297,B01,3,7,0,2,2,1,1,0.0
202300039068,155 611 298,A01,3,7,0,2,1,1,1,0.0
202300039069,155 611 294,A01,1,7,0,2,0,12,1,0.0
202300039069,155 611 296,B01,1,33,0,2,2,2,1,0.0
202300039070,155 611 292,A01,1,7,0,2,2,15,1,0.0
202300039070,155 611 293,B01,2,32,0,2,1,1,1,0.0
202300039071,155 611 291,A01,1,7,9,0,2,1,1,0.0
202300039072,155 611 295,A01,3,7,1,1,1,2,1,0.0
202300039073,155 611 289,A01,1,7,1,0,1,1,1,0.0
202300039073,155 611 290,B01,2,7,1,0,3,15,1,0.0
202300039074,155 611 287,A01,3,7,0,2,1,9,1,0.0
202300039074,155 611 288,B01,3,7,0,2,2,1,1,0.0
202300039075,155 611 285,A01,3,1,0,2,4,2,5,0.0
202300039075,155 611 286,B01,3,34,0,2,1,1,1,0.0
202300039076,155 611 284,A01,2,1,0,0,0,1,5,0.0
202300039077,155 611 282,A01,1,7,0,2,2,0,1,0.0
202300039077,155 611 283,B01,1,1,0,2,6,0,5,0.0
202300039078,155 611 279,B01,2,30,0,2,1,2,1,0.0
202300039078,155 611 280,A01,2,10,0,2,4,1,3,0.0
202300039078,155 611 281,C01,1,1,0,2,0,0,5,0.0
202300039079,155 611 277,A01,0,7,0,2,3,15,0,0.0
202300039079,155 611 278,B01,0,32,0,2,2,1,0,0.0
202300039080,155 611 275,B01,3,33,0,2,3,1,1,0.0
202300039080,155 611 276,A01,3,7,0,2,3,15,1,0.0
202300039081,155 611 273,A01,2,7,0,2,1,2,1,0.0
202300039081,155 611 274,B01,2,10,0,2,4,2,1,0.0
202300039082,155 611 272,A01,1,7,0,1,3,2,1,0.0
202300039083,155 611 270,B01,1,7,0,2,6,2,1,0.0
202300039083,155 611 271,A01,1,10,0,2,1,2,1,0.0
202300039084,155 611 268,B01,2,7,0,2,5,1,1,0.0
202300039084,155 611 269,A01,1,31,0,2,1,2,1,0.0
202300039085,155 611 266,B01,1,7,0,2,1,1,1,0.0
202300039085,155 611 267,A01,2,7,0,2,5,1,1,0.0
202300039086,155 611 264,A01,0,7,0,0,0,0,0,0.0
202300039086,155 611 265,B01,1,34,0,2,1,17,1,0.0
202300039087,155 611 262,A01,1,7,0,2,3,9,1,0.0
202300039087,155 611 263,B01,2,34,0,2,1,17,1,0.0
202300039088,155 611 261,A01,2,33,12,0,1,6,1,0.0
202300039089,155 611 259,A01,1,7,0,2,8,24,0,0.0
202300039089,155 611 260,B01,2,7,1,2,2,17,0,0.0
202300039090,155 611 257,B01,0,1,0,2,1,1,5,0.0
202300039090,155 611 258,A01,3,7,0,0,4,1,1,0.0
202300039091,155 611 255,B01,1,15,0,0,2,1,1,0.0
202300039091,155 611 256,A01,3,7,6,0,8,9,1,0.0
202300039092,155 611 254,A01,1,7,0,0,9,1,1,0.0
202300039093,155 611 252,A01,2,10,0,2,5,15,1,0.0
202300039093,155 611 253,B01,1,33,0,2,1,1,1,0.0
202300039094,155 611 250,A01,3,7,0,2,1,1,1,0.0
202300039094,155 611 251,B01,3,10,0,2,2,1,1,0.0
202300039095,155 611 248,A01,1,13,0,2,4,4,1,0.0
202300039095,155 611 249,B01,1,80,0,2,1,23,3,0.0
202300039096,155 611 246,B01,1,33,0,2,1,1,1,0.0
202300039096,155 611 247,A01,1,7,0,2,6,1,1,0.0
202300039097,155 611 244,A01,2,7,0,2,5,0,1,0.0
202300039097,155 611 245,B01,2,7,0,2,1,2,1,0.0
202300039098,155 611 242,B01,2,7,0,2,4,23,1,0.0
202300039098,155 611 243,A01,2,17,0,2,3,2,1,0.0
202300039099,155 611 240,B01,1,7,0,2,4,1,2,0.0
202300039099,155 611 241,A01,1,7,0,2,1,1,1,0.0
202300039100,155 611 238,A01,2,7,0,2,7,1,1,0.0
202300039100,155 611 239,B01,2,31,0,2,1,12,1,0.0
202300039101,155 611 236,A01,2,7,0,2,0,0,1,0.0
202300039101,155 611 237,B01,2,7,0,2,0,1,1,0.0
202300039102,155 611 235,A01,2,7,4,0,1,0,1,0.0
202300039103,155 611 233,B01,2,33,0,2,6,1,1,0.0
202300039103,155 611 234,A01,2,10,0,2,7,12,1,0.0
202300039104,155 611 231,A01,2,7,0,2,1,13,1,0.0
202300039104,155 611 232,B01,1,7,0,2,1,1,1,0.0
202300039105,155 611 229,B01,3,1,0,9,0,1,5,0.0
202300039105,155 611 230,A01,3,7,0,9,0,16,0,0.0
202300039106,155 611 227,A01,1,37,0,9,2,1,1,1.0
202300039106,155 611 228,B01,2,1,0,2,7,1,5,0.0
202300039107,155 611 226,A01,1,7,0,1,1,1,0,0.0
202300039108,155 611 225,A01,2,7,0,0,0,1,2,0.0
202300039109,155 611 221,A01,1,7,6,2,1,1,1,0.0
202300039109,155 611 222,B01,2,33,0,2,3,1,1,0.0
202300039109,155 611 223,C01,2,33,0,2,3,1,1,0.0
202300039109,155 611 224,D01,2,33,0,2,3,1,1,0.0
202300039110,155 611 219,A01,1,10,0,2,1,13,1,0.0
202300039110,155 611 220,B01,2,7,0,2,3,1,1,0.0
202300039111,155 611 217,B01,2,10,0,2,1,1,1,0.0
202300039111,155 611 218,A01,1,7,0,2,1,17,1,0.0
202300039112,155 611 215,A01,1,7,0,2,3,15,1,0.0
202300039112,155 611 216,B01,1,33,0,2,5,17,1,0.0
202300039113,155 611 213,B01,1,33,0,2,1,17,1,0.0
202300039113,155 611 214,A01,1,7,0,2,4,15,1,0.0
202300039114,155 611 212,A01,2,10,0,1,8,15,1,0.0
202300039115,155 611 211,A01,3,7,0,1,3,21,1,0.0
202300039116,155 611 209,A01,1,7,0,2,1,1,1,0.0
202300039116,155 611 210,B01,1,7,0,2,7,1,2,0.0
202300039117,155 611 207,A01,2,7,0,2,1,0,1,0.0
202300039117,155 611 208,B01,1,33,0,2,1,0,1,0.0
202300039118,155 611 206,A01,2,13,1,0,1,23,1,0.0
202300039119,155 611 204,B01,2,7,0,2,4,1,1,0.0
202300039119,155 611 205,A01,2,31,0,2,1,13,1,0.0
202300039120,155 611 203,A01,2,7,12,0,1,25,1,0.0
202300039121,155 611 200,A01,1,7,0,9,1,1,0,0.0
202300039121,155 611 201,B01,2,7,0,2,0,0,0,0.0
202300039121,155 611 202,C01,1,7,0,2,0,0,1,0.0
202300039122,155 611 198,A01,3,7,0,2,1,12,1,0.0
202300039122,155 611 199,B01,3,7,0,2,6,1,1,0.0
202300039123,155 611 197,A01,1,37,0,1,2,1,1,1.0
202300039124,155 611 195,A01,2,10,0,2,2,9,0,0.0
202300039124,155 611 196,B01,2,33,0,2,1,21,0,0.0
202300039125,155 611 193,A01,2,7,0,2,4,2,1,0.0
202300039125,155 611 194,Z01,2,7,0,2,1,2,0,0.0
202300039126,155 611 192,A01,3,33,12,0,8,1,1,0.0
202300039127,155 611 191,A01,1,7,4,0,3,14,1,0.0
202300039128,155 611 189,A01,3,7,0,2,1,9,1,0.0
202300039128,155 611 190,B01,3,1,0,2,8,9,5,0.0
202300039129,155 611 188,A01,2,7,0,1,5,9,1,0.0
202300039130,155 611 186,A01,1,30,0,2,1,13,1,0.0
202300039130,155 611 187,B01,2,7,0,2,2,1,1,0.0
202300039131,155 611 185,A01,2,7,0,1,1,9,2,0.0
202300039132,155 611 183,A01,2,7,4,2,9,1,1,0.0
202300039132,155 611 184,B01,2,7,0,2,1,1,1,0.0
202300039133,155 611 181,A01,3,7,0,2,3,15,1,0.0
202300039133,155 611 182,B01,2,10,0,2,2,1,1,0.0
202300039134,155 611 178,A01,1,7,0,2,4,2,1,0.0
202300039134,155 611 179,B01,1,7,0,2,9,2,1,0.0
202300039134,155 611 180,C01,1,7,0,2,1,2,1,0.0
202300039135,155 611 176,A01,3,7,0,2,1,1,1,0.0
202300039135,155 611 177,B01,3,7,0,2,2,1,1,0.0
202300039136,155 611 174,B01,3,7,1,0,4,24,1,0.0
202300039136,155 611 175,A01,3,7,0,2,1,2,1,0.0
202300039137,155 611 172,A01,2,7,9,2,1,1,1,0.0
202300039137,155 611 173,B01,2,7,0,2,1,1,1,0.0
202300039138,155 611 169,B01,1,7,0,2,4,1,1,0.0
202300039138,155 611 170,C01,1,7,0,2,4,1,1,0.0
202300039138,155 611 171,A01,1,7,0,2,1,1,1,0.0
202300039139,155 611 168,A01,2,7,0,0,3,1,1,0.0
202300039140,155 611 164,B01,3,7,0,2,6,23,1,0.0
202300039140,155 611 165,A01,3,7,0,2,1,2,1,0.0
202300039141,155 611 163,A01,0,7,8,0,1,15,1,0.0
202300039142,155 611 161,A01,3,7,0,2,1,2,1,0.0
202300039142,155 611 162,B01,3,7,0,2,4,2,1,0.0
202300039143,155 611 159,A01,1,10,0,2,2,13,1,0.0
202300039143,155 611 160,B01,1,34,14,2,8,21,1,0.0
202300039144,155 611 157,A01,2,7,0,2,1,16,1,0.0
202300039144,155 611 158,B01,1,1,0,2,7,1,5,0.0
202300039145,155 611 156,A01,1,7,0,1,3,1,1,0.0
202300039146,155 611 154,A01,2,7,0,2,3,15,1,0.0
202300039146,155 611 155,B01,1,1,0,2,1,1,5,0.0
202300039147,155 611 152,A01,1,33,0,2,1,1,1,0.0
202300039147,155 611 153,B01,1,7,0,2,4,1,1,0.0
202300039148,155 611 150,A01,0,7,0,9,2,15,0,0.0
202300039148,155 611 151,B01,1,50,0,2,1,1,3,0.0
202300039149,155 611 149,A01,0,7,0,1,1,1,1,0.0
202300039150,155 611 147,B01,3,7,0,2,8,26,1,0.0
202300039150,155 611 148,A01,1,2,0,2,1,1,1,0.0
202300039151,155 611 146,A01,3,7,6,0,1,14,0,0.0
202300039152,155 611 144,B01,2,33,0,2,5,1,1,0.0
202300039152,155 611 145,A01,2,7,0,2,3,9,1,0.0
202300039153,155 611 142,A01,0,7,0,2,1,15,1,0.0
202300039153,155 611 143,B01,0,37,0,2,1,1,1,1.0
202300039154,155 611 140,A01,1,7,0,2,1,1,1,0.0
202300039154,155 611 141,B01,2,7,0,2,8,1,1,0.0
202300039155,155 611 139,A01,3,7,6,0,2,14,1,0.0
202300039156,155 611 137,A01,1,30,0,2,1,1,1,0.0
202300039156,155 611 138,B01,1,37,0,2,4,23,1,1.0
202300039157,155 611 134,B01,1,10,0,2,3,1,1,0.0
202300039157,155 611 135,A01,1,33,0,2,1,1,1,0.0
202300039158,155 611 132,A01,3,7,0,2,3,1,1,0.0
202300039158,155 611 133,B01,3,30,0,2,1,13,1,0.0
202300039159,155 611 131,A01,2,7,0,1,3,26,1,0.0
202300039160,155 611 130,A01,1,1,1,0,1,1,5,0.0
202300039161,155 611 128,A01,2,50,0,2,1,1,3,0.0
202300039161,155 611 129,B01,1,7,0,2,3,1,1,0.0
202300039162,155 611 126,A01,1,7,0,0,0,0,2,0.0
202300039162,155 611 127,B01,1,32,8,2,8,1,1,0.0
202300039163,155 611 124,Z01,3,7,0,2,0,17,0,0.0
202300039163,155 611 125,B01,3,30,0,2,8,1,1,0.0
202300039164,155 611 122,B01,2,7,0,2,4,2,1,0.0
202300039164,155 611 123,A01,2,7,0,2,1,2,1,0.0
202300039165,155 611 120,A01,1,15,0,2,1,2,1,0.0
202300039165,155 611 121,B01,1,7,0,2,4,2,1,0.0
202300039166,155 611 119,A01,1,7,12,0,8,1,1,0.0
202300039167,155 611 117,B01,2,10,0,2,4,12,1,0.0
202300039167,155 611 118,A01,2,32,0,2,1,3,1,0.0
202300039168,155 611 116,A01,2,80,0,1,1,21,3,0.0
202300039169,155 611 115,A01,1,50,0,1,1,2,3,0.0
202300039170,155 611 113,B01,1,10,0,0,4,2,1,0.0
202300039170,155 611 114,A01,1,80,0,2,1,2,3,0.0
202300039171,155 611 112,A01,1,33,0,0,0,21,1,0.0
202300039172,155 611 110,B01,2,80,0,2,1,1,3,0.0
202300039172,155 611 111,A01,2,7,0,2,8,24,1,0.0
202300039173,155 611 108,B01,1,33,0,2,1,17,1,0.0
202300039173,155 611 109,A01,1,7,0,2,3,15,0,0.0
202300039174,155 611 106,A01,1,7,0,2,1,1,1,0.0
202300039174,155 611 107,B01,1,2,0,2,4,10,1,0.0
202300039175,155 611 104,A01,3,7,0,2,1,1,1,0.0
202300039175,155 611 105,B01,3,10,0,2,4,1,1,0.0
202300039176,155 611 100,A01,1,7,0,2,1,0,1,0.0
202300039176,155 611 101,B01,1,7,0,2,4,1,1,0.0
202300039176,155 611 102,C01,1,7,0,2,4,23,1,0.0
202300039176,155 611 103,D01,1,10,0,2,4,23,1,0.0
202300039177,155 611 098,B01,1,31,0,2,2,17,0,0.0
202300039177,155 611 099,A01,1,7,0,2,3,9,0,0.0
202300039178,155 611 096,B01,2,50,0,2,1,1,3,0.0
202300039178,155 611 097,A01,1,7,16,2,3,9,0,0.0
202300039179,155 611 094,B01,1,7,0,2,7,1,1,0.0
202300039179,155 611 095,A01,2,7,0,2,1,9,0,0.0
202300039180,155 611 093,A01,1,7,9,0,9,21,1,0.0
202300039181,155 611 091,B01,1,31,0,2,4,1,1,0.0
202300039181,155 611 092,A01,1,7,0,2,2,19,1,0.0
202300039182,155 611 089,A01,2,7,0,2,2,1,2,0.0
202300039182,155 611 090,B01,2,7,0,0,1,1,1,0.0
202300039183,155 611 086,A01,1,7,0,2,1,9,1,0.0
202300039183,155 611 087,B01,1,7,0,2,1,9,1,0.0
202300039183,155 611 088,C01,1,7,0,2,7,0,1,0.0
202300039184,155 611 084,A01,0,10,0,2,1,9,1,0.0
202300039184,155 611 085,B01,0,1,0,2,7,19,5,0.0
202300039185,155 611 082,A01,2,2,0,2,1,2,1,0.0
202300039185,155 611 083,B01,2,10,0,0,4,23,1,0.0
202300039186,155 611 080,A01,1,2,0,2,7,1,1,0.0
202300039186,155 611 081,B01,1,7,0,2,3,16,2,0.0
202300039187,155 611 078,A01,2,33,9,9,1,17,1,0.0
202300039187,155 611 079,B01,2,1,0,0,3,13,5,0.0
202300039188,155 611 076,A01,0,2,0,0,0,0,1,0.0
202300039188,155 611 077,B01,0,7,0,0,3,0,1,0.0
202300039189,155 611 074,A01,1,7,0,2,2,14,1,0.0
202300039189,155 611 075,B01,3,10,0,0,8,23,1,0.0
202300039190,155 611 072,B01,1,34,0,0,1,13,0,0.0
202300039190,155 611 073,A01,1,7,0,0,4,15,0,0.0
202300039191,155 611 070,A01,1,10,1,0,2,14,1,0.0
202300039191,155 611 071,B01,1,16,0,2,8,24,1,0.0
202300039192,155 611 068,A01,2,7,3,2,2,13,1,0.0
202300039192,155 611 069,B01,1,15,0,2,5,21,6,0.0
202300039193,155 611 067,A01,2,36,15,0,0,13,1,0.0
202300039194,155 611 065,A01,1,7,0,0,8,1,1,0.0
202300039194,155 611 066,B01,3,10,0,2,1,19,1,0.0
202300039195,155 611 064,A01,1,2,6,0,1,0,1,0.0
202300039196,155 611 062,A01,2,2,0,2,7,15,1,0.0
202300039196,155 611 063,B01,2,7,0,2,1,1,3,0.0
202300039197,155 611 060,A01,2,33,0,2,3,1,1,0.0
202300039197,155 611 061,B01,1,32,0,2,1,1,1,0.0
202300039198,155 611 059,A01,2,15,3,0,3,0,1,0.0
202300039199,155 611 058,A01,1,7,2,0,1,1,0,0.0
202300039200,155 611 056,A01,2,7,0,2,3,1,1,0.0
202300039200,155 611 057,B01,1,99,0,2,3,1,1,0.0
202300039201,155 611 054,A01,2,7,0,2,2,2,1,0.0
202300039201,155 611 055,B01,2,2,0,0,6,2,1,0.0
202300039202,155 611 052,A01,2,7,4,2,3,13,1,0.0
202300039202,155 611 053,B01,1,15,4,2,3,1,1,0.0
202300039203,155 611 050,A01,1,7,0,2,1,13,1,0.0
202300039203,155 611 051,B01,2,7,0,2,1,21,1,0.0
202300039204,155 611 048,A01,1,7,0,2,1,13,0,0.0
202300039204,155 611 049,B01,2,7,0,2,1,1,0,0.0
202300039205,155 611 046,A01,3,33,13,0,1,2,1,0.0
202300039205,155 611 047,B01,3,33,13,0,1,2,1,0.0
202300039206,155 611 045,A01,1,7,6,0,1,0,1,0.0
202300039207,155 611 044,A01,1,31,0,6,7,1,1,0.0
202300039208,155 611 043,A01,2,7,6,0,1,13,1,0.0
202300039209,155 611 041,A01,2,7,0,2,2,17,1,0.0
202300039209,155 611 042,B01,2,3,0,2,6,1,1,0.0
202300039210,155 611 039,A01,1,7,0,0,3,1,1,0.0
202300039210,155 611 040,B01,2,7,0,0,3,1,1,0.0
202300039211,155 611 038,A01,1,7,15,0,3,1,1,0.0
202300039212,155 611 036,A01,2,10,0,2,2,2,0,0.0
202300039212,155 611 037,B01,2,1,0,2,2,2,5,0.0
202300039213,155 611 034,A01,2,33,0,2,1,1,1,0.0
202300039213,155 611 035,B01,1,10,0,2,3,15,1,0.0
202300039214,155 611 032,A01,1,33,4,0,1,2,1,0.0
202300039214,155 611 033,B01,1,17,0,2,8,1,1,0.0
202300039215,155 611 030,A01,1,7,0,2,3,1,2,0.0
202300039215,155 611 031,B01,2,31,0,2,1,13,1,0.0
202300039216,155 611 029,A01,2,7,0,2,2,1,1,0.0
202300039217,155 611 028,A01,1,7,3,0,2,1,1,0.0
202300039218,155 611 026,B01,1,7,0,2,3,1,1,0.0
202300039218,155 611 027,A01,2,31,0,2,3,13,1,0.0
202300039219,155 611 025,A01,1,15,0,2,2,1,1,0.0
202300039220,155 611 024,A01,3,7,6,0,1,26,1,0.0
202300039221,155 611 022,A01,1,10,0,2,2,13,1,0.0
202300039221,155 611 023,B01,2,7,0,2,2,21,1,0.0
202300039222,155 611 020,A01,1,2,0,2,1,1,1,0.0
202300039222,155 611 021,B01,3,7,0,0,5,23,1,0.0
202300039223,155 611 019,A01,2,7,13,0,1,2,1,0.0
202300039224,155 611 017,B01,0,7,0,0,8,1,3,0.0
202300039224,155 611 018,A01,0,7,0,2,8,9,1,0.0
202300039225,155 611 015,A01,1,33,0,1,1,1,1,0.0
202300039226,155 611 013,A01,2,7,0,2,1,13,1,0.0
202300039226,155 611 014,B01,1,33,0,2,8,1,1,0.0
202300039227,155 611 011,A01,1,7,0,2,2,15,1,0.0
202300039227,155 611 012,B01,2,7,0,2,3,1,1,0.0
202300039228,155 611 009,A01,3,7,0,2,3,1,1,0.0
202300039228,155 611 010,B01,3,33,0,2,3,1,1,0.0
202300039229,155 611 007,A01,2,33,0,2,1,2,1,0.0
202300039229,155 611 008,B01,2,7,0,0,4,23,1,0.0
202300039230,155 611 006,A01,1,1,0,2,1,2,5,0.0
202300039231,155 611 004,A01,1,2,0,2,1,1,1,0.0
202300039231,155 611 005,B01,1,7,0,2,1,19,1,0.0
202300039232,155 611 002,A01,1,7,0,2,7,19,1,0.0
202300039232,155 611 003,B01,1,7,0,2,1,1,1,0.0
202300039233,155 611 001,A01,1,7,6,0,1,13,2,0.0
202300039234,155 610 999,A01,1,7,0,9,7,2,1,0.0
202300039234,155 611 000,B01,1,1,0,2,8,2,5,0.0
202300039235,155 610 997,A01,3,33,0,0,8,1,1,0.0
202300039236,155 610 996,A01,0,7,0,0,0,21,1,0.0
202300039237,155 610 993,A01,2,7,0,2,1,1,1,0.0
202300039237,155 610 994,B01,2,7,0,2,4,1,1,0.0
202300039237,155 610 995,C01,2,7,0,2,4,1,1,0.0
202300039238,155 610 992,A01,1,10,0,1,2,1,1,0.0
202300039239,155 610 990,A01,1,31,0,2,4,2,1,0.0
202300039239,155 610 991,B01,1,7,0,0,4,2,1,0.0
202300039240,155 610 988,B01,1,15,0,2,4,2,1,0.0
202300039240,155 610 989,A01,1,10,0,2,1,2,1,0.0
202300039241,155 610 986,A01,1,7,0,2,0,1,1,0.0
202300039241,155 610 987,B01,1,7,0,2,0,1,1,0.0
202300039242,155 610 984,A01,2,7,0,2,1,1,1,0.0
202300039242,155 610 985,B01,2,7,0,2,6,1,1,0.0
202300039243,155 610 981,C01,1,7,1,0,2,14,1,0.0
202300039243,155 610 982,B01,1,7,0,2,8,1,1,0.0
202300039243,155 610 983,A01,1,7,0,2,7,14,1,0.0
202300039244,155 610 979,A01,1,7,0,2,1,1,1,0.0
202300039244,155 610 980,B01,1,7,0,2,4,1,1,0.0
202300039245,155 610 978,A01,1,7,3,0,1,0,1,0.0
202300039246,155 610 977,A01,1,7,4,0,9,2,1,0.0
202300039247,155 610 975,A01,1,7,0,2,1,1,1,0.0