num_acc,id_vehicule,num_veh,senc,catv,obs,obsm,choc,manv,motor,occutc
202300039247,155 610 976,B01,1,7,0,2,4,11,1,0.0
202300039248,155 610 972,A01,2,7,0,2,1,2,1,0.0
202300039248,155 610 973,B01,2,7,0,2,4,2,1,0.0
202300039248,155 610 974,C01,2,7,0,2,4,1,1,0.0
202300039249,155 610 970,A01,1,7,0,2,1,2,1,0.0
202300039249,155 610 971,B01,1,7,0,2,6,2,1,0.0
202300039250,155 610 969,A01,1,33,0,-1,-1,1,1,0.0
202300039251,155 610 967,A01,2,31,0,2,8,3,1,0.0
202300039251,155 610 968,B01,2,7,0,2,5,1,1,0.0
202300039252,155 610 964,A01,2,7,1,0,1,1,2,0.0
202300039252,155 610 965,B01,2,7,0,2,4,26,1,0.0
202300039252,155 610 966,C01,2,7,1,0,1,1,1,0.0
202300039253,155 610 962,B01,1,7,3,2,8,1,1,0.0
202300039253,155 610 963,A01,1,7,0,2,7,1,3,0.0
202300039254,155 610 960,A01,3,7,0,2,4,20,1,0.0
202300039254,155 610 961,B01,3,2,0,2,3,21,1,0.0
202300039255,155 610 958,A01,2,32,0,2,1,0,1,0.0
202300039255,155 610 959,B01,1,7,0,2,1,1,1,0.0
202300039256,155 610 956,A01,1,7,14,2,1,1,1,0.0
202300039256,155 610 957,B01,1,7,14,2,4,1,1,0.0
202300039257,155 610 955,A01,1,7,4,0,8,0,1,0.0
202300039258,155 610 953,A01,1,2,0,2,1,2,1,0.0
202300039258,155 610 954,B01,2,7,0,2,8,2,1,0.0
202300039259,155 610 950,A01,0,7,0,2,1,2,1,0.0
202300039259,155 610 951,B01,0,7,0,2,4,2,1,0.0
202300039259,155 610 952,C01,1,7,0,2,4,2,1,0.0
202300039260,155 610 948,A01,3,7,0,2,1,9,1,0.0
202300039260,155 610 949,B01,3,7,0,2,2,1,1,0.0
202300039261,155 610 946,A01,2,7,0,2,6,0,1,0.0
202300039261,155 610 947,B01,2,0,0,2,4,2,0,0.0
202300039262,155 610 944,A01,2,7,0,2,2,9,1,0.0
202300039262,155 610 945,B01,2,1,0,2,1,1,5,0.0
202300039263,155 610 943,A01,0,7,2,0,1,0,1,0.0
202300039264,155 610 942,A01,2,50,0,0,0,2,3,0.0
202300039265,155 610 940,A01,2,50,0,2,8,1,3,0.0
202300039265,155 610 941,Z01,1,7,0,2,2,17,1,0.0
202300039266,155 610 937,A01,1,10,0,0,0,1,1,0.0
202300039266,155 610 938,B01,2,33,14,0,1,1,1,0.0
202300039267,155 610 935,A01,2,33,0,2,3,17,1,0.0
202300039267,155 610 936,B01,2,7,0,2,3,15,1,0.0
202300039268,155 610 934,A01,0,10,0,9,1,0,3,0.0
202300039269,155 610 933,A01,3,7,2,0,1,0,1,0.0
202300039270,155 610 932,A01,3,30,0,0,0,1,1,0.0
202300039271,155 610 930,B01,3,7,0,2,0,2,1,0.0
202300039271,155 610 931,A01,3,30,0,2,1,2,1,0.0
202300039272,155 610 928,Z01,2,7,0,2,0,13,0,0.0
202300039272,155 610 929,B01,1,7,0,2,8,1,2,0.0
202300039273,155 610 926,B01,3,7,0,2,0,15,1,0.0
202300039273,155 610 927,A01,3,33,0,2,1,0,1,0.0
202300039274,155 610 924,B01,3,7,0,2,2,9,1,0.0
202300039274,155 610 925,A01,3,30,0,2,1,9,3,0.0
202300039275,155 610 922,A01,3,7,0,2,1,15,1,0.0
202300039275,155 610 923,B01,3,33,0,2,1,16,1,0.0
202300039276,155 610 921,A01,1,7,0,0,1,14,1,0.0
202300039277,155 610 919,A01,3,7,0,2,1,2,1,0.0
202300039277,155 610 920,B01,3,7,0,2,4,1,2,0.0
202300039278,155 610 918,A01,3,80,0,5,9,21,3,0.0
202300039279,155 610 916,A01,2,1,0,2,1,1,5,0.0
202300039279,155 610 917,B01,1,7,0,2,7,1,1,0.0
202300039280,155 610 914,A01,3,50,0,2,1,1,3,0.0
202300039280,155 610 915,B01,3,7,0,2,3,15,1,0.0
202300039281,155 610 912,A01,3,15,0,2,2,16,6,0.0
202300039281,155 610 913,B01,3,1,0,2,0,1,5,0.0
202300039282,155 610 911,A01,2,10,0,0,1,14,1,0.0
202300039283,155 610 909,A01,1,3,0,2,3,13,1,0.0
202300039283,155 610 910,B01,2,7,0,2,3,1,1,0.0
202300039284,155 610 907,B01,1,31,1,0,1,13,1,0.0
202300039284,155 610 908,A01,2,7,0,0,0,1,1,0.0
202300039285,155 610 905,A01,1,7,0,9,3,1,1,0.0
202300039285,155 610 906,B01,3,50,0,2,1,0,3,0.0
202300039286,155 610 903,A01,1,1,0,2,1,1,5,0.0
202300039286,155 610 904,B01,2,7,0,9,2,1,1,0.0
202300039287,155 610 902,A01,1,7,13,0,0,1,1,0.0
202300039288,155 610 900,A01,2,33,0,2,1,1,1,0.0
202300039288,155 610 901,B01,2,10,0,0,5,1,1,0.0
202300039289,155 610 898,A01,3,7,0,2,2,1,1,0.0
202300039289,155 610 899,B01,3,1,0,2,1,19,5,0.0
202300039290,155 610 897,A01,1,7,13,0,1,0,1,0.0
202300039291,155 610 894,A01,1,15,0,0,6,0,1,0.0
202300039291,155 610 895,B01,1,15,1,0,5,2,1,0.0
202300039291,155 610 896,C01,1,15,0,9,1,1,1,0.0
202300039292,155 610 892,B01,1,33,0,2,1,1,0,0.0
202300039292,155 610 893,A01,2,10,0,2,3,15,1,0.0
202300039293,155 610 890,A01,2,2,0,2,3,15,1,0.0
202300039293,155 610 891,B01,2,10,0,2,7,17,1,0.0
202300039294,155 610 888,A01,2,7,0,2,3,15,1,0.0
202300039294,155 610 889,B01,2,31,15,2,2,17,1,0.0
202300039295,155 610 887,A01,1,7,13,0,1,13,1,0.0
202300039296,155 610 886,A01,3,2,12,0,1,0,1,0.0
202300039297,155 610 883,B01,2,7,0,2,8,26,1,0.0
202300039297,155 610 884,C01,2,32,0,2,8,26,1,0.0
202300039297,155 610 885,A01,2,7,0,2,1,1,1,0.0
202300039298,155 610 881,A01,2,33,0,2,3,1,1,0.0
202300039298,155 610 882,B01,1,7,0,2,1,1,1,0.0
202300039299,155 610 879,A01,1,7,0,2,1,1,1,0.0
202300039299,155 610 880,B01,3,7,0,2,7,19,1,0.0
202300039300,155 610 875,A01,1,10,0,2,1,2,1,0.0
202300039300,155 610 876,B01,1,17,0,0,4,2,1,0.0
202300039301,155 610 874,A01,1,7,1,0,1,0,1,0.0
202300039302,155 610 873,A01,2,33,0,0,8,1,1,0.0
202300039303,155 610 870,A01,2,7,0,2,4,23,1,0.0
202300039303,155 610 871,B01,2,7,0,2,4,23,1,0.0
202300039303,155 610 872,C01,2,10,0,2,1,2,1,0.0
202300039304,155 610 868,A01,1,7,0,2,8,17,1,0.0
202300039304,155 610 869,B01,2,1,0,2,3,1,5,0.0
202300039305,155 610 866,A01,1,10,13,2,3,1,1,0.0
202300039305,155 610 867,B01,2,7,0,2,3,1,1,0.0
202300039306,155 610 865,A01,0,31,0,0,0,20,1,0.0
202300039307,155 610 864,A01,3,2,0,0,0,26,1,0.0
202300039308,155 610 863,A01,0,33,0,0,8,1,1,0.0
202300039309,155 610 861,A01,2,2,0,9,1,5,1,0.0
202300039309,155 610 862,B01,1,17,0,2,1,1,1,0.0
202300039310,155 610 859,A01,1,7,0,2,2,15,1,0.0
202300039310,155 610 860,B01,1,33,0,2,8,1,1,0.0
202300039311,155 610 850,A01,1,7,0,2,8,1,1,0.0
202300039311,155 610 851,B01,1,7,0,2,7,1,1,0.0
202300039311,155 610 852,C01,1,7,0,0,4,1,1,0.0
202300039311,155 610 853,D01,1,7,0,0,4,1,2,0.0
202300039311,155 610 854,E01,1,7,0,0,4,1,1,0.0
202300039311,155 610 855,F01,1,10,0,0,4,1,1,0.0
202300039311,155 610 856,G01,1,7,1,0,4,1,1,0.0
202300039311,155 610 857,H01,1,10,1,0,4,1,1,0.0
202300039311,155 610 858,I01,1,7,1,0,1,1,1,0.0
202300039312,155 610 849,A01,2,33,0,0,7,3,1,0.0
202300039313,155 610 848,A01,1,33,0,0,0,1,1,0.0
202300039314,155 610 847,A01,1,7,7,0,7,14,1,0.0
202300039315,155 610 845,A01,1,7,0,2,2,1,1,0.0
202300039315,155 610 846,B01,1,15,0,2,4,1,1,0.0
202300039316,155 610 843,A01,1,14,0,2,7,12,1,0.0
202300039316,155 610 844,B01,2,7,4,2,8,1,1,0.0
202300039317,155 610 841,A01,1,7,0,2,7,12,1,0.0
202300039317,155 610 842,B01,1,33,0,2,8,1,1,0.0
202300039318,155 610 839,A01,1,7,3,2,1,2,3,0.0
202300039318,155 610 840,B01,1,7,3,2,4,2,3,0.0
202300039319,155 610 837,A01,2,7,0,2,4,2,1,0.0
202300039319,155 610 838,B01,2,33,0,2,1,2,1,0.0
202300039320,155 610 836,A01,2,32,0,0,0,26,1,0.0
202300039321,155 610 834,A01,1,10,3,0,1,19,1,0.0
202300039321,155 610 835,B01,1,7,0,2,8,2,1,0.0
202300039322,155 610 833,A01,2,7,4,0,1,1,1,0.0
202300039323,155 610 831,A01,1,7,0,2,4,12,1,0.0
202300039323,155 610 832,B01,1,33,0,2,1,3,1,0.0
202300039324,155 610 829,Z01,1,7,0,2,0,0,0,0.0
202300039324,155 610 830,A01,1,7,0,2,7,1,1,0.0
202300039325,155 610 827,A01,1,33,0,2,1,3,1,0.0
202300039325,155 610 828,B01,1,7,0,2,6,1,1,0.0
202300039326,155 610 825,A01,2,7,0,2,2,1,1,0.0
202300039326,155 610 826,B01,2,7,0,2,6,1,1,0.0
202300039327,155 610 823,B01,1,7,0,2,6,2,1,0.0
202300039327,155 610 824,A01,1,10,0,2,2,2,1,0.0
202300039328,155 610 820,A01,2,7,0,2,1,2,1,0.0
202300039328,155 610 821,B01,2,7,0,2,4,2,1,0.0
202300039328,155 610 822,C01,2,7,0,2,4,2,1,0.0
202300039329,155 610 819,A01,3,36,0,0,0,1,1,0.0
202300039330,155 610 818,A01,2,99,0,1,1,2,1,0.0
202300039331,155 610 816,B01,3,1,0,2,2,1,5,0.0
202300039331,155 610 817,A01,3,7,0,2,2,15,1,0.0
202300039332,155 610 815,A01,0,7,0,1,2,26,2,0.0
202300039333,155 610 814,A01,1,7,0,1,1,1,1,0.0
202300039334,155 610 811,A01,1,10,0,2,1,1,1,0.0
202300039334,155 610 812,B01,1,7,0,2,4,1,1,0.0
202300039334,155 610 813,C01,1,7,0,2,6,1,1,0.0
202300039335,155 610 809,A01,3,7,0,2,2,0,1,0.0
202300039335,155 610 810,B01,3,10,0,2,6,0,1,0.0
202300039336,155 610 807,A01,2,7,0,2,1,2,1,0.0
202300039336,155 610 808,B01,2,7,0,9,4,2,1,0.0
202300039337,155 610 805,B01,1,60,0,2,8,1,5,0.0
202300039337,155 610 806,A01,1,7,0,0,0,0,0,0.0
202300039338,155 610 804,A01,1,7,0,1,3,1,1,0.0
202300039339,155 610 803,A01,1,7,0,1,1,1,1,0.0
202300039340,155 610 801,B01,1,7,0,2,3,1,1,0.0
202300039340,155 610 802,A01,2,31,0,2,1,13,1,0.0
202300039341,155 610 800,A01,2,7,1,1,4,1,1,0.0
202300039342,155 610 794,A01,1,7,0,2,1,1,1,0.0
202300039342,155 610 795,B01,1,33,0,2,4,1,1,0.0
202300039343,155 610 792,B01,3,7,0,2,8,2,1,0.0
202300039343,155 610 793,A01,3,31,0,2,1,2,1,0.0
202300039344,155 610 787,A01,1,7,1,0,3,1,1,0.0
202300039344,155 610 788,B01,3,7,0,2,5,24,1,0.0
202300039345,155 610 784,A01,1,7,16,2,1,10,1,0.0
202300039345,155 610 785,B01,1,7,1,2,1,1,1,0.0
202300039345,155 610 786,C01,3,7,0,2,6,0,1,0.0
202300039346,155 610 783,A01,0,50,0,0,0,14,3,0.0
202300039347,155 610 781,A01,1,7,0,2,1,2,1,0.0
202300039347,155 610 782,B01,1,7,0,2,4,23,1,0.0
202300039348,155 610 779,B01,1,50,0,2,8,1,3,0.0
202300039348,155 610 780,A01,1,7,0,2,1,1,1,0.0
202300039349,155 610 777,A01,3,33,0,2,1,17,1,0.0
202300039349,155 610 778,B01,3,7,0,2,6,15,0,0.0
202300039350,155 610 775,B01,1,10,0,2,1,2,1,0.0
202300039350,155 610 776,A01,1,7,0,1,2,23,1,0.0
202300039351,155 610 773,B01,1,33,0,2,1,1,1,0.0
202300039351,155 610 774,A01,0,7,0,2,3,15,1,0.0
202300039352,155 610 770,C01,1,7,0,2,4,1,1,0.0
202300039352,155 610 771,A01,1,7,0,2,1,1,1,0.0
202300039352,155 610 772,B01,1,7,0,2,1,1,1,0.0
202300039353,155 610 768,A01,3,7,0,2,6,19,1,0.0
202300039353,155 610 769,B01,3,7,0,2,1,1,1,0.0
202300039354,155 610 766,A01,1,7,0,2,3,17,1,0.0
202300039354,155 610 767,B01,1,1,0,2,1,0,5,0.0
202300039355,155 610 765,A01,3,7,0,1,1,1,1,0.0
202300039356,155 610 760,A01,3,7,0,1,4,4,1,0.0
202300039357,155 610 758,B01,1,7,0,2,3,0,1,0.0
202300039357,155 610 759,A01,1,7,0,2,1,0,0,0.0
202300039358,155 610 756,B01,1,1,0,2,1,1,5,0.0
202300039358,155 610 757,A01,2,7,0,2,7,15,1,0.0
202300039359,155 610 753,C01,1,7,0,2,1,23,3,0.0
202300039359,155 610 754,A01,1,7,0,2,3,15,1,0.0
202300039359,155 610 755,B01,2,7,0,2,1,1,1,0.0
202300039360,155 610 751,A01,3,32,0,2,0,0,1,0.0
202300039360,155 610 752,B01,3,99,0,2,8,23,0,0.0
202300039361,155 610 749,B01,3,10,0,2,4,1,1,0.0
202300039361,155 610 750,A01,3,2,0,2,1,21,1,0.0
202300039362,155 610 747,A01,2,10,0,2,1,2,1,0.0
202300039362,155 610 748,B01,2,7,0,2,4,1,1,0.0
202300039363,155 610 745,A01,2,7,0,2,1,2,1,0.0
202300039363,155 610 746,B01,2,7,0,2,4,1,1,0.0
202300039364,155 610 744,B01,2,10,0,1,3,16,1,0.0
202300039365,155 610 742,A01,2,7,0,2,2,16,1,0.0
202300039365,155 610 743,B01,2,7,0,2,3,0,1,0.0
202300039366,155 610 741,A01,2,7,0,1,3,1,1,0.0
202300039367,155 610 739,A01,2,7,0,2,5,9,1,0.0
202300039367,155 610 740,B01,2,7,0,2,5,23,1,0.0
202300039368,155 610 736,A01,1,7,0,2,1,13,1,0.0
202300039368,155 610 737,B01,2,38,0,2,2,1,1,5.0
202300039368,155 610 738,C01,1,7,0,2,1,1,1,0.0
202300039369,155 610 734,B01,1,7,0,2,4,2,1,0.0
202300039369,155 610 735,A01,1,7,0,2,1,0,1,0.0
202300039370,155 610 733,A01,1,33,15,0,1,19,1,0.0
202300039371,155 610 731,A01,3,30,0,2,2,21,1,0.0
202300039371,155 610 732,B01,3,36,0,2,6,13,1,0.0
202300039372,155 610 729,A01,1,7,0,2,7,16,1,0.0
202300039372,155 610 730,B01,1,1,0,2,8,1,5,0.0
202300039373,155 610 727,A01,3,50,0,2,1,13,3,0.0
202300039373,155 610 728,B01,3,50,0,2,1,1,3,0.0
202300039374,155 610 726,A01,2,7,6,0,1,14,1,0.0
202300039375,155 610 725,A01,1,33,6,0,7,26,1,0.0
202300039376,155 610 723,A01,2,30,11,1,0,1,0,0.0
202300039377,155 610 721,A01,2,1,0,2,1,15,5,0.0
202300039377,155 610 722,B01,0,7,0,2,3,1,2,0.0
202300039378,155 610 720,A01,2,7,0,1,1,1,1,0.0
202300039379,155 610 719,A01,3,7,0,1,2,17,1,0.0
202300039380,155 610 717,A01,0,33,0,2,1,17,1,0.0
202300039380,155 610 718,B01,0,16,0,2,6,15,1,0.0
202300039381,155 610 715,A01,3,7,0,2,8,13,1,0.0
202300039381,155 610 716,B01,3,34,0,2,7,1,1,0.0
202300039382,155 610 713,A01,1,7,0,2,4,23,1,0.0
202300039382,155 610 714,C01,1,7,0,2,1,1,1,0.0
202300039383,155 610 711,A01,2,33,0,2,1,2,1,0.0
202300039383,155 610 712,B01,2,7,0,2,6,2,1,0.0
202300039384,155 610 710,A01,2,7,0,1,2,1,1,0.0
202300039385,155 610 705,A01,2,7,0,1,1,15,1,0.0
202300039386,155 610 704,A01,2,7,1,1,0,13,0,0.0
202300039387,155 610 702,A01,2,0,0,9,6,26,1,0.0
202300039387,155 610 703,B01,1,80,0,2,6,1,3,0.0
202300039388,155 610 700,A01,2,7,0,9,1,1,1,0.0
202300039388,155 610 701,B01,1,60,0,2,0,19,5,0.0
202300039389,155 610 699,A01,2,7,0,1,3,1,3,0.0
202300039390,155 610 697,A01,1,7,0,2,1,13,1,0.0
202300039390,155 610 698,B01,1,7,0,2,1,0,1,0.0
202300039391,155 610 695,B01,3,1,0,2,5,1,5,0.0
202300039391,155 610 696,A01,1,7,0,2,2,1,1,0.0
202300039392,155 610 693,B01,1,7,0,0,4,15,3,0.0
202300039392,155 610 694,Z01,1,7,0,2,1,1,1,0.0
202300039393,155 610 692,A01,3,7,1,1,5,20,1,0.0
202300039394,155 610 690,B01,1,1,0,2,1,15,5,0.0
202300039394,155 610 691,A01,3,7,0,2,2,0,1,0.0
202300039395,155 610 689,A01,1,33,0,0,8,23,1,0.0
202300039396,155 610 687,B01,2,31,0,2,2,1,1,0.0
202300039396,155 610 688,A01,2,7,0,2,8,9,2,0.0
202300039397,155 610 684,B01,1,7,0,2,4,2,1,0.0
202300039397,155 610 685,A01,1,7,0,2,1,2,1,0.0
202300039397,155 610 686,C01,1,7,0,2,4,2,1,0.0
202300039398,155 610 681,A01,2,7,0,2,2,12,1,0.0
202300039398,155 610 682,B01,2,7,0,2,3,1,1,0.0
202300039398,155 610 683,C01,2,7,0,2,5,1,1,0.0
202300039399,155 610 679,A01,2,7,0,2,8,11,1,0.0
202300039399,155 610 680,B01,2,32,0,2,7,1,1,0.0
202300039400,155 610 676,B01,1,7,0,2,4,2,1,0.0
202300039400,155 610 677,A01,1,7,0,2,1,2,1,0.0
202300039400,155 610 678,C01,1,7,0,2,4,2,1,0.0
202300039401,155 610 674,A01,2,7,0,0,8,15,1,0.0
202300039401,155 610 675,B01,2,1,0,2,1,15,5,0.0
202300039402,155 610 672,B01,3,7,0,2,4,2,1,0.0
202300039402,155 610 673,A01,3,33,0,2,1,2,1,0.0
202300039403,155 610 670,B01,2,2,0,2,8,2,3,0.0
202300039403,155 610 671,A01,1,1,0,2,1,5,5,0.0
202300039404,155 610 668,A01,1,2,0,2,1,1,1,0.0
202300039404,155 610 669,B01,1,7,0,2,5,1,1,0.0
202300039405,155 610 667,Z01,3,1,0,1,1,1,5,0.0
202300039406,155 610 666,A01,2,1,12,0,1,13,5,0.0
202300039407,155 610 664,A01,1,1,0,2,1,1,5,0.0
202300039407,155 610 665,B01,1,7,0,0,3,1,1,0.0
202300039408,155 610 662,B01,1,1,0,2,1,1,5,0.0
202300039408,155 610 663,A01,1,7,0,2,3,22,1,0.0
202300039409,155 610 661,A01,2,1,0,1,1,1,5,0.0
202300039410,155 610 659,A01,2,1,0,2,8,1,5,0.0
202300039410,155 610 660,Z01,2,7,0,2,7,12,0,0.0
202300039411,155 610 657,A01,2,7,0,2,8,19,1,0.0
202300039411,155 610 658,B01,2,2,0,2,1,2,1,0.0
202300039412,155 610 655,A01,0,33,0,2,0,1,1,0.0
202300039412,155 610 656,B01,1,2,0,2,7,1,1,0.0
202300039413,155 610 654,A01,1,7,0,1,2,1,2,0.0
202300039414,155 610 652,B01,2,10,0,2,5,1,1,0.0
202300039414,155 610 653,A01,2,30,0,2,1,21,3,0.0
202300039415,155 610 650,A01,1,7,0,2,1,1,2,0.0
202300039415,155 610 651,B01,1,1,0,2,4,23,5,0.0
202300039416,155 610 648,B01,2,10,0,2,4,2,1,0.0
202300039416,155 610 649,A01,2,7,0,2,1,2,1,0.0
202300039417,155 610 646,B01,2,7,0,2,1,1,1,0.0
202300039417,155 610 647,A01,2,50,0,2,7,1,3,0.0
202300039418,155 610 645,A01,2,7,0,1,1,15,2,0.0
202300039419,155 610 643,A01,2,17,0,2,4,2,1,0.0
202300039419,155 610 644,B01,1,14,0,2,1,2,1,0.0
202300039420,155 610 641,B01,1,7,0,2,2,15,2,0.0
202300039420,155 610 642,A01,1,32,0,2,1,1,1,0.0
202300039421,155 610 640,A01,1,7,0,1,3,1,1,0.0
202300039422,155 610 637,C01,3,7,0,2,4,23,1,0.0
202300039422,155 610 638,B01,3,7,0,2,4,23,1,0.0
202300039422,155 610 639,A01,3,7,0,2,1,1,1,0.0
202300039423,155 610 635,A01,1,34,0,1,1,2,1,0.0
202300039424,155 610 636,A01,1,7,8,0,3,1,1,0.0
202300039425,155 610 632,B01,3,50,0,2,7,19,3,0.0
202300039425,155 610 634,A01,3,14,0,2,3,1,1,0.0
202300039426,155 610 631,A01,2,33,0,1,1,3,1,0.0
202300039426,155 610 633,B01,1,7,0,2,3,1,1,0.0
202300039427,155 610 630,A01,3,7,0,1,1,1,1,0.0
202300039428,155 610 628,A01,3,7,0,1,3,1,1,0.0
202300039429,155 610 627,A01,1,7,0,2,1,5,1,0.0
202300039429,155 610 629,B01,2,7,0,2,1,1,1,0.0
202300039430,155 610 626,A01,3,7,0,1,1,1,1,0.0
202300039431,155 610 623,B01,2,7,0,2,3,16,2,0.0
202300039431,155 610 625,A01,2,31,0,2,7,1,1,0.0
202300039432,155 610 622,A01,0,34,0,2,3,21,1,0.0
202300039432,155 610 624,B01,0,50,0,2,1,21,3,0.0
202300039433,155 610 620,A01,3,33,0,1,1,1,1,0.0
202300039434,155 610 619,A01,1,7,0,9,5,23,0,0.0
202300039434,155 610 621,B01,1,31,0,2,1,9,1,0.0
202300039435,155 610 618,A01,0,7,0,1,1,20,1,0.0
202300039436,155 610 616,A01,3,99,0,2,3,19,0,0.0
202300039436,155 610 617,B01,3,33,0,2,1,0,0,0.0
202300039437,155 610 614,A01,1,7,0,2,2,15,1,0.0
202300039437,155 610 615,B01,2,33,0,2,1,1,1,0.0
202300039438,155 610 612,B01,3,7,0,2,4,2,2,0.0
202300039438,155 610 613,A01,3,10,0,2,1,2,1,0.0
202300039439,155 610 610,A01,1,7,0,2,1,1,1,0.0
202300039439,155 610 611,B01,1,7,0,2,4,1,1,0.0
202300039440,155 610 608,A01,0,10,0,1,2,17,1,0.0
202300039441,155 610 607,B01,1,33,0,2,0,0,1,0.0
202300039441,155 610 609,A01,1,7,0,2,1,1,1,0.0
202300039442,155 610 606,A01,1,7,0,0,2,15,0,0.0
202300039443,155 610 604,A01,3,7,0,2,3,0,1,0.0
202300039443,155 610 605,B01,0,33,0,2,5,0,1,0.0
202300039444,155 610 602,A01,0,7,12,0,3,16,1,0.0
202300039445,155 610 601,B01,1,7,0,2,4,23,1,0.0
202300039445,155 610 603,A01,1,30,0,2,1,2,1,0.0
202300039446,155 610 600,A01,2,7,0,1,2,1,1,0.0
202300039447,155 610 598,A01,2,7,0,2,5,16,0,0.0
202300039447,155 610 599,B01,2,2,0,2,1,1,0,0.0
202300039448,155 610 595,A01,2,7,0,2,4,1,1,0.0
202300039448,155 610 597,B01,1,1,0,2,1,1,5,0.0
202300039449,155 610 594,A01,1,30,0,2,1,5,1,0.0
202300039449,155 610 596,B01,2,7,0,2,2,1,1,0.0
202300039450,155 610 593,A01,2,32,0,1,2,17,1,0.0
202300039451,155 610 592,A01,1,7,9,0,1,14,3,0.0
202300039452,155 610 590,A01,1,43,0,2,1,2,1,0.0
202300039452,155 610 591,B01,0,17,1,0,4,2,1,0.0
202300039453,155 610 589,A01,1,7,6,0,1,14,1,0.0
202300039454,155 610 587,A01,0,7,0,1,1,1,1,0.0
202300039455,155 610 586,A01,2,7,0,1,3,1,1,0.0
202300039456,155 610 584,B01,3,7,0,2,6,24,1,0.0
202300039456,155 610 585,A01,1,2,1,0,2,0,1,0.0
202300039457,155 610 583,A01,1,7,0,1,2,1,1,0.0
202300039458,155 610 581,A01,1,16,0,2,3,20,1,0.0
202300039458,155 610 582,B01,1,7,0,2,2,1,1,0.0
202300039459,155 610 579,A01,2,7,0,2,1,1,1,0.0
202300039459,155 610 580,B01,2,7,0,2,4,1,1,0.0
202300039460,155 610 577,B01,0,7,0,2,1,1,1,0.0
202300039460,155 610 578,A01,0,30,0,2,1,13,1,0.0
202300039461,155 610 576,A01,3,7,13,0,1,1,1,0.0
202300039462,155 610 575,A01,2,10,0,1,1,1,1,0.0
202300039463,155 610 574,A01,2,7,3,0,1,1,1,0.0
202300039464,155 610 572,A01,1,32,0,2,1,1,1,0.0
202300039464,155 610 573,B01,2,7,0,2,2,15,1,0.0
202300039465,155 610 570,A01,1,7,0,2,3,16,1,0.0
202300039465,155 610 571,B01,1,7,8,0,3,21,1,0.0
202300039466,155 610 568,A01,3,30,0,2,1,1,1,0.0
202300039466,155 610 569,B01,3,7,0,2,2,15,1,0.0
202300039467,155 610 566,B01,2,7,0,2,1,0,1,0.0
202300039467,155 610 567,A01,2,7,0,2,1,1,1,0.0
202300039468,155 610 564,B01,1,1,0,2,8,15,5,0.0
202300039468,155 610 565,A01,1,7,0,2,2,1,1,0.0
202300039469,155 610 563,A01,3,7,0,1,1,16,1,0.0
202300039470,155 610 562,A01,2,7,0,1,3,16,1,0.0
202300039471,155 610 560,A01,1,30,0,2,3,18,1,0.0
202300039471,155 610 588,B01,1,7,0,2,2,16,1,0.0
202300039472,155 610 559,A01,3,7,0,2,3,15,1,0.0
202300039472,155 610 561,B01,1,2,0,2,1,1,1,0.0
202300039473,155 610 558,A01,1,33,0,0,1,0,1,0.0
202300039474,155 610 555,A01,1,7,0,2,0,15,0,0.0
202300039474,155 610 556,B01,2,7,0,2,1,1,0,0.0
202300039475,155 610 554,A01,3,7,0,2,2,1,1,0.0
202300039475,155 610 557,B01,3,7,0,2,3,1,1,0.0
202300039476,155 610 552,B01,1,1,0,2,1,1,5,0.0
202300039476,155 610 553,A01,1,7,0,2,1,9,1,0.0
202300039477,155 610 550,A01,1,33,13,0,1,1,1,0.0
202300039478,155 610 549,B01,1,7,0,2,3,1,1,0.0
202300039478,155 610 551,A01,1,7,0,2,1,9,1,0.0
202300039479,155 610 547,A01,3,7,0,2,1,15,1,0.0
202300039479,155 610 548,B01,3,1,0,2,1,5,5,0.0
202300039480,155 610 546,A01,3,7,0,1,2,1,1,0.0
202300039481,155 610 545,A01,3,7,3,0,3,1,1,0.0
202300039482,155 610 544,A01,1,33,0,0,9,1,1,0.0
202300039483,155 610 542,A01,0,7,0,1,3,0,1,0.0
202300039484,155 610 541,B01,3,7,0,2,2,0,1,0.0
202300039484,155 610 543,A01,3,7,0,2,7,19,1,0.0
202300039485,155 610 540,A01,2,7,0,0,9,1,1,0.0
202300039486,155 610 538,A01,1,33,0,2,8,13,1,0.0
202300039486,155 610 539,B01,2,7,0,2,3,1,1,0.0
202300039487,155 610 537,A01,2,31,0,6,1,1,-1,0.0
202300039488,155 610 533,A01,2,7,0,2,1,13,1,0.0
202300039488,155 610 535,B01,1,7,3,2,1,1,3,0.0
202300039488,155 610 536,C01,2,7,0,9,3,2,2,0.0
202300039489,155 610 534,A01,2,7,0,1,2,2,6,0.0
202300039490,155 610 530,A01,1,7,3,0,1,14,1,0.0
202300039490,155 610 532,B01,1,17,0,0,7,11,1,0.0
202300039491,155 610 528,A01,3,7,0,4,2,1,1,0.0
202300039491,155 610 529,B01,0,39,0,2,3,1,2,0.0
202300039492,155 610 527,B01,2,50,0,2,1,1,3,0.0
202300039492,155 610 531,A01,3,7,0,2,8,9,1,0.0
202300039493,155 610 525,A01,0,7,0,2,3,9,1,0.0
202300039493,155 610 526,B01,0,10,0,2,1,1,1,0.0
202300039494,155 610 522,B01,1,15,0,2,3,1,1,0.0
202300039494,155 610 523,A01,2,10,0,2,3,13,1,0.0
202300039495,155 610 524,A01,2,7,0,1,1,1,1,0.0