num_acc,id_vehicule,num_veh,senc,catv,obs,obsm,choc,manv,motor,occutc
202300039496,155 610 520,A01,1,7,0,2,1,13,1,0.0
202300039496,155 610 521,B01,2,7,0,0,1,1,1,0.0
202300039497,155 610 518,A01,1,7,13,2,2,17,1,0.0
202300039497,155 610 519,B01,1,7,0,2,3,15,1,0.0
202300039498,155 610 517,A01,3,7,15,0,1,15,0,0.0
202300039499,155 610 515,A01,3,7,0,2,8,9,0,0.0
202300039499,155 610 516,B01,3,2,0,2,1,1,0,0.0
202300039500,155 610 514,A01,2,10,15,0,1,1,1,0.0
202300039501,155 610 511,B01,2,21,0,2,3,1,1,0.0
202300039501,155 610 513,A01,1,2,0,2,3,16,1,0.0
202300039502,155 610 512,A01,3,7,4,0,3,26,1,0.0
202300039503,155 610 506,A01,2,7,13,0,0,1,1,0.0
202300039504,155 610 505,A01,1,7,0,2,1,26,1,0.0
202300039504,155 610 507,B01,1,7,0,2,3,26,1,0.0
202300039504,155 610 508,C01,1,7,0,2,2,1,1,0.0
202300039505,155 610 504,A01,3,7,0,1,1,1,1,0.0
202300039506,155 610 501,A01,2,7,0,2,1,5,1,0.0
202300039506,155 610 502,B01,3,7,0,2,1,1,1,0.0
202300039507,155 610 500,A01,3,7,0,2,3,1,1,0.0
202300039507,155 610 503,B01,3,7,0,2,1,15,1,0.0
202300039508,155 610 499,A01,1,7,8,0,1,14,0,0.0
202300039509,155 610 498,A01,2,7,13,0,1,1,1,0.0
202300039510,155 610 494,A01,2,7,0,2,1,1,1,0.0
202300039510,155 610 496,B01,3,7,0,2,6,1,0,0.0
202300039511,155 610 492,A01,3,7,8,0,3,0,1,0.0
202300039512,155 610 487,A01,3,7,0,2,1,1,1,0.0
202300039512,155 610 488,B01,3,1,0,2,4,1,5,0.0
202300039513,155 610 489,A01,2,7,13,2,3,13,1,0.0
202300039513,155 610 490,B01,1,10,0,2,1,1,1,0.0
202300039514,155 610 483,A01,1,7,0,2,1,15,0,0.0
202300039514,155 610 485,B01,2,7,0,2,3,1,1,0.0
202300039515,155 610 481,A01,2,10,2,0,1,14,1,0.0
202300039516,155 610 476,A01,1,7,0,2,2,15,1,0.0
202300039516,155 610 477,B01,2,2,0,2,1,1,1,0.0
202300039516,155 610 479,C01,2,2,0,2,1,1,1,0.0
202300039517,155 610 478,A01,3,7,0,2,2,18,1,0.0
202300039517,155 610 480,B01,3,7,0,2,2,1,1,0.0
202300039518,155 610 474,A01,2,33,0,2,1,1,1,0.0
202300039518,155 610 475,B01,1,7,0,0,6,19,3,0.0
202300039519,155 610 472,A01,3,10,0,2,2,17,1,0.0
202300039519,155 610 473,B01,3,10,0,2,3,1,1,0.0
202300039520,155 610 471,A01,2,7,2,0,3,0,1,0.0
202300039521,155 610 467,A01,1,7,0,2,1,13,1,0.0
202300039521,155 610 468,B01,2,7,0,2,1,1,1,0.0
202300039521,155 610 470,C01,1,7,0,2,1,1,1,0.0
202300039522,155 610 465,A01,1,33,0,0,0,0,1,0.0
202300039523,155 610 466,B01,3,7,0,2,2,9,1,0.0
202300039523,155 610 469,A01,3,7,0,2,3,9,1,0.0
202300039524,155 610 464,A01,1,7,0,1,2,0,1,0.0
202300039525,155 610 462,Z01,2,10,9,0,2,1,1,0.0
202300039526,155 610 461,A01,1,1,0,2,1,5,5,0.0
202300039526,155 610 463,B01,2,10,0,9,2,15,1,0.0
202300039527,155 610 460,A01,2,50,12,0,1,25,3,0.0
202300039528,155 610 458,B01,1,10,0,2,4,12,1,0.0
202300039528,155 610 459,A01,1,33,0,2,1,3,1,0.0
202300039529,155 610 456,A01,3,32,14,0,7,1,1,0.0
202300039530,155 610 454,C01,2,7,0,2,4,2,0,0.0
202300039530,155 610 455,A01,2,7,0,2,1,2,0,0.0
202300039530,155 610 457,B01,2,7,0,2,4,2,0,0.0
202300039531,155 610 453,A01,1,30,0,1,1,26,1,0.0
202300039532,155 610 446,A01,2,10,0,2,4,2,1,0.0
202300039532,155 610 447,B01,2,10,0,2,4,2,1,0.0
202300039532,155 610 448,C01,2,7,0,2,4,2,1,0.0
202300039532,155 610 449,D01,2,7,0,2,4,2,2,0.0
202300039532,155 610 450,E01,2,7,0,2,1,2,1,0.0
202300039533,155 610 444,A01,1,7,0,2,5,2,1,0.0
202300039533,155 610 445,B01,1,10,0,2,3,2,1,0.0
202300039534,155 610 443,A01,1,7,0,1,2,5,1,0.0
202300039535,155 610 442,A01,2,7,14,1,0,14,2,0.0
202300039536,155 610 440,A01,2,7,0,2,3,10,1,0.0
202300039536,155 610 441,B01,2,2,0,2,1,2,1,0.0
202300039537,155 610 437,C01,3,7,0,2,1,23,1,0.0
202300039537,155 610 438,A01,3,7,0,2,2,13,1,0.0
202300039537,155 610 439,B01,3,7,0,2,3,23,1,0.0
202300039538,155 610 435,B01,3,80,0,2,2,19,3,0.0
202300039538,155 610 436,A01,3,33,0,2,1,1,1,0.0
202300039539,155 610 434,A01,1,7,0,1,1,0,1,0.0
202300039540,155 610 432,B01,2,7,0,2,3,23,1,0.0
202300039540,155 610 433,Z01,1,7,1,0,1,13,1,0.0
202300039541,155 610 431,A01,1,7,12,0,0,1,1,0.0
202300039542,155 610 429,A01,1,30,0,2,1,1,1,0.0
202300039542,155 610 430,B01,2,7,0,2,7,15,1,0.0
202300039543,155 610 428,A01,1,37,0,1,1,1,1,2.0
202300039544,155 610 426,A01,2,15,0,1,1,1,1,0.0
202300039545,155 610 427,A01,2,7,0,1,3,16,1,0.0
202300039546,155 610 423,B01,1,32,0,2,1,21,1,0.0
202300039546,155 610 425,A01,2,10,0,2,3,21,1,0.0
202300039547,155 610 419,B01,2,7,0,2,1,15,1,0.0
202300039547,155 610 421,A01,1,30,0,2,1,8,1,0.0
202300039548,155 610 418,A01,3,7,0,2,2,15,1,0.0
202300039548,155 610 420,B01,3,2,0,2,1,1,1,0.0
202300039549,155 610 416,B01,3,33,0,2,7,17,1,0.0
202300039549,155 610 417,A01,3,7,0,2,3,15,1,0.0
202300039550,155 610 413,Z01,0,32,0,2,1,0,1,0.0
202300039550,155 610 414,B01,3,1,0,2,8,19,5,0.0
202300039551,155 610 412,A01,1,7,0,2,1,1,1,0.0
202300039551,155 610 415,B01,2,7,0,2,8,1,2,0.0
202300039552,155 610 410,A01,0,7,0,1,0,9,0,0.0
202300039553,155 610 409,B01,1,7,1,0,2,15,1,0.0
202300039553,155 610 411,A01,1,7,0,2,6,24,1,0.0
202300039554,155 610 407,A01,1,7,3,0,9,1,1,0.0
202300039555,155 610 406,A01,3,7,0,2,1,1,1,0.0
202300039555,155 610 408,B01,3,30,0,2,4,1,1,0.0
202300039556,155 610 405,A01,2,7,0,1,3,15,0,0.0
202300039557,155 610 402,C01,2,7,0,2,4,23,1,0.0
202300039557,155 610 403,A01,2,7,0,2,1,1,1,0.0
202300039557,155 610 404,B01,2,7,0,2,4,23,1,0.0
202300039558,155 610 401,A01,2,7,0,1,1,16,1,0.0
202300039559,155 610 399,A01,2,10,0,2,2,9,1,0.0
202300039559,155 610 400,B01,1,7,0,2,3,1,1,0.0
202300039560,155 610 397,A01,1,50,0,2,7,2,3,0.0
202300039560,155 610 398,B01,2,10,0,2,1,0,1,0.0
202300039561,155 610 396,A01,0,7,0,1,1,26,1,0.0
202300039562,155 610 395,A01,0,1,0,1,1,1,5,0.0
202300039563,155 610 393,B01,1,33,0,2,1,2,1,0.0
202300039563,155 610 394,A01,2,10,0,2,7,15,1,0.0
202300039564,155 610 392,A01,2,7,1,0,2,1,3,0.0
202300039565,155 610 389,A01,3,33,0,2,2,19,1,0.0
202300039565,155 610 391,B01,3,7,0,2,3,15,1,0.0
202300039566,155 610 388,A01,1,13,0,2,1,15,0,0.0
202300039566,155 610 390,B01,1,33,0,2,8,1,1,0.0
202300039567,155 610 387,A01,3,2,0,2,6,2,0,0.0
202300039568,155 610 385,A01,1,7,0,2,1,15,1,0.0
202300039568,155 610 386,B01,2,99,0,0,0,0,0,0.0
202300039569,155 610 383,A01,1,7,1,2,1,0,1,0.0
202300039569,155 610 384,B01,1,7,12,2,4,20,1,0.0
202300039570,155 610 380,A01,1,7,12,0,1,2,1,0.0
202300039570,155 610 382,B01,1,1,0,2,1,0,5,0.0
202300039571,155 610 379,B01,1,33,0,2,1,1,1,0.0
202300039571,155 610 381,A01,1,10,0,2,6,23,1,0.0
202300039572,155 610 377,A01,1,7,8,0,2,1,1,0.0
202300039573,155 610 376,B01,3,50,0,2,3,25,3,0.0
202300039573,155 610 378,A01,1,10,0,9,2,16,1,0.0
202300039574,155 610 371,A01,2,7,0,9,8,22,0,0.0
202300039574,155 610 373,B01,2,50,1,2,1,1,3,0.0
202300039575,155 610 372,A01,3,7,0,2,1,2,1,0.0
202300039575,155 610 374,B01,3,7,0,2,4,2,1,0.0
202300039575,155 610 375,C01,3,31,0,2,4,2,1,0.0
202300039576,155 610 370,A01,0,37,0,1,2,16,1,1.0
202300039577,155 610 369,A01,3,7,0,1,1,1,1,0.0
202300039578,155 610 366,A01,1,7,0,2,7,16,1,0.0
202300039578,155 610 368,B01,1,31,0,2,8,1,1,0.0
202300039579,155 610 367,A01,2,99,6,0,1,19,1,0.0
202300039580,155 610 363,B01,3,10,0,2,3,1,1,0.0
202300039580,155 610 365,A01,3,7,0,2,3,13,1,0.0
202300039581,155 610 362,B01,1,7,0,2,1,1,1,0.0
202300039581,155 610 364,A01,2,10,0,2,1,19,1,0.0
202300039582,155 610 361,A01,1,10,0,1,3,15,1,0.0
202300039583,155 610 359,A01,1,7,0,2,3,13,1,0.0
202300039583,155 610 360,B01,2,31,0,2,1,1,1,0.0
202300039584,155 610 358,Z01,2,32,0,1,1,1,1,0.0
202300039585,155 610 355,A01,3,7,0,2,1,1,1,0.0
202300039585,155 610 356,B01,3,7,0,2,8,1,1,0.0
202300039585,155 610 357,C01,3,7,0,2,1,1,1,0.0
202300039586,155 610 352,A01,2,7,0,2,1,15,1,0.0
202300039586,155 610 354,B01,1,10,0,2,8,16,1,0.0
202300039587,155 610 351,A01,2,7,0,2,3,15,1,0.0
202300039587,155 610 353,B01,1,33,0,2,6,1,1,0.0
202300039588,155 610 348,A01,1,7,0,0,9,17,1,0.0
202300039589,155 610 349,A01,3,34,1,0,8,13,1,0.0
202300039589,155 610 350,B01,3,7,1,2,8,22,1,0.0
202300039590,155 610 347,A01,1,7,2,0,7,1,1,0.0
202300039591,155 610 346,A01,1,32,0,1,1,21,1,0.0
202300039592,155 610 345,A01,1,2,0,0,0,1,1,0.0
202300039593,155 610 343,A01,1,7,13,0,1,1,1,0.0
202300039594,155 610 342,Z01,1,7,0,0,0,1,1,0.0
202300039594,155 610 344,A01,1,1,0,2,4,1,5,0.0
202300039595,155 610 340,A01,3,7,0,2,1,1,0,0.0
202300039595,155 610 341,B01,3,1,8,2,8,19,5,0.0
202300039596,155 610 337,A01,1,30,0,0,7,7,1,0.0
202300039596,155 610 339,B01,1,10,0,0,0,16,1,0.0
202300039597,155 610 336,A01,2,7,0,2,2,0,1,0.0
202300039597,155 610 338,B01,2,7,0,2,2,1,1,0.0
202300039598,155 610 334,A01,2,7,13,0,1,17,1,0.0
202300039599,155 610 333,B01,2,7,0,2,2,16,1,0.0
202300039599,155 610 335,A01,2,30,0,2,3,1,3,0.0
202300039600,155 610 332,A01,1,7,1,0,2,0,1,0.0
202300039601,155 610 331,A01,3,7,0,1,3,1,1,0.0
202300039602,155 610 329,A01,1,10,0,9,7,2,1,0.0
202300039602,155 610 330,B01,1,1,0,2,4,2,5,0.0
202300039603,155 610 327,A01,1,7,2,0,0,0,1,0.0
202300039604,155 610 328,A01,2,30,12,0,1,13,3,0.0
202300039605,155 610 326,A01,0,7,0,1,2,16,1,0.0
202300039606,155 610 325,Z01,1,50,0,1,1,5,3,0.0
202300039607,155 610 324,A01,1,7,0,1,1,1,1,0.0
202300039608,155 610 323,A01,0,50,0,1,1,25,3,0.0
202300039609,155 610 321,B01,2,2,1,0,1,1,1,0.0
202300039609,155 610 322,A01,2,7,0,0,5,15,1,0.0
202300039610,155 610 320,A01,1,7,0,1,2,16,2,0.0
202300039611,155 610 319,A01,2,31,16,0,0,0,0,0.0
202300039612,155 610 318,A01,1,7,6,0,8,0,1,0.0
202300039613,155 610 316,A01,1,1,0,2,1,18,5,0.0
202300039613,155 610 317,B01,1,13,0,2,4,4,1,0.0
202300039614,155 610 314,A01,2,7,0,2,1,3,0,0.0
202300039614,155 610 315,B01,2,15,0,0,4,1,0,0.0
202300039615,155 610 311,A01,1,32,0,2,6,15,1,0.0
202300039615,155 610 313,B01,1,7,0,2,2,1,1,0.0
202300039616,155 610 306,A01,1,10,0,2,1,1,1,0.0
202300039616,155 610 307,B01,1,7,0,2,1,1,1,0.0
202300039616,155 610 309,C01,1,7,0,0,4,1,1,0.0
202300039617,155 610 305,B01,1,32,0,2,1,1,1,0.0
202300039617,155 610 308,A01,2,80,0,2,1,16,3,0.0
202300039618,155 610 302,B01,1,38,0,2,2,2,1,1.0
202300039618,155 610 304,A01,1,7,15,2,3,19,1,0.0
202300039619,155 610 303,A01,1,7,6,0,1,21,0,0.0
202300039620,155 610 300,A01,3,7,0,2,3,5,0,0.0
202300039620,155 610 301,B01,1,7,0,2,2,1,0,0.0
202300039621,155 610 298,B01,2,7,0,2,4,2,1,0.0
202300039621,155 610 299,A01,2,7,0,2,1,2,1,0.0
202300039622,155 610 296,A01,0,50,0,0,0,0,3,0.0
202300039623,155 610 294,A01,1,10,15,0,2,26,1,0.0
202300039624,155 610 293,A01,1,7,0,2,3,0,1,0.0
202300039624,155 610 295,B01,2,7,0,2,1,0,1,0.0
202300039625,155 610 291,A01,1,10,0,2,1,18,3,0.0
202300039625,155 610 292,B01,1,32,0,2,5,1,1,0.0
202300039626,155 610 290,A01,2,33,0,0,8,17,1,0.0
202300039627,155 610 288,A01,0,7,8,0,1,14,0,0.0
202300039628,155 610 289,A01,3,17,0,0,0,21,1,0.0
202300039629,155 610 285,B01,1,50,0,2,1,1,3,0.0
202300039629,155 610 287,A01,1,7,0,9,5,1,1,0.0
202300039630,155 610 284,A01,1,7,0,2,1,9,1,0.0
202300039630,155 610 286,B01,3,7,0,2,7,26,1,0.0
202300039631,155 610 283,A01,1,7,0,1,6,4,1,0.0
202300039632,155 610 282,A01,1,10,0,0,0,1,1,0.0
202300039633,155 610 280,Y01,3,60,0,2,0,19,5,0.0
202300039633,155 610 281,A01,1,7,0,2,2,16,0,0.0
202300039634,155 610 278,A01,3,2,0,2,7,1,1,0.0
202300039634,155 610 279,B01,3,3,0,2,7,19,1,0.0
202300039635,155 610 277,A01,2,30,0,1,2,3,0,0.0
202300039636,155 610 274,B01,1,2,0,2,1,7,0,0.0
202300039636,155 610 275,A01,1,7,0,2,7,16,1,0.0
202300039637,155 610 271,A01,1,7,4,0,2,14,1,0.0
202300039638,155 610 269,A01,2,7,0,2,3,1,1,0.0
202300039638,155 610 272,B01,0,7,0,2,2,9,1,0.0
202300039639,155 610 268,A01,2,7,0,2,1,1,1,0.0
202300039639,155 610 270,B01,2,7,0,2,3,23,1,0.0
202300039639,155 610 273,C01,1,10,0,2,2,9,1,0.0
202300039640,155 610 263,A01,2,7,0,2,9,9,1,0.0
202300039640,155 610 265,C01,2,7,0,2,2,1,1,0.0
202300039640,155 610 267,B01,2,7,0,2,2,1,1,0.0
202300039641,155 610 262,A01,2,7,8,0,2,1,1,0.0
202300039642,155 610 264,B01,1,34,0,2,2,17,1,0.0
202300039642,155 610 266,A01,1,7,0,2,3,15,1,0.0
202300039643,155 610 261,A01,2,32,0,1,1,1,1,0.0
202300039644,155 610 259,B01,1,7,0,9,1,15,1,0.0
202300039645,155 610 258,B01,2,7,0,0,4,2,1,0.0
202300039645,155 610 260,A01,2,7,0,0,3,2,1,0.0
202300039646,155 610 255,A01,3,7,0,2,3,15,1,0.0
202300039646,155 610 257,B01,3,1,0,2,1,17,5,0.0
202300039647,155 610 256,A01,3,7,0,1,1,1,1,0.0
202300039648,155 610 251,A01,1,7,0,2,3,9,1,0.0
202300039648,155 610 253,B01,1,7,0,2,2,15,1,0.0
202300039649,155 610 252,A01,2,30,0,1,1,1,1,0.0
202300039650,155 610 248,A01,0,1,0,0,0,0,5,0.0
202300039650,155 610 249,B01,1,7,0,2,5,23,1,0.0
202300039651,155 610 245,A01,2,7,0,2,3,15,1,0.0
202300039651,155 610 247,B01,1,1,0,2,8,1,5,0.0
202300039652,155 610 244,A01,2,7,0,2,2,1,1,0.0
202300039652,155 610 246,B01,2,7,0,2,4,1,1,0.0
202300039652,155 610 250,C01,2,7,0,2,4,1,1,0.0
202300039653,155 610 243,A01,1,33,0,2,1,26,1,0.0
202300039654,155 610 241,A01,1,7,0,2,1,21,0,0.0
202300039654,155 610 242,B01,1,33,0,2,4,1,1,0.0
202300039655,155 610 238,B01,1,7,0,2,3,19,0,0.0
202300039655,155 610 240,A01,1,43,0,2,1,1,0,0.0
202300039656,155 610 236,A01,1,7,0,0,9,19,1,0.0
202300039657,155 610 235,A01,1,7,0,2,4,1,0,0.0
202300039657,155 610 237,B01,1,7,0,2,0,0,0,0.0
202300039657,155 610 239,C01,1,7,0,2,0,0,0,0.0
202300039658,155 610 233,Z01,1,7,0,2,8,22,1,0.0
202300039658,155 610 234,B01,1,1,1,0,7,1,5,0.0
202300039659,155 610 232,A01,1,7,16,0,9,1,1,0.0
202300039660,155 610 231,A01,1,7,0,1,1,9,1,0.0
202300039661,155 610 230,A01,0,7,1,0,2,2,1,0.0
202300039662,155 610 228,A01,1,1,15,0,0,1,5,0.0
202300039663,155 610 226,A01,2,7,0,2,1,26,1,0.0
202300039663,155 610 229,B01,2,7,0,2,4,1,1,0.0
202300039664,155 610 225,A01,1,50,0,2,3,13,3,0.0
202300039664,155 610 227,B01,1,15,0,2,2,1,1,0.0
202300039665,155 610 224,A01,2,7,4,0,1,0,1,0.0
202300039666,155 610 222,A01,3,7,0,1,3,1,1,0.0
202300039667,155 610 221,B01,3,7,0,2,2,9,1,0.0
202300039667,155 610 223,A01,1,32,0,2,1,17,1,0.0
202300039668,155 610 218,B01,2,7,3,0,2,0,1,0.0
202300039668,155 610 220,A01,2,7,1,0,1,2,1,0.0
202300039669,155 610 217,A01,1,7,0,2,1,13,3,0.0
202300039669,155 610 219,B01,2,7,0,2,1,1,1,0.0
202300039670,155 610 214,A01,2,7,6,0,1,1,1,0.0
202300039671,155 610 213,C01,2,7,9,0,4,23,0,0.0
202300039671,155 610 215,B01,1,7,0,2,4,23,0,0.0
202300039671,155 610 216,A01,2,7,0,2,1,1,0,0.0
202300039672,155 610 210,A01,1,34,1,0,2,1,1,0.0
202300039673,155 610 207,A01,1,7,9,0,3,1,1,0.0
202300039674,155 610 205,A01,1,7,8,0,1,1,1,0.0
202300039675,155 610 204,A01,2,7,0,2,1,1,1,0.0
202300039675,155 610 206,B01,2,17,0,2,6,12,1,0.0
202300039676,155 610 203,A01,1,7,2,0,1,14,6,0.0
202300039677,155 610 198,A01,2,33,0,2,1,3,1,0.0
202300039677,155 610 200,B01,2,7,0,2,8,11,1,0.0
202300039678,155 610 197,B01,2,7,0,2,1,1,1,0.0
202300039678,155 610 199,A01,1,7,0,2,1,1,1,0.0
202300039679,155 610 195,A01,2,7,4,0,0,1,1,0.0
202300039680,155 610 194,A01,2,7,0,2,1,13,1,0.0
202300039680,155 610 196,B01,1,15,0,2,1,1,1,0.0
202300039681,155 610 191,A01,1,21,0,2,8,1,1,0.0
202300039681,155 610 192,B01,2,7,0,2,7,1,1,0.0
202300039681,155 610 193,C01,1,7,0,2,1,1,1,0.0
202300039682,155 610 188,A01,2,2,0,2,1,1,1,0.0
202300039682,155 610 190,B01,2,7,0,2,5,23,1,0.0
202300039683,155 610 187,B01,1,7,0,2,1,15,1,0.0
202300039683,155 610 189,A01,1,7,0,1,5,1,1,0.0
202300039684,155 610 185,A01,1,7,0,2,3,13,1,0.0
202300039684,155 610 186,B01,2,7,0,2,8,1,1,0.0
202300039685,155 610 180,A01,0,7,0,2,8,13,1,0.0
202300039685,155 610 183,B01,0,10,0,2,8,1,1,0.0
202300039686,155 610 182,A01,3,7,0,2,2,9,1,0.0
202300039686,155 610 184,B01,3,32,0,2,1,1,1,0.0
202300039687,155 610 178,A01,1,7,0,2,1,1,1,0.0
202300039687,155 610 181,B01,2,7,0,2,1,1,1,0.0
202300039688,155 610 176,B01,3,7,0,2,3,15,1,0.0
202300039688,155 610 179,A01,3,31,0,2,1,17,1,0.0
202300039689,155 610 174,A01,1,7,0,2,8,15,1,0.0
202300039689,155 610 177,B01,2,7,0,2,6,26,1,0.0
202300039690,155 610 172,A01,2,7,0,2,3,13,1,0.0
202300039690,155 610 173,B01,1,10,0,2,3,1,1,0.0
202300039690,155 610 175,C01,1,7,0,2,8,1,1,0.0
202300039691,155 610 170,A01,3,7,0,2,1,2,1,0.0
202300039691,155 610 171,B01,3,33,0,2,4,1,1,0.0
202300039692,155 610 167,A01,2,7,8,2,3,9,1,0.0
202300039692,155 610 168,B01,2,33,0,2,1,2,1,0.0
202300039693,155 610 165,A01,2,7,0,2,8,24,1,0.0
202300039693,155 610 166,B01,2,1,1,0,7,1,0,0.0
202300039694,155 610 164,A01,1,7,0,2,1,1,1,0.0
202300039694,155 610 169,B01,1,7,0,2,8,1,1,0.0
202300039695,155 610 162,A01,1,2,0,0,0,0,1,0.0
202300039696,155 610 161,A01,3,7,0,2,7,1,1,0.0
202300039696,155 610 163,B01,2,7,7,2,1,1,1,0.0
202300039697,155 610 160,A01,3,32,0,0,1,1,0,0.0
202300039698,155 610 157,A01,2,33,0,0,1,21,1,0.0
202300039699,155 610 156,A01,1,7,0,2,2,13,1,0.0
202300039699,155 610 158,B01,2,7,0,2,2,21,1,0.0
202300039700,155 610 154,C01,1,7,0,2,4,2,1,0.0
202300039700,155 610 155,B01,1,10,0,2,4,1,1,0.0
202300039700,155 610 159,A01,1,7,0,2,1,2,1,0.0
202300039701,155 610 151,A01,2,7,0,2,1,1,1,0.0
202300039701,155 610 153,B01,1,7,0,2,4,1,1,0.0
202300039702,155 610 148,A01,2,7,0,2,2,10,1,0.0
202300039702,155 610 149,B01,1,33,8,2,1,1,1,0.0
202300039703,155 610 146,A01,2,7,3,0,1,9,1,0.0
202300039704,155 610 145,C01,3,7,0,2,4,2,2,0.0
202300039704,155 610 147,B01,3,30,0,2,4,2,1,0.0
202300039704,155 610 150,A01,3,7,0,2,1,2,1,0.0
202300039705,155 610 144,A01,2,2,9,0,1,0,1,0.0
202300039706,155 610 140,A01,1,32,0,2,7,18,1,0.0
202300039706,155 610 143,B01,1,7,0,2,7,16,1,0.0
202300039707,155 610 138,C01,3,7,0,2,4,1,1,0.0
202300039707,155 610 139,A01,3,7,0,2,1,2,1,0.0
202300039707,155 610 141,B01,3,7,0,2,5,1,1,0.0
202300039708,155 610 137,A01,2,7,0,0,3,13,1,0.0
202300039709,155 610 135,A01,3,31,0,2,1,2,1,0.0
202300039709,155 610 136,B01,3,7,0,2,4,11,1,0.0
202300039710,155 610 133,A01,1,7,13,0,1,2,1,0.0
202300039711,155 610 131,A01,2,50,0,2,1,17,3,0.0
202300039711,155 610 134,B01,1,10,0,9,2,1,1,0.0
202300039712,155 610 126,B01,2,7,0,9,1,1,1,0.0
202300039712,155 610 128,A01,1,50,0,2,1,15,3,0.0
202300039713,155 610 124,B01,1,7,0,2,1,1,1,0.0
202300039713,155 610 129,A01,1,7,0,2,2,19,1,0.0
202300039714,155 610 125,D01,1,7,0,2,4,2,0,0.0
202300039714,155 610 127,A01,1,7,0,2,1,2,1,0.0
202300039714,155 610 130,B01,1,7,0,2,4,2,1,0.0
202300039714,155 610 132,C01,1,10,0,2,4,2,1,0.0
202300039715,155 610 121,A01,2,33,13,0,1,1,1,0.0
202300039716,155 610 120,A01,1,7,0,2,1,2,1,0.0
202300039716,155 610 122,B01,1,7,0,2,4,16,1,0.0
202300039717,155 610 119,B01,3,7,0,2,1,16,6,0.0
202300039717,155 610 123,A01,3,7,0,2,1,15,6,0.0
202300039718,155 610 118,A01,2,7,0,1,2,1,1,0.0
202300039719,155 610 115,B01,3,1,9,2,8,26,5,0.0
202300039719,155 610 117,A01,3,7,9,2,1,15,0,0.0
202300039720,155 610 114,A01,2,7,13,0,3,13,1,0.0
202300039721,155 610 113,B01,2,7,0,2,1,1,1,0.0
202300039721,155 610 116,A01,1,7,0,2,1,5,1,0.0
202300039722,155 610 110,B01,1,1,0,2,3,14,5,0.0
202300039722,155 610 112,A01,1,7,0,2,2,3,1,0.0
202300039723,155 610 109,B01,1,7,0,2,1,1,1,0.0
202300039723,155 610 111,A01,2,7,0,2,1,17,1,0.0
202300039724,155 610 107,B01,2,10,0,2,2,2,1,0.0
202300039724,155 610 108,A01,1,32,0,2,8,10,1,0.0
202300039725,155 610 104,A01,1,7,0,2,3,1,1,0.0
202300039725,155 610 105,B01,2,7,0,2,3,1,1,0.0
202300039726,155 610 103,B01,1,7,0,2,4,1,1,0.0
202300039726,155 610 106,A01,1,10,14,0,1,1,1,0.0
202300039727,155 610 098,B01,1,7,8,2,1,1,1,0.0
202300039727,155 610 100,A01,2,7,0,2,1,15,1,0.0
202300039728,155 610 099,A01,1,7,0,2,1,1,2,0.0
202300039728,155 610 102,Y01,3,50,0,2,8,1,3,0.0
202300039729,155 610 097,B01,2,7,0,2,4,2,1,0.0
202300039729,155 610 101,A01,2,10,0,2,1,2,0,0.0
202300039730,155 610 096,A01,2,7,0,1,2,16,1,0.0
202300039731,155 610 095,A01,1,7,0,1,3,1,2,0.0
202300039732,155 610 093,A01,2,33,0,2,2,17,0,0.0
202300039732,155 610 094,B01,1,7,0,2,3,15,0,0.0
202300039733,155 610 091,A01,2,10,15,0,3,1,6,0.0
202300039734,155 610 089,A01,2,7,0,2,1,1,1,0.0
202300039734,155 610 090,B01,2,7,0,2,4,1,1,0.0
202300039735,155 610 088,A01,2,1,0,2,6,19,5,0.0
202300039735,155 610 092,Z01,1,7,0,2,6,16,0,0.0
202300039736,155 610 084,A01,3,33,0,2,1,21,1,0.0
202300039736,155 610 086,B01,0,33,0,2,1,26,1,0.0
202300039737,155 610 083,A01,3,30,0,2,4,0,1,0.0
202300039737,155 610 087,B01,3,10,0,2,1,0,1,0.0
202300039738,155 610 082,A01,1,1,0,2,1,15,5,0.0
202300039738,155 610 085,B01,2,7,0,2,3,9,1,0.0
202300039739,155 610 081,A01,2,17,3,0,1,1,1,0.0
202300039740,155 610 078,A01,2,7,2,0,3,0,1,0.0
202300039741,155 610 077,B01,3,7,0,2,3,0,1,0.0
202300039741,155 610 080,A01,3,1,0,2,2,19,5,0.0
202300039742,155 610 076,B01,2,2,0,2,2,1,1,0.0
202300039742,155 610 079,A01,2,10,0,2,3,9,1,0.0
202300039743,155 610 075,A01,2,33,4,0,0,1,1,0.0
202300039744,155 610 074,A01,2,7,0,1,1,1,1,0.0
202300039745,155 610 071,B01,1,10,0,2,3,1,1,0.0
202300039745,155 610 073,A01,2,1,0,2,1,1,5,0.0
202300039746,155 610 068,A01,1,7,15,1,1,25,1,0.0
202300039747,155 610 066,A01,1,7,0,1,1,1,1,0.0
202300039748,155 610 067,A01,2,7,0,2,5,18,1,0.0
202300039748,155 610 069,B01,2,1,0,2,0,0,5,0.0
202300039748,155 610 070,C01,2,1,0,2,2,1,5,0.0
202300039749,155 610 062,A01,2,7,15,0,1,1,1,0.0
202300039750,155 610 060,A01,1,7,0,2,1,2,1,0.0
202300039750,155 610 061,B01,1,7,0,2,4,2,1,0.0
202300039750,155 610 064,C01,1,7,0,2,1,2,1,0.0
202300039750,155 610 065,D01,1,10,0,2,1,2,1,0.0
202300039751,155 610 059,A01,3,2,0,2,1,15,1,0.0