num_acc,id_vehicule,num_veh,senc,catv,obs,obsm,choc,manv,motor,occutc
202300040009,155 609 606,A01,2,43,0,2,1,2,1,0.0
202300040009,155 609 607,B01,2,7,0,2,4,2,1,0.0
202300040010,155 609 604,B01,2,2,0,0,1,1,1,0.0
202300040010,155 609 605,A01,2,7,0,0,1,15,1,0.0
202300040011,155 609 603,A01,1,7,13,0,9,1,1,0.0
202300040012,155 609 600,B01,2,7,1,2,5,1,1,0.0
202300040012,155 609 602,A01,2,10,0,2,2,26,1,0.0
202300040013,155 609 598,A01,0,7,1,0,1,5,1,0.0
202300040014,155 609 597,C01,1,7,0,2,4,1,1,0.0
202300040014,155 609 599,B01,1,7,0,2,4,2,1,0.0
202300040014,155 609 601,A01,1,7,0,2,1,2,1,0.0
202300040015,155 609 595,A01,1,7,3,0,4,26,1,0.0
202300040016,155 609 594,A01,2,37,0,2,7,1,1,3.0
202300040016,155 609 596,B01,3,7,0,2,1,19,1,0.0
202300040017,155 609 591,A01,1,7,0,2,1,2,3,0.0
202300040017,155 609 593,B01,1,7,0,2,4,2,3,0.0
202300040018,155 609 592,A01,1,7,0,1,1,1,1,0.0
202300040019,155 609 588,B01,1,10,0,2,1,1,0,0.0
202300040019,155 609 590,A01,2,10,0,2,1,10,0,0.0
202300040020,155 609 587,B01,2,7,0,2,4,1,1,0.0
202300040020,155 609 589,A01,2,7,0,2,3,11,1,0.0
202300040021,155 609 585,A01,1,7,0,2,1,13,1,0.0
202300040021,155 609 586,B01,2,43,0,2,1,1,1,0.0
202300040022,155 609 582,A01,1,7,0,9,2,2,1,0.0
202300040022,155 609 583,B01,1,1,0,2,4,2,5,0.0
202300040023,155 609 581,A01,2,33,0,2,1,1,1,0.0
202300040023,155 609 584,B01,2,10,0,2,4,1,1,0.0
202300040024,155 609 579,B01,1,30,0,2,0,0,0,0.0
202300040024,155 609 580,A01,1,1,0,2,7,21,5,0.0
202300040025,155 609 577,B01,2,7,0,2,2,1,1,0.0
202300040025,155 609 578,A01,2,7,0,2,9,14,1,0.0
202300040026,155 609 575,A01,1,7,0,2,7,20,1,0.0
202300040026,155 609 576,B01,1,60,0,2,3,1,5,0.0
202300040027,155 609 573,A01,1,7,0,2,7,14,1,0.0
202300040028,155 609 572,A01,2,7,0,2,4,23,1,0.0
202300040028,155 609 574,B01,2,7,0,2,1,2,1,0.0
202300040029,155 609 570,B01,1,7,0,2,1,2,1,0.0
202300040029,155 609 571,A01,3,50,0,2,4,1,3,0.0
202300040030,155 609 568,B01,0,7,0,2,0,0,1,0.0
202300040030,155 609 569,A01,0,34,0,2,1,0,1,0.0
202300040031,155 609 567,A01,2,50,0,1,1,1,3,0.0
202300040032,155 609 564,A01,1,7,0,1,2,1,1,0.0
202300040033,155 609 565,A01,3,31,0,2,1,17,1,0.0
202300040033,155 609 566,B01,3,7,0,2,8,15,1,0.0
202300040034,155 609 562,A01,1,30,0,0,0,1,1,0.0
202300040035,155 609 561,A01,2,7,0,2,2,15,1,0.0
202300040035,155 609 563,B01,2,7,0,2,3,1,2,0.0
202300040036,155 609 555,A01,2,31,0,2,1,3,1,0.0
202300040036,155 609 557,B01,2,7,0,2,5,2,1,0.0
202300040037,155 609 559,B01,2,7,0,2,4,2,1,0.0
202300040037,155 609 560,A01,2,7,0,2,1,2,1,0.0
202300040038,155 609 556,A01,1,7,0,2,2,15,3,0.0
202300040038,155 609 558,B01,2,1,0,2,1,1,0,0.0
202300040039,155 609 553,B01,2,7,0,2,4,2,1,0.0
202300040039,155 609 554,A01,2,33,0,2,1,2,1,0.0
202300040040,155 609 551,A01,1,7,3,0,1,1,1,0.0
202300040041,155 609 549,A01,1,7,0,2,4,1,2,0.0
202300040041,155 609 550,Z01,1,7,0,2,1,13,0,0.0
202300040042,155 609 546,B01,1,7,0,2,2,12,0,0.0
202300040042,155 609 547,A01,1,7,0,2,8,1,0,0.0
202300040043,155 609 548,B01,1,7,0,2,2,1,1,0.0
202300040043,155 609 552,A01,1,7,0,2,3,11,0,0.0
202300040044,155 609 543,B01,3,7,0,2,6,4,1,0.0
202300040044,155 609 544,A01,3,2,0,2,2,17,1,0.0
202300040045,155 609 542,A01,3,7,0,2,3,15,1,0.0
202300040045,155 609 545,B01,2,43,0,2,8,1,1,0.0
202300040046,155 609 540,A01,1,7,0,2,1,15,1,0.0
202300040046,155 609 541,B01,2,50,0,2,8,1,3,0.0
202300040047,155 609 539,B01,3,99,0,1,1,21,0,0.0
202300040048,155 609 537,A01,1,33,0,2,7,13,1,0.0
202300040048,155 609 538,B01,2,7,0,2,5,15,1,0.0
202300040049,155 609 535,B01,1,50,0,2,1,1,3,0.0
202300040049,155 609 536,A01,1,7,0,2,7,15,1,0.0
202300040050,155 609 532,A01,2,7,0,0,3,15,1,0.0
202300040050,155 609 533,B01,2,1,0,0,1,2,5,0.0
202300040051,155 609 530,A01,1,33,0,2,3,13,1,0.0
202300040051,155 609 531,B01,2,7,0,2,3,0,1,0.0
202300040052,155 609 528,B01,2,7,0,2,8,19,1,0.0
202300040052,155 609 534,A01,2,7,0,2,2,1,1,0.0
202300040053,155 609 527,A01,3,7,0,2,8,10,1,0.0
202300040053,155 609 529,B01,3,33,0,2,1,1,1,0.0
202300040054,155 609 523,A01,2,2,0,2,0,5,3,0.0
202300040054,155 609 525,B01,1,1,1,2,1,1,5,0.0
202300040055,155 609 522,A01,2,7,0,2,1,13,1,0.0
202300040055,155 609 526,B01,1,7,0,2,1,1,1,0.0
202300040056,155 609 521,B01,2,33,0,2,1,1,1,0.0
202300040056,155 609 524,A01,1,7,0,2,1,13,1,0.0
202300040057,155 609 519,Z01,2,7,0,1,1,15,2,0.0
202300040058,155 609 518,A01,2,10,0,1,5,16,0,0.0
202300040059,155 609 516,A01,2,7,0,1,3,1,1,0.0
202300040060,155 609 514,A01,2,7,0,2,7,1,1,0.0
202300040060,155 609 515,B01,1,7,0,2,1,1,1,0.0
202300040061,155 609 512,B01,1,7,0,2,0,24,1,0.0
202300040061,155 609 513,A01,1,31,6,0,1,13,1,0.0
202300040062,155 609 509,A01,2,7,0,2,1,1,1,0.0
202300040062,155 609 511,B01,2,7,0,2,4,1,1,0.0
202300040063,155 609 508,B01,3,7,0,2,3,1,1,0.0
202300040063,155 609 510,A01,2,7,0,2,3,15,1,0.0
202300040064,155 609 506,A01,1,30,0,2,8,16,1,0.0
202300040064,155 609 507,Z01,2,30,0,2,1,15,0,0.0
202300040065,155 609 503,A01,1,7,0,2,1,26,1,0.0
202300040065,155 609 505,B01,2,1,0,2,0,0,5,0.0
202300040066,155 609 501,A01,2,33,0,2,1,18,1,0.0
202300040066,155 609 504,B01,2,10,0,2,2,16,1,0.0
202300040067,155 609 499,B01,1,7,0,2,3,1,1,0.0
202300040067,155 609 502,A01,2,80,0,2,1,1,3,0.0
202300040068,155 609 498,A01,3,7,0,2,1,21,1,0.0
202300040068,155 609 500,B01,3,7,0,2,1,5,1,0.0
202300040069,155 609 496,A01,2,80,0,1,1,1,3,0.0
202300040070,155 609 495,A01,1,7,0,1,2,15,1,0.0
202300040071,155 609 494,B01,1,7,0,2,4,23,1,0.0
202300040071,155 609 497,A01,1,7,0,2,1,1,1,0.0
202300040072,155 609 490,A01,2,7,0,1,1,1,1,0.0
202300040073,155 609 492,A01,1,7,0,2,4,0,1,0.0
202300040073,155 609 493,B01,1,2,0,2,1,0,1,0.0
202300040074,155 609 491,A01,0,7,0,1,6,26,0,0.0
202300040075,155 609 489,A01,1,7,6,0,1,1,2,0.0
202300040076,155 609 486,A01,1,7,9,2,3,1,1,0.0
202300040076,155 609 488,B01,1,7,0,2,2,9,1,0.0
202300040077,155 609 485,B01,2,33,0,2,1,1,1,0.0
202300040077,155 609 487,A01,1,7,0,2,5,15,3,0.0
202300040078,155 609 484,B01,1,2,0,0,7,21,1,0.0
202300040079,155 609 481,A01,2,7,0,9,7,2,0,0.0
202300040079,155 609 483,B01,2,1,1,2,8,2,5,0.0
202300040080,155 609 480,B01,2,50,0,2,1,1,3,0.0
202300040080,155 609 482,A01,2,13,0,2,2,16,1,0.0
202300040081,155 609 479,A01,3,37,0,1,2,1,0,1.0
202300040082,155 609 475,B01,2,10,0,2,4,1,1,0.0
202300040082,155 609 477,A01,2,7,0,2,1,1,1,0.0
202300040083,155 609 474,C01,2,7,0,2,6,0,1,0.0
202300040083,155 609 476,B01,2,7,0,2,1,24,1,0.0
202300040083,155 609 478,A01,2,30,0,2,1,3,1,0.0
202300040084,155 609 471,A01,1,7,2,0,3,1,1,0.0
202300040085,155 609 472,B01,2,7,0,2,1,2,1,0.0
202300040085,155 609 473,A01,2,7,0,2,4,26,1,0.0
202300040086,155 609 469,A01,2,33,0,2,1,12,1,0.0
202300040086,155 609 470,B01,2,7,0,2,5,1,1,0.0
202300040087,155 609 465,B01,1,7,0,2,1,1,1,0.0
202300040087,155 609 468,A01,3,7,0,2,3,15,1,0.0
202300040088,155 609 464,A01,3,7,0,2,1,1,1,0.0
202300040088,155 609 467,B01,2,7,0,2,4,23,1,0.0
202300040089,155 609 462,A01,1,7,0,2,4,2,1,0.0
202300040089,155 609 463,B01,1,7,0,2,4,2,1,0.0
202300040089,155 609 466,C01,1,7,0,2,1,2,0,0.0
202300040090,155 609 459,A01,1,7,0,2,3,9,1,0.0
202300040090,155 609 461,B01,1,1,0,2,2,1,5,0.0
202300040091,155 609 457,A01,2,32,0,0,2,0,1,0.0
202300040092,155 609 458,B01,2,13,0,2,4,2,1,0.0
202300040092,155 609 460,A01,2,31,0,2,1,2,1,0.0
202300040093,155 609 454,A01,1,7,0,2,7,19,1,0.0
202300040093,155 609 456,B01,1,7,0,2,1,1,1,0.0
202300040094,155 609 453,A01,2,7,13,0,1,0,1,0.0
202300040095,155 609 452,A01,1,7,10,2,1,13,1,0.0
202300040095,155 609 455,B01,1,7,4,2,4,2,1,0.0
202300040096,155 609 451,A01,3,7,0,1,1,26,1,0.0
202300040097,155 609 448,A01,1,7,4,0,1,1,1,0.0
202300040098,155 609 445,A01,2,7,0,2,2,12,1,0.0
202300040098,155 609 447,B01,2,7,0,2,6,11,1,0.0
202300040099,155 609 446,A01,3,7,0,2,2,21,1,0.0
202300040099,155 609 450,B01,3,7,0,2,3,0,1,0.0
202300040100,155 609 443,A01,2,33,0,2,1,21,1,0.0
202300040100,155 609 444,B01,2,7,0,2,5,1,1,0.0
202300040101,155 609 441,A01,3,7,0,1,1,1,1,0.0
202300040102,155 609 437,A01,2,33,0,2,1,21,1,0.0
202300040102,155 609 439,B01,2,7,0,2,6,9,1,0.0
202300040103,155 609 436,A01,0,30,0,2,9,17,1,0.0
202300040103,155 609 438,B01,3,7,0,2,8,1,1,0.0
202300040104,155 609 435,A01,0,7,0,2,1,1,1,0.0
202300040104,155 609 440,B01,0,31,3,0,8,1,1,0.0
202300040104,155 609 442,C01,0,33,16,0,0,1,1,0.0
202300040105,155 609 432,B01,2,7,0,2,6,2,1,0.0
202300040105,155 609 433,A01,2,10,0,2,1,2,2,0.0
202300040106,155 609 431,A01,3,7,0,2,3,1,1,0.0
202300040106,155 609 434,B01,3,32,0,2,7,1,1,0.0
202300040107,155 609 429,A01,1,7,0,2,3,1,1,0.0
202300040107,155 609 430,B01,1,7,0,2,1,1,1,0.0
202300040108,155 609 426,B01,1,33,0,2,1,0,0,0.0
202300040108,155 609 428,A01,0,10,0,2,2,0,1,0.0
202300040109,155 609 423,B01,1,7,0,2,1,1,2,0.0
202300040109,155 609 425,A01,2,7,0,2,2,15,1,0.0
202300040110,155 609 424,A01,0,7,0,2,1,1,1,0.0
202300040110,155 609 427,B01,3,7,0,2,3,15,1,0.0
202300040111,155 609 421,A01,3,10,1,1,8,18,1,0.0
202300040112,155 609 420,A01,2,7,0,2,1,15,0,0.0
202300040112,155 609 422,B01,1,10,0,2,3,1,1,0.0
202300040113,155 609 419,A01,1,7,2,0,1,1,1,0.0
202300040114,155 609 418,A01,1,7,0,1,7,1,1,0.0
202300040115,155 609 416,A01,1,7,0,2,4,15,1,0.0
202300040115,155 609 417,B01,3,2,0,2,0,0,0,0.0
202300040116,155 609 414,C01,0,30,0,2,0,0,0,0.0
202300040116,155 609 415,B01,1,7,0,2,8,15,1,0.0
202300040117,155 609 412,A01,2,50,0,2,1,19,3,0.0
202300040117,155 609 413,B01,2,7,0,2,6,1,1,0.0
202300040118,155 609 411,A01,1,33,14,0,9,1,1,0.0
202300040119,155 609 408,B01,1,7,0,2,8,1,1,0.0
202300040119,155 609 410,A01,2,7,0,2,2,1,1,0.0
202300040120,155 609 409,A01,1,33,0,1,3,0,1,0.0
202300040121,155 609 407,A01,1,7,4,0,3,1,1,0.0
202300040122,155 609 406,A01,1,7,0,1,1,2,1,0.0
202300040123,155 609 405,A01,1,7,3,0,1,1,1,0.0
202300040124,155 609 403,A01,1,7,0,1,2,1,1,0.0
202300040125,155 609 401,C01,1,38,0,2,4,1,1,1.0
202300040125,155 609 402,A01,1,7,0,2,1,1,1,0.0
202300040125,155 609 404,B01,1,7,0,2,4,1,1,0.0
202300040126,155 609 397,B01,3,2,0,2,1,1,1,0.0
202300040126,155 609 399,A01,3,7,0,2,5,15,1,0.0
202300040127,155 609 395,D01,1,7,0,2,0,1,1,0.0
202300040127,155 609 396,C01,1,7,0,2,1,2,1,0.0
202300040127,155 609 398,B01,2,7,0,2,1,2,1,0.0
202300040127,155 609 400,A01,2,7,0,2,2,13,1,0.0
202300040128,155 609 391,A01,2,7,0,2,2,1,1,0.0
202300040128,155 609 394,B01,2,32,0,2,4,2,1,0.0
202300040129,155 609 392,B01,1,10,0,2,3,15,1,0.0
202300040129,155 609 393,A01,1,31,0,2,1,17,1,0.0
202300040130,155 609 389,A01,1,7,6,0,3,1,1,0.0
202300040131,155 609 387,C01,1,7,0,2,1,2,1,0.0
202300040131,155 609 388,A01,1,7,0,2,1,2,1,0.0
202300040131,155 609 390,B01,1,2,0,2,4,1,1,0.0
202300040132,155 609 383,B01,0,37,0,2,3,1,1,1.0
202300040132,155 609 385,A01,0,7,0,2,3,0,1,0.0
202300040133,155 609 384,A01,1,7,0,2,2,16,1,0.0
202300040133,155 609 386,B01,1,7,0,2,3,1,1,0.0
202300040134,155 609 378,B01,3,7,0,2,4,1,1,0.0
202300040134,155 609 380,A01,0,33,0,2,1,1,1,0.0
202300040134,155 609 381,C01,3,15,0,2,4,24,1,0.0
202300040135,155 609 379,B01,3,7,0,2,1,0,1,0.0
202300040135,155 609 382,A01,3,7,0,2,5,11,1,0.0
202300040136,155 609 377,A01,1,7,3,0,1,0,1,0.0
202300040137,155 609 375,B01,3,30,0,2,7,15,1,0.0
202300040137,155 609 376,A01,3,10,0,2,1,1,1,0.0
202300040138,155 609 373,B01,0,7,0,2,7,26,1,0.0
202300040138,155 609 374,A01,0,7,0,2,1,9,1,0.0
202300040139,155 609 371,A01,1,7,0,2,1,2,1,0.0
202300040139,155 609 372,B01,1,7,0,2,4,2,1,0.0
202300040140,155 609 368,A01,1,7,0,1,1,19,1,0.0
202300040141,155 609 369,B01,2,2,0,2,1,1,1,0.0
202300040141,155 609 370,A01,2,7,0,2,3,5,1,0.0
202300040142,155 609 364,B01,2,7,0,2,2,14,1,0.0
202300040142,155 609 366,C01,2,10,0,2,3,0,1,0.0
202300040142,155 609 367,A01,2,7,4,2,9,21,1,0.0
202300040143,155 609 362,A01,2,33,0,2,1,3,1,0.0
202300040143,155 609 363,B01,2,7,0,0,5,1,1,0.0
202300040143,155 609 365,C01,2,7,0,0,8,1,1,0.0
202300040144,155 609 361,A01,1,7,1,0,1,26,1,0.0
202300040145,155 609 359,A01,2,14,0,0,0,0,0,0.0
202300040145,155 609 360,B01,2,30,0,2,7,0,1,0.0
202300040146,155 609 358,A01,1,7,12,1,7,1,1,0.0
202300040147,155 609 357,A01,0,7,0,1,1,9,0,0.0
202300040148,155 609 355,A01,1,7,0,2,8,15,1,0.0
202300040148,155 609 356,B01,2,33,0,2,1,1,1,0.0
202300040149,155 609 353,A01,1,7,0,2,2,15,1,0.0
202300040149,155 609 354,B01,1,1,0,2,0,1,5,0.0
202300040150,155 609 352,A01,3,7,0,1,3,26,1,0.0
202300040151,155 609 349,B01,2,1,0,2,0,0,5,0.0
202300040151,155 609 351,A01,2,50,0,2,0,5,3,0.0
202300040152,155 609 348,A01,1,7,0,2,5,15,1,0.0
202300040152,155 609 350,B01,2,32,0,2,1,1,1,0.0
202300040153,155 609 347,A01,3,7,1,0,2,14,1,0.0
202300040154,155 609 345,A01,3,7,0,2,1,1,1,0.0
202300040154,155 609 346,B01,3,80,0,2,8,19,3,0.0
202300040155,155 609 344,A01,2,10,0,1,7,21,1,0.0
202300040156,155 609 342,A01,1,7,0,2,1,1,1,0.0
202300040156,155 609 343,B01,1,7,0,2,4,1,1,0.0
202300040157,155 609 341,A01,1,7,0,1,1,0,1,0.0
202300040158,155 609 338,A01,3,7,0,1,1,26,1,0.0
202300040159,155 609 337,B01,1,7,0,2,3,1,1,0.0
202300040159,155 609 339,C01,1,7,0,2,4,1,1,0.0
202300040159,155 609 340,A01,1,7,0,2,1,13,1,0.0
202300040160,155 609 335,A01,2,7,0,5,1,19,1,0.0
202300040161,155 609 334,A01,1,7,0,2,2,1,2,0.0
202300040161,155 609 336,B01,1,1,0,2,8,9,5,0.0
202300040162,155 609 332,A01,3,7,0,1,1,1,1,0.0
202300040163,155 609 331,B01,2,7,0,2,8,0,1,0.0
202300040163,155 609 333,A01,1,7,0,2,8,0,1,0.0
202300040164,155 609 329,B01,1,30,0,2,2,15,1,0.0
202300040164,155 609 330,A01,2,30,0,2,1,1,1,0.0
202300040165,155 609 327,B01,1,1,0,2,4,1,5,0.0
202300040165,155 609 328,A01,1,7,0,2,1,1,1,0.0
202300040166,155 609 325,A01,2,7,0,2,1,1,1,0.0
202300040166,155 609 326,B01,2,7,0,2,6,15,1,0.0
202300040167,155 609 322,A01,0,7,0,2,7,15,1,0.0
202300040167,155 609 324,B01,0,7,0,2,8,1,1,0.0
202300040168,155 609 320,C01,2,7,14,0,4,2,1,0.0
202300040168,155 609 321,A01,1,7,0,2,1,2,1,0.0
202300040168,155 609 323,B01,2,7,14,2,1,2,1,0.0
202300040169,155 609 319,A01,1,7,0,1,1,1,1,0.0
202300040170,155 609 316,B01,2,7,0,2,5,1,1,0.0
202300040170,155 609 317,A01,2,33,0,2,1,1,1,0.0
202300040171,155 609 315,B01,-1,0,-1,-1,-1,-1,-1,0.0
202300040171,155 609 318,A01,1,7,0,2,4,1,1,0.0
202300040172,155 609 314,A01,1,7,1,0,3,16,1,0.0
202300040173,155 609 311,A01,2,1,6,0,1,0,5,0.0
202300040174,155 609 312,B01,2,10,0,2,2,16,1,0.0
202300040174,155 609 313,A01,2,1,0,2,8,19,5,0.0
202300040175,155 609 308,A01,1,16,0,2,2,17,1,0.0
202300040175,155 609 310,B01,1,50,0,2,8,13,3,0.0
202300040176,155 609 307,B01,1,31,0,2,1,17,1,0.0
202300040176,155 609 309,A01,2,7,0,2,8,10,1,0.0
202300040177,155 609 305,B01,1,1,0,2,1,1,5,0.0
202300040177,155 609 306,A01,1,7,0,2,5,20,1,0.0
202300040178,155 609 304,A01,1,7,12,0,1,6,1,0.0
202300040179,155 609 302,A01,2,10,0,2,2,1,1,0.0
202300040179,155 609 303,B01,2,7,0,2,6,1,1,0.0
202300040180,155 609 301,Z01,3,7,0,1,3,1,1,0.0
202300040181,155 609 300,A01,1,7,0,1,1,14,1,0.0
202300040182,155 609 297,A01,1,1,0,2,6,15,5,0.0
202300040182,155 609 299,B01,1,37,0,9,8,7,1,1.0
202300040183,155 609 296,A01,2,7,0,2,1,2,0,0.0
202300040183,155 609 298,B01,2,7,0,2,4,2,0,0.0
202300040184,155 609 295,A01,3,32,0,1,1,1,1,0.0
202300040185,155 609 293,A01,1,10,0,2,7,2,1,0.0
202300040185,155 609 294,B01,1,50,0,2,8,1,3,0.0
202300040186,155 609 291,A01,1,33,0,0,7,2,1,0.0
202300040187,155 609 290,B01,2,7,0,2,3,1,1,0.0
202300040187,155 609 292,A01,2,33,0,2,5,14,0,0.0
202300040188,155 609 286,B01,1,1,0,2,1,1,5,0.0
202300040188,155 609 288,A01,1,7,0,9,3,15,1,0.0
202300040189,155 609 285,A01,2,7,0,2,9,3,1,0.0
202300040189,155 609 287,B01,2,7,0,2,4,1,2,0.0
202300040189,155 609 289,C01,2,7,0,2,7,1,1,0.0
202300040190,155 609 282,B01,1,7,0,2,6,1,1,0.0
202300040190,155 609 284,A01,2,7,0,2,1,19,1,0.0
202300040191,155 609 281,Z01,1,1,0,2,0,16,5,0.0
202300040191,155 609 283,A01,2,1,0,2,2,1,5,0.0
202300040192,155 609 279,A01,1,7,9,0,1,1,1,0.0
202300040193,155 609 278,B01,2,10,0,2,4,23,1,0.0
202300040193,155 609 280,A01,2,7,0,2,1,1,1,0.0
202300040194,155 609 277,A01,2,43,0,1,8,1,1,0.0
202300040195,155 609 274,A01,1,7,0,2,3,13,1,0.0
202300040195,155 609 276,B01,2,7,0,2,7,1,1,0.0
202300040196,155 609 271,A01,1,7,0,2,3,15,1,0.0
202300040196,155 609 272,B01,1,31,0,2,2,17,1,0.0
202300040197,155 609 273,B01,1,7,9,2,7,1,2,0.0
202300040197,155 609 275,A01,1,7,0,2,3,15,1,0.0
202300040198,155 609 268,A01,1,38,0,2,1,1,1,1.0
202300040198,155 609 270,B01,1,1,0,2,7,19,5,0.0
202300040199,155 609 267,B01,1,7,0,2,2,1,1,0.0
202300040199,155 609 269,A01,1,7,0,2,3,15,1,0.0
202300040200,155 609 266,A01,2,80,1,0,1,2,3,0.0
202300040201,155 609 264,A01,1,7,0,2,1,15,1,0.0
202300040201,155 609 265,B01,1,1,0,2,8,1,5,0.0
202300040202,155 609 262,A01,2,7,0,1,1,2,1,0.0
202300040203,155 609 260,A01,2,7,0,1,2,1,1,0.0
202300040204,155 609 259,A01,1,7,0,2,1,26,1,0.0
202300040204,155 609 261,B01,1,7,0,2,4,0,1,0.0
202300040204,155 609 263,C01,2,7,0,2,7,0,1,0.0
202300040205,155 609 256,A01,2,7,4,0,3,1,1,0.0
202300040206,155 609 255,A01,1,1,0,2,7,1,5,0.0
202300040206,155 609 257,Z01,1,1,0,2,8,15,5,0.0
202300040207,155 609 253,A01,3,7,0,2,7,1,1,0.0
202300040207,155 609 254,B01,3,7,6,2,1,21,1,0.0
202300040207,155 609 258,Y01,2,50,0,2,1,5,3,0.0
202300040208,155 609 252,A01,2,33,3,0,1,3,1,0.0
202300040209,155 609 250,B01,2,7,0,2,3,20,1,0.0
202300040209,155 609 251,A01,1,43,0,2,2,1,1,0.0
202300040210,155 609 247,B01,3,50,0,2,1,16,3,0.0
202300040210,155 609 249,A01,3,7,0,9,1,1,1,0.0
202300040211,155 609 246,A01,1,32,1,0,1,1,1,0.0
202300040212,155 609 244,C01,1,7,0,2,7,0,1,0.0
202300040212,155 609 245,A01,1,7,0,2,1,21,1,0.0
202300040212,155 609 248,B01,1,7,0,2,6,0,1,0.0
202300040213,155 609 243,A01,2,7,0,1,1,1,2,0.0
202300040214,155 609 240,A01,1,7,3,0,1,1,1,0.0
202300040215,155 609 241,A01,1,33,1,2,0,1,1,0.0
202300040215,155 609 242,B01,1,2,1,0,0,19,1,0.0
202300040216,155 609 236,B01,2,7,0,2,4,1,1,0.0
202300040216,155 609 237,A01,2,7,0,2,1,2,1,0.0
202300040217,155 609 235,A01,1,7,1,0,1,1,1,0.0
202300040218,155 609 234,A01,1,10,0,1,2,0,1,0.0
202300040219,155 609 232,A01,1,10,0,2,4,2,1,0.0
202300040219,155 609 233,B01,1,7,0,2,1,2,1,0.0
202300040220,155 609 231,A01,1,7,12,0,3,17,1,0.0
202300040221,155 609 229,A01,1,30,8,0,1,14,3,0.0
202300040222,155 609 228,B01,2,7,0,2,2,17,1,0.0
202300040222,155 609 230,A01,1,7,0,2,2,1,1,0.0
202300040223,155 609 226,A01,1,7,0,2,2,1,1,0.0
202300040223,155 609 227,B01,1,2,0,2,5,19,1,0.0
202300040224,155 609 225,A01,2,7,1,0,1,14,1,0.0
202300040225,155 609 223,A01,2,7,0,0,3,1,1,0.0
202300040225,155 609 224,B01,1,31,0,2,1,11,1,0.0
202300040226,155 609 220,B01,2,7,0,2,2,15,1,0.0
202300040226,155 609 222,A01,3,7,0,2,1,26,1,0.0
202300040227,155 609 218,A01,2,7,0,2,1,1,1,0.0
202300040227,155 609 219,B01,2,7,0,2,4,1,1,0.0
202300040227,155 609 221,C01,2,7,0,2,4,1,1,0.0
202300040228,155 609 217,A01,1,7,0,1,3,1,1,0.0
202300040229,155 609 214,A01,3,10,0,1,1,1,1,0.0
202300040230,155 609 213,A01,3,10,0,2,1,1,1,0.0
202300040230,155 609 215,C01,3,7,0,2,4,1,1,0.0
202300040230,155 609 216,B01,3,7,0,2,1,1,1,0.0
202300040231,155 609 209,A01,3,50,0,2,7,1,5,0.0
202300040231,155 609 210,B01,3,7,0,0,0,0,3,0.0
202300040232,155 609 212,A01,1,7,0,1,8,1,1,0.0
202300040233,155 609 208,B01,2,50,0,2,1,1,3,0.0
202300040233,155 609 211,A01,1,7,0,2,8,15,0,0.0
202300040234,155 609 204,A01,1,7,0,2,2,16,1,0.0
202300040234,155 609 206,B01,1,7,0,2,6,1,2,0.0
202300040235,155 609 205,B01,0,1,0,0,0,0,5,0.0
202300040235,155 609 207,A01,3,7,0,2,2,26,1,0.0
202300040236,155 609 203,A01,1,10,0,1,3,15,1,0.0
202300040237,155 609 199,A01,2,7,0,1,3,1,1,0.0
202300040238,155 609 198,B01,1,7,0,2,1,15,1,0.0
202300040238,155 609 202,A01,2,7,0,2,7,1,1,0.0
202300040239,155 609 197,C01,1,7,1,0,4,24,1,0.0
202300040239,155 609 200,A01,3,3,1,2,4,0,1,0.0
202300040239,155 609 201,B01,1,7,1,0,4,24,1,0.0
202300040240,155 609 194,A01,1,7,1,0,9,0,0,0.0
202300040241,155 609 193,B01,1,7,0,2,4,26,1,0.0
202300040241,155 609 196,Z01,1,7,0,2,0,0,0,0.0
202300040242,155 609 192,B01,2,7,0,2,3,1,1,0.0
202300040242,155 609 195,A01,1,7,0,2,1,19,1,0.0
202300040243,155 609 190,A01,0,7,0,2,0,0,0,0.0
202300040243,155 609 191,B01,3,30,0,2,2,15,0,0.0
202300040244,155 609 189,A01,0,7,0,5,1,1,1,0.0
202300040245,155 609 186,A01,0,7,0,2,6,4,0,0.0
202300040245,155 609 187,B01,0,7,0,2,6,23,0,0.0
202300040246,155 609 185,B01,1,7,0,2,1,1,1,0.0
202300040246,155 609 188,A01,2,7,0,2,3,15,1,0.0
202300040247,155 609 181,B01,1,7,0,2,2,1,1,0.0
202300040247,155 609 184,A01,1,7,0,2,7,15,1,0.0
202300040248,155 609 182,B01,2,7,0,2,3,13,1,0.0
202300040248,155 609 183,A01,2,32,0,2,2,2,1,0.0
202300040249,155 609 180,A01,2,36,0,2,1,1,1,0.0
202300040250,155 609 177,A01,1,7,0,1,1,1,1,0.0
202300040251,155 609 178,A01,2,7,0,1,3,1,1,0.0
202300040252,155 609 174,A01,1,7,0,1,3,1,1,0.0
202300040253,155 609 175,B01,2,33,0,2,1,1,1,0.0
202300040253,155 609 179,A01,2,7,0,2,8,1,1,0.0
202300040254,155 609 173,A01,1,10,0,2,1,1,1,0.0
202300040254,155 609 176,B01,1,7,0,2,4,1,1,0.0
202300040255,155 609 169,A01,1,7,0,0,4,23,1,0.0
202300040255,155 609 172,B01,1,7,3,2,2,21,1,0.0
202300040256,155 609 167,B01,1,7,0,2,8,1,1,0.0
202300040256,155 609 170,A01,1,7,8,2,1,1,1,0.0
202300040257,155 609 168,A01,3,7,0,2,3,15,1,0.0
202300040257,155 609 171,B01,3,30,0,2,8,1,1,0.0