num_acc,id_vehicule,num_veh,senc,catv,obs,obsm,choc,manv,motor,occutc
202300040525,155 608 711,A01,3,1,0,0,0,0,5,0.0
202300040526,155 608 709,A01,1,7,0,1,1,1,1,0.0
202300040527,155 608 708,A01,1,2,0,0,8,1,1,0.0
202300040528,155 608 707,A01,2,7,0,2,3,9,1,0.0
202300040528,155 608 710,B01,2,30,0,2,2,1,1,0.0
202300040529,155 608 706,A01,2,33,3,0,1,1,1,0.0
202300040530,155 608 702,A01,1,7,0,2,8,15,1,0.0
202300040530,155 608 705,B01,1,7,0,2,1,1,1,0.0
202300040531,155 608 700,A01,1,7,0,2,2,16,1,0.0
202300040531,155 608 704,B01,1,1,0,2,8,1,5,0.0
202300040532,155 608 701,A01,1,7,0,2,1,1,1,0.0
202300040532,155 608 703,B01,2,7,0,2,2,15,1,0.0
202300040533,155 608 698,A01,1,32,0,2,1,1,1,0.0
202300040533,155 608 699,B01,1,7,0,2,1,1,1,0.0
202300040534,155 608 694,B01,3,31,0,2,1,1,0,0.0
202300040534,155 608 697,A01,3,7,0,2,2,15,1,0.0
202300040535,155 608 695,A01,1,7,0,2,1,2,1,0.0
202300040535,155 608 696,B01,1,7,0,2,4,15,1,0.0
202300040536,155 608 690,B01,1,7,12,2,0,1,1,0.0
202300040536,155 608 691,A01,1,33,12,2,1,26,1,0.0
202300040537,155 608 689,B01,0,60,0,2,1,1,5,0.0
202300040537,155 608 693,A01,0,7,0,9,2,20,1,0.0
202300040538,155 608 688,B01,2,7,0,2,1,1,1,0.0
202300040538,155 608 692,A01,1,3,0,2,1,5,1,0.0
202300040539,155 608 687,A01,2,10,4,0,1,0,0,0.0
202300040540,155 608 685,A01,1,33,6,0,1,1,1,0.0
202300040541,155 608 682,A01,3,7,0,2,2,9,1,0.0
202300040541,155 608 684,B01,3,37,0,2,3,7,1,1.0
202300040542,155 608 683,A01,3,7,0,2,6,15,1,0.0
202300040542,155 608 686,B01,3,43,0,2,1,0,1,0.0
202300040543,155 608 679,A01,2,7,0,2,7,12,1,0.0
202300040543,155 608 680,B01,2,33,0,2,8,1,1,0.0
202300040544,155 608 678,B01,1,7,0,2,7,17,0,0.0
202300040544,155 608 681,A01,1,2,6,0,8,1,1,0.0
202300040545,155 608 677,A01,1,33,1,0,0,13,1,0.0
202300040546,155 608 675,A01,1,10,0,2,1,9,1,0.0
202300040546,155 608 676,B01,0,2,0,2,4,0,1,0.0
202300040547,155 608 674,A01,1,7,0,1,3,1,1,0.0
202300040548,155 608 672,A01,0,7,0,2,8,2,0,0.0
202300040548,155 608 673,B01,0,50,0,2,1,2,3,0.0
202300040549,155 608 671,A01,1,10,0,1,1,15,1,0.0
202300040550,155 608 669,A01,3,31,0,0,0,1,1,0.0
202300040551,155 608 667,B01,2,10,0,2,4,1,1,0.0
202300040551,155 608 668,A01,2,7,0,2,1,1,1,0.0
202300040552,155 608 664,A01,1,7,0,2,1,1,3,0.0
202300040552,155 608 666,B01,1,30,0,2,8,1,1,0.0
202300040553,155 608 665,A01,2,7,0,2,8,15,1,0.0
202300040553,155 608 670,B01,2,33,0,2,1,17,1,0.0
202300040554,155 608 662,A01,1,7,0,2,2,16,1,0.0
202300040554,155 608 663,B01,1,1,0,2,1,1,5,0.0
202300040555,155 608 660,B01,1,7,0,2,2,16,1,0.0
202300040555,155 608 661,A01,1,30,0,2,5,1,1,0.0
202300040556,155 608 656,B01,3,7,0,0,0,0,1,0.0
202300040556,155 608 658,A01,3,30,0,0,0,1,1,0.0
202300040557,155 608 657,B01,1,1,0,2,8,0,5,0.0
202300040557,155 608 659,A01,1,7,0,2,1,1,0,0.0
202300040558,155 608 654,A01,1,7,0,1,0,16,0,0.0
202300040559,155 608 652,B01,3,33,0,2,8,1,1,0.0
202300040559,155 608 653,A01,3,7,0,2,7,12,1,0.0
202300040560,155 608 651,A01,1,7,0,2,3,15,6,0.0
202300040560,155 608 655,B01,1,33,0,2,1,17,0,0.0
202300040561,155 608 649,B01,1,10,0,2,2,1,1,0.0
202300040561,155 608 650,A01,3,1,0,2,7,19,5,0.0
202300040562,155 608 648,A01,1,7,13,0,2,2,1,0.0
202300040563,155 608 646,B01,2,7,0,2,7,26,0,0.0
202300040563,155 608 647,A01,1,7,0,2,7,1,0,0.0
202300040564,155 608 645,A01,2,7,0,1,3,1,1,0.0
202300040565,155 608 643,A01,0,7,0,9,3,15,1,0.0
202300040565,155 608 644,B01,0,50,0,2,1,5,3,0.0
202300040566,155 608 640,A01,1,7,0,2,4,4,1,0.0
202300040566,155 608 641,B01,2,1,0,2,1,1,5,0.0
202300040567,155 608 639,A01,3,7,0,2,3,13,1,0.0
202300040567,155 608 642,B01,3,7,0,2,3,2,1,0.0
202300040568,155 608 637,A01,0,7,0,2,1,21,1,0.0
202300040568,155 608 638,B01,3,7,0,2,1,1,1,0.0
202300040569,155 608 635,A01,1,7,0,2,1,1,1,0.0
202300040569,155 608 636,B01,2,7,0,2,1,1,1,0.0
202300040570,155 608 633,A01,1,3,0,2,3,2,1,0.0
202300040570,155 608 634,B01,2,43,0,2,1,2,1,0.0
202300040571,155 608 632,A01,3,37,0,1,3,0,1,1.0
202300040572,155 608 630,A01,3,7,0,2,2,2,1,0.0
202300040572,155 608 631,B01,3,3,0,2,4,0,1,0.0
202300040573,155 608 628,B01,3,60,0,2,0,19,5,0.0
202300040573,155 608 629,A01,1,7,0,1,3,1,3,0.0
202300040574,155 608 627,A01,2,37,0,1,2,1,1,1.0
202300040575,155 608 624,A01,1,7,6,0,1,1,1,0.0
202300040576,155 608 623,B01,1,7,0,2,7,1,1,0.0
202300040576,155 608 625,C01,1,7,0,2,5,1,1,0.0
202300040576,155 608 626,A01,1,7,0,2,1,1,1,0.0
202300040577,155 608 621,A01,1,7,0,1,1,1,1,0.0
202300040578,155 608 620,A01,1,10,0,2,1,13,0,0.0
202300040578,155 608 622,B01,2,7,0,2,1,1,2,0.0
202300040579,155 608 619,A01,2,7,0,1,1,1,1,0.0
202300040580,155 608 617,B01,1,10,0,2,1,1,1,0.0
202300040580,155 608 618,A01,2,7,0,2,1,13,1,0.0
202300040581,155 608 616,A01,3,7,0,1,1,1,1,0.0
202300040582,155 608 615,A01,1,31,0,0,8,1,1,0.0
202300040583,155 608 613,A01,2,7,0,0,9,1,1,0.0
202300040584,155 608 612,A01,1,7,0,2,1,2,0,0.0
202300040584,155 608 614,B01,1,50,0,2,4,2,3,0.0
202300040585,155 608 611,A01,2,7,2,0,2,13,2,0.0
202300040586,155 608 608,A01,3,7,0,2,1,2,1,0.0
202300040586,155 608 609,B01,3,7,0,2,1,2,1,0.0
202300040586,155 608 610,C01,3,7,0,2,4,2,1,0.0
202300040587,155 608 607,A01,1,7,13,0,7,1,1,0.0
202300040588,155 608 606,A01,3,7,0,1,1,1,1,0.0
202300040589,155 608 604,B01,2,7,0,2,3,15,1,0.0
202300040589,155 608 605,A01,2,31,0,2,1,17,1,0.0
202300040590,155 608 601,A01,1,7,2,9,1,13,1,0.0
202300040591,155 608 602,A01,3,7,0,2,1,16,1,0.0
202300040591,155 608 603,B01,3,50,0,2,8,1,3,0.0
202300040592,155 608 600,A01,0,33,16,0,1,1,1,0.0
202300040593,155 608 598,A01,2,7,0,2,3,17,1,0.0
202300040593,155 608 599,B01,1,2,0,2,1,1,1,0.0
202300040594,155 608 594,A01,2,7,0,2,1,2,1,0.0
202300040594,155 608 596,B01,2,10,0,2,4,2,1,0.0
202300040595,155 608 593,A01,1,7,0,2,1,21,1,0.0
202300040595,155 608 595,B01,2,7,0,2,1,1,1,0.0
202300040595,155 608 597,C01,1,14,0,0,4,1,1,0.0
202300040596,155 608 591,A01,1,7,6,0,1,1,0,0.0
202300040597,155 608 590,A01,1,7,0,2,2,15,1,0.0
202300040597,155 608 592,B01,2,1,0,2,1,25,5,0.0
202300040598,155 608 586,B01,2,1,0,2,0,2,5,0.0
202300040598,155 608 588,A01,2,7,0,9,0,1,1,0.0
202300040599,155 608 585,B01,3,7,0,2,9,2,1,0.0
202300040599,155 608 587,C01,3,7,0,2,4,2,2,0.0
202300040599,155 608 589,A01,3,7,0,2,1,2,1,0.0
202300040600,155 608 584,A01,0,33,0,0,0,1,1,0.0
202300040601,155 608 580,A01,1,7,0,2,1,17,1,0.0
202300040601,155 608 582,B01,2,7,0,2,1,1,1,0.0
202300040602,155 608 576,A01,1,17,0,2,1,2,1,0.0
202300040602,155 608 578,B01,1,7,0,2,4,2,1,0.0
202300040602,155 608 579,C01,1,7,0,2,4,2,1,0.0
202300040602,155 608 581,D01,1,7,0,2,4,2,1,0.0
202300040603,155 608 575,A01,2,33,0,2,1,2,1,0.0
202300040603,155 608 577,B01,2,10,0,2,4,1,1,0.0
202300040604,155 608 574,A01,2,7,0,1,1,1,1,0.0
202300040605,155 608 572,B01,2,2,0,2,8,1,1,0.0
202300040605,155 608 573,A01,1,7,0,2,3,15,1,0.0
202300040606,155 608 571,A01,0,37,0,1,2,15,1,1.0
202300040607,155 608 568,A01,0,7,0,2,1,1,1,0.0
202300040607,155 608 570,B01,0,7,0,2,8,1,1,0.0
202300040608,155 608 567,A01,1,10,0,2,2,1,1,0.0
202300040608,155 608 569,B01,2,7,0,2,1,10,1,0.0
202300040609,155 608 564,C01,1,7,0,2,4,15,1,0.0
202300040609,155 608 565,B01,1,7,0,2,4,23,3,0.0
202300040609,155 608 566,A01,1,7,0,2,1,1,1,0.0
202300040610,155 608 562,A01,3,1,0,2,1,1,5,0.0
202300040610,155 608 563,B01,3,7,0,0,4,23,1,0.0
202300040611,155 608 559,A01,2,7,0,2,3,1,1,0.0
202300040611,155 608 560,B01,1,17,0,2,3,1,1,0.0
202300040611,155 608 561,T01,2,10,0,2,8,1,1,0.0
202300040612,155 608 558,A01,2,15,1,0,6,16,1,0.0
202300040613,155 608 557,A01,3,7,0,1,1,15,1,0.0
202300040614,155 608 556,A01,1,13,0,0,7,15,1,0.0
202300040615,155 608 555,A01,3,7,0,1,3,1,1,0.0
202300040616,155 608 554,A01,1,7,13,0,1,0,1,0.0
202300040617,155 608 550,C01,3,7,0,2,1,2,1,0.0
202300040617,155 608 552,B01,3,7,0,2,1,9,1,0.0
202300040617,155 608 553,A01,3,7,0,2,1,6,1,0.0
202300040618,155 608 549,A01,1,7,0,2,2,15,1,0.0
202300040618,155 608 551,B01,2,33,0,2,1,1,1,0.0
202300040619,155 608 546,A01,1,7,15,0,1,26,1,0.0
202300040620,155 608 545,A01,1,14,0,2,6,1,1,0.0
202300040620,155 608 547,B01,2,7,0,2,1,1,1,0.0
202300040620,155 608 548,C01,2,7,0,2,1,2,1,0.0
202300040621,155 608 544,A01,1,7,3,0,0,14,1,0.0
202300040622,155 608 543,A01,1,7,0,1,1,1,1,0.0
202300040623,155 608 541,A01,1,17,0,0,4,2,1,0.0
202300040623,155 608 542,B01,1,17,0,2,1,2,1,0.0
202300040624,155 608 538,A01,0,1,0,2,8,19,5,0.0
202300040624,155 608 540,B01,2,33,0,2,1,21,1,0.0
202300040625,155 608 537,A01,1,30,0,2,1,26,0,0.0
202300040625,155 608 539,B01,2,7,0,2,1,1,0,0.0
202300040626,155 608 536,A01,3,7,2,0,3,13,1,0.0
202300040627,155 608 534,A01,3,3,0,2,1,13,1,0.0
202300040627,155 608 535,B01,3,37,0,2,3,1,1,1.0
202300040628,155 608 531,A01,1,7,8,0,1,13,1,0.0
202300040629,155 608 532,A01,1,7,0,0,0,16,1,0.0
202300040629,155 608 533,B01,1,2,0,0,0,1,1,0.0
202300040630,155 608 528,A01,1,7,0,2,3,1,1,0.0
202300040630,155 608 530,B01,2,1,0,2,8,15,5,0.0
202300040631,155 608 527,A01,1,7,0,2,3,1,1,0.0
202300040631,155 608 529,B01,2,10,0,2,3,13,1,0.0
202300040632,155 608 526,A01,1,33,0,0,1,15,1,0.0
202300040633,155 608 525,A01,3,7,0,1,3,15,1,0.0
202300040634,155 608 523,B01,2,1,0,2,1,1,5,0.0
202300040634,155 608 524,A01,1,7,0,2,5,15,0,0.0
202300040635,155 608 522,A01,2,7,0,1,1,15,1,0.0
202300040636,155 608 519,A01,1,7,0,0,1,9,2,0.0
202300040636,155 608 521,B01,1,2,0,0,1,21,1,0.0
202300040637,155 608 520,A01,1,7,6,0,1,13,1,0.0
202300040638,155 608 517,B01,2,7,0,2,8,0,0,0.0
202300040638,155 608 518,A01,2,7,0,2,1,1,1,0.0
202300040639,155 608 514,A01,1,7,0,1,1,1,1,0.0
202300040640,155 608 515,A01,1,7,0,2,1,13,1,0.0
202300040640,155 608 516,B01,2,2,0,2,1,1,1,0.0
202300040641,155 608 513,A01,1,7,16,0,0,1,1,0.0
202300040642,155 608 510,B01,1,7,0,2,7,16,1,0.0
202300040642,155 608 512,A01,2,1,0,0,4,1,5,0.0
202300040643,155 608 509,B01,1,7,0,2,1,0,1,0.0
202300040643,155 608 511,A01,1,7,0,2,1,0,1,0.0
202300040644,155 608 508,A01,1,1,0,1,1,1,5,0.0
202300040645,155 608 504,A01,2,10,0,2,1,1,1,0.0
202300040645,155 608 505,B01,2,7,0,2,4,1,1,0.0
202300040646,155 608 506,B01,2,7,2,0,8,1,1,0.0
202300040646,155 608 507,A01,1,7,0,2,1,19,1,0.0
202300040647,155 608 502,A01,2,10,0,2,3,13,1,0.0
202300040647,155 608 503,B01,2,2,0,2,2,2,1,0.0
202300040648,155 608 500,A01,1,7,0,2,2,2,0,0.0
202300040648,155 608 501,B01,1,1,0,2,4,2,5,0.0
202300040649,155 608 498,B01,3,50,0,2,1,1,3,0.0
202300040649,155 608 499,A01,3,7,0,2,2,15,1,0.0
202300040650,155 608 496,A01,1,7,0,2,2,9,0,0.0
202300040650,155 608 497,B01,1,1,0,2,4,1,5,0.0
202300040651,155 608 495,A01,3,31,0,0,0,1,1,0.0
202300040652,155 608 493,A01,1,7,0,1,2,1,1,0.0
202300040653,155 608 491,A01,2,7,0,2,9,1,1,0.0
202300040653,155 608 492,B01,1,37,0,2,3,1,1,1.0
202300040653,155 608 494,C01,0,7,0,2,1,9,1,0.0
202300040654,155 608 487,A01,2,2,0,2,1,1,1,0.0
202300040654,155 608 489,B01,1,34,0,2,1,17,1,0.0
202300040654,155 608 490,C01,1,7,0,2,1,1,1,0.0
202300040655,155 608 486,A01,1,7,0,2,1,1,1,0.0
202300040655,155 608 488,B01,2,7,7,2,5,1,1,0.0
202300040656,155 608 483,A01,1,7,0,0,4,1,1,0.0
202300040656,155 608 485,B01,1,33,0,0,4,1,1,0.0
202300040657,155 608 482,A01,3,7,0,2,3,1,2,0.0
202300040657,155 608 484,B01,3,7,0,2,2,1,1,0.0
202300040658,155 608 479,A01,1,7,0,2,1,2,1,0.0
202300040658,155 608 481,B01,1,7,0,0,4,23,1,0.0
202300040659,155 608 478,A01,3,7,0,2,1,1,1,0.0
202300040659,155 608 480,B01,0,7,0,2,4,1,1,0.0
202300040660,155 608 474,B01,3,1,0,2,1,1,5,0.0
202300040660,155 608 476,A01,3,7,0,2,3,11,1,0.0
202300040661,155 608 471,B01,1,7,0,2,4,1,1,0.0
202300040661,155 608 472,C01,1,7,0,2,4,1,1,0.0
202300040661,155 608 473,D01,1,7,0,2,4,1,1,0.0
202300040661,155 608 475,E01,1,7,0,2,4,1,1,0.0
202300040661,155 608 477,A01,1,10,0,2,1,1,1,0.0
202300040662,155 608 469,A01,1,7,0,2,1,0,1,0.0
202300040662,155 608 470,B01,1,7,0,0,4,2,1,0.0
202300040663,155 608 466,A01,1,7,0,2,2,21,1,0.0
202300040663,155 608 468,B01,1,7,0,2,4,1,1,0.0
202300040664,155 608 464,A01,2,10,0,2,1,1,1,0.0
202300040664,155 608 465,B01,2,7,0,2,1,1,1,0.0
202300040664,155 608 467,C01,2,7,0,2,4,1,1,0.0
202300040665,155 608 460,B01,2,31,0,2,1,1,1,0.0
202300040665,155 608 463,A01,1,10,0,2,3,15,1,0.0
202300040666,155 608 461,B01,2,7,0,2,1,14,1,0.0
202300040666,155 608 462,A01,2,7,0,2,4,23,1,0.0
202300040667,155 608 458,A01,1,42,0,0,0,21,1,0.0
202300040668,155 608 451,C01,0,7,0,2,4,23,1,0.0
202300040668,155 608 455,D01,1,7,0,2,4,1,0,0.0
202300040668,155 608 457,A01,1,7,0,2,1,1,1,0.0
202300040668,155 608 459,B01,1,7,0,2,4,23,1,0.0
202300040669,155 608 453,A01,2,10,0,2,7,1,1,0.0
202300040669,155 608 454,B01,2,34,0,2,8,3,0,0.0
202300040670,155 608 452,A01,2,7,3,2,2,14,1,0.0
202300040670,155 608 456,B01,2,15,0,2,6,1,1,0.0
202300040671,155 608 450,A01,1,33,0,2,7,1,1,0.0
202300040672,155 608 447,B01,1,7,8,2,7,1,1,0.0
202300040672,155 608 449,A01,1,7,0,2,3,19,1,0.0
202300040673,155 608 445,A01,1,7,0,0,7,19,1,0.0
202300040673,155 608 448,B01,2,7,0,2,1,1,1,0.0
202300040674,155 608 440,A01,1,7,4,2,4,1,1,0.0
202300040674,155 608 443,B01,1,7,4,2,4,1,1,0.0
202300040674,155 608 444,C01,1,7,4,2,4,1,1,0.0
202300040674,155 608 446,Z01,1,7,4,2,1,1,1,0.0
202300040675,155 608 439,A01,2,7,4,0,2,1,1,0.0
202300040676,155 608 437,D01,1,7,1,0,4,1,3,0.0
202300040676,155 608 438,A01,1,7,1,0,2,1,1,0.0
202300040676,155 608 441,B01,1,7,1,0,4,2,1,0.0
202300040676,155 608 442,C01,1,7,1,0,4,1,1,0.0
202300040677,155 608 436,A01,2,7,4,0,1,1,1,0.0
202300040678,155 608 434,A01,2,10,0,2,3,11,1,0.0
202300040678,155 608 435,B01,1,2,0,2,0,1,1,0.0
202300040679,155 608 431,B01,1,7,0,2,4,24,1,0.0
202300040679,155 608 433,A01,1,7,0,2,1,14,1,0.0
202300040680,155 608 430,B01,2,7,0,2,2,1,1,0.0
202300040680,155 608 432,A01,2,7,5,0,1,1,1,0.0
202300040681,155 608 426,A01,1,7,0,2,3,11,1,0.0
202300040681,155 608 428,B01,1,33,0,2,7,1,1,0.0
202300040682,155 608 424,A01,2,7,0,2,6,1,1,0.0
202300040682,155 608 427,B01,1,7,0,2,3,15,1,0.0
202300040683,155 608 423,B01,3,1,0,2,7,1,5,0.0
202300040683,155 608 425,A01,2,7,0,2,1,16,1,0.0
202300040684,155 608 421,A01,3,7,0,1,1,1,1,0.0
202300040685,155 608 420,B01,1,7,0,2,1,1,1,0.0
202300040685,155 608 422,A01,2,7,0,2,3,13,1,0.0
202300040686,155 608 419,A01,1,7,6,0,1,2,1,0.0
202300040687,155 608 418,A01,2,10,2,0,2,15,1,0.0
202300040688,155 608 416,A01,3,30,0,0,0,0,1,0.0
202300040689,155 608 414,B01,2,7,0,2,1,1,1,0.0
202300040689,155 608 417,A01,1,7,0,2,1,13,1,0.0
202300040690,155 608 413,A01,1,7,0,2,1,26,1,0.0
202300040690,155 608 415,B01,1,14,0,2,5,26,1,0.0
202300040691,155 608 412,A01,1,7,7,0,0,1,1,0.0
202300040692,155 608 410,A01,2,7,0,1,1,1,1,0.0
202300040693,155 608 409,B01,1,7,13,0,3,1,1,0.0
202300040693,155 608 411,A01,2,7,0,0,3,1,1,0.0
202300040694,155 608 405,A01,1,7,0,2,3,9,1,0.0
202300040694,155 608 407,B01,1,2,0,2,4,1,3,0.0
202300040695,155 608 402,A01,2,7,0,2,1,13,1,0.0
202300040695,155 608 404,B01,1,7,0,2,1,1,1,0.0
202300040696,155 608 401,B01,1,33,0,2,1,1,1,0.0
202300040696,155 608 403,A01,2,7,0,2,6,15,1,0.0
202300040697,155 608 400,A01,3,30,4,0,1,26,1,0.0
202300040698,155 608 397,A01,3,10,0,9,1,19,1,0.0
202300040698,155 608 398,B01,3,2,0,2,4,15,1,0.0
202300040699,155 608 399,A01,1,7,6,0,1,1,1,0.0
202300040700,155 608 393,B01,1,7,0,1,1,1,1,0.0
202300040701,155 608 391,A01,2,2,0,2,7,1,1,0.0
202300040701,155 608 392,B01,2,7,0,2,1,19,1,0.0
202300040702,155 608 389,A01,2,50,0,1,0,0,3,0.0
202300040703,155 608 387,C01,2,7,0,2,3,9,1,0.0
202300040703,155 608 390,A01,1,7,0,2,6,1,1,0.0
202300040703,155 608 394,B01,2,37,0,2,3,21,1,1.0
202300040704,155 608 386,A01,2,7,0,2,3,1,1,0.0
202300040704,155 608 388,B01,1,7,0,2,6,15,1,0.0
202300040705,155 608 384,A01,1,30,0,2,1,2,1,0.0
202300040705,155 608 385,B01,1,7,0,2,4,23,1,0.0
202300040706,155 608 381,B01,2,1,0,2,1,1,5,0.0
202300040706,155 608 382,A01,1,7,0,2,3,15,1,0.0
202300040707,155 608 383,A01,1,7,0,1,1,1,0,0.0
202300040708,155 608 380,A01,2,7,0,1,3,1,1,0.0
202300040709,155 608 378,A01,2,7,2,0,1,13,1,0.0
202300040710,155 608 376,A01,3,30,0,1,1,1,1,0.0
202300040711,155 608 373,A01,2,7,0,2,2,9,0,0.0
202300040711,155 608 375,B01,2,1,0,2,4,1,5,0.0
202300040712,155 608 374,A01,1,7,0,1,0,1,0,0.0
202300040713,155 608 370,A01,1,7,0,2,3,13,1,0.0
202300040713,155 608 372,B01,1,1,0,0,5,1,5,0.0
202300040714,155 608 368,B01,3,60,0,2,-1,19,5,0.0
202300040714,155 608 369,A01,1,3,0,2,2,0,1,0.0
202300040715,155 608 371,A01,2,7,2,0,1,1,1,0.0
202300040716,155 608 365,A01,1,7,0,0,3,13,1,0.0
202300040717,155 608 362,B01,1,7,0,2,4,2,1,0.0
202300040717,155 608 363,A01,1,7,0,2,1,2,1,0.0
202300040717,155 608 364,C01,1,7,0,2,4,2,1,0.0
202300040718,155 608 358,C01,3,10,0,2,4,2,1,0.0
202300040718,155 608 359,A01,3,7,0,2,1,2,1,0.0
202300040718,155 608 360,B01,3,7,0,2,9,2,1,0.0
202300040719,155 608 361,A01,2,7,2,0,8,14,1,0.0
202300040720,155 608 354,B01,2,7,0,2,0,1,1,0.0
202300040720,155 608 355,A01,3,1,0,2,1,15,5,0.0
202300040721,155 608 352,A01,0,7,0,1,3,1,1,0.0
202300040722,155 608 353,B01,1,1,0,2,1,1,5,0.0
202300040722,155 608 356,A01,1,10,0,9,3,15,1,0.0
202300040723,155 608 348,A01,3,50,0,2,9,1,3,0.0
202300040723,155 608 349,B01,3,7,0,2,5,16,1,0.0
202300040724,155 608 347,A01,2,7,0,1,1,1,1,0.0
202300040725,155 608 346,A01,-1,30,14,0,0,2,3,0.0
202300040726,155 608 344,Y01,1,7,0,2,0,16,1,0.0
202300040726,155 608 345,A01,1,1,0,2,6,15,5,0.0
202300040727,155 608 343,A01,3,7,0,1,1,15,1,0.0
202300040728,155 608 341,A01,1,2,0,1,8,25,1,0.0
202300040729,155 608 342,A01,0,3,0,1,3,16,1,0.0
202300040730,155 608 339,A01,2,30,0,2,1,13,3,0.0
202300040730,155 608 340,B01,1,1,0,2,1,1,5,0.0
202300040731,155 608 338,A01,1,7,0,1,2,1,1,0.0
202300040732,155 608 337,A01,1,7,0,1,4,4,1,0.0
202300040733,155 608 334,A01,1,7,0,9,2,17,1,0.0
202300040733,155 608 336,B01,1,1,0,2,6,2,5,0.0
202300040734,155 608 335,A01,3,10,13,0,2,1,1,0.0
202300040735,155 608 333,A01,2,7,15,0,1,13,2,0.0
202300040736,155 608 331,A01,1,7,0,0,0,26,0,0.0
202300040737,155 608 332,A01,2,7,0,9,3,1,1,0.0
202300040738,155 608 330,A01,2,21,0,1,1,1,1,0.0
202300040739,155 608 329,A01,1,7,0,2,1,13,1,0.0
202300040740,155 608 327,A01,0,7,0,2,1,1,1,0.0
202300040740,155 608 328,B01,3,33,0,2,2,15,1,0.0
202300040741,155 608 326,A01,3,7,0,0,0,0,1,0.0
202300040742,155 608 323,B01,1,7,0,2,1,1,1,0.0
202300040742,155 608 325,A01,2,7,0,2,2,1,1,0.0
202300040743,155 608 324,A01,3,7,0,1,5,20,1,0.0
202300040744,155 608 322,A01,1,7,0,1,0,26,1,0.0
202300040745,155 608 321,A01,2,7,0,0,0,1,1,0.0
202300040746,155 608 318,B01,1,3,8,1,6,1,1,0.0
202300040746,155 608 320,A01,1,7,8,1,3,9,1,0.0
202300040747,155 608 316,A01,2,7,0,2,3,13,1,0.0
202300040747,155 608 317,B01,1,15,0,2,3,2,1,0.0
202300040747,155 608 319,C01,1,13,0,2,1,2,1,0.0
202300040748,155 608 315,Y01,1,7,0,1,0,1,0,0.0
202300040749,155 608 314,A01,2,7,0,0,9,1,1,0.0
202300040750,155 608 313,A01,0,7,2,0,1,26,1,0.0
202300040751,155 608 310,B01,1,33,0,2,8,3,1,0.0
202300040751,155 608 312,A01,1,7,0,2,2,12,1,0.0
202300040752,155 608 309,B01,2,10,0,2,6,21,1,0.0
202300040752,155 608 311,A01,2,10,0,2,2,2,1,0.0
202300040753,155 608 307,B01,3,7,0,2,4,15,0,0.0
202300040753,155 608 308,A01,3,34,0,2,1,19,0,0.0
202300040754,155 608 305,A01,2,7,0,2,1,9,1,0.0
202300040754,155 608 306,B01,1,34,0,2,1,1,1,0.0
202300040755,155 608 303,A01,1,50,0,2,0,0,3,0.0
202300040755,155 608 304,B01,3,7,0,9,2,9,1,0.0
202300040756,155 608 302,A01,2,7,0,1,2,1,1,0.0
202300040757,155 608 300,A01,1,33,1,0,8,13,1,0.0
202300040758,155 608 297,A01,1,30,0,2,1,2,1,0.0
202300040758,155 608 298,B01,1,30,0,2,4,1,1,0.0
202300040759,155 608 299,B01,3,13,0,2,1,1,1,0.0
202300040759,155 608 301,A01,3,32,0,0,8,5,1,0.0
202300040760,155 608 295,B01,2,1,0,2,7,1,5,0.0
202300040760,155 608 296,A01,1,7,0,2,1,9,1,0.0
202300040761,155 608 294,A01,2,10,0,1,3,1,1,0.0
202300040762,155 608 291,B01,1,7,0,2,1,1,1,0.0
202300040762,155 608 292,A01,1,7,0,2,4,1,1,0.0
202300040763,155 608 293,A01,0,7,1,1,3,13,0,0.0
202300040764,155 608 289,A01,3,7,0,2,3,15,1,0.0
202300040764,155 608 290,B01,3,50,0,2,1,1,3,0.0
202300040765,155 608 287,A01,1,33,0,0,0,1,1,0.0
202300040766,155 608 286,A01,1,10,0,1,1,1,1,0.0
202300040767,155 608 288,A01,1,7,13,0,9,1,1,0.0
202300040768,155 608 284,A01,1,34,0,2,3,1,1,0.0
202300040768,155 608 285,B01,2,7,0,2,1,15,1,0.0
202300040769,155 608 282,B01,2,33,0,2,3,19,1,0.0
202300040769,155 608 283,A01,1,7,0,2,2,19,1,0.0
202300040770,155 608 280,A01,2,7,0,2,1,15,1,0.0
202300040770,155 608 281,B01,1,2,0,2,1,1,1,0.0
202300040771,155 608 279,A01,1,10,0,1,4,4,1,0.0
202300040772,155 608 275,A01,1,7,0,2,1,11,1,0.0
202300040772,155 608 277,C01,1,7,0,2,3,1,1,0.0
202300040772,155 608 278,B01,1,7,0,2,1,1,1,0.0
202300040773,155 608 274,B01,0,7,0,4,7,1,1,0.0
202300040773,155 608 276,A01,0,40,0,2,1,1,3,0.0
202300040774,155 608 273,A01,1,7,0,1,2,2,1,0.0
202300040775,155 608 272,A01,3,30,11,0,1,1,1,0.0
202300040776,155 608 268,A01,1,7,0,2,7,14,1,0.0
202300040776,155 608 270,B01,3,32,0,2,1,14,1,0.0
202300040777,155 608 269,B01,1,38,0,2,0,0,1,1.0
202300040777,155 608 271,A01,1,7,0,0,0,0,1,0.0
202300040778,155 608 265,A01,2,30,0,2,1,1,1,0.0
202300040778,155 608 267,B01,2,1,0,2,4,1,5,0.0
202300040779,155 608 264,A01,1,10,0,2,1,2,1,0.0
202300040779,155 608 266,B01,1,7,0,2,4,2,3,0.0
202300040780,155 608 262,A01,3,7,0,2,1,1,1,0.0