num_acc,id_vehicule,num_veh,senc,catv,obs,obsm,choc,manv,motor,occutc
202300041040,155 607 805,A01,3,7,0,1,2,2,1,0.0
202300041041,155 607 804,A01,2,7,0,1,1,1,1,0.0
202300041042,155 607 802,A01,1,7,8,0,1,1,1,0.0
202300041043,155 607 801,A01,2,13,0,9,0,15,0,0.0
202300041043,155 607 803,B01,1,50,0,2,0,1,3,0.0
202300041044,155 607 800,A01,1,1,0,0,0,1,5,0.0
202300041045,155 607 797,A01,2,7,0,0,6,2,1,0.0
202300041045,155 607 799,B01,2,7,0,2,2,0,1,0.0
202300041046,155 607 796,B01,3,7,0,2,1,19,1,0.0
202300041046,155 607 798,A01,3,7,0,2,6,5,1,0.0
202300041047,155 607 794,A01,1,7,0,1,3,1,1,0.0
202300041048,155 607 793,A01,1,7,0,2,1,1,0,0.0
202300041048,155 607 795,B01,2,7,0,2,1,1,0,0.0
202300041049,155 607 789,A01,0,7,0,2,8,1,1,0.0
202300041049,155 607 792,B01,0,7,0,2,1,1,1,0.0
202300041050,155 607 788,A01,2,10,3,2,1,1,1,0.0
202300041050,155 607 790,B01,1,7,0,2,1,5,1,0.0
202300041050,155 607 791,C01,2,7,0,2,3,1,1,0.0
202300041051,155 607 786,A01,0,31,14,0,3,1,1,0.0
202300041052,155 607 785,B01,0,99,0,2,7,19,3,0.0
202300041052,155 607 787,A01,0,7,0,9,1,1,1,0.0
202300041053,155 607 782,B01,2,7,0,2,4,1,0,0.0
202300041053,155 607 783,A01,1,30,0,2,1,1,1,0.0
202300041054,155 607 781,A01,2,7,4,0,2,1,0,0.0
202300041054,155 607 784,B01,2,7,1,0,1,1,0,0.0
202300041055,155 607 778,A01,3,7,0,2,8,9,1,0.0
202300041055,155 607 780,B01,3,10,0,2,1,1,1,0.0
202300041056,155 607 777,A01,1,7,0,2,1,1,1,0.0
202300041056,155 607 779,B01,1,7,0,2,5,19,1,0.0
202300041057,155 607 773,A01,1,7,0,2,1,1,1,0.0
202300041057,155 607 775,B01,1,7,0,2,4,2,1,0.0
202300041057,155 607 776,C01,1,7,0,2,4,23,1,0.0
202300041058,155 607 772,A01,2,7,0,2,1,1,1,0.0
202300041058,155 607 774,B01,1,33,0,2,7,15,1,0.0
202300041059,155 607 770,A01,2,7,0,1,3,1,1,0.0
202300041060,155 607 769,A01,2,10,0,2,7,15,1,0.0
202300041060,155 607 771,B01,1,33,1,2,7,1,1,0.0
202300041061,155 607 765,B01,1,1,0,0,4,2,5,0.0
202300041061,155 607 767,A01,1,7,0,2,1,2,1,0.0
202300041062,155 607 764,A01,3,7,0,1,6,4,1,0.0
202300041063,155 607 763,A01,3,7,0,0,1,19,1,0.0
202300041064,155 607 761,A01,0,33,0,0,0,1,1,0.0
202300041065,155 607 760,A01,1,7,0,2,3,0,1,0.0
202300041065,155 607 762,B01,1,2,0,2,1,1,1,0.0
202300041066,155 607 759,A01,1,7,3,0,2,13,1,0.0
202300041067,155 607 757,B01,3,37,0,2,1,1,1,1.0
202300041067,155 607 758,A01,3,50,0,2,1,19,3,0.0
202300041068,155 607 755,A01,1,31,0,2,1,3,1,0.0
202300041068,155 607 756,B01,1,7,0,2,4,1,1,0.0
202300041069,155 607 750,A01,2,31,0,2,1,18,1,0.0
202300041069,155 607 752,B01,2,10,0,2,2,16,1,0.0
202300041070,155 607 748,C01,1,7,0,2,4,2,1,0.0
202300041070,155 607 749,D01,1,7,0,2,4,2,1,0.0
202300041070,155 607 751,A01,1,10,0,2,3,14,1,0.0
202300041070,155 607 753,B01,1,7,0,2,5,2,1,0.0
202300041071,155 607 746,A01,1,2,14,0,1,13,1,0.0
202300041071,155 607 747,B01,2,7,0,2,8,1,1,0.0
202300041072,155 607 743,A01,0,7,0,1,3,7,1,0.0
202300041073,155 607 742,A01,2,14,0,2,1,2,1,0.0
202300041073,155 607 744,B01,2,7,0,2,4,1,1,0.0
202300041073,155 607 745,C01,2,7,0,2,4,2,1,0.0
202300041074,155 607 739,B01,3,30,0,2,1,1,1,0.0
202300041074,155 607 741,A01,3,7,0,2,3,9,1,0.0
202300041075,155 607 738,A01,2,10,0,2,1,2,1,0.0
202300041075,155 607 740,B01,2,7,0,2,4,0,1,0.0
202300041076,155 607 736,A01,0,37,0,1,2,1,1,1.0
202300041077,155 607 735,A01,1,33,4,2,3,3,1,0.0
202300041077,155 607 737,Z01,1,7,0,2,2,12,0,0.0
202300041078,155 607 733,A01,3,7,1,2,2,1,1,0.0
202300041078,155 607 734,B01,3,7,0,2,6,24,1,0.0
202300041079,155 607 731,A01,1,7,0,2,2,5,1,0.0
202300041079,155 607 732,B01,2,7,0,2,2,1,1,0.0
202300041080,155 607 729,A01,2,10,0,2,8,11,1,0.0
202300041080,155 607 730,B01,2,33,0,2,2,3,1,0.0
202300041081,155 607 727,A01,2,33,0,2,7,3,1,0.0
202300041081,155 607 728,B01,2,7,0,2,5,11,1,0.0
202300041082,155 607 725,A01,3,32,0,2,6,9,1,0.0
202300041082,155 607 726,B01,3,33,0,2,1,1,1,0.0
202300041083,155 607 724,A01,1,7,3,0,2,9,2,0.0
202300041084,155 607 722,A01,2,30,0,2,2,16,3,0.0
202300041084,155 607 723,B01,2,1,0,2,1,1,5,0.0
202300041085,155 607 721,A01,1,7,4,0,1,13,1,0.0
202300041086,155 607 719,B01,2,7,0,2,4,23,1,0.0
202300041086,155 607 720,A01,2,50,0,2,1,1,3,0.0
202300041087,155 607 718,A01,1,7,4,0,3,1,1,0.0
202300041088,155 607 716,A01,1,10,0,2,5,16,1,0.0
202300041088,155 607 717,B01,1,30,0,2,6,1,3,0.0
202300041089,155 607 714,B01,2,7,0,2,8,1,1,0.0
202300041089,155 607 715,A01,2,14,0,2,2,12,1,0.0
202300041090,155 607 711,Z01,0,7,0,2,3,13,2,0.0
202300041090,155 607 712,B01,3,7,0,2,5,23,1,0.0
202300041090,155 607 713,A01,3,32,0,2,7,17,3,0.0
202300041091,155 607 709,B01,2,7,0,2,2,11,1,0.0
202300041091,155 607 710,A01,2,33,0,2,8,3,1,0.0
202300041092,155 607 707,A01,2,7,12,9,1,26,1,0.0
202300041093,155 607 706,A01,1,10,0,2,5,16,1,0.0
202300041093,155 607 708,B01,1,1,0,2,3,1,5,0.0
202300041094,155 607 705,A01,1,50,0,1,1,1,3,0.0
202300041095,155 607 703,A01,2,50,0,2,1,1,3,0.0
202300041095,155 607 704,B01,2,7,0,2,3,1,2,0.0
202300041096,155 607 701,A01,2,17,4,2,4,4,1,0.0
202300041096,155 607 702,B01,1,33,0,0,1,2,1,0.0
202300041097,155 607 700,A01,2,32,0,1,1,1,1,0.0
202300041098,155 607 698,A01,1,7,0,2,1,15,1,0.0
202300041098,155 607 699,B01,1,2,0,2,8,18,1,0.0
202300041099,155 607 695,A01,0,7,0,1,0,0,1,0.0
202300041100,155 607 696,A01,1,1,0,2,1,1,5,0.0
202300041100,155 607 697,B01,1,1,0,2,4,1,5,0.0
202300041101,155 607 694,A01,1,33,11,0,1,2,1,0.0
202300041102,155 607 693,A01,2,7,0,1,3,15,1,0.0
202300041103,155 607 692,A01,2,7,0,1,2,26,1,0.0
202300041104,155 607 690,B01,3,31,0,2,1,3,1,0.0
202300041104,155 607 691,A01,1,7,0,2,3,15,1,0.0
202300041105,155 607 687,A01,3,7,0,2,3,15,0,0.0
202300041105,155 607 689,B01,3,7,0,2,5,16,1,0.0
202300041106,155 607 686,A01,2,10,0,2,7,19,1,0.0
202300041106,155 607 688,B01,2,7,0,2,1,1,1,0.0
202300041107,155 607 682,B01,2,33,0,2,8,1,1,0.0
202300041107,155 607 684,A01,1,7,4,2,3,1,1,0.0
202300041108,155 607 683,A01,1,7,0,1,2,1,1,0.0
202300041109,155 607 679,A01,0,2,0,2,1,1,1,0.0
202300041109,155 607 680,B01,0,7,0,2,1,1,1,0.0
202300041110,155 607 678,A01,3,7,0,2,1,9,1,0.0
202300041110,155 607 681,B01,3,50,0,2,8,1,3,0.0
202300041111,155 607 675,A01,1,7,0,2,1,13,1,0.0
202300041111,155 607 677,B01,2,7,0,2,1,1,1,0.0
202300041112,155 607 674,A01,3,1,0,2,1,1,5,0.0
202300041112,155 607 676,B01,1,7,0,2,8,1,1,0.0
202300041113,155 607 672,A01,1,10,4,0,1,13,1,0.0
202300041114,155 607 669,A01,1,7,0,2,6,10,1,0.0
202300041114,155 607 670,B01,1,30,0,2,1,1,3,0.0
202300041115,155 607 671,B01,3,50,0,0,0,26,3,0.0
202300041115,155 607 673,A01,0,7,0,2,2,0,1,0.0
202300041116,155 607 667,A01,2,7,0,2,3,26,1,0.0
202300041116,155 607 668,B01,2,32,0,2,7,16,1,0.0
202300041117,155 607 663,A01,1,7,0,2,3,1,1,0.0
202300041117,155 607 664,B01,1,7,0,2,3,1,1,0.0
202300041118,155 607 661,A01,1,7,0,2,3,13,1,0.0
202300041118,155 607 662,B01,2,7,0,2,3,1,1,0.0
202300041119,155 607 660,A01,1,30,0,0,3,13,1,0.0
202300041120,155 607 657,A01,2,7,16,0,3,1,1,0.0
202300041120,155 607 658,B01,1,7,0,2,1,1,1,0.0
202300041120,155 607 659,C01,2,10,0,2,1,1,1,0.0
202300041121,155 607 655,A01,2,50,9,0,7,1,3,0.0
202300041122,155 607 653,A01,3,80,15,0,0,0,3,0.0
202300041123,155 607 652,A01,1,7,0,1,2,1,1,0.0
202300041124,155 607 649,C01,1,7,0,2,0,0,1,0.0
202300041124,155 607 650,A01,2,33,0,2,7,17,1,0.0
202300041124,155 607 651,B01,2,37,0,2,3,15,1,1.0
202300041125,155 607 648,A01,1,7,6,2,1,1,1,0.0
202300041126,155 607 646,B01,0,10,0,2,1,0,0,0.0
202300041126,155 607 647,A01,1,7,1,2,2,0,0,0.0
202300041127,155 607 644,A01,2,7,0,2,3,1,1,0.0
202300041127,155 607 645,B01,1,50,0,2,1,13,3,0.0
202300041128,155 607 642,A01,3,7,0,2,3,5,1,0.0
202300041128,155 607 643,B01,3,33,0,2,1,1,1,0.0
202300041129,155 607 640,A01,0,2,0,2,1,9,1,0.0
202300041129,155 607 641,B01,3,7,0,2,1,0,1,0.0
202300041130,155 607 638,A01,1,7,1,0,1,26,1,0.0
202300041130,155 607 639,B01,1,7,0,0,8,24,1,0.0
202300041131,155 607 636,A01,3,7,0,2,1,9,0,0.0
202300041131,155 607 637,B01,3,13,0,2,4,15,1,0.0
202300041132,155 607 634,A01,3,7,0,2,3,13,1,0.0
202300041132,155 607 635,B01,3,7,0,2,8,1,1,0.0
202300041133,155 607 633,A01,2,7,3,0,2,9,1,0.0
202300041134,155 607 631,A01,3,7,1,0,2,20,1,0.0
202300041134,155 607 632,B01,3,7,0,2,8,24,1,0.0
202300041135,155 607 628,A01,1,33,0,2,3,21,1,0.0
202300041135,155 607 629,B01,2,7,0,2,3,21,2,0.0
202300041136,155 607 626,B01,2,32,0,2,1,1,1,0.0
202300041136,155 607 627,A01,3,7,9,0,7,1,1,0.0
202300041137,155 607 624,B01,0,7,0,2,1,26,1,0.0
202300041137,155 607 625,A01,0,33,0,2,1,1,1,0.0
202300041138,155 607 621,C01,1,7,0,2,1,5,1,0.0
202300041138,155 607 622,A01,2,33,0,2,1,13,1,0.0
202300041138,155 607 623,B01,2,33,0,2,3,2,1,0.0
202300041139,155 607 620,A01,3,37,0,1,2,19,3,1.0
202300041140,155 607 618,B01,2,30,0,0,1,1,3,0.0
202300041140,155 607 619,A01,1,7,0,0,2,15,1,0.0
202300041141,155 607 617,A01,2,31,0,0,8,1,1,0.0
202300041142,155 607 616,A01,2,7,15,0,1,2,1,0.0
202300041143,155 607 615,A01,1,30,1,0,7,1,3,0.0
202300041144,155 607 614,A01,2,7,8,0,2,1,1,0.0
202300041145,155 607 613,A01,3,7,1,0,4,1,1,0.0
202300041146,155 607 611,A01,0,7,0,2,4,1,1,0.0
202300041146,155 607 612,B01,0,10,0,2,1,1,1,0.0
202300041147,155 607 609,A01,2,7,0,2,1,1,1,0.0
202300041147,155 607 610,B01,2,7,0,2,4,1,1,0.0
202300041148,155 607 607,A01,1,30,0,2,1,5,1,0.0
202300041148,155 607 608,B01,1,7,0,2,8,1,1,0.0
202300041149,155 607 606,A01,1,7,6,0,3,13,1,0.0
202300041150,155 607 604,A01,1,33,0,2,1,1,1,0.0
202300041150,155 607 605,B01,2,7,0,9,3,1,1,0.0
202300041151,155 607 603,A01,1,31,3,0,2,2,1,0.0
202300041152,155 607 602,A01,1,33,7,0,2,1,1,0.0
202300041153,155 607 601,A01,3,21,2,0,3,1,1,0.0
202300041154,155 607 600,A01,1,7,13,0,2,14,1,0.0
202300041155,155 607 597,A01,2,3,0,2,1,19,1,0.0
202300041155,155 607 598,C01,1,7,0,2,1,23,1,0.0
202300041155,155 607 599,B01,1,1,0,2,8,1,5,0.0
202300041156,155 607 595,B01,1,15,1,1,1,2,1,0.0
202300041156,155 607 596,A01,1,7,0,0,4,23,1,0.0
202300041157,155 607 592,B01,1,7,0,2,1,14,0,0.0
202300041157,155 607 593,C01,2,7,0,0,6,1,0,0.0
202300041157,155 607 594,A01,2,7,0,2,1,1,0,0.0
202300041158,155 607 591,A01,1,7,0,1,2,15,1,0.0
202300041159,155 607 590,A01,2,2,3,0,1,1,1,0.0
202300041160,155 607 589,A01,0,33,0,0,0,26,0,0.0
202300041161,155 607 587,B01,1,17,0,2,8,1,1,0.0
202300041161,155 607 588,A01,2,17,3,2,3,6,1,0.0
202300041162,155 607 586,A01,3,7,2,0,1,2,0,0.0
202300041163,155 607 584,A01,1,7,0,0,3,13,1,0.0
202300041163,155 607 585,B01,2,7,0,0,1,1,0,0.0
202300041164,155 607 583,A01,1,33,0,0,8,1,1,0.0
202300041165,155 607 582,A01,1,33,0,0,0,0,1,0.0
202300041166,155 607 580,A01,1,33,0,2,1,3,1,0.0
202300041166,155 607 581,B01,2,7,0,2,3,11,1,0.0
202300041167,155 607 579,A01,3,7,6,0,3,1,1,0.0
202300041168,155 607 577,A01,1,7,3,2,3,13,1,0.0
202300041168,155 607 578,B01,2,10,0,2,3,13,1,0.0
202300041169,155 607 575,B01,1,33,0,2,1,1,1,0.0
202300041169,155 607 576,A01,2,7,0,2,7,15,1,0.0
202300041170,155 607 574,A01,2,33,13,0,9,14,1,0.0
202300041171,155 607 573,A01,2,10,9,0,1,14,1,0.0
202300041172,155 607 572,A01,2,7,2,0,9,1,0,0.0
202300041173,155 607 571,A01,1,7,14,0,7,1,1,0.0
202300041174,155 607 570,A01,3,2,0,0,0,0,1,0.0
202300041175,155 607 569,A01,2,33,13,0,1,13,1,0.0
202300041176,155 607 567,B01,2,32,0,2,1,2,1,0.0
202300041176,155 607 568,A01,1,7,0,2,3,15,1,0.0
202300041177,155 607 566,A01,1,7,5,0,2,15,1,0.0
202300041178,155 607 565,A01,1,7,13,0,2,1,1,0.0
202300041179,155 607 564,A01,1,32,0,0,1,1,1,0.0
202300041180,155 607 562,B01,1,7,0,2,1,1,1,0.0
202300041180,155 607 563,A01,2,7,0,2,2,15,1,0.0
202300041181,155 607 561,A01,3,7,12,0,1,16,1,0.0
202300041182,155 607 560,A01,2,7,13,0,9,1,1,0.0
202300041183,155 607 559,A01,3,7,16,0,2,1,1,0.0
202300041184,155 607 558,A01,3,33,0,0,0,1,1,0.0
202300041185,155 607 556,A01,2,7,0,0,3,15,0,0.0
202300041185,155 607 557,B01,2,31,0,2,1,1,0,0.0
202300041186,155 607 555,A01,2,7,2,0,1,1,1,0.0
202300041187,155 607 553,A01,1,7,0,2,2,16,1,0.0
202300041187,155 607 554,B01,2,33,0,2,1,15,1,0.0
202300041188,155 607 552,A01,1,21,0,0,9,0,1,0.0
202300041189,155 607 550,A01,2,7,0,2,1,1,1,0.0
202300041189,155 607 551,B01,1,7,0,2,1,1,1,0.0
202300041190,155 607 547,A01,1,7,0,0,3,13,1,0.0
202300041190,155 607 548,B01,2,7,0,0,3,1,1,0.0
202300041190,155 607 549,C01,1,15,0,0,3,0,1,0.0
202300041191,155 607 545,A01,1,7,0,2,3,20,1,0.0
202300041191,155 607 546,B01,1,33,0,2,2,17,1,0.0
202300041192,155 607 544,A01,0,60,0,0,0,0,5,0.0
202300041193,155 607 542,A01,2,10,0,2,1,13,1,0.0
202300041193,155 607 543,B01,1,17,0,2,1,1,1,0.0
202300041194,155 607 540,A01,2,7,0,9,3,13,0,0.0
202300041194,155 607 541,B01,1,21,0,2,3,1,1,0.0
202300041195,155 607 539,A01,1,10,0,0,1,1,1,0.0
202300041196,155 607 537,B01,2,15,0,2,4,2,1,0.0
202300041196,155 607 538,A01,2,7,0,2,1,2,1,0.0
202300041197,155 607 534,B01,0,0,0,0,0,0,0,0.0
202300041197,155 607 535,A01,0,7,0,0,5,0,1,0.0
202300041198,155 607 533,A01,3,50,0,0,0,0,3,0.0
202300041199,155 607 531,A01,1,7,0,2,2,9,1,0.0
202300041199,155 607 532,B01,2,33,0,2,7,21,1,0.0
202300041200,155 607 529,A01,3,7,0,2,3,13,1,0.0
202300041200,155 607 530,B01,3,7,0,2,3,1,1,0.0
202300041201,155 607 527,A01,2,7,0,2,7,13,1,0.0
202300041201,155 607 528,B01,1,7,0,2,2,1,1,0.0
202300041202,155 607 525,A01,1,3,0,0,8,15,1,0.0
202300041202,155 607 526,B01,1,32,0,2,1,1,1,0.0
202300041203,155 607 524,A01,2,15,3,0,3,0,1,0.0
202300041204,155 607 523,A01,0,2,15,0,8,1,1,0.0
202300041205,155 607 522,A01,1,2,13,0,0,0,1,0.0
202300041206,155 607 519,A01,2,7,0,2,3,2,1,0.0
202300041206,155 607 520,B01,2,7,0,2,5,2,1,0.0
202300041206,155 607 521,C01,2,7,0,0,4,2,1,0.0
202300041207,155 607 516,A01,2,33,0,2,3,18,1,0.0
202300041207,155 607 517,C01,2,7,0,2,2,16,1,0.0
202300041207,155 607 518,B01,2,7,0,2,6,23,1,0.0
202300041208,155 607 514,A01,1,2,0,0,7,10,1,0.0
202300041208,155 607 515,B01,2,7,0,2,2,0,0,0.0
202300041209,155 607 513,A01,3,31,14,0,1,1,1,0.0
202300041210,155 607 512,A01,2,7,8,0,1,1,1,0.0
202300041211,155 607 511,A01,3,7,6,0,1,1,1,0.0
202300041212,155 607 509,A01,0,7,0,2,2,16,0,0.0
202300041212,155 607 510,B01,0,33,0,2,3,1,0,0.0
202300041213,155 607 508,A01,3,1,0,0,0,26,5,0.0
202300041214,155 607 506,B01,1,1,0,2,1,1,5,0.0
202300041214,155 607 507,A01,2,1,0,2,1,5,5,0.0
202300041215,155 607 505,A01,0,7,15,0,1,1,1,0.0
202300041216,155 607 504,A01,1,7,2,0,1,0,1,0.0
202300041217,155 607 500,A01,2,33,0,2,1,17,1,0.0
202300041217,155 607 501,B01,2,7,0,2,4,17,1,0.0
202300041217,155 607 502,C01,2,3,0,2,8,1,1,0.0
202300041217,155 607 503,D01,2,7,0,2,2,1,1,0.0
202300041218,155 607 499,A01,2,7,11,0,9,1,1,0.0
202300041219,155 607 498,A01,2,13,13,0,2,0,1,0.0
202300041220,155 607 496,B01,3,21,0,2,3,1,-1,0.0
202300041220,155 607 497,A01,3,2,0,2,3,1,1,0.0
202300041221,155 607 495,A01,0,32,12,0,2,0,1,0.0
202300041222,155 607 494,A01,1,10,0,1,2,2,1,0.0
202300041223,155 607 492,A01,1,7,0,2,3,15,1,0.0
202300041223,155 607 493,B01,2,32,0,2,1,1,1,0.0
202300041224,155 607 491,A01,3,2,6,0,1,19,1,0.0
202300041225,155 607 489,A01,3,7,0,0,8,19,1,0.0
202300041225,155 607 490,B01,2,1,0,2,1,1,5,0.0
202300041226,155 607 487,B01,1,7,0,2,8,1,1,0.0
202300041226,155 607 488,A01,2,31,0,2,1,13,1,0.0
202300041227,155 607 486,A01,1,7,3,0,9,1,1,0.0
202300041228,155 607 485,A01,1,33,5,0,1,0,1,0.0
202300041229,155 607 483,A01,2,7,0,2,1,1,1,0.0
202300041229,155 607 484,B01,2,21,0,2,8,19,1,0.0
202300041230,155 607 481,A01,2,7,0,2,1,1,1,0.0
202300041230,155 607 482,B01,2,7,0,2,4,1,1,0.0
202300041231,155 607 479,A01,1,7,0,2,4,1,1,0.0
202300041231,155 607 480,B01,1,31,0,2,1,2,1,0.0
202300041232,155 607 477,A01,2,33,0,2,1,2,1,0.0
202300041232,155 607 478,B01,2,33,0,2,4,2,1,0.0
202300041233,155 607 475,A01,1,7,0,2,1,2,1,0.0
202300041233,155 607 476,B01,1,7,0,2,4,23,1,0.0
202300041234,155 607 473,Z01,1,7,0,2,2,12,1,0.0
202300041234,155 607 474,B01,1,7,0,2,6,12,1,0.0
202300041235,155 607 471,B01,1,43,4,2,3,3,1,0.0
202300041235,155 607 472,A01,1,7,3,2,5,14,1,0.0
202300041236,155 607 469,A01,2,31,0,2,1,2,1,0.0
202300041236,155 607 470,B01,2,7,0,2,4,1,1,0.0
202300041237,155 607 463,B01,1,7,0,2,4,0,1,0.0
202300041237,155 607 464,C01,1,10,0,2,4,2,1,0.0
202300041237,155 607 465,D01,1,7,0,2,5,2,1,0.0
202300041237,155 607 466,E01,1,10,0,2,4,2,1,0.0
202300041237,155 607 467,F01,1,10,0,2,4,2,1,0.0
202300041237,155 607 468,A01,1,10,0,2,1,2,1,0.0
202300041238,155 607 461,A01,2,7,0,2,8,11,1,0.0
202300041238,155 607 462,B01,2,33,0,2,7,0,1,0.0
202300041239,155 607 460,A01,2,7,0,0,1,2,1,0.0
202300041240,155 607 457,A01,1,7,0,2,1,2,1,0.0
202300041240,155 607 458,B01,1,7,0,2,4,2,1,0.0
202300041240,155 607 459,C01,1,10,0,2,4,2,1,0.0
202300041241,155 607 454,B01,2,10,0,2,2,1,1,0.0
202300041241,155 607 455,C01,2,7,0,2,6,1,1,0.0
202300041241,155 607 456,A01,2,32,0,2,3,3,1,0.0
202300041242,155 607 452,B01,2,7,0,2,7,12,1,0.0
202300041242,155 607 453,A01,2,43,0,2,1,3,1,0.0
202300041243,155 607 451,A01,1,13,0,1,1,1,1,0.0
202300041244,155 607 449,A01,1,10,0,2,2,26,1,0.0
202300041244,155 607 450,B01,1,1,0,2,8,15,5,0.0
202300041245,155 607 448,A01,1,7,0,1,7,15,1,0.0
202300041246,155 607 447,A01,1,1,0,0,0,3,5,0.0
202300041247,155 607 446,A01,3,7,0,1,2,26,0,0.0
202300041248,155 607 445,A01,2,7,16,0,9,2,1,0.0
202300041249,155 607 444,A01,3,2,14,0,1,1,1,0.0
202300041250,155 607 443,A01,2,7,2,0,3,1,1,0.0
202300041251,155 607 441,B01,1,33,12,0,3,1,1,0.0
202300041251,155 607 442,A01,2,7,12,0,3,15,1,0.0
202300041252,155 607 439,A01,1,2,0,2,1,1,1,0.0
202300041252,155 607 440,B01,2,2,0,2,1,0,1,0.0
202300041253,155 607 437,A01,1,30,0,9,1,2,1,0.0
202300041253,155 607 438,B01,1,1,0,9,4,23,5,0.0
202300041254,155 607 435,A01,2,33,0,2,1,17,1,0.0
202300041254,155 607 436,B01,2,7,0,2,4,17,1,0.0
202300041255,155 607 434,A01,1,7,0,2,3,15,1,0.0
202300041256,155 607 432,A01,2,50,0,2,7,1,3,0.0
202300041256,155 607 433,B01,1,7,0,2,1,1,1,0.0
202300041257,155 607 431,A01,1,50,12,0,1,0,3,0.0
202300041258,155 607 429,A01,1,7,0,2,1,13,1,0.0
202300041258,155 607 430,B01,2,7,0,2,1,1,1,0.0
202300041259,155 607 427,A01,1,7,0,2,2,1,1,0.0
202300041259,155 607 428,B01,1,7,0,2,3,1,1,0.0
202300041260,155 607 425,A01,1,32,0,2,7,1,1,0.0
202300041260,155 607 426,B01,1,7,0,2,3,11,1,0.0
202300041261,155 607 424,A01,1,7,8,0,1,26,1,0.0
202300041262,155 607 422,A01,2,7,0,2,1,1,1,0.0
202300041262,155 607 423,B01,2,7,0,2,7,16,1,0.0
202300041263,155 607 419,A01,3,7,14,2,1,1,1,0.0
202300041263,155 607 420,B01,3,7,0,2,4,23,1,0.0
202300041263,155 607 421,C01,1,7,0,2,4,23,1,0.0
202300041264,155 607 417,B01,2,80,0,2,1,17,3,0.0
202300041264,155 607 418,A01,2,13,0,2,3,9,1,0.0
202300041265,155 607 415,B01,3,7,0,2,6,1,1,0.0
202300041265,155 607 416,A01,3,10,0,2,1,1,1,0.0
202300041266,155 607 413,B01,1,7,1,2,2,1,1,0.0
202300041266,155 607 414,A01,0,7,0,2,3,24,1,0.0
202300041267,155 607 411,B01,2,14,0,2,2,1,1,0.0
202300041267,155 607 412,A01,1,2,0,2,3,15,1,0.0
202300041268,155 607 407,A01,1,7,0,2,4,0,1,0.0
202300041268,155 607 408,B01,1,7,0,2,4,23,1,0.0
202300041269,155 607 406,A01,1,7,0,1,2,17,1,0.0
202300041270,155 607 404,A01,2,7,0,2,1,1,1,0.0
202300041270,155 607 405,B01,2,7,0,2,1,1,1,0.0
202300041271,155 607 402,A01,1,30,0,2,4,16,1,0.0
202300041271,155 607 403,B01,1,7,0,2,1,12,1,0.0
202300041272,155 607 400,B01,1,7,0,2,3,1,1,0.0
202300041272,155 607 401,A01,3,7,0,2,2,19,1,0.0
202300041273,155 607 399,A01,3,1,0,0,0,1,5,0.0
202300041274,155 607 397,A01,1,7,0,2,1,19,6,0.0
202300041274,155 607 398,B01,1,30,0,0,8,1,1,0.0
202300041275,155 607 396,A01,1,33,0,1,1,1,1,0.0
202300041276,155 607 394,A01,1,7,0,2,5,12,1,0.0
202300041276,155 607 395,B01,1,14,0,2,3,1,1,0.0
202300041277,155 607 393,A01,1,7,14,0,1,2,1,0.0
202300041278,155 607 391,B01,1,2,0,2,8,1,1,0.0
202300041278,155 607 392,A01,2,7,0,2,2,15,1,0.0
202300041279,155 607 388,A01,3,7,0,2,1,1,1,0.0
202300041279,155 607 389,B01,3,1,0,2,8,19,5,0.0
202300041280,155 607 386,B01,1,7,0,2,7,1,1,0.0
202300041280,155 607 387,A01,1,7,0,2,1,1,1,0.0
202300041281,155 607 384,B01,0,7,0,2,1,2,1,0.0
202300041281,155 607 385,A01,0,1,0,2,4,1,5,0.0
202300041282,155 607 382,A01,3,7,0,2,3,1,1,0.0
202300041282,155 607 383,B01,3,1,0,2,8,1,5,0.0
202300041283,155 607 381,Z01,3,7,0,1,2,0,0,0.0
202300041284,155 607 379,A01,3,36,0,2,3,15,1,0.0
202300041284,155 607 380,B01,1,7,0,2,2,1,1,0.0
202300041285,155 607 377,B01,2,99,0,2,3,19,1,0.0
202300041285,155 607 378,A01,2,14,0,9,3,9,1,0.0
202300041286,155 607 375,B01,2,7,0,2,1,0,1,0.0
202300041286,155 607 376,A01,1,7,0,2,8,26,1,0.0
202300041287,155 607 373,A01,1,7,0,2,1,1,1,0.0
202300041287,155 607 374,B01,3,60,0,2,7,19,5,0.0
202300041288,155 607 371,A01,1,7,0,2,1,19,1,0.0
202300041288,155 607 372,B01,2,7,1,2,2,1,0,0.0
202300041289,155 607 369,A01,1,32,0,2,2,15,1,0.0
202300041289,155 607 370,B01,2,1,0,2,1,1,5,0.0
202300041290,155 607 368,A01,1,30,0,0,0,1,0,0.0
202300041291,155 607 366,A01,1,7,0,2,6,15,1,0.0
202300041291,155 607 367,B01,1,32,0,2,7,2,1,0.0
202300041292,155 607 363,A01,1,7,0,2,0,3,1,0.0
202300041292,155 607 364,B01,1,7,0,2,8,2,1,0.0
202300041292,155 607 365,C01,1,7,0,2,7,2,1,0.0
202300041293,155 607 361,A01,1,7,0,2,1,1,1,0.0
202300041293,155 607 362,B01,2,7,0,2,5,15,1,0.0
202300041294,155 607 360,A01,2,7,0,1,1,15,1,0.0
202300041295,155 607 359,A01,1,7,0,1,1,25,1,0.0
202300041296,155 607 357,A01,3,10,0,2,2,1,1,0.0