num_acc,id_vehicule,num_veh,senc,catv,obs,obsm,choc,manv,motor,occutc
202300041554,155 606 905,A01,3,7,4,0,1,0,0,0.0
202300041555,155 606 903,A01,3,30,0,2,1,1,1,0.0
202300041555,155 606 904,B01,3,10,0,2,3,1,1,0.0
202300041556,155 606 901,A01,3,7,1,1,4,24,0,0.0
202300041557,155 606 900,B01,2,2,0,2,7,1,1,0.0
202300041557,155 606 902,A01,1,7,0,0,7,15,1,0.0
202300041558,155 606 898,A01,2,15,0,1,2,1,1,0.0
202300041559,155 606 897,A01,2,7,2,0,1,1,1,0.0
202300041560,155 606 896,A01,1,50,0,2,1,19,3,0.0
202300041560,155 606 899,B01,2,7,0,2,3,1,1,0.0
202300041561,155 606 895,A01,2,15,8,0,7,14,1,0.0
202300041562,155 606 893,A01,1,7,0,2,2,1,1,0.0
202300041562,155 606 894,B01,2,33,0,2,1,5,1,0.0
202300041563,155 606 891,B01,1,10,0,2,3,13,1,0.0
202300041563,155 606 892,A01,1,7,0,2,3,1,1,0.0
202300041564,155 606 889,A01,3,33,1,0,1,0,1,0.0
202300041564,155 606 890,B01,3,7,0,2,1,0,1,0.0
202300041565,155 606 886,A01,1,7,0,2,3,1,1,0.0
202300041565,155 606 887,B01,2,7,0,2,3,1,1,0.0
202300041566,155 606 888,A01,1,37,12,1,7,7,2,1.0
202300041567,155 606 882,A01,2,7,3,2,2,17,1,0.0
202300041567,155 606 884,B01,2,7,3,2,6,17,1,0.0
202300041568,155 606 880,A01,1,13,0,2,1,1,1,0.0
202300041568,155 606 881,B01,1,7,0,2,4,1,1,0.0
202300041568,155 606 883,C01,1,7,0,2,4,1,1,0.0
202300041568,155 606 885,D01,1,7,0,2,4,1,1,0.0
202300041569,155 606 877,A01,1,7,13,0,2,1,1,0.0
202300041570,155 606 878,A01,1,50,0,2,1,1,3,0.0
202300041570,155 606 879,B01,1,7,0,2,8,26,0,0.0
202300041571,155 606 875,B01,0,1,0,2,7,1,5,0.0
202300041571,155 606 876,A01,0,31,0,2,1,1,1,0.0
202300041572,155 606 874,A01,1,7,0,1,1,1,1,0.0
202300041573,155 606 872,A01,0,7,0,2,1,13,1,0.0
202300041573,155 606 873,B01,0,7,0,2,1,14,1,0.0
202300041574,155 606 868,B01,1,1,0,0,4,1,5,0.0
202300041574,155 606 870,A01,1,7,0,2,2,2,0,0.0
202300041575,155 606 869,A01,3,7,0,2,8,10,1,0.0
202300041575,155 606 871,B01,3,7,0,2,1,13,1,0.0
202300041576,155 606 865,B01,2,1,0,2,3,15,5,0.0
202300041576,155 606 867,A01,1,7,0,2,2,15,1,0.0
202300041577,155 606 864,A01,1,7,0,2,1,9,1,0.0
202300041577,155 606 866,B01,1,7,0,2,4,9,1,0.0
202300041578,155 606 862,B01,2,33,0,2,1,9,1,0.0
202300041578,155 606 863,A01,1,7,0,2,7,26,0,0.0
202300041579,155 606 860,A01,1,10,0,2,1,15,1,0.0
202300041579,155 606 861,B01,2,33,0,2,1,1,1,0.0
202300041580,155 606 858,B01,1,31,0,2,1,16,1,0.0
202300041580,155 606 859,A01,1,7,0,2,3,1,1,0.0
202300041581,155 606 856,A01,2,40,0,1,3,1,3,0.0
202300041582,155 606 855,A01,1,30,0,2,1,5,1,0.0
202300041582,155 606 857,B01,2,7,0,2,3,1,1,0.0
202300041583,155 606 853,A01,0,7,0,2,0,11,1,0.0
202300041583,155 606 854,B01,0,30,0,2,8,0,3,0.0
202300041584,155 606 852,A01,1,7,8,0,3,1,1,0.0
202300041585,155 606 850,A01,1,7,0,1,2,1,1,0.0
202300041586,155 606 849,A01,1,7,0,2,5,15,1,0.0
202300041586,155 606 851,B01,2,7,0,2,2,1,1,0.0
202300041587,155 606 847,B01,3,7,0,2,3,15,1,0.0
202300041587,155 606 848,A01,3,2,0,2,1,1,1,0.0
202300041588,155 606 846,A01,1,7,13,0,2,15,0,0.0
202300041589,155 606 844,A01,2,33,8,0,1,1,1,0.0
202300041590,155 606 843,A01,3,7,0,2,3,13,1,0.0
202300041590,155 606 845,B01,3,13,12,2,8,1,1,0.0
202300041591,155 606 841,A01,1,7,0,2,1,1,1,0.0
202300041591,155 606 842,B01,0,7,0,2,8,9,1,0.0
202300041592,155 606 839,A01,3,7,0,2,3,15,1,0.0
202300041592,155 606 840,B01,3,2,0,2,1,1,1,0.0
202300041593,155 606 838,A01,2,10,0,1,3,15,1,0.0
202300041594,155 606 837,A01,2,7,0,1,2,2,1,0.0
202300041595,155 606 833,A01,2,7,0,0,4,2,1,0.0
202300041595,155 606 835,B01,2,7,0,2,4,2,1,0.0
202300041595,155 606 836,C01,2,10,0,2,1,2,1,0.0
202300041596,155 606 832,A01,2,32,0,2,5,1,1,0.0
202300041596,155 606 834,B01,2,32,0,2,1,0,1,0.0
202300041597,155 606 830,A01,2,10,0,2,4,1,1,0.0
202300041597,155 606 831,B01,2,33,0,2,1,1,1,0.0
202300041598,155 606 829,A01,1,7,0,1,8,15,1,0.0
202300041599,155 606 826,A01,1,7,0,2,1,2,1,0.0
202300041599,155 606 827,B01,1,7,0,2,4,2,1,0.0
202300041599,155 606 828,C01,1,7,0,2,4,2,1,0.0
202300041600,155 606 824,A01,3,7,0,2,1,13,1,0.0
202300041600,155 606 825,B01,3,7,0,2,1,1,1,0.0
202300041601,155 606 821,Z01,1,7,0,2,4,11,0,0.0
202300041601,155 606 822,B01,1,33,0,2,1,1,1,0.0
202300041601,155 606 823,C01,1,7,0,2,6,1,1,0.0
202300041602,155 606 818,A01,1,7,0,2,3,14,1,0.0
202300041602,155 606 819,B01,1,7,0,2,1,1,1,0.0
202300041603,155 606 817,B01,2,7,0,9,4,2,0,0.0
202300041603,155 606 820,A01,2,7,0,2,4,2,6,0.0
202300041604,155 606 814,A01,2,10,0,2,1,2,1,0.0
202300041604,155 606 815,B01,2,7,0,2,4,2,1,0.0
202300041605,155 606 813,A01,1,2,0,1,1,1,1,0.0
202300041606,155 606 810,A01,2,7,0,2,3,2,1,0.0
202300041606,155 606 811,B01,2,7,0,2,5,2,1,0.0
202300041606,155 606 812,C01,2,7,0,2,5,0,1,0.0
202300041607,155 606 808,A01,1,32,0,0,7,21,1,0.0
202300041608,155 606 804,B01,1,7,0,2,1,1,1,0.0
202300041608,155 606 807,A01,1,7,0,2,1,1,6,0.0
202300041608,155 606 809,C01,1,7,0,2,4,1,1,0.0
202300041609,155 606 803,C01,1,14,0,2,4,1,1,0.0
202300041609,155 606 805,B01,1,10,0,2,1,9,1,0.0
202300041609,155 606 806,A01,1,14,0,2,1,1,1,0.0
202300041610,155 606 800,B01,2,7,0,2,4,1,1,0.0
202300041610,155 606 802,A01,2,7,0,2,1,2,1,0.0
202300041611,155 606 799,Z01,1,7,0,2,8,1,0,0.0
202300041611,155 606 801,A01,1,33,0,2,3,1,1,0.0
202300041612,155 606 797,A01,1,10,0,2,4,2,1,0.0
202300041612,155 606 798,B01,1,7,0,2,1,2,1,0.0
202300041613,155 606 796,A01,1,1,14,0,1,1,5,0.0
202300041614,155 606 795,A01,3,15,2,0,1,1,1,0.0
202300041615,155 606 793,A01,3,7,0,1,0,2,3,0.0
202300041616,155 606 792,A01,1,7,0,2,1,7,1,0.0
202300041616,155 606 794,B01,1,1,0,2,4,7,5,0.0
202300041617,155 606 789,A01,3,7,0,2,1,1,1,0.0
202300041617,155 606 790,B01,3,7,0,2,5,23,1,0.0
202300041618,155 606 787,B01,2,7,0,2,6,2,1,0.0
202300041618,155 606 788,A01,2,7,0,2,1,2,1,0.0
202300041619,155 606 784,A01,1,7,0,0,3,11,1,0.0
202300041619,155 606 786,B01,1,2,0,2,2,1,1,0.0
202300041620,155 606 783,B01,2,7,0,2,4,23,2,0.0
202300041620,155 606 785,A01,2,7,0,2,1,1,1,0.0
202300041621,155 606 781,A01,1,7,0,1,3,1,3,0.0
202300041622,155 606 782,A01,2,32,12,0,1,14,3,0.0
202300041623,155 606 778,B01,2,7,0,2,1,1,1,0.0
202300041623,155 606 780,A01,1,1,0,2,1,15,5,0.0
202300041624,155 606 777,A01,2,7,0,2,1,15,1,0.0
202300041624,155 606 779,B01,2,34,0,2,1,1,1,0.0
202300041625,155 606 774,A01,1,7,0,2,3,15,1,0.0
202300041625,155 606 776,B01,2,31,0,2,1,1,3,0.0
202300041626,155 606 770,C01,2,7,0,2,4,1,1,0.0
202300041626,155 606 772,D01,2,7,0,2,0,1,1,0.0
202300041626,155 606 773,B01,2,7,0,2,4,1,1,0.0
202300041626,155 606 775,A01,2,7,0,2,1,1,1,0.0
202300041627,155 606 769,A01,1,50,0,2,1,1,3,0.0
202300041627,155 606 771,B01,2,7,0,2,3,1,1,0.0
202300041628,155 606 768,A01,2,7,2,0,1,13,1,0.0
202300041629,155 606 765,A01,1,7,2,2,9,26,1,0.0
202300041630,155 606 766,B01,1,1,0,2,1,1,5,0.0
202300041630,155 606 767,A01,1,1,0,2,8,1,5,0.0
202300041631,155 606 763,A01,2,7,1,2,3,16,1,0.0
202300041631,155 606 764,B01,1,33,1,2,7,1,1,0.0
202300041632,155 606 760,B01,2,32,0,2,7,14,3,0.0
202300041632,155 606 762,A01,2,7,0,2,3,1,1,0.0
202300041633,155 606 758,A01,1,7,0,2,4,2,1,0.0
202300041633,155 606 759,B01,1,7,0,2,9,2,1,0.0
202300041633,155 606 761,C01,1,10,0,2,1,2,0,0.0
202300041634,155 606 755,A01,2,10,0,2,4,12,0,0.0
202300041634,155 606 756,B01,2,10,0,2,1,12,1,0.0
202300041635,155 606 754,B01,2,7,0,2,1,1,1,0.0
202300041635,155 606 757,A01,2,30,0,2,4,26,1,0.0
202300041636,155 606 752,B01,1,7,0,2,1,13,1,0.0
202300041636,155 606 753,A01,1,7,0,2,1,1,1,0.0
202300041637,155 606 751,A01,0,0,0,1,1,0,0,0.0
202300041638,155 606 749,A01,1,50,0,0,1,1,3,0.0
202300041639,155 606 748,B01,3,10,0,2,2,1,2,0.0
202300041639,155 606 750,A01,3,10,0,2,3,3,1,0.0
202300041640,155 606 747,A01,1,32,0,2,7,1,1,0.0
202300041641,155 606 746,A01,3,50,0,1,1,25,3,0.0
202300041642,155 606 745,A01,2,30,0,0,0,0,1,0.0
202300041643,155 606 740,A01,1,7,0,2,8,15,1,0.0
202300041643,155 606 742,B01,1,32,0,2,1,1,1,0.0
202300041644,155 606 739,A01,2,7,0,2,5,15,1,0.0
202300041644,155 606 741,B01,1,2,0,2,7,21,1,0.0
202300041645,155 606 738,A01,1,7,6,0,1,1,1,0.0
202300041646,155 606 735,A01,3,30,0,2,1,18,1,0.0
202300041646,155 606 737,B01,3,7,0,0,7,16,1,0.0
202300041647,155 606 734,A01,0,7,0,2,2,1,1,0.0
202300041647,155 606 736,B01,0,7,0,2,8,16,1,0.0
202300041648,155 606 733,Z01,3,30,0,1,1,25,0,0.0
202300041649,155 606 731,A01,2,50,0,0,7,1,3,0.0
202300041650,155 606 729,A01,3,7,0,2,6,10,0,0.0
202300041650,155 606 732,B01,3,34,0,2,1,1,0,0.0
202300041651,155 606 728,A01,1,30,0,2,2,1,0,0.0
202300041651,155 606 730,B01,1,10,0,2,3,15,1,0.0
202300041652,155 606 726,B01,1,1,0,2,1,1,5,0.0
202300041652,155 606 727,A01,1,7,0,2,1,15,1,0.0
202300041653,155 606 723,B01,3,33,0,2,1,3,1,0.0
202300041653,155 606 724,A01,3,7,0,2,3,9,1,0.0
202300041654,155 606 722,A01,2,7,0,2,1,1,1,0.0
202300041655,155 606 721,A01,1,7,13,0,2,14,1,0.0
202300041656,155 606 720,A01,1,33,0,1,1,0,1,0.0
202300041657,155 606 718,A01,3,7,0,2,1,1,1,0.0
202300041657,155 606 719,B01,3,7,0,2,0,0,1,0.0
202300041658,155 606 717,A01,2,7,6,0,1,1,1,0.0
202300041659,155 606 715,A01,2,31,0,2,1,11,1,0.0
202300041659,155 606 716,B01,2,7,0,2,2,1,1,0.0
202300041660,155 606 714,A01,1,33,16,0,0,14,1,0.0
202300041661,155 606 712,A01,1,7,6,0,3,13,1,0.0
202300041662,155 606 710,A01,2,7,4,0,1,15,1,0.0
202300041663,155 606 709,C01,2,33,0,2,1,1,1,0.0
202300041663,155 606 711,A01,1,7,0,2,4,15,1,0.0
202300041663,155 606 713,B01,1,10,0,2,1,1,1,0.0
202300041664,155 606 708,A01,2,7,8,0,2,14,1,0.0
202300041665,155 606 707,A01,3,7,0,1,0,20,1,0.0
202300041666,155 606 704,A01,1,32,0,2,1,17,1,0.0
202300041666,155 606 705,C01,1,7,0,2,4,1,1,0.0
202300041666,155 606 706,B01,1,7,0,2,3,2,1,0.0
202300041667,155 606 703,A01,1,7,6,0,1,1,1,0.0
202300041668,155 606 701,A01,1,7,6,0,3,13,1,0.0
202300041669,155 606 700,A01,2,7,0,2,4,1,3,0.0
202300041669,155 606 702,B01,2,7,0,2,1,1,1,0.0
202300041670,155 606 699,A01,3,7,0,0,0,0,1,0.0
202300041671,155 606 698,A01,1,7,13,0,9,1,1,0.0
202300041672,155 606 696,B01,1,7,0,2,4,2,1,0.0
202300041672,155 606 697,A01,1,33,0,2,1,2,1,0.0
202300041673,155 606 695,A01,1,7,0,0,9,1,1,0.0
202300041674,155 606 692,B01,3,7,0,2,0,0,1,0.0
202300041674,155 606 694,A01,3,33,0,2,0,0,1,0.0
202300041675,155 606 691,B01,1,1,0,2,7,1,5,0.0
202300041675,155 606 693,A01,2,7,0,2,3,9,3,0.0
202300041676,155 606 690,A01,1,7,13,0,2,1,0,0.0
202300041677,155 606 689,A01,3,2,0,0,1,1,1,0.0
202300041678,155 606 687,A01,1,7,12,0,1,1,1,0.0
202300041679,155 606 685,A01,1,21,0,2,1,15,1,0.0
202300041679,155 606 688,B01,1,2,0,2,8,1,3,0.0
202300041680,155 606 684,B01,2,7,0,2,3,15,1,0.0
202300041680,155 606 686,A01,2,2,0,2,1,17,1,0.0
202300041681,155 606 681,A01,1,10,0,2,2,16,0,0.0
202300041681,155 606 683,B01,1,2,0,2,3,0,1,0.0
202300041682,155 606 680,B01,1,7,0,2,1,1,1,0.0
202300041682,155 606 682,A01,1,7,0,2,7,1,1,0.0
202300041683,155 606 679,A01,1,36,13,0,3,1,1,0.0
202300041684,155 606 678,A01,1,7,13,0,2,14,1,0.0
202300041685,155 606 677,A01,1,33,0,0,7,2,1,0.0
202300041686,155 606 673,A01,2,33,0,2,1,17,1,0.0
202300041686,155 606 675,B01,2,7,0,2,1,15,1,0.0
202300041687,155 606 671,A01,2,7,8,0,8,1,1,0.0
202300041688,155 606 672,A01,2,7,0,2,1,15,1,0.0
202300041688,155 606 674,B01,1,7,9,2,1,1,1,0.0
202300041689,155 606 669,A01,1,7,0,2,3,13,1,0.0
202300041689,155 606 670,B01,1,7,0,2,8,1,1,0.0
202300041690,155 606 668,A01,2,7,6,0,8,1,1,0.0
202300041691,155 606 667,A01,2,10,7,0,1,1,1,0.0
202300041692,155 606 666,A01,2,7,0,1,4,4,1,0.0
202300041693,155 606 665,A01,2,7,3,0,3,11,1,0.0
202300041694,155 606 662,A01,0,7,14,0,1,1,1,0.0
202300041694,155 606 664,B01,0,7,0,2,4,23,1,0.0
202300041695,155 606 661,B01,2,33,0,2,0,0,0,0.0
202300041695,155 606 663,A01,3,7,0,2,5,26,1,0.0
202300041696,155 606 658,A01,2,7,12,0,9,14,1,0.0
202300041697,155 606 657,A01,1,7,0,2,3,1,1,0.0
202300041697,155 606 660,B01,2,7,0,2,3,1,1,0.0
202300041698,155 606 656,A01,1,1,0,2,3,1,5,0.0
202300041698,155 606 659,B01,1,7,0,2,3,23,1,0.0
202300041699,155 606 653,A01,1,7,0,0,9,2,1,0.0
202300041700,155 606 652,A01,1,7,0,2,1,19,1,0.0
202300041700,155 606 655,B01,1,7,0,2,1,1,0,0.0
202300041701,155 606 651,A01,3,7,0,2,1,1,1,0.0
202300041701,155 606 654,C01,3,50,0,2,6,19,3,0.0
202300041702,155 606 649,A01,3,32,0,1,3,13,1,0.0
202300041703,155 606 645,B01,2,7,0,2,4,2,1,0.0
202300041703,155 606 648,A01,3,7,0,2,1,2,1,0.0
202300041703,155 606 650,C01,2,7,0,2,4,2,1,0.0
202300041704,155 606 643,A01,2,7,0,2,3,0,1,0.0
202300041704,155 606 646,B01,1,33,0,2,4,21,1,0.0
202300041704,155 606 647,C01,1,33,0,2,1,1,1,0.0
202300041705,155 606 641,A01,1,33,11,0,8,1,1,0.0
202300041706,155 606 638,B01,1,7,0,2,1,1,1,0.0
202300041706,155 606 640,A01,1,7,0,2,4,12,1,0.0
202300041707,155 606 639,A01,2,7,9,0,1,1,1,0.0
202300041708,155 606 637,A01,1,7,2,0,1,2,3,0.0
202300041709,155 606 634,MA01,1,7,0,2,8,9,0,0.0
202300041709,155 606 636,B01,1,10,0,2,1,2,1,0.0
202300041710,155 606 633,B01,2,7,0,2,7,0,1,0.0
202300041710,155 606 635,A01,1,7,0,2,1,9,1,0.0
202300041711,155 606 631,A01,2,7,2,0,1,16,1,0.0
202300041712,155 606 628,A01,3,7,2,5,1,14,0,0.0
202300041713,155 606 627,A01,0,7,0,2,1,13,1,0.0
202300041713,155 606 630,B01,0,7,0,2,1,1,1,0.0
202300041714,155 606 626,A01,1,7,0,2,1,1,1,0.0
202300041714,155 606 629,B01,1,3,0,2,4,23,1,0.0
202300041715,155 606 622,A01,1,7,0,2,3,13,1,0.0
202300041715,155 606 624,B01,2,7,0,0,3,1,1,0.0
202300041716,155 606 621,A01,3,7,0,2,1,15,1,0.0
202300041716,155 606 625,B01,1,33,0,2,0,0,1,0.0
202300041717,155 606 620,A01,1,7,0,2,1,15,1,0.0
202300041717,155 606 623,B01,1,7,0,2,1,1,1,0.0
202300041718,155 606 618,B01,3,7,0,2,1,1,1,0.0
202300041718,155 606 619,A01,3,10,0,2,1,5,1,0.0
202300041719,155 606 616,A01,1,7,0,2,3,16,1,0.0
202300041719,155 606 617,B01,1,7,0,2,3,1,1,0.0
202300041720,155 606 614,A01,1,33,0,2,7,1,1,0.0
202300041720,155 606 615,Z01,1,7,0,2,6,1,1,0.0
202300041721,155 606 613,A01,1,7,0,1,1,16,1,0.0
202300041722,155 606 611,A01,1,7,0,1,1,1,1,0.0
202300041723,155 606 610,A01,1,33,0,0,0,1,1,0.0
202300041724,155 606 609,A01,2,33,3,2,2,1,1,0.0
202300041724,155 606 612,B01,1,7,0,2,2,1,1,0.0
202300041725,155 606 608,A01,3,7,9,0,1,0,1,0.0
202300041726,155 606 604,A01,2,0,0,1,0,0,0,0.0
202300041727,155 606 606,B01,3,1,0,2,7,0,5,0.0
202300041727,155 606 607,A01,2,7,0,2,0,0,0,0.0
202300041728,155 606 602,C01,3,7,0,2,3,1,1,0.0
202300041728,155 606 603,B01,3,7,0,2,8,1,1,0.0
202300041728,155 606 605,A01,3,7,0,2,2,6,1,0.0
202300041729,155 606 600,A01,1,33,0,0,7,1,1,0.0
202300041730,155 606 599,B01,0,10,0,2,8,1,1,0.0
202300041730,155 606 601,A01,0,15,0,2,2,1,1,0.0
202300041731,155 606 596,A01,1,33,0,2,1,3,1,0.0
202300041731,155 606 597,B01,1,10,0,2,4,2,1,0.0
202300041732,155 606 595,A01,2,7,0,2,4,1,1,0.0
202300041732,155 606 598,B01,1,7,0,2,1,1,1,0.0
202300041733,155 606 594,A01,3,1,8,0,1,1,5,0.0
202300041734,155 606 590,B01,2,7,0,2,4,2,1,0.0
202300041734,155 606 592,A01,2,7,0,2,1,2,1,0.0
202300041735,155 606 589,A01,2,7,1,0,2,14,1,0.0
202300041735,155 606 593,B01,2,15,0,0,6,24,1,0.0
202300041736,155 606 588,A01,1,30,0,0,3,1,1,0.0
202300041737,155 606 587,A01,1,7,0,2,8,15,1,0.0
202300041737,155 606 591,B01,2,2,0,2,1,1,1,0.0
202300041738,155 606 583,B01,1,2,0,2,1,21,1,0.0
202300041738,155 606 584,A01,2,7,0,2,7,15,1,0.0
202300041739,155 606 585,B01,3,7,0,2,1,5,1,0.0
202300041739,155 606 586,A01,3,7,0,2,1,2,1,0.0
202300041740,155 606 581,A01,3,30,0,2,1,15,1,0.0
202300041740,155 606 582,B01,3,7,0,2,3,2,1,0.0
202300041741,155 606 580,Z01,2,2,0,1,1,1,1,0.0
202300041742,155 606 577,A01,3,7,6,0,3,4,1,0.0
202300041743,155 606 578,A01,1,7,3,2,0,17,1,0.0
202300041743,155 606 579,B01,1,7,3,2,0,12,1,0.0
202300041744,155 606 576,A01,1,7,0,1,1,0,1,0.0
202300041745,155 606 574,B01,3,1,0,2,3,15,5,0.0
202300041745,155 606 575,A01,3,32,0,2,1,1,1,0.0
202300041746,155 606 573,A01,2,7,0,0,0,1,1,0.0
202300041747,155 606 571,A01,3,7,0,2,1,2,6,0.0
202300041747,155 606 572,B01,3,7,0,2,4,2,1,0.0
202300041748,155 606 569,A01,2,7,13,0,1,1,1,0.0
202300041749,155 606 568,A01,2,7,8,0,1,14,1,0.0
202300041750,155 606 570,A01,3,1,0,1,1,1,5,0.0
202300041751,155 606 566,A01,1,10,0,1,2,1,1,0.0
202300041752,155 606 562,A01,2,7,0,2,2,14,1,0.0
202300041752,155 606 564,B01,2,7,0,2,6,2,2,0.0
202300041753,155 606 561,A01,1,50,0,2,7,5,3,0.0
202300041753,155 606 563,B01,2,7,0,2,1,9,1,0.0
202300041754,155 606 565,A01,1,7,0,9,2,17,1,0.0
202300041754,155 606 567,B01,1,1,0,2,4,15,5,0.0
202300041755,155 606 557,A01,2,7,0,0,1,13,1,0.0
202300041755,155 606 559,B01,1,14,0,2,1,1,1,0.0
202300041756,155 606 556,A01,1,30,0,2,1,5,1,0.0
202300041756,155 606 558,B01,2,10,0,2,1,1,1,0.0
202300041757,155 606 555,A01,2,7,0,2,2,15,1,0.0
202300041757,155 606 560,B01,1,7,0,2,3,1,2,0.0
202300041758,155 606 553,B01,3,32,0,2,1,1,1,0.0
202300041758,155 606 554,A01,3,7,0,2,2,15,1,0.0
202300041759,155 606 549,B01,1,10,0,2,3,1,1,0.0
202300041759,155 606 551,A01,2,50,0,2,7,2,3,0.0
202300041760,155 606 550,B01,0,80,0,2,8,1,5,0.0
202300041760,155 606 552,A01,1,7,0,2,2,19,1,0.0
202300041761,155 606 547,A01,1,7,1,0,3,1,1,0.0
202300041762,155 606 546,A01,2,7,0,2,1,15,1,0.0
202300041762,155 606 548,B01,1,7,0,2,3,2,1,0.0
202300041763,155 606 545,A01,2,7,6,0,3,14,1,0.0
202300041764,155 606 539,A01,1,10,0,2,8,22,1,0.0
202300041764,155 606 540,B01,1,33,0,2,1,3,1,0.0
202300041764,155 606 542,C01,1,7,0,2,2,1,1,0.0
202300041764,155 606 543,D01,1,7,0,2,5,1,1,0.0
202300041764,155 606 544,E01,1,7,0,2,6,1,1,0.0
202300041765,155 606 538,B01,1,7,0,2,8,19,1,0.0
202300041765,155 606 541,A01,1,7,0,2,1,1,1,0.0
202300041766,155 606 535,A01,3,99,0,0,1,5,1,0.0
202300041766,155 606 537,B01,3,7,0,0,2,1,1,0.0
202300041767,155 606 536,A01,1,37,0,1,2,7,1,1.0
202300041768,155 606 534,A01,3,30,1,2,1,18,1,0.0
202300041769,155 606 533,A01,2,10,0,1,4,4,1,0.0
202300041770,155 606 530,B01,2,7,0,2,8,1,1,0.0
202300041770,155 606 531,A01,1,7,0,2,1,13,1,0.0
202300041771,155 606 529,A01,2,7,0,2,8,17,1,0.0
202300041771,155 606 532,B01,2,33,2,2,7,17,1,0.0
202300041772,155 606 528,Z01,2,50,0,1,1,1,3,0.0
202300041773,155 606 526,A01,2,7,0,2,4,1,1,0.0
202300041773,155 606 527,B01,1,7,0,2,4,1,1,0.0
202300041774,155 606 524,A01,0,10,0,1,1,1,1,0.0
202300041775,155 606 523,B01,1,7,0,2,3,1,1,0.0
202300041775,155 606 525,A01,1,1,0,2,6,12,5,0.0
202300041776,155 606 522,A01,3,7,0,1,1,1,1,0.0
202300041777,155 606 520,A01,3,7,0,0,7,15,3,0.0
202300041778,155 606 521,A01,1,7,3,0,1,14,1,0.0
202300041779,155 606 516,A01,2,7,0,2,2,15,1,0.0
202300041779,155 606 518,B01,1,1,0,2,1,1,5,0.0
202300041780,155 606 517,A01,1,7,6,0,1,1,1,0.0
202300041781,155 606 515,A01,3,7,0,2,3,16,1,0.0
202300041781,155 606 519,B01,0,7,0,2,5,0,2,0.0
202300041782,155 606 513,A01,1,31,0,0,8,21,1,0.0
202300041783,155 606 510,C01,2,7,14,2,1,1,1,0.0
202300041783,155 606 512,B01,2,7,14,2,4,1,1,0.0
202300041783,155 606 514,A01,2,7,14,2,4,1,1,0.0
202300041784,155 606 511,A01,2,7,0,1,7,2,1,0.0
202300041785,155 606 506,A01,2,7,8,2,3,1,0,0.0
202300041785,155 606 508,B01,2,7,0,2,2,19,1,0.0
202300041786,155 606 503,A01,1,10,0,2,1,2,1,0.0
202300041786,155 606 505,B01,1,7,0,2,4,2,1,0.0
202300041786,155 606 509,C01,1,7,0,2,4,2,1,0.0
202300041787,155 606 502,A01,1,33,1,0,1,1,1,0.0
202300041788,155 606 501,A01,2,7,0,2,1,17,1,0.0
202300041788,155 606 504,B01,1,7,0,2,3,1,1,0.0
202300041788,155 606 507,C01,1,7,0,2,1,1,1,0.0
202300041789,155 606 498,A01,1,7,0,2,1,2,1,0.0
202300041789,155 606 499,B01,1,33,0,2,4,2,1,0.0
202300041790,155 606 496,B01,2,7,0,0,8,1,1,0.0
202300041790,155 606 500,A01,1,7,0,2,2,9,1,0.0
202300041791,155 606 495,B01,1,13,0,2,1,2,1,0.0
202300041791,155 606 497,A01,1,7,0,2,4,2,1,0.0
202300041792,155 606 494,A01,1,31,0,1,1,1,1,0.0
202300041793,155 606 490,A01,2,32,0,1,2,1,1,0.0
202300041794,155 606 491,A01,3,7,0,2,1,13,0,0.0
202300041794,155 606 493,B01,3,1,0,2,4,1,5,0.0
202300041795,155 606 486,A01,2,7,0,2,1,1,0,0.0
202300041795,155 606 488,B01,2,2,0,2,8,19,0,0.0
202300041796,155 606 487,A01,2,7,0,2,1,2,1,0.0
202300041796,155 606 489,B01,2,7,0,2,4,2,1,0.0
202300041796,155 606 492,C01,2,7,0,2,4,2,2,0.0
202300041797,155 606 485,A01,1,7,16,0,0,13,6,0.0
202300041798,155 606 482,B01,2,1,0,2,1,2,5,0.0
202300041798,155 606 484,A01,2,14,0,0,5,2,1,0.0
202300041799,155 606 478,A01,2,7,13,0,3,0,1,0.0
202300041800,155 606 479,B01,1,7,0,2,1,2,0,0.0
202300041800,155 606 481,A01,1,30,0,2,4,2,1,0.0
202300041801,155 606 480,B01,1,7,0,2,4,2,1,0.0
202300041801,155 606 483,A01,1,7,0,2,1,11,1,0.0
202300041802,155 606 475,A01,1,7,0,2,3,13,1,0.0
202300041802,155 606 476,B01,2,7,0,2,1,1,1,0.0
202300041803,155 606 473,A01,1,7,0,0,4,15,1,0.0
202300041803,155 606 477,B01,1,31,0,2,1,17,1,0.0
202300041804,155 606 472,A01,3,10,0,1,4,20,1,0.0
202300041805,155 606 471,Z01,2,15,0,0,0,0,0,0.0
202300041805,155 606 474,A01,2,7,3,2,1,1,1,0.0
202300041806,155 606 467,B01,0,7,0,2,3,1,1,0.0
202300041806,155 606 470,A01,0,7,0,2,1,1,1,0.0
202300041807,155 606 469,A01,2,33,13,0,3,26,1,0.0
202300041808,155 606 468,A01,1,33,9,0,9,26,0,0.0
202300041809,155 606 466,A01,2,7,4,0,3,1,1,0.0
202300041810,155 606 461,A01,1,7,0,2,1,17,1,0.0
202300041810,155 606 463,B01,1,7,0,2,3,15,1,0.0
202300041810,155 606 465,C01,2,10,0,2,1,1,1,0.0
202300041811,155 606 460,A01,3,33,0,2,1,1,1,0.0
202300041811,155 606 464,B01,3,31,0,2,1,1,1,0.0