num_acc,id_vehicule,num_veh,senc,catv,obs,obsm,choc,manv,motor,occutc
202300042073,155 606 013,B01,1,7,0,2,4,2,2,0.0
202300042073,155 606 015,A01,1,33,0,2,1,2,1,0.0
202300042074,155 606 009,A01,2,7,0,2,2,15,1,0.0
202300042074,155 606 012,B01,1,1,0,2,3,1,5,0.0
202300042075,155 606 011,A01,1,2,8,0,2,1,3,0.0
202300042076,155 606 008,B01,2,7,0,2,7,1,0,0.0
202300042076,155 606 010,A01,2,7,0,2,1,16,0,0.0
202300042077,155 606 007,A01,1,33,0,0,7,1,1,0.0
202300042078,155 606 005,A01,3,7,6,0,1,15,1,0.0
202300042079,155 606 001,A01,2,7,0,2,8,0,1,0.0
202300042079,155 606 004,B01,1,7,0,2,1,0,1,0.0
202300042080,155 606 002,C01,0,14,0,2,8,1,1,0.0
202300042080,155 606 003,B01,3,7,0,2,3,1,1,0.0
202300042080,155 606 006,A01,3,31,0,2,1,17,1,0.0
202300042081,155 605 997,A01,1,43,0,5,1,1,1,0.0
202300042082,155 605 996,A01,0,7,0,1,1,1,1,0.0
202300042083,155 605 995,A01,1,7,0,2,8,1,1,0.0
202300042083,155 605 999,B01,1,7,0,2,1,1,1,0.0
202300042084,155 605 998,Z01,1,2,0,2,1,1,0,0.0
202300042084,155 606 000,A01,1,1,0,2,7,19,5,0.0
202300042085,155 605 992,A01,2,7,0,2,1,2,1,0.0
202300042085,155 605 994,B01,2,7,13,0,4,15,1,0.0
202300042086,155 605 990,B01,3,7,0,2,4,23,1,0.0
202300042086,155 605 993,A01,3,7,0,2,1,2,1,0.0
202300042087,155 605 989,A01,1,31,0,1,8,1,1,0.0
202300042088,155 605 985,B01,1,14,0,2,1,1,1,0.0
202300042088,155 605 988,A01,2,7,0,2,1,1,1,0.0
202300042089,155 605 987,A01,2,10,0,2,1,1,0,0.0
202300042089,155 605 991,B01,2,7,0,2,8,1,1,0.0
202300042090,155 605 984,B01,0,7,0,0,1,1,0,0.0
202300042090,155 605 986,A01,0,7,0,2,1,15,1,0.0
202300042091,155 605 980,B01,3,80,0,2,1,1,3,0.0
202300042091,155 605 982,A01,3,7,0,2,3,1,1,0.0
202300042092,155 605 979,B01,2,7,0,0,4,23,1,0.0
202300042092,155 605 983,A01,2,7,0,2,1,1,1,0.0
202300042093,155 605 978,A01,1,7,0,2,1,1,0,0.0
202300042093,155 605 981,B01,3,1,0,2,8,1,5,0.0
202300042094,155 605 975,A01,1,7,0,0,9,17,1,0.0
202300042095,155 605 973,A01,2,7,0,2,7,15,1,0.0
202300042095,155 605 974,B01,2,7,0,2,3,1,1,0.0
202300042096,155 605 967,Z01,2,7,0,1,0,1,0,0.0
202300042097,155 605 969,A01,2,7,0,2,1,13,1,0.0
202300042097,155 605 971,B01,1,10,0,2,1,0,1,0.0
202300042098,155 605 968,B01,0,33,0,2,9,2,1,0.0
202300042098,155 605 970,A01,0,7,0,2,1,1,1,0.0
202300042099,155 605 966,A01,1,7,0,2,2,16,1,0.0
202300042099,155 605 972,B01,1,1,0,2,4,1,5,0.0
202300042100,155 605 962,B01,3,7,0,2,3,1,1,0.0
202300042100,155 605 965,A01,2,1,0,2,1,1,5,0.0
202300042101,155 605 964,A01,2,7,9,0,1,1,1,0.0
202300042102,155 605 959,A01,3,14,0,2,8,1,1,0.0
202300042102,155 605 961,B01,3,2,0,2,1,1,1,0.0
202300042103,155 605 960,B01,1,10,0,2,3,1,1,0.0
202300042103,155 605 963,A01,2,7,0,2,3,13,1,0.0
202300042104,155 605 957,A01,1,32,0,1,1,1,1,0.0
202300042105,155 605 953,B01,2,7,9,2,3,1,1,0.0
202300042105,155 605 955,A01,1,7,4,2,1,1,1,0.0
202300042106,155 605 956,A01,2,7,0,2,1,1,1,0.0
202300042106,155 605 958,B01,1,43,0,2,4,23,1,0.0
202300042107,155 605 952,A01,1,7,0,2,1,0,1,0.0
202300042107,155 605 954,B01,1,7,0,2,4,1,1,0.0
202300042108,155 605 951,A01,1,32,0,0,0,21,1,0.0
202300042109,155 605 948,A01,1,7,0,2,4,9,1,0.0
202300042109,155 605 949,B01,1,7,14,0,0,0,1,0.0
202300042110,155 605 947,B01,1,7,0,2,8,1,1,0.0
202300042110,155 605 950,A01,1,17,0,2,1,9,1,0.0
202300042111,155 605 945,A01,3,30,0,0,8,19,1,0.0
202300042112,155 605 946,A01,0,0,0,1,7,24,0,0.0
202300042113,155 605 943,A01,2,33,12,2,3,13,1,0.0
202300042114,155 605 942,B01,0,7,0,2,1,1,1,0.0
202300042114,155 605 944,A01,0,7,0,0,7,19,1,0.0
202300042115,155 605 938,A01,3,30,0,2,1,3,1,0.0
202300042115,155 605 939,B01,3,7,0,2,8,1,1,0.0
202300042115,155 605 941,C01,3,7,0,2,5,1,1,0.0
202300042116,155 605 937,B01,2,7,1,0,7,14,1,0.0
202300042116,155 605 940,A01,2,7,0,0,2,17,1,0.0
202300042117,155 605 936,A01,1,7,2,0,1,14,1,0.0
202300042118,155 605 935,A01,2,7,0,1,1,1,2,0.0
202300042119,155 605 931,B01,1,17,0,2,3,1,1,0.0
202300042119,155 605 934,A01,2,30,0,2,1,13,1,0.0
202300042120,155 605 932,A01,2,7,0,1,1,1,1,0.0
202300042121,155 605 929,A01,2,7,0,2,3,11,1,0.0
202300042121,155 605 933,B01,1,17,0,2,3,1,1,0.0
202300042122,155 605 928,A01,1,7,0,2,7,15,3,0.0
202300042122,155 605 930,B01,1,50,0,2,0,1,3,0.0
202300042123,155 605 925,A01,2,33,0,2,8,2,1,0.0
202300042123,155 605 926,B01,2,7,0,2,2,2,2,0.0
202300042124,155 605 923,B01,1,31,0,2,2,17,0,0.0
202300042124,155 605 924,A01,1,1,0,2,0,15,5,0.0
202300042125,155 605 922,A01,1,7,0,1,4,26,1,0.0
202300042126,155 605 917,C01,1,7,0,2,7,1,0,0.0
202300042126,155 605 919,B01,1,7,0,2,5,1,1,0.0
202300042126,155 605 921,A01,1,33,0,2,1,2,1,0.0
202300042127,155 605 916,A01,3,10,0,2,1,1,1,0.0
202300042127,155 605 918,B01,3,7,0,2,4,1,1,0.0
202300042127,155 605 920,C01,3,7,0,2,4,1,1,0.0
202300042128,155 605 915,A01,3,10,0,1,0,0,1,0.0
202300042129,155 605 913,A01,2,32,0,0,7,1,1,0.0
202300042130,155 605 912,A01,1,2,0,2,2,10,3,0.0
202300042130,155 605 914,B01,1,10,0,2,1,1,1,0.0
202300042131,155 605 909,A01,1,7,0,1,1,2,1,0.0
202300042132,155 605 908,A01,0,32,0,2,1,1,1,0.0
202300042132,155 605 911,B01,0,7,0,2,3,1,1,0.0
202300042133,155 605 906,A01,2,17,0,2,8,1,1,0.0
202300042133,155 605 907,C01,1,7,0,2,7,21,1,0.0
202300042133,155 605 910,B01,1,10,0,2,3,13,1,0.0
202300042134,155 605 903,A01,2,7,10,0,2,1,1,0.0
202300042135,155 605 902,A01,1,7,0,0,0,0,6,0.0
202300042135,155 605 905,Y01,3,99,0,0,0,0,0,0.0
202300042136,155 605 899,A01,1,7,0,0,9,14,1,0.0
202300042137,155 605 901,B01,3,50,0,2,2,0,3,0.0
202300042137,155 605 904,A01,3,7,0,2,3,15,1,0.0
202300042138,155 605 898,A01,0,7,0,2,3,19,1,0.0
202300042138,155 605 900,B01,0,33,0,2,7,1,1,0.0
202300042139,155 605 896,A01,1,7,0,1,2,1,1,0.0
202300042140,155 605 897,A01,2,34,0,0,1,1,1,0.0
202300042141,155 605 893,B01,2,32,0,2,1,21,1,0.0
202300042141,155 605 894,A01,1,7,0,2,2,15,1,0.0
202300042142,155 605 891,B01,1,7,0,2,1,1,1,0.0
202300042142,155 605 895,A01,3,7,1,2,7,1,1,0.0
202300042143,155 605 888,A01,1,32,0,2,9,17,1,0.0
202300042143,155 605 890,B01,1,7,0,2,3,1,1,0.0
202300042143,155 605 892,C01,1,7,0,0,4,1,1,0.0
202300042144,155 605 887,B01,3,7,0,2,2,0,1,0.0
202300042144,155 605 889,A01,3,7,0,2,3,1,1,0.0
202300042145,155 605 886,A01,2,7,0,1,2,7,1,0.0
202300042146,155 605 884,A01,1,7,0,0,1,1,1,0.0
202300042147,155 605 883,A01,1,7,0,2,2,15,2,0.0
202300042147,155 605 885,B01,2,7,0,2,1,1,1,0.0
202300042148,155 605 881,A01,1,7,0,1,0,4,0,0.0
202300042149,155 605 880,A01,1,7,0,2,2,15,2,0.0
202300042149,155 605 882,B01,2,1,0,2,1,0,5,0.0
202300042150,155 605 879,A01,3,10,0,0,8,16,3,0.0
202300042151,155 605 877,A01,3,7,6,0,1,0,1,0.0
202300042152,155 605 873,A01,3,7,0,0,1,0,1,0.0
202300042153,155 605 874,A01,1,7,0,2,3,15,1,0.0
202300042153,155 605 878,B01,2,31,0,2,2,1,1,0.0
202300042154,155 605 871,A01,1,3,8,0,1,14,1,0.0
202300042155,155 605 872,A01,3,1,0,9,4,2,5,0.0
202300042155,155 605 875,B01,3,1,0,9,1,2,5,0.0
202300042155,155 605 876,C01,3,1,0,9,1,2,5,0.0
202300042156,155 605 870,A01,1,2,0,6,1,1,1,0.0
202300042157,155 605 865,A01,1,7,0,0,7,1,1,0.0
202300042158,155 605 867,A01,3,7,0,1,0,26,0,0.0
202300042159,155 605 866,A01,0,7,0,2,1,1,1,0.0
202300042159,155 605 869,B01,0,7,0,2,4,0,1,0.0
202300042160,155 605 864,A01,2,7,0,2,4,1,1,0.0
202300042160,155 605 868,B01,2,7,0,2,1,1,1,0.0
202300042161,155 605 863,A01,2,10,1,0,2,14,1,0.0
202300042162,155 605 860,A01,3,7,0,2,3,15,1,0.0
202300042162,155 605 862,B01,3,7,0,2,2,1,1,0.0
202300042163,155 605 857,A01,2,7,9,0,3,1,1,0.0
202300042164,155 605 859,A01,3,7,0,1,1,1,1,0.0
202300042165,155 605 858,A01,1,7,0,2,2,15,1,0.0
202300042165,155 605 861,B01,2,30,0,2,1,3,1,0.0
202300042166,155 605 855,A01,0,7,1,0,1,0,1,0.0
202300042167,155 605 851,A01,3,7,0,2,1,9,1,0.0
202300042167,155 605 854,B01,3,1,0,2,0,0,5,0.0
202300042168,155 605 850,A01,3,32,12,2,4,26,1,0.0
202300042168,155 605 853,Z01,3,7,0,2,1,2,1,0.0
202300042169,155 605 849,A01,0,7,0,2,1,1,1,0.0
202300042169,155 605 852,B01,3,7,0,2,3,15,1,0.0
202300042169,155 605 856,C01,3,7,8,9,6,1,1,0.0
202300042170,155 605 846,B01,2,80,0,2,3,1,3,0.0
202300042170,155 605 848,A01,1,50,0,2,3,1,3,0.0
202300042171,155 605 844,A01,2,2,0,2,1,1,1,0.0
202300042171,155 605 847,B01,1,7,0,2,1,1,1,0.0
202300042172,155 605 842,A01,1,7,0,2,6,11,1,0.0
202300042172,155 605 845,B01,1,33,3,2,7,3,1,0.0
202300042173,155 605 841,A01,2,2,0,0,9,1,1,0.0
202300042173,155 605 843,B01,2,2,0,2,0,17,0,0.0
202300042174,155 605 836,A01,3,7,0,2,0,9,1,0.0
202300042174,155 605 838,B01,3,1,0,2,1,9,5,0.0
202300042175,155 605 833,A01,3,7,0,2,8,1,1,0.0
202300042175,155 605 837,B01,3,7,0,2,3,1,1,0.0
202300042176,155 605 835,B01,1,7,0,2,6,11,1,0.0
202300042176,155 605 840,A01,1,33,0,2,2,17,1,0.0
202300042177,155 605 831,A01,0,13,0,1,0,0,1,0.0
202300042178,155 605 832,A01,2,7,0,2,1,1,1,0.0
202300042178,155 605 834,B01,2,7,0,2,4,1,1,0.0
202300042178,155 605 839,C01,2,7,0,2,4,0,1,0.0
202300042179,155 605 828,A01,2,7,0,2,1,15,1,0.0
202300042179,155 605 830,B01,1,2,0,2,8,18,1,0.0
202300042180,155 605 829,A01,2,1,12,0,1,2,5,0.0
202300042181,155 605 825,B01,0,2,0,2,1,1,1,0.0
202300042181,155 605 827,A01,2,7,0,0,3,2,1,0.0
202300042182,155 605 822,A01,0,7,0,0,1,13,0,0.0
202300042182,155 605 824,B01,0,7,0,0,1,0,0,0.0
202300042183,155 605 823,Z01,2,7,1,2,2,1,1,0.0
202300042183,155 605 826,A01,2,32,0,2,8,23,3,0.0
202300042184,155 605 821,A01,1,30,0,0,0,26,1,0.0
202300042185,155 605 820,A01,1,3,0,1,3,1,6,0.0
202300042186,155 605 818,A01,2,33,0,0,0,17,1,0.0
202300042187,155 605 816,A01,2,7,0,2,5,1,2,0.0
202300042187,155 605 819,Z01,2,32,0,2,1,1,1,0.0
202300042188,155 605 815,A01,2,30,0,2,1,18,1,0.0
202300042188,155 605 817,B01,0,7,0,2,2,16,3,0.0
202300042189,155 605 813,A01,1,32,0,1,1,1,3,0.0
202300042190,155 605 812,B01,1,2,0,2,4,2,1,0.0
202300042190,155 605 814,A01,1,7,0,2,1,1,1,0.0
202300042191,155 605 810,B01,3,10,0,2,4,20,1,0.0
202300042191,155 605 811,A01,3,10,0,2,1,1,1,0.0
202300042192,155 605 808,B01,3,7,0,2,4,23,1,0.0
202300042192,155 605 809,A01,3,1,0,2,1,2,5,0.0
202300042193,155 605 806,A01,2,34,0,2,1,2,1,0.0
202300042193,155 605 807,B01,2,1,0,2,4,1,5,0.0
202300042194,155 605 805,A01,3,7,0,1,3,15,1,0.0
202300042195,155 605 802,A01,1,7,0,2,3,15,1,0.0
202300042195,155 605 804,B01,1,33,0,2,2,17,1,0.0
202300042196,155 605 801,A01,1,7,0,0,3,13,1,0.0
202300042197,155 605 800,A01,2,30,0,2,8,1,0,0.0
202300042197,155 605 803,B01,2,7,0,2,2,1,0,0.0
202300042198,155 605 798,A01,2,7,0,2,2,15,1,0.0
202300042198,155 605 799,B01,2,32,0,2,3,16,1,0.0
202300042199,155 605 795,A01,2,7,0,2,3,10,1,0.0
202300042199,155 605 797,B01,2,7,0,2,2,1,1,0.0
202300042200,155 605 794,B01,3,50,0,2,6,1,3,0.0
202300042200,155 605 796,A01,3,13,0,2,2,17,1,0.0
202300042201,155 605 792,B01,2,7,0,2,6,9,2,0.0
202300042201,155 605 793,A01,2,32,1,0,1,21,3,0.0
202300042202,155 605 789,A01,2,7,0,2,2,1,3,0.0
202300042202,155 605 791,B01,2,32,0,2,3,1,1,0.0
202300042203,155 605 790,A01,2,7,2,0,2,13,1,0.0
202300042204,155 605 788,A01,1,1,0,1,1,1,5,0.0
202300042205,155 605 784,B01,0,60,0,0,0,0,5,0.0
202300042205,155 605 787,A01,2,7,0,2,1,16,2,0.0
202300042206,155 605 785,A01,1,2,0,2,1,13,1,0.0
202300042206,155 605 786,B01,2,10,0,2,3,1,1,0.0
202300042207,155 605 783,A01,2,33,0,1,1,1,1,0.0
202300042208,155 605 780,A01,2,7,7,0,1,1,1,0.0
202300042208,155 605 782,B01,1,33,0,2,1,13,1,0.0
202300042209,155 605 779,B01,0,7,0,2,8,26,1,0.0
202300042209,155 605 781,A01,1,7,0,1,2,9,1,0.0
202300042210,155 605 777,B01,3,33,0,2,1,2,0,0.0
202300042210,155 605 778,A01,3,7,0,2,2,15,0,0.0
202300042211,155 605 775,A01,2,7,0,2,1,2,1,0.0
202300042211,155 605 776,B01,2,7,0,2,4,23,1,0.0
202300042212,155 605 772,B01,3,7,0,2,7,1,1,0.0
202300042212,155 605 774,A01,3,2,0,2,8,3,1,0.0
202300042213,155 605 771,A01,1,7,0,2,2,15,1,0.0
202300042213,155 605 773,B01,2,33,0,2,3,1,1,0.0
202300042214,155 605 769,A01,1,7,0,2,5,17,1,0.0
202300042214,155 605 770,B01,1,7,0,2,3,1,1,0.0
202300042215,155 605 766,A01,2,7,0,2,2,1,1,0.0
202300042215,155 605 768,B01,3,33,0,2,1,1,1,0.0
202300042216,155 605 765,A01,1,7,0,1,3,1,1,0.0
202300042217,155 605 764,A01,1,7,0,2,3,13,1,0.0
202300042217,155 605 767,B01,2,7,0,2,3,1,1,0.0
202300042218,155 605 762,A01,1,7,1,2,2,13,0,0.0
202300042218,155 605 763,B01,2,1,0,2,2,1,5,0.0
202300042219,155 605 760,B01,2,2,0,2,2,1,1,0.0
202300042219,155 605 761,A01,1,7,0,2,2,17,1,0.0
202300042220,155 605 757,A01,3,7,0,1,4,4,1,0.0
202300042221,155 605 758,B01,3,7,0,2,4,0,1,0.0
202300042221,155 605 759,A01,3,33,0,2,1,2,1,0.0
202300042222,155 605 756,A01,1,2,11,0,1,1,1,0.0
202300042223,155 605 753,A01,0,7,0,2,0,0,2,0.0
202300042223,155 605 755,B01,1,7,0,2,6,1,2,0.0
202300042224,155 605 752,B01,2,7,0,2,1,1,1,0.0
202300042224,155 605 754,A01,1,3,2,2,1,19,1,0.0
202300042225,155 605 749,A01,3,7,0,2,3,15,1,0.0
202300042225,155 605 751,B01,2,7,0,2,2,1,2,0.0
202300042226,155 605 748,A01,3,7,8,2,1,12,1,0.0
202300042226,155 605 750,B01,3,7,0,2,4,1,1,0.0
202300042227,155 605 746,A01,1,10,1,0,1,9,1,0.0
202300042228,155 605 745,A01,3,37,0,1,0,16,0,1.0
202300042229,155 605 744,A01,1,7,0,2,1,15,1,0.0
202300042229,155 605 747,B01,2,7,0,2,1,1,1,0.0
202300042230,155 605 743,A01,3,7,0,1,3,1,1,0.0
202300042231,155 605 741,A01,2,7,7,2,8,9,1,0.0
202300042231,155 605 742,B01,1,14,0,2,1,1,1,0.0
202300042232,155 605 739,B01,1,10,0,2,7,1,0,0.0
202300042232,155 605 740,A01,1,30,0,2,1,1,0,0.0
202300042233,155 605 738,A01,3,1,0,2,1,14,5,0.0
202300042234,155 605 737,A01,1,2,0,0,5,1,1,0.0
202300042235,155 605 735,A01,1,33,13,0,1,1,1,0.0
202300042236,155 605 733,A01,1,37,0,2,1,9,1,1.0
202300042236,155 605 736,B01,1,50,0,2,7,1,3,0.0
202300042237,155 605 732,A01,0,7,0,0,3,19,1,0.0
202300042237,155 605 734,B01,0,7,0,2,1,1,1,0.0
202300042238,155 605 726,B01,2,7,0,0,1,1,0,0.0
202300042238,155 605 729,A01,2,7,9,2,8,1,0,0.0
202300042239,155 605 725,B01,1,7,0,2,4,1,1,0.0
202300042239,155 605 728,C01,1,7,0,2,4,1,1,0.0
202300042239,155 605 730,A01,1,7,0,2,1,2,1,0.0
202300042240,155 605 727,B01,2,1,0,2,4,1,5,0.0
202300042240,155 605 731,A01,2,7,0,2,3,9,1,0.0
202300042241,155 605 722,A01,2,7,0,2,1,11,1,0.0
202300042241,155 605 724,B01,1,7,0,2,1,1,1,0.0
202300042242,155 605 721,B01,2,14,0,2,5,1,1,0.0
202300042242,155 605 723,A01,1,32,0,2,1,9,1,0.0
202300042243,155 605 719,A01,1,33,3,0,1,14,1,0.0
202300042244,155 605 716,A01,2,10,0,2,4,2,0,0.0
202300042244,155 605 718,B01,2,2,0,2,1,2,0,0.0
202300042245,155 605 715,A01,1,7,2,0,3,1,1,0.0
202300042246,155 605 714,B01,2,7,0,9,0,1,1,0.0
202300042246,155 605 717,A01,2,7,2,0,1,14,1,0.0
202300042247,155 605 711,A01,1,7,0,2,1,5,1,0.0
202300042247,155 605 713,B01,2,33,0,2,1,2,1,0.0
202300042248,155 605 710,A01,3,7,1,2,3,2,0,0.0
202300042248,155 605 712,B01,3,7,0,2,1,20,0,0.0
202300042249,155 605 708,A01,1,33,0,2,1,1,1,0.0
202300042249,155 605 709,B01,1,7,0,0,6,1,1,0.0
202300042250,155 605 706,A01,1,32,0,2,1,15,1,0.0
202300042250,155 605 707,B01,2,7,0,2,1,1,1,0.0
202300042251,155 605 705,A01,1,7,6,0,1,1,1,0.0
202300042252,155 605 703,A01,1,7,8,0,1,1,1,0.0
202300042253,155 605 702,A01,0,7,8,0,1,1,1,0.0
202300042254,155 605 701,B01,3,1,1,0,1,1,5,0.0
202300042254,155 605 704,A01,3,7,0,0,8,22,0,0.0
202300042255,155 605 698,A01,3,7,0,1,4,4,1,0.0
202300042256,155 605 697,A01,2,7,0,2,3,13,1,0.0
202300042256,155 605 699,B01,1,7,0,2,3,1,1,0.0
202300042257,155 605 696,A01,3,7,0,2,6,15,1,0.0
202300042257,155 605 700,B01,1,43,0,2,1,1,1,0.0
202300042258,155 605 695,A01,1,7,2,0,1,0,1,0.0
202300042259,155 605 694,A01,2,31,2,0,1,1,1,0.0
202300042260,155 605 692,A01,1,7,2,0,3,0,1,0.0
202300042261,155 605 693,A01,2,33,0,0,7,1,1,0.0
202300042262,155 605 689,B01,1,7,0,2,1,1,1,0.0
202300042262,155 605 691,A01,2,7,0,2,1,17,1,0.0
202300042263,155 605 688,B01,2,2,0,2,1,2,1,0.0
202300042263,155 605 690,A01,1,7,0,2,6,15,1,0.0
202300042264,155 605 687,A01,2,2,0,0,0,0,1,0.0
202300042265,155 605 684,A01,1,1,2,2,2,0,5,0.0
202300042265,155 605 686,B01,1,2,0,2,4,17,1,0.0
202300042266,155 605 685,A01,1,1,0,0,0,1,5,0.0
202300042267,155 605 682,A01,0,7,15,0,3,1,1,0.0
202300042268,155 605 680,A01,2,7,0,0,2,1,1,0.0
202300042268,155 605 681,B01,1,7,0,0,3,1,1,0.0
202300042269,155 605 678,A01,2,7,8,0,3,1,1,0.0
202300042270,155 605 677,B01,2,7,0,2,1,1,1,0.0
202300042270,155 605 679,A01,1,7,0,2,7,13,1,0.0
202300042271,155 605 676,A01,0,7,6,0,1,0,1,0.0
202300042272,155 605 675,A01,2,7,13,0,2,1,1,0.0
202300042273,155 605 671,A01,2,10,0,2,1,1,1,0.0
202300042273,155 605 673,B01,2,7,0,0,8,15,1,0.0
202300042274,155 605 669,A01,2,2,0,2,1,1,1,0.0
202300042274,155 605 670,B01,2,7,0,2,4,0,1,0.0
202300042275,155 605 667,A01,2,7,0,2,8,1,1,0.0
202300042275,155 605 668,B01,1,7,0,2,8,15,1,0.0
202300042275,155 605 672,C01,1,7,0,2,1,1,1,0.0
202300042276,155 605 664,A01,2,7,0,6,1,1,1,0.0
202300042276,155 605 666,B01,1,7,0,2,1,1,1,0.0
202300042277,155 605 662,A01,3,7,0,0,9,26,0,0.0
202300042278,155 605 660,B01,1,7,0,0,6,23,1,0.0
202300042278,155 605 661,C01,1,7,0,0,6,23,1,0.0
202300042278,155 605 663,D01,1,7,14,0,1,2,1,0.0
202300042278,155 605 665,A01,1,10,0,6,1,23,1,0.0
202300042279,155 605 659,A01,1,7,13,0,0,17,1,0.0
202300042280,155 605 656,A01,1,10,0,2,7,19,1,0.0
202300042280,155 605 658,B01,2,7,0,2,1,1,1,0.0
202300042281,155 605 657,A01,0,7,0,1,1,1,1,0.0
202300042282,155 605 654,A01,2,7,2,0,1,14,1,0.0
202300042283,155 605 653,A01,1,7,0,0,4,1,1,0.0
202300042283,155 605 655,B01,1,7,0,0,1,2,1,0.0
202300042284,155 605 652,A01,2,7,10,0,2,1,1,0.0
202300042285,155 605 647,A01,2,7,0,2,1,13,1,0.0
202300042285,155 605 649,B01,2,7,0,2,6,1,1,0.0
202300042285,155 605 651,C01,1,10,0,2,1,1,1,0.0
202300042286,155 605 648,B01,1,30,0,2,1,1,1,0.0
202300042286,155 605 650,A01,2,7,0,2,5,15,1,0.0
202300042287,155 605 645,A01,1,10,0,2,1,1,1,0.0
202300042287,155 605 646,B01,1,7,3,0,4,1,1,0.0
202300042288,155 605 643,A01,1,7,0,2,2,16,1,0.0
202300042288,155 605 644,B01,3,60,0,2,3,19,5,0.0
202300042289,155 605 642,A01,2,10,13,0,1,0,1,0.0
202300042290,155 605 640,A01,1,7,0,2,1,2,1,0.0
202300042290,155 605 641,B01,1,14,0,0,4,2,1,0.0
202300042291,155 605 636,B01,2,33,0,2,7,1,1,0.0
202300042291,155 605 639,A01,3,7,0,2,3,15,1,0.0
202300042292,155 605 637,A01,1,7,0,2,2,15,1,0.0
202300042292,155 605 638,B01,2,2,0,2,1,1,1,0.0
202300042293,155 605 630,B01,1,7,0,2,1,1,1,0.0
202300042293,155 605 634,A01,2,7,0,2,1,13,1,0.0
202300042294,155 605 631,A01,0,7,0,2,3,15,1,0.0
202300042294,155 605 633,B01,0,7,0,2,3,1,1,0.0
202300042295,155 605 632,A01,1,7,0,2,3,14,1,0.0
202300042295,155 605 635,B01,2,34,0,2,1,13,1,0.0
202300042296,155 605 627,B01,2,80,0,2,8,15,3,0.0
202300042296,155 605 629,A01,2,7,0,9,1,17,1,0.0
202300042297,155 605 624,A01,1,7,0,0,5,1,1,0.0
202300042297,155 605 626,B01,1,7,0,0,1,1,1,0.0
202300042298,155 605 623,B01,1,99,0,2,1,2,6,0.0
202300042298,155 605 625,A01,1,17,0,9,3,9,1,0.0
202300042299,155 605 622,A01,1,2,0,0,0,0,1,0.0
202300042300,155 605 620,A01,2,2,0,0,0,16,1,0.0
202300042301,155 605 619,B01,2,7,0,2,2,1,1,0.0
202300042301,155 605 621,A01,1,31,0,2,7,15,1,0.0
202300042302,155 605 616,A01,1,7,0,2,3,13,1,0.0
202300042302,155 605 617,C01,2,7,0,2,3,1,1,0.0
202300042302,155 605 618,B01,2,7,0,2,8,1,1,0.0
202300042303,155 605 614,A01,2,7,0,1,3,1,1,0.0
202300042304,155 605 613,B01,2,3,0,2,1,1,1,0.0
202300042304,155 605 615,A01,1,7,0,2,1,1,1,0.0
202300042305,155 605 612,A01,1,7,0,0,1,0,1,0.0
202300042306,155 605 611,A01,0,10,0,1,2,1,1,0.0
202300042307,155 605 609,A01,1,33,0,0,0,1,0,0.0
202300042308,155 605 610,A01,1,7,0,0,9,0,0,0.0
202300042309,155 605 607,B01,0,1,0,2,6,0,5,0.0
202300042309,155 605 608,A01,0,7,0,2,2,1,1,0.0
202300042310,155 605 606,A01,1,2,8,0,3,1,1,0.0
202300042311,155 605 602,A01,2,7,0,2,6,1,1,0.0
202300042311,155 605 604,B01,2,7,0,2,1,13,1,0.0
202300042312,155 605 601,A01,2,7,0,2,8,19,1,0.0
202300042312,155 605 605,B01,1,10,0,2,2,1,1,0.0
202300042313,155 605 599,A01,2,7,0,2,1,13,0,0.0
202300042313,155 605 600,B01,1,7,0,2,1,1,0,0.0
202300042313,155 605 603,C01,1,7,3,2,1,1,0,0.0
202300042314,155 605 598,A01,2,7,3,0,9,14,1,0.0
202300042315,155 605 596,A01,1,7,0,2,7,15,1,0.0
202300042315,155 605 597,B01,2,33,0,2,1,1,0,0.0
202300042316,155 605 594,A01,1,7,0,2,1,15,1,0.0
202300042316,155 605 595,B01,2,7,0,2,1,1,1,0.0
202300042317,155 605 591,A01,2,7,0,2,3,13,1,0.0
202300042317,155 605 592,B01,2,34,0,2,2,3,1,0.0
202300042317,155 605 593,C01,2,7,0,2,5,2,1,0.0
202300042318,155 605 590,A01,1,7,1,0,1,17,1,0.0
202300042319,155 605 589,A01,2,50,0,0,0,0,3,0.0
202300042320,155 605 586,A01,1,31,2,0,1,13,1,0.0
202300042321,155 605 584,A01,2,7,0,2,2,1,1,0.0
202300042321,155 605 587,B01,2,7,0,2,4,1,1,0.0
202300042321,155 605 588,C01,2,7,0,2,1,1,1,0.0
202300042322,155 605 583,A01,1,10,0,2,1,17,1,0.0
202300042322,155 605 585,B01,1,7,0,2,6,15,1,0.0
202300042323,155 605 580,A01,1,33,0,2,1,1,1,0.0
202300042323,155 605 582,B01,1,7,0,0,4,15,1,0.0
202300042324,155 605 579,A01,2,31,0,2,6,3,1,0.0
202300042324,155 605 581,B01,2,10,0,2,1,1,1,0.0
202300042325,155 605 576,A01,1,7,14,0,1,1,1,0.0
202300042326,155 605 574,A01,1,7,0,2,2,19,1,0.0
202300042326,155 605 578,B01,1,2,0,2,1,1,1,0.0
202300042327,155 605 575,A01,3,7,0,2,7,17,0,0.0
202300042327,155 605 577,B01,3,31,0,2,8,2,0,0.0
202300042328,155 605 570,B01,1,33,0,2,7,17,1,0.0
202300042328,155 605 572,A01,1,7,0,2,6,1,0,0.0