num_acc,id_vehicule,num_veh,senc,catv,obs,obsm,choc,manv,motor,occutc
202300042329,155 605 569,A01,1,7,0,2,1,2,0,0.0
202300042329,155 605 571,B01,1,7,0,2,4,2,0,0.0
202300042329,155 605 573,C01,1,7,0,2,4,2,0,0.0
202300042330,155 605 565,A01,2,10,0,0,0,15,1,0.0
202300042330,155 605 567,B01,1,7,0,2,3,13,1,0.0
202300042330,155 605 568,C01,2,7,0,2,3,1,1,0.0
202300042331,155 605 563,A01,2,7,0,0,1,17,1,0.0
202300042331,155 605 566,B01,1,7,0,0,1,1,1,0.0
202300042332,155 605 562,A01,1,33,0,2,1,3,0,0.0
202300042332,155 605 564,B01,1,7,0,2,4,12,0,0.0
202300042333,155 605 561,A01,2,7,13,0,3,21,1,0.0
202300042334,155 605 560,A01,3,10,13,0,3,5,1,0.0
202300042335,155 605 558,A01,2,7,0,2,5,12,1,0.0
202300042335,155 605 559,B01,2,33,0,2,1,3,1,0.0
202300042336,155 605 556,A01,1,7,0,1,2,1,1,0.0
202300042337,155 605 555,A01,0,7,0,2,1,23,1,0.0
202300042337,155 605 557,B01,0,7,0,0,4,15,0,0.0
202300042338,155 605 553,A01,2,7,0,2,7,11,1,0.0
202300042338,155 605 554,B01,2,43,0,2,7,1,1,0.0
202300042339,155 605 549,A01,1,7,0,2,3,1,1,0.0
202300042339,155 605 551,B01,2,7,0,2,3,1,1,0.0
202300042340,155 605 547,A01,2,7,0,2,3,1,1,0.0
202300042340,155 605 552,B01,3,7,0,2,2,19,1,0.0
202300042341,155 605 546,C01,1,7,0,2,4,1,1,0.0
202300042341,155 605 548,A01,1,33,0,2,2,3,1,0.0
202300042341,155 605 550,B01,1,7,0,2,3,13,1,0.0
202300042342,155 605 545,A01,1,1,12,0,3,25,5,0.0
202300042343,155 605 544,A01,3,7,6,0,1,1,1,0.0
202300042344,155 605 543,A01,2,7,4,0,2,1,1,0.0
202300042345,155 605 541,B01,2,7,0,0,4,23,1,0.0
202300042345,155 605 542,A01,2,30,0,2,1,2,1,0.0
202300042346,155 605 537,B01,1,7,0,2,0,11,1,0.0
202300042346,155 605 538,A01,2,33,0,2,0,3,1,0.0
202300042347,155 605 536,A01,2,7,17,0,1,14,1,0.0
202300042348,155 605 535,A01,1,10,6,0,1,1,1,0.0
202300042349,155 605 533,A01,2,10,0,2,6,11,1,0.0
202300042349,155 605 534,B01,2,32,0,2,7,3,1,0.0
202300042350,155 605 531,A01,2,7,4,0,7,1,1,0.0
202300042351,155 605 528,A01,1,7,0,2,4,23,1,0.0
202300042351,155 605 530,B01,1,7,1,0,1,1,1,0.0
202300042351,155 605 532,C01,1,7,1,0,3,1,3,0.0
202300042352,155 605 523,A01,2,7,0,2,4,1,1,0.0
202300042352,155 605 525,B01,2,7,0,2,4,1,1,0.0
202300042352,155 605 527,C01,2,7,0,2,1,2,1,0.0
202300042353,155 605 522,A01,1,7,0,2,7,12,1,0.0
202300042353,155 605 524,B01,1,7,0,2,3,0,1,0.0
202300042353,155 605 526,C01,1,7,0,2,3,0,1,0.0
202300042353,155 605 529,D01,1,7,0,2,0,0,2,0.0
202300042354,155 605 521,A01,1,7,0,1,7,1,1,0.0
202300042355,155 605 519,A01,1,31,4,2,7,1,1,0.0
202300042356,155 605 517,A01,2,7,0,2,8,19,1,0.0
202300042356,155 605 518,B01,1,33,0,2,1,1,1,0.0
202300042357,155 605 512,A01,1,10,0,2,1,2,1,0.0
202300042357,155 605 514,B01,1,7,0,2,4,2,1,0.0
202300042357,155 605 516,D01,1,7,0,2,4,2,1,0.0
202300042357,155 605 520,C01,1,7,0,2,4,2,1,0.0
202300042358,155 605 511,A01,1,7,0,1,1,1,0,0.0
202300042359,155 605 510,B01,1,7,0,2,5,1,1,0.0
202300042359,155 605 513,C01,1,7,0,2,6,1,1,0.0
202300042359,155 605 515,Z01,1,10,0,2,3,13,1,0.0
202300042360,155 605 507,A01,1,50,0,0,0,0,3,0.0
202300042361,155 605 505,B01,1,7,0,2,3,15,1,0.0
202300042361,155 605 508,A01,2,7,0,0,2,1,1,0.0
202300042362,155 605 503,A01,1,7,0,2,1,2,1,0.0
202300042362,155 605 504,B01,1,7,0,2,9,2,1,0.0
202300042362,155 605 506,C01,1,7,0,2,9,2,1,0.0
202300042362,155 605 509,D01,1,7,0,2,4,2,1,0.0
202300042363,155 605 501,A01,1,7,2,0,8,1,1,0.0
202300042364,155 605 500,A01,2,7,3,0,1,1,1,0.0
202300042365,155 605 499,A01,2,7,0,2,2,15,1,0.0
202300042365,155 605 502,B01,1,33,0,2,1,1,1,0.0
202300042366,155 605 497,B01,3,2,0,2,1,1,1,0.0
202300042366,155 605 498,A01,3,7,0,2,3,1,1,0.0
202300042367,155 605 494,A01,1,10,0,2,2,12,1,0.0
202300042367,155 605 496,B01,1,33,0,2,8,3,1,0.0
202300042368,155 605 489,A01,1,7,4,0,1,2,1,0.0
202300042369,155 605 488,C01,1,7,0,2,1,12,1,0.0
202300042369,155 605 490,B01,1,7,0,2,4,2,1,0.0
202300042369,155 605 491,A01,1,7,0,2,4,1,1,0.0
202300042370,155 605 487,A01,1,7,0,1,2,16,1,0.0
202300042371,155 605 485,A01,1,7,3,0,1,1,1,0.0
202300042372,155 605 483,A01,1,7,0,2,5,1,1,0.0
202300042372,155 605 486,B01,1,7,0,2,3,13,1,0.0
202300042373,155 605 484,A01,3,32,0,0,2,1,1,0.0
202300042374,155 605 479,A01,3,2,2,0,2,1,1,0.0
202300042375,155 605 476,A01,2,7,0,2,3,2,1,0.0
202300042375,155 605 478,C01,2,7,0,2,4,2,1,0.0
202300042375,155 605 481,B01,2,7,0,2,4,2,1,0.0
202300042376,155 605 477,A01,2,7,0,2,1,1,1,0.0
202300042376,155 605 480,B01,2,7,0,2,1,1,1,0.0
202300042376,155 605 482,C01,2,7,0,2,4,0,1,0.0
202300042377,155 605 474,A01,2,7,4,0,1,1,1,0.0
202300042378,155 605 473,A01,1,7,13,0,9,0,0,0.0
202300042379,155 605 471,A01,2,7,0,2,4,1,1,0.0
202300042379,155 605 472,Z01,2,10,0,2,1,0,0,0.0
202300042379,155 605 475,B01,2,7,0,2,4,2,1,0.0
202300042380,155 605 470,A01,3,3,12,2,1,26,1,0.0
202300042381,155 605 467,A01,1,7,0,2,3,15,1,0.0
202300042381,155 605 469,B01,2,2,0,2,3,1,1,0.0
202300042382,155 605 465,B01,1,7,0,2,4,2,1,0.0
202300042382,155 605 468,A01,1,7,0,2,1,2,1,0.0
202300042383,155 605 463,A01,0,7,0,0,0,0,1,0.0
202300042383,155 605 466,B01,0,7,0,0,0,0,1,0.0
202300042384,155 605 460,B01,1,7,0,2,4,2,1,0.0
202300042384,155 605 461,A01,1,7,0,2,1,2,1,0.0
202300042385,155 605 457,D01,2,10,0,2,4,2,1,0.0
202300042385,155 605 459,A01,2,10,0,2,1,2,1,0.0
202300042385,155 605 462,B01,2,7,0,2,4,2,1,0.0
202300042385,155 605 464,C01,2,7,0,2,4,2,1,0.0
202300042386,155 605 456,A01,1,33,0,2,3,13,1,0.0
202300042386,155 605 458,B01,2,30,0,2,3,13,1,0.0
202300042387,155 605 451,B01,3,7,0,0,0,0,1,0.0
202300042387,155 605 453,A01,1,33,0,9,0,2,1,0.0
202300042388,155 605 450,A01,1,7,0,2,3,15,1,0.0
202300042388,155 605 452,B01,2,7,0,2,3,1,1,0.0
202300042389,155 605 449,B01,2,7,0,2,4,2,1,0.0
202300042389,155 605 454,A01,2,7,0,2,1,2,1,0.0
202300042389,155 605 455,C01,2,7,0,2,4,2,1,0.0
202300042390,155 605 447,A01,1,7,0,2,3,16,1,0.0
202300042390,155 605 448,B01,1,7,0,2,2,16,1,0.0
202300042391,155 605 444,B01,1,7,0,2,1,1,1,0.0
202300042391,155 605 446,A01,1,10,0,2,0,0,1,0.0
202300042392,155 605 443,A01,1,7,0,2,1,2,1,0.0
202300042392,155 605 445,B01,1,7,0,2,4,2,1,0.0
202300042393,155 605 442,A01,0,7,0,1,1,1,1,0.0
202300042394,155 605 439,B01,1,10,0,0,4,2,1,0.0
202300042394,155 605 441,A01,1,7,0,2,1,1,1,0.0
202300042395,155 605 438,A01,1,7,0,2,3,13,1,0.0
202300042395,155 605 440,B01,2,7,0,2,3,26,1,0.0
202300042396,155 605 435,A01,2,7,0,2,3,15,1,0.0
202300042396,155 605 437,B01,2,50,0,2,7,1,3,0.0
202300042397,155 605 434,A01,2,7,0,2,5,12,1,0.0
202300042397,155 605 436,B01,2,33,0,2,1,3,1,0.0
202300042398,155 605 432,A01,1,33,0,0,8,21,6,0.0
202300042398,155 605 433,B01,1,7,0,0,0,0,0,0.0
202300042399,155 605 431,A01,3,7,0,0,1,26,1,0.0
202300042400,155 605 427,A01,3,7,1,2,4,26,1,0.0
202300042401,155 605 428,A01,3,7,0,0,1,1,1,0.0
202300042402,155 605 425,B01,1,10,0,2,4,2,1,0.0
202300042402,155 605 426,A01,1,10,0,2,1,2,1,0.0
202300042402,155 605 429,D01,1,7,0,2,4,2,1,0.0
202300042402,155 605 430,C01,1,7,0,2,4,2,1,0.0
202300042403,155 605 424,A01,1,7,-1,-1,-1,0,-1,0.0
202300042404,155 605 421,B01,1,33,0,2,1,17,1,0.0
202300042404,155 605 423,A01,2,7,0,9,6,15,1,0.0
202300042405,155 605 420,B01,2,10,0,2,4,1,1,0.0
202300042405,155 605 422,A01,2,10,0,2,1,1,1,0.0
202300042406,155 605 419,A01,1,7,0,1,7,16,1,0.0
202300042407,155 605 418,A01,2,33,4,0,7,0,1,0.0
202300042408,155 605 416,A01,0,1,0,2,8,26,5,0.0
202300042409,155 605 415,A01,1,33,0,2,7,3,1,0.0
202300042409,155 605 417,B01,1,7,0,2,6,11,1,0.0
202300042410,155 605 413,A01,1,33,0,2,1,9,1,0.0
202300042410,155 605 414,B01,2,7,0,2,8,9,1,0.0
202300042411,155 605 412,A01,1,7,0,1,3,1,1,0.0
202300042412,155 605 410,B01,2,7,0,2,5,2,1,0.0
202300042412,155 605 411,A01,1,43,0,2,1,2,1,0.0
202300042413,155 605 407,B01,1,10,0,2,3,1,1,0.0
202300042413,155 605 409,A01,1,33,0,2,1,17,1,0.0
202300042414,155 605 406,A01,1,7,0,1,2,1,1,0.0
202300042415,155 605 405,B01,1,7,0,2,3,1,1,0.0
202300042415,155 605 408,A01,2,7,0,2,3,21,1,0.0
202300042416,155 605 403,A01,2,33,0,1,1,1,1,0.0
202300042417,155 605 402,B01,1,13,0,2,8,23,1,0.0
202300042417,155 605 404,A01,1,7,11,2,1,15,1,0.0
202300042418,155 605 400,A01,2,7,4,2,3,13,1,0.0
202300042419,155 605 399,B01,2,10,0,2,3,2,1,0.0
202300042419,155 605 401,A01,2,14,0,2,1,1,1,0.0
202300042420,155 605 398,A01,3,7,0,1,1,1,1,0.0
202300042421,155 605 397,A01,1,7,0,1,1,26,1,0.0
202300042422,155 605 396,A01,1,32,0,2,4,23,1,0.0
202300042423,155 605 393,A01,2,10,0,2,2,15,1,0.0
202300042423,155 605 395,B01,1,7,0,2,1,1,1,0.0
202300042424,155 605 392,A01,2,7,0,2,1,13,1,0.0
202300042424,155 605 394,B01,2,7,0,2,1,1,1,0.0
202300042425,155 605 390,A01,2,7,0,2,3,11,1,0.0
202300042425,155 605 391,B01,0,34,0,2,1,2,1,0.0
202300042426,155 605 386,A01,1,7,0,2,7,15,1,0.0
202300042426,155 605 389,B01,2,30,0,2,1,1,1,0.0
202300042427,155 605 385,A01,1,7,0,2,9,13,1,0.0
202300042427,155 605 387,B01,2,7,0,2,2,1,1,0.0
202300042427,155 605 388,C01,2,7,0,2,3,1,1,0.0
202300042428,155 605 383,B01,2,32,0,2,2,15,1,0.0
202300042428,155 605 384,A01,1,7,0,2,3,15,1,0.0
202300042429,155 605 382,A01,0,7,0,1,1,1,1,0.0
202300042430,155 605 381,A01,3,50,0,1,1,1,3,0.0
202300042431,155 605 380,A01,3,7,0,0,9,19,1,0.0
202300042432,155 605 378,A01,1,7,0,2,1,2,1,0.0
202300042432,155 605 379,B01,1,7,0,2,4,2,1,0.0
202300042433,155 605 376,A01,3,7,0,2,3,1,1,0.0
202300042433,155 605 377,B01,3,50,0,2,1,19,3,0.0
202300042434,155 605 373,A01,3,10,0,2,1,2,1,0.0
202300042434,155 605 375,B01,3,7,0,2,4,2,1,0.0
202300042435,155 605 372,B01,3,7,0,2,1,1,1,0.0
202300042435,155 605 374,A01,3,7,0,2,4,1,1,0.0
202300042436,155 605 368,B01,3,7,0,2,4,2,1,0.0
202300042436,155 605 370,A01,3,32,0,2,3,2,1,0.0
202300042437,155 605 364,B01,1,50,0,2,2,1,3,0.0
202300042437,155 605 366,A01,2,7,0,9,3,9,1,0.0
202300042438,155 605 362,A01,1,50,0,0,0,13,3,0.0
202300042439,155 605 363,B01,3,7,0,2,2,2,1,0.0
202300042439,155 605 365,A01,3,10,0,2,1,9,1,0.0
202300042440,155 605 361,A01,3,7,0,1,2,1,1,0.0
202300042441,155 605 359,A01,3,7,0,2,3,13,1,0.0
202300042441,155 605 360,B01,0,7,0,2,1,1,1,0.0
202300042442,155 605 357,A01,0,7,0,2,1,0,0,0.0
202300042442,155 605 358,B01,0,7,0,2,5,1,0,0.0
202300042443,155 605 353,A01,1,7,0,2,1,1,0,0.0
202300042443,155 605 355,B01,1,13,0,2,4,1,0,0.0
202300042444,155 605 354,B01,3,7,0,2,4,2,1,0.0
202300042444,155 605 356,A01,3,7,0,2,1,2,1,0.0
202300042445,155 605 351,A01,2,7,0,1,1,16,1,0.0
202300042446,155 605 349,B01,1,30,0,2,2,1,1,0.0
202300042446,155 605 350,A01,1,7,0,2,3,9,1,0.0
202300042447,155 605 345,A01,1,7,0,2,1,2,1,0.0
202300042447,155 605 346,B01,1,7,0,2,4,2,1,0.0
202300042447,155 605 347,C01,2,7,0,0,4,23,1,0.0
202300042448,155 605 344,A01,1,7,0,2,3,26,1,0.0
202300042448,155 605 348,B01,2,7,0,2,1,26,1,0.0
202300042449,155 605 341,B01,2,10,0,2,4,2,1,0.0
202300042449,155 605 342,C01,1,7,0,2,4,23,1,0.0
202300042449,155 605 343,A01,2,7,0,2,1,2,1,0.0
202300042450,155 605 340,A01,1,10,0,1,1,26,1,0.0
202300042451,155 605 338,A01,3,30,0,2,1,2,1,0.0
202300042451,155 605 339,B01,3,7,0,2,4,2,3,0.0
202300042452,155 605 337,A01,1,7,13,0,1,1,1,0.0
202300042453,155 605 333,B01,3,7,0,2,1,1,1,0.0
202300042453,155 605 335,A01,3,33,0,2,1,5,1,0.0
202300042454,155 605 334,A01,2,7,0,2,2,19,1,0.0
202300042454,155 605 336,B01,0,1,0,2,0,0,5,0.0
202300042455,155 605 330,B01,2,33,0,2,1,19,1,0.0
202300042455,155 605 332,A01,3,7,0,2,6,19,2,0.0
202300042456,155 605 329,A01,2,33,0,2,5,1,1,0.0
202300042456,155 605 331,X01,2,7,0,2,2,17,1,0.0
202300042457,155 605 327,A01,2,7,0,2,0,1,0,0.0
202300042457,155 605 328,B01,1,50,0,2,0,15,3,0.0
202300042458,155 605 325,A01,1,7,1,0,2,1,1,0.0
202300042459,155 605 324,A01,2,1,0,2,7,1,5,0.0
202300042459,155 605 326,B01,1,7,0,2,3,1,0,0.0
202300042460,155 605 323,A01,3,7,0,1,2,1,1,0.0
202300042461,155 605 321,B01,3,7,0,2,3,15,0,0.0
202300042461,155 605 322,A01,0,33,0,2,1,17,0,0.0
202300042462,155 605 319,B01,3,7,8,2,8,0,1,0.0
202300042462,155 605 320,A01,3,7,0,2,1,0,1,0.0
202300042463,155 605 317,A01,1,1,0,2,1,13,5,0.0
202300042463,155 605 318,B01,2,7,0,2,1,1,3,0.0
202300042464,155 605 316,A01,2,7,0,1,2,1,2,0.0
202300042465,155 605 312,A01,2,10,0,2,3,15,1,0.0
202300042465,155 605 314,B01,1,7,0,2,1,1,1,0.0
202300042466,155 605 313,A01,2,10,0,2,8,15,1,0.0
202300042466,155 605 315,B01,2,30,0,2,1,17,1,0.0
202300042467,155 605 311,A01,3,7,13,0,9,14,1,0.0
202300042468,155 605 309,A01,1,7,0,2,8,10,2,0.0
202300042468,155 605 310,B01,1,7,0,2,3,1,1,0.0
202300042469,155 605 307,B01,0,2,9,2,7,1,1,0.0
202300042469,155 605 308,A01,0,7,0,2,7,15,1,0.0
202300042470,155 605 304,Z01,2,7,0,2,1,15,1,0.0
202300042470,155 605 306,A01,1,1,0,2,8,19,5,0.0
202300042471,155 605 303,B01,1,7,0,2,4,1,1,0.0
202300042471,155 605 305,A01,1,7,0,2,1,1,1,0.0
202300042472,155 605 302,A01,2,7,1,0,2,14,1,0.0
202300042473,155 605 300,A01,1,7,0,2,3,1,1,0.0
202300042473,155 605 301,B01,2,7,0,2,3,1,1,0.0
202300042474,155 605 297,B01,3,10,0,2,3,9,1,0.0
202300042474,155 605 299,A01,1,30,0,2,1,17,1,0.0
202300042475,155 605 296,A01,1,7,0,2,1,1,1,0.0
202300042475,155 605 298,B01,0,7,0,2,8,1,1,0.0
202300042476,155 605 293,A01,2,7,0,2,1,1,1,0.0
202300042476,155 605 295,B01,2,7,0,2,4,1,1,0.0
202300042477,155 605 292,B01,2,33,0,2,7,17,1,0.0
202300042477,155 605 294,A01,2,7,0,2,8,15,1,0.0
202300042478,155 605 289,B01,1,10,0,2,5,1,1,0.0
202300042478,155 605 291,A01,1,30,0,2,1,1,1,0.0
202300042479,155 605 288,A01,2,7,0,2,3,1,1,0.0
202300042479,155 605 290,B01,2,2,0,2,8,19,1,0.0
202300042480,155 605 286,A01,1,50,0,1,1,1,3,0.0
202300042481,155 605 287,A01,1,30,16,0,8,13,1,0.0
202300042482,155 605 284,A01,1,43,0,2,1,1,1,0.0
202300042482,155 605 285,B01,1,10,0,2,5,1,6,0.0
202300042483,155 605 283,A01,1,7,0,1,1,1,1,0.0
202300042484,155 605 281,B01,1,7,0,2,6,1,1,0.0
202300042484,155 605 282,A01,2,33,0,2,3,1,1,0.0
202300042485,155 605 280,A01,2,7,0,1,2,1,1,0.0
202300042486,155 605 279,A01,3,33,0,0,7,1,1,0.0
202300042487,155 605 278,A01,1,7,0,1,3,1,1,0.0
202300042488,155 605 277,A01,3,80,0,0,8,10,3,0.0
202300042489,155 605 276,A01,2,7,0,1,1,26,4,0.0
202300042490,155 605 275,A01,0,7,0,1,2,1,1,0.0
202300042491,155 605 273,A01,1,1,0,0,8,1,5,0.0
202300042492,155 605 272,B01,1,1,0,2,1,5,5,0.0
202300042492,155 605 274,A01,2,10,0,2,1,1,1,0.0
202300042493,155 605 271,A01,1,7,0,1,2,1,1,0.0
202300042494,155 605 270,A01,1,7,0,1,1,21,1,0.0
202300042495,155 605 268,A01,3,7,0,1,1,15,1,0.0
202300042496,155 605 267,A01,2,1,0,2,8,13,5,0.0
202300042496,155 605 269,B01,2,7,0,0,7,17,1,0.0
202300042497,155 605 263,A01,1,50,0,0,0,9,3,0.0
202300042497,155 605 265,Z01,3,0,0,0,0,0,0,0.0
202300042498,155 605 261,A01,1,2,0,2,1,1,1,0.0
202300042498,155 605 262,B01,1,7,0,2,8,1,1,0.0
202300042499,155 605 264,A01,3,7,0,2,2,15,0,0.0
202300042499,155 605 266,B01,3,7,0,2,3,1,0,0.0
202300042500,155 605 259,A01,3,30,0,2,4,1,1,0.0
202300042500,155 605 260,X01,3,7,0,2,1,2,0,0.0
202300042501,155 605 256,A01,1,30,0,2,7,1,1,0.0
202300042501,155 605 257,B01,1,7,0,2,1,1,0,0.0
202300042502,155 605 258,A01,2,7,16,0,0,1,1,0.0
202300042503,155 605 254,B01,2,7,0,2,2,15,1,0.0
202300042503,155 605 255,A01,1,10,0,2,5,1,1,0.0
202300042504,155 605 250,B01,2,1,0,0,8,1,5,0.0
202300042504,155 605 253,A01,2,10,1,2,1,1,1,0.0
202300042505,155 605 251,A01,2,7,0,2,4,15,1,0.0
202300042505,155 605 252,B01,2,33,0,2,1,1,1,0.0
202300042506,155 605 248,B01,1,7,0,2,8,1,1,0.0
202300042506,155 605 249,A01,3,10,0,2,1,19,1,0.0
202300042507,155 605 246,A01,3,10,0,2,4,15,1,0.0
202300042507,155 605 247,B01,3,10,0,2,1,1,1,0.0
202300042508,155 605 245,A01,2,10,0,1,3,1,1,0.0
202300042509,155 605 244,A01,2,31,0,0,7,17,1,0.0
202300042510,155 605 242,A01,3,3,0,2,2,1,3,0.0
202300042511,155 605 241,B01,1,1,0,2,1,15,5,0.0
202300042511,155 605 243,A01,2,7,0,2,1,1,1,0.0
202300042512,155 605 238,A01,1,7,1,0,1,1,1,0.0
202300042512,155 605 239,C01,1,10,0,2,4,23,1,0.0
202300042512,155 605 240,B01,1,10,1,0,4,1,1,0.0
202300042513,155 605 236,A01,0,7,0,1,0,20,1,0.0
202300042514,155 605 235,A01,2,7,0,2,3,15,1,0.0
202300042514,155 605 237,B01,1,33,0,2,1,1,1,0.0
202300042515,155 605 233,A01,3,7,0,2,1,13,1,0.0
202300042515,155 605 234,B01,3,7,0,2,1,0,3,0.0
202300042516,155 605 232,A01,3,7,0,1,7,1,3,0.0
202300042517,155 605 230,A01,1,7,0,2,1,9,1,0.0
202300042517,155 605 231,B01,2,50,0,2,7,1,3,0.0
202300042518,155 605 227,A01,2,33,0,0,7,1,1,0.0
202300042519,155 605 226,A01,1,10,0,1,1,1,1,0.0
202300042520,155 605 224,A01,0,7,0,2,3,1,0,0.0
202300042520,155 605 225,B01,0,33,0,2,7,1,0,0.0
202300042521,155 605 223,A01,3,7,13,0,1,13,1,0.0
202300042522,155 605 219,B01,2,1,14,0,0,0,5,0.0
202300042522,155 605 221,A01,1,7,14,0,2,15,1,0.0
202300042523,155 605 217,A01,1,50,0,2,1,1,3,0.0
202300042523,155 605 220,B01,2,7,0,2,2,15,1,0.0
202300042524,155 605 214,A01,1,10,0,2,1,1,1,0.0
202300042524,155 605 215,B01,1,7,0,2,4,1,1,0.0
202300042524,155 605 218,C01,1,7,0,2,4,1,1,0.0
202300042525,155 605 216,A01,1,7,1,0,3,13,1,0.0
202300042526,155 605 210,A01,1,10,0,2,1,1,1,0.0
202300042526,155 605 212,B01,1,10,0,2,4,1,1,0.0
202300042527,155 605 209,C01,1,7,0,2,4,2,0,0.0
202300042527,155 605 211,A01,1,7,0,2,1,2,0,0.0
202300042527,155 605 213,B01,1,7,0,2,4,2,0,0.0
202300042528,155 605 207,A01,1,7,0,1,1,1,1,0.0
202300042529,155 605 205,A01,2,7,0,1,2,1,1,0.0
202300042530,155 605 206,B01,1,80,0,2,2,1,3,0.0
202300042530,155 605 208,A01,2,7,0,9,3,15,1,0.0
202300042531,155 605 203,A01,2,7,0,2,1,9,1,0.0
202300042531,155 605 204,B01,1,50,0,2,7,1,3,0.0
202300042532,155 605 202,A01,2,7,6,0,1,1,1,0.0
202300042533,155 605 200,B01,2,50,0,9,1,1,3,0.0
202300042533,155 605 201,A01,2,50,0,2,1,5,3,0.0
202300042534,155 605 199,A01,2,10,0,1,1,1,2,0.0
202300042535,155 605 197,Y01,2,1,0,2,0,15,5,0.0
202300042535,155 605 198,A01,1,7,0,2,1,1,1,0.0
202300042536,155 605 196,A01,1,7,0,0,0,26,1,0.0
202300042537,155 605 194,B01,2,7,0,2,1,1,1,0.0
202300042537,155 605 195,A01,1,7,0,2,1,13,1,0.0
202300042538,155 605 193,A01,1,0,0,1,7,0,0,0.0
202300042539,155 605 191,A01,2,7,0,2,3,20,1,0.0
202300042539,155 605 192,B01,2,1,0,2,1,1,5,0.0
202300042540,155 605 189,A01,1,37,0,1,2,1,4,1.0
202300042541,155 605 188,B01,2,1,0,2,1,0,5,0.0
202300042541,155 605 190,A01,2,7,0,2,3,19,1,0.0
202300042542,155 605 186,A01,2,10,0,2,8,10,1,0.0
202300042542,155 605 187,B01,2,33,0,2,1,1,1,0.0
202300042543,155 605 182,A01,1,7,0,2,2,15,1,0.0
202300042543,155 605 183,B01,2,80,0,2,1,1,3,0.0
202300042544,155 605 180,C01,2,7,0,2,4,2,2,0.0
202300042544,155 605 181,B01,2,7,0,2,4,2,1,0.0
202300042544,155 605 184,A01,2,15,0,2,1,2,1,0.0
202300042545,155 605 177,A01,2,2,0,0,0,15,1,0.0
202300042546,155 605 176,A01,3,7,0,2,1,5,1,0.0
202300042546,155 605 178,B01,3,30,0,2,9,1,1,0.0
202300042547,155 605 175,A01,1,7,6,0,1,0,1,0.0
202300042548,155 605 172,B01,0,7,0,2,4,23,1,0.0
202300042548,155 605 173,C01,0,7,0,2,4,23,1,0.0
202300042548,155 605 174,A01,0,7,0,2,1,2,1,0.0
202300042549,155 605 170,A01,1,31,0,2,0,18,1,0.0
202300042549,155 605 171,B01,1,21,0,2,7,13,1,0.0
202300042550,155 605 179,A01,1,30,7,0,1,1,3,0.0
202300042551,155 605 168,Z01,3,7,0,2,0,15,0,0.0
202300042551,155 605 169,A01,3,2,0,2,1,1,1,0.0
202300042552,155 605 167,A01,1,2,12,0,7,1,0,0.0
202300042553,155 605 165,A01,2,7,2,0,1,1,1,0.0
202300042554,155 605 164,A01,0,31,0,2,7,1,1,0.0
202300042554,155 605 166,B01,0,7,0,2,1,1,1,0.0
202300042555,155 605 162,A01,0,10,0,1,3,15,1,0.0
202300042556,155 605 161,B01,2,1,0,2,1,1,5,0.0
202300042556,155 605 163,A01,1,7,0,2,2,15,0,0.0
202300042557,155 605 158,A01,1,7,0,2,1,19,1,0.0
202300042557,155 605 159,B01,1,7,0,0,6,1,1,0.0
202300042558,155 605 157,A01,1,7,0,2,7,15,1,0.0
202300042558,155 605 160,B01,2,7,0,2,3,1,1,0.0
202300042559,155 605 156,A01,2,7,0,1,2,17,1,0.0
202300042560,155 605 154,A01,3,7,0,2,2,16,1,0.0
202300042560,155 605 155,B01,3,80,0,2,8,1,3,0.0
202300042561,155 605 149,B01,2,7,0,2,3,16,1,0.0
202300042561,155 605 152,A01,1,7,0,2,2,19,1,0.0
202300042562,155 605 150,A01,2,10,0,2,3,2,1,0.0
202300042562,155 605 151,C01,1,7,0,2,1,1,1,0.0
202300042562,155 605 153,B01,2,7,0,2,5,15,1,0.0
202300042563,155 605 146,A01,1,7,1,0,2,1,1,0.0
202300042563,155 605 148,B01,1,15,1,0,6,23,0,0.0
202300042564,155 605 145,B01,1,7,0,0,5,23,1,0.0
202300042564,155 605 147,A01,1,2,0,2,1,1,1,0.0
202300042565,155 605 143,A01,2,7,0,1,1,1,1,0.0
202300042566,155 605 140,A01,1,7,12,2,1,13,1,0.0
202300042566,155 605 142,B01,2,7,0,2,1,1,1,0.0
202300042567,155 605 138,B01,0,1,0,2,0,25,5,0.0
202300042567,155 605 139,A01,0,7,0,2,0,1,1,0.0
202300042568,155 605 137,A01,2,3,0,1,0,1,0,0.0
202300042569,155 605 135,A01,1,7,2,0,2,13,0,0.0
202300042570,155 605 134,A01,1,7,0,2,7,15,1,0.0
202300042570,155 605 136,B01,2,7,0,2,3,14,2,0.0
202300042571,155 605 130,A01,1,7,0,1,1,1,2,0.0
202300042572,155 605 131,A01,3,10,13,0,2,1,1,0.0
202300042573,155 605 132,A01,3,7,0,2,1,9,1,0.0
202300042573,155 605 133,B01,3,7,0,2,1,1,1,0.0
202300042574,155 605 129,A01,1,7,0,9,1,21,1,0.0
202300042575,155 605 128,A01,2,7,0,1,1,1,1,0.0
202300042576,155 605 127,A01,2,7,0,1,2,1,1,0.0
202300042577,155 605 122,B01,1,33,0,2,1,21,1,0.0
202300042577,155 605 124,C01,1,33,0,2,1,2,1,0.0
202300042577,155 605 126,A01,2,10,0,2,6,19,1,0.0
202300042578,155 605 121,A01,2,2,0,1,1,26,1,0.0
202300042579,155 605 119,A01,2,7,0,0,4,2,1,0.0
202300042579,155 605 120,B01,2,7,0,2,9,2,1,0.0