num_acc,id_vehicule,num_veh,senc,catv,obs,obsm,choc,manv,motor,occutc
202300042579,155 605 123,C01,2,33,0,2,9,2,1,0.0
202300042579,155 605 125,D01,2,7,0,2,1,2,1,0.0
202300042580,155 605 118,A01,1,7,0,1,1,1,1,0.0
202300042581,155 605 115,A01,3,7,0,1,1,15,1,0.0
202300042582,155 605 113,B01,1,2,0,2,1,1,1,0.0
202300042582,155 605 116,A01,1,7,0,2,5,15,1,0.0
202300042583,155 605 114,B01,2,7,0,2,4,26,1,0.0
202300042583,155 605 117,A01,2,10,0,2,1,26,1,0.0
202300042584,155 605 109,A01,1,7,0,2,0,0,1,0.0
202300042584,155 605 112,B01,1,7,0,2,0,0,1,0.0
202300042585,155 605 108,A01,1,7,0,2,3,1,1,0.0
202300042585,155 605 111,B01,2,7,0,2,3,21,1,0.0
202300042586,155 605 105,C01,0,37,0,2,1,15,0,1.0
202300042586,155 605 107,B01,3,7,0,2,1,15,0,0.0
202300042586,155 605 110,A01,3,50,0,2,1,17,3,0.0
202300042587,155 605 102,A01,2,33,2,2,2,17,1,0.0
202300042587,155 605 104,B01,2,7,0,2,3,17,1,0.0
202300042588,155 605 103,B01,-1,0,-1,2,3,20,-1,0.0
202300042588,155 605 106,A01,2,31,0,2,7,1,1,0.0
202300042589,155 605 101,A01,1,7,8,0,2,1,1,0.0
202300042590,155 605 097,B01,2,1,0,2,8,21,5,0.0
202300042590,155 605 098,A01,2,10,0,2,1,19,1,0.0
202300042591,155 605 095,B01,3,1,0,2,6,13,5,0.0
202300042591,155 605 096,A01,3,7,0,0,3,15,1,0.0
202300042592,155 605 094,A01,1,7,13,0,1,1,1,0.0
202300042593,155 605 092,A01,2,7,13,0,3,2,1,0.0
202300042594,155 605 099,A01,2,7,0,2,1,1,6,0.0
202300042594,155 605 100,B01,2,34,16,0,4,1,6,0.0
202300042595,155 605 093,A01,1,7,0,1,1,1,1,0.0
202300042596,155 605 090,B01,1,7,0,2,8,1,1,0.0
202300042596,155 605 091,A01,1,2,0,2,1,9,1,0.0
202300042597,155 605 089,A01,1,1,7,0,2,15,5,0.0
202300042598,155 605 087,A01,3,33,0,0,9,13,1,0.0
202300042599,155 605 088,A01,1,10,0,1,1,15,1,0.0
202300042600,155 605 086,A01,3,2,8,0,1,0,1,0.0
202300042601,155 605 082,A01,2,7,0,2,3,19,1,0.0
202300042601,155 605 083,B01,2,2,0,2,1,1,1,0.0
202300042602,155 605 084,B01,1,60,9,0,0,0,5,0.0
202300042602,155 605 085,A01,1,3,5,0,5,16,0,0.0
202300042603,155 605 080,A01,0,7,0,2,3,20,1,0.0
202300042603,155 605 081,B01,3,2,0,2,1,1,1,0.0
202300042604,155 605 077,A01,1,7,0,2,1,1,0,0.0
202300042604,155 605 078,B01,1,80,0,0,7,1,3,0.0
202300042605,155 605 075,A01,1,7,1,2,3,2,1,0.0
202300042605,155 605 076,B01,0,7,1,2,5,2,1,0.0
202300042605,155 605 079,C01,0,7,0,2,5,24,1,0.0
202300042606,155 605 073,B01,1,10,0,2,3,19,1,0.0
202300042606,155 605 074,A01,2,7,0,2,2,1,1,0.0
202300042607,155 605 071,A01,2,7,0,2,1,5,1,0.0
202300042607,155 605 072,B01,1,7,0,2,1,1,1,0.0
202300042608,155 605 068,B01,3,7,0,2,3,1,1,0.0
202300042608,155 605 070,A01,3,7,0,2,5,1,1,0.0
202300042609,155 605 065,B01,1,38,16,2,3,1,1,17.0
202300042609,155 605 069,A01,1,7,4,2,2,9,1,0.0
202300042610,155 605 066,B01,0,32,0,2,1,1,1,0.0
202300042610,155 605 067,A01,3,7,0,2,2,10,1,0.0
202300042611,155 605 064,A01,3,7,0,1,1,1,1,0.0
202300042612,155 605 061,A01,3,7,0,0,1,1,1,0.0
202300042613,155 605 062,A01,2,7,0,2,2,1,1,0.0
202300042613,155 605 063,B01,2,80,0,2,6,1,3,0.0
202300042614,155 605 060,A01,1,33,12,0,2,1,1,0.0
202300042615,155 605 057,A01,1,7,2,0,1,1,1,0.0
202300042616,155 605 053,A01,1,7,0,2,3,13,1,0.0
202300042616,155 605 055,B01,2,15,0,2,3,1,1,0.0
202300042617,155 605 054,B01,2,15,0,2,8,1,1,0.0
202300042617,155 605 056,C01,2,7,0,2,4,1,1,0.0
202300042617,155 605 058,D01,2,7,0,2,1,1,1,0.0
202300042617,155 605 059,A01,2,7,3,2,1,1,1,0.0
202300042618,155 605 052,A01,2,7,0,1,4,4,1,0.0
202300042619,155 605 050,A01,1,10,1,0,1,1,0,0.0
202300042620,155 605 049,B01,1,7,0,2,1,1,1,0.0
202300042620,155 605 051,A01,2,7,3,2,1,13,1,0.0
202300042621,155 605 048,A01,1,10,0,1,2,19,1,0.0
202300042622,155 605 046,B01,3,7,0,2,1,1,1,0.0
202300042622,155 605 047,A01,3,7,0,0,5,15,1,0.0
202300042623,155 605 042,A01,2,7,0,2,5,15,1,0.0
202300042623,155 605 043,B01,1,7,0,2,1,1,1,0.0
202300042624,155 605 040,A01,1,7,0,2,3,1,2,0.0
202300042624,155 605 041,B01,2,33,0,2,3,17,1,0.0
202300042625,155 605 039,A01,2,33,12,0,1,1,1,0.0
202300042626,155 605 044,A01,1,33,0,2,1,13,1,0.0
202300042626,155 605 045,B01,2,7,0,2,1,1,1,0.0
202300042627,155 605 038,A01,1,33,14,0,1,1,1,0.0
202300042628,155 605 036,A01,2,7,0,2,6,11,1,0.0
202300042628,155 605 037,B01,2,33,0,0,9,17,0,0.0
202300042629,155 605 033,A01,1,2,0,2,0,16,1,0.0
202300042629,155 605 034,B01,2,7,0,2,8,1,1,0.0
202300042630,155 605 035,A01,3,33,0,0,0,1,1,0.0
202300042631,155 605 032,A01,0,7,0,1,3,26,1,0.0
202300042632,155 605 030,B01,2,31,14,0,1,1,1,0.0
202300042632,155 605 031,A01,1,33,3,2,9,1,1,0.0
202300042633,155 605 029,A01,1,33,0,2,3,0,1,0.0
202300042634,155 605 026,A01,2,10,0,2,1,11,1,0.0
202300042634,155 605 027,B01,2,7,0,2,4,1,1,0.0
202300042635,155 605 025,A01,2,10,5,0,1,0,1,0.0
202300042636,155 605 028,A01,1,10,1,1,2,1,0,0.0
202300042637,155 605 023,A01,1,33,0,2,1,21,1,0.0
202300042637,155 605 024,B01,1,7,0,2,4,1,1,0.0
202300042638,155 605 021,A01,1,7,0,2,1,2,1,0.0
202300042638,155 605 022,B01,1,7,0,2,4,2,1,0.0
202300042639,155 605 018,A01,1,7,0,2,4,2,1,0.0
202300042639,155 605 019,B01,1,10,0,2,1,2,1,0.0
202300042639,155 605 020,C01,1,14,0,2,1,2,1,0.0
202300042640,155 605 015,A01,1,7,0,2,1,1,1,0.0
202300042640,155 605 016,B01,1,7,0,2,4,2,1,0.0
202300042641,155 605 013,A01,2,10,0,2,6,11,1,0.0
202300042641,155 605 014,B01,2,33,0,2,1,3,1,0.0
202300042642,155 605 011,B01,1,7,0,2,7,12,1,0.0
202300042642,155 605 012,A01,1,33,0,2,3,3,1,0.0
202300042643,155 605 010,A01,3,7,0,2,2,15,1,0.0
202300042643,155 605 017,B01,1,7,0,2,1,1,1,0.0
202300042644,155 605 008,A01,2,33,0,2,1,3,1,0.0
202300042644,155 605 009,B01,2,7,0,2,6,11,1,0.0
202300042645,155 605 006,A01,2,33,0,2,1,3,1,0.0
202300042645,155 605 007,B01,2,7,0,2,6,11,1,0.0
202300042646,155 605 000,B01,2,7,0,2,4,12,1,0.0
202300042646,155 605 001,A01,2,33,0,2,1,3,1,0.0
202300042647,155 604 998,A01,1,7,0,2,7,12,1,0.0
202300042647,155 604 999,B01,1,43,0,2,8,3,1,0.0
202300042648,155 604 995,A01,1,7,0,2,4,1,1,0.0
202300042648,155 604 996,B01,1,7,0,2,1,1,1,0.0
202300042649,155 604 997,A01,2,7,0,2,1,1,1,0.0
202300042649,155 605 005,B01,1,7,0,2,3,13,1,0.0
202300042650,155 604 994,A01,1,43,0,2,1,3,1,0.0
202300042651,155 604 989,A01,1,10,0,2,1,2,1,0.0
202300042651,155 604 990,B01,1,7,0,2,4,2,2,0.0
202300042651,155 604 991,C01,1,7,0,2,4,2,1,0.0
202300042651,155 604 993,D01,1,7,0,2,4,2,1,0.0
202300042652,155 604 992,A01,1,7,2,0,8,1,1,0.0
202300042653,155 604 987,A01,1,16,0,2,3,13,1,0.0
202300042653,155 604 988,B01,1,10,0,2,2,1,1,0.0
202300042654,155 604 985,B01,2,10,0,2,1,0,-1,0.0
202300042654,155 604 986,A01,2,7,0,2,4,2,1,0.0
202300042655,155 604 983,A01,1,7,0,2,3,0,1,0.0
202300042655,155 604 984,B01,1,15,0,2,2,14,1,0.0
202300042656,155 604 979,A01,1,33,0,2,0,12,1,0.0
202300042656,155 604 980,B01,1,14,0,2,8,2,1,0.0
202300042656,155 604 981,C01,1,7,0,2,6,2,1,0.0
202300042657,155 604 978,A01,2,7,0,2,1,1,1,0.0
202300042657,155 604 982,B01,1,10,0,2,1,1,1,0.0
202300042658,155 604 972,A01,1,10,0,2,1,2,1,0.0
202300042658,155 604 973,B01,1,7,0,2,4,2,1,0.0
202300042658,155 604 974,C01,1,7,0,2,4,1,1,0.0
202300042658,155 604 975,D01,2,7,0,2,4,0,0,0.0
202300042658,155 604 976,E01,2,7,0,2,4,2,0,0.0
202300042658,155 604 977,F01,2,7,0,2,4,2,0,0.0
202300042659,155 604 970,A01,2,33,0,2,7,3,1,0.0
202300042659,155 604 971,B01,2,7,0,2,8,11,1,0.0
202300042660,155 604 969,A01,1,7,4,0,1,2,1,0.0
202300042661,155 604 966,B01,2,7,0,2,1,2,1,0.0
202300042661,155 604 967,A01,2,7,0,2,4,1,1,0.0
202300042662,155 604 964,A01,2,33,0,2,1,3,1,0.0
202300042662,155 604 965,B01,2,10,0,2,8,11,1,0.0
202300042663,155 604 962,A01,3,7,0,2,3,1,1,0.0
202300042663,155 604 963,B01,3,2,0,2,1,1,1,0.0
202300042664,155 604 960,A01,1,14,0,1,1,26,1,0.0
202300042665,155 604 958,B01,3,7,0,2,3,13,1,0.0
202300042665,155 604 959,A01,0,7,0,2,3,13,1,0.0
202300042666,155 604 956,A01,2,21,0,2,1,1,1,0.0
202300042666,155 604 957,B01,1,10,0,2,8,15,1,0.0
202300042667,155 604 954,A01,1,7,0,2,4,1,1,0.0
202300042667,155 604 955,B01,1,7,0,2,1,1,1,0.0
202300042668,155 604 961,A01,1,2,0,2,1,1,1,0.0
202300042668,155 604 968,B01,3,7,0,2,6,15,1,0.0
202300042669,155 604 951,A01,2,7,3,0,0,0,1,0.0
202300042669,155 604 952,B01,2,10,0,9,1,1,1,0.0
202300042669,155 604 953,C01,1,7,3,0,1,1,1,0.0
202300042670,155 604 947,B01,1,7,0,2,4,2,1,0.0
202300042670,155 604 948,C01,1,7,0,2,1,2,1,0.0
202300042670,155 604 950,A01,1,7,0,0,4,2,1,0.0
202300042671,155 604 946,A01,1,99,6,0,2,14,1,0.0
202300042672,155 604 945,A01,1,7,8,0,1,2,0,0.0
202300042673,155 604 943,A01,3,7,15,2,2,26,1,0.0
202300042673,155 604 944,B01,3,50,0,2,8,0,3,0.0
202300042674,155 604 949,A01,1,7,13,0,1,17,1,0.0
202300042675,155 604 941,A01,2,32,0,2,3,7,1,0.0
202300042675,155 604 942,B01,2,7,0,2,2,16,1,0.0
202300042676,155 604 939,A01,2,7,0,1,1,1,1,0.0
202300042677,155 604 937,A01,2,31,0,2,1,5,1,0.0
202300042677,155 604 938,B01,1,7,0,2,1,1,1,0.0
202300042678,155 604 935,A01,1,7,14,2,2,1,1,0.0
202300042678,155 604 936,B01,1,1,0,2,4,23,5,0.0
202300042679,155 604 940,A01,1,7,3,0,9,13,0,0.0
202300042680,155 604 932,A01,0,10,0,2,1,26,1,0.0
202300042680,155 604 933,C01,3,7,0,2,1,1,1,0.0
202300042680,155 604 934,B01,0,33,0,2,8,1,1,0.0
202300042681,155 604 930,A01,2,7,0,2,4,1,1,0.0
202300042681,155 604 931,B01,2,7,0,2,1,1,1,0.0
202300042682,155 604 928,B01,1,7,0,2,3,13,1,0.0
202300042682,155 604 929,A01,1,99,0,2,5,26,1,0.0
202300042683,155 604 925,C01,1,7,0,2,1,1,1,0.0
202300042683,155 604 926,B01,1,30,0,0,0,0,0,0.0
202300042683,155 604 927,A01,2,7,0,2,1,13,1,0.0
202300042684,155 604 923,A01,1,10,14,2,3,2,0,0.0
202300042684,155 604 924,B01,1,99,14,2,1,1,6,0.0
202300042685,155 604 922,A01,1,7,0,1,2,1,2,0.0
202300042686,155 604 921,A01,2,7,0,0,3,1,1,0.0
202300042687,155 604 918,A01,-1,7,12,0,9,1,1,0.0
202300042688,155 604 917,A01,2,7,0,2,1,1,1,0.0
202300042688,155 604 919,B01,2,7,0,2,6,19,1,0.0
202300042689,155 604 916,A01,1,7,0,0,0,1,1,0.0
202300042690,155 604 912,A01,3,10,0,2,3,19,1,0.0
202300042690,155 604 915,B01,3,33,0,2,8,1,1,0.0
202300042691,155 604 911,A01,3,15,13,2,3,21,1,0.0
202300042691,155 604 913,B01,3,7,13,2,1,13,1,0.0
202300042692,155 604 910,A01,3,7,0,2,1,5,2,0.0
202300042692,155 604 914,B01,3,7,0,2,1,1,1,0.0
202300042693,155 604 906,A01,2,7,0,2,3,15,1,0.0
202300042693,155 604 909,B01,1,7,0,2,3,1,1,0.0
202300042694,155 604 905,B01,1,7,7,2,1,1,1,0.0
202300042694,155 604 908,A01,1,7,0,2,8,15,1,0.0
202300042695,155 604 904,B01,2,7,0,2,1,1,1,0.0
202300042695,155 604 907,A01,2,10,0,0,2,15,1,0.0
202300042696,155 604 902,A01,2,7,0,2,1,15,1,0.0
202300042696,155 604 903,B01,1,43,0,2,1,1,1,0.0
202300042697,155 604 900,A01,2,7,0,2,3,13,1,0.0
202300042697,155 604 901,B01,1,33,0,2,3,0,1,0.0
202300042698,155 604 898,Z01,0,10,0,1,2,25,1,0.0
202300042699,155 604 897,B01,1,7,0,2,4,23,1,0.0
202300042699,155 604 899,A01,1,33,1,2,1,1,2,0.0
202300042700,155 604 896,A01,2,7,0,1,3,1,1,0.0
202300042701,155 604 894,A01,1,7,6,0,3,14,1,0.0
202300042702,155 604 895,A01,1,7,0,1,3,15,1,0.0
202300042703,155 604 893,A01,1,7,0,1,1,11,1,0.0
202300042704,155 604 892,A01,1,7,8,0,1,1,1,0.0
202300042705,155 604 891,A01,3,7,6,1,1,1,1,0.0
202300042706,155 604 887,A01,1,7,0,2,1,15,1,0.0
202300042706,155 604 889,B01,2,2,0,2,1,1,1,0.0
202300042707,155 604 886,A01,3,7,15,0,1,1,1,0.0
202300042708,155 604 884,A01,1,7,13,0,1,1,1,0.0
202300042709,155 604 880,A01,0,7,0,2,3,5,1,0.0
202300042709,155 604 882,B01,0,33,0,2,1,1,1,0.0
202300042710,155 604 881,A01,1,7,0,2,1,13,1,0.0
202300042710,155 604 883,B01,2,7,0,2,1,1,1,0.0
202300042711,155 604 879,A01,2,7,15,0,1,1,1,0.0
202300042712,155 604 875,B01,3,50,0,2,0,0,3,0.0
202300042712,155 604 878,A01,3,37,0,2,7,1,3,1.0
202300042713,155 604 874,A01,1,10,0,2,1,2,1,0.0
202300042713,155 604 877,B01,1,17,0,0,4,1,1,0.0
202300042714,155 604 873,B01,2,10,0,2,1,1,1,0.0
202300042714,155 604 876,A01,2,2,15,9,8,1,1,0.0
202300042715,155 604 872,A01,1,32,0,0,7,1,1,0.0
202300042716,155 604 869,A01,2,33,0,2,1,12,1,0.0
202300042716,155 604 871,B01,2,17,0,0,4,1,1,0.0
202300042717,155 604 866,A01,1,7,0,2,1,2,1,0.0
202300042717,155 604 867,C01,1,7,0,0,4,2,1,0.0
202300042717,155 604 868,B01,1,7,0,2,4,2,1,0.0
202300042718,155 604 865,B01,2,7,0,2,3,1,1,0.0
202300042718,155 604 870,A01,1,7,0,2,2,1,1,0.0
202300042719,155 604 864,A01,1,7,4,0,1,1,1,0.0
202300042720,155 604 860,A01,3,33,0,2,7,17,1,0.0
202300042720,155 604 863,B01,3,7,0,2,8,20,1,0.0
202300042721,155 604 858,A01,2,32,0,2,4,1,1,0.0
202300042721,155 604 861,B01,2,7,0,2,5,12,1,0.0
202300042722,155 604 856,A01,2,7,2,0,1,1,1,0.0
202300042723,155 604 857,C01,2,7,0,2,1,26,0,0.0
202300042723,155 604 859,B01,2,0,0,2,6,26,0,0.0
202300042723,155 604 862,A01,2,33,3,0,2,17,1,0.0
202300042724,155 604 854,A01,3,7,6,0,1,14,1,0.0
202300042725,155 604 853,A01,1,7,0,1,1,11,1,0.0
202300042726,155 604 855,A01,1,32,0,-1,1,1,1,0.0
202300042727,155 604 852,A01,1,7,2,0,0,13,1,0.0
202300042728,155 604 851,A01,2,7,0,2,9,1,1,0.0
202300042729,155 604 850,A01,1,10,0,1,1,15,1,0.0
202300042730,155 604 844,A01,2,7,0,2,2,10,1,0.0
202300042730,155 604 847,B01,1,7,0,2,1,1,1,0.0
202300042731,155 604 845,A01,1,33,0,2,1,2,1,0.0
202300042731,155 604 848,B01,1,7,0,2,4,2,1,0.0
202300042732,155 604 846,B01,0,15,0,2,2,1,1,0.0
202300042732,155 604 849,A01,0,7,0,0,7,9,1,0.0
202300042733,155 604 839,B01,0,7,0,0,3,1,0,0.0
202300042733,155 604 841,A01,0,7,0,2,3,13,0,0.0
202300042734,155 604 836,B01,1,33,0,2,4,2,1,0.0
202300042734,155 604 838,A01,1,10,0,2,1,2,1,0.0
202300042735,155 604 835,A01,2,7,0,2,8,14,1,0.0
202300042735,155 604 837,B01,2,7,0,2,7,1,1,0.0
202300042735,155 604 840,C01,2,7,0,2,7,1,1,0.0
202300042735,155 604 842,D01,2,14,0,2,5,1,1,0.0
202300042736,155 604 834,A01,1,7,6,0,1,0,1,0.0
202300042737,155 604 832,A01,2,7,0,2,2,21,1,0.0
202300042737,155 604 833,B01,2,1,0,2,8,19,5,0.0
202300042738,155 604 830,A01,1,7,0,2,3,1,0,0.0
202300042738,155 604 831,B01,1,10,0,2,5,24,0,0.0
202300042739,155 604 827,A01,1,7,0,2,3,9,1,0.0
202300042739,155 604 828,B01,1,1,0,2,2,16,5,0.0
202300042740,155 604 826,A01,2,10,0,0,7,19,1,0.0
202300042740,155 604 829,B01,2,7,0,2,1,1,1,0.0
202300042741,155 604 825,A01,2,7,4,0,3,1,1,0.0
202300042742,155 604 824,A01,1,7,6,0,1,1,1,0.0
202300042743,155 604 822,A01,2,7,4,0,3,1,1,0.0
202300042744,155 604 820,A01,1,30,0,0,1,1,1,0.0
202300042745,155 604 819,A01,1,7,0,2,3,9,1,0.0
202300042745,155 604 821,B01,1,30,0,2,4,1,1,0.0
202300042745,155 604 823,C01,2,10,0,2,3,1,1,0.0
202300042746,155 604 818,A01,1,31,0,0,7,1,1,0.0
202300042747,155 604 816,A01,2,7,4,2,1,1,1,0.0
202300042748,155 604 813,A01,1,7,0,2,1,13,0,0.0
202300042748,155 604 815,B01,2,7,0,2,1,0,0,0.0
202300042749,155 604 814,B01,2,7,0,2,3,1,1,0.0
202300042749,155 604 817,A01,3,7,9,2,1,15,1,0.0
202300042750,155 604 812,A01,1,7,0,1,2,17,1,0.0
202300042751,155 604 810,A01,1,7,0,1,2,1,1,0.0
202300042752,155 604 809,B01,2,17,0,2,6,1,1,0.0
202300042752,155 604 811,A01,2,7,0,2,2,12,1,0.0
202300042753,155 604 807,A01,3,7,0,2,8,15,1,0.0
202300042753,155 604 808,B01,1,32,0,2,1,1,1,0.0
202300042754,155 604 805,A01,1,7,0,0,3,13,1,0.0
202300042755,155 604 802,B01,2,33,0,2,1,1,1,0.0
202300042755,155 604 804,A01,1,7,0,2,1,13,1,0.0
202300042756,155 604 803,B01,3,7,0,2,1,19,1,0.0
202300042756,155 604 806,A01,3,2,0,2,7,1,1,0.0
202300042757,155 604 800,B01,1,30,0,9,1,26,1,0.0
202300042757,155 604 801,Y01,3,50,0,0,0,0,3,0.0
202300042758,155 604 797,B01,1,7,0,0,0,15,1,0.0
202300042758,155 604 799,A01,2,33,0,0,3,21,1,0.0
202300042759,155 604 798,A01,2,7,2,0,1,0,1,0.0
202300042760,155 604 794,B01,1,7,0,0,0,0,0,0.0
202300042760,155 604 795,A01,1,1,0,0,0,0,5,0.0
202300042761,155 604 792,A01,1,3,16,0,9,1,1,0.0
202300042762,155 604 793,B01,2,7,0,2,2,15,1,0.0
202300042762,155 604 796,A01,1,1,0,2,1,1,5,0.0
202300042763,155 604 790,B01,2,30,0,2,1,2,1,0.0
202300042763,155 604 791,A01,2,7,0,2,5,1,1,0.0
202300042764,155 604 786,B01,2,7,13,2,1,0,1,0.0
202300042764,155 604 789,A01,1,7,0,2,6,1,1,0.0
202300042765,155 604 785,B01,1,30,0,2,1,1,1,0.0
202300042765,155 604 788,A01,3,7,0,2,4,4,1,0.0
202300042766,155 604 784,A01,2,50,0,2,1,1,3,0.0
202300042766,155 604 787,B01,1,7,0,2,3,16,1,0.0
202300042767,155 604 781,A01,1,7,0,2,2,2,1,0.0
202300042767,155 604 783,B01,1,1,0,2,8,1,5,0.0
202300042768,155 604 780,A01,2,7,0,2,1,13,1,0.0
202300042768,155 604 782,B01,1,7,7,2,1,1,1,0.0
202300042769,155 604 778,A01,1,7,15,0,1,14,1,0.0
202300042770,155 604 773,B01,0,50,0,2,1,1,3,0.0
202300042770,155 604 776,A01,0,1,0,2,1,13,5,0.0
202300042771,155 604 772,A01,1,7,0,2,3,15,1,0.0
202300042771,155 604 774,B01,2,7,0,2,3,1,1,0.0
202300042771,155 604 777,C01,1,7,0,2,8,1,1,0.0
202300042771,155 604 779,D01,1,7,0,2,6,1,1,0.0
202300042772,155 604 771,A01,1,7,0,0,7,19,1,0.0
202300042772,155 604 775,B01,1,10,0,0,1,1,1,0.0
202300042773,155 604 770,A01,2,7,2,0,0,1,1,0.0
202300042774,155 604 767,A01,1,99,0,2,4,15,1,0.0
202300042774,155 604 769,B01,1,33,0,2,0,0,1,0.0
202300042775,155 604 765,A01,1,7,0,2,1,1,1,0.0
202300042775,155 604 768,B01,1,2,0,2,7,1,1,0.0
202300042776,155 604 764,B01,2,7,0,2,4,23,1,0.0
202300042776,155 604 766,A01,2,7,0,2,1,2,1,0.0
202300042777,155 604 759,A01,2,7,0,2,3,13,1,0.0
202300042777,155 604 761,B01,2,7,0,2,8,1,1,0.0
202300042778,155 604 758,A01,1,7,0,2,3,1,1,0.0
202300042778,155 604 762,B01,2,7,0,2,3,1,1,0.0
202300042779,155 604 755,A01,1,0,1,0,1,1,0,0.0
202300042779,155 604 757,B01,1,7,0,2,4,24,1,0.0
202300042780,155 604 753,A01,1,7,0,1,1,9,1,0.0
202300042781,155 604 751,B01,0,2,0,2,7,1,1,0.0
202300042781,155 604 752,A01,0,7,0,2,1,15,1,0.0
202300042782,155 604 744,A01,3,7,14,0,1,1,1,0.0
202300042782,155 604 746,B01,3,7,0,2,4,23,1,0.0
202300042782,155 604 748,C01,3,7,0,2,4,23,3,0.0
202300042782,155 604 749,D01,3,15,0,2,5,23,1,0.0
202300042783,155 604 742,A01,3,7,0,2,1,2,1,0.0
202300042783,155 604 747,B01,3,7,0,2,4,2,1,0.0
202300042784,155 604 743,C01,2,7,0,2,6,1,1,0.0
202300042784,155 604 745,B01,1,7,0,2,3,1,1,0.0
202300042784,155 604 750,A01,2,7,0,2,8,13,1,0.0
202300042785,155 604 739,A01,1,10,2,0,3,1,0,0.0
202300042786,155 604 736,A01,2,7,0,2,3,16,1,0.0
202300042786,155 604 738,B01,1,7,0,2,2,0,1,0.0
202300042787,155 604 735,A01,2,7,0,2,3,19,1,0.0
202300042787,155 604 737,B01,1,1,0,2,1,19,5,0.0
202300042788,155 604 734,A01,1,7,0,1,1,0,1,0.0
202300042789,155 604 732,A01,1,7,6,0,1,1,1,0.0
202300042790,155 604 730,A01,2,10,0,2,1,13,1,0.0
202300042790,155 604 733,B01,2,7,0,2,3,0,1,0.0
202300042791,155 604 727,B01,3,2,0,2,4,2,1,0.0
202300042791,155 604 728,A01,3,7,0,2,2,2,1,0.0
202300042792,155 604 723,A01,3,33,0,2,1,2,1,0.0
202300042792,155 604 724,B01,3,7,0,2,4,2,1,0.0
202300042793,155 604 720,A01,1,7,0,1,1,1,1,0.0
202300042794,155 604 722,B01,1,10,0,0,3,2,1,0.0
202300042794,155 604 726,A01,1,10,0,0,2,9,1,0.0
202300042795,155 604 719,B01,1,7,0,2,1,2,1,0.0
202300042795,155 604 721,A01,1,7,0,2,4,2,1,0.0
202300042796,155 604 715,A01,3,33,0,2,3,13,1,0.0
202300042796,155 604 717,B01,3,7,0,2,8,1,1,0.0
202300042797,155 604 713,B01,2,10,0,2,1,2,1,0.0
202300042797,155 604 716,A01,2,32,0,2,4,2,1,0.0
202300042798,155 604 712,A01,3,1,0,9,2,25,5,0.0
202300042798,155 604 714,B01,3,50,0,2,3,26,3,0.0
202300042799,155 604 707,A01,1,7,0,2,3,2,1,0.0
202300042799,155 604 710,B01,1,1,0,2,4,2,5,0.0
202300042800,155 604 709,A01,1,7,15,0,1,1,1,0.0
202300042801,155 604 708,A01,1,7,0,2,3,9,1,0.0
202300042801,155 604 711,B01,2,2,0,2,1,17,1,0.0
202300042802,155 604 705,A01,3,7,0,2,3,1,1,0.0
202300042802,155 604 706,B01,3,7,0,2,3,1,1,0.0
202300042803,155 604 702,A01,3,7,0,2,4,1,1,0.0
202300042803,155 604 704,B01,3,7,0,2,1,1,1,0.0
202300042804,155 604 701,A01,3,7,0,2,2,26,1,0.0
202300042804,155 604 703,B01,3,31,0,2,2,1,3,0.0
202300042805,155 604 696,A01,1,7,5,0,9,1,1,0.0
202300042806,155 604 695,A01,1,15,0,2,1,1,1,0.0
202300042806,155 604 697,B01,1,7,0,2,4,23,1,0.0
202300042806,155 604 698,C01,1,7,0,2,4,23,1,0.0
202300042806,155 604 699,D01,1,7,0,2,4,23,2,0.0
202300042806,155 604 700,E01,1,7,0,2,4,23,1,0.0
202300042807,155 604 694,A01,0,7,0,1,2,9,1,0.0
202300042808,155 604 691,A01,2,7,0,2,0,0,1,0.0
202300042808,155 604 693,B01,1,2,0,2,1,1,1,0.0
202300042809,155 604 686,A01,0,7,0,1,1,1,1,0.0
202300042810,155 604 687,B01,1,33,0,2,1,1,1,0.0
202300042810,155 604 689,A01,1,10,0,2,6,15,1,0.0
202300042811,155 604 688,A01,2,7,0,2,2,1,1,0.0
202300042811,155 604 690,C01,2,17,0,2,8,1,1,0.0
202300042811,155 604 692,B01,2,7,0,2,8,0,1,0.0
202300042812,155 604 685,A01,3,7,1,1,2,15,0,0.0
202300042813,155 604 682,A01,1,7,0,2,1,2,2,0.0
202300042813,155 604 683,B01,1,33,0,2,4,2,1,0.0
202300042814,155 604 680,A01,2,34,0,1,1,26,1,0.0
202300042814,155 604 681,B01,1,7,0,2,1,1,1,0.0
202300042815,155 604 679,B01,3,7,0,2,3,1,1,0.0
202300042815,155 604 684,A01,1,7,0,2,6,1,1,0.0
202300042816,155 604 674,A01,1,7,0,2,1,2,1,0.0
202300042816,155 604 676,B01,1,7,0,2,4,2,1,0.0
202300042816,155 604 677,C01,1,7,0,2,4,2,1,0.0
202300042817,155 604 675,A01,1,7,0,2,1,1,1,0.0
202300042817,155 604 678,B01,1,7,0,2,4,2,1,0.0
202300042818,155 604 669,A01,1,7,0,2,8,9,1,0.0
202300042818,155 604 672,B01,1,1,0,2,1,1,5,0.0
202300042819,155 604 671,A01,2,1,0,2,1,5,5,0.0
202300042819,155 604 673,B01,2,7,0,2,2,1,5,0.0
202300042820,155 604 668,A01,2,7,6,0,1,1,1,0.0
202300042821,155 604 667,A01,1,7,0,2,1,1,1,0.0