num_acc,id_vehicule,num_veh,senc,catv,obs,obsm,choc,manv,motor,occutc
202300043067,155 604 210,A01,2,7,0,0,6,1,1,0.0
202300043067,155 604 211,B01,2,7,0,2,1,13,1,0.0
202300043067,155 604 212,C01,1,10,0,2,1,1,1,0.0
202300043068,155 604 207,A01,2,7,13,0,9,13,1,0.0
202300043069,155 604 205,A01,3,7,0,1,1,1,1,0.0
202300043070,155 604 203,A01,2,7,0,2,7,1,1,0.0
202300043070,155 604 204,B01,2,14,0,2,3,13,1,0.0
202300043071,155 604 202,A01,1,7,8,0,1,14,1,0.0
202300043072,155 604 200,A01,1,7,0,2,4,2,1,0.0
202300043072,155 604 201,B01,1,33,0,2,1,2,1,0.0
202300043073,155 604 197,A01,1,7,0,2,3,9,1,0.0
202300043073,155 604 199,B01,2,80,0,2,5,1,3,0.0
202300043074,155 604 198,A01,1,34,3,0,7,14,1,0.0
202300043075,155 604 196,A01,2,7,0,1,1,1,1,0.0
202300043076,155 604 194,A01,1,7,0,2,8,1,1,0.0
202300043076,155 604 195,B01,1,7,0,2,8,1,1,0.0
202300043077,155 604 193,A01,2,7,13,0,9,14,1,0.0
202300043078,155 604 191,A01,2,7,0,1,1,1,1,0.0
202300043079,155 604 190,B01,1,7,0,2,6,1,1,0.0
202300043079,155 604 192,A01,1,17,0,2,2,12,1,0.0
202300043080,155 604 186,A01,1,7,0,2,1,2,1,0.0
202300043080,155 604 187,B01,1,31,0,2,4,23,1,0.0
202300043081,155 604 178,A01,2,10,0,2,4,1,1,0.0
202300043081,155 604 180,B01,2,7,0,2,1,1,1,0.0
202300043081,155 604 182,C01,2,7,0,2,1,1,1,0.0
202300043081,155 604 183,D01,2,7,0,2,1,1,1,0.0
202300043082,155 604 173,A01,2,7,0,2,1,0,1,0.0
202300043082,155 604 174,B01,2,7,0,2,4,26,3,0.0
202300043082,155 604 175,C01,2,7,0,2,1,0,1,0.0
202300043083,155 604 172,A01,1,33,4,0,3,1,1,0.0
202300043084,155 604 169,B01,1,42,0,2,8,3,1,0.0
202300043084,155 604 170,A01,1,7,0,2,7,12,1,0.0
202300043085,155 604 168,B01,2,7,0,2,6,1,1,0.0
202300043085,155 604 171,A01,2,7,0,2,2,1,1,0.0
202300043086,155 604 164,A01,1,33,0,2,1,0,1,0.0
202300043086,155 604 166,B01,1,7,0,2,5,12,1,0.0
202300043087,155 604 163,C01,3,7,0,2,4,23,1,0.0
202300043087,155 604 165,B01,3,7,0,2,9,23,1,0.0
202300043087,155 604 167,A01,3,7,0,2,1,1,1,0.0
202300043088,155 604 162,A01,2,33,0,1,1,13,1,0.0
202300043089,155 604 160,A01,3,7,0,2,5,16,1,0.0
202300043089,155 604 161,B01,3,50,0,2,9,1,3,0.0
202300043090,155 604 159,A01,3,7,0,1,2,26,1,0.0
202300043091,155 604 156,B01,2,7,0,2,1,1,1,0.0
202300043091,155 604 158,A01,1,7,0,2,2,15,1,0.0
202300043092,155 604 155,A01,1,32,0,2,1,1,1,0.0
202300043092,155 604 157,B01,2,7,0,2,1,13,1,0.0
202300043093,155 604 152,A01,1,10,0,9,1,1,1,0.0
202300043093,155 604 154,B01,1,50,0,2,1,1,3,0.0
202300043094,155 604 151,B01,3,2,0,2,1,1,1,0.0
202300043094,155 604 153,A01,3,7,0,2,7,15,1,0.0
202300043095,155 604 148,A01,1,2,0,2,7,17,1,0.0
202300043095,155 604 149,B01,2,7,0,2,8,16,1,0.0
202300043096,155 604 147,B01,2,1,0,2,0,1,5,0.0
202300043096,155 604 150,A01,1,7,0,2,3,15,1,0.0
202300043097,155 604 146,A01,1,7,0,1,2,1,1,0.0
202300043098,155 604 144,A01,3,10,0,2,2,16,1,0.0
202300043098,155 604 145,B01,3,1,0,2,7,1,5,0.0
202300043099,155 604 143,A01,1,30,0,0,1,1,1,0.0
202300043100,155 604 140,A01,1,1,0,2,7,1,5,0.0
202300043100,155 604 141,B01,2,7,0,2,3,1,1,0.0
202300043101,155 604 139,B01,3,7,0,2,1,2,1,0.0
202300043101,155 604 142,A01,3,10,0,2,2,15,1,0.0
202300043102,155 604 138,A01,2,7,8,0,1,21,1,0.0
202300043103,155 604 137,A01,2,10,0,1,4,26,1,0.0
202300043104,155 604 136,A01,2,32,12,0,1,1,1,0.0
202300043105,155 604 133,A01,1,7,0,2,3,17,1,0.0
202300043105,155 604 134,B01,1,80,0,2,3,2,3,0.0
202300043105,155 604 135,C01,2,14,0,2,3,1,1,0.0
202300043106,155 604 131,A01,1,2,0,2,1,2,1,0.0
202300043106,155 604 132,B01,1,7,0,2,6,15,1,0.0
202300043107,155 604 130,A01,1,7,8,1,2,1,1,0.0
202300043108,155 604 128,A01,3,7,0,2,2,15,0,0.0
202300043108,155 604 129,B01,1,7,0,2,1,1,0,0.0
202300043109,155 604 127,Z01,1,7,0,1,0,1,1,0.0
202300043110,155 604 126,A01,2,31,11,0,8,1,1,0.0
202300043111,155 604 124,A01,3,10,0,2,2,2,1,0.0
202300043111,155 604 125,B01,3,1,0,2,4,0,5,0.0
202300043112,155 604 121,A01,3,7,0,2,1,1,1,0.0
202300043112,155 604 122,B01,0,3,0,2,1,1,1,0.0
202300043113,155 604 119,A01,3,7,0,2,7,15,1,0.0
202300043113,155 604 120,B01,3,15,0,0,0,0,1,0.0
202300043114,155 604 118,A01,1,33,1,0,1,26,1,0.0
202300043115,155 604 117,A01,0,3,12,0,0,14,1,0.0
202300043116,155 604 115,A01,0,31,16,2,4,23,1,0.0
202300043116,155 604 116,B01,0,0,0,2,0,0,0,0.0
202300043117,155 604 113,B01,0,80,0,2,1,19,3,0.0
202300043117,155 604 114,A01,0,10,0,2,7,9,1,0.0
202300043118,155 604 111,B01,2,2,0,2,1,1,1,0.0
202300043118,155 604 112,A01,3,7,0,2,3,15,2,0.0
202300043119,155 604 109,A01,2,7,0,2,2,1,1,0.0
202300043119,155 604 110,B01,1,7,0,2,1,1,1,0.0
202300043120,155 604 107,B01,3,7,0,2,9,1,0,0.0
202300043120,155 604 108,A01,3,7,0,2,1,1,0,0.0
202300043121,155 604 105,A01,3,37,0,2,1,1,1,1.0
202300043121,155 604 106,B01,3,14,0,2,7,1,1,0.0
202300043122,155 604 103,A01,3,1,0,2,1,1,5,0.0
202300043122,155 604 104,B01,3,7,0,2,2,9,1,0.0
202300043123,155 604 101,A01,2,30,0,2,1,1,1,0.0
202300043123,155 604 102,B01,2,7,0,2,4,1,1,0.0
202300043124,155 604 099,A01,0,7,0,2,3,11,1,0.0
202300043124,155 604 100,B01,0,50,0,2,1,1,3,0.0
202300043125,155 604 098,A01,2,7,0,1,1,1,1,0.0
202300043126,155 604 096,B01,3,7,6,0,5,9,1,0.0
202300043126,155 604 097,A01,1,7,0,2,1,1,1,0.0
202300043127,155 604 094,A01,2,7,0,2,2,1,1,0.0
202300043127,155 604 095,B01,1,1,0,2,9,1,5,0.0
202300043128,155 604 093,A01,1,7,0,1,1,1,1,0.0
202300043129,155 604 091,B01,1,7,0,2,7,26,1,0.0
202300043129,155 604 092,A01,1,1,0,2,1,25,5,0.0
202300043130,155 604 089,A01,1,1,0,2,1,19,5,0.0
202300043130,155 604 090,B01,2,7,0,9,2,1,0,0.0
202300043131,155 604 087,A01,0,99,0,2,0,1,1,0.0
202300043131,155 604 088,B01,0,1,0,2,1,1,5,0.0
202300043132,155 604 085,A01,3,10,0,2,2,15,1,0.0
202300043132,155 604 086,B01,3,1,0,2,0,0,5,0.0
202300043133,155 604 083,A01,2,1,0,2,1,1,5,0.0
202300043133,155 604 084,B01,2,7,0,2,3,20,1,0.0
202300043134,155 604 081,A01,2,33,1,0,1,1,1,0.0
202300043134,155 604 082,B01,1,33,0,2,4,23,1,0.0
202300043135,155 604 079,A01,1,15,0,2,7,17,1,0.0
202300043135,155 604 080,B01,1,2,13,2,8,1,1,0.0
202300043136,155 604 077,B01,2,7,0,2,1,1,1,0.0
202300043136,155 604 078,A01,1,7,0,2,1,15,1,0.0
202300043137,155 604 075,B01,2,7,0,2,1,1,1,0.0
202300043137,155 604 076,A01,1,2,0,2,7,16,1,0.0
202300043138,155 604 074,A01,1,7,6,9,1,26,1,0.0
202300043139,155 604 072,A01,1,10,0,2,3,13,1,0.0
202300043139,155 604 073,B01,2,2,0,2,1,1,1,0.0
202300043140,155 604 071,A01,2,33,3,0,2,1,1,0.0
202300043141,155 604 070,A01,1,2,0,0,3,15,1,0.0
202300043142,155 604 068,A01,1,10,0,2,1,1,1,0.0
202300043142,155 604 069,B01,2,7,0,2,1,1,1,0.0
202300043143,155 604 065,A01,1,7,0,2,1,1,1,0.0
202300043143,155 604 066,B01,1,7,2,0,6,1,1,0.0
202300043143,155 604 067,C01,2,10,0,2,3,1,1,0.0
202300043144,155 604 064,A01,1,31,15,0,8,1,1,0.0
202300043145,155 604 062,A01,1,7,0,2,4,23,1,0.0
202300043145,155 604 063,B01,1,2,0,2,1,1,1,0.0
202300043146,155 604 060,A01,2,7,0,2,3,13,3,0.0
202300043146,155 604 061,B01,1,7,0,2,2,1,1,0.0
202300043147,155 604 059,A01,3,7,2,0,2,0,1,0.0
202300043148,155 604 058,A01,2,10,0,0,0,1,1,0.0
202300043149,155 604 056,B01,1,7,0,2,1,1,1,0.0
202300043149,155 604 057,A01,1,7,0,2,1,5,1,0.0
202300043150,155 604 055,A01,1,7,14,0,1,0,1,0.0
202300043151,155 604 054,A01,2,34,0,0,1,1,1,0.0
202300043152,155 604 052,A01,2,7,0,2,1,17,1,0.0
202300043152,155 604 053,B01,1,7,0,2,1,1,1,0.0
202300043153,155 604 051,A01,1,10,13,0,1,1,1,0.0
202300043154,155 604 047,C01,1,7,0,2,1,1,0,0.0
202300043154,155 604 048,D01,1,7,0,2,1,1,1,0.0
202300043154,155 604 049,A01,1,7,0,2,0,1,1,0.0
202300043154,155 604 050,B01,2,7,0,2,1,5,1,0.0
202300043155,155 604 045,A01,1,2,0,2,1,1,1,0.0
202300043155,155 604 046,B01,2,14,0,2,3,1,1,0.0
202300043156,155 604 043,A01,2,7,0,2,3,0,1,0.0
202300043156,155 604 044,B01,1,7,0,2,3,0,1,0.0
202300043157,155 604 041,B01,1,10,0,2,3,19,1,0.0
202300043157,155 604 042,A01,1,10,0,2,1,1,1,0.0
202300043158,155 604 039,A01,0,7,0,2,1,9,2,0.0
202300043158,155 604 040,B01,0,33,0,2,1,9,2,0.0
202300043159,155 604 037,A01,2,7,0,2,3,9,1,0.0
202300043159,155 604 038,B01,1,33,0,2,1,19,1,0.0
202300043160,155 604 036,A01,1,7,13,0,2,14,1,0.0
202300043161,155 604 034,B01,1,17,0,2,3,1,1,0.0
202300043161,155 604 035,A01,2,7,0,2,3,13,1,0.0
202300043162,155 604 032,A01,1,10,0,2,2,17,1,0.0
202300043162,155 604 033,B01,1,15,0,0,6,1,1,0.0
202300043163,155 604 030,A01,1,32,1,0,1,5,1,0.0
202300043163,155 604 031,B01,1,7,0,2,2,23,1,0.0
202300043164,155 604 028,A01,2,7,4,2,3,1,1,0.0
202300043164,155 604 029,B01,2,15,0,2,5,12,0,0.0
202300043165,155 604 026,A01,2,33,0,2,1,14,1,0.0
202300043165,155 604 027,B01,2,10,0,0,5,14,1,0.0
202300043166,155 604 024,A01,2,30,0,2,1,1,1,0.0
202300043166,155 604 025,B01,2,7,0,2,1,1,1,0.0
202300043167,155 604 022,A01,1,1,0,2,1,5,5,0.0
202300043167,155 604 023,B01,2,7,0,2,1,1,1,0.0
202300043168,155 604 021,A01,3,7,0,1,0,1,1,0.0
202300043169,155 604 019,B01,2,33,0,2,1,1,1,0.0
202300043169,155 604 020,A01,2,7,0,2,2,19,1,0.0
202300043170,155 604 017,A01,1,7,13,0,3,1,0,0.0
202300043170,155 604 018,B01,2,7,14,0,1,21,0,0.0
202300043171,155 604 016,A01,1,33,9,9,2,1,1,0.0
202300043172,155 604 014,B01,1,7,0,2,5,1,1,0.0
202300043172,155 604 015,A01,1,32,7,2,1,18,1,0.0
202300043173,155 604 013,A01,1,33,13,0,2,13,1,0.0
202300043174,155 604 012,A01,1,33,3,0,2,17,1,0.0
202300043175,155 604 010,A01,2,2,0,2,3,13,1,0.0
202300043175,155 604 011,B01,1,7,0,2,3,1,1,0.0
202300043176,155 604 008,B01,1,7,0,0,1,1,1,0.0
202300043176,155 604 009,A01,2,7,0,0,1,13,1,0.0
202300043177,155 604 007,A01,2,7,0,1,2,1,1,0.0
202300043178,155 604 005,B01,1,31,0,2,8,1,1,0.0
202300043178,155 604 006,A01,2,7,0,2,1,19,1,0.0
202300043179,155 604 003,A01,1,7,0,0,1,16,1,0.0
202300043179,155 604 004,B01,1,33,0,0,7,1,1,0.0
202300043180,155 604 002,A01,1,7,0,1,1,1,1,0.0
202300043181,155 604 001,A01,1,7,6,0,1,1,1,0.0
202300043182,155 604 000,A01,2,7,13,0,9,0,1,0.0
202300043183,155 603 999,A01,2,31,13,0,1,14,1,0.0
202300043184,155 603 996,Z01,1,7,0,2,1,1,0,0.0
202300043184,155 603 997,A01,1,7,0,2,4,1,1,0.0
202300043184,155 603 998,B01,1,7,0,2,4,1,1,0.0
202300043185,155 603 994,B01,1,32,0,2,1,1,1,0.0
202300043185,155 603 995,A01,1,7,0,2,4,1,1,0.0
202300043186,155 603 992,A01,2,33,0,2,1,3,1,0.0
202300043186,155 603 993,B01,2,7,0,2,7,12,1,0.0
202300043187,155 603 990,A01,1,7,0,2,5,12,1,0.0
202300043187,155 603 991,B01,1,17,0,2,8,1,1,0.0
202300043188,155 603 989,A01,2,33,16,0,7,1,1,0.0
202300043189,155 603 987,A01,1,31,0,2,8,3,1,0.0
202300043189,155 603 988,B01,1,7,0,2,5,12,1,0.0
202300043190,155 603 985,A01,2,33,0,2,1,3,1,0.0
202300043190,155 603 986,B01,2,7,0,2,6,1,1,0.0
202300043191,155 603 981,C01,2,7,0,2,1,0,1,0.0
202300043191,155 603 982,D01,2,7,0,2,1,1,1,0.0
202300043191,155 603 983,A01,2,7,0,2,4,1,1,0.0
202300043191,155 603 984,B01,2,10,0,2,1,1,1,0.0
202300043192,155 603 979,B01,1,7,0,2,2,1,1,0.0
202300043192,155 603 980,A01,1,32,0,2,3,3,1,0.0
202300043193,155 603 976,C01,1,10,0,2,5,1,1,0.0
202300043193,155 603 977,B01,1,31,0,2,8,3,1,0.0
202300043193,155 603 978,A01,1,31,0,2,7,11,1,0.0
202300043194,155 603 974,A01,2,7,0,2,4,1,1,0.0
202300043194,155 603 975,B01,2,7,0,2,1,1,1,0.0
202300043195,155 603 971,A01,1,7,0,2,1,0,1,0.0
202300043195,155 603 972,C01,1,7,0,2,4,2,1,0.0
202300043195,155 603 973,B01,1,10,0,2,4,2,1,0.0
202300043196,155 603 968,A01,1,10,0,0,0,5,1,0.0
202300043196,155 603 969,B01,2,7,0,9,1,14,1,0.0
202300043196,155 603 970,C01,2,14,0,2,1,26,1,0.0
202300043197,155 603 967,A01,1,7,14,0,1,2,1,0.0
202300043198,155 603 965,A01,2,7,0,2,1,1,1,0.0
202300043198,155 603 966,B01,2,7,0,2,4,1,1,0.0
202300043199,155 603 963,A01,1,33,0,2,3,11,1,0.0
202300043199,155 603 964,B01,1,33,0,2,7,2,1,0.0
202300043200,155 603 961,B01,2,34,0,2,1,1,1,0.0
202300043200,155 603 962,A01,2,7,0,2,5,12,1,0.0
202300043201,155 603 959,B01,2,7,0,2,5,2,1,0.0
202300043201,155 603 960,A01,2,7,0,2,3,2,1,0.0
202300043202,155 603 957,A01,2,10,0,2,4,11,1,0.0
202300043202,155 603 958,B01,2,33,0,2,1,3,1,0.0
202300043203,155 603 955,A01,2,7,0,2,2,21,1,0.0
202300043203,155 603 956,B01,2,7,0,2,3,1,1,0.0
202300043204,155 603 953,B01,1,10,0,2,2,1,1,0.0
202300043204,155 603 954,A01,1,31,0,2,1,3,1,0.0
202300043205,155 603 952,A01,2,7,0,1,2,9,1,0.0
202300043206,155 603 950,A01,3,7,0,2,2,15,1,0.0
202300043206,155 603 951,B01,3,32,0,2,3,15,1,0.0
202300043207,155 603 949,A01,1,7,0,1,3,1,1,0.0
202300043208,155 603 948,A01,1,7,8,0,1,1,1,0.0
202300043209,155 603 946,A01,1,7,0,2,1,2,1,0.0
202300043209,155 603 947,B01,1,2,0,2,4,2,1,0.0
202300043210,155 603 943,A01,1,7,0,2,1,2,1,0.0
202300043210,155 603 944,B01,1,7,0,2,4,23,1,0.0
202300043210,155 603 945,C01,1,7,0,2,4,15,1,0.0
202300043211,155 603 940,C01,2,7,0,2,0,0,0,0.0
202300043211,155 603 941,B01,0,37,0,2,0,0,0,1.0
202300043211,155 603 942,A01,2,2,0,2,1,3,1,0.0
202300043212,155 603 937,A01,2,7,0,2,1,2,1,0.0
202300043212,155 603 938,B01,2,7,0,2,4,2,1,0.0
202300043212,155 603 939,C01,2,36,0,2,9,2,1,0.0
202300043213,155 603 936,A01,1,30,0,0,8,15,1,0.0
202300043214,155 603 934,B01,1,32,0,2,3,2,1,0.0
202300043214,155 603 935,A01,1,10,0,2,2,2,1,0.0
202300043215,155 603 933,A01,1,33,1,1,1,26,1,0.0
202300043216,155 603 931,B01,1,7,0,2,5,2,1,0.0
202300043216,155 603 932,A01,1,34,0,2,1,2,1,0.0
202300043217,155 603 930,A01,1,7,0,1,1,1,1,0.0
202300043218,155 603 928,A01,1,7,0,2,1,1,2,0.0
202300043218,155 603 929,B01,1,10,0,2,4,1,3,0.0
202300043219,155 603 927,A01,2,31,8,0,1,17,1,0.0
202300043220,155 603 920,A01,1,7,0,2,3,13,1,0.0
202300043220,155 603 921,B01,2,7,0,2,3,21,1,0.0
202300043221,155 603 918,A01,3,7,0,2,1,19,1,0.0
202300043221,155 603 919,B01,3,7,2,2,8,1,1,0.0
202300043222,155 603 915,B01,1,7,0,2,3,1,1,0.0
202300043222,155 603 916,C01,2,7,0,0,1,23,0,0.0
202300043222,155 603 917,A01,1,7,0,2,2,1,0,0.0
202300043223,155 603 913,A01,1,13,0,2,7,14,1,0.0
202300043223,155 603 914,B01,1,7,0,2,8,1,1,0.0
202300043224,155 603 911,B01,2,10,0,2,1,1,1,0.0
202300043224,155 603 912,A01,1,7,0,2,8,6,1,0.0
202300043225,155 603 909,B01,1,7,0,2,3,1,1,0.0
202300043225,155 603 910,A01,2,7,0,2,1,13,1,0.0
202300043226,155 603 907,B01,1,7,0,2,5,13,1,0.0
202300043226,155 603 908,A01,0,30,0,2,0,17,1,0.0
202300043227,155 603 906,A01,0,7,0,1,1,2,1,0.0
202300043228,155 603 904,A01,2,37,0,2,2,15,1,1.0
202300043228,155 603 905,B01,2,7,0,2,3,1,1,0.0
202300043229,155 603 902,B01,1,7,0,2,8,0,0,0.0
202300043229,155 603 903,A01,0,10,0,2,1,9,1,0.0
202300043230,155 603 901,A01,2,7,14,0,1,1,1,0.0
202300043231,155 603 896,A01,3,15,0,2,3,1,1,0.0
202300043231,155 603 897,B01,3,10,0,2,5,12,1,0.0
202300043232,155 603 895,A01,1,7,0,1,1,13,1,0.0
202300043233,155 603 894,A01,1,7,6,0,2,14,1,0.0
202300043234,155 603 892,A01,0,7,0,2,1,1,1,0.0
202300043234,155 603 893,B01,0,7,0,2,8,1,1,0.0
202300043235,155 603 890,A01,0,7,0,2,2,1,1,0.0
202300043235,155 603 891,B01,0,60,0,2,1,19,5,0.0
202300043236,155 603 888,B01,2,2,0,2,1,17,0,0.0
202300043236,155 603 889,A01,2,7,0,2,3,15,0,0.0
202300043237,155 603 886,A01,2,7,0,2,1,2,1,0.0
202300043237,155 603 887,B01,2,7,0,2,4,2,1,0.0
202300043238,155 603 885,A01,1,7,1,0,1,0,1,0.0
202300043239,155 603 883,Z01,3,7,0,1,1,0,0,0.0
202300043239,155 603 884,B01,1,1,0,2,4,0,5,0.0
202300043240,155 603 882,Z01,3,30,0,1,0,0,0,0.0
202300043241,155 603 881,A01,3,7,3,0,3,13,1,0.0
202300043242,155 603 880,A01,0,7,6,0,1,14,1,0.0
202300043243,155 603 878,A01,2,7,0,2,7,15,1,0.0
202300043243,155 603 879,B01,1,7,0,2,1,1,1,0.0
202300043244,155 603 875,A01,1,7,6,2,2,5,1,0.0
202300043244,155 603 876,C01,1,7,0,2,3,15,1,0.0
202300043244,155 603 877,B01,1,33,0,2,1,2,1,0.0
202300043245,155 603 872,A01,2,7,0,2,4,14,1,0.0
202300043245,155 603 873,B01,2,7,0,2,4,1,1,0.0
202300043245,155 603 874,C01,2,7,0,2,1,1,1,0.0
202300043246,155 603 870,A01,1,7,0,2,1,2,0,0.0
202300043246,155 603 871,B01,1,7,0,2,4,2,0,0.0
202300043247,155 603 869,A01,1,32,8,0,1,13,1,0.0
202300043248,155 603 867,A01,1,1,0,2,1,2,5,0.0
202300043248,155 603 868,B01,1,7,0,2,4,23,1,0.0
202300043249,155 603 866,A01,1,31,12,0,1,14,1,0.0
202300043250,155 603 864,A01,1,30,0,2,4,3,1,0.0
202300043250,155 603 865,B01,1,7,0,2,3,1,1,0.0
202300043251,155 603 863,Z01,1,7,0,1,1,1,1,0.0
202300043252,155 603 862,A01,1,33,1,0,1,1,1,0.0
202300043253,155 603 860,A01,3,7,0,2,3,15,1,0.0
202300043253,155 603 861,B01,3,32,0,2,1,1,1,0.0
202300043254,155 603 857,A01,1,33,0,2,1,1,1,0.0
202300043254,155 603 858,C01,1,7,0,2,1,1,1,0.0
202300043254,155 603 859,B01,1,7,0,2,7,15,1,0.0
202300043255,155 603 856,A01,3,2,13,0,2,1,1,0.0
202300043256,155 603 855,A01,1,7,0,1,6,20,1,0.0
202300043257,155 603 853,A01,1,7,0,2,2,17,1,0.0
202300043257,155 603 854,B01,1,30,0,2,1,15,3,0.0
202300043258,155 603 851,A01,1,7,0,2,8,15,1,0.0
202300043258,155 603 852,B01,1,7,0,2,1,1,1,0.0
202300043259,155 603 850,A01,3,7,0,1,1,0,1,0.0
202300043260,155 603 848,B01,1,1,0,2,0,0,5,0.0
202300043260,155 603 849,A01,1,7,0,2,7,1,1,0.0
202300043261,155 603 847,A01,3,1,0,0,9,25,5,0.0
202300043262,155 603 844,A01,2,7,0,2,1,2,1,0.0
202300043262,155 603 845,B01,2,32,0,2,4,2,1,0.0
202300043262,155 603 846,C01,2,7,0,2,4,2,1,0.0
202300043263,155 603 842,B01,1,32,0,2,7,1,1,0.0
202300043263,155 603 843,A01,1,7,0,2,3,19,1,0.0
202300043264,155 603 841,B01,0,7,0,1,1,1,1,0.0
202300043265,155 603 839,A01,1,7,0,2,1,5,1,0.0
202300043265,155 603 840,B01,1,7,0,2,1,1,1,0.0
202300043266,155 603 837,A01,2,7,0,2,3,9,1,0.0
202300043266,155 603 838,B01,1,50,0,2,2,1,3,0.0
202300043267,155 603 836,A01,3,7,0,1,1,9,1,0.0
202300043268,155 603 834,B01,1,2,0,2,2,1,1,0.0
202300043268,155 603 835,A01,1,7,0,2,1,15,1,0.0
202300043269,155 603 833,A01,1,7,0,1,3,1,1,0.0
202300043270,155 603 832,A01,3,7,0,1,1,0,1,0.0
202300043271,155 603 831,A01,2,10,0,1,2,15,3,0.0
202300043272,155 603 829,A01,1,7,0,2,5,17,1,0.0
202300043272,155 603 830,B01,1,2,0,2,3,1,4,0.0
202300043273,155 603 827,A01,1,7,0,2,2,1,1,0.0
202300043273,155 603 828,B01,1,50,0,2,6,16,3,0.0
202300043274,155 603 825,B01,1,2,0,2,1,17,1,0.0
202300043274,155 603 826,A01,2,10,0,2,8,15,3,0.0
202300043275,155 603 823,B01,1,2,0,2,2,1,1,0.0
202300043275,155 603 824,A01,1,7,0,9,2,15,1,0.0
202300043276,155 603 822,A01,0,7,1,0,2,1,1,0.0
202300043277,155 603 821,A01,1,7,0,1,2,1,1,0.0
202300043278,155 603 820,A01,3,2,14,0,4,1,1,0.0
202300043279,155 603 819,Z01,1,7,0,1,0,0,0,0.0
202300043280,155 603 818,A01,1,7,2,0,1,1,1,0.0
202300043281,155 603 817,A01,3,7,14,0,1,1,1,0.0
202300043282,155 603 814,A01,3,7,0,2,1,1,1,0.0
202300043282,155 603 815,B01,3,7,0,0,1,1,1,0.0
202300043283,155 603 812,A01,0,7,1,0,1,1,1,0.0
202300043283,155 603 813,B01,1,7,0,1,6,24,1,0.0
202300043284,155 603 810,B01,3,7,0,2,4,9,0,0.0
202300043284,155 603 811,A01,3,10,0,2,1,9,1,0.0
202300043285,155 603 809,A01,3,34,0,0,0,2,1,0.0
202300043286,155 603 808,Z01,2,30,0,1,1,1,1,0.0
202300043287,155 603 806,A01,1,7,0,2,2,1,1,0.0
202300043287,155 603 807,B01,3,1,0,2,8,19,5,0.0
202300043288,155 603 804,A01,3,7,0,2,3,13,1,0.0
202300043288,155 603 805,B01,0,7,0,2,3,1,1,0.0
202300043289,155 603 802,B01,2,1,0,2,1,1,5,0.0
202300043289,155 603 803,A01,2,7,0,9,1,1,1,0.0
202300043290,155 603 800,A01,0,7,0,2,1,1,1,0.0
202300043290,155 603 801,B01,0,7,0,2,3,15,1,0.0
202300043291,155 603 798,B01,2,1,0,2,4,0,5,0.0
202300043291,155 603 799,A01,2,7,0,2,1,1,1,0.0
202300043292,155 603 796,A01,1,7,0,2,1,1,1,0.0
202300043292,155 603 797,B01,3,31,0,2,8,0,1,0.0
202300043293,155 603 794,A01,3,7,0,2,8,22,6,0.0
202300043293,155 603 795,B01,1,1,1,0,1,1,5,0.0
202300043294,155 603 792,A01,1,3,0,0,4,2,1,0.0
202300043294,155 603 793,B01,1,7,0,0,1,2,1,0.0
202300043295,155 603 789,B01,2,10,0,2,4,1,1,0.0
202300043295,155 603 790,A01,2,7,0,2,1,1,1,0.0
202300043295,155 603 791,C01,2,7,0,2,4,1,1,0.0
202300043296,155 603 787,A01,3,30,0,2,2,1,1,0.0
202300043296,155 603 788,B01,3,37,0,2,3,16,3,1.0
202300043297,155 603 784,C01,1,10,0,2,4,2,1,0.0
202300043297,155 603 785,A01,1,7,0,2,7,12,1,0.0
202300043297,155 603 786,B01,1,43,0,2,8,2,1,0.0
202300043298,155 603 782,B01,1,7,0,2,7,12,1,0.0
202300043298,155 603 783,A01,1,31,0,2,3,3,1,0.0
202300043299,155 603 778,D01,1,7,0,2,7,1,1,0.0
202300043299,155 603 779,B01,1,13,0,2,2,1,1,0.0
202300043299,155 603 780,C01,1,7,0,2,5,1,1,0.0
202300043299,155 603 781,A01,1,7,0,2,9,11,1,0.0
202300043300,155 603 776,B01,1,7,0,2,4,2,1,0.0
202300043300,155 603 777,A01,1,7,0,2,1,2,1,0.0
202300043301,155 603 774,B01,1,7,0,2,8,11,1,0.0
202300043301,155 603 775,A01,1,14,0,2,2,11,1,0.0
202300043302,155 603 772,A01,1,7,0,2,7,12,1,0.0
202300043302,155 603 773,B01,1,33,0,2,3,3,1,0.0
202300043303,155 603 770,B01,2,7,0,2,5,2,1,0.0
202300043303,155 603 771,A01,2,34,0,2,1,2,1,0.0
202300043304,155 603 768,A01,1,15,0,2,7,12,1,0.0
202300043304,155 603 769,B01,1,7,0,2,6,1,1,0.0
202300043305,155 603 766,A01,1,7,0,2,8,11,1,0.0
202300043305,155 603 767,B01,1,31,0,2,7,3,1,0.0
202300043306,155 603 764,A01,2,14,0,2,8,11,1,0.0
202300043306,155 603 765,B01,2,7,0,2,7,1,2,0.0
202300043307,155 603 762,B01,1,7,0,2,4,2,2,0.0
202300043307,155 603 763,A01,1,10,0,2,1,2,1,0.0
202300043308,155 603 761,A01,1,2,0,1,8,1,1,0.0
202300043309,155 603 759,B01,1,33,0,2,4,23,1,0.0
202300043309,155 603 760,A01,1,7,0,2,1,1,1,0.0
202300043310,155 603 757,B01,1,37,0,2,6,1,1,4.0
202300043310,155 603 758,Z01,2,13,0,2,6,13,1,0.0