num_acc,id_vehicule,num_veh,senc,catv,obs,obsm,choc,manv,motor,occutc
202300043311,155 603 755,A01,3,7,0,2,1,1,1,0.0
202300043311,155 603 756,B01,3,31,0,2,4,14,1,0.0
202300043312,155 603 754,A01,2,10,0,1,6,4,1,0.0
202300043313,155 603 753,A01,1,2,15,0,7,1,3,0.0
202300043314,155 603 751,A01,1,7,0,2,1,15,1,0.0
202300043314,155 603 752,B01,2,50,0,2,6,1,3,0.0
202300043315,155 603 749,B01,1,1,0,2,1,1,5,0.0
202300043315,155 603 750,A01,1,33,1,2,1,9,1,0.0
202300043316,155 603 747,B01,2,31,0,2,1,1,0,0.0
202300043316,155 603 748,A01,2,10,0,2,6,23,1,0.0
202300043317,155 603 746,A01,1,10,9,1,7,14,1,0.0
202300043318,155 603 743,B01,3,1,0,2,9,19,5,0.0
202300043318,155 603 744,A01,1,31,0,2,1,1,1,0.0
202300043318,155 603 745,C01,2,7,0,2,1,1,0,0.0
202300043319,155 603 741,A01,1,7,0,2,1,15,1,0.0
202300043319,155 603 742,B01,2,31,0,2,2,1,1,0.0
202300043320,155 603 739,A01,1,7,0,2,1,1,4,0.0
202300043320,155 603 740,B01,1,33,0,0,1,1,1,0.0
202300043321,155 603 737,A01,1,7,0,2,1,2,3,0.0
202300043321,155 603 738,B01,1,7,0,2,4,23,1,0.0
202300043322,155 603 736,A01,2,43,12,0,7,2,1,0.0
202300043323,155 603 734,B01,2,1,0,2,1,11,5,0.0
202300043323,155 603 735,A01,1,7,0,2,3,1,1,0.0
202300043324,155 603 732,A01,1,7,0,2,1,15,1,0.0
202300043324,155 603 733,B01,2,2,0,2,1,1,1,0.0
202300043325,155 603 731,A01,2,7,0,1,2,17,1,0.0
202300043326,155 603 729,A01,3,7,0,2,7,2,0,0.0
202300043326,155 603 730,B01,3,7,0,2,3,1,0,0.0
202300043327,155 603 727,B01,3,7,0,2,6,0,1,0.0
202300043327,155 603 728,A01,3,7,0,2,3,16,1,0.0
202300043328,155 603 726,A01,1,34,1,0,1,16,0,0.0
202300043329,155 603 723,A01,2,7,0,2,1,2,1,0.0
202300043329,155 603 724,B01,2,7,0,2,4,1,1,0.0
202300043329,155 603 725,C01,2,7,0,2,4,1,1,0.0
202300043330,155 603 721,B01,1,7,0,2,4,23,1,0.0
202300043330,155 603 722,A01,1,17,0,2,1,21,1,0.0
202300043331,155 603 718,C01,1,7,0,2,4,1,1,0.0
202300043331,155 603 719,A01,1,7,0,2,1,26,1,0.0
202300043331,155 603 720,B01,1,7,0,2,1,0,1,0.0
202300043332,155 603 716,A01,2,32,0,2,1,3,1,0.0
202300043332,155 603 717,B01,2,7,0,2,6,11,1,0.0
202300043333,155 603 713,C01,1,7,0,2,1,2,1,0.0
202300043333,155 603 714,A01,1,7,0,2,8,1,1,0.0
202300043333,155 603 715,B01,1,7,0,2,1,1,1,0.0
202300043334,155 603 711,A01,2,7,12,2,6,11,6,0.0
202300043334,155 603 712,B01,2,7,12,2,2,2,0,0.0
202300043335,155 603 709,A01,1,7,0,2,1,1,1,0.0
202300043335,155 603 710,B01,1,7,0,2,4,1,1,0.0
202300043336,155 603 707,A01,1,40,0,2,1,1,3,0.0
202300043336,155 603 708,B01,1,33,8,4,6,1,1,0.0
202300043337,155 603 706,A01,3,30,0,1,1,18,1,0.0
202300043338,155 603 704,B01,2,10,0,2,1,1,1,0.0
202300043338,155 603 705,A01,1,7,0,2,1,1,1,0.0
202300043339,155 603 703,A01,2,7,0,0,7,1,1,0.0
202300043340,155 603 701,A01,1,7,0,2,3,15,1,0.0
202300043340,155 603 702,B01,2,32,0,2,2,1,1,0.0
202300043341,155 603 700,A01,3,32,0,0,8,1,1,0.0
202300043342,155 603 698,A01,1,33,0,2,2,18,1,0.0
202300043342,155 603 699,B01,1,7,0,2,0,0,1,0.0
202300043343,155 603 696,A01,2,7,0,2,1,16,1,0.0
202300043343,155 603 697,B01,1,7,0,2,7,15,1,0.0
202300043344,155 603 695,A01,2,33,0,1,3,21,1,0.0
202300043345,155 603 694,A01,1,31,0,9,1,13,1,0.0
202300043346,155 603 692,A01,2,2,0,6,1,0,1,0.0
202300043347,155 603 690,C01,1,7,0,2,0,0,1,0.0
202300043347,155 603 691,A01,1,7,0,2,4,2,1,0.0
202300043347,155 603 693,B01,1,7,0,2,0,0,1,0.0
202300043348,155 603 689,A01,1,7,2,9,7,14,1,0.0
202300043349,155 603 684,A01,2,7,0,2,2,10,1,0.0
202300043349,155 603 686,B01,1,7,0,2,1,1,3,0.0
202300043349,155 603 688,C01,3,7,0,2,3,23,2,0.0
202300043350,155 603 682,A01,3,7,6,0,1,0,1,0.0
202300043351,155 603 681,B01,1,15,0,2,3,1,1,0.0
202300043351,155 603 683,A01,2,7,0,2,3,13,1,0.0
202300043352,155 603 679,B01,1,7,0,2,1,1,1,0.0
202300043352,155 603 680,A01,2,7,0,2,1,1,1,0.0
202300043353,155 603 674,A01,0,2,0,2,1,2,1,0.0
202300043353,155 603 676,B01,0,7,0,2,8,0,1,0.0
202300043354,155 603 675,A01,3,32,0,0,7,1,1,0.0
202300043355,155 603 673,A01,3,7,0,0,9,1,1,0.0
202300043356,155 603 671,B01,1,7,0,2,0,23,0,0.0
202300043356,155 603 672,A01,1,7,0,2,0,1,0,0.0
202300043357,155 603 668,A01,2,7,0,0,6,2,3,0.0
202300043357,155 603 670,B01,2,33,0,2,1,2,0,0.0
202300043358,155 603 667,A01,2,7,9,2,1,21,0,0.0
202300043358,155 603 669,B01,1,2,0,2,1,1,1,0.0
202300043359,155 603 663,A01,1,7,0,2,1,2,1,0.0
202300043359,155 603 665,B01,1,7,0,2,4,2,1,0.0
202300043359,155 603 666,C01,1,7,0,0,4,2,1,0.0
202300043360,155 603 660,A01,3,7,0,1,3,26,1,0.0
202300043361,155 603 659,B01,2,7,0,2,3,0,1,0.0
202300043361,155 603 661,A01,1,10,0,2,3,0,1,0.0
202300043362,155 603 656,A01,3,10,0,2,2,1,1,0.0
202300043362,155 603 658,B01,3,7,12,2,3,12,1,0.0
202300043363,155 603 655,A01,1,13,0,2,1,1,1,0.0
202300043363,155 603 657,B01,2,7,0,2,1,13,1,0.0
202300043364,155 603 653,A01,3,7,0,1,2,16,1,0.0
202300043365,155 603 652,A01,1,7,0,2,3,9,1,0.0
202300043365,155 603 654,B01,1,32,0,2,1,1,1,0.0
202300043366,155 603 650,A01,1,80,0,4,7,19,3,0.0
202300043366,155 603 651,B01,2,40,0,2,1,1,3,0.0
202300043367,155 603 648,A01,1,7,0,2,1,2,1,0.0
202300043367,155 603 649,B01,1,7,0,0,4,2,1,0.0
202300043368,155 603 644,A01,0,7,0,2,3,1,1,0.0
202300043368,155 603 645,B01,0,7,0,2,3,1,1,0.0
202300043369,155 603 646,A01,2,7,0,2,2,15,1,0.0
202300043369,155 603 647,B01,1,2,0,2,1,1,1,0.0
202300043370,155 603 641,A01,1,2,0,2,2,17,1,0.0
202300043370,155 603 643,B01,1,21,0,2,6,15,1,0.0
202300043371,155 603 640,A01,1,7,0,2,2,1,1,0.0
202300043371,155 603 642,B01,2,7,0,2,1,1,1,0.0
202300043372,155 603 637,A01,1,7,0,2,1,2,1,0.0
202300043372,155 603 639,B01,1,7,0,0,4,2,1,0.0
202300043373,155 603 636,A01,1,7,0,2,6,15,1,0.0
202300043373,155 603 638,B01,1,43,0,2,2,17,1,0.0
202300043374,155 603 633,A01,3,3,0,1,1,0,3,0.0
202300043375,155 603 628,A01,3,7,0,0,5,0,0,0.0
202300043375,155 603 629,B01,3,7,0,0,3,9,0,0.0
202300043376,155 603 626,A01,3,7,0,2,5,15,1,0.0
202300043376,155 603 627,B01,3,7,0,2,5,15,1,0.0
202300043377,155 603 624,B01,0,1,0,2,1,0,5,0.0
202300043377,155 603 625,A01,0,7,0,2,1,0,0,0.0
202300043378,155 603 622,A01,3,7,0,2,1,26,1,0.0
202300043378,155 603 623,B01,3,32,0,2,8,1,1,0.0
202300043379,155 603 620,A01,2,7,0,2,8,15,1,0.0
202300043379,155 603 621,B01,2,7,0,2,1,1,1,0.0
202300043380,155 603 618,B01,1,0,0,2,0,15,0,0.0
202300043380,155 603 619,A01,2,10,0,2,1,1,1,0.0
202300043381,155 603 616,A01,2,33,0,2,1,2,1,0.0
202300043381,155 603 617,B01,2,7,0,2,5,2,1,0.0
202300043382,155 603 614,A01,3,7,1,0,1,5,1,0.0
202300043382,155 603 615,B01,3,7,0,2,1,24,1,0.0
202300043383,155 603 610,C01,2,7,0,2,1,1,1,0.0
202300043383,155 603 612,A01,2,14,0,2,3,1,1,0.0
202300043383,155 603 613,B01,2,7,0,2,7,1,1,0.0
202300043384,155 603 609,A01,1,1,0,2,1,19,5,0.0
202300043384,155 603 611,B01,1,7,0,2,1,0,1,0.0
202300043385,155 603 608,A01,1,7,4,0,3,1,1,0.0
202300043386,155 603 607,A01,3,7,0,1,1,1,1,0.0
202300043387,155 603 605,A01,1,7,0,9,3,9,1,0.0
202300043387,155 603 606,B01,2,1,0,2,1,1,5,0.0
202300043388,155 603 604,A01,3,7,0,1,2,1,1,0.0
202300043389,155 603 603,A01,3,10,0,1,0,1,0,0.0
202300043390,155 603 601,B01,0,2,0,2,1,1,0,0.0
202300043390,155 603 602,A01,0,7,0,2,1,15,0,0.0
202300043391,155 603 600,A01,3,32,0,1,1,1,0,0.0
202300043392,155 603 599,A01,0,7,1,0,3,1,1,0.0
202300043393,155 603 597,B01,1,7,0,2,2,1,0,0.0
202300043393,155 603 598,A01,2,7,0,2,3,13,0,0.0
202300043394,155 603 594,B01,2,7,0,2,1,1,1,0.0
202300043394,155 603 596,A01,2,7,0,2,8,9,1,0.0
202300043395,155 603 593,A01,1,7,0,0,5,15,1,0.0
202300043395,155 603 595,B01,2,33,0,2,1,1,1,0.0
202300043396,155 603 591,B01,2,7,0,2,1,1,1,0.0
202300043396,155 603 592,A01,2,7,0,2,4,20,1,0.0
202300043397,155 603 590,A01,2,30,0,0,0,26,1,0.0
202300043398,155 603 586,A01,2,50,0,2,1,16,3,0.0
202300043398,155 603 589,B01,3,7,0,2,3,1,3,0.0
202300043399,155 603 585,B01,2,7,0,2,5,23,1,0.0
202300043399,155 603 587,C01,2,7,0,2,5,23,1,0.0
202300043399,155 603 588,A01,2,7,0,2,3,1,1,0.0
202300043400,155 603 583,B01,1,7,0,2,5,1,0,0.0
202300043400,155 603 584,A01,1,7,0,2,1,1,1,0.0
202300043401,155 603 581,A01,1,7,0,2,6,1,1,0.0
202300043401,155 603 582,B01,2,7,0,2,3,13,1,0.0
202300043402,155 603 580,A01,0,7,0,1,1,9,0,0.0
202300043403,155 603 579,A01,2,7,1,0,3,26,1,0.0
202300043404,155 603 578,A01,0,7,2,0,1,26,1,0.0
202300043405,155 603 577,A01,1,7,13,0,1,1,1,0.0
202300043406,155 603 574,A01,1,10,0,2,1,26,1,0.0
202300043406,155 603 576,B01,1,7,6,2,6,19,1,0.0
202300043407,155 603 572,A01,2,7,0,2,1,1,1,0.0
202300043407,155 603 575,B01,2,50,0,2,5,1,3,0.0
202300043408,155 603 570,B01,1,7,0,2,9,1,1,0.0
202300043408,155 603 571,C01,1,7,0,0,4,1,1,0.0
202300043408,155 603 573,A01,1,7,0,2,1,1,1,0.0
202300043409,155 603 566,A01,1,7,0,2,1,2,1,0.0
202300043409,155 603 568,B01,1,7,0,2,4,23,1,0.0
202300043410,155 603 565,C01,3,7,0,2,4,23,1,0.0
202300043410,155 603 567,A01,3,7,0,2,1,1,0,0.0
202300043410,155 603 569,B01,3,7,0,2,4,23,1,0.0
202300043411,155 603 563,A01,1,7,0,1,3,17,1,0.0
202300043412,155 603 562,B01,1,33,0,2,1,1,1,0.0
202300043412,155 603 564,A01,1,10,0,2,5,15,1,0.0
202300043413,155 603 561,A01,2,7,0,1,1,17,1,0.0
202300043414,155 603 559,B01,1,7,0,2,4,2,1,0.0
202300043414,155 603 560,A01,1,7,0,2,1,2,1,0.0
202300043415,155 603 557,B01,3,33,0,2,8,15,1,0.0
202300043415,155 603 558,A01,3,33,0,2,1,2,1,0.0
202300043416,155 603 555,A01,1,7,0,2,1,2,1,0.0
202300043416,155 603 556,B01,1,7,0,2,4,2,1,0.0
202300043417,155 603 552,A01,3,7,0,2,8,10,1,0.0
202300043417,155 603 553,B01,3,33,0,2,1,1,1,0.0
202300043418,155 603 551,A01,1,34,12,2,3,21,1,0.0
202300043418,155 603 554,B01,2,1,0,2,8,19,5,0.0
202300043419,155 603 549,A01,2,7,0,2,3,13,1,0.0
202300043419,155 603 550,B01,1,7,0,2,3,1,1,0.0
202300043420,155 603 546,A01,3,32,1,0,1,18,1,0.0
202300043421,155 603 545,A01,0,7,0,2,2,16,1,0.0
202300043421,155 603 547,B01,0,30,0,2,3,1,1,0.0
202300043422,155 603 543,B01,3,1,0,2,7,19,0,0.0
202300043422,155 603 544,A01,1,7,0,2,2,1,3,0.0
202300043423,155 603 542,A01,2,10,0,0,1,13,1,0.0
202300043424,155 603 540,A01,2,10,0,2,2,17,0,0.0
202300043424,155 603 541,B01,2,33,0,2,1,1,1,0.0
202300043425,155 603 539,A01,1,7,13,0,0,26,1,0.0
202300043426,155 603 537,A01,3,10,0,1,4,26,1,0.0
202300043427,155 603 536,A01,1,10,0,9,2,1,0,0.0
202300043427,155 603 538,Z01,1,10,0,2,0,3,0,0.0
202300043428,155 603 535,A01,1,7,9,0,1,1,1,0.0
202300043429,155 603 532,A01,1,7,0,2,7,0,1,0.0
202300043429,155 603 533,B01,1,2,0,2,8,0,1,0.0
202300043430,155 603 531,A01,0,7,0,2,4,16,1,0.0
202300043430,155 603 534,B01,0,14,0,2,3,1,0,0.0
202300043431,155 603 530,A01,0,33,0,1,1,17,1,0.0
202300043432,155 603 529,A01,1,2,0,0,3,3,1,0.0
202300043433,155 603 528,A01,1,33,0,6,7,1,1,0.0
202300043434,155 603 527,A01,1,7,0,1,1,1,1,0.0
202300043435,155 603 524,A01,1,7,2,2,5,0,0,0.0
202300043435,155 603 526,B01,1,7,0,2,2,0,0,0.0
202300043436,155 603 523,B01,1,7,0,2,7,1,1,0.0
202300043436,155 603 525,A01,2,7,0,2,2,9,1,0.0
202300043437,155 603 522,A01,1,7,12,0,3,13,1,0.0
202300043438,155 603 520,B01,3,7,9,0,1,1,1,0.0
202300043438,155 603 521,A01,3,7,8,0,1,13,1,0.0
202300043439,155 603 519,A01,2,33,0,0,0,1,1,0.0
202300043440,155 603 518,A01,3,33,0,1,0,0,1,0.0
202300043441,155 603 517,A01,2,7,0,1,1,1,1,0.0
202300043442,155 603 514,A01,0,7,0,0,7,1,1,0.0
202300043442,155 603 516,B01,0,7,0,0,1,1,1,0.0
202300043443,155 603 513,A01,0,7,0,2,6,9,1,0.0
202300043443,155 603 515,B01,0,7,0,2,1,1,1,0.0
202300043444,155 603 511,A01,2,7,1,0,2,1,1,0.0
202300043445,155 603 510,A01,3,7,0,2,3,5,0,0.0
202300043445,155 603 512,B01,3,7,0,2,1,5,0,0.0
202300043446,155 603 508,B01,2,7,0,2,2,1,1,0.0
202300043446,155 603 509,A01,2,7,0,2,3,26,1,0.0
202300043447,155 603 507,A01,3,7,0,1,3,1,1,0.0
202300043448,155 603 505,A01,1,7,0,2,5,13,1,0.0
202300043448,155 603 506,B01,2,7,0,2,1,1,1,0.0
202300043449,155 603 503,B01,3,3,0,2,1,1,1,0.0
202300043449,155 603 504,A01,3,7,0,2,6,4,1,0.0
202300043450,155 603 501,B01,3,2,0,2,1,1,1,0.0
202300043450,155 603 502,A01,3,7,0,2,8,1,1,0.0
202300043451,155 603 499,A01,1,7,0,2,8,11,1,0.0
202300043451,155 603 500,B01,1,32,0,2,7,3,1,0.0
202300043452,155 603 497,A01,2,31,0,2,1,3,1,0.0
202300043452,155 603 498,B01,2,7,0,2,5,1,1,0.0
202300043453,155 603 496,A01,2,7,0,1,1,1,1,0.0
202300043454,155 603 495,A01,1,33,12,0,1,13,1,0.0
202300043455,155 603 493,AB01,1,1,0,2,1,1,5,0.0
202300043455,155 603 494,Z01,2,10,0,2,3,1,1,0.0
202300043456,155 603 491,A01,1,7,0,2,7,2,1,0.0
202300043456,155 603 492,B01,1,1,0,2,8,1,5,0.0
202300043457,155 603 489,A01,1,7,0,2,1,15,1,0.0
202300043457,155 603 490,B01,1,30,0,2,1,1,1,0.0
202300043458,155 603 487,A01,2,2,0,2,2,20,1,0.0
202300043458,155 603 488,B01,2,50,0,2,3,1,3,0.0
202300043459,155 603 485,A01,2,7,0,2,2,1,2,0.0
202300043459,155 603 486,B01,1,80,0,2,7,1,3,0.0
202300043460,155 603 483,B01,3,33,0,2,1,1,1,0.0
202300043460,155 603 484,A01,3,7,0,2,2,15,1,0.0
202300043461,155 603 481,A01,1,50,0,2,1,1,3,0.0
202300043461,155 603 482,B01,1,10,0,2,4,23,1,0.0
202300043462,155 603 479,A01,1,99,0,2,0,19,3,0.0
202300043462,155 603 480,B01,1,80,0,2,8,1,3,0.0
202300043463,155 603 477,B01,2,1,0,2,1,1,5,0.0
202300043463,155 603 478,A01,1,7,0,2,2,16,1,0.0
202300043464,155 603 475,B01,1,31,0,2,3,16,1,0.0
202300043464,155 603 476,A01,1,7,0,2,2,1,1,0.0
202300043465,155 603 474,A01,1,10,0,1,4,20,1,0.0
202300043466,155 603 472,A01,2,1,12,0,7,21,5,0.0
202300043467,155 603 471,A01,1,7,0,2,3,11,1,0.0
202300043467,155 603 473,B01,1,33,0,2,2,1,1,0.0
202300043468,155 603 470,A01,2,10,8,0,1,1,1,0.0
202300043469,155 603 468,A01,3,10,0,2,1,4,1,0.0
202300043469,155 603 469,B01,3,10,0,2,4,1,1,0.0
202300043470,155 603 464,A01,1,32,0,2,1,26,1,0.0
202300043470,155 603 466,B01,1,15,0,2,6,16,1,0.0
202300043471,155 603 463,C01,1,7,0,2,4,0,1,0.0
202300043471,155 603 465,B01,1,7,0,2,4,0,1,0.0
202300043471,155 603 467,A01,1,7,0,2,1,0,1,0.0
202300043472,155 603 461,A01,1,7,1,0,1,1,1,0.0
202300043473,155 603 460,B01,1,7,0,2,8,1,1,0.0
202300043473,155 603 462,A01,1,7,0,2,1,1,1,0.0
202300043474,155 603 459,A01,3,7,0,1,4,20,1,0.0
202300043475,155 603 456,A01,1,1,0,2,7,0,5,0.0
202300043475,155 603 458,B01,1,7,0,2,1,2,1,0.0
202300043476,155 603 455,B01,1,30,0,2,7,1,1,0.0
202300043476,155 603 457,A01,1,7,0,2,3,11,1,0.0
202300043477,155 603 454,A01,1,32,0,1,1,2,1,0.0
202300043478,155 603 453,A01,1,7,15,0,1,1,1,0.0
202300043479,155 603 450,A01,2,3,0,2,2,15,1,0.0
202300043479,155 603 451,B01,1,34,0,2,1,2,1,0.0
202300043480,155 603 449,A01,1,33,0,2,1,1,1,0.0
202300043480,155 603 452,B01,2,50,0,2,4,1,3,0.0
202300043481,155 603 446,A01,1,7,0,2,2,15,1,0.0
202300043481,155 603 448,B01,1,32,0,2,1,9,1,0.0
202300043482,155 603 445,A01,3,7,0,2,4,2,1,0.0
202300043482,155 603 447,B01,3,7,0,2,1,2,1,0.0
202300043483,155 603 442,A01,1,7,0,2,3,16,1,0.0
202300043483,155 603 443,B01,2,1,0,2,1,19,5,0.0
202300043484,155 603 439,A01,1,10,0,2,1,1,1,0.0
202300043484,155 603 440,B01,1,2,0,2,5,1,1,0.0
202300043484,155 603 441,C01,1,7,0,2,2,1,1,0.0
202300043485,155 603 436,A01,1,7,0,2,3,9,1,0.0
202300043485,155 603 438,B01,2,34,0,2,1,17,1,0.0
202300043486,155 603 435,B01,1,33,0,2,2,21,1,0.0
202300043486,155 603 437,A01,1,7,0,2,6,26,1,0.0
202300043487,155 603 432,B01,1,32,0,2,8,1,1,0.0
202300043487,155 603 433,A01,1,7,0,2,2,20,1,0.0
202300043488,155 603 431,B01,1,50,0,2,8,1,3,0.0
202300043488,155 603 434,A01,1,7,0,2,1,1,1,0.0
202300043489,155 603 428,B01,1,50,0,2,1,1,3,0.0
202300043489,155 603 430,A01,1,7,0,2,3,15,1,0.0
202300043490,155 603 427,A01,1,7,0,1,1,1,1,0.0
202300043490,155 603 429,B01,2,7,0,2,2,1,1,0.0
202300043491,155 603 423,A01,3,10,0,2,8,10,1,0.0
202300043491,155 603 424,B01,1,33,0,2,1,1,1,0.0
202300043492,155 603 422,A01,1,7,0,1,2,1,1,0.0
202300043493,155 603 420,A01,3,7,0,2,3,13,1,0.0
202300043493,155 603 421,B01,3,7,0,2,3,14,1,0.0
202300043494,155 603 416,A01,0,10,0,1,7,1,1,0.0
202300043495,155 603 415,A01,1,7,4,0,3,1,1,0.0
202300043496,155 603 412,A01,1,7,0,1,1,1,2,0.0
202300043497,155 603 410,A01,0,1,0,2,1,0,5,0.0
202300043497,155 603 411,B01,3,7,0,0,0,9,1,0.0
202300043498,155 603 409,A01,2,7,2,0,9,14,1,0.0
202300043499,155 603 406,A01,2,10,2,0,3,1,1,0.0
202300043500,155 603 407,A01,3,99,0,2,1,0,1,0.0
202300043500,155 603 408,B01,0,1,0,2,1,16,5,0.0
202300043501,155 603 405,A01,1,7,13,0,2,1,1,0.0
202300043502,155 603 404,A01,1,7,0,1,1,9,1,0.0
202300043503,155 603 403,A01,1,17,3,0,3,1,1,0.0
202300043504,155 603 402,A01,2,7,13,0,1,19,1,0.0
202300043505,155 603 400,B01,1,7,0,2,1,5,0,0.0
202300043505,155 603 401,A01,1,7,16,2,8,1,0,0.0
202300043506,155 603 398,A01,1,2,0,2,1,1,0,0.0
202300043506,155 603 399,B01,1,2,0,0,4,1,0,0.0
202300043507,155 603 397,A01,1,7,2,0,1,13,1,0.0
202300043508,155 603 396,A01,2,7,2,0,2,1,1,0.0
202300043509,155 603 393,A01,0,7,0,1,5,26,0,0.0
202300043510,155 603 392,B01,2,7,0,2,3,11,1,0.0
202300043510,155 603 394,C01,2,7,2,2,3,1,1,0.0
202300043510,155 603 395,A01,2,10,0,2,2,1,1,0.0
202300043511,155 603 390,A01,2,2,15,0,2,16,1,0.0
202300043512,155 603 389,A01,2,7,0,2,1,1,1,0.0
202300043512,155 603 391,B01,1,10,0,2,1,1,1,0.0
202300043513,155 603 388,A01,1,33,0,5,8,1,1,0.0
202300043514,155 603 387,A01,2,7,0,1,1,1,1,0.0
202300043515,155 603 385,A01,2,7,1,0,1,13,1,0.0
202300043516,155 603 384,A01,2,7,0,2,1,2,0,0.0
202300043516,155 603 386,B01,2,7,0,0,4,23,0,0.0
202300043517,155 603 383,A01,1,7,0,0,9,13,1,0.0
202300043518,155 603 381,A01,1,7,0,2,3,13,1,0.0
202300043518,155 603 382,B01,2,7,0,2,3,1,1,0.0
202300043519,155 603 380,A01,2,14,0,1,1,1,1,0.0
202300043520,155 603 379,A01,1,7,2,0,1,14,1,0.0
202300043521,155 603 376,A01,1,7,0,2,1,9,1,0.0
202300043521,155 603 378,B01,2,7,0,2,1,1,1,0.0
202300043522,155 603 374,C01,1,7,0,2,3,1,1,0.0
202300043522,155 603 375,A01,1,7,0,2,3,13,1,0.0
202300043522,155 603 377,B01,2,17,0,2,3,1,1,0.0
202300043523,155 603 372,A01,2,7,8,0,1,1,1,0.0
202300043524,155 603 371,A01,1,7,1,0,1,2,1,0.0
202300043524,155 603 373,B01,1,7,0,0,6,23,1,0.0
202300043525,155 603 368,B01,2,7,0,2,1,0,1,0.0
202300043525,155 603 370,A01,1,7,0,2,2,0,1,0.0
202300043526,155 603 367,B01,2,33,0,2,1,3,6,0.0
202300043526,155 603 369,A01,1,10,0,2,2,15,6,0.0
202300043527,155 603 365,A01,2,7,6,2,7,17,1,0.0
202300043527,155 603 366,B01,2,7,9,2,8,1,1,0.0
202300043528,155 603 363,B01,2,7,0,0,4,23,1,0.0
202300043528,155 603 364,A01,2,2,0,2,1,2,1,0.0
202300043529,155 603 362,A01,2,33,0,0,7,1,1,0.0
202300043530,155 603 356,B01,3,7,0,2,1,1,1,0.0
202300043530,155 603 357,A01,3,14,0,2,2,15,1,0.0
202300043531,155 603 359,A01,2,7,0,2,1,5,1,0.0
202300043531,155 603 361,B01,1,10,0,2,1,1,1,0.0
202300043532,155 603 355,A01,1,7,0,1,2,1,1,0.0
202300043533,155 603 354,A01,0,7,16,0,0,0,1,0.0
202300043534,155 603 353,A01,1,7,2,0,2,1,1,0.0
202300043535,155 603 351,A01,2,7,13,2,2,1,0,0.0
202300043535,155 603 352,B01,2,7,0,0,9,1,0,0.0
202300043536,155 603 349,B01,2,10,0,2,3,1,1,0.0
202300043536,155 603 350,A01,1,10,14,2,3,1,1,0.0
202300043537,155 603 348,A01,1,7,2,0,8,1,1,0.0
202300043538,155 603 345,A01,2,7,0,0,7,19,1,0.0
202300043538,155 603 347,B01,2,7,0,2,1,1,1,0.0
202300043539,155 603 346,A01,1,7,0,1,1,1,2,0.0
202300043540,155 603 344,A01,1,33,13,0,7,1,1,0.0
202300043541,155 603 343,A01,1,7,6,0,3,14,1,0.0
202300043542,155 603 342,A01,3,7,13,0,9,1,1,0.0
202300043543,155 603 340,A01,2,7,0,0,8,1,1,0.0
202300043544,155 603 339,A01,2,7,0,0,3,13,1,0.0
202300043544,155 603 341,B01,1,7,0,0,3,1,1,0.0
202300043545,155 603 338,A01,3,7,8,0,2,14,1,0.0
202300043546,155 603 337,A01,2,7,0,1,2,13,0,0.0
202300043547,155 603 336,A01,3,2,1,0,0,0,1,0.0
202300043548,155 603 334,B01,2,1,0,0,8,1,5,0.0
202300043548,155 603 335,A01,2,7,0,9,2,1,1,0.0
202300043549,155 603 333,A01,1,2,8,0,1,17,1,0.0
202300043550,155 603 331,A01,2,33,0,0,0,1,1,0.0
202300043551,155 603 330,A01,2,7,0,2,7,15,1,0.0
202300043551,155 603 332,B01,2,2,0,2,1,1,1,0.0
202300043552,155 603 327,B01,3,7,13,2,1,1,1,0.0
202300043552,155 603 329,A01,3,15,0,2,6,1,1,0.0
202300043553,155 603 326,B01,1,7,0,0,1,1,1,0.0
202300043553,155 603 328,A01,2,7,0,0,1,13,1,0.0
202300043554,155 603 323,A01,3,7,0,1,1,1,1,0.0
202300043555,155 603 324,A01,1,7,0,2,5,15,0,0.0
202300043555,155 603 325,B01,2,33,0,2,2,1,0,0.0
202300043556,155 603 321,A01,2,7,6,0,1,1,0,0.0
202300043557,155 603 318,A01,1,7,13,0,3,1,1,0.0
202300043558,155 603 317,D01,2,7,0,9,2,2,1,0.0
202300043558,155 603 319,A01,2,7,0,2,3,13,1,0.0
202300043558,155 603 320,B01,1,7,0,2,3,1,1,0.0
202300043558,155 603 322,C01,2,7,0,2,3,2,1,0.0
202300043559,155 603 315,A01,1,7,0,9,2,1,1,0.0
202300043560,155 603 314,A01,2,7,0,2,2,2,1,0.0
202300043560,155 603 316,B01,2,1,0,2,4,1,5,0.0
202300043561,155 603 310,A01,1,10,0,2,3,13,1,0.0
202300043561,155 603 312,B01,2,33,0,2,3,13,1,0.0
202300043562,155 603 311,B01,1,7,0,2,3,17,1,0.0
202300043562,155 603 313,A01,1,7,0,2,3,5,1,0.0
202300043563,155 603 309,A01,1,7,4,0,2,1,1,0.0
202300043564,155 603 308,A01,1,7,4,0,2,26,1,0.0
202300043565,155 603 306,A01,2,7,16,0,9,1,1,0.0
202300043566,155 603 305,A01,1,7,0,2,1,9,1,0.0
202300043566,155 603 307,B01,1,7,0,2,1,9,1,0.0
202300043567,155 603 304,A01,2,37,0,1,0,20,1,1.0
202300043568,155 603 303,A01,2,17,3,0,2,14,0,0.0
202300043569,155 603 301,A01,3,7,0,2,3,13,1,0.0
202300043569,155 603 302,B01,3,31,0,2,5,21,1,0.0
202300043570,155 603 300,A01,3,7,5,0,2,1,1,0.0
202300043571,155 603 297,A01,3,7,0,0,9,1,1,0.0