num_acc,id_vehicule,num_veh,senc,catv,obs,obsm,choc,manv,motor,occutc
202300044582,155 601 473,B01,1,3,0,2,2,1,1,0.0
202300044583,155 601 467,A01,1,7,0,1,1,1,1,0.0
202300044584,155 601 464,Z01,2,7,0,2,1,1,0,0.0
202300044584,155 601 466,A01,2,33,0,2,4,3,1,0.0
202300044585,155 601 463,C01,2,7,0,2,6,23,0,0.0
202300044585,155 601 465,A01,2,7,0,2,8,11,0,0.0
202300044585,155 601 468,B01,2,33,0,2,1,3,0,0.0
202300044586,155 601 461,A01,3,7,0,2,1,1,1,0.0
202300044586,155 601 462,B01,3,0,0,2,7,19,5,0.0
202300044587,155 601 459,A01,2,7,4,0,2,0,1,0.0
202300044588,155 601 458,A01,1,1,0,2,1,13,5,0.0
202300044588,155 601 460,Z01,1,32,0,2,4,17,0,0.0
202300044589,155 601 457,A01,3,7,0,1,2,1,0,0.0
202300044590,155 601 454,B01,2,7,0,2,4,2,1,0.0
202300044590,155 601 456,A01,2,1,0,2,1,2,5,0.0
202300044591,155 601 453,B01,2,10,0,2,4,11,1,0.0
202300044591,155 601 455,A01,2,33,0,2,1,3,1,0.0
202300044592,155 601 452,A01,1,7,0,1,3,1,1,0.0
202300044593,155 601 451,A01,1,33,0,0,8,0,1,0.0
202300044594,155 601 449,B01,2,7,0,1,1,16,3,0.0
202300044595,155 601 447,A01,2,7,0,2,1,17,1,0.0
202300044595,155 601 450,B01,1,7,0,2,1,1,1,0.0
202300044596,155 601 446,A01,1,10,0,2,6,2,0,0.0
202300044596,155 601 448,B01,1,31,0,2,1,3,0,0.0
202300044597,155 601 441,B01,1,50,0,2,7,9,3,0.0
202300044597,155 601 445,A01,1,7,0,2,1,16,1,0.0
202300044598,155 601 440,B01,3,33,0,2,2,17,1,0.0
202300044598,155 601 443,A01,3,7,0,2,3,10,1,0.0
202300044599,155 601 433,A01,2,7,10,0,1,14,1,0.0
202300044600,155 601 435,A01,1,17,0,2,2,12,1,0.0
202300044600,155 601 437,B01,1,7,0,2,3,1,1,0.0
202300044600,155 601 438,C01,1,16,0,2,1,1,1,0.0
202300044600,155 601 442,D01,1,7,0,2,5,1,1,0.0
202300044601,155 601 432,A01,1,10,0,1,3,1,0,0.0
202300044602,155 601 429,B01,0,30,0,2,1,1,1,0.0
202300044602,155 601 431,A01,0,7,0,2,3,15,1,0.0
202300044603,155 601 427,A01,2,7,0,1,3,16,1,0.0
202300044604,155 601 422,A01,3,7,0,2,1,19,1,0.0
202300044604,155 601 424,B01,3,7,0,2,7,1,1,0.0
202300044604,155 601 426,C01,3,7,0,2,1,1,1,0.0
202300044605,155 601 423,A01,2,7,9,0,1,1,1,0.0
202300044606,155 601 418,C01,2,7,0,2,1,2,1,0.0
202300044606,155 601 419,B01,2,7,0,2,4,2,1,0.0
202300044606,155 601 420,A01,2,7,0,2,1,2,1,0.0
202300044606,155 601 421,D01,2,7,0,2,1,2,1,0.0
202300044606,155 601 425,E01,2,7,0,2,1,2,1,0.0
202300044606,155 601 428,F01,2,7,0,2,1,2,1,0.0
202300044606,155 601 430,G01,2,7,0,2,1,2,1,0.0
202300044607,155 601 416,A01,0,7,0,1,3,1,1,0.0
202300044608,155 601 415,A01,1,33,1,2,3,21,1,0.0
202300044608,155 601 417,B01,1,7,0,2,7,15,1,0.0
202300044609,155 601 411,A01,3,2,0,0,0,1,1,0.0
202300044610,155 601 410,B01,0,7,0,2,1,0,1,0.0
202300044610,155 601 413,A01,0,10,0,2,6,15,1,0.0
202300044611,155 601 403,B01,3,7,0,2,4,9,1,0.0
202300044611,155 601 406,A01,3,7,0,2,1,2,1,0.0
202300044612,155 601 404,E01,2,7,0,2,0,0,1,0.0
202300044612,155 601 408,A01,2,15,0,2,0,0,1,0.0
202300044612,155 601 409,B01,2,7,0,2,0,0,1,0.0
202300044612,155 601 412,C01,2,10,0,2,0,0,1,0.0
202300044612,155 601 414,D01,2,10,0,2,0,0,1,0.0
202300044613,155 601 400,A01,2,7,0,2,1,2,1,0.0
202300044613,155 601 402,B01,2,7,14,0,4,2,1,0.0
202300044614,155 601 397,B01,1,7,0,2,1,13,1,0.0
202300044614,155 601 399,C01,2,7,0,2,1,1,1,0.0
202300044614,155 601 401,Z01,1,7,0,2,3,13,1,0.0
202300044615,155 601 396,A01,1,31,0,2,8,3,1,0.0
202300044615,155 601 398,B01,1,7,0,2,7,12,1,0.0
202300044616,155 601 394,A01,3,7,0,2,1,15,1,0.0
202300044616,155 601 395,B01,3,33,0,2,1,1,1,0.0
202300044617,155 601 393,A01,0,7,0,0,0,1,1,0.0
202300044618,155 601 391,A01,2,7,0,2,4,11,1,0.0
202300044618,155 601 392,B01,2,31,0,2,1,3,1,0.0
202300044619,155 601 388,Z01,2,50,0,2,1,5,3,0.0
202300044619,155 601 390,A01,1,1,0,2,1,1,5,0.0
202300044620,155 601 387,B01,1,7,0,2,7,1,1,0.0
202300044620,155 601 389,A01,2,7,0,2,1,5,1,0.0
202300044621,155 601 386,A01,2,7,0,1,2,1,1,0.0
202300044622,155 601 382,A01,2,10,0,2,7,12,1,0.0
202300044622,155 601 384,B01,2,33,0,2,8,1,1,0.0
202300044623,155 601 383,A01,2,7,0,2,8,15,1,0.0
202300044623,155 601 385,B01,1,31,0,2,1,1,1,0.0
202300044624,155 601 377,B01,2,7,0,2,7,9,1,0.0
202300044624,155 601 381,A01,3,7,0,2,1,9,2,0.0
202300044625,155 601 378,A01,2,7,0,2,1,0,1,0.0
202300044625,155 601 380,B01,2,15,0,2,4,1,1,0.0
202300044626,155 601 376,A01,-1,34,-1,1,1,1,-1,0.0
202300044627,155 601 374,Z01,1,7,0,1,1,20,0,0.0
202300044628,155 601 375,B01,3,7,0,2,3,1,1,0.0
202300044628,155 601 379,A01,3,7,0,2,2,1,1,0.0
202300044629,155 601 371,A01,2,7,13,0,9,14,1,0.0
202300044630,155 601 370,B01,2,7,0,2,8,1,0,0.0
202300044630,155 601 372,A01,1,7,0,2,1,15,1,0.0
202300044631,155 601 369,A01,3,7,0,2,2,1,1,0.0
202300044631,155 601 373,B01,3,2,0,2,0,13,0,0.0
202300044632,155 601 367,A01,3,7,1,0,1,5,1,0.0
202300044633,155 601 363,C01,1,7,0,2,3,1,2,0.0
202300044633,155 601 364,B01,1,7,0,2,1,1,1,0.0
202300044633,155 601 368,A01,2,10,0,2,3,13,1,0.0
202300044634,155 601 360,B01,1,31,0,2,3,1,1,0.0
202300044634,155 601 362,A01,1,7,0,2,8,14,1,0.0
202300044635,155 601 357,B01,1,7,0,2,7,1,1,0.0
202300044635,155 601 359,A01,1,7,0,2,1,19,1,0.0
202300044636,155 601 358,A01,1,3,0,2,1,1,6,0.0
202300044636,155 601 361,B01,1,2,0,2,8,19,1,0.0
202300044637,155 601 354,A01,1,34,0,2,1,17,1,0.0
202300044637,155 601 355,B01,1,7,0,2,6,1,1,0.0
202300044637,155 601 356,C01,1,33,0,2,7,1,1,0.0
202300044638,155 601 352,A01,2,7,4,0,2,1,1,0.0
202300044639,155 601 351,A01,1,7,0,2,3,2,1,0.0
202300044639,155 601 353,B01,1,10,0,2,6,15,1,0.0
202300044640,155 601 349,B01,2,7,0,2,5,14,1,0.0
202300044640,155 601 350,A01,2,33,0,2,3,3,1,0.0
202300044641,155 601 347,A01,1,7,0,2,7,16,1,0.0
202300044641,155 601 348,B01,1,2,0,2,1,1,1,0.0
202300044642,155 601 345,A01,1,43,0,2,8,1,1,0.0
202300044642,155 601 346,Z01,1,7,0,2,7,12,0,0.0
202300044643,155 601 342,A01,0,7,0,2,1,5,1,0.0
202300044643,155 601 344,B01,3,7,0,2,1,0,1,0.0
202300044644,155 601 341,B01,1,7,0,2,1,1,1,0.0
202300044644,155 601 343,A01,1,7,0,2,9,19,1,0.0
202300044645,155 601 339,A01,1,14,9,0,1,13,1,0.0
202300044646,155 601 340,A01,3,17,0,1,2,9,1,0.0
202300044647,155 601 336,A01,2,7,0,1,8,15,1,0.0
202300044648,155 601 334,B01,2,1,0,2,3,1,5,0.0
202300044648,155 601 337,A01,2,1,0,2,5,3,5,0.0
202300044649,155 601 335,A01,1,7,0,2,7,15,1,0.0
202300044649,155 601 338,B01,1,1,0,2,1,1,5,0.0
202300044650,155 601 332,A01,2,7,2,0,2,14,1,0.0
202300044651,155 601 333,Z01,1,30,0,1,2,1,0,0.0
202300044652,155 601 330,B01,1,50,0,2,1,1,3,0.0
202300044652,155 601 331,A01,2,7,0,2,2,15,0,0.0
202300044653,155 601 326,A01,1,80,0,2,8,1,3,0.0
202300044653,155 601 329,B01,1,7,0,2,1,1,1,0.0
202300044654,155 601 327,B01,2,43,0,2,3,1,1,0.0
202300044654,155 601 328,A01,1,31,0,2,2,9,1,0.0
202300044655,155 601 324,A01,2,7,15,0,1,14,1,0.0
202300044656,155 601 322,B01,1,7,0,2,6,23,1,0.0
202300044656,155 601 325,A01,1,7,1,1,2,15,1,0.0
202300044657,155 601 321,B01,2,7,0,2,2,16,3,0.0
202300044657,155 601 323,A01,2,33,0,2,8,1,1,0.0
202300044658,155 601 319,A01,2,7,4,0,1,13,1,0.0
202300044659,155 601 320,A01,1,7,8,0,2,16,1,0.0
202300044660,155 601 317,Z01,2,10,0,2,1,1,1,0.0
202300044660,155 601 318,B01,2,7,1,2,8,9,1,0.0
202300044661,155 601 315,A01,2,7,0,1,1,0,1,0.0
202300044662,155 601 314,A01,1,7,0,2,1,0,1,0.0
202300044662,155 601 316,B01,1,2,0,2,1,0,1,0.0
202300044663,155 601 313,A01,2,2,0,2,2,1,1,0.0
202300044664,155 601 310,B01,1,50,0,2,6,1,3,0.0
202300044664,155 601 312,A01,1,10,0,9,2,1,0,0.0
202300044665,155 601 309,A01,2,33,0,2,3,1,1,0.0
202300044665,155 601 311,B01,1,7,0,2,8,1,1,0.0
202300044666,155 601 306,B01,2,33,0,2,1,1,1,0.0
202300044666,155 601 308,A01,2,7,0,2,8,13,2,0.0
202300044667,155 601 304,B01,2,50,0,2,1,19,3,0.0
202300044667,155 601 307,A01,1,7,0,9,1,15,1,0.0
202300044668,155 601 303,B01,2,7,0,0,0,0,1,0.0
202300044668,155 601 305,A01,1,33,0,2,0,0,1,0.0
202300044669,155 601 302,A01,1,1,0,1,1,1,5,0.0
202300044670,155 601 300,A01,1,7,16,0,9,14,4,0.0
202300044671,155 601 295,B01,1,7,0,2,3,2,1,0.0
202300044671,155 601 297,A01,1,1,0,2,1,0,5,0.0
202300044672,155 601 294,A01,1,7,0,2,2,22,1,0.0
202300044672,155 601 296,B01,1,1,0,2,1,1,5,0.0
202300044673,155 601 298,C01,2,7,0,2,3,1,1,0.0
202300044673,155 601 299,A01,1,31,0,2,1,21,1,0.0
202300044673,155 601 301,B01,1,10,0,2,3,9,1,0.0
202300044674,155 601 291,A01,3,10,0,2,7,2,1,0.0
202300044674,155 601 292,B01,3,30,0,2,8,13,3,0.0
202300044675,155 601 290,A01,3,7,0,2,3,1,1,0.0
202300044675,155 601 293,B01,1,7,0,2,2,1,1,0.0
202300044676,155 601 289,A01,1,7,3,0,2,14,1,0.0
202300044677,155 601 288,A01,1,50,0,0,0,1,3,0.0
202300044678,155 601 285,A01,3,7,0,2,3,15,1,0.0
202300044678,155 601 286,B01,3,2,0,2,1,1,1,0.0
202300044679,155 601 282,A01,1,7,0,2,1,16,1,0.0
202300044679,155 601 284,B01,1,7,0,2,4,23,1,0.0
202300044680,155 601 281,B01,1,7,0,2,4,23,2,0.0
202300044680,155 601 283,A01,1,7,0,2,4,23,1,0.0
202300044680,155 601 287,C01,1,7,0,2,1,2,1,0.0
202300044681,155 601 276,A01,1,7,0,2,8,10,0,0.0
202300044681,155 601 278,B01,2,34,0,2,3,1,1,0.0
202300044682,155 601 274,B01,3,2,0,2,4,1,1,0.0
202300044682,155 601 277,A01,3,7,0,2,1,1,1,0.0
202300044683,155 601 275,A01,1,7,0,1,3,1,1,0.0
202300044684,155 601 271,A01,2,7,14,2,4,11,1,0.0
202300044684,155 601 273,B01,2,33,0,2,1,2,1,0.0
202300044685,155 601 268,A01,1,30,6,0,3,16,1,0.0
202300044686,155 601 269,A01,1,7,0,2,1,1,1,0.0
202300044686,155 601 270,C01,1,7,0,2,4,1,1,0.0
202300044686,155 601 272,B01,1,7,0,2,4,2,1,0.0
202300044687,155 601 267,A01,1,7,0,1,1,1,1,0.0
202300044688,155 601 263,A01,2,7,0,1,1,1,1,0.0
202300044689,155 601 262,A01,0,7,0,2,7,1,0,0.0
202300044689,155 601 264,B01,0,34,0,2,1,1,0,0.0
202300044690,155 601 260,A01,2,7,0,2,9,13,1,0.0
202300044690,155 601 265,B01,1,7,0,2,3,0,1,0.0
202300044690,155 601 266,C01,1,7,0,2,1,1,2,0.0
202300044691,155 601 258,A01,1,7,0,2,1,1,1,0.0
202300044691,155 601 261,B01,1,7,8,2,2,1,1,0.0
202300044692,155 601 257,B01,1,7,0,2,3,16,1,0.0
202300044692,155 601 259,A01,2,33,0,2,3,5,1,0.0
202300044693,155 601 255,A01,1,30,12,0,8,1,1,0.0
202300044694,155 601 254,B01,3,7,0,2,2,1,1,0.0
202300044694,155 601 256,A01,1,7,0,2,3,9,1,0.0
202300044695,155 601 252,A01,1,7,0,2,4,10,1,0.0
202300044695,155 601 253,B01,1,7,0,2,2,1,1,0.0
202300044696,155 601 249,B01,3,7,0,2,2,15,1,0.0
202300044696,155 601 250,A01,3,7,0,2,2,1,1,0.0
202300044697,155 601 247,A01,2,1,0,2,3,1,5,0.0
202300044697,155 601 251,B01,2,7,0,2,2,12,1,0.0
202300044698,155 601 246,A01,1,7,0,2,6,1,1,0.0
202300044698,155 601 248,B01,1,7,0,2,1,1,1,0.0
202300044699,155 601 240,A01,2,1,0,2,1,18,5,0.0
202300044699,155 601 242,B01,2,7,0,2,2,1,1,0.0
202300044700,155 601 243,A01,1,2,0,1,1,0,0,0.0
202300044701,155 601 241,C01,3,7,0,2,1,1,1,0.0
202300044701,155 601 244,A01,2,7,0,2,2,15,1,0.0
202300044701,155 601 245,B01,1,2,0,2,1,1,1,0.0
202300044702,155 601 239,A01,3,13,0,1,1,2,1,0.0
202300044703,155 601 237,A01,1,33,1,0,1,1,1,0.0
202300044704,155 601 236,B01,2,32,0,2,1,1,1,0.0
202300044704,155 601 238,A01,1,7,0,2,2,10,1,0.0
202300044705,155 601 234,A01,3,7,0,1,4,20,1,0.0
202300044706,155 601 233,B01,1,7,0,2,3,1,1,0.0
202300044706,155 601 235,A01,2,10,8,2,2,15,1,0.0
202300044707,155 601 232,A01,0,7,0,1,0,0,1,0.0
202300044708,155 601 231,A01,0,7,0,1,4,26,1,0.0
202300044709,155 601 229,A01,2,33,0,2,1,17,1,0.0
202300044709,155 601 230,B01,2,7,0,2,8,15,1,0.0
202300044710,155 601 227,A01,1,10,0,2,3,9,1,0.0
202300044710,155 601 228,B01,1,50,0,2,1,1,3,0.0
202300044711,155 601 225,Z01,3,32,0,2,3,1,0,0.0
202300044711,155 601 226,A01,3,32,0,2,2,1,1,0.0
202300044712,155 601 221,A01,0,1,0,1,0,1,5,0.0
202300044713,155 601 222,A01,2,7,0,2,2,16,1,0.0
202300044713,155 601 223,B01,2,50,0,2,8,1,3,0.0
202300044714,155 601 220,A01,0,7,0,2,3,0,1,0.0
202300044714,155 601 224,B01,3,33,0,2,7,0,1,0.0
202300044715,155 601 219,A01,2,10,13,0,1,26,0,0.0
202300044716,155 601 216,A01,1,10,0,9,7,0,0,0.0
202300044716,155 601 218,B01,3,1,0,2,1,1,5,0.0
202300044717,155 601 213,A01,2,7,0,2,3,1,1,0.0
202300044717,155 601 214,B01,3,2,0,2,1,1,1,0.0
202300044718,155 601 215,A01,1,7,0,2,1,1,1,0.0
202300044718,155 601 217,B01,1,7,0,2,4,1,1,0.0
202300044719,155 601 209,A01,3,7,0,2,1,5,1,0.0
202300044719,155 601 211,B01,3,1,0,2,1,19,5,0.0
202300044720,155 601 208,B01,3,32,0,2,7,14,1,0.0
202300044720,155 601 212,A01,1,7,0,2,1,9,1,0.0
202300044721,155 601 207,B01,3,7,0,2,8,1,1,0.0
202300044721,155 601 210,A01,1,7,0,2,3,1,1,0.0
202300044722,155 601 206,A01,1,7,0,1,1,1,1,0.0
202300044723,155 601 204,A01,3,7,0,1,3,26,1,0.0
202300044724,155 601 203,A01,3,7,0,0,0,0,1,0.0
202300044724,155 601 205,B01,3,43,0,0,0,0,1,0.0
202300044725,155 601 202,A01,1,7,3,0,1,26,1,0.0
202300044726,155 601 201,A01,3,7,13,0,1,1,1,0.0
202300044727,155 601 199,A01,1,37,0,2,1,1,1,1.0
202300044727,155 601 200,B01,1,7,0,2,6,1,1,0.0
202300044728,155 601 197,A01,3,7,0,0,0,0,1,0.0
202300044729,155 601 196,A01,1,7,0,2,7,11,1,0.0
202300044729,155 601 198,B01,1,34,0,2,8,2,1,0.0
202300044730,155 601 193,A01,1,50,0,0,0,25,3,0.0
202300044731,155 601 194,A01,1,34,0,0,8,1,1,0.0
202300044732,155 601 192,A01,3,7,0,2,2,15,1,0.0
202300044732,155 601 195,B01,3,50,0,2,7,1,3,0.0
202300044733,155 601 189,A01,2,33,13,0,2,1,1,0.0
202300044734,155 601 187,B01,1,7,8,2,3,1,1,0.0
202300044734,155 601 191,A01,2,7,0,2,1,1,1,0.0
202300044735,155 601 185,A01,2,10,0,2,1,2,1,0.0
202300044735,155 601 186,B01,2,10,0,2,4,2,1,0.0
202300044735,155 601 188,C01,2,10,0,2,4,2,1,0.0
202300044735,155 601 190,D01,2,7,0,2,4,2,1,0.0
202300044736,155 601 184,A01,1,33,7,0,1,1,1,0.0
202300044737,155 601 182,A01,3,1,1,1,7,1,5,0.0
202300044738,155 601 183,A01,2,10,0,1,3,1,1,0.0
202300044739,155 601 181,A01,1,7,0,1,2,1,1,0.0
202300044740,155 601 180,A01,1,30,0,0,7,1,1,0.0
202300044741,155 601 179,A01,1,7,0,1,1,15,1,0.0
202300044742,155 601 177,B01,0,7,0,2,6,2,0,0.0
202300044742,155 601 178,A01,0,31,0,2,1,1,1,0.0
202300044743,155 601 176,Z01,3,10,0,1,0,1,0,0.0
202300044744,155 601 175,A01,1,7,6,0,1,1,1,0.0
202300044745,155 601 173,A01,1,30,0,1,1,1,1,0.0
202300044746,155 601 172,A01,1,7,0,0,8,10,0,0.0
202300044746,155 601 174,B01,1,33,0,2,1,3,0,0.0
202300044747,155 601 170,A01,1,7,0,2,7,15,1,0.0
202300044747,155 601 171,B01,2,33,0,2,1,1,1,0.0
202300044748,155 601 166,A01,1,10,0,2,7,16,1,0.0
202300044748,155 601 169,B01,1,1,0,2,1,1,5,0.0
202300044749,155 601 165,A01,1,34,0,2,1,5,1,0.0
202300044749,155 601 168,B01,2,7,0,2,1,1,1,0.0
202300044750,155 601 164,B01,3,50,0,2,8,1,3,0.0
202300044750,155 601 167,Z01,1,7,0,9,1,16,0,0.0
202300044751,155 601 163,A01,3,7,9,0,1,14,1,0.0
202300044752,155 601 162,A01,2,7,6,0,1,13,1,0.0
202300044753,155 601 161,A01,1,37,6,0,1,13,1,1.0
202300044754,155 601 159,A01,3,42,0,0,9,0,1,0.0
202300044755,155 601 158,A01,1,7,0,2,2,16,1,0.0
202300044755,155 601 160,B01,1,1,0,2,1,1,5,0.0
202300044756,155 601 155,A01,1,33,0,2,4,23,1,0.0
202300044756,155 601 157,B01,1,7,0,2,4,23,1,0.0
202300044757,155 601 152,A01,2,50,0,9,3,26,3,0.0
202300044757,155 601 154,B01,1,1,0,2,1,19,5,0.0
202300044758,155 601 151,A01,2,7,0,2,2,1,1,0.0
202300044758,155 601 156,B01,2,1,0,2,3,11,5,0.0
202300044759,155 601 150,A01,3,1,0,2,1,1,5,0.0
202300044759,155 601 153,B01,3,1,0,2,0,1,5,0.0
202300044760,155 601 148,A01,1,1,0,0,0,1,5,0.0
202300044761,155 601 145,A01,0,2,0,2,1,1,1,0.0
202300044762,155 601 142,B01,0,2,0,2,8,16,1,0.0
202300044762,155 601 143,A01,0,7,0,2,1,15,1,0.0
202300044763,155 601 144,A01,1,7,0,1,2,1,1,0.0
202300044764,155 601 140,A01,1,21,0,2,3,1,1,0.0
202300044764,155 601 141,B01,2,10,0,2,3,1,1,0.0
202300044765,155 601 138,A01,0,7,0,2,2,19,1,0.0
202300044765,155 601 139,B01,0,31,0,2,1,15,1,0.0
202300044766,155 601 137,A01,2,7,12,0,1,1,1,0.0
202300044767,155 601 136,A01,2,7,0,2,3,0,0,0.0
202300044768,155 601 134,B01,1,1,0,2,1,1,5,0.0
202300044768,155 601 135,A01,1,7,0,2,2,1,2,0.0
202300044769,155 601 131,A01,3,7,0,2,1,13,1,0.0
202300044769,155 601 133,B01,3,7,0,2,3,1,1,0.0
202300044770,155 601 125,B01,2,7,0,2,0,0,1,0.0
202300044770,155 601 127,A01,2,7,1,1,1,2,1,0.0
202300044771,155 601 126,A01,2,33,0,2,7,1,1,0.0
202300044771,155 601 129,Z01,1,7,0,2,3,15,1,0.0
202300044772,155 601 124,A01,2,7,0,2,1,13,1,0.0
202300044772,155 601 128,B01,1,7,0,2,3,1,1,0.0
202300044773,155 601 120,A01,1,34,0,1,2,17,1,0.0
202300044773,155 601 123,B01,2,7,0,2,3,1,1,0.0
202300044774,155 601 121,A01,1,2,1,0,1,1,1,0.0
202300044775,155 601 118,A01,2,7,14,2,1,2,1,0.0
202300044775,155 601 119,B01,2,7,0,2,4,15,1,0.0
202300044775,155 601 122,C01,1,7,0,2,8,5,3,0.0
202300044776,155 601 116,B01,1,7,0,2,4,1,1,0.0
202300044776,155 601 117,C01,-1,7,-1,-1,-1,1,-1,0.0
202300044777,155 601 112,B01,1,7,0,2,1,1,1,0.0
202300044777,155 601 114,A01,2,7,0,2,1,13,1,0.0
202300044778,155 601 113,A01,2,32,0,2,1,16,1,0.0
202300044778,155 601 115,B01,1,7,0,2,7,15,1,0.0
202300044779,155 601 110,B01,3,7,0,2,6,9,1,0.0
202300044779,155 601 111,A01,3,7,0,2,1,1,2,0.0
202300044780,155 601 109,A01,0,2,0,0,0,15,1,0.0
202300044781,155 601 107,A01,0,7,0,2,2,1,1,0.0
202300044781,155 601 108,B01,0,7,0,2,1,1,1,0.0
202300044782,155 601 104,B01,2,32,0,2,1,1,1,0.0
202300044782,155 601 105,A01,1,7,0,2,1,10,1,0.0
202300044783,155 601 101,A01,1,7,0,2,2,15,1,0.0
202300044783,155 601 103,B01,2,33,0,2,1,1,1,0.0
202300044784,155 601 102,A01,2,7,0,2,1,15,1,0.0
202300044784,155 601 106,B01,1,33,0,0,3,1,1,0.0
202300044785,155 601 098,A01,1,7,8,0,3,26,1,0.0
202300044786,155 601 097,A01,2,10,0,2,8,22,1,0.0
202300044786,155 601 100,B01,2,1,0,2,7,1,5,0.0
202300044787,155 601 095,A01,3,7,0,1,1,20,1,0.0
202300044788,155 601 096,A01,1,7,0,2,2,15,1,0.0
202300044788,155 601 099,B01,1,33,0,2,1,1,1,0.0
202300044789,155 601 094,A01,2,50,0,0,0,19,3,0.0
202300044790,155 601 092,A01,1,7,0,2,3,9,0,0.0
202300044790,155 601 093,B01,1,33,0,2,7,9,0,0.0
202300044791,155 601 091,A01,2,7,6,0,1,1,1,0.0
202300044792,155 601 087,B01,1,7,0,2,3,1,1,0.0
202300044792,155 601 090,A01,2,7,0,2,3,1,1,0.0
202300044793,155 601 086,A01,2,31,0,2,1,2,1,0.0
202300044793,155 601 089,B01,2,7,0,2,6,2,1,0.0
202300044794,155 601 085,A01,2,7,0,2,2,15,1,0.0
202300044794,155 601 088,B01,1,1,0,2,1,1,5,0.0
202300044795,155 601 080,A01,1,33,0,2,1,13,1,0.0
202300044795,155 601 083,B01,2,10,0,2,2,1,1,0.0
202300044796,155 601 078,A01,3,7,0,2,2,15,1,0.0
202300044796,155 601 082,B01,3,30,0,2,1,1,1,0.0
202300044797,155 601 077,B01,1,33,0,2,6,1,1,0.0
202300044797,155 601 079,D01,1,10,0,2,5,1,1,0.0
202300044797,155 601 081,C01,1,7,0,2,6,9,2,0.0
202300044797,155 601 084,A01,1,7,0,2,6,13,1,0.0
202300044798,155 601 072,A01,3,7,0,2,1,1,1,0.0
202300044798,155 601 073,B01,3,32,0,2,0,13,1,0.0
202300044799,155 601 071,A01,3,7,0,2,1,1,1,0.0
202300044799,155 601 075,B01,1,7,7,0,8,1,1,0.0
202300044800,155 601 074,A01,1,7,0,2,1,2,1,0.0
202300044800,155 601 076,B01,1,7,0,2,6,2,1,0.0
202300044801,155 601 069,A01,3,33,13,0,1,14,1,0.0
202300044802,155 601 067,A01,1,7,0,1,1,2,0,0.0
202300044803,155 601 068,Z01,3,7,0,2,3,2,1,0.0
202300044803,155 601 070,B01,2,7,0,2,5,23,1,0.0
202300044804,155 601 065,A01,1,7,0,9,2,15,1,0.0
202300044804,155 601 066,B01,2,1,0,2,1,1,5,0.0
202300044805,155 601 064,A01,3,10,0,1,4,4,1,0.0
202300044806,155 601 063,A01,1,7,0,1,1,15,1,0.0
202300044807,155 601 059,Z01,3,7,0,2,0,1,0,0.0
202300044807,155 601 061,A01,3,30,1,2,4,1,1,0.0
202300044808,155 601 060,B01,1,1,0,2,1,1,5,0.0
202300044808,155 601 062,A01,1,1,0,2,4,1,5,0.0
202300044809,155 601 057,B01,1,7,0,2,4,1,1,0.0
202300044809,155 601 058,A01,1,31,0,2,1,2,1,0.0
202300044810,155 601 055,A01,1,1,3,0,1,1,5,0.0
202300044811,155 601 054,A01,2,33,0,2,1,1,1,0.0
202300044811,155 601 056,B01,3,7,0,0,5,23,4,0.0
202300044812,155 601 051,A01,1,7,9,0,1,1,1,0.0
202300044813,155 601 050,B01,1,7,0,2,2,1,1,0.0
202300044813,155 601 052,A01,2,7,0,2,1,5,1,0.0
202300044814,155 601 048,A01,2,7,0,2,1,1,1,0.0
202300044814,155 601 049,B01,2,10,0,2,4,23,1,0.0
202300044815,155 601 047,A01,3,32,0,1,0,25,0,0.0
202300044816,155 601 046,A01,1,33,0,0,7,16,1,0.0
202300044817,155 601 045,A01,1,7,9,0,2,1,1,0.0
202300044818,155 601 043,A01,3,16,13,0,3,1,1,0.0
202300044819,155 601 042,Y01,2,50,0,2,4,2,3,0.0
202300044819,155 601 044,Z01,2,7,0,2,1,0,1,0.0
202300044820,155 601 040,B01,0,10,0,9,2,9,1,0.0
202300044820,155 601 041,A01,0,34,1,2,3,2,1,0.0
202300044821,155 601 038,A01,2,1,0,2,3,16,5,0.0
202300044821,155 601 039,B01,2,7,0,2,1,1,1,0.0
202300044822,155 601 034,B01,2,10,0,2,2,1,0,0.0
202300044822,155 601 036,A01,1,34,0,2,1,14,0,0.0
202300044823,155 601 035,A01,2,7,0,2,2,15,1,0.0
202300044823,155 601 037,B01,1,7,0,2,1,1,1,0.0
202300044824,155 601 031,A01,1,7,0,2,8,19,0,0.0
202300044824,155 601 033,B01,2,2,0,2,1,1,0,0.0
202300044825,155 601 030,A01,1,33,0,2,1,13,1,0.0
202300044825,155 601 032,B01,1,7,0,0,0,0,1,0.0
202300044826,155 601 028,A01,2,10,0,2,3,19,1,0.0
202300044826,155 601 029,B01,1,30,0,2,1,15,0,0.0
202300044827,155 601 025,B01,1,10,0,2,3,5,1,0.0
202300044827,155 601 026,A01,3,7,0,2,3,2,1,0.0
202300044828,155 601 024,B01,2,33,0,2,3,1,0,0.0
202300044828,155 601 027,A01,3,99,0,2,2,1,6,0.0
202300044829,155 601 023,A01,1,43,1,0,1,15,1,0.0
202300044830,155 601 021,A01,1,7,1,0,2,0,1,0.0
202300044830,155 601 022,B01,1,7,1,0,8,0,1,0.0
202300044831,155 601 019,A01,1,7,0,2,1,15,1,0.0
202300044831,155 601 020,B01,2,33,0,2,1,1,1,0.0