num_acc,id_vehicule,num_veh,senc,catv,obs,obsm,choc,manv,motor,occutc
202300045078,155 600 569,B01,1,2,0,2,1,1,1,0.0
202300045079,155 600 566,A01,2,7,0,2,7,1,1,0.0
202300045079,155 600 567,B01,2,7,0,2,1,1,1,0.0
202300045080,155 600 564,A01,1,7,0,2,3,1,1,0.0
202300045080,155 600 565,B01,2,10,0,2,3,1,1,0.0
202300045081,155 600 562,B01,1,7,0,2,1,1,1,0.0
202300045081,155 600 563,A01,1,7,0,2,1,1,1,0.0
202300045082,155 600 557,C01,1,7,0,2,1,1,1,0.0
202300045082,155 600 558,B01,1,7,0,2,1,1,1,0.0
202300045082,155 600 559,A01,2,7,0,2,1,13,1,0.0
202300045083,155 600 555,A01,3,7,0,2,4,2,1,0.0
202300045083,155 600 556,B01,3,33,0,2,1,2,1,0.0
202300045084,155 600 554,A01,1,7,13,0,8,1,1,0.0
202300045085,155 600 552,A01,2,7,0,2,2,1,1,0.0
202300045085,155 600 553,B01,1,30,0,2,2,21,1,0.0
202300045086,155 600 551,A01,2,2,0,0,0,1,1,0.0
202300045087,155 600 550,A01,1,33,6,0,1,1,1,0.0
202300045088,155 600 549,A01,1,33,13,0,2,1,1,0.0
202300045089,155 600 545,A01,2,7,0,2,1,13,1,0.0
202300045089,155 600 546,B01,1,7,0,2,2,1,1,0.0
202300045090,155 600 543,A01,1,7,0,2,2,21,1,0.0
202300045090,155 600 544,B01,1,2,0,2,8,15,1,0.0
202300045091,155 600 541,A01,1,7,8,2,3,1,1,0.0
202300045091,155 600 542,B01,2,7,0,2,3,1,1,0.0
202300045092,155 600 539,A01,1,1,0,2,2,2,5,0.0
202300045092,155 600 540,B01,1,1,0,2,3,2,5,0.0
202300045093,155 600 537,A01,1,21,0,2,7,17,1,0.0
202300045093,155 600 538,B01,1,80,0,2,8,1,3,0.0
202300045094,155 600 536,A01,1,2,0,0,2,1,1,0.0
202300045095,155 600 534,A01,1,50,0,2,1,5,3,0.0
202300045095,155 600 535,B01,2,7,0,2,2,9,1,0.0
202300045096,155 600 532,A01,2,10,0,2,3,10,1,0.0
202300045096,155 600 533,B01,2,10,0,2,1,1,1,0.0
202300045097,155 600 531,A01,1,80,15,0,0,2,3,0.0
202300045098,155 600 527,A01,3,17,0,4,7,26,1,0.0
202300045098,155 600 528,B01,0,39,1,2,1,26,0,0.0
202300045099,155 600 526,A01,2,15,17,0,2,1,1,0.0
202300045100,155 600 522,D01,2,7,0,2,1,1,1,0.0
202300045100,155 600 523,C01,2,7,0,2,6,23,1,0.0
202300045100,155 600 524,A01,2,17,0,2,8,23,1,0.0
202300045100,155 600 525,B01,2,7,0,2,4,23,1,0.0
202300045101,155 600 520,A01,2,7,0,0,4,2,1,0.0
202300045101,155 600 521,B01,2,7,0,2,1,2,1,0.0
202300045102,155 600 519,A01,1,33,0,0,6,1,1,0.0
202300045103,155 600 517,A01,1,7,0,2,1,5,1,0.0
202300045103,155 600 518,B01,2,99,0,2,1,1,1,0.0
202300045104,155 600 515,A01,2,7,0,2,1,1,1,0.0
202300045104,155 600 516,B01,1,7,0,2,3,1,1,0.0
202300045105,155 600 514,A01,2,7,2,0,3,13,1,0.0
202300045106,155 600 513,A01,1,33,0,0,0,1,1,0.0
202300045107,155 600 512,A01,3,7,0,1,1,1,1,0.0
202300045108,155 600 511,A01,3,33,12,0,9,16,1,0.0
202300045109,155 600 509,A01,0,14,6,2,3,1,1,0.0
202300045109,155 600 510,B01,3,30,0,2,7,9,1,0.0
202300045110,155 600 507,A01,1,7,0,2,1,5,1,0.0
202300045110,155 600 508,B01,2,33,0,2,1,1,1,0.0
202300045111,155 600 505,A01,1,7,0,2,0,10,1,0.0
202300045111,155 600 506,B01,2,80,15,2,0,1,3,0.0
202300045112,155 600 503,A01,1,33,0,2,7,17,1,0.0
202300045112,155 600 504,B01,1,7,0,2,8,1,1,0.0
202300045113,155 600 500,B01,2,7,0,2,6,1,1,0.0
202300045113,155 600 501,C01,2,7,0,2,1,1,1,0.0
202300045113,155 600 502,A01,1,7,0,2,1,1,1,0.0
202300045114,155 600 498,A01,1,7,0,2,3,2,2,0.0
202300045114,155 600 499,B01,1,7,0,2,2,1,1,0.0
202300045115,155 600 495,C01,1,7,0,2,4,2,1,0.0
202300045115,155 600 496,A01,1,7,0,2,1,2,1,0.0
202300045115,155 600 497,B01,1,7,0,2,4,2,1,0.0
202300045116,155 600 493,A01,2,7,0,2,1,1,1,0.0
202300045116,155 600 494,B01,2,7,0,2,4,1,2,0.0
202300045117,155 600 491,A01,2,33,0,2,1,3,1,0.0
202300045117,155 600 492,B01,2,7,0,2,7,12,1,0.0
202300045118,155 600 489,A01,1,7,0,2,1,1,0,0.0
202300045118,155 600 490,B01,1,17,0,2,4,2,0,0.0
202300045119,155 600 485,C01,1,7,0,2,4,2,1,0.0
202300045119,155 600 486,D01,1,7,0,2,4,2,1,0.0
202300045119,155 600 487,A01,1,7,0,2,1,1,1,0.0
202300045119,155 600 488,B01,1,7,0,2,4,2,1,0.0
202300045120,155 600 483,A01,2,7,1,0,1,0,0,0.0
202300045120,155 600 484,B01,2,17,0,0,6,23,0,0.0
202300045121,155 600 478,A01,1,7,0,2,2,14,1,0.0
202300045121,155 600 479,B01,1,33,0,2,6,1,1,0.0
202300045121,155 600 480,C01,1,7,0,2,8,1,1,0.0
202300045121,155 600 481,D01,1,10,0,2,5,2,1,0.0
202300045121,155 600 482,E01,1,10,0,2,6,2,1,0.0
202300045122,155 600 476,A01,1,7,0,2,7,12,1,0.0
202300045122,155 600 477,B01,1,33,0,2,8,1,1,0.0
202300045123,155 600 475,A01,1,33,15,0,7,0,1,0.0
202300045124,155 600 472,A01,1,33,0,2,1,1,1,0.0
202300045124,155 600 473,B01,1,7,0,2,6,1,1,0.0
202300045124,155 600 474,C01,1,10,0,2,8,1,1,0.0
202300045125,155 600 469,C01,2,7,0,2,6,1,1,0.0
202300045125,155 600 470,A01,2,33,0,2,1,3,1,0.0
202300045125,155 600 471,B01,2,7,0,2,4,2,1,0.0
202300045126,155 600 468,A01,1,33,3,0,1,3,1,0.0
202300045127,155 600 466,Z01,1,10,0,2,3,11,0,0.0
202300045127,155 600 467,A01,1,33,0,2,2,3,1,0.0
202300045128,155 600 464,B01,1,10,0,2,4,2,1,0.0
202300045128,155 600 465,A01,1,7,0,2,1,2,2,0.0
202300045129,155 600 463,A01,1,32,0,2,8,9,1,0.0
202300045130,155 600 462,A01,2,7,3,0,8,1,1,0.0
202300045131,155 600 461,A01,1,7,3,9,1,14,1,0.0
202300045132,155 600 458,A01,1,15,0,2,1,22,1,0.0
202300045132,155 600 459,C01,1,7,0,2,5,26,1,0.0
202300045132,155 600 460,B01,1,33,14,2,1,3,1,0.0
202300045133,155 600 457,A01,1,7,3,0,6,1,1,0.0
202300045134,155 600 455,A01,1,7,0,2,5,15,1,0.0
202300045134,155 600 456,B01,2,33,0,2,1,1,1,0.0
202300045135,155 600 453,A01,2,7,0,2,1,2,1,0.0
202300045135,155 600 454,B01,2,7,0,2,4,1,1,0.0
202300045136,155 600 451,B01,2,7,0,2,8,1,1,0.0
202300045136,155 600 452,A01,2,7,6,2,1,19,1,0.0
202300045137,155 600 450,A01,2,7,4,0,1,1,1,0.0
202300045138,155 600 447,A01,3,2,0,2,2,1,1,0.0
202300045138,155 600 448,B01,3,2,0,2,2,1,1,0.0
202300045139,155 600 446,A01,1,7,13,0,1,1,1,0.0
202300045140,155 600 445,A01,1,2,0,0,0,0,0,0.0
202300045141,155 600 442,C01,2,15,0,0,6,1,1,0.0
202300045141,155 600 443,A01,2,38,0,2,1,1,1,19.0
202300045141,155 600 444,B01,2,10,0,2,4,1,1,0.0
202300045142,155 600 440,A01,2,7,4,0,6,2,1,0.0
202300045142,155 600 441,B01,2,7,0,2,2,0,1,0.0
202300045143,155 600 438,A01,1,2,0,2,1,5,1,0.0
202300045143,155 600 439,B01,2,7,0,2,1,1,1,0.0
202300045144,155 600 436,B01,2,33,0,0,8,1,1,0.0
202300045144,155 600 437,A01,1,10,0,2,8,1,1,0.0
202300045145,155 600 435,A01,1,7,13,0,9,14,1,0.0
202300045146,155 600 433,A01,3,2,0,2,5,1,1,0.0
202300045146,155 600 434,B01,3,7,0,2,1,1,0,0.0
202300045147,155 600 432,A01,3,7,13,0,1,1,0,0.0
202300045148,155 600 430,A01,3,7,0,2,1,5,1,0.0
202300045148,155 600 431,B01,3,7,0,2,1,1,1,0.0
202300045149,155 600 428,A01,1,33,0,2,1,17,1,0.0
202300045149,155 600 429,B01,1,7,0,2,6,15,1,0.0
202300045150,155 600 427,A01,2,10,3,0,2,1,1,0.0
202300045151,155 600 425,A01,1,7,0,0,4,15,3,0.0
202300045151,155 600 426,B01,1,7,0,2,1,2,1,0.0
202300045152,155 600 424,A01,1,7,13,0,3,13,0,0.0
202300045153,155 600 423,A01,1,7,13,0,2,1,1,0.0
202300045154,155 600 421,B01,1,7,16,0,7,21,1,0.0
202300045154,155 600 422,A01,2,7,0,2,2,13,1,0.0
202300045155,155 600 420,A01,2,10,13,0,2,1,1,0.0
202300045156,155 600 419,A01,1,7,2,0,8,14,1,0.0
202300045157,155 600 416,A01,1,7,13,0,3,1,1,0.0
202300045158,155 600 414,B01,3,7,0,2,2,15,1,0.0
202300045158,155 600 415,A01,1,7,0,2,2,1,1,0.0
202300045159,155 600 412,A01,1,7,0,2,1,0,0,0.0
202300045159,155 600 413,B01,2,7,0,2,1,0,0,0.0
202300045160,155 600 411,A01,1,7,13,0,2,1,0,0.0
202300045161,155 600 409,A01,2,7,0,2,1,13,1,0.0
202300045161,155 600 410,B01,1,7,0,2,1,1,1,0.0
202300045162,155 600 407,A01,1,10,0,2,3,1,1,0.0
202300045162,155 600 408,B01,2,2,0,2,1,13,1,0.0
202300045163,155 600 406,A01,3,7,2,0,3,1,0,0.0
202300045164,155 600 405,A01,2,1,0,0,0,0,5,0.0
202300045165,155 600 403,A01,1,2,0,2,7,1,1,0.0
202300045165,155 600 404,B01,2,7,0,2,2,14,1,0.0
202300045166,155 600 402,A01,2,10,2,0,9,21,1,0.0
202300045167,155 600 400,A01,2,7,0,2,3,13,1,0.0
202300045167,155 600 401,B01,1,14,6,2,3,1,1,0.0
202300045168,155 600 398,A01,3,2,0,2,8,0,1,0.0
202300045168,155 600 399,B01,3,14,0,2,1,0,1,0.0
202300045169,155 600 397,A01,1,33,13,0,1,1,1,0.0
202300045170,155 600 394,A01,1,7,13,0,7,1,0,0.0
202300045171,155 600 393,A01,2,33,0,0,1,1,1,0.0
202300045172,155 600 389,C01,1,7,0,2,4,23,1,0.0
202300045172,155 600 390,B01,2,7,0,2,2,21,1,0.0
202300045172,155 600 391,D01,1,7,0,2,1,1,1,0.0
202300045172,155 600 392,A01,2,7,0,2,3,10,1,0.0
202300045173,155 600 387,A01,1,2,0,2,1,17,1,0.0
202300045173,155 600 388,B01,2,2,0,2,1,1,1,0.0
202300045174,155 600 386,A01,1,7,15,0,2,1,1,0.0
202300045175,155 600 383,A01,2,13,0,2,4,1,1,0.0
202300045175,155 600 384,B01,2,7,0,2,1,2,1,0.0
202300045175,155 600 385,C01,2,7,0,2,1,12,1,0.0
202300045176,155 600 381,A01,1,7,0,2,2,0,1,0.0
202300045176,155 600 382,B01,1,7,0,0,6,0,1,0.0
202300045177,155 600 380,A01,2,33,0,0,7,1,1,0.0
202300045178,155 600 379,A01,3,2,13,0,7,21,1,0.0
202300045179,155 600 377,A01,1,7,0,2,2,1,1,0.0
202300045179,155 600 378,B01,2,7,0,2,8,9,1,0.0
202300045180,155 600 376,A01,2,33,0,0,9,1,1,0.0
202300045181,155 600 375,A01,2,7,2,0,1,17,1,0.0
202300045182,155 600 374,A01,1,7,13,0,3,0,1,0.0
202300045183,155 600 373,A01,1,7,0,0,0,1,1,0.0
202300045184,155 600 372,A01,1,33,12,0,8,1,1,0.0
202300045185,155 600 370,A01,1,7,3,2,3,1,1,0.0
202300045185,155 600 371,B01,2,7,3,2,3,1,1,0.0
202300045186,155 600 368,A01,1,7,0,2,1,0,0,0.0
202300045186,155 600 369,B01,1,80,0,2,4,2,3,0.0
202300045187,155 600 367,A01,0,2,8,0,1,26,0,0.0
202300045188,155 600 366,A01,2,7,13,0,2,17,1,0.0
202300045189,155 600 364,A01,3,7,0,2,1,1,1,0.0
202300045189,155 600 365,B01,3,1,0,0,4,1,5,0.0
202300045190,155 600 362,A01,1,33,0,2,8,2,1,0.0
202300045190,155 600 363,B01,1,33,0,2,7,2,1,0.0
202300045191,155 600 360,B01,2,7,13,2,2,1,1,0.0
202300045191,155 600 361,A01,2,7,13,0,1,16,1,0.0
202300045192,155 600 358,B01,0,7,0,2,3,24,1,0.0
202300045192,155 600 359,A01,0,7,1,1,3,13,1,0.0
202300045193,155 600 356,A01,3,2,0,1,1,21,1,0.0
202300045194,155 600 355,A01,1,7,0,1,2,1,1,0.0
202300045195,155 600 354,A01,3,33,0,0,0,2,1,0.0
202300045196,155 600 352,A01,1,7,0,2,7,13,1,0.0
202300045196,155 600 353,B01,2,7,0,2,3,1,1,0.0
202300045197,155 600 349,C01,1,7,0,2,8,1,0,0.0
202300045197,155 600 350,A01,2,7,0,2,3,13,1,0.0
202300045197,155 600 351,B01,1,10,0,2,6,1,0,0.0
202300045198,155 600 347,A01,1,7,0,2,3,24,1,0.0
202300045198,155 600 348,B01,1,1,0,2,1,1,5,0.0
202300045199,155 600 346,A01,2,50,14,0,1,1,3,0.0
202300045200,155 600 344,B01,2,7,0,2,5,1,1,0.0
202300045200,155 600 345,A01,1,30,0,2,2,1,1,0.0
202300045201,155 600 342,Y01,1,80,0,2,5,5,3,0.0
202300045201,155 600 343,A01,1,7,0,2,1,1,0,0.0
202300045202,155 600 340,B01,3,31,0,2,1,3,1,0.0
202300045202,155 600 341,A01,3,7,0,2,6,3,1,0.0
202300045203,155 600 338,B01,1,7,0,0,0,0,0,0.0
202300045203,155 600 339,A01,1,33,0,2,0,0,0,0.0
202300045204,155 600 337,A01,2,7,6,0,1,1,1,0.0
202300045205,155 600 336,A01,1,7,0,1,1,0,1,0.0
202300045206,155 600 335,A01,1,7,0,1,1,1,1,0.0
202300045207,155 600 333,A01,1,7,1,0,3,1,1,0.0
202300045207,155 600 334,B01,2,7,1,2,3,1,0,0.0
202300045208,155 600 331,B01,0,31,0,2,0,0,0,0.0
202300045208,155 600 332,A01,0,7,0,2,4,1,0,0.0
202300045209,155 600 328,A01,3,7,0,2,4,0,1,0.0
202300045209,155 600 329,B01,3,7,4,0,1,1,1,0.0
202300045209,155 600 330,C01,3,99,4,0,1,1,0,0.0
202300045210,155 600 327,A01,3,33,0,0,8,2,1,0.0
202300045211,155 600 325,A01,3,33,0,2,1,13,1,0.0
202300045211,155 600 326,B01,3,7,0,2,2,1,1,0.0
202300045212,155 600 323,A01,1,7,0,2,8,15,0,0.0
202300045212,155 600 324,B01,2,34,0,2,1,1,0,0.0
202300045213,155 600 321,A01,1,7,0,2,2,19,1,0.0
202300045213,155 600 322,B01,1,7,0,2,8,1,1,0.0
202300045214,155 600 319,A01,1,7,0,2,7,12,1,0.0
202300045214,155 600 320,B01,1,7,4,2,8,1,1,0.0
202300045215,155 600 318,A01,2,43,0,0,1,1,1,0.0
202300045216,155 600 316,A01,2,7,0,2,3,5,1,0.0
202300045216,155 600 317,B01,1,7,0,2,3,5,2,0.0
202300045217,155 600 315,A01,1,33,7,0,0,1,1,0.0
202300045218,155 600 314,A01,0,7,0,1,4,4,1,0.0
202300045219,155 600 312,A01,2,7,13,0,3,0,1,0.0
202300045220,155 600 311,A01,1,2,0,0,1,26,0,0.0
202300045221,155 600 310,A01,2,7,2,0,9,1,1,0.0
202300045222,155 600 309,A01,3,7,15,0,1,1,1,0.0
202300045223,155 600 307,A01,1,2,1,2,1,1,1,0.0
202300045224,155 600 305,A01,1,7,8,2,3,13,1,0.0
202300045224,155 600 306,B01,2,33,0,2,1,1,1,0.0
202300045225,155 600 303,B01,1,7,0,2,3,1,1,0.0
202300045225,155 600 304,A01,2,1,0,2,1,13,5,0.0
202300045226,155 600 302,A01,2,7,2,0,1,1,0,0.0
202300045227,155 600 300,A01,2,7,17,0,1,14,1,0.0
202300045228,155 600 299,A01,1,7,16,0,0,15,1,0.0
202300045229,155 600 298,A01,3,33,2,0,3,1,1,0.0
202300045230,155 600 297,A01,1,7,8,0,2,1,1,0.0
202300045231,155 600 296,A01,1,2,0,0,1,0,1,0.0
202300045232,155 600 295,A01,1,7,8,0,2,1,1,0.0
202300045233,155 600 293,A01,1,7,0,2,2,15,1,0.0
202300045233,155 600 294,B01,2,7,0,2,1,1,1,0.0
202300045234,155 600 291,A01,2,7,0,2,3,19,1,0.0
202300045234,155 600 292,B01,1,7,0,2,2,1,1,0.0
202300045235,155 600 289,A01,1,7,0,2,3,15,1,0.0
202300045235,155 600 290,B01,2,7,0,2,3,1,1,0.0
202300045236,155 600 287,A01,1,7,0,2,6,11,3,0.0
202300045236,155 600 288,B01,1,33,0,2,1,2,1,0.0
202300045237,155 600 285,A01,2,7,0,2,4,15,1,0.0
202300045237,155 600 286,B01,1,7,0,2,2,1,1,0.0
202300045238,155 600 284,A01,1,7,0,1,7,1,1,0.0
202300045239,155 600 281,B01,3,7,0,1,1,1,0,0.0
202300045239,155 600 282,A01,3,7,0,2,1,1,0,0.0
202300045240,155 600 280,A01,3,7,0,1,1,1,1,0.0
202300045241,155 600 278,A01,3,10,3,0,3,13,1,0.0
202300045241,155 600 279,B01,3,7,0,2,1,1,1,0.0
202300045242,155 600 276,B01,1,31,0,2,0,0,6,0.0
202300045242,155 600 277,A01,1,13,0,2,6,15,0,0.0
202300045243,155 600 274,A01,2,7,0,2,2,15,1,0.0
202300045243,155 600 275,B01,2,1,0,2,7,26,5,0.0
202300045244,155 600 273,A01,1,37,0,0,3,0,4,1.0
202300045245,155 600 272,A01,1,7,0,1,1,1,1,0.0
202300045246,155 600 270,A01,3,7,0,2,3,9,1,0.0
202300045246,155 600 271,B01,3,50,0,2,7,1,3,0.0
202300045247,155 600 269,A01,2,7,15,0,1,14,1,0.0
202300045248,155 600 267,A01,2,7,0,2,2,1,1,0.0
202300045248,155 600 268,B01,3,1,0,2,7,19,5,0.0
202300045249,155 600 265,A01,1,7,0,2,3,15,1,0.0
202300045249,155 600 266,B01,2,33,0,2,1,1,1,0.0
202300045250,155 600 264,A01,2,7,3,0,1,1,1,0.0
202300045251,155 600 262,A01,1,7,0,0,1,14,2,0.0
202300045252,155 600 261,A01,1,7,0,2,1,2,1,0.0
202300045252,155 600 263,B01,1,10,0,2,4,2,1,0.0
202300045253,155 600 260,A01,3,7,8,0,1,1,1,0.0
202300045254,155 600 258,B01,3,1,0,2,1,26,5,0.0
202300045254,155 600 259,A01,3,7,0,2,3,1,1,0.0
202300045255,155 600 256,A01,2,7,0,2,1,2,2,0.0
202300045255,155 600 257,B01,2,10,0,2,4,2,1,0.0
202300045256,155 600 255,A01,1,32,0,1,1,1,1,0.0
202300045257,155 600 253,A01,2,10,0,1,2,1,1,0.0
202300045258,155 600 252,B01,3,7,0,2,2,1,3,0.0
202300045258,155 600 254,A01,3,7,0,2,8,15,1,0.0
202300045259,155 600 250,Z01,1,30,0,1,1,14,0,0.0
202300045260,155 600 249,A01,1,7,0,2,1,1,3,0.0
202300045260,155 600 251,B01,3,80,0,2,3,9,3,0.0
202300045261,155 600 248,A01,0,7,0,1,4,20,1,0.0
202300045262,155 600 246,A01,1,7,0,2,4,1,1,0.0
202300045262,155 600 247,B01,1,7,0,2,1,1,1,0.0
202300045263,155 600 245,A01,0,7,0,1,2,1,1,0.0
202300045264,155 600 243,Z01,2,50,0,1,1,1,3,0.0
202300045265,155 600 239,A01,2,7,15,2,4,4,3,0.0
202300045265,155 600 241,B01,2,1,0,2,1,1,5,0.0
202300045266,155 600 238,A01,2,7,12,2,1,13,1,0.0
202300045266,155 600 240,B01,2,7,0,2,3,1,1,0.0
202300045266,155 600 242,C01,1,7,0,0,6,1,1,0.0
202300045266,155 600 244,D01,1,7,0,9,1,1,1,0.0
202300045267,155 600 235,A01,1,7,0,2,1,15,2,0.0
202300045267,155 600 236,B01,2,32,0,2,1,1,1,0.0
202300045268,155 600 237,A01,1,3,6,0,1,19,1,0.0
202300045269,155 600 232,A01,1,50,0,0,8,15,3,0.0
202300045269,155 600 234,Z01,1,10,0,0,2,1,6,0.0
202300045270,155 600 228,B01,2,7,0,2,3,1,1,0.0
202300045270,155 600 229,A01,2,33,0,2,3,1,1,0.0
202300045271,155 600 227,A01,2,7,0,1,2,1,0,0.0
202300045272,155 600 225,A01,2,7,0,2,4,1,0,0.0
202300045272,155 600 226,B01,2,1,0,2,1,2,5,0.0
202300045273,155 600 223,B01,1,7,0,2,6,24,1,0.0
202300045273,155 600 224,A01,1,7,1,0,2,9,2,0.0
202300045274,155 600 221,A01,1,50,0,2,1,14,3,0.0
202300045274,155 600 222,B01,2,1,0,2,1,13,5,0.0
202300045275,155 600 219,A01,0,7,0,2,1,14,0,0.0
202300045275,155 600 220,B01,0,7,0,2,1,13,0,0.0
202300045276,155 600 217,B01,1,7,0,2,1,15,2,0.0
202300045276,155 600 218,A01,2,80,0,2,7,1,3,0.0
202300045277,155 600 215,A01,1,34,0,2,7,1,1,0.0
202300045277,155 600 216,Z01,2,7,0,2,0,0,0,0.0
202300045278,155 600 214,B01,1,80,0,1,1,1,3,0.0
202300045279,155 600 212,A01,1,7,0,2,1,5,1,0.0
202300045279,155 600 213,B01,2,10,0,2,1,1,1,0.0
202300045280,155 600 211,A01,2,32,12,0,1,13,1,0.0
202300045281,155 600 210,A01,3,7,0,1,7,0,1,0.0
202300045282,155 600 208,A01,2,1,0,2,1,2,5,0.0
202300045282,155 600 209,B01,2,10,0,0,4,1,1,0.0
202300045283,155 600 206,A01,0,7,0,2,1,26,0,0.0
202300045283,155 600 207,B01,0,7,0,2,8,0,1,0.0
202300045284,155 600 205,A01,1,80,14,0,3,13,3,0.0
202300045285,155 600 202,A01,0,7,8,2,1,2,1,0.0
202300045285,155 600 204,B01,0,7,0,2,4,23,2,0.0
202300045286,155 600 203,A01,2,80,12,0,1,14,3,0.0
202300045287,155 600 198,C01,0,1,0,2,8,19,5,0.0
202300045287,155 600 200,A01,2,7,0,2,1,1,1,0.0
202300045287,155 600 201,B01,2,7,0,2,1,1,1,0.0
202300045288,155 600 197,A01,3,7,15,2,1,26,0,0.0
202300045288,155 600 199,B01,3,7,0,2,1,1,1,0.0
202300045289,155 600 196,A01,3,7,0,1,4,4,0,0.0
202300045290,155 600 192,B01,2,7,0,2,8,11,1,0.0
202300045290,155 600 194,A01,2,33,0,2,2,3,1,0.0
202300045291,155 600 193,B01,1,7,1,2,8,1,1,0.0
202300045291,155 600 195,A01,1,7,0,2,1,1,1,0.0
202300045292,155 600 191,A01,2,30,14,0,7,2,3,0.0
202300045293,155 600 190,A01,3,7,1,0,1,21,1,0.0
202300045294,155 600 188,A01,0,10,0,2,2,22,1,0.0
202300045294,155 600 189,B01,0,1,0,2,3,1,5,0.0
202300045295,155 600 187,A01,1,7,0,1,3,15,1,0.0
202300045296,155 600 183,A01,2,10,0,2,8,13,1,0.0
202300045296,155 600 185,B01,2,32,0,2,2,13,1,0.0
202300045296,155 600 186,C01,1,34,0,2,3,26,1,0.0
202300045297,155 600 182,B01,1,7,0,2,5,15,1,0.0
202300045297,155 600 184,A01,1,33,0,2,1,1,1,0.0
202300045298,155 600 178,Z01,3,7,0,2,1,1,0,0.0
202300045298,155 600 180,A01,3,34,0,2,1,17,1,0.0
202300045299,155 600 179,A01,1,1,0,2,3,0,5,0.0
202300045299,155 600 181,Z01,1,0,0,2,2,12,0,0.0
202300045300,155 600 176,Z01,3,30,0,0,8,1,1,0.0
202300045301,155 600 174,C01,2,7,0,2,4,0,0,0.0
202300045301,155 600 175,B01,2,3,0,2,4,2,0,0.0
202300045301,155 600 177,A01,2,7,0,2,1,2,0,0.0
202300045302,155 600 173,A01,1,7,0,1,3,15,1,0.0
202300045303,155 600 172,A01,1,7,0,0,0,0,1,0.0
202300045304,155 600 171,A01,1,33,0,6,1,1,1,0.0
202300045305,155 600 169,A01,1,7,0,1,0,23,1,0.0
202300045305,155 600 170,B01,3,10,1,0,0,1,1,0.0
202300045306,155 600 166,B01,2,2,0,2,1,1,1,0.0
202300045306,155 600 168,A01,1,7,0,2,2,15,1,0.0
202300045307,155 600 164,A01,1,7,0,2,3,5,1,0.0
202300045307,155 600 165,B01,2,7,0,2,2,1,1,0.0
202300045308,155 600 161,A01,1,3,0,0,9,0,1,0.0
202300045309,155 600 162,B01,2,1,0,2,1,1,5,0.0
202300045309,155 600 163,Z01,1,1,0,2,1,1,5,0.0
202300045310,155 600 158,A01,3,7,0,2,8,20,0,0.0
202300045310,155 600 160,B01,3,30,0,2,7,17,1,0.0
202300045311,155 600 157,A01,1,7,0,2,2,16,1,0.0
202300045311,155 600 159,B01,1,1,0,2,0,1,5,0.0
202300045312,155 600 154,A01,2,7,0,2,3,2,1,0.0
202300045312,155 600 155,B01,1,50,0,2,1,5,3,0.0
202300045313,155 600 153,B01,1,7,0,2,1,1,1,0.0
202300045313,155 600 156,A01,1,10,0,2,3,1,1,0.0
202300045314,155 600 151,A01,1,7,0,1,3,1,1,0.0
202300045315,155 600 152,A01,1,7,2,0,1,21,1,0.0
202300045316,155 600 149,C01,3,0,-1,2,0,0,0,0.0
202300045316,155 600 150,B01,3,31,0,2,3,1,1,0.0
202300045317,155 600 148,A01,1,7,0,1,2,26,1,0.0
202300045318,155 600 147,A01,3,7,0,1,2,0,1,0.0
202300045319,155 600 144,Z01,2,10,0,1,1,1,1,0.0
202300045320,155 600 143,A01,1,7,0,1,3,15,1,0.0
202300045321,155 600 141,A01,1,7,0,2,4,4,1,0.0
202300045321,155 600 142,B01,1,1,0,2,1,1,5,0.0
202300045322,155 600 139,A01,0,2,0,2,1,1,1,0.0
202300045322,155 600 140,B01,3,7,0,2,1,9,0,0.0
202300045323,155 600 138,A01,2,7,16,9,2,1,2,0.0
202300045324,155 600 137,A01,1,33,0,0,0,26,1,0.0
202300045325,155 600 136,A01,1,10,0,0,0,0,0,0.0
202300045326,155 600 133,A01,1,7,0,2,7,1,1,0.0
202300045326,155 600 134,B01,3,7,0,2,8,1,1,0.0
202300045327,155 600 130,A01,1,43,14,0,2,3,1,0.0
202300045328,155 600 129,A01,1,7,0,0,6,23,1,0.0
202300045328,155 600 131,B01,1,7,0,2,5,23,1,0.0
202300045328,155 600 132,C01,1,7,0,2,1,2,1,0.0
202300045328,155 600 135,D01,1,0,0,0,0,10,0,0.0
202300045329,155 600 128,A01,2,36,12,0,9,1,1,0.0
202300045330,155 600 126,A01,2,7,0,0,9,13,1,0.0
202300045331,155 600 125,B01,1,33,0,2,1,1,0,0.0
202300045331,155 600 127,A01,2,7,0,2,1,15,0,0.0
202300045332,155 600 123,A01,3,1,0,2,1,1,5,0.0
202300045332,155 600 124,B01,0,7,0,9,5,1,1,0.0
202300045333,155 600 122,A01,1,7,6,0,1,19,1,0.0
202300045334,155 600 120,A01,1,7,0,2,1,1,1,0.0
202300045334,155 600 121,B01,2,7,0,2,1,1,1,0.0
202300045335,155 600 118,A01,1,7,13,0,1,0,1,0.0
202300045336,155 600 117,A01,1,7,0,0,3,1,1,0.0
202300045336,155 600 119,B01,3,1,0,0,2,16,5,0.0
202300045337,155 600 115,A01,2,60,0,0,0,1,5,0.0
202300045338,155 600 114,A01,1,2,0,2,1,17,1,0.0
202300045338,155 600 116,B01,1,7,0,0,3,15,1,0.0
202300045339,155 600 111,A01,1,7,0,2,1,1,1,0.0
202300045339,155 600 112,B01,1,10,0,0,4,1,1,0.0