num_acc,id_vehicule,num_veh,senc,catv,obs,obsm,choc,manv,motor,occutc
202300045340,155 600 110,A01,2,31,0,2,1,17,1,0.0
202300045340,155 600 113,B01,2,7,0,2,6,15,1,0.0
202300045341,155 600 108,A01,1,7,0,0,4,2,1,0.0
202300045341,155 600 109,B01,1,7,0,2,1,2,1,0.0
202300045342,155 600 105,A01,1,7,0,0,9,1,1,0.0
202300045343,155 600 106,A01,0,7,0,2,2,1,1,0.0
202300045343,155 600 107,B01,2,60,0,2,0,19,5,0.0
202300045344,155 600 104,A01,1,7,13,0,3,0,1,0.0
202300045345,155 600 101,A01,2,7,0,2,1,26,1,0.0
202300045345,155 600 103,B01,2,10,0,0,8,1,1,0.0
202300045346,155 600 100,A01,1,7,0,2,1,0,1,0.0
202300045346,155 600 102,B01,2,7,0,2,1,0,1,0.0
202300045347,155 600 098,A01,3,7,0,2,5,19,1,0.0
202300045347,155 600 099,B01,3,2,0,2,1,1,3,0.0
202300045348,155 600 095,A01,2,7,0,2,1,19,1,0.0
202300045348,155 600 097,B01,1,7,0,2,8,1,1,0.0
202300045349,155 600 094,B01,1,33,0,2,1,1,1,0.0
202300045349,155 600 096,A01,2,7,0,0,3,0,0,0.0
202300045350,155 600 091,A01,1,10,0,2,1,16,3,0.0
202300045350,155 600 093,B01,2,7,0,0,5,1,1,0.0
202300045351,155 600 088,A01,2,7,0,2,3,13,1,0.0
202300045351,155 600 089,B01,1,7,0,2,3,1,1,0.0
202300045352,155 600 087,A01,2,7,7,0,6,19,1,0.0
202300045352,155 600 090,B01,2,0,0,2,1,1,0,0.0
202300045353,155 600 084,A01,2,7,0,2,3,13,1,0.0
202300045353,155 600 086,B01,1,33,0,2,1,1,1,0.0
202300045354,155 600 083,A01,2,7,0,0,3,11,1,0.0
202300045354,155 600 085,B01,1,7,0,0,3,1,1,0.0
202300045355,155 600 081,A01,1,7,13,0,1,1,1,0.0
202300045356,155 600 080,A01,1,7,0,2,1,2,1,0.0
202300045356,155 600 082,B01,2,7,0,2,1,5,1,0.0
202300045357,155 600 076,A01,2,7,0,2,1,17,1,0.0
202300045357,155 600 079,B01,1,7,0,2,1,1,1,0.0
202300045358,155 600 075,B01,1,1,0,2,3,2,5,0.0
202300045358,155 600 077,A01,2,7,0,9,2,2,1,0.0
202300045358,155 600 078,C01,1,1,0,2,3,2,5,0.0
202300045359,155 600 070,A01,1,7,0,1,1,1,2,0.0
202300045360,155 600 066,A01,2,7,13,0,1,1,1,0.0
202300045361,155 600 067,C01,2,7,0,2,1,1,1,0.0
202300045361,155 600 068,A01,1,7,0,2,1,13,2,0.0
202300045361,155 600 069,B01,2,7,0,2,1,1,1,0.0
202300045362,155 600 064,A01,1,7,0,0,9,1,1,0.0
202300045363,155 600 063,A01,1,7,0,2,2,2,1,0.0
202300045363,155 600 065,B01,0,1,5,0,4,2,5,0.0
202300045364,155 600 062,A01,1,7,0,0,9,14,1,0.0
202300045365,155 600 060,B01,2,7,0,2,6,1,1,0.0
202300045365,155 600 061,A01,1,33,4,2,3,0,1,0.0
202300045366,155 600 057,B01,3,7,0,2,3,15,1,0.0
202300045366,155 600 058,A01,2,33,0,2,1,1,1,0.0
202300045367,155 600 055,A01,2,2,0,2,6,15,1,0.0
202300045367,155 600 056,B01,2,7,0,2,2,17,1,0.0
202300045368,155 600 053,A01,0,7,2,0,1,1,0,0.0
202300045369,155 600 050,A01,0,7,0,0,1,0,1,0.0
202300045369,155 600 051,B01,0,7,0,0,3,0,0,0.0
202300045370,155 600 049,A01,1,7,6,0,1,1,1,0.0
202300045371,155 600 046,A01,3,7,17,0,3,1,1,0.0
202300045372,155 600 044,A01,1,7,0,2,1,5,1,0.0
202300045372,155 600 045,B01,2,7,0,2,3,1,1,0.0
202300045372,155 600 047,C01,2,7,0,2,2,1,1,0.0
202300045372,155 600 048,D01,2,7,0,2,1,1,1,0.0
202300045373,155 600 042,B01,2,7,0,2,2,1,1,0.0
202300045373,155 600 043,A01,2,1,0,2,8,10,5,0.0
202300045374,155 600 040,A01,2,21,0,0,5,15,0,0.0
202300045374,155 600 041,B01,1,7,0,2,1,1,1,0.0
202300045375,155 600 039,A01,1,10,0,1,3,1,1,0.0
202300045376,155 600 037,A01,2,7,0,2,2,17,1,0.0
202300045376,155 600 038,B01,1,2,0,2,1,26,1,0.0
202300045377,155 600 036,A01,0,50,0,1,1,0,3,0.0
202300045378,155 600 035,A01,2,7,0,0,2,0,0,0.0
202300045379,155 600 033,A01,1,7,0,2,3,17,1,0.0
202300045379,155 600 034,B01,1,2,0,2,1,1,1,0.0
202300045380,155 600 031,A01,1,7,13,0,1,21,1,0.0
202300045380,155 600 032,B01,1,7,0,2,1,1,1,0.0
202300045381,155 600 028,A01,0,7,0,2,3,9,1,0.0
202300045381,155 600 030,B01,3,7,0,2,7,1,1,0.0
202300045382,155 600 026,A01,2,10,0,0,1,1,0,0.0
202300045382,155 600 027,C01,2,32,0,2,2,1,0,0.0
202300045382,155 600 029,B01,2,32,0,9,3,1,0,0.0
202300045383,155 600 023,A01,2,7,0,2,3,15,1,0.0
202300045383,155 600 024,B01,2,2,0,2,1,17,1,0.0
202300045384,155 600 021,A01,2,7,0,0,0,0,1,0.0
202300045384,155 600 022,B01,1,30,0,2,0,0,1,0.0
202300045385,155 600 019,A01,3,7,0,2,3,1,2,0.0
202300045385,155 600 020,B01,3,31,0,2,1,13,1,0.0
202300045386,155 600 016,A01,1,3,0,0,0,21,1,0.0
202300045386,155 600 018,B01,2,33,0,0,0,15,1,0.0
202300045387,155 600 014,A01,1,7,5,0,1,19,1,0.0
202300045388,155 600 012,A01,2,7,0,2,2,15,0,0.0
202300045388,155 600 013,B01,2,33,0,2,8,1,1,0.0
202300045389,155 600 011,A01,3,33,13,0,0,1,1,0.0
202300045390,155 600 010,A01,3,7,0,1,8,23,1,0.0
202300045391,155 600 008,A01,1,7,0,2,1,23,1,0.0
202300045391,155 600 009,B01,2,33,0,2,1,13,1,0.0
202300045392,155 600 006,A01,1,7,6,0,1,14,1,0.0
202300045393,155 600 005,A01,1,7,0,2,1,13,1,0.0
202300045393,155 600 007,B01,2,7,0,2,1,21,1,0.0
202300045394,155 600 003,A01,0,33,0,2,1,13,1,0.0
202300045394,155 600 004,B01,0,7,0,2,2,1,1,0.0
202300045395,155 600 002,A01,1,7,14,0,2,0,1,0.0
202300045396,155 600 001,A01,1,32,0,6,1,19,1,0.0
202300045397,155 600 000,A01,1,7,17,0,1,0,0,0.0
202300045398,155 599 997,A01,2,15,0,2,2,2,1,0.0
202300045398,155 599 998,B01,1,7,0,2,3,1,1,0.0
202300045399,155 599 996,B01,2,7,0,2,8,15,1,0.0
202300045399,155 599 999,A01,1,7,0,2,1,1,1,0.0
202300045400,155 599 995,A01,1,1,0,0,0,1,5,0.0
202300045401,155 599 992,B01,3,2,0,2,1,1,1,0.0
202300045401,155 599 994,A01,3,7,0,2,7,15,1,0.0
202300045402,155 599 991,A01,1,7,0,2,3,1,1,0.0
202300045402,155 599 993,B01,3,7,0,2,3,19,1,0.0
202300045403,155 599 990,A01,1,7,0,0,0,1,1,0.0
202300045404,155 599 988,A01,1,7,0,0,3,26,1,0.0
202300045404,155 599 989,B01,1,2,0,2,1,1,1,0.0
202300045405,155 599 987,A01,3,33,6,0,1,14,1,0.0
202300045406,155 599 984,A01,1,31,0,2,7,1,1,0.0
202300045406,155 599 986,B01,2,7,0,2,2,15,0,0.0
202300045407,155 599 981,A01,2,7,0,2,2,3,1,0.0
202300045407,155 599 982,B01,2,7,0,2,6,1,1,0.0
202300045408,155 599 979,A01,1,7,3,2,1,1,1,0.0
202300045408,155 599 980,B01,1,7,0,0,6,1,1,0.0
202300045409,155 599 977,A01,1,10,0,2,8,11,1,0.0
202300045409,155 599 978,B01,1,32,0,2,2,3,1,0.0
202300045410,155 599 976,A01,2,7,15,0,1,1,1,0.0
202300045411,155 599 974,B01,2,7,0,2,2,12,-1,0.0
202300045411,155 599 975,A01,2,34,3,2,0,3,1,0.0
202300045412,155 599 973,A01,1,7,9,0,9,1,1,0.0
202300045413,155 599 972,A01,1,34,3,0,0,3,1,0.0
202300045414,155 599 970,A01,1,7,0,0,0,26,1,0.0
202300045414,155 599 971,B01,2,7,0,9,1,1,1,0.0
202300045415,155 599 965,B01,2,7,0,2,3,1,1,0.0
202300045415,155 599 967,D01,2,10,0,2,8,1,1,0.0
202300045415,155 599 968,A01,1,7,0,2,8,21,1,0.0
202300045415,155 599 969,C01,2,7,0,2,8,1,1,0.0
202300045416,155 599 964,B01,1,33,0,2,2,3,1,0.0
202300045416,155 599 966,A01,1,7,0,2,3,11,1,0.0
202300045417,155 599 962,A01,1,33,0,0,7,16,1,0.0
202300045418,155 599 957,A01,2,7,0,2,3,0,1,0.0
202300045418,155 599 959,B01,2,7,0,2,9,0,1,0.0
202300045419,155 599 956,A01,1,7,12,2,7,26,1,0.0
202300045419,155 599 958,E01,1,7,0,2,4,23,1,0.0
202300045419,155 599 960,B01,1,7,0,2,3,1,1,0.0
202300045419,155 599 961,C01,1,7,0,2,2,23,1,0.0
202300045419,155 599 963,D01,1,16,0,2,2,23,1,0.0
202300045420,155 599 955,A01,1,33,16,0,0,1,1,0.0
202300045421,155 599 952,A01,2,10,4,2,1,2,1,0.0
202300045421,155 599 954,B01,2,7,4,2,4,1,1,0.0
202300045422,155 599 951,A01,1,7,0,2,2,1,1,0.0
202300045422,155 599 953,B01,1,17,0,2,8,1,1,0.0
202300045423,155 599 949,A01,1,7,3,2,1,1,1,0.0
202300045423,155 599 950,B01,1,7,3,2,4,1,1,0.0
202300045424,155 599 946,A01,1,7,0,2,1,11,1,0.0
202300045424,155 599 948,B01,1,7,0,2,4,1,1,0.0
202300045425,155 599 944,A01,1,33,0,2,1,3,1,0.0
202300045425,155 599 945,C01,1,10,0,2,6,1,1,0.0
202300045425,155 599 947,B01,1,7,0,2,5,12,1,0.0
202300045426,155 599 940,B01,1,7,0,2,9,21,1,0.0
202300045426,155 599 942,C01,1,7,0,2,6,1,1,0.0
202300045426,155 599 943,A01,1,7,0,2,1,1,1,0.0
202300045427,155 599 938,A01,1,7,0,2,1,2,1,0.0
202300045427,155 599 939,B01,1,7,0,2,4,2,1,0.0
202300045427,155 599 941,C01,1,7,0,0,4,2,1,0.0
202300045428,155 599 937,A01,2,7,4,0,8,2,1,0.0
202300045429,155 599 936,A01,1,7,16,0,1,1,1,0.0
202300045430,155 599 934,B01,1,7,0,2,1,21,1,0.0
202300045430,155 599 935,A01,1,7,0,2,4,2,1,0.0
202300045431,155 599 930,B01,2,14,0,2,3,15,1,0.0
202300045431,155 599 932,A01,2,2,0,2,1,17,3,0.0
202300045432,155 599 928,A01,2,7,0,2,5,1,1,0.0
202300045432,155 599 929,B01,2,7,0,2,3,1,2,0.0
202300045432,155 599 931,C01,2,10,0,2,2,1,1,0.0
202300045432,155 599 933,D01,2,33,0,2,7,1,1,0.0
202300045433,155 599 927,A01,0,2,0,1,8,26,3,0.0
202300045434,155 599 926,A01,1,7,1,2,9,16,1,0.0
202300045435,155 599 923,A01,1,30,0,0,7,16,1,0.0
202300045436,155 599 920,A01,0,7,6,2,1,26,1,0.0
202300045436,155 599 921,B01,0,30,0,2,9,0,3,0.0
202300045437,155 599 918,A01,3,7,0,1,3,1,1,0.0
202300045438,155 599 917,A01,1,7,0,1,1,15,1,0.0
202300045439,155 599 915,A01,1,7,0,2,3,1,1,0.0
202300045439,155 599 916,B01,2,7,0,2,1,5,1,0.0
202300045440,155 599 914,A01,1,7,0,1,3,1,1,0.0
202300045441,155 599 911,A01,2,7,0,2,1,13,1,0.0
202300045441,155 599 912,B01,1,7,0,2,3,0,1,0.0
202300045442,155 599 910,A01,1,7,0,2,1,16,1,0.0
202300045442,155 599 913,B01,3,1,0,2,8,1,5,0.0
202300045443,155 599 907,A01,2,30,0,2,1,1,1,0.0
202300045443,155 599 909,B01,2,7,0,2,4,23,1,0.0
202300045444,155 599 906,A01,1,7,0,2,0,0,1,0.0
202300045444,155 599 908,B01,2,7,0,2,0,0,1,0.0
202300045445,155 599 905,A01,1,7,15,0,3,26,1,0.0
202300045446,155 599 904,A01,3,7,3,0,3,13,1,0.0
202300045447,155 599 902,A01,1,7,0,1,2,1,1,0.0
202300045448,155 599 899,A01,1,33,0,2,1,17,1,0.0
202300045448,155 599 900,B01,1,7,0,2,3,15,1,0.0
202300045449,155 599 896,A01,1,33,12,0,1,0,1,0.0
202300045450,155 599 895,A01,2,7,0,2,1,13,1,0.0
202300045450,155 599 897,B01,2,7,0,2,1,1,1,0.0
202300045451,155 599 892,B01,2,7,0,2,1,1,1,0.0
202300045451,155 599 893,A01,1,31,0,2,1,13,1,0.0
202300045452,155 599 890,A01,1,7,0,2,1,15,1,0.0
202300045452,155 599 891,B01,2,7,0,2,1,1,1,0.0
202300045453,155 599 889,A01,1,7,4,0,1,1,1,0.0
202300045454,155 599 884,B01,2,7,0,2,1,1,1,0.0
202300045454,155 599 886,C01,2,7,0,2,1,17,1,0.0
202300045454,155 599 888,A01,1,7,0,2,1,13,3,0.0
202300045455,155 599 883,A01,2,7,0,2,1,2,1,0.0
202300045455,155 599 885,B01,2,7,0,2,4,1,1,0.0
202300045455,155 599 887,C01,2,14,0,2,4,2,1,0.0
202300045456,155 599 879,A01,0,31,0,2,2,17,1,0.0
202300045456,155 599 881,B01,0,7,0,2,3,15,1,0.0
202300045457,155 599 880,B01,3,17,0,2,1,15,1,0.0
202300045457,155 599 882,A01,1,10,0,2,1,1,1,0.0
202300045458,155 599 876,B01,1,7,0,2,4,1,1,0.0
202300045458,155 599 878,A01,1,30,0,2,1,1,1,0.0
202300045459,155 599 875,A01,2,7,0,2,0,1,1,0.0
202300045459,155 599 877,B01,2,7,0,2,0,2,1,0.0
202300045460,155 599 873,A01,2,3,0,2,2,9,1,0.0
202300045460,155 599 874,B01,2,10,0,2,1,1,1,0.0
202300045461,155 599 872,A01,2,7,8,0,1,1,1,0.0
202300045462,155 599 871,A01,0,7,3,0,3,26,1,0.0
202300045463,155 599 869,A01,2,33,0,2,1,18,1,0.0
202300045463,155 599 870,B01,1,7,0,2,5,15,1,0.0
202300045464,155 599 867,A01,1,7,0,1,2,1,1,0.0
202300045465,155 599 866,A01,2,7,0,9,3,1,1,0.0
202300045465,155 599 868,B01,3,80,0,2,7,1,3,0.0
202300045466,155 599 865,A01,1,7,0,1,2,1,1,0.0
202300045467,155 599 864,A01,2,7,0,1,7,1,1,0.0
202300045468,155 599 863,A01,1,50,0,1,1,25,3,0.0
202300045469,155 599 861,A01,2,7,0,1,2,26,1,0.0
202300045470,155 599 859,A01,2,7,0,2,1,2,1,0.0
202300045470,155 599 860,B01,2,7,0,2,4,2,1,0.0
202300045470,155 599 862,C01,2,7,0,2,4,2,1,0.0
202300045471,155 599 857,A01,1,15,8,-1,5,14,1,0.0
202300045471,155 599 858,B01,1,15,0,2,0,0,1,0.0
202300045472,155 599 856,A01,1,7,0,1,1,1,1,0.0
202300045473,155 599 855,A01,3,31,4,0,0,0,1,0.0
202300045474,155 599 853,B01,2,7,0,2,3,15,1,0.0
202300045474,155 599 854,A01,1,50,0,2,1,1,3,0.0
202300045475,155 599 851,B01,3,10,0,2,3,9,0,0.0
202300045475,155 599 852,A01,3,33,0,2,1,17,0,0.0
202300045476,155 599 848,A01,1,14,0,2,1,26,1,0.0
202300045476,155 599 849,B01,1,7,3,0,2,1,1,0.0
202300045477,155 599 847,A01,1,7,0,2,2,11,1,0.0
202300045477,155 599 850,B01,1,10,0,2,1,1,1,0.0
202300045478,155 599 846,A01,3,1,3,0,0,1,5,0.0
202300045479,155 599 844,A01,1,7,0,2,3,16,1,0.0
202300045479,155 599 845,B01,1,33,0,2,2,1,1,0.0
202300045480,155 599 842,B01,2,7,0,2,4,23,1,0.0
202300045480,155 599 843,A01,2,7,0,2,1,1,1,0.0
202300045481,155 599 840,A01,2,7,0,2,1,2,1,0.0
202300045481,155 599 841,B01,2,7,0,2,4,23,1,0.0
202300045482,155 599 839,A01,1,7,12,0,2,14,1,0.0
202300045483,155 599 838,A01,3,17,11,0,7,1,1,0.0
202300045484,155 599 837,A01,1,7,0,1,2,1,1,0.0
202300045485,155 599 836,Z01,1,7,0,1,1,1,1,0.0
202300045486,155 599 835,A01,2,7,12,0,1,1,1,0.0
202300045487,155 599 834,A01,1,7,0,2,3,15,1,0.0
202300045488,155 599 831,B01,3,43,0,2,1,1,1,0.0
202300045488,155 599 833,A01,3,7,0,2,7,15,1,0.0
202300045489,155 599 830,Z01,3,10,0,2,1,9,0,0.0
202300045489,155 599 832,B01,3,2,0,2,5,1,1,0.0
202300045490,155 599 828,A01,3,10,0,1,2,1,1,0.0
202300045491,155 599 827,A01,2,7,0,2,4,10,0,0.0
202300045491,155 599 829,B01,3,33,0,2,1,1,1,0.0
202300045492,155 599 825,A01,1,10,0,2,2,16,1,0.0
202300045492,155 599 826,B01,1,37,0,2,3,1,1,2.0
202300045493,155 599 824,A01,2,50,0,1,1,3,3,0.0
202300045494,155 599 823,A01,3,14,0,1,2,5,1,0.0
202300045495,155 599 821,A01,1,7,0,0,1,1,1,0.0
202300045496,155 599 820,A01,2,80,14,2,1,2,3,0.0
202300045496,155 599 822,B01,2,7,0,2,5,23,2,0.0
202300045497,155 599 819,A01,1,7,0,1,3,1,1,0.0
202300045498,155 599 818,A01,1,7,0,1,1,15,1,0.0
202300045499,155 599 817,A01,1,50,0,1,1,7,3,0.0
202300045500,155 599 816,A01,1,7,3,0,1,1,1,0.0
202300045501,155 599 814,A01,1,7,1,0,1,0,1,0.0
202300045502,155 599 813,A01,1,7,0,2,3,11,1,0.0
202300045502,155 599 815,B01,1,2,0,2,5,1,3,0.0
202300045503,155 599 812,A01,1,7,2,0,1,1,1,0.0
202300045504,155 599 810,A01,2,7,8,0,8,1,1,0.0
202300045505,155 599 809,A01,3,7,1,0,3,2,1,0.0
202300045505,155 599 811,B01,3,7,0,2,5,23,1,0.0
202300045506,155 599 807,A01,0,30,0,2,1,17,1,0.0
202300045506,155 599 808,B01,0,7,0,2,3,15,1,0.0
202300045507,155 599 806,Z01,3,7,6,1,0,9,0,0.0
202300045508,155 599 804,B01,2,7,0,2,1,1,1,0.0
202300045508,155 599 805,A01,0,7,0,2,7,15,1,0.0
202300045509,155 599 802,B01,1,7,0,2,2,1,1,0.0
202300045509,155 599 803,A01,1,2,0,2,3,3,1,0.0
202300045510,155 599 800,B01,0,1,0,2,1,2,5,0.0
202300045510,155 599 801,A01,0,7,0,2,1,15,1,0.0
202300045511,155 599 798,B01,2,1,0,2,4,13,5,0.0
202300045511,155 599 799,A01,2,32,0,2,1,17,1,0.0
202300045512,155 599 796,B01,1,7,0,2,8,15,1,0.0
202300045512,155 599 797,A01,2,7,0,2,1,1,1,0.0
202300045513,155 599 794,A01,1,7,0,0,1,1,0,0.0
202300045513,155 599 795,B01,1,7,0,2,6,15,0,0.0
202300045514,155 599 792,A01,2,13,0,2,1,1,1,0.0
202300045514,155 599 793,B01,2,7,0,2,4,1,1,0.0
202300045515,155 599 791,A01,3,7,0,1,4,4,3,0.0
202300045516,155 599 789,A01,1,7,0,2,1,20,1,0.0
202300045516,155 599 790,B01,2,10,0,2,1,1,1,0.0
202300045517,155 599 786,A01,2,33,0,2,1,1,1,0.0
202300045517,155 599 788,B01,2,99,0,2,3,11,1,0.0
202300045518,155 599 785,A01,3,33,0,2,7,12,1,0.0
202300045518,155 599 787,B01,3,7,0,2,8,15,1,0.0
202300045519,155 599 783,A01,0,7,0,1,3,3,1,0.0
202300045520,155 599 782,A01,3,32,0,2,1,13,-1,0.0
202300045520,155 599 784,B01,3,7,0,2,1,1,-1,0.0
202300045521,155 599 781,A01,0,10,12,0,1,13,0,0.0
202300045522,155 599 778,B01,2,50,0,2,2,19,3,0.0
202300045522,155 599 780,A01,1,7,0,2,1,9,1,0.0
202300045523,155 599 777,A01,2,43,0,2,7,1,1,0.0
202300045523,155 599 779,B01,1,7,0,2,1,1,0,0.0
202300045524,155 599 774,A01,2,7,0,2,1,5,1,0.0
202300045524,155 599 776,B01,1,13,0,2,1,1,1,0.0
202300045525,155 599 773,B01,2,7,0,2,0,1,1,0.0
202300045525,155 599 775,A01,1,7,0,2,1,9,1,0.0
202300045526,155 599 771,A01,2,1,0,2,1,2,5,0.0
202300045526,155 599 772,B01,2,37,0,2,5,16,1,1.0
202300045527,155 599 770,A01,3,7,0,1,5,1,1,0.0
202300045528,155 599 768,A01,2,7,0,2,1,1,1,0.0
202300045528,155 599 769,B01,2,7,0,2,4,1,1,0.0
202300045529,155 599 767,A01,3,7,15,0,1,5,1,0.0
202300045530,155 599 764,A01,1,7,0,2,0,15,1,0.0
202300045530,155 599 766,B01,2,2,0,2,1,21,1,0.0
202300045531,155 599 765,A01,2,7,0,1,5,18,1,0.0
202300045532,155 599 762,A01,3,10,0,1,4,20,1,0.0
202300045533,155 599 761,A01,1,7,0,2,1,2,0,0.0
202300045533,155 599 763,B01,1,7,0,2,4,2,1,0.0
202300045534,155 599 760,A01,3,7,0,1,1,1,1,0.0
202300045535,155 599 759,A01,2,7,1,1,2,13,1,0.0
202300045536,155 599 757,B01,3,7,14,0,6,23,1,0.0
202300045536,155 599 758,A01,3,2,0,2,1,2,1,0.0
202300045537,155 599 754,A01,1,31,0,2,1,1,1,0.0
202300045537,155 599 756,B01,1,7,0,2,7,1,3,0.0
202300045538,155 599 753,A01,0,7,0,2,4,2,1,0.0
202300045538,155 599 755,B01,0,7,0,2,1,1,1,0.0
202300045539,155 599 750,A01,1,1,0,2,6,0,5,0.0
202300045539,155 599 752,B01,2,14,9,0,7,1,1,0.0
202300045540,155 599 749,A01,1,7,0,2,2,15,1,0.0
202300045540,155 599 751,B01,2,7,0,2,1,1,1,0.0
202300045541,155 599 745,A01,3,50,0,2,1,17,3,0.0
202300045541,155 599 748,B01,0,7,0,2,3,15,1,0.0
202300045542,155 599 746,B01,1,33,0,2,1,1,1,0.0
202300045542,155 599 747,A01,2,7,0,2,7,15,1,0.0
202300045543,155 599 743,A01,0,7,0,1,1,21,3,0.0
202300045544,155 599 740,A01,1,7,0,2,2,15,1,0.0
202300045544,155 599 742,B01,2,7,0,2,3,1,1,0.0
202300045545,155 599 736,A01,1,30,0,2,1,9,1,0.0
202300045545,155 599 739,B01,1,7,0,2,1,1,1,0.0
202300045546,155 599 734,B01,2,32,0,2,1,1,1,0.0
202300045546,155 599 735,A01,1,7,0,2,1,13,1,0.0
202300045547,155 599 731,A01,1,50,0,2,6,17,3,0.0
202300045547,155 599 733,B01,1,37,0,9,6,1,3,5.0
202300045548,155 599 732,A01,2,7,0,0,9,2,1,0.0
202300045549,155 599 730,A01,0,7,0,1,3,1,1,0.0
202300045550,155 599 729,A01,1,7,0,1,2,2,1,0.0
202300045551,155 599 727,A01,2,31,13,0,2,1,1,0.0
202300045552,155 599 726,B01,0,31,0,2,8,1,0,0.0
202300045552,155 599 728,A01,1,7,0,2,1,19,0,0.0
202300045553,155 599 720,A01,1,7,0,2,8,19,1,0.0
202300045553,155 599 721,B01,2,7,0,2,3,1,1,0.0
202300045554,155 599 719,A01,3,7,0,2,1,5,1,0.0
202300045554,155 599 722,B01,3,37,0,2,1,23,1,5.0
202300045555,155 599 716,A01,2,7,0,2,4,15,1,0.0
202300045555,155 599 718,B01,2,2,0,2,1,1,1,0.0
202300045556,155 599 715,A01,0,7,0,2,1,15,1,0.0
202300045556,155 599 717,B01,0,34,0,2,1,1,1,0.0
202300045557,155 599 714,A01,3,10,13,0,8,13,1,0.0
202300045558,155 599 711,A01,3,7,0,2,2,1,1,0.0
202300045558,155 599 713,B01,3,7,0,2,4,1,1,0.0
202300045559,155 599 712,A01,3,7,6,0,1,26,1,0.0
202300045560,155 599 710,A01,1,37,0,1,2,20,1,1.0
202300045561,155 599 708,B01,1,1,0,2,7,1,5,0.0
202300045561,155 599 709,A01,2,7,0,2,3,1,1,0.0
202300045562,155 599 707,A01,1,7,0,1,1,1,1,0.0
202300045563,155 599 705,A01,3,2,0,2,3,9,1,0.0
202300045563,155 599 706,B01,3,7,0,2,2,1,1,0.0
202300045564,155 599 704,A01,1,33,0,0,0,21,1,0.0
202300045565,155 599 702,A01,3,7,0,2,7,13,0,0.0
202300045565,155 599 703,B01,3,2,0,2,1,26,0,0.0
202300045566,155 599 701,A01,1,7,0,1,2,1,1,0.0
202300045567,155 599 700,A01,1,33,0,0,0,0,1,0.0
202300045568,155 599 698,A01,1,7,0,2,1,2,1,0.0
202300045568,155 599 699,B01,1,7,0,2,4,2,1,0.0
202300045569,155 599 697,A01,2,15,2,0,1,1,1,0.0
202300045570,155 599 695,A01,2,7,0,2,1,15,1,0.0
202300045570,155 599 696,B01,1,33,0,2,1,26,1,0.0
202300045571,155 599 694,A01,2,32,14,0,0,1,1,0.0
202300045572,155 599 692,A01,3,32,0,0,0,26,1,0.0
202300045573,155 599 691,A01,3,7,0,2,3,1,1,0.0
202300045573,155 599 693,B01,3,7,0,2,2,1,1,0.0
202300045574,155 599 688,A01,3,7,0,2,3,20,1,0.0
202300045574,155 599 689,B01,3,1,0,2,7,1,5,0.0
202300045575,155 599 687,B01,1,7,0,2,8,1,1,0.0
202300045575,155 599 690,A01,1,2,0,2,2,15,1,0.0
202300045576,155 599 685,B01,2,7,0,2,4,2,1,0.0
202300045576,155 599 686,A01,2,7,0,2,1,2,1,0.0
202300045577,155 599 683,B01,3,7,0,2,2,1,0,0.0
202300045577,155 599 684,A01,3,3,0,0,5,1,1,0.0
202300045578,155 599 681,Z01,1,7,0,2,1,2,1,0.0
202300045578,155 599 682,A01,2,7,0,2,4,2,1,0.0
202300045579,155 599 677,B01,3,7,0,2,3,21,1,0.0
202300045579,155 599 679,A01,3,7,0,2,3,13,1,0.0
202300045580,155 599 678,B01,1,33,0,2,1,3,1,0.0
202300045580,155 599 680,A01,1,7,0,2,6,11,1,0.0
202300045581,155 599 673,A01,1,7,0,2,1,0,1,0.0
202300045581,155 599 676,B01,1,1,0,2,4,0,5,0.0
202300045582,155 599 672,A01,1,7,6,0,2,1,1,0.0
202300045583,155 599 671,B01,2,33,0,2,2,3,1,0.0
202300045583,155 599 674,A01,2,7,0,2,3,11,1,0.0
202300045583,155 599 675,C01,2,7,0,2,6,1,1,0.0
202300045584,155 599 670,A01,1,33,0,0,0,13,1,0.0
202300045585,155 599 668,A01,2,7,4,0,1,1,1,0.0
202300045586,155 599 667,A01,3,7,0,2,3,9,1,0.0
202300045586,155 599 669,B01,3,33,0,2,1,2,1,0.0
202300045587,155 599 664,A01,1,14,17,0,2,1,1,0.0
202300045588,155 599 665,A01,2,7,0,2,1,1,1,0.0
202300045588,155 599 666,B01,2,7,0,2,4,1,1,0.0
202300045589,155 599 663,A01,2,7,4,0,3,13,1,0.0
202300045590,155 599 660,A01,1,7,16,0,2,14,1,0.0
202300045591,155 599 658,A01,1,15,6,0,2,1,1,0.0
202300045591,155 599 659,B01,1,10,14,0,1,1,1,0.0
202300045591,155 599 662,C01,2,10,0,2,8,1,1,0.0
202300045592,155 599 657,A01,1,32,0,2,1,1,1,0.0
202300045592,155 599 661,B01,2,33,0,2,3,1,1,0.0
202300045593,155 599 655,A01,1,7,5,0,1,13,1,0.0
202300045593,155 599 656,B01,2,7,0,0,1,1,1,0.0
202300045594,155 599 651,A01,1,10,0,1,1,1,1,0.0
202300045595,155 599 649,B01,1,2,0,0,8,1,3,0.0
202300045595,155 599 652,A01,2,0,0,0,8,17,0,0.0
202300045596,155 599 650,C01,0,7,0,2,1,1,1,0.0
202300045596,155 599 653,B01,1,10,3,2,1,14,1,0.0
202300045596,155 599 654,A01,1,7,3,0,6,17,1,0.0
202300045597,155 599 648,A01,1,50,8,0,0,1,3,0.0