num_acc,id_vehicule,num_veh,senc,catv,obs,obsm,choc,manv,motor,occutc
202300045849,155 599 201,B01,2,7,0,2,2,12,0,0.0
202300045850,155 599 196,A01,2,7,6,0,1,1,1,0.0
202300045851,155 599 192,A01,1,10,0,2,1,1,1,0.0
202300045851,155 599 195,B01,1,7,0,2,4,2,1,0.0
202300045852,155 599 193,A01,1,15,1,1,2,1,1,0.0
202300045853,155 599 189,A01,2,7,0,1,2,17,1,0.0
202300045854,155 599 188,A01,2,7,0,2,5,1,1,0.0
202300045854,155 599 190,B01,2,80,0,2,7,2,3,0.0
202300045855,155 599 191,A01,1,7,0,2,1,13,1,0.0
202300045855,155 599 194,B01,2,7,5,2,1,1,1,0.0
202300045856,155 599 186,A01,1,2,0,2,1,1,1,0.0
202300045856,155 599 187,B01,1,7,0,2,2,1,1,0.0
202300045857,155 599 185,A01,3,7,16,0,1,26,0,0.0
202300045858,155 599 183,A01,1,7,0,2,1,2,1,0.0
202300045858,155 599 184,B01,1,7,0,0,4,2,1,0.0
202300045859,155 599 180,A01,3,7,0,1,1,14,1,0.0
202300045860,155 599 179,A01,1,31,0,2,1,19,1,0.0
202300045860,155 599 181,B01,1,7,0,0,4,0,1,0.0
202300045861,155 599 178,A01,1,7,0,9,1,15,1,0.0
202300045861,155 599 182,B01,1,33,0,2,7,1,0,0.0
202300045862,155 599 176,A01,1,10,0,1,3,14,1,0.0
202300045863,155 599 174,B01,3,1,0,2,0,0,5,0.0
202300045863,155 599 177,A01,2,7,0,2,1,17,1,0.0
202300045864,155 599 173,B01,2,30,0,0,4,1,1,0.0
202300045864,155 599 175,A01,2,7,0,2,1,2,2,0.0
202300045865,155 599 171,A01,2,7,15,0,1,1,1,0.0
202300045866,155 599 168,A01,2,7,0,2,1,26,1,0.0
202300045866,155 599 170,B01,1,7,0,2,1,1,1,0.0
202300045867,155 599 167,B01,1,33,0,2,3,1,1,0.0
202300045867,155 599 169,A01,1,7,0,2,2,0,1,0.0
202300045868,155 599 165,A01,2,7,0,0,1,21,1,0.0
202300045869,155 599 164,A01,3,7,0,2,1,26,1,0.0
202300045869,155 599 166,B01,3,7,0,2,2,1,1,0.0
202300045870,155 599 163,A01,2,50,0,1,4,0,3,0.0
202300045871,155 599 158,A01,2,7,0,2,7,16,1,0.0
202300045871,155 599 161,B01,2,80,0,2,1,1,3,0.0
202300045872,155 599 157,A01,2,7,0,1,1,1,2,0.0
202300045873,155 599 156,B01,3,7,0,2,8,19,1,0.0
202300045873,155 599 159,A01,3,38,0,2,2,19,1,26.0
202300045874,155 599 151,A01,2,7,0,2,1,1,1,0.0
202300045874,155 599 154,B01,2,7,0,2,8,1,1,0.0
202300045875,155 599 150,A01,1,7,0,2,4,2,1,0.0
202300045875,155 599 153,Z01,1,7,0,2,1,2,1,0.0
202300045876,155 599 149,A01,2,33,1,2,1,1,1,0.0
202300045876,155 599 152,B01,3,7,0,2,8,9,1,0.0
202300045877,155 599 148,A01,1,7,6,1,1,16,1,0.0
202300045878,155 599 147,A01,1,15,3,0,2,14,1,0.0
202300045879,155 599 145,A01,2,30,0,2,1,17,1,0.0
202300045879,155 599 146,B01,2,7,0,2,8,15,1,0.0
202300045880,155 599 142,A01,1,30,0,2,1,17,1,0.0
202300045880,155 599 144,B01,1,7,0,2,3,15,0,0.0
202300045881,155 599 140,A01,2,7,0,0,0,1,1,0.0
202300045882,155 599 141,A01,2,33,0,2,1,17,1,0.0
202300045882,155 599 143,B01,2,7,0,2,8,15,3,0.0
202300045883,155 599 138,A01,1,7,0,2,3,22,1,0.0
202300045883,155 599 139,B01,1,1,1,0,1,1,5,0.0
202300045884,155 599 136,B01,1,1,0,2,1,11,0,0.0
202300045884,155 599 137,A01,1,7,0,2,3,26,1,0.0
202300045885,155 599 134,A01,1,7,2,0,7,1,1,0.0
202300045886,155 599 133,A01,1,10,0,2,7,16,1,0.0
202300045886,155 599 135,B01,2,80,0,2,3,1,3,0.0
202300045887,155 599 132,A01,1,30,16,0,7,1,1,0.0
202300045888,155 599 128,A01,2,7,0,1,3,1,1,0.0
202300045889,155 599 129,A01,0,7,0,2,1,16,1,0.0
202300045889,155 599 131,B01,0,1,0,2,7,1,5,0.0
202300045890,155 599 127,A01,2,7,0,2,1,2,1,0.0
202300045890,155 599 130,B01,2,17,0,2,4,2,1,0.0
202300045891,155 599 125,B01,1,7,0,2,4,1,1,0.0
202300045891,155 599 126,A01,1,7,0,2,1,2,1,0.0
202300045892,155 599 122,A01,3,7,0,9,1,1,1,0.0
202300045892,155 599 124,B01,3,50,0,2,7,19,3,0.0
202300045893,155 599 121,A01,2,7,0,1,8,1,1,0.0
202300045894,155 599 120,A01,1,7,0,2,1,26,1,0.0
202300045894,155 599 123,B01,1,7,0,2,4,2,1,0.0
202300045895,155 599 117,A01,0,3,0,1,1,1,1,0.0
202300045896,155 599 116,A01,1,7,0,1,3,2,1,0.0
202300045897,155 599 115,B01,2,7,0,0,4,23,1,0.0
202300045897,155 599 118,A01,2,7,0,2,2,1,1,0.0
202300045898,155 599 113,B01,3,7,0,2,2,16,1,0.0
202300045898,155 599 114,A01,3,33,0,2,3,18,1,0.0
202300045899,155 599 112,A01,1,50,1,0,1,1,3,0.0
202300045900,155 599 111,A01,1,7,5,9,1,14,1,0.0
202300045901,155 599 109,B01,3,1,0,0,0,19,5,0.0
202300045901,155 599 110,A01,1,7,0,9,1,0,1,0.0
202300045902,155 599 105,B01,3,1,0,2,7,0,5,0.0
202300045902,155 599 108,A01,3,7,0,2,3,1,1,0.0
202300045903,155 599 104,A01,1,7,0,2,2,16,1,0.0
202300045903,155 599 107,B01,1,1,0,2,3,1,5,0.0
202300045904,155 599 103,A01,1,7,1,0,7,14,1,0.0
202300045905,155 599 102,A01,1,7,0,2,1,1,1,0.0
202300045905,155 599 106,B01,2,7,0,2,7,13,1,0.0
202300045906,155 599 101,A01,1,7,0,1,2,18,1,0.0
202300045907,155 599 099,A01,1,7,13,0,1,1,1,0.0
202300045908,155 599 097,B01,2,15,0,2,0,1,1,0.0
202300045908,155 599 100,A01,2,7,0,2,0,1,1,0.0
202300045909,155 599 094,B01,1,7,0,2,4,2,1,0.0
202300045909,155 599 096,A01,1,7,0,2,1,2,1,0.0
202300045909,155 599 098,C01,1,7,0,2,1,2,1,0.0
202300045910,155 599 093,B01,2,7,3,2,3,1,1,0.0
202300045910,155 599 095,A01,2,10,3,2,3,0,1,0.0
202300045911,155 599 092,A01,1,7,8,0,1,1,1,0.0
202300045912,155 599 091,A01,2,7,13,0,1,12,1,0.0
202300045913,155 599 090,A01,1,7,13,0,1,1,1,0.0
202300045914,155 599 089,A01,1,7,0,1,3,15,1,0.0
202300045915,155 599 087,A01,1,7,0,1,1,1,1,0.0
202300045916,155 599 083,A01,1,7,0,2,3,13,2,0.0
202300045916,155 599 086,B01,1,7,0,2,3,1,1,0.0
202300045917,155 599 085,B01,2,2,0,2,1,1,1,0.0
202300045917,155 599 088,A01,1,10,0,2,3,19,1,0.0
202300045918,155 599 084,A01,2,31,0,0,0,1,3,0.0
202300045919,155 599 079,B01,3,1,0,2,0,26,5,0.0
202300045919,155 599 082,A01,3,10,0,2,0,0,1,0.0
202300045920,155 599 081,Z01,0,0,0,1,2,16,0,0.0
202300045921,155 599 077,A01,2,10,0,2,7,19,1,0.0
202300045921,155 599 080,B01,1,7,0,2,1,1,1,0.0
202300045922,155 599 076,B01,2,80,0,2,1,1,3,0.0
202300045922,155 599 078,A01,2,50,0,2,1,5,3,0.0
202300045923,155 599 073,A01,1,7,0,2,8,13,1,0.0
202300045923,155 599 075,B01,1,30,0,2,1,2,1,0.0
202300045924,155 599 072,A01,3,7,0,2,3,1,1,0.0
202300045924,155 599 074,B01,2,50,0,2,0,0,3,0.0
202300045925,155 599 071,A01,2,7,8,0,2,14,1,0.0
202300045926,155 599 068,A01,2,7,0,1,1,1,1,0.0
202300045927,155 599 067,A01,1,7,0,2,1,23,1,0.0
202300045927,155 599 069,B01,1,7,0,2,4,23,1,0.0
202300045927,155 599 070,C01,1,7,0,2,4,23,1,0.0
202300045928,155 599 065,A01,3,7,0,1,1,11,1,0.0
202300045929,155 599 064,A01,2,7,0,2,3,15,1,0.0
202300045929,155 599 066,B01,1,7,0,2,1,1,1,0.0
202300045930,155 599 063,A01,3,7,6,0,1,26,1,0.0
202300045931,155 599 060,A01,0,38,0,0,5,26,1,1.0
202300045931,155 599 062,B01,0,38,0,0,8,26,1,2.0
202300045932,155 599 057,A01,1,10,0,9,1,15,1,0.0
202300045932,155 599 061,B01,1,1,0,2,1,1,5,0.0
202300045933,155 599 056,A01,0,7,0,2,3,15,1,0.0
202300045933,155 599 059,B01,0,2,0,2,3,1,1,0.0
202300045934,155 599 055,A01,1,7,0,1,1,1,0,0.0
202300045934,155 599 058,B01,1,7,0,2,3,1,0,0.0
202300045935,155 599 053,A01,1,7,4,0,3,1,1,0.0
202300045936,155 599 052,A01,2,7,0,2,2,9,1,0.0
202300045936,155 599 054,B01,1,33,0,2,8,15,1,0.0
202300045937,155 599 048,B01,3,43,0,2,1,1,1,0.0
202300045937,155 599 051,A01,3,7,0,2,3,10,1,0.0
202300045938,155 599 046,A01,2,7,0,2,1,1,1,0.0
202300045938,155 599 049,B01,2,7,0,2,4,1,1,0.0
202300045939,155 599 045,A01,1,7,0,2,7,1,1,0.0
202300045939,155 599 047,B01,1,1,0,2,8,15,5,0.0
202300045940,155 599 042,A01,2,7,0,2,1,15,1,0.0
202300045940,155 599 044,B01,2,32,0,2,3,1,0,0.0
202300045941,155 599 040,A01,1,7,0,1,2,1,1,0.0
202300045942,155 599 039,A01,2,7,0,2,3,13,1,0.0
202300045942,155 599 041,B01,1,7,0,2,3,1,1,0.0
202300045943,155 599 038,A01,1,1,0,2,1,1,5,0.0
202300045943,155 599 043,B01,2,7,0,2,1,9,1,0.0
202300045944,155 599 034,A01,0,7,0,2,1,2,1,0.0
202300045944,155 599 037,B01,0,7,0,9,4,23,1,0.0
202300045945,155 599 032,A01,2,7,0,2,3,15,1,0.0
202300045945,155 599 036,B01,1,33,0,2,1,1,1,0.0
202300045946,155 599 033,A01,1,7,0,1,2,1,1,0.0
202300045947,155 599 031,B01,3,1,0,2,7,1,5,0.0
202300045947,155 599 035,A01,3,7,0,2,1,9,1,0.0
202300045948,155 599 027,A01,2,7,12,2,3,13,1,0.0
202300045948,155 599 030,B01,1,7,0,2,1,1,1,0.0
202300045949,155 599 025,A01,1,1,0,2,1,5,5,0.0
202300045949,155 599 029,B01,1,7,8,2,7,1,1,0.0
202300045950,155 599 024,A01,1,7,0,2,1,11,1,0.0
202300045950,155 599 028,B01,2,15,0,2,1,1,1,0.0
202300045951,155 599 022,A01,2,7,6,0,1,13,1,0.0
202300045952,155 599 021,B01,1,7,0,2,1,2,1,0.0
202300045952,155 599 023,C01,3,7,0,2,8,1,1,0.0
202300045952,155 599 026,A01,3,7,0,2,1,9,1,0.0
202300045953,155 599 020,A01,1,7,0,1,1,1,1,0.0
202300045954,155 599 017,A01,1,7,1,1,3,13,1,0.0
202300045955,155 599 016,A01,3,7,0,2,1,9,1,0.0
202300045955,155 599 018,B01,3,80,0,2,4,1,3,0.0
202300045956,155 599 015,A01,2,7,0,2,8,15,1,0.0
202300045956,155 599 019,B01,1,2,0,2,1,1,1,0.0
202300045957,155 599 013,A01,3,10,0,2,5,1,1,0.0
202300045957,155 599 014,B01,3,1,0,2,3,19,5,0.0
202300045958,155 599 010,A01,1,33,0,2,5,21,1,0.0
202300045958,155 599 012,B01,1,7,0,0,5,9,1,0.0
202300045959,155 599 008,B01,3,50,0,2,7,19,3,0.0
202300045959,155 599 011,A01,3,7,0,2,1,1,1,0.0
202300045960,155 599 006,B01,3,10,0,2,2,1,1,0.0
202300045960,155 599 009,A01,3,2,0,2,3,9,1,0.0
202300045961,155 599 005,B01,3,7,7,2,1,1,1,0.0
202300045961,155 599 007,A01,3,7,7,2,7,1,1,0.0
202300045962,155 599 004,A01,1,34,0,0,8,1,1,0.0
202300045963,155 598 999,B01,1,50,0,2,8,1,3,0.0
202300045963,155 599 001,Z01,1,7,0,2,0,16,1,0.0
202300045964,155 598 997,A01,1,30,1,0,1,13,1,0.0
202300045965,155 598 998,C01,2,7,0,2,8,26,1,0.0
202300045965,155 599 000,A01,1,7,0,2,1,15,1,0.0
202300045965,155 599 003,B01,2,34,0,2,3,0,1,0.0
202300045966,155 598 993,B01,2,7,0,2,6,1,1,0.0
202300045966,155 598 995,A01,2,33,0,2,2,17,1,0.0
202300045967,155 598 992,A01,1,1,0,2,1,15,5,0.0
202300045967,155 598 996,B01,1,1,0,2,1,1,5,0.0
202300045968,155 598 990,A01,1,7,0,2,3,15,1,0.0
202300045968,155 598 991,B01,1,33,0,2,1,1,1,0.0
202300045969,155 598 989,A01,3,7,0,2,6,11,1,0.0
202300045969,155 598 994,B01,3,33,0,2,2,1,1,0.0
202300045970,155 598 987,A01,1,7,0,9,2,26,1,0.0
202300045970,155 598 988,B01,3,1,0,2,8,1,5,0.0
202300045971,155 598 984,A01,3,33,0,2,1,3,1,0.0
202300045971,155 598 985,B01,3,7,0,0,0,0,0,0.0
202300045972,155 598 983,A01,2,7,13,0,3,13,1,0.0
202300045973,155 598 981,A01,1,30,0,2,4,16,1,0.0
202300045973,155 598 982,Z01,1,7,0,2,2,1,1,0.0
202300045974,155 598 978,A01,2,7,15,1,3,1,1,0.0
202300045975,155 598 980,A01,3,7,16,0,0,14,1,0.0
202300045976,155 598 977,B01,2,1,0,2,1,1,5,0.0
202300045976,155 598 979,A01,1,7,0,2,2,1,1,0.0
202300045977,155 598 975,A01,1,7,0,2,4,1,0,0.0
202300045977,155 598 976,B01,1,7,0,2,1,1,0,0.0
202300045978,155 598 973,A01,1,7,0,1,2,1,1,0.0
202300045979,155 598 970,A01,3,7,0,2,4,4,1,0.0
202300045979,155 598 972,B01,3,7,0,2,7,1,1,0.0
202300045980,155 598 971,A01,2,33,0,2,1,16,1,0.0
202300045980,155 598 974,B01,1,1,0,2,1,19,5,0.0
202300045981,155 598 968,A01,3,7,0,2,3,15,1,0.0
202300045981,155 598 969,B01,3,32,0,2,2,17,1,0.0
202300045982,155 598 963,A01,1,7,15,1,1,26,3,0.0
202300045983,155 598 964,A01,2,7,0,2,3,13,0,0.0
202300045983,155 598 966,B01,1,7,0,2,2,1,0,0.0
202300045984,155 598 965,A01,3,7,0,2,8,9,1,0.0
202300045984,155 598 967,B01,3,1,0,2,7,1,5,0.0
202300045985,155 598 962,A01,0,7,0,1,1,1,1,0.0
202300045986,155 598 960,A01,1,7,0,1,4,4,0,0.0
202300045987,155 598 958,B01,2,50,0,2,1,5,3,0.0
202300045987,155 598 961,A01,1,7,0,2,1,16,1,0.0
202300045988,155 598 954,C01,2,7,0,2,4,15,1,0.0
202300045988,155 598 956,A01,2,7,0,2,1,1,1,0.0
202300045988,155 598 959,B01,2,7,0,2,9,1,1,0.0
202300045989,155 598 950,A01,3,7,0,2,1,2,1,0.0
202300045989,155 598 952,B01,3,7,0,2,4,23,1,0.0
202300045990,155 598 951,A01,1,33,0,2,2,15,1,0.0
202300045990,155 598 955,B01,1,7,0,2,3,15,1,0.0
202300045990,155 598 957,C01,2,7,0,2,1,23,1,0.0
202300045991,155 598 949,B01,1,33,0,2,1,1,0,0.0
202300045991,155 598 953,A01,1,7,0,2,5,12,0,0.0
202300045992,155 598 946,A01,3,7,0,1,2,1,1,0.0
202300045993,155 598 947,A01,1,34,1,0,1,1,1,0.0
202300045994,155 598 945,B01,3,2,0,2,8,1,1,0.0
202300045994,155 598 948,A01,2,7,0,2,8,1,1,0.0
202300045995,155 598 944,A01,1,7,0,1,2,2,1,0.0
202300045996,155 598 943,A01,1,15,2,0,2,14,1,0.0
202300045997,155 598 942,A01,1,7,0,1,1,1,1,0.0
202300045998,155 598 939,B01,2,7,0,2,2,1,1,0.0
202300045998,155 598 941,A01,2,7,0,2,1,9,1,0.0
202300045999,155 598 938,A01,2,7,13,6,1,21,1,0.0
202300045999,155 598 940,B01,2,7,0,6,1,21,1,0.0
202300046000,155 598 936,A01,3,0,0,1,0,0,0,0.0
202300046001,155 598 935,B01,1,7,0,2,4,2,1,0.0
202300046001,155 598 937,A01,1,30,0,2,1,2,1,0.0
202300046002,155 598 933,A01,3,7,4,0,1,1,1,0.0
202300046003,155 598 931,A01,1,10,0,2,0,5,6,0.0
202300046003,155 598 934,B01,2,14,0,2,1,1,6,0.0
202300046004,155 598 930,A01,2,7,0,1,5,2,1,0.0
202300046005,155 598 929,B01,2,1,0,2,1,25,5,0.0
202300046005,155 598 932,A01,2,7,16,0,6,15,1,0.0
202300046006,155 598 927,A01,0,7,2,0,1,1,0,0.0
202300046007,155 598 925,A01,2,30,0,2,1,1,3,0.0
202300046007,155 598 928,B01,1,7,0,2,1,23,2,0.0
202300046008,155 598 924,A01,1,34,0,2,2,17,1,0.0
202300046008,155 598 926,B01,1,7,0,2,3,15,0,0.0
202300046009,155 598 919,A01,1,7,13,0,3,1,1,0.0
202300046010,155 598 918,A01,0,1,0,0,4,0,5,0.0
202300046010,155 598 921,B01,0,7,0,2,1,0,1,0.0
202300046011,155 598 915,D01,3,7,0,2,1,1,1,0.0
202300046011,155 598 916,E01,3,7,0,2,6,1,1,0.0
202300046011,155 598 920,A01,3,7,0,2,1,5,1,0.0
202300046011,155 598 922,B01,3,7,0,2,6,1,1,0.0
202300046011,155 598 923,C01,3,10,0,2,3,1,1,0.0
202300046012,155 598 912,A01,2,7,0,1,3,1,1,0.0
202300046013,155 598 911,B01,3,7,0,2,3,1,1,0.0
202300046013,155 598 913,A01,3,2,0,2,8,0,1,0.0
202300046014,155 598 910,B01,3,34,0,2,1,3,1,0.0
202300046014,155 598 914,A01,3,7,0,2,2,9,1,0.0
202300046015,155 598 908,B01,2,10,0,2,4,15,1,0.0
202300046015,155 598 909,A01,2,7,0,2,1,2,1,0.0
202300046016,155 598 906,A01,1,7,0,1,1,9,1,0.0
202300046017,155 598 904,B01,1,7,0,2,4,23,1,0.0
202300046017,155 598 907,A01,1,30,0,2,1,21,1,0.0
202300046018,155 598 903,A01,1,7,0,2,1,1,1,0.0
202300046018,155 598 905,B01,2,13,0,2,3,23,1,0.0
202300046019,155 598 899,A01,2,7,6,0,2,15,1,0.0
202300046020,155 598 900,A01,1,7,0,1,2,0,1,0.0
202300046021,155 598 901,A01,3,7,0,2,3,9,1,0.0
202300046021,155 598 902,B01,0,31,0,0,0,0,1,0.0
202300046022,155 598 897,B01,1,7,0,2,6,13,1,0.0
202300046022,155 598 898,A01,2,10,0,2,3,1,1,0.0
202300046023,155 598 893,A01,3,33,0,2,1,2,1,0.0
202300046023,155 598 896,B01,3,7,0,2,4,2,1,0.0
202300046024,155 598 890,B01,3,37,1,0,4,23,1,1.0
202300046024,155 598 894,A01,3,7,0,2,1,2,1,0.0
202300046025,155 598 889,B01,1,7,0,2,1,13,1,0.0
202300046025,155 598 892,A01,2,17,0,0,3,1,1,0.0
202300046025,155 598 895,C01,2,7,16,0,1,1,1,0.0
202300046026,155 598 891,A01,1,2,0,0,8,1,1,0.0
202300046027,155 598 887,A01,3,7,0,9,8,22,1,0.0
202300046027,155 598 888,B01,3,1,1,0,1,2,5,0.0
202300046028,155 598 886,A01,2,7,2,0,3,14,1,0.0
202300046029,155 598 884,A01,1,7,0,1,1,1,1,0.0
202300046030,155 598 881,A01,1,7,8,0,2,1,1,0.0
202300046031,155 598 880,B01,2,31,0,2,4,1,1,0.0
202300046031,155 598 882,A01,2,7,0,2,1,1,4,0.0
202300046032,155 598 879,A01,1,10,0,1,1,26,0,0.0
202300046033,155 598 875,B01,2,10,0,2,2,13,1,0.0
202300046033,155 598 877,A01,2,33,0,2,3,11,1,0.0
202300046034,155 598 874,A01,2,7,0,2,1,1,1,0.0
202300046034,155 598 878,B01,2,7,0,2,4,1,1,0.0
202300046035,155 598 873,A01,1,1,0,2,2,17,5,0.0
202300046035,155 598 876,B01,1,1,0,2,6,2,5,0.0
202300046036,155 598 868,A01,2,7,0,2,8,15,1,0.0
202300046036,155 598 872,B01,2,2,0,2,2,0,1,0.0
202300046037,155 598 871,A01,3,7,0,9,3,0,1,0.0
202300046038,155 598 867,B01,1,1,0,2,4,1,5,0.0
202300046038,155 598 870,A01,1,7,0,2,2,1,1,0.0
202300046039,155 598 866,A01,1,1,1,0,1,1,5,0.0
202300046039,155 598 869,Z01,1,10,0,2,1,22,1,0.0
202300046040,155 598 864,A01,3,7,0,0,0,24,1,0.0
202300046041,155 598 863,B01,1,50,0,2,4,1,3,0.0
202300046041,155 598 865,A01,1,7,0,2,2,1,1,0.0
202300046042,155 598 861,A01,2,36,13,0,1,1,1,0.0
202300046043,155 598 859,A01,2,7,0,1,2,2,1,0.0
202300046044,155 598 860,B01,1,37,0,2,3,1,1,2.0
202300046044,155 598 862,A01,1,7,0,2,0,17,1,0.0
202300046045,155 598 857,A01,3,36,12,0,0,1,1,0.0
202300046046,155 598 856,A01,1,7,0,2,3,2,1,0.0
202300046046,155 598 858,B01,1,7,0,2,5,1,1,0.0
202300046047,155 598 853,A01,0,10,1,0,2,1,1,0.0
202300046047,155 598 855,B01,0,7,0,2,4,24,1,0.0
202300046048,155 598 852,B01,2,50,0,2,1,1,3,0.0
202300046048,155 598 854,A01,2,7,0,2,3,15,1,0.0
202300046049,155 598 849,A01,1,31,0,2,7,26,1,0.0
202300046049,155 598 850,B01,1,7,0,2,3,12,1,0.0
202300046050,155 598 848,A01,1,7,1,0,2,1,1,0.0
202300046051,155 598 846,A01,3,7,6,0,2,1,1,0.0
202300046052,155 598 842,A01,3,1,0,2,1,13,5,0.0
202300046052,155 598 844,B01,3,60,0,2,1,1,5,0.0
202300046053,155 598 845,A01,2,7,4,0,3,1,1,0.0
202300046054,155 598 843,B01,1,7,0,2,8,14,1,0.0
202300046054,155 598 847,A01,1,7,0,2,1,15,1,0.0
202300046055,155 598 838,A01,2,14,0,2,2,1,1,0.0
202300046055,155 598 839,B01,2,1,0,2,3,18,5,0.0
202300046056,155 598 837,A01,2,7,6,0,1,26,1,0.0
202300046057,155 598 836,B01,2,7,0,0,5,23,2,0.0
202300046057,155 598 840,A01,2,7,1,1,1,1,2,0.0
202300046057,155 598 841,C01,2,7,0,6,1,1,1,0.0
202300046058,155 598 833,B01,2,33,0,2,0,0,1,0.0
202300046058,155 598 835,A01,1,32,0,2,1,3,1,0.0
202300046059,155 598 829,A01,1,30,0,2,0,5,1,0.0
202300046059,155 598 834,B01,2,30,0,2,0,21,1,0.0
202300046060,155 598 830,A01,2,33,0,2,1,3,0,0.0
202300046060,155 598 832,B01,2,10,0,2,6,11,0,0.0
202300046061,155 598 828,A01,2,7,6,2,3,5,1,0.0
202300046061,155 598 831,B01,1,7,0,2,6,14,1,0.0
202300046062,155 598 824,A01,2,1,0,5,1,1,5,0.0
202300046063,155 598 826,B01,1,7,0,2,4,1,1,0.0
202300046063,155 598 827,A01,1,13,0,2,1,2,1,0.0
202300046064,155 598 822,A01,1,7,0,2,2,15,6,0.0
202300046064,155 598 823,B01,1,37,0,2,3,15,1,1.0
202300046065,155 598 818,B01,1,7,0,2,4,23,1,0.0
202300046065,155 598 820,C01,1,7,0,2,4,23,1,0.0
202300046065,155 598 821,A01,1,7,0,2,1,2,1,0.0
202300046065,155 598 825,D01,1,7,0,2,4,23,1,0.0
202300046066,155 598 816,A01,2,7,2,0,1,14,1,0.0
202300046067,155 598 815,B01,3,31,0,2,7,1,1,0.0
202300046067,155 598 819,A01,3,7,0,2,3,9,1,0.0
202300046068,155 598 814,B01,1,7,0,2,3,1,1,0.0
202300046068,155 598 817,A01,1,2,0,2,6,15,1,0.0
202300046069,155 598 812,B01,1,7,0,2,1,1,4,0.0
202300046069,155 598 813,A01,1,33,0,2,1,3,1,0.0
202300046070,155 598 811,A01,1,7,0,1,2,1,1,0.0
202300046071,155 598 808,B01,0,1,0,2,8,9,5,0.0
202300046071,155 598 809,A01,1,7,0,9,7,1,1,0.0
202300046072,155 598 805,A01,3,30,0,1,1,1,1,0.0
202300046073,155 598 807,A01,1,7,0,2,1,1,1,0.0
202300046073,155 598 810,B01,1,7,0,2,4,23,1,0.0
202300046074,155 598 804,B01,2,7,0,2,4,0,1,0.0
202300046074,155 598 806,A01,2,33,0,2,1,0,1,0.0
202300046075,155 598 802,A01,0,1,0,2,1,1,5,0.0
202300046075,155 598 803,B01,0,7,0,2,2,1,1,0.0
202300046076,155 598 801,A01,1,33,2,0,1,14,1,0.0
202300046077,155 598 799,A01,3,7,1,1,1,0,1,0.0
202300046078,155 598 798,A01,2,33,0,2,8,3,1,0.0
202300046078,155 598 800,B01,2,7,0,2,7,12,1,0.0
202300046079,155 598 795,A01,3,10,0,2,8,22,1,0.0
202300046079,155 598 797,B01,3,1,0,2,1,7,5,0.0
202300046080,155 598 794,A01,1,7,0,1,1,1,1,0.0
202300046081,155 598 793,B01,3,30,0,2,1,1,1,0.0
202300046081,155 598 796,A01,0,7,0,2,1,1,1,0.0
202300046082,155 598 791,A01,1,15,0,2,5,17,1,0.0
202300046082,155 598 792,B01,1,7,0,2,3,1,1,0.0
202300046083,155 598 790,A01,3,7,0,1,2,16,1,0.0
202300046084,155 598 782,B01,2,13,0,2,1,1,1,0.0
202300046084,155 598 784,C01,2,14,0,2,1,1,1,0.0
202300046084,155 598 786,A01,2,13,0,2,4,1,1,0.0
202300046085,155 598 781,B01,2,10,0,2,1,2,1,0.0
202300046085,155 598 783,A01,2,7,16,0,4,23,1,0.0
202300046086,155 598 779,B01,2,7,0,2,6,19,2,0.0
202300046086,155 598 785,A01,2,7,0,2,1,19,1,0.0
202300046087,155 598 780,B01,1,7,0,2,2,1,0,0.0
202300046087,155 598 787,A01,0,7,0,2,1,0,0,0.0
202300046088,155 598 778,A01,1,7,0,1,8,1,1,0.0
202300046089,155 598 776,A01,1,38,6,0,1,20,1,1.0
202300046090,155 598 774,A01,0,50,0,2,2,26,3,0.0
202300046090,155 598 777,B01,3,7,0,2,1,26,0,0.0
202300046091,155 598 772,A01,1,7,5,0,1,14,1,0.0
202300046092,155 598 771,A01,2,7,0,2,2,1,1,0.0
202300046092,155 598 775,B01,1,7,0,2,3,1,1,0.0
202300046093,155 598 770,A01,1,7,0,2,3,9,1,0.0
202300046093,155 598 773,B01,2,7,0,2,1,1,1,0.0
202300046094,155 598 765,A01,1,33,0,2,1,1,1,0.0
202300046094,155 598 768,B01,1,7,0,2,4,16,1,0.0
202300046095,155 598 764,A01,0,7,0,0,1,16,1,0.0
202300046095,155 598 769,B01,0,7,0,2,8,1,1,0.0
202300046096,155 598 763,A01,1,10,0,9,7,16,1,0.0
202300046096,155 598 766,B01,1,99,0,2,1,1,3,0.0
202300046097,155 598 762,B01,2,7,0,2,6,2,1,0.0
202300046097,155 598 767,A01,2,33,0,2,1,2,1,0.0
202300046098,155 598 758,A01,3,7,0,0,3,15,3,0.0
202300046098,155 598 761,B01,3,7,0,0,1,15,1,0.0
202300046099,155 598 757,A01,0,2,0,2,1,2,1,0.0
202300046099,155 598 760,B01,0,7,0,0,0,0,1,0.0
202300046100,155 598 756,A01,1,7,0,0,8,10,1,0.0
202300046100,155 598 759,B01,1,33,0,2,1,17,1,0.0
202300046101,155 598 755,A01,1,37,0,1,0,7,2,3.0
202300046102,155 598 752,A01,3,7,0,2,1,17,1,0.0
202300046102,155 598 754,B01,3,7,0,2,1,1,1,0.0
202300046103,155 598 749,B01,3,7,0,2,1,1,1,0.0
202300046103,155 598 751,A01,3,7,0,2,3,0,1,0.0
202300046104,155 598 745,D01,2,10,0,0,3,2,1,0.0
202300046104,155 598 748,A01,2,33,0,0,0,0,1,0.0