num_acc,id_vehicule,num_veh,senc,catv,obs,obsm,choc,manv,motor,occutc
202300047130,155 596 944,A01,0,33,0,2,0,0,0,0.0
202300047130,155 596 945,B01,0,7,0,2,8,0,0,0.0
202300047131,155 596 943,A01,3,7,1,0,1,2,0,0.0
202300047132,155 596 942,A01,0,31,0,0,8,1,3,0.0
202300047133,155 596 940,A01,3,7,0,2,3,1,1,0.0
202300047133,155 596 941,B01,1,7,0,2,3,1,1,0.0
202300047134,155 596 939,A01,1,33,0,0,0,1,1,0.0
202300047135,155 596 938,A01,3,7,0,1,4,20,1,0.0
202300047136,155 596 935,A01,2,50,0,2,7,17,3,0.0
202300047136,155 596 936,B01,2,33,0,0,8,13,0,0.0
202300047137,155 596 934,A01,2,7,0,1,3,1,1,0.0
202300047138,155 596 932,B01,1,7,0,2,2,26,0,0.0
202300047138,155 596 933,A01,1,7,0,2,1,26,1,0.0
202300047139,155 596 931,A01,3,36,8,0,1,1,3,0.0
202300047140,155 596 929,A01,1,7,0,2,2,15,1,0.0
202300047140,155 596 930,B01,2,14,0,2,8,15,1,0.0
202300047141,155 596 923,B01,2,1,0,2,7,1,5,0.0
202300047141,155 596 924,A01,2,7,0,2,3,22,1,0.0
202300047142,155 596 921,B01,1,7,0,2,2,1,1,0.0
202300047142,155 596 922,A01,1,7,0,2,5,11,6,0.0
202300047143,155 596 920,A01,1,10,0,1,1,1,1,0.0
202300047144,155 596 918,B01,1,50,0,2,1,1,3,0.0
202300047144,155 596 919,A01,1,7,0,2,7,16,1,0.0
202300047145,155 596 916,B01,3,50,0,2,0,0,3,0.0
202300047145,155 596 917,A01,1,7,0,9,0,0,0,0.0
202300047146,155 596 915,A01,1,7,0,1,1,26,1,0.0
202300047147,155 596 913,A01,2,7,7,2,2,1,2,0.0
202300047147,155 596 914,B01,2,7,0,2,3,15,1,0.0
202300047148,155 596 912,A01,1,31,3,0,0,3,0,0.0
202300047149,155 596 910,B01,1,7,0,2,3,1,1,0.0
202300047149,155 596 911,A01,2,7,0,2,3,1,1,0.0
202300047150,155 596 908,B01,0,1,0,2,1,1,5,0.0
202300047150,155 596 909,A01,1,10,0,9,3,9,1,0.0
202300047151,155 596 906,A01,1,7,0,2,2,23,1,0.0
202300047151,155 596 907,B01,1,7,10,2,3,18,1,0.0
202300047152,155 596 904,A01,0,7,0,2,3,1,1,0.0
202300047152,155 596 905,B01,0,7,0,2,3,0,1,0.0
202300047153,155 596 903,A01,0,7,14,0,1,1,1,0.0
202300047154,155 596 901,A01,2,15,0,2,6,19,1,0.0
202300047154,155 596 902,B01,2,7,0,2,1,1,1,0.0
202300047155,155 596 899,A01,2,99,13,2,3,1,1,0.0
202300047155,155 596 900,B01,1,7,13,2,7,19,1,0.0
202300047156,155 596 897,A01,1,7,0,2,1,1,1,0.0
202300047156,155 596 898,B01,2,7,0,2,1,5,1,0.0
202300047157,155 596 896,A01,2,7,2,0,2,1,1,0.0
202300047158,155 596 895,A01,1,7,6,0,3,0,3,0.0
202300047159,155 596 894,A01,1,10,13,0,1,1,1,0.0
202300047160,155 596 893,A01,1,7,6,0,3,1,1,0.0
202300047161,155 596 892,A01,1,7,0,0,3,0,1,0.0
202300047162,155 596 890,A01,1,7,0,2,1,1,1,0.0
202300047162,155 596 891,B01,1,7,0,2,4,1,1,0.0
202300047163,155 596 888,A01,2,7,0,2,1,1,1,0.0
202300047163,155 596 889,B01,2,7,0,2,4,2,1,0.0
202300047164,155 596 887,A01,2,7,4,0,1,1,1,0.0
202300047165,155 596 886,A01,2,7,3,0,1,9,1,0.0
202300047166,155 596 884,B01,3,7,0,2,4,23,0,0.0
202300047166,155 596 885,A01,3,10,0,2,1,2,1,0.0
202300047167,155 596 883,A01,2,7,4,0,1,26,1,0.0
202300047168,155 596 880,Z01,1,10,0,2,8,11,1,0.0
202300047168,155 596 881,B01,1,7,0,2,7,1,1,0.0
202300047168,155 596 882,C01,1,7,0,2,2,1,1,0.0
202300047169,155 596 879,A01,1,7,4,0,1,0,1,0.0
202300047170,155 596 876,B01,1,7,0,2,3,1,1,0.0
202300047170,155 596 877,C01,1,7,0,2,2,1,1,0.0
202300047170,155 596 878,A01,1,99,0,2,0,2,1,0.0
202300047171,155 596 875,A01,2,33,0,0,9,1,1,0.0
202300047172,155 596 872,A01,2,10,0,2,7,2,1,0.0
202300047172,155 596 873,C01,1,10,0,2,1,15,1,0.0
202300047172,155 596 874,B01,1,10,0,2,1,16,1,0.0
202300047173,155 596 871,A01,1,7,0,1,1,1,1,0.0
202300047174,155 596 870,A01,2,7,0,1,1,1,1,0.0
202300047175,155 596 867,B01,2,7,0,2,8,15,1,0.0
202300047175,155 596 868,A01,1,7,0,2,2,17,1,0.0
202300047175,155 596 869,C01,1,10,0,2,3,1,1,0.0
202300047176,155 596 865,A01,1,7,16,2,3,15,1,0.0
202300047176,155 596 866,B01,2,33,0,2,1,1,1,0.0
202300047177,155 596 864,A01,2,33,12,0,1,17,1,0.0
202300047178,155 596 863,A01,2,7,0,1,1,1,1,0.0
202300047179,155 596 861,A01,3,13,0,2,1,0,1,0.0
202300047179,155 596 862,B01,3,30,0,2,1,17,1,0.0
202300047180,155 596 855,C01,1,10,0,2,4,2,1,0.0
202300047180,155 596 856,D01,1,7,0,2,2,1,1,0.0
202300047180,155 596 857,E01,1,7,0,2,8,0,0,0.0
202300047180,155 596 858,F01,1,7,0,2,5,1,1,0.0
202300047180,155 596 859,A01,1,10,3,2,1,1,1,0.0
202300047180,155 596 860,B01,2,7,3,2,0,0,1,0.0
202300047181,155 596 853,A01,1,7,0,2,2,1,1,0.0
202300047181,155 596 854,B01,3,7,0,2,3,1,1,0.0
202300047182,155 596 851,A01,1,2,0,2,1,1,1,0.0
202300047182,155 596 852,B01,1,7,0,2,2,1,1,0.0
202300047183,155 596 849,A01,2,7,0,2,1,13,1,0.0
202300047183,155 596 850,B01,1,7,0,2,1,1,1,0.0
202300047184,155 596 848,Z01,1,7,0,1,1,1,0,0.0
202300047185,155 596 846,A01,1,7,0,2,1,2,1,0.0
202300047185,155 596 847,B01,1,7,0,2,4,1,1,0.0
202300047186,155 596 844,A01,1,7,16,0,1,13,1,0.0
202300047186,155 596 845,B01,1,7,16,0,1,1,1,0.0
202300047187,155 596 842,A01,1,7,0,2,1,9,1,0.0
202300047187,155 596 843,B01,2,32,0,2,8,9,1,0.0
202300047188,155 596 840,A01,1,7,0,2,2,16,1,0.0
202300047188,155 596 841,B01,1,31,0,2,1,1,1,0.0
202300047189,155 596 835,C01,2,33,0,2,9,3,1,0.0
202300047189,155 596 836,A01,2,7,0,2,6,12,1,0.0
202300047189,155 596 837,B01,2,7,0,2,4,12,1,0.0
202300047189,155 596 838,D01,2,7,0,2,1,2,1,0.0
202300047189,155 596 839,E01,2,7,0,2,6,2,1,0.0
202300047190,155 596 831,A01,3,10,0,2,1,2,1,0.0
202300047190,155 596 832,B01,3,10,0,2,4,2,1,0.0
202300047191,155 596 830,A01,2,7,4,0,1,13,1,0.0
202300047192,155 596 828,B01,2,1,0,2,1,1,5,0.0
202300047192,155 596 829,A01,1,7,0,2,3,17,1,0.0
202300047193,155 596 826,A01,2,7,0,2,1,13,1,0.0
202300047193,155 596 827,B01,1,15,0,2,1,1,1,0.0
202300047194,155 596 825,A01,1,7,0,1,1,2,1,0.0
202300047195,155 596 823,A01,3,34,0,2,1,1,1,0.0
202300047195,155 596 824,B01,3,7,0,2,5,15,1,0.0
202300047196,155 596 821,A01,3,32,0,2,7,17,1,0.0
202300047196,155 596 822,B01,3,10,0,2,3,15,1,0.0
202300047197,155 596 819,A01,3,7,0,2,8,1,1,0.0
202300047197,155 596 820,B01,3,7,0,2,3,0,1,0.0
202300047198,155 596 817,B01,1,7,0,2,3,15,1,0.0
202300047198,155 596 818,A01,1,31,0,2,1,11,1,0.0
202300047199,155 596 814,B01,3,7,0,0,0,0,0,0.0
202300047199,155 596 815,A01,0,99,0,2,7,25,3,0.0
202300047199,155 596 816,C01,0,99,0,2,7,25,0,0.0
202300047200,155 596 812,A01,1,31,0,2,1,1,1,0.0
202300047200,155 596 813,B01,1,7,0,2,6,1,1,0.0
202300047201,155 596 803,A01,0,50,0,2,1,0,3,0.0
202300047201,155 596 804,B01,1,7,0,2,1,1,1,0.0
202300047202,155 596 801,A01,1,10,0,2,1,2,1,0.0
202300047202,155 596 802,B01,1,7,0,2,4,2,1,0.0
202300047203,155 596 799,B01,1,7,0,2,8,1,1,0.0
202300047203,155 596 800,A01,1,30,0,2,1,26,1,0.0
202300047204,155 596 797,B01,3,7,0,2,8,26,1,0.0
202300047204,155 596 798,A01,3,10,15,2,1,26,1,0.0
202300047205,155 596 795,A01,3,7,0,2,1,11,1,0.0
202300047205,155 596 796,B01,3,7,0,2,1,1,1,0.0
202300047206,155 596 793,A01,3,7,0,2,1,17,1,0.0
202300047206,155 596 794,B01,3,7,0,2,3,15,1,0.0
202300047207,155 596 791,A01,3,7,0,2,3,26,1,0.0
202300047207,155 596 792,B01,3,7,0,2,1,26,1,0.0
202300047208,155 596 789,A01,2,7,0,2,3,9,1,0.0
202300047208,155 596 790,B01,2,2,0,2,5,1,1,0.0
202300047209,155 596 787,A01,3,33,0,2,1,1,1,0.0
202300047209,155 596 788,B01,3,33,0,2,4,1,1,0.0
202300047210,155 596 785,A01,1,7,0,2,2,9,1,0.0
202300047210,155 596 786,B01,2,50,0,2,2,5,3,0.0
202300047211,155 596 782,B01,2,40,0,2,1,1,3,0.0
202300047211,155 596 783,A01,2,7,0,4,8,15,1,0.0
202300047211,155 596 784,C01,1,7,0,4,6,21,1,0.0
202300047212,155 596 781,A01,1,7,0,1,0,1,1,0.0
202300047213,155 596 779,A01,1,7,0,2,3,15,1,0.0
202300047213,155 596 780,B01,2,50,0,2,8,1,3,0.0
202300047214,155 596 778,A01,3,7,0,1,1,16,1,0.0
202300047215,155 596 776,B01,2,7,0,2,7,15,1,0.0
202300047215,155 596 777,A01,1,33,0,2,1,8,1,0.0
202300047216,155 596 775,A01,0,7,0,1,2,1,1,0.0
202300047217,155 596 774,A01,3,7,0,1,3,16,1,0.0
202300047218,155 596 772,B01,1,50,0,2,0,0,3,0.0
202300047218,155 596 773,A01,2,7,0,2,1,15,1,0.0
202300047219,155 596 771,A01,2,7,0,1,4,4,1,0.0
202300047220,155 596 769,A01,1,1,0,2,1,15,5,0.0
202300047220,155 596 770,B01,1,7,0,9,1,16,0,0.0
202300047221,155 596 768,A01,1,33,0,0,7,16,1,0.0
202300047222,155 596 767,A01,1,33,0,0,0,9,1,0.0
202300047223,155 596 765,A01,3,7,0,2,3,16,1,0.0
202300047223,155 596 766,B01,3,7,0,2,1,1,1,0.0
202300047224,155 596 762,A01,3,7,0,2,1,2,1,0.0
202300047224,155 596 764,B01,3,7,0,2,4,2,1,0.0
202300047225,155 596 763,A01,2,50,0,1,1,1,3,0.0
202300047226,155 596 758,A01,1,1,1,0,1,1,5,0.0
202300047226,155 596 760,B01,1,7,0,2,3,24,1,0.0
202300047227,155 596 759,A01,3,7,0,2,3,15,1,0.0
202300047227,155 596 761,B01,3,2,0,2,1,1,1,0.0
202300047228,155 596 757,A01,1,33,14,0,1,2,1,0.0
202300047229,155 596 753,A01,2,7,0,2,3,15,1,0.0
202300047229,155 596 755,B01,2,33,0,2,1,1,1,0.0
202300047230,155 596 754,A01,1,7,0,2,4,1,1,0.0
202300047230,155 596 756,B01,1,7,0,2,1,2,1,0.0
202300047231,155 596 752,A01,3,7,8,0,2,1,1,0.0
202300047232,155 596 750,B01,1,7,0,2,3,1,1,0.0
202300047232,155 596 751,A01,2,33,0,1,1,17,1,0.0
202300047233,155 596 748,B01,3,7,0,2,8,15,1,0.0
202300047233,155 596 749,A01,2,15,0,2,3,1,1,0.0
202300047234,155 596 744,A01,1,7,0,9,2,17,1,0.0
202300047234,155 596 746,B01,1,1,13,2,5,2,5,0.0
202300047234,155 596 747,C01,1,7,0,2,3,17,6,0.0
202300047235,155 596 745,A01,2,7,0,1,1,1,1,0.0
202300047236,155 596 743,A01,1,10,0,1,2,0,1,0.0
202300047237,155 596 741,A01,2,7,13,0,8,1,1,0.0
202300047238,155 596 740,B01,0,7,0,0,4,2,1,0.0
202300047238,155 596 742,A01,3,30,0,2,1,2,1,0.0
202300047239,155 596 739,A01,2,7,8,0,9,1,1,0.0
202300047240,155 596 736,A01,2,7,0,0,5,24,0,0.0
202300047240,155 596 737,B01,2,33,1,0,1,21,0,0.0
202300047241,155 596 735,B01,2,2,0,2,1,26,1,0.0
202300047241,155 596 738,A01,1,7,0,2,1,15,1,0.0
202300047242,155 596 734,A01,1,33,0,0,9,14,1,0.0
202300047243,155 596 730,A01,1,7,4,0,2,17,1,0.0
202300047243,155 596 732,B01,1,7,0,2,3,18,0,0.0
202300047244,155 596 731,A01,1,10,0,2,2,16,1,0.0
202300047244,155 596 733,B01,1,1,0,2,0,0,5,0.0
202300047245,155 596 727,A01,3,7,0,2,1,15,1,0.0
202300047245,155 596 729,B01,1,33,0,2,7,1,1,0.0
202300047246,155 596 726,A01,2,7,0,2,1,2,1,0.0
202300047246,155 596 728,B01,0,7,0,2,4,2,1,0.0
202300047247,155 596 725,A01,1,30,1,0,2,1,1,0.0
202300047248,155 596 724,A01,2,7,0,1,2,1,3,0.0
202300047249,155 596 722,A01,1,7,0,2,1,13,2,0.0
202300047249,155 596 723,B01,2,7,0,2,1,1,1,0.0
202300047250,155 596 719,A01,1,7,0,2,3,1,1,0.0
202300047250,155 596 720,B01,2,7,0,2,3,13,1,0.0
202300047251,155 596 717,C01,3,7,0,2,1,1,1,0.0
202300047251,155 596 718,B01,3,7,0,2,7,21,2,0.0
202300047251,155 596 721,A01,3,7,0,2,1,13,1,0.0
202300047252,155 596 715,A01,2,7,0,2,3,17,1,0.0
202300047252,155 596 716,B01,1,7,0,2,1,1,1,0.0
202300047253,155 596 714,A01,1,33,0,0,3,2,1,0.0
202300047254,155 596 712,A01,1,7,0,2,3,24,1,0.0
202300047254,155 596 713,B01,1,1,1,0,1,1,5,0.0
202300047255,155 596 711,A01,2,33,17,0,1,21,1,0.0
202300047256,155 596 707,B01,3,50,0,2,1,26,3,0.0
202300047256,155 596 708,A01,1,7,0,2,1,1,1,0.0
202300047257,155 596 709,A01,3,7,0,2,5,16,1,0.0
202300047257,155 596 710,B01,3,1,0,2,0,1,5,0.0
202300047258,155 596 706,A01,1,1,0,0,0,1,5,0.0
202300047259,155 596 705,A01,1,7,0,9,3,1,0,0.0
202300047260,155 596 702,A01,1,7,1,1,1,1,0,0.0
202300047261,155 596 703,A01,2,7,0,1,1,1,1,0.0
202300047262,155 596 701,A01,3,7,2,0,1,16,0,0.0
202300047263,155 596 699,A01,1,7,2,0,1,1,1,0.0
202300047264,155 596 698,A01,1,10,0,2,2,10,1,0.0
202300047264,155 596 700,B01,2,32,0,2,1,1,1,0.0
202300047265,155 596 697,A01,1,7,13,0,1,1,1,0.0
202300047266,155 596 696,A01,1,7,0,9,3,15,1,0.0
202300047267,155 596 694,A01,2,32,0,2,1,1,1,0.0
202300047267,155 596 695,B01,1,7,0,2,2,15,1,0.0
202300047268,155 596 692,A01,2,2,0,2,1,2,1,0.0
202300047268,155 596 693,B01,2,7,0,2,6,2,1,0.0
202300047269,155 596 689,B01,2,32,0,2,1,23,1,0.0
202300047269,155 596 691,A01,1,7,0,2,3,15,1,0.0
202300047270,155 596 688,A01,1,50,0,0,4,15,3,0.0
202300047270,155 596 690,B01,1,1,0,9,1,21,5,0.0
202300047271,155 596 685,A01,1,7,0,0,6,1,1,0.0
202300047271,155 596 686,B01,1,33,0,0,1,2,1,0.0
202300047272,155 596 683,C01,2,7,0,2,4,2,1,0.0
202300047272,155 596 684,A01,2,7,0,2,1,2,1,0.0
202300047272,155 596 687,B01,2,7,0,2,4,2,1,0.0
202300047273,155 596 679,B01,2,7,14,0,3,0,1,0.0
202300047273,155 596 681,C01,2,7,0,2,8,1,1,0.0
202300047273,155 596 682,A01,2,17,0,2,0,21,0,0.0
202300047274,155 596 678,A01,2,30,0,2,3,16,3,0.0
202300047274,155 596 680,B01,1,7,0,2,3,23,1,0.0
202300047275,155 596 676,A01,1,7,0,2,3,15,1,0.0
202300047275,155 596 677,B01,2,7,0,2,3,1,1,0.0
202300047276,155 596 675,A01,1,7,0,1,1,1,1,0.0
202300047277,155 596 674,A01,1,7,0,0,1,1,0,0.0
202300047278,155 596 671,A01,2,10,0,2,3,9,1,0.0
202300047278,155 596 673,B01,2,1,0,2,7,1,5,0.0
202300047279,155 596 672,A01,3,7,0,1,1,1,1,0.0
202300047280,155 596 667,A01,1,7,0,9,3,1,1,0.0
202300047280,155 596 669,B01,3,1,0,2,2,1,5,0.0
202300047281,155 596 668,A01,1,7,0,9,1,1,1,0.0
202300047281,155 596 670,B01,1,1,0,2,1,1,5,0.0
202300047282,155 596 664,A01,2,7,0,0,4,23,1,0.0
202300047282,155 596 666,B01,2,7,1,0,1,1,1,0.0
202300047283,155 596 665,A01,1,33,0,1,8,21,1,0.0
202300047284,155 596 661,A01,1,7,12,2,3,1,1,0.0
202300047284,155 596 663,B01,2,10,0,2,3,1,1,0.0
202300047285,155 596 660,A01,2,7,0,2,7,9,1,0.0
202300047285,155 596 662,B01,1,7,0,2,3,1,1,0.0
202300047286,155 596 658,A01,2,7,0,2,8,1,1,0.0
202300047286,155 596 659,B01,1,7,0,2,1,1,1,0.0
202300047287,155 596 656,A01,3,7,0,0,3,15,0,0.0
202300047288,155 596 655,A01,1,7,0,2,1,10,1,0.0
202300047288,155 596 657,B01,1,7,0,2,2,1,1,0.0
202300047289,155 596 654,A01,1,7,2,0,1,1,1,0.0
202300047290,155 596 652,A01,3,7,13,0,7,1,1,0.0
202300047291,155 596 651,B01,2,7,0,2,1,2,1,0.0
202300047291,155 596 653,A01,2,7,0,2,1,2,1,0.0
202300047292,155 596 649,A01,2,7,0,1,8,1,1,0.0
202300047293,155 596 648,B01,1,1,0,0,7,9,5,0.0
202300047293,155 596 650,A01,1,7,0,9,3,9,1,0.0
202300047294,155 596 645,A01,1,43,0,1,1,0,1,0.0
202300047295,155 596 641,B01,3,7,0,2,1,9,1,0.0
202300047295,155 596 644,A01,0,31,0,2,1,3,3,0.0
202300047296,155 596 638,A01,1,7,0,2,3,9,1,0.0
202300047296,155 596 640,B01,1,1,0,2,1,1,5,0.0
202300047297,155 596 632,A01,2,1,0,2,4,9,5,0.0
202300047297,155 596 635,B01,3,0,0,2,0,9,0,0.0
202300047298,155 596 633,A01,1,7,1,0,3,13,1,0.0
202300047298,155 596 636,B01,2,7,0,2,7,23,1,0.0
202300047299,155 596 631,B01,1,7,0,2,4,2,1,0.0
202300047299,155 596 634,A01,1,7,0,2,1,2,1,0.0
202300047300,155 596 629,A01,1,7,0,0,9,13,1,0.0
202300047301,155 596 627,B01,2,7,0,2,3,1,1,0.0
202300047301,155 596 630,A01,3,7,0,2,3,15,1,0.0
202300047302,155 596 626,A01,1,33,0,2,3,3,1,0.0
202300047302,155 596 628,B01,1,7,0,2,5,12,1,0.0
202300047303,155 596 625,A01,3,7,0,0,1,1,1,0.0
202300047304,155 596 621,B01,2,31,0,2,1,1,1,0.0
202300047304,155 596 623,A01,1,7,0,2,2,15,1,0.0
202300047305,155 596 620,C01,1,14,0,2,3,1,1,0.0
202300047305,155 596 622,A01,1,33,0,2,3,3,1,0.0
202300047305,155 596 624,B01,1,10,0,2,7,1,1,0.0
202300047306,155 596 619,A01,1,31,0,0,9,14,1,0.0
202300047307,155 596 616,A01,1,7,0,2,3,26,1,0.0
202300047307,155 596 618,B01,2,1,0,2,1,25,5,0.0
202300047308,155 596 615,B01,1,33,0,2,7,1,1,0.0
202300047308,155 596 617,A01,1,7,0,2,6,11,1,0.0
202300047309,155 596 613,A01,1,7,0,1,3,26,1,0.0
202300047310,155 596 614,A01,3,2,0,0,4,26,1,0.0
202300047311,155 596 611,B01,2,7,0,2,6,1,1,0.0
202300047311,155 596 612,A01,2,7,0,2,2,11,1,0.0
202300047312,155 596 609,A01,1,7,0,1,1,17,1,0.0
202300047313,155 596 610,Z01,1,7,0,1,2,2,1,0.0
202300047314,155 596 608,A01,3,7,0,1,1,20,0,0.0
202300047315,155 596 606,A01,2,10,0,1,4,4,1,0.0
202300047316,155 596 605,B01,3,7,0,2,1,1,1,0.0
202300047316,155 596 607,A01,3,32,0,2,4,23,1,0.0
202300047317,155 596 599,A01,1,7,0,2,8,22,1,0.0
202300047317,155 596 601,B01,1,1,0,2,1,1,5,0.0
202300047318,155 596 600,A01,2,7,0,2,1,5,1,0.0
202300047318,155 596 604,B01,1,7,0,2,1,1,1,0.0
202300047319,155 596 598,A01,1,7,0,2,1,1,1,0.0
202300047319,155 596 602,B01,1,7,0,2,4,1,1,0.0
202300047319,155 596 603,C01,1,7,0,2,4,1,1,0.0
202300047320,155 596 596,A01,1,7,0,1,3,16,1,0.0
202300047321,155 596 595,A01,1,7,0,2,2,0,1,0.0
202300047321,155 596 597,B01,2,15,0,2,8,1,6,0.0
202300047322,155 596 594,A01,1,7,2,0,1,14,1,0.0
202300047323,155 596 592,B01,1,7,0,2,6,2,1,0.0
202300047323,155 596 593,A01,1,43,0,2,1,3,1,0.0
202300047324,155 596 591,A01,1,31,0,1,1,1,1,0.0
202300047325,155 596 589,A01,2,33,3,0,3,9,1,0.0
202300047326,155 596 587,A01,1,50,8,0,0,26,3,0.0
202300047327,155 596 588,A01,1,7,0,2,0,1,1,0.0
202300047327,155 596 590,B01,2,7,0,2,3,1,1,0.0
202300047328,155 596 584,A01,1,36,3,0,2,1,1,0.0
202300047329,155 596 580,B01,1,7,0,2,1,2,1,0.0
202300047329,155 596 582,C01,1,7,0,2,1,2,1,0.0
202300047329,155 596 585,A01,1,7,0,2,4,2,1,0.0
202300047330,155 596 577,D01,3,7,0,2,2,23,2,0.0
202300047330,155 596 579,B01,3,7,0,2,7,23,4,0.0
202300047330,155 596 581,E01,3,7,0,2,6,23,1,0.0
202300047330,155 596 583,A01,3,32,14,2,8,3,1,0.0
202300047330,155 596 586,C01,3,10,0,2,5,23,1,0.0
202300047331,155 596 576,A01,3,7,0,1,3,1,1,0.0
202300047332,155 596 573,A01,3,31,0,1,1,1,1,0.0
202300047333,155 596 574,D01,2,15,0,0,4,2,1,0.0
202300047333,155 596 575,A01,2,14,0,2,1,2,1,0.0
202300047333,155 596 578,B01,2,16,0,2,6,2,1,0.0
202300047334,155 596 572,A01,1,30,0,2,3,1,1,0.0
202300047335,155 596 569,A01,1,30,0,2,4,23,1,0.0
202300047335,155 596 571,Z01,1,10,12,2,0,1,1,0.0
202300047336,155 596 568,A01,2,10,0,2,1,2,1,0.0
202300047336,155 596 570,B01,2,17,0,0,4,2,1,0.0
202300047337,155 596 567,A01,1,37,0,2,0,26,1,4.0
202300047338,155 596 562,A01,1,14,13,2,1,5,1,0.0
202300047338,155 596 564,B01,2,7,16,2,3,1,1,0.0
202300047339,155 596 560,A01,2,7,0,2,4,2,1,0.0
202300047339,155 596 561,B01,2,7,0,2,1,2,1,0.0
202300047339,155 596 563,C01,2,7,0,2,1,2,1,0.0
202300047340,155 596 559,A01,2,33,0,1,3,1,1,0.0
202300047341,155 596 558,A01,3,7,12,0,3,13,6,0.0
202300047342,155 596 555,A01,3,7,0,2,0,23,1,0.0
202300047342,155 596 556,B01,3,7,0,2,1,4,1,0.0
202300047343,155 596 554,A01,1,31,0,2,1,1,1,0.0
202300047343,155 596 557,B01,1,7,0,2,6,1,1,0.0
202300047344,155 596 553,A01,2,7,0,1,7,14,1,0.0
202300047345,155 596 550,B01,3,7,0,2,1,1,1,0.0
202300047345,155 596 552,A01,3,7,0,2,2,1,6,0.0
202300047346,155 596 549,A01,3,7,0,2,7,15,1,0.0
202300047346,155 596 551,B01,3,33,0,2,1,1,1,0.0
202300047347,155 596 545,B01,1,32,0,2,1,17,1,0.0
202300047347,155 596 547,A01,1,7,0,2,3,15,2,0.0
202300047348,155 596 544,A01,2,7,0,2,1,1,1,0.0
202300047348,155 596 548,B01,1,7,0,2,8,15,1,0.0
202300047349,155 596 543,A01,1,7,0,2,2,16,1,0.0
202300047349,155 596 546,B01,2,33,0,2,1,1,1,0.0
202300047350,155 596 541,B01,2,30,0,2,1,1,1,0.0
202300047350,155 596 542,A01,2,7,0,2,3,1,2,0.0
202300047351,155 596 538,B01,2,50,0,2,9,1,3,0.0
202300047351,155 596 539,A01,1,7,0,2,5,4,1,0.0
202300047352,155 596 537,B01,2,10,0,2,2,1,1,0.0
202300047352,155 596 540,A01,2,7,0,0,6,23,1,0.0
202300047353,155 596 536,A01,1,1,12,0,1,1,5,0.0
202300047354,155 596 534,A01,3,7,0,2,1,15,2,0.0
202300047354,155 596 535,B01,1,80,0,2,1,1,3,0.0
202300047355,155 596 531,A01,1,7,0,2,6,20,1,0.0
202300047355,155 596 533,B01,1,2,0,2,0,0,3,0.0
202300047356,155 596 529,A01,2,10,0,2,1,1,1,0.0
202300047356,155 596 532,B01,2,7,0,2,5,1,1,0.0
202300047357,155 596 527,A01,2,7,0,1,1,1,2,0.0
202300047358,155 596 525,A01,1,10,0,2,1,2,1,0.0
202300047358,155 596 526,B01,1,10,0,2,4,2,1,0.0
202300047359,155 596 523,A01,2,7,0,1,2,1,1,0.0
202300047360,155 596 521,A01,2,7,0,1,1,15,1,0.0
202300047361,155 596 520,C01,1,10,0,2,1,23,1,0.0
202300047361,155 596 522,A01,1,7,0,0,0,11,1,0.0
202300047361,155 596 524,B01,2,33,0,2,1,21,1,0.0
202300047362,155 596 517,C01,1,7,0,2,4,23,1,0.0
202300047362,155 596 518,A01,1,7,0,2,1,1,1,0.0
202300047362,155 596 519,B01,1,7,0,2,4,23,1,0.0
202300047363,155 596 516,A01,2,31,4,0,7,1,1,0.0
202300047364,155 596 514,A01,1,7,0,2,0,0,1,0.0
202300047364,155 596 515,B01,2,1,0,2,0,0,5,0.0
202300047365,155 596 513,A01,1,7,0,1,1,9,1,0.0
202300047366,155 596 511,A01,2,10,0,0,6,15,1,0.0
202300047366,155 596 512,B01,2,33,0,2,1,13,1,0.0
202300047367,155 596 509,A01,2,7,1,0,3,13,2,0.0
202300047368,155 596 508,A01,3,7,0,1,2,1,1,0.0
202300047369,155 596 507,A01,2,34,12,9,3,1,1,0.0
202300047370,155 596 510,A01,3,7,0,1,1,11,1,0.0
202300047371,155 596 505,A01,0,30,0,1,1,1,1,0.0
202300047372,155 596 503,B01,2,7,0,2,7,1,1,0.0
202300047372,155 596 506,A01,2,10,0,2,1,19,1,0.0
202300047373,155 596 502,Z01,0,7,0,2,3,2,0,0.0
202300047373,155 596 504,A01,0,50,0,2,2,2,3,0.0
202300047374,155 596 500,B01,3,31,0,2,1,26,1,0.0
202300047374,155 596 501,A01,3,7,0,2,7,26,1,0.0
202300047375,155 596 497,A01,3,7,0,2,1,19,1,0.0
202300047375,155 596 499,B01,1,0,0,2,0,0,6,0.0
202300047376,155 596 496,A01,1,7,0,2,1,1,1,0.0
202300047376,155 596 498,B01,1,2,0,2,4,26,1,0.0
202300047377,155 596 493,A01,1,7,0,2,3,13,1,0.0
202300047377,155 596 495,B01,1,33,0,2,0,0,1,0.0
202300047378,155 596 491,B01,3,37,0,0,0,0,0,2.0
202300047378,155 596 494,A01,3,7,0,0,0,0,0,0.0
202300047379,155 596 490,B01,1,1,0,2,1,0,5,0.0
202300047379,155 596 492,A01,1,7,0,9,1,1,1,0.0
202300047380,155 596 486,A01,1,7,0,1,1,16,1,0.0
202300047381,155 596 482,A01,0,7,0,2,7,2,1,0.0
202300047381,155 596 484,B01,0,1,0,0,8,2,5,0.0
202300047382,155 596 480,A01,2,10,0,2,2,0,2,0.0