num_acc,id_vehicule,num_veh,senc,catv,obs,obsm,choc,manv,motor,occutc
202300047382,155 596 483,B01,1,2,0,2,1,0,1,0.0
202300047383,155 596 479,B01,3,7,0,2,1,0,0,0.0
202300047383,155 596 481,A01,3,7,0,2,4,0,0,0.0
202300047384,155 596 476,A01,1,10,0,1,2,0,1,0.0
202300047385,155 596 477,A01,3,7,4,0,0,17,1,0.0
202300047386,155 596 471,A01,0,14,0,0,1,1,1,0.0
202300047386,155 596 472,B01,0,3,0,0,8,15,1,0.0
202300047387,155 596 470,A01,3,10,0,0,7,1,1,0.0
202300047387,155 596 473,B01,1,33,0,2,1,1,1,0.0
202300047388,155 596 469,B01,2,7,0,2,4,2,1,0.0
202300047388,155 596 474,A01,2,7,0,2,4,2,1,0.0
202300047388,155 596 475,D01,2,10,0,2,1,2,0,0.0
202300047388,155 596 478,C01,2,7,0,2,1,2,1,0.0
202300047389,155 596 468,B01,3,7,0,1,1,2,1,0.0
202300047390,155 596 466,A01,1,7,0,9,2,1,1,0.0
202300047390,155 596 467,B01,1,1,0,2,1,1,5,0.0
202300047391,155 596 463,B01,1,7,0,2,8,0,1,0.0
202300047391,155 596 465,A01,1,7,0,2,2,12,1,0.0
202300047392,155 596 460,A01,2,33,4,2,1,21,1,0.0
202300047392,155 596 462,B01,1,7,0,2,3,1,0,0.0
202300047393,155 596 461,B01,2,1,0,2,1,1,5,0.0
202300047393,155 596 464,A01,1,50,0,2,1,13,3,0.0
202300047394,155 596 456,A01,0,80,0,0,0,1,3,0.0
202300047394,155 596 458,B01,0,10,0,0,0,15,1,0.0
202300047395,155 596 455,A01,2,7,0,1,2,1,1,0.0
202300047396,155 596 454,C01,1,10,0,2,7,2,1,0.0
202300047396,155 596 457,A01,1,7,0,2,8,13,1,0.0
202300047396,155 596 459,B01,1,33,0,2,7,3,1,0.0
202300047397,155 596 453,A01,3,7,0,1,2,1,1,0.0
202300047398,155 596 452,A01,1,7,0,1,1,1,1,0.0
202300047399,155 596 449,A01,2,7,13,0,2,1,1,0.0
202300047400,155 596 450,A01,2,33,0,2,3,1,1,0.0
202300047400,155 596 451,B01,2,7,0,2,5,12,1,0.0
202300047401,155 596 448,A01,1,10,0,1,2,1,1,0.0
202300047402,155 596 446,A01,1,7,0,1,1,1,1,0.0
202300047403,155 596 445,A01,1,10,0,2,2,12,1,0.0
202300047403,155 596 447,B01,1,17,0,2,6,12,1,0.0
202300047404,155 596 444,A01,3,7,16,0,9,1,1,0.0
202300047405,155 596 443,A01,3,7,6,0,2,16,1,0.0
202300047406,155 596 439,D01,1,7,0,2,2,1,1,0.0
202300047406,155 596 441,C01,1,7,0,2,8,1,0,0.0
202300047406,155 596 442,B01,1,32,0,2,1,3,0,0.0
202300047407,155 596 437,B01,1,33,0,2,7,1,1,0.0
202300047407,155 596 440,A01,2,7,0,2,2,15,1,0.0
202300047408,155 596 434,A01,2,33,0,2,1,3,1,0.0
202300047408,155 596 436,B01,2,7,0,2,4,2,1,0.0
202300047409,155 596 433,A01,1,7,15,0,6,14,1,0.0
202300047410,155 596 432,A01,1,7,0,2,6,1,1,0.0
202300047410,155 596 435,B01,1,7,12,2,3,1,1,0.0
202300047411,155 596 430,A01,1,33,0,2,1,3,1,0.0
202300047411,155 596 431,B01,2,7,0,2,4,2,1,0.0
202300047412,155 596 429,A01,1,7,6,0,2,0,0,0.0
202300047413,155 596 428,A01,3,7,0,1,3,1,1,0.0
202300047414,155 596 424,A01,2,7,0,2,4,1,1,0.0
202300047414,155 596 427,B01,2,14,0,2,1,1,1,0.0
202300047415,155 596 423,A01,1,7,0,2,3,10,1,0.0
202300047415,155 596 426,B01,1,2,0,2,2,1,1,0.0
202300047416,155 596 422,A01,1,7,0,2,3,15,0,0.0
202300047416,155 596 425,B01,2,2,0,2,1,1,0,0.0
202300047417,155 596 418,A01,1,10,0,2,1,2,1,0.0
202300047417,155 596 421,B01,1,17,0,2,4,2,1,0.0
202300047418,155 596 417,B01,0,7,0,2,3,0,1,0.0
202300047418,155 596 420,A01,3,32,0,2,1,17,1,0.0
202300047419,155 596 416,A01,2,3,0,2,1,13,1,0.0
202300047419,155 596 419,B01,1,14,0,2,3,1,1,0.0
202300047420,155 596 413,A01,1,7,13,0,2,1,0,0.0
202300047421,155 596 412,A01,1,33,0,2,1,9,1,0.0
202300047421,155 596 415,B01,1,7,0,2,6,1,1,0.0
202300047422,155 596 411,B01,3,7,0,2,2,1,0,0.0
202300047422,155 596 414,A01,3,7,0,2,2,1,0,0.0
202300047423,155 596 408,B01,2,7,0,2,7,12,1,0.0
202300047423,155 596 410,A01,2,32,0,2,3,3,1,0.0
202300047424,155 596 409,A01,1,3,2,0,9,26,1,0.0
202300047425,155 596 405,B01,1,10,0,2,4,2,1,0.0
202300047425,155 596 406,A01,1,33,0,2,1,2,1,0.0
202300047426,155 596 407,A01,0,7,0,1,7,1,1,0.0
202300047427,155 596 403,A01,1,7,4,0,9,15,1,0.0
202300047428,155 596 402,B01,2,7,0,0,8,1,0,0.0
202300047428,155 596 404,A01,0,10,0,2,3,19,1,0.0
202300047429,155 596 399,A01,2,13,0,2,0,12,1,0.0
202300047429,155 596 401,B01,2,7,0,2,0,0,1,0.0
202300047430,155 596 398,A01,2,7,15,0,1,1,1,0.0
202300047431,155 596 397,A01,1,7,0,0,0,0,1,0.0
202300047431,155 596 400,B01,1,33,0,0,0,0,1,0.0
202300047432,155 596 396,A01,2,7,1,0,6,11,1,0.0
202300047433,155 596 391,A01,1,7,0,1,1,1,1,0.0
202300047433,155 596 395,Z01,1,32,0,9,1,26,1,0.0
202300047434,155 596 390,A01,1,7,0,9,1,15,1,0.0
202300047434,155 596 392,B01,1,1,0,2,1,16,5,0.0
202300047435,155 596 388,B01,3,2,0,2,0,0,1,0.0
202300047435,155 596 389,A01,3,7,0,2,8,2,1,0.0
202300047436,155 596 387,A01,1,7,13,0,2,14,1,0.0
202300047437,155 596 384,A01,3,10,0,1,3,15,0,0.0
202300047438,155 596 383,A01,3,7,0,1,1,1,0,0.0
202300047439,155 596 381,A01,2,50,0,0,0,25,3,0.0
202300047440,155 596 379,A01,3,7,0,2,2,1,1,0.0
202300047440,155 596 380,B01,2,32,0,2,3,15,1,0.0
202300047441,155 596 378,A01,1,7,0,2,3,1,1,0.0
202300047441,155 596 382,B01,2,7,0,2,1,1,1,0.0
202300047442,155 596 377,A01,2,31,0,6,2,1,1,0.0
202300047443,155 596 374,A01,2,7,0,2,0,0,1,0.0
202300047443,155 596 376,B01,1,34,1,0,1,0,1,0.0
202300047444,155 596 372,A01,3,32,0,2,1,17,1,0.0
202300047444,155 596 373,B01,3,99,0,2,3,9,1,0.0
202300047445,155 596 368,A01,1,7,0,1,0,20,1,0.0
202300047446,155 596 370,B01,2,10,0,2,1,1,1,0.0
202300047446,155 596 375,A01,1,7,0,2,1,15,1,0.0
202300047447,155 596 369,A01,1,2,13,2,1,1,1,0.0
202300047447,155 596 371,B01,2,7,0,2,2,1,1,0.0
202300047448,155 596 365,A01,1,7,0,2,5,1,2,0.0
202300047448,155 596 367,B01,2,10,0,2,1,1,1,0.0
202300047449,155 596 366,A01,1,7,13,0,2,16,1,0.0
202300047450,155 596 364,A01,1,7,6,0,1,14,1,0.0
202300047451,155 596 363,A01,1,30,0,0,0,1,3,0.0
202300047452,155 596 361,A01,2,10,0,9,8,22,0,0.0
202300047452,155 596 362,B01,2,1,1,0,1,1,5,0.0
202300047453,155 596 360,A01,2,7,2,0,4,1,1,0.0
202300047454,155 596 354,A01,3,7,0,2,1,2,1,0.0
202300047454,155 596 359,B01,3,7,0,2,4,2,1,0.0
202300047455,155 596 353,A01,2,7,0,2,3,16,1,0.0
202300047455,155 596 356,B01,1,2,0,2,8,17,1,0.0
202300047456,155 596 349,A01,3,7,13,0,1,19,1,0.0
202300047457,155 596 347,A01,0,7,0,0,3,9,1,0.0
202300047457,155 596 350,B01,0,1,0,2,4,1,5,0.0
202300047458,155 596 345,A01,0,7,13,0,1,1,1,0.0
202300047459,155 596 344,A01,0,50,0,2,2,19,3,0.0
202300047459,155 596 346,B01,1,7,0,9,1,15,1,0.0
202300047460,155 596 340,A01,3,21,0,2,8,0,1,0.0
202300047460,155 596 342,B01,3,1,0,2,1,2,5,0.0
202300047461,155 596 341,A01,2,7,1,0,2,1,1,0.0
202300047462,155 596 339,B01,2,7,0,2,8,1,1,0.0
202300047462,155 596 343,A01,2,7,0,2,2,1,1,0.0
202300047463,155 596 338,A01,2,7,2,0,1,1,1,0.0
202300047464,155 596 336,A01,1,7,0,2,1,15,1,0.0
202300047464,155 596 337,B01,2,1,0,2,7,1,5,0.0
202300047465,155 596 335,A01,1,30,0,1,3,7,0,0.0
202300047466,155 596 334,A01,1,7,13,0,9,13,0,0.0
202300047467,155 596 333,A01,1,7,0,1,1,1,1,0.0
202300047468,155 596 330,A01,2,7,0,0,0,0,1,0.0
202300047469,155 596 328,A01,3,7,0,2,1,1,1,0.0
202300047469,155 596 331,B01,3,7,0,2,1,1,1,0.0
202300047470,155 596 329,B01,1,33,0,2,1,2,1,0.0
202300047470,155 596 332,A01,1,7,0,2,6,15,1,0.0
202300047471,155 596 323,A01,1,7,0,2,7,16,1,0.0
202300047471,155 596 326,B01,1,50,0,2,1,26,3,0.0
202300047472,155 596 324,A01,2,7,0,2,2,2,1,0.0
202300047472,155 596 327,B01,2,15,0,2,6,2,1,0.0
202300047473,155 596 325,A01,2,7,0,1,3,1,1,0.0
202300047474,155 596 321,A01,1,7,13,0,2,0,1,0.0
202300047475,155 596 318,B01,3,1,1,2,1,2,0,0.0
202300047475,155 596 320,A01,3,7,0,2,8,24,1,0.0
202300047476,155 596 314,A01,1,7,0,1,1,1,1,0.0
202300047477,155 596 315,A01,0,7,0,2,3,23,1,0.0
202300047477,155 596 317,B01,2,32,0,2,3,19,1,0.0
202300047478,155 596 313,C01,1,7,0,2,4,1,1,0.0
202300047478,155 596 316,A01,1,7,0,2,1,11,1,0.0
202300047478,155 596 319,B01,1,10,0,2,4,1,1,0.0
202300047479,155 596 310,B01,1,7,0,2,0,2,1,0.0
202300047479,155 596 312,A01,1,30,0,2,8,2,1,0.0
202300047480,155 596 308,A01,2,10,0,2,1,1,1,0.0
202300047480,155 596 311,B01,2,17,0,2,4,1,1,0.0
202300047481,155 596 307,A01,1,7,1,0,1,1,1,0.0
202300047482,155 596 306,A01,1,7,0,2,1,1,1,0.0
202300047482,155 596 309,B01,2,7,0,2,3,1,1,0.0
202300047483,155 596 305,A01,1,7,0,1,3,9,2,0.0
202300047484,155 596 304,A01,3,7,12,0,1,5,1,0.0
202300047485,155 596 302,A01,1,33,12,0,3,16,1,0.0
202300047486,155 596 300,A01,1,7,0,1,1,0,1,0.0
202300047487,155 596 301,A01,1,10,0,2,1,17,0,0.0
202300047487,155 596 303,B01,1,7,0,2,0,1,1,0.0
202300047488,155 596 298,A01,1,31,0,0,0,26,1,0.0
202300047489,155 596 297,A01,2,16,0,0,6,23,1,0.0
202300047489,155 596 299,B01,2,7,1,0,2,17,1,0.0
202300047490,155 596 293,A01,1,7,0,2,6,1,1,0.0
202300047490,155 596 296,B01,2,1,0,2,1,1,5,0.0
202300047491,155 596 295,A01,1,33,3,0,0,1,1,0.0
202300047492,155 596 292,A01,2,15,6,0,2,1,6,0.0
202300047492,155 596 294,B01,1,7,0,9,7,14,1,0.0
202300047493,155 596 290,B01,2,7,0,2,8,15,1,0.0
202300047493,155 596 291,A01,2,33,0,2,1,17,1,0.0
202300047494,155 596 287,A01,1,7,0,2,1,13,1,0.0
202300047494,155 596 289,B01,2,7,0,2,1,1,1,0.0
202300047495,155 596 285,A01,2,7,0,2,1,2,6,0.0
202300047495,155 596 288,B01,2,10,0,0,4,2,1,0.0
202300047496,155 596 284,B01,3,34,0,2,1,1,1,0.0
202300047496,155 596 286,A01,3,7,0,2,1,15,1,0.0
202300047497,155 596 282,A01,3,7,0,2,2,12,1,0.0
202300047497,155 596 283,B01,3,33,0,2,3,1,1,0.0
202300047498,155 596 280,A01,1,2,0,2,1,17,1,0.0
202300047498,155 596 281,B01,1,7,0,2,3,15,1,0.0
202300047499,155 596 278,A01,3,7,0,1,1,15,1,0.0
202300047500,155 596 277,A01,1,10,16,0,7,12,1,0.0
202300047500,155 596 279,B01,1,31,8,2,1,2,1,0.0
202300047501,155 596 274,A01,3,7,0,2,1,16,1,0.0
202300047501,155 596 276,B01,3,1,0,2,1,1,5,0.0
202300047502,155 596 273,A01,0,7,0,2,1,15,1,0.0
202300047502,155 596 275,B01,1,1,0,2,1,1,5,0.0
202300047503,155 596 269,A01,1,7,13,0,1,1,1,0.0
202300047504,155 596 270,B01,3,60,0,2,2,19,5,0.0
202300047504,155 596 272,A01,2,7,0,2,2,26,1,0.0
202300047505,155 596 268,A01,1,7,0,1,4,23,1,0.0
202300047505,155 596 271,B01,1,7,0,2,1,2,1,0.0
202300047506,155 596 266,A01,1,33,12,0,7,0,1,0.0
202300047507,155 596 261,A01,2,7,0,2,3,16,1,0.0
202300047507,155 596 263,B01,3,50,0,2,1,5,3,0.0
202300047508,155 596 262,B01,3,7,0,2,7,2,1,0.0
202300047508,155 596 267,A01,3,1,0,2,8,2,5,0.0
202300047509,155 596 258,A01,0,7,0,9,2,1,1,0.0
202300047509,155 596 260,B01,0,1,0,2,1,9,5,0.0
202300047510,155 596 255,A01,1,33,0,2,1,17,1,0.0
202300047510,155 596 257,B01,1,50,0,2,4,1,3,0.0
202300047511,155 596 253,A01,2,7,0,2,5,22,2,0.0
202300047511,155 596 256,B01,2,50,0,2,1,18,3,0.0
202300047512,155 596 252,A01,3,10,0,1,4,4,3,0.0
202300047513,155 596 251,A01,2,33,0,0,0,0,1,0.0
202300047514,155 596 250,A01,1,50,0,2,0,1,3,0.0
202300047514,155 596 254,B01,1,7,0,2,3,1,1,0.0
202300047515,155 596 244,A01,2,10,0,2,3,9,1,0.0
202300047515,155 596 247,B01,1,33,0,2,7,15,1,0.0
202300047516,155 596 245,A01,1,7,0,0,5,22,1,0.0
202300047516,155 596 249,B01,1,31,0,0,1,18,1,0.0
202300047517,155 596 243,B01,2,32,0,2,1,1,1,0.0
202300047517,155 596 246,A01,1,10,0,2,7,15,1,0.0
202300047518,155 596 238,A01,1,7,0,2,1,1,1,0.0
202300047518,155 596 242,B01,1,7,0,2,3,1,1,0.0
202300047518,155 596 248,C01,2,7,0,2,3,9,1,0.0
202300047519,155 596 240,B01,3,1,12,2,6,19,5,0.0
202300047519,155 596 241,A01,1,34,0,2,3,1,1,0.0
202300047520,155 596 236,B01,3,1,0,2,0,0,5,0.0
202300047520,155 596 237,A01,3,7,0,9,3,15,1,0.0
202300047521,155 596 234,A01,1,7,12,1,3,14,1,0.0
202300047522,155 596 235,A01,1,7,0,2,3,13,1,0.0
202300047522,155 596 239,B01,2,32,0,2,3,1,1,0.0
202300047523,155 596 231,A01,1,7,0,2,5,1,0,0.0
202300047523,155 596 233,B01,2,7,0,2,3,1,0,0.0
202300047524,155 596 229,A01,1,7,9,1,1,1,1,0.0
202300047525,155 596 227,A01,2,30,0,1,3,21,1,0.0
202300047526,155 596 226,B01,1,33,0,2,7,1,1,0.0
202300047526,155 596 230,C01,2,7,-1,2,3,10,1,0.0
202300047527,155 596 225,B01,1,7,0,2,3,1,1,0.0
202300047527,155 596 232,A01,1,7,0,2,5,12,1,0.0
202300047528,155 596 224,A01,1,33,0,2,1,1,1,0.0
202300047528,155 596 228,B01,1,7,0,2,3,15,1,0.0
202300047529,155 596 223,A01,1,7,1,0,2,1,1,0.0
202300047530,155 596 218,A01,2,10,0,2,2,12,1,0.0
202300047530,155 596 222,B01,2,7,0,2,3,1,1,0.0
202300047531,155 596 217,A01,2,10,0,2,1,1,1,0.0
202300047531,155 596 220,B01,3,50,0,2,7,19,3,0.0
202300047532,155 596 215,A01,1,7,0,2,3,13,1,0.0
202300047532,155 596 219,B01,2,7,0,2,2,1,1,0.0
202300047533,155 596 214,A01,1,31,0,2,5,2,1,0.0
202300047533,155 596 216,B01,1,7,0,2,5,2,1,0.0
202300047534,155 596 213,A01,3,7,0,2,7,1,1,0.0
202300047534,155 596 221,B01,3,7,0,2,1,1,1,0.0
202300047535,155 596 211,A01,1,7,6,0,3,1,0,0.0
202300047536,155 596 209,A01,2,7,9,0,1,6,1,0.0
202300047537,155 596 210,A01,2,7,0,1,3,1,2,0.0
202300047538,155 596 207,B01,1,7,0,2,6,1,1,0.0
202300047538,155 596 212,A01,1,13,0,2,2,1,1,0.0
202300047539,155 596 205,A01,2,7,0,2,3,17,1,0.0
202300047539,155 596 208,B01,2,34,0,2,5,17,1,0.0
202300047540,155 596 204,A01,1,10,3,2,5,13,1,0.0
202300047540,155 596 206,B01,2,7,0,2,1,1,1,0.0
202300047541,155 596 203,A01,2,32,0,1,1,17,1,0.0
202300047542,155 596 201,A01,2,7,6,0,2,1,1,0.0
202300047543,155 596 200,A01,2,32,0,2,1,1,1,0.0
202300047543,155 596 202,B01,1,10,0,2,3,15,1,0.0
202300047544,155 596 196,A01,1,99,0,2,1,5,0,0.0
202300047544,155 596 199,B01,2,32,0,2,1,23,1,0.0
202300047545,155 596 197,A01,1,7,0,0,0,1,0,0.0
202300047546,155 596 194,B01,1,33,0,2,1,1,1,0.0
202300047546,155 596 198,A01,1,7,0,2,3,26,1,0.0
202300047547,155 596 193,B01,3,50,0,2,7,19,3,0.0
202300047547,155 596 195,A01,1,7,0,2,1,1,1,0.0
202300047548,155 596 190,B01,1,2,0,2,1,1,1,0.0
202300047548,155 596 191,A01,1,7,0,2,3,9,1,0.0
202300047549,155 596 187,A01,3,32,0,0,3,1,1,0.0
202300047549,155 596 189,B01,3,7,0,2,4,23,2,0.0
202300047550,155 596 186,C01,0,7,0,2,4,2,0,0.0
202300047550,155 596 188,A01,0,7,0,2,1,2,0,0.0
202300047550,155 596 192,B01,0,7,0,2,4,2,0,0.0
202300047551,155 596 181,A01,1,7,12,2,0,5,0,0.0
202300047551,155 596 184,B01,2,31,12,2,0,1,1,0.0
202300047552,155 596 179,A01,3,7,0,2,1,15,1,0.0
202300047552,155 596 182,B01,3,33,0,2,1,1,1,0.0
202300047552,155 596 183,C01,3,7,0,2,2,1,1,0.0
202300047553,155 596 178,A01,1,30,0,1,1,17,1,0.0
202300047554,155 596 177,A01,3,7,0,2,2,15,1,0.0
202300047554,155 596 180,B01,3,2,0,2,2,1,1,0.0
202300047555,155 596 185,A01,2,7,6,0,1,1,1,0.0
202300047556,155 596 172,A01,3,7,0,2,5,1,1,0.0
202300047556,155 596 175,B01,3,7,0,2,1,1,1,0.0
202300047557,155 596 171,B01,1,7,0,2,2,20,1,0.0
202300047557,155 596 174,A01,2,32,0,2,1,5,1,0.0
202300047558,155 596 169,A01,0,7,0,2,0,0,0,0.0
202300047558,155 596 173,B01,3,2,0,2,0,0,1,0.0
202300047559,155 596 165,A01,0,2,0,0,2,17,0,0.0
202300047559,155 596 168,B01,0,30,0,2,8,15,1,0.0
202300047560,155 596 162,A01,2,7,0,2,0,0,1,0.0
202300047560,155 596 167,B01,1,31,0,2,7,1,1,0.0
202300047561,155 596 161,A01,2,7,0,2,1,2,1,0.0
202300047561,155 596 164,B01,2,10,0,2,4,2,1,0.0
202300047562,155 596 163,A01,1,7,0,1,1,1,1,0.0
202300047563,155 596 159,A01,1,7,0,1,2,17,1,0.0
202300047564,155 596 153,A01,1,34,0,2,1,26,1,0.0
202300047564,155 596 156,B01,3,7,0,2,2,26,1,0.0
202300047565,155 596 154,B01,2,50,0,2,8,1,3,0.0
202300047565,155 596 158,A01,2,30,0,2,1,19,1,0.0
202300047566,155 596 152,Y01,2,1,0,2,1,1,5,0.0
202300047566,155 596 155,A01,2,7,0,2,3,15,1,0.0
202300047567,155 596 151,A01,1,7,0,2,8,24,1,0.0
202300047567,155 596 157,B01,1,1,0,2,1,1,5,0.0
202300047568,155 596 147,B01,2,30,0,2,5,1,0,0.0
202300047568,155 596 149,A01,2,99,0,2,5,26,0,0.0
202300047569,155 596 148,A01,3,7,16,9,1,12,1,0.0
202300047570,155 596 141,A01,3,10,0,2,0,26,1,0.0
202300047570,155 596 144,B01,3,1,0,2,1,1,5,0.0
202300047571,155 596 142,E01,2,33,0,2,0,3,1,0.0
202300047571,155 596 146,A01,2,7,0,2,0,1,1,0.0
202300047571,155 596 150,B01,2,32,0,2,0,3,1,0.0
202300047571,155 596 160,C01,2,7,0,2,0,1,1,0.0
202300047571,155 596 166,D01,2,7,0,2,0,1,1,0.0
202300047572,155 596 137,A01,1,7,0,2,3,15,1,0.0
202300047572,155 596 140,B01,1,33,0,2,5,2,1,0.0
202300047573,155 596 131,A01,3,43,0,0,0,0,1,0.0
202300047574,155 596 134,B01,1,7,8,2,1,2,1,0.0
202300047574,155 596 138,A01,1,10,0,2,8,17,1,0.0
202300047575,155 596 129,A01,2,7,0,2,4,2,1,0.0
202300047575,155 596 130,B01,2,7,0,2,4,2,1,0.0
202300047575,155 596 133,C01,2,7,0,2,1,2,2,0.0
202300047576,155 596 126,D01,3,7,0,2,3,1,1,0.0
202300047576,155 596 128,E01,3,10,0,2,4,1,1,0.0
202300047576,155 596 132,F01,3,7,0,2,4,1,2,0.0
202300047576,155 596 136,C01,3,7,0,2,8,1,3,0.0
202300047576,155 596 143,B01,3,7,0,0,4,2,1,0.0
202300047576,155 596 145,A01,3,7,0,2,1,1,1,0.0
202300047577,155 596 123,B01,2,7,0,2,3,15,0,0.0
202300047577,155 596 127,A01,1,32,0,2,1,1,1,0.0
202300047578,155 596 122,A01,1,7,3,0,2,1,1,0.0
202300047579,155 596 119,A01,2,7,1,2,4,20,1,0.0
202300047579,155 596 120,B01,2,7,0,2,1,1,1,0.0
202300047580,155 596 121,A01,3,7,0,2,8,9,1,0.0
202300047580,155 596 124,B01,3,50,0,2,1,1,3,0.0
202300047581,155 596 125,A01,1,7,0,2,8,26,1,0.0
202300047581,155 596 135,B01,2,7,4,2,2,1,1,0.0
202300047581,155 596 139,D01,3,7,0,2,0,0,1,0.0
202300047582,155 596 116,A01,3,10,0,2,1,19,1,0.0
202300047582,155 596 118,B01,3,7,0,2,8,19,1,0.0
202300047583,155 596 115,B01,2,7,1,2,1,2,0,0.0
202300047583,155 596 117,A01,2,7,1,0,4,2,0,0.0
202300047584,155 596 114,A01,1,7,2,0,1,26,1,0.0
202300047585,155 596 107,A01,2,10,0,2,3,11,3,0.0
202300047585,155 596 108,B01,2,31,0,2,6,3,1,0.0
202300047586,155 596 106,C01,1,7,0,2,4,1,1,0.0
202300047586,155 596 110,A01,1,7,0,2,1,1,1,0.0
202300047586,155 596 111,B01,1,7,0,2,4,1,1,0.0
202300047587,155 596 099,C01,1,7,0,2,5,1,1,0.0
202300047587,155 596 102,A01,1,7,4,2,2,12,1,0.0
202300047587,155 596 103,B01,1,7,0,2,6,1,1,0.0
202300047588,155 596 101,A01,1,7,0,2,2,9,1,0.0
202300047588,155 596 104,B01,1,2,0,2,3,1,1,0.0
202300047589,155 596 098,B01,3,50,0,2,1,1,3,0.0
202300047589,155 596 100,A01,3,10,0,2,3,9,1,0.0
202300047590,155 596 097,A01,3,7,8,0,1,13,1,0.0
202300047591,155 596 096,A01,2,1,0,1,1,1,5,0.0
202300047592,155 596 105,A01,1,10,0,1,7,16,1,0.0
202300047593,155 596 095,A01,1,2,16,0,7,1,1,0.0
202300047594,155 596 093,A01,2,7,0,1,3,2,3,0.0
202300047595,155 596 091,B01,1,33,0,2,8,15,1,0.0
202300047595,155 596 094,A01,1,31,0,2,1,1,1,0.0
202300047596,155 596 088,B01,1,33,0,2,1,1,1,0.0
202300047596,155 596 090,A01,2,7,0,2,3,13,1,0.0
202300047597,155 596 089,B01,1,10,0,2,3,20,0,0.0
202300047597,155 596 092,A01,1,7,0,2,2,2,1,0.0
202300047598,155 596 083,A01,3,32,1,2,2,1,1,0.0
202300047598,155 596 085,B01,3,7,0,2,6,23,1,0.0
202300047599,155 596 084,Z01,3,7,0,2,8,10,0,0.0
202300047599,155 596 086,B01,3,50,0,2,1,1,3,0.0
202300047600,155 596 082,A01,1,10,0,2,1,1,0,0.0
202300047600,155 596 087,B01,1,7,0,2,5,15,1,0.0
202300047601,155 596 081,A01,1,7,0,1,1,16,2,0.0
202300047602,155 596 079,A01,1,1,0,1,5,1,5,0.0
202300047603,155 596 075,A01,1,7,0,2,8,22,1,0.0
202300047603,155 596 078,B01,1,50,0,2,7,1,3,0.0
202300047604,155 596 074,B01,0,33,0,2,1,2,1,0.0
202300047604,155 596 080,A01,0,80,0,2,8,15,3,0.0
202300047605,155 596 073,A01,2,50,0,1,1,1,3,0.0
202300047606,155 596 071,A01,1,32,0,2,1,3,1,0.0
202300047606,155 596 072,B01,1,10,0,2,3,15,1,0.0
202300047607,155 596 065,A01,1,7,0,2,1,1,1,0.0
202300047607,155 596 068,B01,1,13,0,2,4,1,1,0.0
202300047608,155 596 063,A01,3,7,0,2,0,0,1,0.0
202300047608,155 596 066,B01,1,31,0,2,7,1,1,0.0
202300047609,155 596 064,A01,1,33,0,2,2,1,1,0.0
202300047609,155 596 069,B01,1,7,0,2,6,1,0,0.0
202300047610,155 596 062,C01,1,7,0,2,4,1,1,0.0
202300047610,155 596 067,B01,1,7,0,2,4,2,1,0.0
202300047610,155 596 070,A01,1,7,0,2,1,2,1,0.0
202300047611,155 596 059,A01,1,7,0,2,1,15,1,0.0
202300047611,155 596 060,B01,1,7,0,2,4,15,1,0.0
202300047612,155 596 058,B01,1,37,0,2,0,1,3,2.0
202300047612,155 596 061,A01,1,1,0,2,0,16,5,0.0
202300047613,155 596 057,A01,2,33,6,0,1,14,1,0.0
202300047614,155 596 056,A01,2,10,0,1,3,15,1,0.0
202300047615,155 596 054,A01,2,33,0,1,1,17,1,0.0
202300047616,155 596 053,B01,3,33,0,2,3,1,1,0.0
202300047616,155 596 055,A01,2,10,0,2,3,15,1,0.0
202300047617,155 596 050,A01,3,7,0,1,1,0,1,0.0
202300047618,155 596 047,A01,1,1,0,2,5,14,5,0.0
202300047618,155 596 051,B01,1,43,0,2,1,1,1,0.0
202300047619,155 596 042,A01,2,50,1,0,1,1,3,0.0
202300047620,155 596 041,A01,2,7,0,2,7,1,1,0.0
202300047620,155 596 044,B01,2,7,0,2,1,1,1,0.0
202300047621,155 596 039,A01,0,7,4,0,1,1,2,0.0
202300047622,155 596 040,A01,1,7,0,2,4,1,0,0.0
202300047622,155 596 043,B01,1,7,0,2,2,2,1,0.0
202300047623,155 596 036,A01,2,7,0,2,7,0,1,0.0
202300047623,155 596 038,B01,1,7,0,2,1,0,2,0.0
202300047624,155 596 035,A01,1,7,8,2,1,5,1,0.0
202300047624,155 596 037,B01,2,10,0,2,1,15,1,0.0
202300047625,155 596 034,A01,2,7,0,1,1,16,2,0.0
202300047626,155 596 033,A01,1,50,0,0,0,16,3,0.0
202300047627,155 596 030,A01,1,7,0,2,1,13,1,0.0
202300047627,155 596 032,B01,2,7,0,2,1,1,1,0.0
202300047628,155 596 028,B01,2,33,6,2,1,15,1,0.0
202300047628,155 596 031,A01,2,7,6,2,3,1,1,0.0
202300047629,155 596 027,A01,3,33,0,0,0,0,0,0.0
202300047630,155 596 029,A01,1,38,4,1,7,16,1,1.0
202300047631,155 596 025,A01,0,1,0,1,1,1,5,0.0
202300047632,155 596 024,A01,2,7,0,2,3,5,1,0.0
202300047632,155 596 026,B01,1,80,0,2,1,1,3,0.0
202300047633,155 596 022,A01,1,2,0,1,1,1,3,0.0
202300047634,155 596 019,A01,1,7,0,1,2,1,3,0.0
202300047635,155 596 021,Z01,3,50,0,2,1,1,3,0.0
202300047635,155 596 023,A01,0,1,0,2,1,1,5,0.0