num_acc,id_vehicule,num_veh,senc,catv,obs,obsm,choc,manv,motor,occutc
202300047636,155 596 018,A01,0,1,0,2,4,26,5,0.0
202300047636,155 596 020,B01,0,50,0,2,1,1,3,0.0
202300047637,155 596 013,A01,1,7,0,2,1,2,1,0.0
202300047637,155 596 015,B01,1,50,0,0,0,0,3,0.0
202300047638,155 596 012,B01,2,7,0,0,3,1,1,0.0
202300047638,155 596 016,A01,1,7,0,0,3,17,1,0.0
202300047639,155 596 014,A01,0,7,0,9,2,1,1,0.0
202300047639,155 596 017,B01,3,50,0,2,8,19,3,0.0
202300047640,155 596 009,A01,2,7,0,1,1,1,1,0.0
202300047641,155 596 007,A01,1,7,0,2,1,2,1,0.0
202300047641,155 596 008,B01,1,7,4,0,8,11,1,0.0
202300047642,155 596 005,A01,2,10,0,0,0,1,0,0.0
202300047642,155 596 006,B01,3,1,0,0,0,0,5,0.0
202300047643,155 596 003,A01,2,7,1,0,2,1,1,0.0
202300047644,155 596 002,B01,1,33,0,2,6,17,1,0.0
202300047644,155 596 004,A01,1,7,0,2,6,15,1,0.0
202300047645,155 596 010,Z01,2,14,0,2,5,1,0,0.0
202300047645,155 596 011,A01,2,1,1,2,8,17,5,0.0
202300047646,155 596 000,A01,1,7,2,0,1,13,1,0.0
202300047647,155 595 998,A01,3,7,0,2,1,0,0,0.0
202300047647,155 596 001,B01,3,1,0,2,7,0,5,0.0
202300047648,155 595 999,A01,0,7,0,1,7,1,0,0.0
202300047649,155 595 995,A01,1,7,0,2,1,1,1,0.0
202300047649,155 595 997,B01,2,7,0,2,1,1,1,0.0
202300047650,155 595 994,A01,2,32,1,0,2,14,1,0.0
202300047651,155 595 989,A01,1,33,1,0,2,1,1,0.0
202300047652,155 595 987,B01,1,7,0,2,4,15,1,0.0
202300047652,155 595 990,C01,1,7,0,2,4,1,1,0.0
202300047652,155 595 992,A01,1,10,0,2,1,1,1,0.0
202300047653,155 595 988,B01,1,7,1,2,1,1,1,0.0
202300047653,155 595 991,A01,1,7,0,0,4,23,1,0.0
202300047654,155 595 993,B01,1,2,0,2,1,1,1,0.0
202300047654,155 595 996,A01,2,7,0,2,2,15,3,0.0
202300047655,155 595 984,A01,3,7,0,2,4,2,3,0.0
202300047655,155 595 986,B01,3,7,0,2,1,2,1,0.0
202300047656,155 595 983,A01,1,7,0,0,1,15,1,0.0
202300047656,155 595 985,B01,2,7,15,0,3,0,0,0.0
202300047657,155 595 978,A01,2,7,2,0,3,14,1,0.0
202300047658,155 595 979,A01,1,7,0,1,1,1,1,0.0
202300047659,155 595 980,A01,1,34,0,2,4,2,1,0.0
202300047659,155 595 982,B01,1,7,0,2,4,2,1,0.0
202300047660,155 595 977,A01,1,7,2,0,1,1,0,0.0
202300047661,155 595 976,A01,2,7,0,1,7,1,1,0.0
202300047662,155 595 981,A01,3,30,15,1,2,1,1,0.0
202300047663,155 595 975,A01,1,7,0,0,8,2,1,0.0
202300047664,155 595 974,A01,2,32,0,6,0,2,1,0.0
202300047665,155 595 970,A01,1,7,0,9,7,1,1,0.0
202300047665,155 595 973,B01,1,1,0,2,3,1,5,0.0
202300047666,155 595 967,B01,1,50,0,2,1,1,3,0.0
202300047666,155 595 971,A01,2,7,0,2,2,1,1,0.0
202300047667,155 595 966,A01,2,7,0,2,1,9,1,0.0
202300047667,155 595 969,C01,2,2,0,0,8,23,1,0.0
202300047667,155 595 972,B01,2,10,14,2,8,1,1,0.0
202300047668,155 595 968,A01,2,7,0,1,1,15,1,0.0
202300047669,155 595 964,A01,1,30,0,0,7,1,1,0.0
202300047670,155 595 963,A01,1,7,0,2,2,17,1,0.0
202300047670,155 595 965,B01,1,2,0,2,1,1,1,0.0
202300047671,155 595 960,A01,1,7,2,0,2,1,1,0.0
202300047672,155 595 962,A01,1,7,0,1,1,15,1,0.0
202300047673,155 595 956,A01,1,7,0,2,3,5,1,0.0
202300047673,155 595 959,B01,1,7,0,2,3,1,1,0.0
202300047674,155 595 958,A01,1,50,0,2,0,1,3,0.0
202300047674,155 595 961,Z01,1,7,0,2,0,17,0,0.0
202300047675,155 595 954,A01,1,7,0,2,1,13,1,0.0
202300047675,155 595 957,B01,2,7,0,2,3,1,1,0.0
202300047676,155 595 953,B01,2,7,0,2,3,2,1,0.0
202300047676,155 595 955,A01,1,7,0,2,1,13,1,0.0
202300047677,155 595 950,A01,1,33,0,2,1,8,1,0.0
202300047677,155 595 952,B01,1,7,0,2,8,15,1,0.0
202300047678,155 595 949,A01,2,31,3,0,0,1,1,0.0
202300047679,155 595 947,A01,1,7,15,0,1,13,1,0.0
202300047680,155 595 948,A01,1,13,3,2,0,16,6,0.0
202300047680,155 595 951,B01,1,1,3,2,0,16,5,0.0
202300047681,155 595 946,A01,2,7,13,0,2,1,1,0.0
202300047682,155 595 944,B01,1,1,0,2,1,1,5,0.0
202300047682,155 595 945,A01,1,7,0,9,2,15,1,0.0
202300047683,155 595 937,A01,3,7,1,0,2,1,0,0.0
202300047684,155 595 939,A01,2,7,0,2,7,15,1,0.0
202300047684,155 595 942,B01,1,33,0,2,1,1,1,0.0
202300047685,155 595 936,A01,1,33,0,2,1,17,1,0.0
202300047685,155 595 940,B01,2,7,0,2,3,13,0,0.0
202300047685,155 595 943,C01,2,7,0,2,1,1,1,0.0
202300047686,155 595 938,B01,1,31,0,2,6,2,1,0.0
202300047686,155 595 941,A01,1,7,0,2,1,2,1,0.0
202300047687,155 595 935,A01,2,31,0,0,1,1,0,0.0
202300047688,155 595 934,A01,1,7,12,0,1,1,1,0.0
202300047689,155 595 933,A01,3,7,2,0,3,1,1,0.0
202300047690,155 595 928,A01,2,7,0,0,0,0,1,0.0
202300047691,155 595 929,A01,1,7,0,2,2,2,1,0.0
202300047691,155 595 931,B01,1,7,0,2,6,23,3,0.0
202300047692,155 595 926,A01,3,7,0,1,2,9,0,0.0
202300047693,155 595 927,A01,2,7,0,2,5,1,1,0.0
202300047693,155 595 932,B01,1,7,0,2,1,1,1,0.0
202300047694,155 595 925,A01,0,7,10,0,0,0,1,0.0
202300047695,155 595 923,A01,1,7,2,0,8,0,1,0.0
202300047696,155 595 921,A01,2,7,0,1,2,1,1,0.0
202300047697,155 595 920,A01,3,7,0,2,6,15,1,0.0
202300047697,155 595 924,B01,3,1,0,2,1,17,5,0.0
202300047698,155 595 915,A01,2,7,10,2,1,13,1,0.0
202300047698,155 595 917,B01,1,10,0,2,1,1,1,0.0
202300047699,155 595 918,A01,1,7,0,2,8,15,1,0.0
202300047699,155 595 919,B01,1,2,1,2,1,17,1,0.0
202300047699,155 595 922,C01,3,7,0,2,8,24,1,0.0
202300047700,155 595 913,A01,1,7,0,1,4,20,1,0.0
202300047701,155 595 911,A01,3,80,0,0,0,1,3,0.0
202300047702,155 595 912,A01,3,50,0,0,0,0,3,0.0
202300047703,155 595 910,A01,3,7,0,1,5,20,1,0.0
202300047704,155 595 907,A01,2,7,0,1,0,1,1,0.0
202300047705,155 595 909,A01,1,31,0,1,2,21,1,0.0
202300047706,155 595 906,A01,2,7,0,1,2,1,1,0.0
202300047707,155 595 904,B01,1,14,0,0,1,0,0,0.0
202300047707,155 595 905,A01,2,7,0,2,1,0,1,0.0
202300047707,155 595 908,C01,2,10,0,2,1,0,1,0.0
202300047708,155 595 903,A01,1,7,6,0,7,13,1,0.0
202300047709,155 595 899,A01,3,7,0,2,8,5,0,0.0
202300047709,155 595 901,B01,3,33,0,2,8,1,1,0.0
202300047710,155 595 898,A01,2,7,0,2,3,15,1,0.0
202300047710,155 595 902,B01,1,33,0,2,1,21,1,0.0
202300047711,155 595 897,A01,2,7,0,2,2,1,1,0.0
202300047711,155 595 900,B01,2,10,0,2,3,26,1,0.0
202300047712,155 595 896,A01,1,10,0,1,1,16,1,0.0
202300047713,155 595 894,A01,1,7,6,0,9,0,1,0.0
202300047714,155 595 890,A01,2,10,0,2,3,17,1,0.0
202300047714,155 595 892,B01,1,7,0,2,3,1,1,0.0
202300047714,155 595 893,C01,2,7,0,2,1,21,1,0.0
202300047714,155 595 895,D01,1,7,0,2,1,1,1,0.0
202300047715,155 595 889,A01,1,7,3,0,7,0,1,0.0
202300047716,155 595 888,A01,2,10,0,2,1,1,1,0.0
202300047716,155 595 891,B01,1,7,0,2,5,15,0,0.0
202300047717,155 595 886,A01,2,7,0,2,8,22,6,0.0
202300047717,155 595 887,B01,2,1,1,0,1,1,5,0.0
202300047718,155 595 884,A01,1,7,0,1,2,1,0,0.0
202300047719,155 595 883,A01,3,7,0,9,1,15,1,0.0
202300047719,155 595 885,B01,3,1,0,0,7,19,5,0.0
202300047720,155 595 881,B01,2,33,12,2,1,21,1,0.0
202300047721,155 595 878,B01,2,50,0,2,1,19,3,0.0
202300047721,155 595 882,A01,1,7,0,2,1,1,1,0.0
202300047722,155 595 876,A01,1,7,0,2,1,15,1,0.0
202300047722,155 595 879,B01,2,33,0,2,1,1,1,0.0
202300047723,155 595 877,A01,1,7,0,2,2,3,1,0.0
202300047723,155 595 880,B01,2,1,0,2,1,2,5,0.0
202300047724,155 595 870,A01,1,7,0,2,2,19,1,0.0
202300047724,155 595 872,B01,1,2,0,2,1,1,1,0.0
202300047725,155 595 869,A01,2,7,0,2,3,1,1,0.0
202300047725,155 595 871,B01,1,7,0,2,3,1,1,0.0
202300047725,155 595 873,C01,2,7,0,2,6,1,1,0.0
202300047725,155 595 875,D01,2,10,0,2,1,1,1,0.0
202300047726,155 595 867,A01,2,15,5,0,2,14,1,0.0
202300047727,155 595 866,A01,2,50,0,2,1,1,3,0.0
202300047727,155 595 874,B01,2,7,0,2,3,1,6,0.0
202300047728,155 595 864,B01,1,7,0,2,4,0,1,0.0
202300047728,155 595 868,A01,1,50,0,2,1,2,3,0.0
202300047729,155 595 863,A01,1,7,0,2,3,22,1,0.0
202300047729,155 595 865,B01,2,10,1,0,5,1,1,0.0
202300047730,155 595 861,A01,2,7,0,2,3,15,1,0.0
202300047730,155 595 862,B01,1,2,0,2,8,9,1,0.0
202300047731,155 595 857,B01,1,7,0,2,8,9,1,0.0
202300047731,155 595 860,A01,2,2,0,2,1,1,1,0.0
202300047732,155 595 856,A01,1,10,0,2,0,21,0,0.0
202300047732,155 595 859,B01,2,7,0,2,2,15,1,0.0
202300047733,155 595 855,B01,2,13,0,2,4,23,1,0.0
202300047733,155 595 858,A01,2,30,1,0,1,1,3,0.0
202300047734,155 595 852,B01,2,32,0,2,1,15,1,0.0
202300047734,155 595 854,A01,1,7,0,2,6,19,1,0.0
202300047735,155 595 851,B01,1,33,0,9,1,1,1,0.0
202300047735,155 595 853,A01,1,1,0,0,4,10,5,0.0
202300047736,155 595 849,A01,1,2,0,1,1,26,1,0.0
202300047737,155 595 846,B01,0,10,0,2,2,16,1,0.0
202300047737,155 595 848,A01,0,7,0,0,3,1,1,0.0
202300047738,155 595 845,B01,0,7,0,2,3,1,0,0.0
202300047738,155 595 850,A01,0,7,0,2,1,1,0,0.0
202300047739,155 595 844,A01,1,7,0,1,2,1,1,0.0
202300047740,155 595 843,A01,2,7,0,2,5,16,1,0.0
202300047740,155 595 847,B01,2,31,0,2,1,1,1,0.0
202300047741,155 595 841,A01,1,31,0,2,1,1,1,0.0
202300047741,155 595 842,B01,1,7,0,0,4,1,1,0.0
202300047742,155 595 839,A01,1,7,0,1,1,1,1,0.0
202300047743,155 595 838,B01,1,32,0,0,2,17,1,0.0
202300047743,155 595 840,A01,1,7,14,0,3,13,1,0.0
202300047744,155 595 837,A01,1,10,0,1,6,23,1,0.0
202300047745,155 595 834,B01,2,7,0,2,1,1,1,0.0
202300047745,155 595 836,A01,1,7,0,2,2,13,1,0.0
202300047746,155 595 833,A01,3,10,0,2,1,13,1,0.0
202300047746,155 595 835,B01,2,7,0,2,1,1,1,0.0
202300047747,155 595 830,A01,2,10,0,2,3,15,1,0.0
202300047747,155 595 832,B01,2,32,0,2,2,1,1,0.0
202300047748,155 595 831,A01,2,1,0,0,0,1,5,0.0
202300047749,155 595 827,B01,2,7,4,2,7,1,1,0.0
202300047749,155 595 829,A01,2,7,0,2,1,9,1,0.0
202300047750,155 595 826,A01,1,7,0,2,3,15,1,0.0
202300047750,155 595 828,B01,1,33,0,2,1,17,1,0.0
202300047751,155 595 821,A01,2,7,4,2,0,0,1,0.0
202300047751,155 595 824,B01,2,10,0,2,8,0,1,0.0
202300047752,155 595 820,B01,1,7,0,2,3,15,1,0.0
202300047752,155 595 823,A01,1,33,3,0,5,17,1,0.0
202300047753,155 595 819,A01,0,7,8,0,1,1,1,0.0
202300047753,155 595 825,B01,3,7,8,0,0,0,1,0.0
202300047754,155 595 818,A01,1,33,0,2,7,1,1,0.0
202300047754,155 595 822,B01,1,10,0,0,4,20,1,0.0
202300047755,155 595 815,B01,1,7,0,2,4,2,1,0.0
202300047755,155 595 817,A01,1,7,0,2,1,1,1,0.0
202300047756,155 595 814,A01,0,3,8,0,1,1,1,0.0
202300047757,155 595 813,A01,0,7,7,4,3,21,2,0.0
202300047757,155 595 816,B01,3,39,0,2,1,1,3,0.0
202300047758,155 595 812,A01,1,7,3,0,1,1,1,0.0
202300047759,155 595 810,A01,3,2,0,0,0,1,1,0.0
202300047760,155 595 809,A01,1,10,2,0,1,2,0,0.0
202300047761,155 595 808,B01,3,7,0,2,1,15,1,0.0
202300047761,155 595 811,A01,3,43,0,2,7,17,1,0.0
202300047762,155 595 805,B01,2,7,0,2,4,23,2,0.0
202300047762,155 595 807,A01,2,7,1,0,1,9,1,0.0
202300047763,155 595 804,A01,1,7,0,2,2,15,1,0.0
202300047763,155 595 806,B01,2,34,0,2,1,1,1,0.0
202300047764,155 595 803,A01,3,31,12,0,0,21,1,0.0
202300047765,155 595 800,B01,1,32,0,2,1,26,1,0.0
202300047765,155 595 802,A01,1,30,0,2,3,26,1,0.0
202300047766,155 595 796,A01,1,7,0,2,2,17,1,0.0
202300047766,155 595 798,B01,2,33,0,2,1,1,1,0.0
202300047767,155 595 792,A01,1,10,0,2,1,2,1,0.0
202300047767,155 595 795,B01,1,7,0,2,4,2,1,0.0
202300047767,155 595 797,C01,1,7,0,2,4,2,1,0.0
202300047767,155 595 799,D01,1,7,0,2,1,2,1,0.0
202300047767,155 595 801,E01,1,7,0,2,1,2,1,0.0
202300047768,155 595 790,A01,1,7,6,0,1,0,2,0.0
202300047769,155 595 791,B01,1,1,1,0,1,18,5,0.0
202300047769,155 595 793,A01,1,14,0,2,2,23,1,0.0
202300047770,155 595 789,A01,1,7,0,2,4,23,1,0.0
202300047770,155 595 794,B01,1,15,0,2,1,1,1,0.0
202300047771,155 595 787,A01,1,7,2,0,1,1,0,0.0
202300047772,155 595 786,A01,2,33,3,2,1,3,1,0.0
202300047772,155 595 788,B01,2,7,3,2,4,1,1,0.0
202300047773,155 595 783,A01,0,7,8,0,1,20,0,0.0
202300047774,155 595 782,B01,2,10,0,0,1,1,1,0.0
202300047774,155 595 784,A01,1,10,0,2,1,11,1,0.0
202300047775,155 595 781,A01,0,0,0,0,0,0,0,0.0
202300047776,155 595 780,A01,1,14,0,2,1,2,1,0.0
202300047776,155 595 785,B01,1,7,0,9,4,23,1,0.0
202300047777,155 595 779,A01,3,7,0,1,0,17,0,0.0
202300047778,155 595 778,A01,3,7,0,1,3,19,1,0.0
202300047779,155 595 774,B01,1,33,0,2,4,16,1,0.0
202300047779,155 595 776,A01,1,7,0,2,2,21,1,0.0
202300047780,155 595 771,A01,1,7,4,0,2,1,1,0.0
202300047781,155 595 770,C01,1,7,0,2,2,12,1,0.0
202300047781,155 595 772,B01,1,7,0,2,6,23,1,0.0
202300047781,155 595 775,A01,1,15,0,2,6,23,1,0.0
202300047782,155 595 773,B01,1,2,0,2,1,1,1,0.0
202300047782,155 595 777,A01,0,7,0,2,3,1,1,0.0
202300047783,155 595 769,A01,2,7,0,1,2,1,1,0.0
202300047784,155 595 767,A01,1,7,0,1,1,13,1,0.0
202300047785,155 595 766,A01,1,7,1,0,2,1,1,0.0
202300047786,155 595 764,A01,1,7,0,2,4,2,1,0.0
202300047786,155 595 765,C01,1,7,0,2,1,2,1,0.0
202300047786,155 595 768,B01,1,7,0,2,1,2,1,0.0
202300047787,155 595 760,A01,1,7,1,2,2,0,1,0.0
202300047787,155 595 762,B01,1,7,0,2,4,1,1,0.0
202300047787,155 595 763,C01,1,7,0,2,4,1,1,0.0
202300047788,155 595 752,B01,2,7,0,2,8,1,1,0.0
202300047788,155 595 755,A01,1,7,0,2,1,1,1,0.0
202300047789,155 595 753,B01,0,7,0,2,3,1,1,0.0
202300047789,155 595 757,A01,2,7,0,2,1,19,1,0.0
202300047790,155 595 750,A01,1,7,0,2,1,1,1,0.0
202300047790,155 595 759,B01,2,7,0,2,8,1,1,0.0
202300047791,155 595 749,A01,1,10,0,2,0,1,1,0.0
202300047791,155 595 751,B01,1,7,0,2,1,1,1,0.0
202300047791,155 595 754,C01,1,7,0,2,1,0,1,0.0
202300047791,155 595 756,D01,1,7,0,2,0,0,1,0.0
202300047791,155 595 758,E01,1,7,0,2,1,1,1,0.0
202300047791,155 595 761,F01,1,7,0,2,1,1,1,0.0
202300047792,155 595 746,B01,1,7,0,0,4,23,1,0.0
202300047792,155 595 748,A01,1,7,0,2,1,2,1,0.0
202300047793,155 595 742,B01,1,7,0,2,4,1,1,0.0
202300047793,155 595 745,A01,1,7,0,2,1,1,1,0.0
202300047794,155 595 741,B01,3,7,1,0,6,1,0,0.0
202300047794,155 595 744,A01,3,7,0,2,1,1,1,0.0
202300047795,155 595 740,A01,2,7,0,2,7,2,1,0.0
202300047795,155 595 747,B01,1,7,0,2,1,2,1,0.0
202300047796,155 595 739,B01,1,3,0,2,3,1,1,0.0
202300047796,155 595 743,A01,2,7,0,2,3,2,1,0.0
202300047797,155 595 738,A01,1,3,0,1,3,9,1,0.0
202300047798,155 595 734,A01,0,33,0,2,8,26,0,0.0
202300047798,155 595 736,B01,0,7,0,0,0,0,0,0.0
202300047799,155 595 735,B01,2,7,0,2,1,1,1,0.0
202300047799,155 595 737,A01,2,7,0,2,4,1,1,0.0
202300047800,155 595 730,B01,1,33,0,2,1,1,1,0.0
202300047800,155 595 732,A01,2,7,0,2,2,19,1,0.0
202300047801,155 595 727,A01,1,7,0,0,7,1,1,0.0
202300047801,155 595 731,B01,2,7,0,2,1,1,1,0.0
202300047802,155 595 729,A01,2,7,4,2,2,11,1,0.0
202300047802,155 595 733,B01,2,7,4,2,6,21,1,0.0
202300047803,155 595 726,A01,2,7,0,1,5,4,1,0.0
202300047804,155 595 725,A01,2,7,4,2,1,13,1,0.0
202300047804,155 595 728,B01,2,10,4,2,7,1,1,0.0
202300047805,155 595 719,A01,1,7,0,2,2,17,1,0.0
202300047805,155 595 722,B01,1,7,4,0,6,2,1,0.0
202300047806,155 595 720,B01,3,7,0,2,3,15,1,0.0
202300047806,155 595 723,A01,3,7,0,2,2,1,1,0.0
202300047807,155 595 718,A01,1,99,4,0,0,1,1,0.0
202300047808,155 595 715,B01,1,7,0,2,4,1,1,0.0
202300047808,155 595 716,A01,1,10,0,2,1,1,1,0.0
202300047809,155 595 714,A01,1,2,0,2,1,13,1,0.0
202300047809,155 595 717,B01,2,10,0,2,3,1,1,0.0
202300047810,155 595 710,A01,3,7,0,1,3,26,1,0.0
202300047811,155 595 711,A01,1,7,0,1,1,1,1,0.0
202300047812,155 595 709,A01,2,7,3,2,3,13,0,0.0
202300047812,155 595 712,B01,2,7,0,2,5,1,0,0.0
202300047812,155 595 713,C01,2,38,0,2,4,1,0,1.0
202300047813,155 595 703,A01,2,10,0,2,3,13,1,0.0
202300047813,155 595 707,B01,2,7,0,2,0,0,1,0.0
202300047814,155 595 702,B01,2,10,0,2,3,19,1,0.0
202300047814,155 595 706,A01,1,7,0,2,1,21,1,0.0
202300047815,155 595 705,B01,1,7,0,2,3,15,1,0.0
202300047815,155 595 708,A01,1,80,0,2,7,1,3,0.0
202300047816,155 595 701,A01,2,33,0,2,1,2,1,0.0
202300047816,155 595 704,B01,2,7,0,2,3,13,1,0.0
202300047817,155 595 698,A01,1,7,0,2,3,9,1,0.0
202300047817,155 595 700,B01,1,7,0,2,2,0,1,0.0
202300047818,155 595 699,A01,2,33,0,0,0,16,1,0.0
202300047819,155 595 697,A01,3,7,6,0,4,26,1,0.0
202300047820,155 595 694,A01,2,7,0,2,3,13,1,0.0
202300047820,155 595 695,B01,2,33,0,2,9,3,1,0.0
202300047820,155 595 696,C01,2,7,0,2,4,2,1,0.0
202300047821,155 595 692,A01,1,7,8,0,1,1,1,0.0
202300047822,155 595 691,A01,1,7,0,2,2,1,1,0.0
202300047822,155 595 693,B01,1,7,0,2,4,15,1,0.0
202300047823,155 595 690,A01,2,32,0,0,2,1,1,0.0
202300047824,155 595 684,A01,3,7,0,9,2,1,1,0.0
202300047824,155 595 688,B01,3,50,0,2,3,9,3,0.0
202300047825,155 595 681,A01,2,7,0,2,1,2,1,0.0
202300047825,155 595 683,B01,2,7,0,2,4,2,1,0.0
202300047826,155 595 680,A01,3,7,2,0,1,14,1,0.0
202300047827,155 595 682,A01,2,7,0,2,5,15,3,0.0
202300047827,155 595 685,B01,1,33,0,2,1,1,1,0.0
202300047828,155 595 676,A01,2,7,16,0,1,14,1,0.0
202300047829,155 595 678,C01,2,7,0,9,2,1,1,0.0
202300047829,155 595 679,A01,1,7,0,9,3,1,1,0.0
202300047829,155 595 686,B01,2,7,0,0,6,1,1,0.0
202300047830,155 595 675,A01,1,7,2,0,1,21,1,0.0
202300047831,155 595 673,A01,1,7,0,0,7,1,1,0.0
202300047831,155 595 677,Z01,1,13,0,2,0,18,0,0.0
202300047832,155 595 670,B01,3,7,6,0,1,13,1,0.0
202300047832,155 595 674,A01,3,7,6,0,1,13,1,0.0
202300047833,155 595 672,A01,2,10,3,0,7,1,1,0.0
202300047834,155 595 667,A01,2,10,1,0,1,1,1,0.0
202300047835,155 595 669,B01,1,7,0,0,4,1,1,0.0
202300047835,155 595 671,A01,1,7,0,2,1,2,1,0.0
202300047836,155 595 666,A01,1,31,0,2,1,3,1,0.0
202300047836,155 595 668,B01,1,7,0,2,5,1,1,0.0
202300047837,155 595 665,A01,1,43,0,0,0,9,1,0.0
202300047838,155 595 661,A01,2,7,0,2,4,13,1,0.0
202300047838,155 595 663,B01,2,33,0,2,1,3,1,0.0
202300047839,155 595 660,A01,1,7,8,0,3,1,1,0.0
202300047840,155 595 658,A01,3,7,0,2,2,19,1,0.0
202300047840,155 595 662,B01,1,7,0,2,1,2,1,0.0
202300047840,155 595 664,C01,3,7,0,2,1,23,1,0.0
202300047841,155 595 657,A01,2,15,4,0,3,13,1,0.0
202300047842,155 595 656,A01,2,13,6,0,1,1,1,0.0
202300047843,155 595 655,A01,1,7,1,0,4,4,0,0.0
202300047844,155 595 653,A01,1,7,4,0,1,1,1,0.0
202300047845,155 595 654,A01,1,7,0,9,4,26,1,0.0
202300047845,155 595 659,B01,1,1,0,2,1,1,5,0.0
202300047846,155 595 651,B01,1,32,0,2,1,1,1,0.0
202300047846,155 595 652,A01,3,7,0,2,2,15,1,0.0
202300047847,155 595 648,B01,3,7,0,2,3,20,1,0.0
202300047847,155 595 650,A01,3,50,0,2,1,0,3,0.0
202300047848,155 595 649,A01,0,3,0,1,4,4,1,0.0
202300047849,155 595 646,A01,1,7,0,2,2,16,1,0.0
202300047849,155 595 647,B01,1,7,0,2,4,0,1,0.0
202300047850,155 595 645,A01,1,7,1,0,2,1,1,0.0
202300047851,155 595 641,A01,1,7,4,0,3,13,1,0.0
202300047852,155 595 639,A01,2,31,0,6,1,1,1,0.0
202300047853,155 595 636,A01,3,7,6,0,1,1,1,0.0
202300047854,155 595 634,A01,1,7,0,2,2,9,1,0.0
202300047854,155 595 637,B01,2,7,0,2,2,1,1,0.0
202300047855,155 595 633,B01,1,7,0,2,1,1,1,0.0
202300047855,155 595 638,A01,2,7,0,2,3,13,1,0.0
202300047855,155 595 640,C01,1,7,0,2,6,1,1,0.0
202300047855,155 595 643,D01,2,7,0,2,1,1,1,0.0
202300047856,155 595 632,A01,2,7,0,2,7,15,0,0.0
202300047856,155 595 635,B01,1,33,0,2,1,1,1,0.0
202300047857,155 595 631,A01,2,7,0,0,9,16,1,0.0
202300047858,155 595 630,A01,2,33,9,0,0,1,1,0.0
202300047859,155 595 626,A01,1,7,0,0,5,2,1,0.0
202300047859,155 595 628,B01,1,33,0,2,1,3,1,0.0
202300047860,155 595 627,A01,2,33,0,0,0,0,1,0.0
202300047861,155 595 625,A01,2,7,0,2,3,1,1,0.0
202300047861,155 595 629,B01,1,31,0,2,1,17,1,0.0
202300047862,155 595 623,A01,1,7,0,2,3,1,1,0.0
202300047862,155 595 624,B01,2,33,0,2,3,1,1,0.0
202300047863,155 595 619,A01,2,7,0,2,2,12,0,0.0
202300047863,155 595 622,B01,2,33,0,0,8,1,0,0.0
202300047864,155 595 618,B01,1,7,13,2,6,1,1,0.0
202300047864,155 595 621,A01,1,7,0,2,1,19,1,0.0
202300047865,155 595 615,Z01,1,7,0,0,0,0,0,0.0
202300047865,155 595 617,A01,1,31,0,2,8,3,1,0.0
202300047866,155 595 616,A01,1,7,0,2,1,17,1,0.0
202300047866,155 595 620,B01,2,17,0,2,1,1,1,0.0
202300047867,155 595 611,B01,1,7,0,2,3,15,1,0.0
202300047867,155 595 613,A01,1,33,0,2,1,17,1,0.0
202300047868,155 595 609,B01,2,7,0,2,3,1,1,0.0
202300047868,155 595 614,A01,2,2,0,2,1,17,1,0.0
202300047869,155 595 608,A01,2,33,0,9,1,2,1,0.0
202300047869,155 595 612,B01,1,1,0,2,5,2,5,0.0
202300047870,155 595 606,A01,1,7,0,1,3,9,1,0.0
202300047871,155 595 604,A01,2,7,0,2,2,19,1,0.0
202300047871,155 595 607,B01,2,7,0,2,8,1,1,0.0
202300047871,155 595 610,C01,1,7,13,2,1,1,1,0.0
202300047872,155 595 602,A01,2,2,0,2,1,17,-1,0.0
202300047872,155 595 603,B01,2,7,0,2,8,15,0,0.0
202300047873,155 595 601,A01,0,7,2,0,1,13,0,0.0
202300047874,155 595 597,B01,2,7,0,2,1,23,1,0.0
202300047874,155 595 605,A01,1,7,0,0,1,5,1,0.0
202300047875,155 595 598,A01,2,7,0,2,1,15,1,0.0
202300047875,155 595 600,B01,1,34,0,2,1,17,1,0.0
202300047876,155 595 593,A01,1,31,0,2,3,1,1,0.0
202300047876,155 595 596,B01,3,7,0,2,2,1,1,0.0
202300047877,155 595 594,B01,1,7,0,2,4,23,1,0.0
202300047877,155 595 595,A01,1,7,0,2,1,21,1,0.0
202300047878,155 595 588,A01,1,7,0,2,1,6,1,0.0
202300047878,155 595 591,B01,2,7,0,2,1,1,1,0.0
202300047879,155 595 586,A01,2,2,0,2,1,5,1,0.0
202300047879,155 595 590,B01,2,7,0,2,3,1,1,0.0
202300047880,155 595 589,A01,2,33,0,2,3,17,1,0.0
202300047880,155 595 592,B01,1,14,0,2,3,1,1,0.0
202300047881,155 595 584,A01,1,7,6,0,1,1,1,0.0
202300047882,155 595 583,A01,2,10,0,2,1,2,1,0.0
202300047882,155 595 585,B01,2,2,0,2,4,23,1,0.0
202300047882,155 595 587,C01,2,10,0,2,4,15,1,0.0
202300047883,155 595 578,A01,2,7,0,2,2,15,1,0.0
202300047883,155 595 582,B01,2,10,0,2,3,1,1,0.0
202300047884,155 595 579,A01,2,7,0,1,1,1,1,0.0
202300047885,155 595 576,A01,2,7,0,2,1,13,1,0.0
202300047885,155 595 581,B01,1,10,0,2,1,1,1,0.0
202300047886,155 595 575,C01,2,10,0,2,1,2,1,0.0
202300047886,155 595 577,A01,1,7,0,2,6,23,1,0.0
202300047886,155 595 580,B01,1,7,1,2,1,21,1,0.0
202300047887,155 595 574,A01,1,7,7,0,1,1,0,0.0