num_acc,id_vehicule,num_veh,senc,catv,obs,obsm,choc,manv,motor,occutc
202300047888,155 595 573,A01,1,7,13,0,0,0,0,0.0
202300047889,155 595 570,A01,1,33,0,2,1,17,1,0.0
202300047889,155 595 571,B01,2,10,0,2,2,1,1,0.0
202300047890,155 595 569,B01,3,7,0,2,1,5,0,0.0
202300047890,155 595 572,A01,2,7,0,2,1,1,1,0.0
202300047891,155 595 568,A01,3,7,12,1,2,1,1,0.0
202300047892,155 595 566,A01,3,31,12,0,1,9,1,0.0
202300047893,155 595 563,A01,3,7,13,0,1,1,1,0.0
202300047894,155 595 559,A01,3,36,0,2,2,9,1,0.0
202300047894,155 595 561,B01,3,7,0,2,2,1,1,0.0
202300047895,155 595 560,C01,2,2,0,0,0,2,1,0.0
202300047895,155 595 564,A01,2,2,0,0,0,2,1,0.0
202300047895,155 595 567,B01,2,2,0,0,0,2,1,0.0
202300047896,155 595 557,A01,2,7,0,2,2,1,1,0.0
202300047896,155 595 562,B01,1,7,0,2,2,15,1,0.0
202300047897,155 595 558,A01,2,33,3,0,1,17,1,0.0
202300047898,155 595 555,A01,1,33,14,0,1,1,1,0.0
202300047899,155 595 553,A01,1,33,0,2,0,17,1,0.0
202300047899,155 595 556,B01,2,7,0,2,8,15,1,0.0
202300047900,155 595 550,A01,2,7,0,2,3,17,1,0.0
202300047900,155 595 551,B01,1,7,0,2,3,1,1,0.0
202300047901,155 595 548,A01,1,50,0,1,8,26,3,0.0
202300047902,155 595 547,A01,2,2,0,0,8,1,1,0.0
202300047903,155 595 546,B01,1,50,0,2,3,16,3,0.0
202300047903,155 595 549,A01,1,30,0,2,3,3,1,0.0
202300047904,155 595 544,A01,1,7,0,2,3,0,1,0.0
202300047904,155 595 545,B01,1,33,0,2,0,0,1,0.0
202300047905,155 595 542,B01,2,7,0,2,8,2,1,0.0
202300047905,155 595 543,A01,1,30,0,2,1,2,1,0.0
202300047906,155 595 540,A01,1,7,0,1,2,16,1,0.0
202300047907,155 595 539,A01,1,13,13,0,2,0,1,0.0
202300047908,155 595 538,A01,1,50,14,0,0,26,3,0.0
202300047909,155 595 537,B01,1,15,0,0,4,1,1,0.0
202300047909,155 595 541,A01,1,7,0,2,1,2,1,0.0
202300047910,155 595 536,A01,2,33,0,-1,1,0,1,0.0
202300047911,155 595 533,B01,3,34,0,2,0,0,1,0.0
202300047911,155 595 535,A01,1,7,0,2,0,0,1,0.0
202300047912,155 595 530,A01,1,7,0,2,3,1,1,0.0
202300047912,155 595 532,C01,2,7,0,2,1,5,1,0.0
202300047912,155 595 534,B01,1,7,0,2,1,1,1,0.0
202300047913,155 595 529,A01,2,7,0,0,3,9,1,0.0
202300047913,155 595 531,B01,2,7,0,2,1,1,1,0.0
202300047914,155 595 528,A01,2,7,6,0,1,19,1,0.0
202300047915,155 595 526,A01,2,7,3,0,3,1,1,0.0
202300047916,155 595 524,A01,2,7,0,1,2,1,1,0.0
202300047917,155 595 525,A01,2,7,6,0,3,0,1,0.0
202300047918,155 595 516,B01,2,2,0,2,1,1,1,0.0
202300047918,155 595 519,A01,1,7,0,2,3,15,1,0.0
202300047918,155 595 521,C01,1,7,8,0,3,23,1,0.0
202300047919,155 595 518,A01,2,17,3,0,3,1,1,0.0
202300047919,155 595 520,B01,2,7,0,0,1,1,1,0.0
202300047919,155 595 522,C01,2,7,0,9,1,1,1,0.0
202300047919,155 595 523,D01,2,99,0,9,1,1,1,0.0
202300047920,155 595 515,A01,2,7,0,2,2,5,1,0.0
202300047920,155 595 517,B01,1,7,0,2,2,2,1,0.0
202300047921,155 595 514,A01,3,7,0,1,3,1,1,0.0
202300047922,155 595 512,B01,2,7,0,2,8,1,1,0.0
202300047922,155 595 513,A01,1,7,0,2,3,1,2,0.0
202300047923,155 595 510,B01,2,7,0,2,1,2,1,0.0
202300047923,155 595 511,A01,1,7,0,2,1,2,1,0.0
202300047924,155 595 509,A01,2,10,2,0,1,1,1,0.0
202300047925,155 595 507,A01,3,50,0,1,2,1,3,0.0
202300047926,155 595 505,A01,0,2,0,0,0,16,1,0.0
202300047927,155 595 502,B01,3,7,0,2,1,1,1,0.0
202300047927,155 595 504,A01,3,7,0,2,1,13,1,0.0
202300047928,155 595 499,A01,2,7,2,0,2,14,1,0.0
202300047929,155 595 500,B01,2,7,8,2,4,1,1,0.0
202300047929,155 595 501,C01,2,7,0,2,4,1,1,0.0
202300047929,155 595 503,D01,2,7,0,2,4,1,1,0.0
202300047929,155 595 506,A01,2,10,0,2,3,1,1,0.0
202300047930,155 595 498,A01,1,7,3,0,1,14,1,0.0
202300047931,155 595 495,A01,3,7,0,1,2,1,1,0.0
202300047932,155 595 494,B01,1,7,0,2,1,1,1,0.0
202300047932,155 595 497,A01,1,30,0,2,8,1,1,0.0
202300047933,155 595 493,A01,0,1,0,2,1,1,5,0.0
202300047933,155 595 496,B01,0,7,0,2,1,9,1,0.0
202300047934,155 595 491,B01,2,7,0,2,3,15,2,0.0
202300047934,155 595 492,A01,2,32,0,2,2,1,1,0.0
202300047935,155 595 490,A01,2,7,2,0,1,13,1,0.0
202300047936,155 595 489,A01,0,10,0,1,2,1,1,0.0
202300047937,155 595 487,A01,3,7,6,1,1,26,0,0.0
202300047938,155 595 486,B01,2,33,0,2,7,1,1,0.0
202300047938,155 595 488,A01,2,7,0,2,8,11,1,0.0
202300047939,155 595 485,A01,1,7,0,0,0,26,1,0.0
202300047940,155 595 484,A01,0,7,0,1,1,1,1,0.0
202300047941,155 595 478,A01,2,7,0,2,1,2,1,0.0
202300047941,155 595 482,B01,2,14,0,2,6,2,1,0.0
202300047942,155 595 480,A01,1,43,0,1,1,1,1,0.0
202300047943,155 595 475,A01,2,7,0,2,3,1,1,0.0
202300047943,155 595 477,B01,2,7,13,2,9,17,1,0.0
202300047944,155 595 473,A01,2,7,0,2,3,10,1,0.0
202300047944,155 595 476,B01,2,30,0,2,1,1,1,0.0
202300047945,155 595 472,A01,2,10,0,2,3,13,1,0.0
202300047945,155 595 474,B01,1,7,0,2,3,1,1,0.0
202300047946,155 595 468,B01,1,7,4,2,1,2,1,0.0
202300047946,155 595 470,A01,1,7,0,0,0,1,1,0.0
202300047947,155 595 467,B01,1,30,0,2,8,16,3,0.0
202300047947,155 595 471,A01,1,7,0,2,3,15,3,0.0
202300047948,155 595 466,B01,3,32,0,2,2,21,1,0.0
202300047948,155 595 469,A01,0,7,0,2,3,16,1,0.0
202300047949,155 595 463,A01,2,7,0,9,2,0,0,0.0
202300047949,155 595 465,B01,2,50,0,2,8,2,3,0.0
202300047950,155 595 462,B01,1,1,0,2,6,2,5,0.0
202300047950,155 595 464,A01,1,1,0,2,7,17,5,0.0
202300047951,155 595 459,A01,1,10,0,9,2,2,1,0.0
202300047951,155 595 461,B01,1,1,0,0,6,2,5,0.0
202300047952,155 595 457,A01,0,7,0,2,1,2,1,0.0
202300047952,155 595 458,B01,0,7,0,2,4,1,0,0.0
202300047952,155 595 460,C01,0,7,0,2,4,23,1,0.0
202300047953,155 595 455,A01,2,7,0,2,2,10,1,0.0
202300047953,155 595 456,B01,2,30,0,2,7,1,3,0.0
202300047954,155 595 452,A01,2,7,0,2,7,15,1,0.0
202300047954,155 595 453,B01,1,7,0,2,1,1,1,0.0
202300047955,155 595 451,B01,1,7,0,2,3,15,1,0.0
202300047955,155 595 454,A01,2,31,0,2,1,1,1,0.0
202300047956,155 595 448,B01,1,7,0,2,8,22,1,0.0
202300047956,155 595 450,A01,1,1,0,2,1,1,5,0.0
202300047957,155 595 447,A01,3,7,0,2,3,15,1,0.0
202300047957,155 595 449,B01,3,7,0,2,2,1,1,0.0
202300047958,155 595 446,A01,2,7,2,0,3,13,1,0.0
202300047959,155 595 444,B01,2,50,0,2,8,1,3,0.0
202300047959,155 595 445,A01,2,14,0,2,7,17,1,0.0
202300047960,155 595 442,A01,2,7,0,0,1,1,1,0.0
202300047961,155 595 441,B01,1,7,0,2,1,1,1,0.0
202300047961,155 595 443,A01,1,7,0,2,8,16,1,0.0
202300047962,155 595 439,A01,3,7,0,1,4,4,0,0.0
202300047963,155 595 435,Z01,1,10,0,2,8,22,1,0.0
202300047963,155 595 437,B01,1,7,0,2,2,1,1,0.0
202300047963,155 595 440,A01,1,1,0,2,1,1,5,0.0
202300047964,155 595 434,A01,2,7,6,0,0,1,1,0.0
202300047965,155 595 433,A01,0,7,0,1,7,1,1,0.0
202300047966,155 595 430,B01,1,43,0,2,2,17,1,0.0
202300047966,155 595 432,A01,1,7,0,2,3,15,1,0.0
202300047967,155 595 429,A01,3,7,0,0,6,19,0,0.0
202300047967,155 595 431,B01,1,7,0,0,1,1,0,0.0
202300047968,155 595 428,A01,1,7,0,0,0,1,1,0.0
202300047969,155 595 426,A01,3,30,0,0,7,1,3,0.0
202300047970,155 595 425,B01,1,1,0,2,4,2,5,0.0
202300047970,155 595 427,A01,1,10,0,2,2,2,1,0.0
202300047971,155 595 424,A01,1,2,0,1,1,17,1,0.0
202300047972,155 595 421,A01,3,33,0,0,0,1,1,0.0
202300047973,155 595 420,A01,2,2,0,2,1,1,1,0.0
202300047973,155 595 422,B01,2,7,0,2,5,15,1,0.0
202300047974,155 595 419,B01,1,2,0,2,1,1,1,0.0
202300047974,155 595 423,A01,2,7,0,2,3,15,1,0.0
202300047975,155 595 417,A01,3,7,0,1,1,1,1,0.0
202300047976,155 595 416,A01,1,32,0,2,1,17,1,0.0
202300047976,155 595 418,B01,1,7,0,2,8,15,1,0.0
202300047977,155 595 413,A01,3,2,0,2,2,15,1,0.0
202300047977,155 595 415,B01,3,7,0,2,2,1,1,0.0
202300047978,155 595 412,A01,1,10,0,2,8,1,1,0.0
202300047978,155 595 414,B01,2,50,0,2,1,1,3,0.0
202300047979,155 595 411,A01,2,7,1,1,1,25,1,0.0
202300047980,155 595 409,A01,1,7,0,1,2,1,1,0.0
202300047981,155 595 407,A01,1,7,0,1,6,4,1,0.0
202300047982,155 595 404,A01,1,7,0,2,3,26,1,0.0
202300047982,155 595 406,B01,2,7,0,2,9,1,1,0.0
202300047982,155 595 408,C01,1,7,0,2,6,1,1,0.0
202300047982,155 595 410,D01,1,7,0,2,1,1,1,0.0
202300047983,155 595 402,A01,1,34,0,2,4,24,1,0.0
202300047983,155 595 403,B01,1,7,1,0,1,2,1,0.0
202300047984,155 595 401,A01,1,33,13,0,1,1,1,0.0
202300047985,155 595 399,A01,0,7,0,2,2,15,1,0.0
202300047985,155 595 400,B01,0,2,0,2,1,1,1,0.0
202300047986,155 595 394,A01,1,7,0,2,3,15,1,0.0
202300047986,155 595 397,B01,1,1,0,2,1,1,5,0.0
202300047987,155 595 391,A01,2,7,4,0,3,1,1,0.0
202300047988,155 595 392,A01,1,7,0,2,1,16,1,0.0
202300047988,155 595 395,B01,2,1,0,0,0,0,5,0.0
202300047989,155 595 390,A01,0,7,0,2,0,0,0,0.0
202300047989,155 595 393,B01,3,3,0,2,1,26,1,0.0
202300047990,155 595 389,A01,1,7,10,0,3,13,1,0.0
202300047991,155 595 387,A01,1,30,0,0,0,1,1,0.0
202300047992,155 595 386,A01,1,7,0,2,3,16,2,0.0
202300047992,155 595 388,B01,1,7,0,2,5,1,1,0.0
202300047993,155 595 384,A01,2,14,0,2,0,1,1,0.0
202300047993,155 595 385,B01,2,7,0,2,6,0,1,0.0
202300047994,155 595 382,A01,2,30,0,0,2,21,1,0.0
202300047995,155 595 381,A01,2,7,4,0,1,1,1,0.0
202300047996,155 595 380,A01,1,10,0,1,4,20,1,0.0
202300047997,155 595 378,A01,1,10,4,0,3,2,1,0.0
202300047998,155 595 376,A01,1,7,0,2,3,1,1,0.0
202300047998,155 595 377,B01,1,50,0,2,1,15,3,0.0
202300047999,155 595 373,A01,3,7,0,2,3,15,1,0.0
202300047999,155 595 375,B01,3,30,0,2,3,5,1,0.0
202300048000,155 595 372,A01,3,31,2,0,1,0,1,0.0
202300048001,155 595 368,A01,1,7,0,2,3,1,1,0.0
202300048001,155 595 370,B01,1,1,0,2,8,9,5,0.0
202300048002,155 595 367,A01,1,7,0,2,2,15,1,0.0
202300048002,155 595 369,B01,2,33,0,2,1,1,1,0.0
202300048003,155 595 365,A01,2,7,2,0,1,1,0,0.0
202300048004,155 595 364,A01,3,10,0,2,1,19,1,0.0
202300048004,155 595 366,B01,3,7,0,2,7,1,1,0.0
202300048005,155 595 362,A01,1,31,13,0,1,9,1,0.0
202300048006,155 595 361,B01,2,50,0,2,1,14,3,0.0
202300048006,155 595 363,A01,1,7,0,2,1,1,0,0.0
202300048007,155 595 360,A01,2,7,2,0,2,1,1,0.0
202300048008,155 595 357,A01,1,7,0,2,2,1,1,0.0
202300048008,155 595 359,B01,1,33,0,2,7,16,1,0.0
202300048009,155 595 355,A01,1,7,0,2,6,15,1,0.0
202300048009,155 595 358,B01,2,2,0,2,1,1,1,0.0
202300048010,155 595 356,A01,0,7,0,1,8,15,1,0.0
202300048011,155 595 352,A01,1,7,0,2,1,19,1,0.0
202300048011,155 595 354,B01,2,7,0,2,5,1,3,0.0
202300048012,155 595 351,A01,1,7,15,0,9,1,1,0.0
202300048013,155 595 350,A01,1,7,0,2,3,15,1,0.0
202300048013,155 595 353,B01,2,33,0,2,1,17,1,0.0
202300048014,155 595 348,A01,3,32,1,0,7,14,1,0.0
202300048015,155 595 349,A01,3,7,4,0,2,17,1,0.0
202300048016,155 595 347,A01,2,7,2,0,1,0,1,0.0
202300048017,155 595 346,A01,1,7,0,1,3,13,1,0.0
202300048018,155 595 345,A01,1,7,16,0,1,1,1,0.0
202300048019,155 595 343,A01,1,7,4,0,9,17,0,0.0
202300048020,155 595 344,A01,2,33,6,0,8,1,1,0.0
202300048021,155 595 340,A01,3,7,3,0,1,26,1,0.0
202300048022,155 595 339,A01,3,7,0,2,3,13,1,0.0
202300048022,155 595 341,B01,3,7,0,2,1,1,1,0.0
202300048023,155 595 338,B01,2,7,0,2,3,12,1,0.0
202300048023,155 595 342,A01,2,7,3,2,0,17,1,0.0
202300048024,155 595 335,A01,1,13,4,0,3,1,0,0.0
202300048025,155 595 331,A01,2,7,2,0,3,2,1,0.0
202300048026,155 595 333,A01,2,7,0,2,1,5,6,0.0
202300048026,155 595 334,B01,1,7,0,2,1,1,6,0.0
202300048026,155 595 336,C01,1,7,0,2,3,1,6,0.0
202300048027,155 595 332,B01,2,7,0,2,2,16,1,0.0
202300048027,155 595 337,A01,1,1,0,2,1,15,5,0.0
202300048028,155 595 330,A01,1,7,2,0,1,13,1,0.0
202300048029,155 595 328,A01,3,21,0,1,8,1,1,0.0
202300048030,155 595 326,A01,3,7,0,1,1,1,1,0.0
202300048031,155 595 327,B01,2,37,0,2,6,23,1,1.0
202300048031,155 595 329,A01,1,7,0,2,1,21,1,0.0
202300048032,155 595 325,A01,1,33,3,0,0,1,1,0.0
202300048033,155 595 322,B01,1,7,0,2,3,1,1,0.0
202300048033,155 595 324,A01,1,7,0,2,1,19,1,0.0
202300048034,155 595 321,A01,1,7,2,0,3,13,1,0.0
202300048035,155 595 316,B01,2,7,0,2,1,1,1,0.0
202300048035,155 595 318,A01,1,7,16,2,1,13,1,0.0
202300048036,155 595 317,A01,2,7,7,0,9,1,1,0.0
202300048037,155 595 312,A01,1,7,0,2,1,5,1,0.0
202300048037,155 595 314,B01,2,7,0,2,1,1,1,0.0
202300048038,155 595 311,B01,1,60,0,2,3,1,5,0.0
202300048038,155 595 315,A01,1,3,0,9,1,19,1,0.0
202300048039,155 595 310,A01,1,7,13,0,1,1,1,0.0
202300048040,155 595 309,A01,3,7,0,2,8,1,1,0.0
202300048040,155 595 313,B01,1,7,0,2,2,1,1,0.0
202300048041,155 595 304,B01,1,2,0,2,1,1,1,0.0
202300048041,155 595 307,A01,1,7,0,0,4,26,0,0.0
202300048042,155 595 303,A01,1,7,0,2,2,14,1,0.0
202300048042,155 595 306,B01,1,1,0,2,8,1,5,0.0
202300048043,155 595 305,B01,2,7,0,2,1,1,2,0.0
202300048043,155 595 308,A01,1,2,0,2,1,1,1,0.0
202300048044,155 595 302,A01,2,7,0,0,1,1,1,0.0
202300048045,155 595 299,A01,2,7,0,2,1,2,1,0.0
202300048045,155 595 301,Z01,2,7,0,2,4,0,0,0.0
202300048046,155 595 298,A01,2,34,0,1,1,1,1,0.0
202300048046,155 595 300,B01,1,50,0,2,8,26,3,0.0
202300048047,155 595 296,A01,1,1,0,9,2,17,5,0.0
202300048047,155 595 297,B01,1,1,0,9,3,1,5,0.0
202300048048,155 595 294,A01,1,7,0,1,1,2,1,0.0
202300048049,155 595 292,A01,3,30,1,0,2,1,1,0.0
202300048049,155 595 295,B01,3,7,0,2,6,20,1,0.0
202300048050,155 595 290,B01,1,7,0,2,3,1,1,0.0
202300048050,155 595 293,A01,2,33,0,2,1,1,1,0.0
202300048051,155 595 288,A01,1,7,0,2,1,13,1,0.0
202300048051,155 595 291,B01,2,7,0,2,1,1,1,0.0
202300048052,155 595 286,A01,0,1,0,6,1,2,5,0.0
202300048053,155 595 287,A01,1,33,0,2,3,0,1,0.0
202300048053,155 595 289,B01,1,30,0,0,7,0,1,0.0
202300048054,155 595 284,A01,1,33,0,0,7,1,1,0.0
202300048055,155 595 283,A01,3,7,16,0,9,1,1,0.0
202300048056,155 595 282,A01,2,7,0,2,8,1,1,0.0
202300048056,155 595 285,B01,3,30,0,2,1,5,1,0.0
202300048057,155 595 279,A01,2,7,0,9,4,0,1,0.0
202300048057,155 595 280,B01,2,7,0,2,1,0,0,0.0
202300048058,155 595 277,A01,2,7,0,2,1,9,1,0.0
202300048058,155 595 281,B01,1,17,0,2,6,1,1,0.0
202300048059,155 595 276,A01,1,7,0,2,2,15,1,0.0
202300048059,155 595 278,B01,2,1,0,2,0,0,5,0.0
202300048060,155 595 275,A01,2,2,1,0,1,1,1,0.0
202300048061,155 595 274,A01,1,7,0,1,1,9,1,0.0
202300048062,155 595 272,A01,1,7,0,2,3,13,1,0.0
202300048062,155 595 273,B01,2,30,0,2,1,1,1,0.0
202300048063,155 595 271,A01,3,7,0,1,3,9,1,0.0
202300048064,155 595 267,A01,1,7,0,2,1,1,1,0.0
202300048064,155 595 269,B01,1,7,0,2,4,23,1,0.0
202300048064,155 595 270,C01,1,7,0,2,4,23,1,0.0
202300048065,155 595 266,B01,1,43,0,2,1,1,1,0.0
202300048065,155 595 268,A01,2,7,0,2,2,15,1,0.0
202300048066,155 595 264,B01,1,7,0,2,1,13,1,0.0
202300048066,155 595 265,A01,2,7,0,2,1,1,1,0.0
202300048067,155 595 262,A01,1,30,1,0,3,1,1,0.0
202300048068,155 595 261,B01,1,31,0,2,4,11,1,0.0
202300048068,155 595 263,A01,1,33,0,2,1,3,1,0.0
202300048069,155 595 260,A01,1,7,13,0,1,1,1,0.0
202300048070,155 595 259,A01,3,42,0,0,0,14,1,0.0
202300048071,155 595 258,A01,2,7,0,1,2,15,2,0.0
202300048072,155 595 256,A01,1,10,0,0,9,2,1,0.0
202300048073,155 595 255,A01,1,7,0,6,1,1,1,0.0
202300048073,155 595 257,B01,2,7,0,2,3,1,1,0.0
202300048074,155 595 253,B01,1,1,0,2,0,1,5,0.0
202300048074,155 595 254,A01,2,1,0,2,0,1,5,0.0
202300048075,155 595 251,A01,3,7,15,2,7,17,1,0.0
202300048075,155 595 252,B01,3,7,0,2,8,1,1,0.0
202300048076,155 595 248,A01,2,7,0,2,3,1,1,0.0
202300048076,155 595 250,B01,1,7,0,2,8,1,1,0.0
202300048077,155 595 247,B01,1,7,0,0,5,16,2,0.0
202300048077,155 595 249,A01,1,43,0,2,1,1,1,0.0
202300048078,155 595 246,A01,1,7,2,0,1,1,1,0.0
202300048079,155 595 242,A01,1,7,0,2,3,1,1,0.0
202300048079,155 595 245,B01,1,10,0,2,1,1,1,0.0
202300048080,155 595 241,A01,1,7,0,2,1,15,1,0.0
202300048080,155 595 244,B01,2,50,0,2,8,1,3,0.0
202300048081,155 595 240,A01,2,7,0,2,3,9,1,0.0
202300048081,155 595 243,B01,2,7,0,2,3,1,1,0.0
202300048082,155 595 239,Z01,1,10,0,1,4,4,1,0.0
202300048083,155 595 238,A01,1,7,13,0,2,17,1,0.0
202300048084,155 595 233,B01,1,2,0,0,4,2,1,0.0
202300048084,155 595 236,A01,1,7,4,2,2,1,1,0.0
202300048085,155 595 231,C01,1,7,0,2,5,23,0,0.0
202300048085,155 595 235,A01,1,7,0,2,5,1,2,0.0
202300048085,155 595 237,B01,1,7,0,2,6,23,0,0.0
202300048086,155 595 232,A01,3,13,0,2,2,16,1,0.0
202300048086,155 595 234,B01,3,80,0,2,3,16,3,0.0
202300048087,155 595 230,A01,2,33,3,0,3,9,1,0.0
202300048088,155 595 226,A01,1,7,1,0,9,23,2,0.0
202300048088,155 595 229,B01,1,7,1,0,1,2,1,0.0
202300048089,155 595 223,A01,3,33,0,0,7,0,1,0.0
202300048090,155 595 224,B01,2,13,0,2,1,1,1,0.0
202300048090,155 595 227,A01,1,7,0,2,1,1,1,0.0
202300048091,155 595 220,B01,2,7,0,2,4,2,1,0.0
202300048091,155 595 222,C01,2,7,0,2,4,2,1,0.0
202300048091,155 595 225,D01,2,7,0,2,4,2,1,0.0
202300048091,155 595 228,A01,2,10,0,2,1,2,1,0.0
202300048092,155 595 219,A01,3,7,3,2,2,2,0,0.0
202300048092,155 595 221,B01,3,7,-1,2,9,0,6,0.0
202300048093,155 595 218,A01,0,32,0,1,1,1,0,0.0
202300048094,155 595 215,A01,1,7,0,2,1,2,1,0.0
202300048094,155 595 217,B01,1,7,0,2,4,2,2,0.0
202300048095,155 595 214,A01,1,7,0,2,3,1,0,0.0
202300048095,155 595 216,B01,1,7,0,0,4,11,3,0.0
202300048096,155 595 213,A01,1,7,13,0,2,0,1,0.0
202300048097,155 595 211,A01,0,7,0,1,1,19,1,0.0
202300048098,155 595 212,A01,2,2,0,1,3,1,1,0.0
202300048099,155 595 210,A01,1,1,12,0,0,1,5,0.0
202300048100,155 595 208,A01,3,7,0,2,5,20,0,0.0
202300048100,155 595 209,B01,3,30,0,2,1,1,0,0.0
202300048101,155 595 204,A01,2,1,0,2,0,18,5,0.0
202300048101,155 595 207,B01,1,1,0,2,0,1,5,0.0
202300048102,155 595 205,A01,2,32,11,0,1,1,1,0.0
202300048103,155 595 201,B01,2,7,0,2,6,23,1,0.0
202300048103,155 595 206,A01,2,2,0,2,1,1,2,0.0
202300048104,155 595 202,A01,0,7,0,2,1,1,1,0.0
202300048104,155 595 203,B01,3,1,0,2,8,19,5,0.0
202300048105,155 595 197,A01,2,50,0,2,1,1,3,0.0
202300048105,155 595 200,B01,2,7,0,2,6,1,1,0.0
202300048106,155 595 199,A01,1,80,0,1,1,1,3,0.0
202300048107,155 595 196,A01,0,1,0,2,0,1,5,0.0
202300048108,155 595 194,C01,2,7,0,2,5,1,1,0.0
202300048108,155 595 195,A01,1,7,0,2,3,1,1,0.0
202300048108,155 595 198,B01,2,38,0,2,3,1,1,11.0
202300048109,155 595 193,A01,1,1,8,0,1,1,5,0.0
202300048110,155 595 192,A01,3,80,8,0,1,14,3,0.0
202300048111,155 595 190,B01,3,2,0,2,1,1,1,0.0
202300048111,155 595 191,A01,3,33,0,2,1,1,1,0.0
202300048112,155 595 189,A01,2,7,4,0,3,17,1,0.0
202300048113,155 595 188,A01,2,7,2,0,1,1,0,0.0
202300048114,155 595 186,A01,2,7,1,1,2,2,1,0.0
202300048115,155 595 185,A01,1,33,15,0,8,0,1,0.0
202300048116,155 595 184,A01,2,7,0,1,2,1,1,0.0
202300048117,155 595 183,A01,2,7,0,0,9,1,1,0.0
202300048118,155 595 187,A01,3,7,0,1,2,17,1,0.0
202300048119,155 595 180,A01,3,10,0,2,3,15,1,0.0
202300048119,155 595 182,B01,3,32,0,0,0,0,1,0.0
202300048120,155 595 181,A01,1,7,0,0,1,1,1,0.0
202300048121,155 595 179,Y01,1,7,0,1,2,0,5,0.0
202300048122,155 595 176,A01,2,7,0,2,0,0,1,0.0
202300048122,155 595 178,B01,2,7,0,2,1,2,1,0.0
202300048123,155 595 175,A01,2,7,0,2,5,15,1,0.0
202300048123,155 595 177,B01,1,33,0,2,1,1,1,0.0
202300048124,155 595 173,A01,1,7,0,2,3,2,1,0.0
202300048124,155 595 174,B01,1,7,0,2,4,2,1,0.0
202300048125,155 595 171,A01,3,2,0,1,2,17,0,0.0
202300048126,155 595 170,A01,1,7,0,2,1,1,0,0.0
202300048126,155 595 172,B01,1,7,0,2,4,0,1,0.0
202300048127,155 595 167,C01,1,7,0,2,1,2,0,0.0
202300048127,155 595 168,A01,1,7,0,2,4,2,0,0.0
202300048127,155 595 169,B01,1,7,0,2,1,2,0,0.0
202300048128,155 595 164,C01,2,7,0,0,4,24,1,0.0
202300048128,155 595 166,A01,1,7,1,0,1,13,1,0.0
202300048129,155 595 163,A01,1,31,0,0,0,3,1,0.0
202300048130,155 595 165,A01,0,7,14,0,1,0,0,0.0
202300048131,155 595 161,A01,1,7,0,2,3,15,0,0.0
202300048131,155 595 162,B01,1,33,0,2,7,1,1,0.0
202300048132,155 595 160,A01,2,10,4,0,1,14,1,0.0
202300048133,155 595 156,A01,1,99,0,2,7,1,1,0.0
202300048133,155 595 158,B01,3,7,0,2,1,1,1,0.0
202300048134,155 595 157,A01,1,32,0,1,1,17,1,0.0
202300048135,155 595 155,A01,3,7,0,2,1,1,1,0.0
202300048135,155 595 159,B01,3,7,0,2,2,9,1,0.0
202300048136,155 595 153,A01,1,30,0,0,8,15,3,0.0
202300048137,155 595 152,A01,3,10,0,1,4,20,1,0.0
202300048138,155 595 154,A01,3,34,0,0,0,12,1,0.0
202300048139,155 595 150,A01,2,10,0,1,5,4,1,0.0
202300048140,155 595 149,B01,1,33,0,2,0,1,1,0.0
202300048140,155 595 151,A01,2,7,0,2,5,10,1,0.0
202300048141,155 595 146,A01,2,43,0,0,8,1,1,0.0
202300048142,155 595 145,A01,3,7,0,2,8,15,1,0.0
202300048142,155 595 148,B01,3,33,0,2,1,17,1,0.0
202300048143,155 595 141,A01,2,7,0,9,8,1,1,0.0
202300048143,155 595 143,B01,2,1,0,2,8,1,5,0.0
202300048144,155 595 140,A01,2,7,0,2,4,2,1,0.0
202300048144,155 595 142,B01,1,7,0,2,1,2,1,0.0
202300048145,155 595 144,A01,2,7,0,2,1,13,1,0.0
202300048145,155 595 147,B01,1,7,0,2,1,13,2,0.0
202300048146,155 595 137,A01,1,60,0,2,3,13,5,0.0
202300048146,155 595 139,B01,1,7,0,2,3,21,1,0.0
202300048147,155 595 136,A01,0,7,0,2,8,0,0,0.0
202300048147,155 595 138,B01,3,7,0,2,1,1,0,0.0
202300048148,155 595 135,A01,1,7,0,1,1,15,1,0.0
202300048149,155 595 130,A01,1,7,0,2,3,13,0,0.0
202300048149,155 595 133,B01,2,2,0,2,1,1,0,0.0
202300048150,155 595 131,B01,1,7,0,2,3,1,0,0.0
202300048150,155 595 134,A01,1,50,0,2,1,1,3,0.0
202300048151,155 595 128,A01,2,32,0,2,9,17,0,0.0
202300048151,155 595 129,B01,2,10,0,2,8,1,0,0.0
202300048151,155 595 132,C01,1,10,0,2,3,1,0,0.0
202300048152,155 595 125,B01,2,1,0,2,8,1,0,0.0
202300048152,155 595 126,A01,2,7,0,2,7,22,1,0.0
202300048153,155 595 123,A01,1,33,0,2,1,17,1,0.0
202300048153,155 595 124,B01,2,7,0,2,2,1,1,0.0
202300048153,155 595 127,C01,1,7,0,2,3,1,1,0.0
202300048154,155 595 121,A01,0,7,8,2,3,21,1,0.0
202300048154,155 595 122,B01,0,7,0,2,3,1,1,0.0
202300048155,155 595 119,A01,3,7,0,1,4,4,1,0.0
202300048156,155 595 117,C01,1,7,0,2,3,1,1,0.0