num_acc,id_vehicule,num_veh,senc,catv,obs,obsm,choc,manv,motor,occutc
202300048156,155 595 118,B01,2,7,0,2,1,1,1,0.0
202300048156,155 595 120,A01,1,7,0,2,1,13,1,0.0
202300048157,155 595 115,A01,3,1,0,2,0,0,5,0.0
202300048157,155 595 116,B01,3,10,0,2,0,17,1,0.0
202300048158,155 595 114,A01,1,2,1,0,2,1,1,0.0
202300048159,155 595 113,A01,2,7,0,1,0,1,0,0.0
202300048160,155 595 110,A01,2,10,6,0,3,1,1,0.0
202300048161,155 595 112,A01,3,37,0,1,7,26,1,1.0
202300048162,155 595 107,B01,3,7,0,2,3,26,1,0.0
202300048162,155 595 109,A01,3,7,0,2,1,0,1,0.0
202300048163,155 595 108,A01,1,7,0,2,2,15,1,0.0
202300048163,155 595 111,B01,2,33,0,2,1,1,1,0.0
202300048164,155 595 103,A01,1,10,0,1,2,13,1,0.0
202300048165,155 595 105,B01,2,7,4,2,0,2,1,0.0
202300048165,155 595 106,A01,2,7,4,2,3,1,1,0.0
202300048166,155 595 100,A01,3,7,0,2,2,9,0,0.0
202300048166,155 595 102,B01,0,1,0,0,1,15,5,0.0
202300048167,155 595 099,A01,0,7,0,2,1,9,1,0.0
202300048167,155 595 101,B01,0,7,0,2,3,1,1,0.0
202300048167,155 595 104,C01,0,7,0,2,1,0,1,0.0
202300048168,155 595 097,A01,3,7,0,1,3,1,1,0.0
202300048169,155 595 095,A01,1,99,0,2,1,26,1,0.0
202300048169,155 595 098,B01,2,7,0,2,2,0,1,0.0
202300048170,155 595 094,A01,3,7,0,1,1,24,1,0.0
202300048171,155 595 093,A01,1,7,0,2,3,16,0,0.0
202300048171,155 595 096,B01,2,7,0,2,1,1,0,0.0
202300048172,155 595 090,A01,1,33,0,2,7,17,1,0.0
202300048172,155 595 091,B01,1,7,0,2,8,11,1,0.0
202300048173,155 595 089,A01,0,7,1,0,0,0,0,0.0
202300048174,155 595 086,A01,1,7,0,2,2,1,0,0.0
202300048174,155 595 088,B01,1,33,0,2,8,1,0,0.0
202300048175,155 595 087,B01,1,7,0,2,1,1,1,0.0
202300048175,155 595 092,A01,1,7,0,2,7,1,1,0.0
202300048176,155 595 084,A01,1,30,0,2,1,1,3,0.0
202300048176,155 595 085,B01,1,7,0,2,4,23,1,0.0
202300048177,155 595 081,A01,2,7,0,0,1,15,0,0.0
202300048177,155 595 083,B01,1,7,0,0,1,2,0,0.0
202300048178,155 595 082,A01,3,7,0,0,0,1,1,0.0
202300048179,155 595 080,A01,2,7,1,0,2,1,1,0.0
202300048180,155 595 078,A01,1,10,0,9,7,16,3,0.0
202300048180,155 595 079,B01,1,50,0,2,1,1,3,0.0
202300048181,155 595 077,A01,1,33,0,0,8,2,1,0.0
202300048182,155 595 075,A01,2,7,0,2,1,1,1,0.0
202300048182,155 595 076,B01,1,7,0,2,1,1,2,0.0
202300048183,155 595 070,A01,0,7,0,0,6,1,1,0.0
202300048183,155 595 072,B01,0,33,0,2,2,2,1,0.0
202300048184,155 595 069,A01,1,1,0,2,1,2,5,0.0
202300048184,155 595 074,B01,1,7,0,2,5,2,0,0.0
202300048185,155 595 068,A01,0,2,0,0,0,1,1,0.0
202300048186,155 595 071,B01,3,7,0,2,1,0,1,0.0
202300048186,155 595 073,A01,3,37,0,2,1,1,1,1.0
202300048187,155 595 065,A01,1,7,0,2,4,15,1,0.0
202300048187,155 595 066,B01,1,2,0,2,1,2,1,0.0
202300048188,155 595 064,A01,1,10,0,2,2,1,3,0.0
202300048188,155 595 067,B01,1,32,0,2,1,1,0,0.0
202300048189,155 595 062,A01,1,7,0,2,7,17,0,0.0
202300048189,155 595 063,B01,1,1,0,0,8,2,5,0.0
202300048190,155 595 060,A01,1,7,0,1,1,15,2,0.0
202300048191,155 595 058,A01,3,7,0,0,1,15,1,0.0
202300048191,155 595 061,B01,3,10,6,2,1,17,1,0.0
202300048192,155 595 054,A01,2,7,0,2,5,14,1,0.0
202300048192,155 595 056,B01,0,33,0,2,8,2,1,0.0
202300048193,155 595 057,A01,3,7,0,2,1,2,1,0.0
202300048193,155 595 059,B01,3,7,0,2,4,23,1,0.0
202300048194,155 595 050,A01,1,7,0,2,3,10,1,0.0
202300048194,155 595 052,B01,2,7,0,2,2,1,1,0.0
202300048195,155 595 047,A01,2,7,0,2,4,1,1,0.0
202300048195,155 595 049,B01,2,7,0,2,1,14,1,0.0
202300048196,155 595 048,A01,2,7,3,0,5,13,1,0.0
202300048196,155 595 051,B01,2,7,3,2,3,1,1,0.0
202300048196,155 595 053,C01,2,7,1,0,1,1,1,0.0
202300048196,155 595 055,D01,2,7,0,2,5,21,1,0.0
202300048197,155 595 042,A01,1,7,0,2,6,1,1,0.0
202300048197,155 595 045,B01,1,33,0,2,2,2,1,0.0
202300048198,155 595 041,A01,3,33,0,2,1,1,1,0.0
202300048198,155 595 043,B01,0,7,0,2,3,1,1,0.0
202300048199,155 595 040,A01,2,7,0,2,1,13,1,0.0
202300048199,155 595 044,B01,1,7,0,2,1,1,1,0.0
202300048200,155 595 046,A01,2,7,4,0,7,2,1,0.0
202300048201,155 595 038,B01,2,7,4,2,4,1,1,0.0
202300048201,155 595 039,A01,2,7,0,2,1,2,1,0.0
202300048202,155 595 036,A01,3,7,1,0,2,14,1,0.0
202300048203,155 595 035,A01,2,33,0,0,9,14,1,0.0
202300048203,155 595 037,B01,2,33,0,0,9,14,1,0.0
202300048204,155 595 032,A01,1,33,4,2,3,18,1,0.0
202300048204,155 595 034,B01,1,7,0,2,2,23,1,0.0
202300048205,155 595 033,A01,1,7,0,0,9,1,1,0.0
202300048206,155 595 029,A01,1,33,16,0,7,21,1,0.0
202300048207,155 595 030,A01,1,7,0,2,2,2,1,0.0
202300048207,155 595 031,B01,1,1,14,2,4,2,5,0.0
202300048208,155 595 028,A01,2,33,6,0,8,1,1,0.0
202300048209,155 595 024,A01,2,7,0,2,1,2,1,0.0
202300048209,155 595 026,B01,2,7,0,2,4,2,1,0.0
202300048209,155 595 027,C01,2,7,0,2,4,2,1,0.0
202300048210,155 595 025,A01,3,33,16,0,9,0,0,0.0
202300048211,155 595 021,A01,2,7,0,2,5,12,1,0.0
202300048211,155 595 022,B01,2,33,0,2,2,3,1,0.0
202300048212,155 595 016,A01,1,10,0,2,3,2,1,0.0
202300048212,155 595 019,B01,1,10,0,9,2,3,1,0.0
202300048213,155 595 018,A01,1,7,0,2,7,13,1,0.0
202300048213,155 595 020,B01,2,10,0,2,1,1,1,0.0
202300048214,155 595 015,A01,2,7,3,0,3,21,1,0.0
202300048215,155 595 013,B01,1,7,0,2,4,2,1,0.0
202300048215,155 595 014,A01,1,7,0,2,1,2,1,0.0
202300048216,155 595 017,B01,3,7,0,2,4,1,0,0.0
202300048216,155 595 023,A01,3,33,0,2,1,1,0,0.0
202300048217,155 595 011,A01,2,7,0,1,7,0,1,0.0
202300048218,155 595 009,A01,2,10,0,2,1,1,1,0.0
202300048218,155 595 010,B01,2,7,0,2,4,1,1,0.0
202300048218,155 595 012,C01,2,7,0,2,4,1,1,0.0
202300048219,155 595 007,A01,1,7,13,0,1,1,1,0.0
202300048220,155 595 006,A01,2,2,0,2,1,1,1,0.0
202300048220,155 595 008,B01,1,7,0,2,1,15,1,0.0
202300048221,155 595 001,A01,2,10,0,2,1,13,1,0.0
202300048221,155 595 004,B01,2,7,4,2,7,1,1,0.0
202300048221,155 595 005,C01,2,7,13,2,8,1,1,0.0
202300048222,155 594 999,A01,2,7,0,2,1,19,1,0.0
202300048222,155 595 002,B01,1,7,0,2,8,1,1,0.0
202300048223,155 595 000,B01,2,33,0,2,7,21,1,0.0
202300048223,155 595 003,A01,2,2,0,2,1,13,1,0.0
202300048224,155 594 995,A01,1,31,0,2,3,3,1,0.0
202300048224,155 594 997,B01,1,10,0,2,5,1,1,0.0
202300048225,155 594 994,A01,2,7,0,2,2,1,1,0.0
202300048225,155 594 998,B01,1,7,0,2,3,1,1,0.0
202300048226,155 594 990,A01,1,7,4,2,1,0,1,0.0
202300048226,155 594 991,C01,1,7,3,2,8,0,1,0.0
202300048226,155 594 992,B01,1,7,0,2,1,0,1,0.0
202300048227,155 594 988,A01,2,7,4,2,8,1,1,0.0
202300048227,155 594 989,Z01,2,15,0,2,0,0,0,0.0
202300048228,155 594 986,B01,1,7,4,2,8,11,1,0.0
202300048228,155 594 987,A01,1,32,4,2,1,3,1,0.0
202300048229,155 594 993,A01,2,7,3,2,1,21,1,0.0
202300048229,155 594 996,B01,2,7,0,2,5,9,1,0.0
202300048230,155 594 984,A01,1,10,0,2,1,2,1,0.0
202300048230,155 594 985,B01,1,7,0,2,4,2,1,0.0
202300048231,155 594 982,A01,2,7,2,0,7,1,1,0.0
202300048232,155 594 981,A01,3,7,1,0,6,9,1,0.0
202300048233,155 594 980,A01,1,7,3,2,1,2,1,0.0
202300048233,155 594 983,B01,1,7,3,2,4,2,1,0.0
202300048234,155 594 976,A01,0,7,0,2,1,1,1,0.0
202300048234,155 594 979,B01,0,10,0,2,1,0,1,0.0
202300048235,155 594 973,B01,1,7,0,2,4,0,0,0.0
202300048235,155 594 975,A01,1,10,0,2,4,0,0,0.0
202300048235,155 594 978,C01,1,10,0,2,1,0,0,0.0
202300048236,155 594 972,A01,2,7,0,2,1,2,1,0.0
202300048236,155 594 974,B01,2,7,0,2,4,2,1,0.0
202300048236,155 594 977,C01,2,7,0,2,4,2,1,0.0
202300048237,155 594 967,C01,1,10,0,2,1,1,1,0.0
202300048237,155 594 969,A01,1,7,0,2,4,1,2,0.0
202300048237,155 594 971,B01,1,7,0,2,1,1,1,0.0
202300048238,155 594 968,A01,2,7,9,9,1,1,1,0.0
202300048239,155 594 965,A01,1,10,0,2,3,1,1,0.0
202300048239,155 594 966,B01,2,33,0,2,3,1,1,0.0
202300048240,155 594 964,A01,2,7,1,0,9,1,0,0.0
202300048241,155 594 963,D01,3,37,9,1,5,20,1,1.0
202300048242,155 594 959,A01,2,7,0,2,3,11,1,0.0
202300048242,155 594 962,B01,1,33,0,2,3,1,1,0.0
202300048243,155 594 958,B01,2,10,0,2,3,15,1,0.0
202300048243,155 594 961,A01,2,32,0,2,3,17,1,0.0
202300048244,155 594 957,B01,3,50,0,2,1,25,3,0.0
202300048244,155 594 960,A01,2,7,0,2,7,9,1,0.0
202300048245,155 594 953,A01,2,33,0,1,5,1,1,0.0
202300048246,155 594 952,B01,3,7,0,2,2,23,0,0.0
202300048246,155 594 955,A01,1,7,0,2,1,1,0,0.0
202300048247,155 594 954,B01,3,7,0,2,1,1,1,0.0
202300048247,155 594 956,A01,3,10,0,2,8,19,1,0.0
202300048248,155 594 949,A01,3,10,0,1,2,1,1,0.0
202300048249,155 594 948,A01,3,2,0,2,1,1,1,0.0
202300048249,155 594 950,B01,3,7,0,2,3,15,1,0.0
202300048250,155 594 947,A01,2,2,0,2,8,1,1,0.0
202300048250,155 594 951,B01,1,7,0,2,1,1,1,0.0
202300048251,155 594 945,A01,1,7,0,2,2,21,1,0.0
202300048251,155 594 946,B01,2,10,0,2,3,21,1,0.0
202300048252,155 594 944,A01,1,7,0,0,2,1,1,0.0
202300048253,155 594 941,B01,2,31,0,2,8,1,1,0.0
202300048253,155 594 943,A01,1,7,0,2,1,15,1,0.0
202300048254,155 594 940,A01,2,33,0,2,1,1,1,0.0
202300048254,155 594 942,B01,2,7,0,2,5,15,1,0.0
202300048255,155 594 938,B01,1,7,0,2,3,1,1,0.0
202300048255,155 594 939,A01,2,7,0,2,3,15,1,0.0
202300048256,155 594 935,A01,0,7,0,2,4,26,1,0.0
202300048256,155 594 937,B01,0,32,0,2,2,2,1,0.0
202300048257,155 594 932,A01,1,7,0,2,7,15,1,0.0
202300048257,155 594 934,B01,2,33,0,2,1,1,1,0.0
202300048258,155 594 930,A01,2,7,0,2,6,15,0,0.0
202300048258,155 594 933,B01,2,31,0,2,6,15,0,0.0
202300048259,155 594 931,A01,3,7,0,1,0,1,3,0.0
202300048260,155 594 926,B01,2,7,0,2,3,9,1,0.0
202300048260,155 594 929,A01,1,33,0,2,1,9,6,0.0
202300048261,155 594 925,A01,1,7,0,2,2,1,1,0.0
202300048261,155 594 927,B01,1,7,0,2,1,1,1,0.0
202300048262,155 594 922,A01,2,7,0,2,6,15,1,0.0
202300048262,155 594 923,B01,2,33,0,2,1,3,1,0.0
202300048263,155 594 919,C01,2,7,0,2,1,1,1,0.0
202300048263,155 594 920,B01,1,7,0,2,1,13,1,0.0
202300048263,155 594 921,A01,1,15,0,2,5,14,1,0.0
202300048264,155 594 916,A01,2,10,0,2,1,2,1,0.0
202300048264,155 594 918,B01,2,7,0,0,4,23,3,0.0
202300048265,155 594 914,A01,2,7,0,2,1,1,1,0.0
202300048265,155 594 917,B01,2,7,0,2,5,1,1,0.0
202300048266,155 594 911,C01,3,7,0,2,1,2,1,0.0
202300048266,155 594 913,B01,3,7,0,2,4,1,1,0.0
202300048266,155 594 915,A01,3,7,0,0,4,1,1,0.0
202300048267,155 594 910,B01,3,7,0,9,2,2,1,0.0
202300048267,155 594 912,A01,3,1,0,0,8,1,5,0.0
202300048268,155 594 907,A01,1,7,0,1,1,23,1,0.0
202300048268,155 594 908,B01,1,7,0,2,3,2,1,0.0
202300048269,155 594 909,A01,1,30,0,0,1,1,1,0.0
202300048270,155 594 904,B01,2,7,0,2,3,26,1,0.0
202300048270,155 594 905,A01,1,10,0,2,1,1,1,0.0
202300048271,155 594 901,A01,1,7,0,2,2,15,1,0.0
202300048271,155 594 902,B01,2,1,0,2,1,1,5,0.0
202300048272,155 594 899,A01,2,33,0,0,8,1,1,0.0
202300048273,155 594 898,A01,1,7,0,2,1,1,1,0.0
202300048273,155 594 900,B01,2,7,0,2,1,13,1,0.0
202300048274,155 594 897,A01,1,7,6,0,1,1,1,0.0
202300048275,155 594 896,A01,3,7,14,0,2,14,1,0.0
202300048276,155 594 893,A01,2,33,0,2,0,1,1,0.0
202300048276,155 594 895,B01,1,7,0,2,3,1,1,0.0
202300048277,155 594 892,A01,3,31,0,2,1,2,1,0.0
202300048277,155 594 894,B01,3,7,0,0,8,13,1,0.0
202300048278,155 594 888,A01,1,32,0,1,7,1,1,0.0
202300048279,155 594 889,A01,3,7,0,2,2,9,1,0.0
202300048279,155 594 891,B01,3,50,0,2,4,19,3,0.0
202300048280,155 594 887,A01,1,7,0,2,1,1,1,0.0
202300048280,155 594 890,B01,2,32,0,2,1,5,1,0.0
202300048281,155 594 882,A01,1,7,0,2,2,1,1,0.0
202300048281,155 594 884,B01,1,10,0,2,3,15,1,0.0
202300048282,155 594 880,A01,1,7,0,0,5,15,1,0.0
202300048282,155 594 883,B01,2,1,0,2,5,1,5,0.0
202300048283,155 594 879,B01,1,7,0,2,2,1,1,0.0
202300048283,155 594 881,A01,2,7,15,2,2,5,1,0.0
202300048284,155 594 876,B01,1,7,0,2,1,1,1,0.0
202300048284,155 594 878,A01,2,7,0,2,1,5,1,0.0
202300048285,155 594 874,Z01,3,7,0,1,1,1,1,0.0
202300048286,155 594 875,B01,1,2,0,2,1,1,1,0.0
202300048286,155 594 877,A01,2,10,0,2,1,15,1,0.0
202300048287,155 594 870,B01,1,1,0,2,8,19,5,0.0
202300048287,155 594 873,A01,1,32,0,2,2,1,1,0.0
202300048288,155 594 869,A01,1,7,0,2,3,15,1,0.0
202300048288,155 594 871,B01,1,33,0,2,1,13,1,0.0
202300048289,155 594 867,A01,1,7,1,0,2,14,1,0.0
202300048290,155 594 866,A01,3,7,0,2,3,16,1,0.0
202300048290,155 594 868,B01,3,0,0,2,9,1,1,0.0
202300048291,155 594 865,A01,3,1,0,0,0,0,5,0.0
202300048292,155 594 861,A01,3,7,0,2,1,2,1,0.0
202300048292,155 594 863,B01,3,7,0,2,4,2,3,0.0
202300048293,155 594 859,B01,0,33,0,2,7,1,1,0.0
202300048293,155 594 864,A01,1,7,0,2,8,9,1,0.0
202300048294,155 594 856,A01,2,33,0,2,7,17,1,0.0
202300048294,155 594 858,B01,1,7,0,2,3,1,1,0.0
202300048294,155 594 860,C01,2,7,0,2,8,1,1,0.0
202300048294,155 594 862,D01,2,7,0,2,8,1,1,0.0
202300048295,155 594 854,A01,2,7,0,2,1,13,1,0.0
202300048295,155 594 857,B01,1,10,0,2,1,1,1,0.0
202300048296,155 594 855,A01,0,7,0,1,2,12,1,0.0
202300048297,155 594 853,A01,1,31,16,9,1,1,1,0.0
202300048298,155 594 851,A01,2,7,4,0,2,1,1,0.0
202300048299,155 594 850,A01,3,7,0,2,3,1,1,0.0
202300048299,155 594 852,B01,3,7,0,2,3,15,1,0.0
202300048300,155 594 848,A01,1,7,13,0,3,16,1,0.0
202300048301,155 594 847,Z01,3,7,0,2,1,2,0,0.0
202300048301,155 594 849,B01,3,50,0,2,4,0,3,0.0
202300048302,155 594 846,A01,1,32,14,0,1,9,0,0.0
202300048303,155 594 843,A01,2,2,0,2,7,10,1,0.0
202300048303,155 594 845,B01,1,7,0,2,1,1,1,0.0
202300048304,155 594 842,B01,2,7,0,2,1,1,1,0.0
202300048304,155 594 844,A01,1,7,0,2,1,15,1,0.0
202300048305,155 594 840,A01,1,7,0,2,5,15,1,0.0
202300048305,155 594 841,B01,2,7,0,2,1,1,1,0.0
202300048306,155 594 838,A01,0,39,0,1,1,1,3,0.0
202300048307,155 594 837,A01,2,7,0,2,3,9,1,0.0
202300048307,155 594 839,B01,3,80,0,2,7,1,3,0.0
202300048308,155 594 835,A01,1,7,0,2,1,1,1,0.0
202300048308,155 594 836,B01,3,1,0,2,8,19,5,0.0
202300048309,155 594 831,B01,1,50,0,0,6,1,3,0.0
202300048309,155 594 833,A01,1,10,0,2,2,1,1,0.0
202300048310,155 594 832,B01,2,13,0,2,5,15,1,0.0
202300048310,155 594 834,A01,1,31,0,2,1,19,1,0.0
202300048311,155 594 829,B01,2,2,0,2,0,1,1,0.0
202300048311,155 594 830,A01,1,7,0,2,0,15,1,0.0
202300048312,155 594 827,A01,3,7,0,1,4,24,0,0.0
202300048313,155 594 826,A01,3,7,0,0,5,1,1,0.0
202300048313,155 594 828,Z01,3,7,0,2,1,19,1,0.0
202300048314,155 594 824,A01,1,7,0,1,1,1,1,0.0
202300048315,155 594 820,A01,1,43,0,2,2,3,1,0.0
202300048315,155 594 821,B01,1,7,0,2,8,1,1,0.0
202300048316,155 594 819,B01,1,30,0,2,1,9,1,0.0
202300048316,155 594 823,A01,1,7,0,2,1,15,1,0.0
202300048317,155 594 817,A01,3,10,0,0,9,1,1,0.0
202300048318,155 594 816,B01,1,30,0,2,1,9,1,0.0
202300048318,155 594 818,A01,1,7,0,2,3,9,1,0.0
202300048319,155 594 812,A01,2,7,3,0,3,14,1,0.0
202300048320,155 594 810,B01,2,33,0,2,1,3,1,0.0
202300048320,155 594 813,C01,2,7,0,2,1,23,1,0.0
202300048320,155 594 815,A01,2,10,0,2,6,11,1,0.0
202300048321,155 594 811,A01,1,7,0,2,4,4,1,0.0
202300048321,155 594 814,B01,1,80,0,2,1,1,3,0.0
202300048322,155 594 808,A01,1,7,0,1,1,1,1,0.0
202300048323,155 594 806,B01,1,7,0,2,1,1,1,0.0
202300048323,155 594 809,A01,1,7,0,2,0,5,1,0.0
202300048324,155 594 804,A01,1,7,0,2,6,18,1,0.0
202300048324,155 594 807,B01,1,7,0,2,2,1,1,0.0
202300048325,155 594 803,A01,2,33,0,2,0,3,1,0.0
202300048325,155 594 805,B01,2,7,0,2,0,11,1,0.0
202300048326,155 594 800,A01,1,7,0,1,1,1,1,0.0
202300048327,155 594 798,B01,3,2,0,2,1,1,0,0.0
202300048327,155 594 801,A01,0,7,0,2,3,11,0,0.0
202300048328,155 594 799,A01,2,10,0,2,1,2,1,0.0
202300048328,155 594 802,B01,2,7,0,2,4,2,1,0.0
202300048329,155 594 793,A01,2,7,8,0,1,26,1,0.0
202300048330,155 594 796,A01,2,33,4,0,3,13,1,0.0
202300048331,155 594 792,A01,2,7,0,2,2,14,1,0.0
202300048331,155 594 795,B01,2,33,0,2,3,1,1,0.0
202300048331,155 594 797,C01,2,99,0,2,5,23,1,0.0
202300048332,155 594 790,B01,0,7,0,2,1,1,1,0.0
202300048332,155 594 794,A01,3,7,0,2,8,19,1,0.0
202300048333,155 594 789,A01,1,1,0,2,2,13,5,0.0
202300048333,155 594 791,Z01,1,7,0,2,0,0,0,0.0
202300048334,155 594 787,A01,1,33,0,0,1,3,1,0.0
202300048335,155 594 785,A01,0,7,8,0,3,13,1,0.0
202300048335,155 594 788,B01,1,7,0,2,3,1,1,0.0
202300048336,155 594 784,A01,1,7,0,2,4,2,1,0.0
202300048336,155 594 786,B01,1,7,0,2,1,1,1,0.0
202300048337,155 594 782,A01,1,3,2,0,1,14,1,0.0
202300048338,155 594 781,B01,1,7,0,2,7,2,1,0.0
202300048338,155 594 783,A01,2,33,0,2,8,13,1,0.0
202300048339,155 594 778,A01,3,1,0,2,8,16,5,0.0
202300048339,155 594 780,B01,3,7,0,2,3,1,1,0.0
202300048340,155 594 776,A01,1,33,3,0,7,3,1,0.0
202300048341,155 594 777,Z01,1,7,0,2,5,16,1,0.0
202300048341,155 594 779,B01,1,30,0,2,3,1,1,0.0
202300048342,155 594 772,Y01,0,1,0,2,1,2,5,0.0
202300048342,155 594 774,A01,0,10,0,2,5,1,1,0.0
202300048343,155 594 770,A01,1,7,4,0,9,1,1,0.0
202300048344,155 594 771,B01,1,31,0,2,2,1,1,0.0
202300048344,155 594 775,A01,1,7,0,2,3,19,1,0.0
202300048345,155 594 769,A01,3,7,0,1,1,2,1,0.0
202300048346,155 594 763,A01,1,7,6,0,1,19,1,0.0
202300048347,155 594 761,A01,1,1,0,2,1,1,5,0.0
202300048347,155 594 765,B01,1,7,0,2,3,1,1,0.0
202300048348,155 594 759,A01,3,7,0,1,3,1,1,0.0
202300048349,155 594 755,A01,2,10,0,2,1,1,1,0.0
202300048349,155 594 758,C01,2,10,0,2,4,23,1,0.0
202300048349,155 594 760,B01,2,7,0,2,4,23,1,0.0
202300048350,155 594 756,B01,1,7,0,2,4,2,1,0.0
202300048350,155 594 762,C01,1,7,0,2,4,2,1,0.0
202300048350,155 594 766,A01,1,14,0,2,1,2,1,0.0
202300048351,155 594 754,B01,2,1,0,2,7,1,5,0.0
202300048351,155 594 757,A01,2,10,0,2,8,22,1,0.0
202300048352,155 594 753,B01,0,7,0,0,7,26,0,0.0
202300048352,155 594 767,A01,0,7,0,0,1,9,0,0.0
202300048353,155 594 752,A01,3,30,0,1,0,0,1,0.0
202300048354,155 594 748,A01,1,7,0,2,8,19,1,0.0
202300048354,155 594 750,B01,1,7,0,2,8,19,1,0.0
202300048355,155 594 749,A01,2,7,0,2,7,12,1,0.0
202300048355,155 594 751,B01,2,31,0,2,1,1,1,0.0
202300048356,155 594 745,A01,2,7,0,1,1,2,0,0.0
202300048357,155 594 747,A01,2,7,0,1,2,5,2,0.0
202300048358,155 594 744,B01,3,1,0,2,1,1,5,0.0
202300048358,155 594 746,A01,3,7,0,2,1,15,1,0.0
202300048359,155 594 741,B01,2,32,0,2,1,1,1,0.0
202300048359,155 594 743,A01,1,7,0,2,5,15,1,0.0
202300048360,155 594 739,A01,1,33,0,2,1,12,1,0.0
202300048360,155 594 742,B01,1,7,0,2,5,1,1,0.0
202300048361,155 594 738,A01,2,1,0,2,1,1,5,0.0
202300048361,155 594 740,B01,3,1,0,2,4,1,5,0.0
202300048362,155 594 734,A01,1,7,0,2,1,1,1,0.0
202300048362,155 594 737,B01,1,7,0,2,4,23,1,0.0
202300048363,155 594 732,B01,1,7,1,0,1,1,1,0.0
202300048363,155 594 735,A01,1,7,0,2,4,23,1,0.0
202300048364,155 594 730,B01,3,33,0,2,5,15,1,0.0
202300048364,155 594 736,Z01,3,7,0,2,2,15,0,0.0
202300048365,155 594 728,B01,2,10,0,2,2,2,1,0.0
202300048365,155 594 731,C01,2,7,0,2,7,1,1,0.0
202300048365,155 594 733,A01,2,7,4,2,6,1,1,0.0
202300048366,155 594 727,A01,3,7,0,1,1,1,1,0.0
202300048367,155 594 725,B01,1,31,0,2,1,1,1,0.0
202300048367,155 594 726,A01,1,10,0,2,5,15,1,0.0
202300048368,155 594 724,B01,3,7,0,2,3,15,1,0.0
202300048368,155 594 729,A01,3,33,0,2,1,1,1,0.0
202300048369,155 594 720,A01,1,7,0,2,4,26,1,0.0
202300048369,155 594 722,B01,1,10,0,2,2,1,1,0.0
202300048370,155 594 719,B01,1,7,0,2,1,1,1,0.0
202300048370,155 594 723,A01,1,7,0,2,1,26,1,0.0
202300048371,155 594 717,A01,2,1,0,2,1,18,5,0.0
202300048371,155 594 721,Z01,2,7,0,2,7,22,0,0.0
202300048372,155 594 715,B01,2,80,0,2,4,1,3,0.0
202300048372,155 594 718,A01,2,7,0,2,1,2,1,0.0
202300048373,155 594 714,B01,2,7,0,2,3,1,1,0.0
202300048373,155 594 716,A01,1,7,0,2,8,1,1,0.0
202300048374,155 594 710,B01,1,1,0,0,4,1,5,0.0
202300048374,155 594 713,A01,1,7,0,2,1,1,1,0.0
202300048375,155 594 712,A01,2,7,1,0,2,14,1,0.0
202300048376,155 594 707,B01,1,7,0,2,7,12,2,0.0
202300048376,155 594 711,A01,1,30,0,2,1,18,1,0.0
202300048377,155 594 706,A01,0,7,0,2,8,15,0,0.0
202300048377,155 594 709,B01,0,33,0,2,1,17,0,0.0
202300048378,155 594 705,A01,1,7,0,2,7,15,1,0.0
202300048378,155 594 708,B01,2,7,0,2,1,1,1,0.0
202300048379,155 594 701,B01,2,10,0,2,0,16,1,0.0
202300048379,155 594 703,A01,2,2,0,2,0,18,1,0.0
202300048380,155 594 700,A01,2,30,0,2,8,13,1,0.0
202300048380,155 594 704,B01,2,10,0,2,7,1,1,0.0
202300048381,155 594 698,A01,1,7,0,1,1,1,1,0.0
202300048382,155 594 699,A01,2,33,0,2,1,1,1,0.0
202300048382,155 594 702,Z01,1,30,0,2,5,19,1,0.0
202300048383,155 594 691,A01,3,7,0,2,1,2,1,0.0
202300048383,155 594 695,B01,3,10,0,2,4,2,1,0.0
202300048384,155 594 690,A01,3,7,0,2,2,15,1,0.0
202300048384,155 594 693,B01,3,32,0,2,1,21,1,0.0
202300048385,155 594 689,A01,3,7,0,1,1,1,1,0.0
202300048386,155 594 688,A01,1,7,0,2,1,1,1,0.0
202300048386,155 594 692,B01,0,7,0,2,7,1,1,0.0
202300048387,155 594 687,B01,1,7,0,2,1,1,1,0.0
202300048387,155 594 694,A01,1,1,0,2,8,1,5,0.0
202300048388,155 594 685,A01,1,7,0,0,9,1,1,0.0
202300048389,155 594 684,A01,3,7,0,2,1,1,1,0.0
202300048389,155 594 686,B01,3,1,0,2,4,15,5,0.0
202300048390,155 594 680,A01,2,7,0,2,3,15,1,0.0
202300048390,155 594 683,B01,1,2,0,2,1,1,1,0.0
202300048391,155 594 682,A01,2,50,0,0,1,21,3,0.0
202300048392,155 594 677,A01,1,7,0,2,2,2,1,0.0
202300048392,155 594 679,B01,1,1,0,2,4,2,5,0.0
202300048393,155 594 678,B01,3,33,0,2,5,0,1,0.0
202300048393,155 594 681,A01,3,7,0,2,4,9,2,0.0
202300048394,155 594 673,A01,1,7,0,2,1,15,1,0.0
202300048394,155 594 676,B01,1,33,0,2,2,1,1,0.0
202300048395,155 594 672,A01,1,7,0,2,1,17,1,0.0
202300048395,155 594 675,B01,2,7,0,2,1,1,1,0.0
202300048396,155 594 674,A01,1,50,15,0,1,1,3,0.0
202300048397,155 594 671,A01,0,7,0,0,1,1,1,0.0
202300048398,155 594 667,A01,1,7,0,2,0,0,1,0.0
202300048398,155 594 670,B01,1,1,0,2,0,0,0,0.0
202300048399,155 594 666,A01,2,33,0,2,1,2,1,0.0
202300048399,155 594 668,B01,2,7,0,2,4,1,1,0.0