num_acc,id_vehicule,num_veh,senc,catv,obs,obsm,choc,manv,motor,occutc
202300048400,155 594 665,A01,1,80,0,2,1,1,3,0.0
202300048400,155 594 669,B01,1,7,0,2,3,1,1,0.0
202300048401,155 594 660,B01,1,40,0,2,1,1,3,0.0
202300048401,155 594 664,A01,1,7,0,4,8,15,1,0.0
202300048402,155 594 659,B01,1,7,0,0,8,1,1,0.0
202300048402,155 594 663,A01,2,10,0,0,3,9,1,0.0
202300048403,155 594 658,A01,1,7,0,2,8,20,1,0.0
202300048403,155 594 662,B01,1,10,0,2,2,1,1,0.0
202300048404,155 594 657,A01,1,2,1,0,1,16,1,0.0
202300048405,155 594 655,A01,2,33,0,2,3,11,1,0.0
202300048405,155 594 656,B01,1,7,0,2,3,1,1,0.0
202300048405,155 594 661,C01,1,7,0,2,3,1,1,0.0
202300048406,155 594 650,A01,2,37,1,2,3,17,1,1.0
202300048406,155 594 653,B01,1,7,0,2,1,1,1,0.0
202300048407,155 594 648,B01,0,33,0,2,7,1,1,0.0
202300048407,155 594 651,A01,0,10,0,2,1,10,1,0.0
202300048408,155 594 647,B01,1,33,0,2,1,1,0,0.0
202300048408,155 594 654,A01,2,7,0,2,8,1,0,0.0
202300048409,155 594 646,B01,3,1,0,2,1,1,5,0.0
202300048409,155 594 652,A01,3,7,0,2,6,9,1,0.0
202300048410,155 594 645,A01,3,7,0,2,3,9,1,0.0
202300048410,155 594 649,B01,2,30,0,2,1,1,1,0.0
202300048411,155 594 640,B01,2,50,0,2,1,1,3,0.0
202300048411,155 594 644,A01,2,7,0,2,3,9,1,0.0
202300048412,155 594 638,A01,3,7,0,1,2,16,1,0.0
202300048413,155 594 639,A01,1,33,0,2,8,0,1,0.0
202300048413,155 594 641,B01,1,7,0,2,2,0,3,0.0
202300048414,155 594 637,A01,0,10,0,2,1,2,1,0.0
202300048414,155 594 642,B01,0,7,0,2,6,1,1,0.0
202300048415,155 594 636,A01,3,7,0,2,3,16,1,0.0
202300048415,155 594 643,B01,1,1,0,2,1,1,5,0.0
202300048416,155 594 633,A01,2,33,1,1,1,0,1,0.0
202300048417,155 594 632,A01,3,3,0,2,7,1,1,0.0
202300048417,155 594 635,B01,0,1,0,2,1,25,5,0.0
202300048418,155 594 629,B01,2,7,0,2,1,1,1,0.0
202300048418,155 594 634,A01,1,7,0,2,1,13,1,0.0
202300048419,155 594 628,A01,1,7,0,2,1,13,1,0.0
202300048419,155 594 631,B01,2,1,0,2,8,1,5,0.0
202300048420,155 594 627,A01,1,33,0,4,8,15,1,0.0
202300048420,155 594 630,B01,1,40,0,2,7,1,3,0.0
202300048421,155 594 623,B01,1,10,0,2,8,2,1,0.0
202300048421,155 594 626,A01,1,33,4,2,7,2,1,0.0
202300048422,155 594 621,B01,1,7,0,2,8,15,1,0.0
202300048422,155 594 624,A01,1,33,0,2,0,17,1,0.0
202300048423,155 594 619,B01,1,2,0,2,1,9,1,0.0
202300048423,155 594 622,A01,2,7,0,2,8,1,1,0.0
202300048424,155 594 618,A01,0,7,0,2,1,1,1,0.0
202300048424,155 594 620,B01,0,2,0,2,2,1,1,0.0
202300048425,155 594 617,A01,3,30,0,0,0,0,0,0.0
202300048426,155 594 616,Z01,0,7,0,1,1,1,1,0.0
202300048427,155 594 612,B01,2,7,0,2,7,15,0,0.0
202300048427,155 594 615,A01,1,7,0,2,1,1,0,0.0
202300048428,155 594 613,A01,1,30,12,0,1,1,1,0.0
202300048429,155 594 610,A01,3,7,0,2,2,13,1,0.0
202300048429,155 594 614,B01,3,2,0,2,1,1,1,0.0
202300048430,155 594 607,A01,1,7,1,2,2,1,1,0.0
202300048430,155 594 609,B01,1,7,0,2,1,16,1,0.0
202300048431,155 594 608,A01,3,7,6,2,0,1,1,0.0
202300048431,155 594 611,B01,3,7,0,2,0,1,1,0.0
202300048432,155 594 601,B01,2,1,0,2,0,0,0,0.0
202300048432,155 594 605,A01,2,7,0,2,3,1,1,0.0
202300048433,155 594 598,A01,2,7,0,1,7,1,1,0.0
202300048434,155 594 596,A01,1,7,0,2,1,13,0,0.0
202300048434,155 594 600,B01,2,7,0,2,1,1,0,0.0
202300048434,155 594 602,C01,2,7,0,2,1,1,0,0.0
202300048434,155 594 604,D01,1,7,0,2,6,1,0,0.0
202300048435,155 594 595,A01,2,1,0,2,1,1,5,0.0
202300048435,155 594 599,B01,2,7,0,2,3,1,1,0.0
202300048436,155 594 591,B01,2,1,15,0,1,1,5,0.0
202300048436,155 594 594,A01,2,7,0,9,8,22,1,0.0
202300048437,155 594 590,A01,2,7,1,0,3,26,1,0.0
202300048437,155 594 593,M01,2,33,0,2,1,26,1,0.0
202300048438,155 594 587,A01,2,10,0,1,2,1,1,0.0
202300048439,155 594 588,B01,1,1,0,2,3,0,5,0.0
202300048439,155 594 592,A01,1,99,0,2,0,0,0,0.0
202300048440,155 594 585,A01,3,7,0,2,1,15,1,0.0
202300048440,155 594 589,B01,3,34,0,2,7,1,1,0.0
202300048441,155 594 583,A01,3,10,2,2,1,1,1,0.0
202300048441,155 594 586,B01,3,7,0,2,1,1,1,0.0
202300048442,155 594 581,A01,3,7,0,2,1,2,1,0.0
202300048442,155 594 584,B01,3,10,0,2,4,2,1,0.0
202300048443,155 594 578,A01,0,7,2,0,8,17,1,0.0
202300048444,155 594 579,A01,2,7,0,2,2,1,1,0.0
202300048444,155 594 582,B01,3,10,0,2,1,1,1,0.0
202300048445,155 594 575,A01,1,30,0,2,1,1,1,0.0
202300048445,155 594 577,B01,1,10,0,2,1,1,1,0.0
202300048446,155 594 576,A01,1,80,0,2,1,19,3,0.0
202300048446,155 594 580,B01,1,7,0,2,0,1,1,0.0
202300048447,155 594 572,A01,1,7,0,1,1,26,1,0.0
202300048448,155 594 571,A01,3,7,0,2,2,2,1,0.0
202300048448,155 594 574,B01,3,7,0,2,3,1,1,0.0
202300048449,155 594 570,A01,1,7,14,9,2,16,1,0.0
202300048449,155 594 573,B01,1,80,0,2,8,1,3,0.0
202300048450,155 594 568,A01,1,7,0,2,5,0,1,0.0
202300048450,155 594 569,B01,1,2,0,2,0,0,1,0.0
202300048451,155 594 565,A01,3,7,0,1,1,19,1,0.0
202300048452,155 594 564,B01,1,50,0,2,1,1,3,0.0
202300048452,155 594 567,A01,1,10,0,2,2,19,1,0.0
202300048453,155 594 562,A01,0,7,11,0,1,13,1,0.0
202300048454,155 594 563,B01,1,50,0,0,0,0,3,0.0
202300048454,155 594 566,A01,1,7,0,2,0,26,1,0.0
202300048455,155 594 560,A01,2,7,0,1,3,19,1,0.0
202300048456,155 594 559,B01,3,7,0,2,0,2,5,0.0
202300048456,155 594 561,A01,3,7,0,2,6,2,1,0.0
202300048457,155 594 557,A01,1,7,15,0,8,1,1,0.0
202300048458,155 594 555,A01,1,1,0,2,1,9,5,0.0
202300048458,155 594 558,B01,1,7,0,2,7,1,1,0.0
202300048459,155 594 553,A01,3,30,0,0,0,0,3,0.0
202300048460,155 594 552,A01,1,10,1,0,3,1,1,0.0
202300048461,155 594 554,B01,2,1,0,2,7,19,5,0.0
202300048461,155 594 556,A01,2,7,0,9,1,0,1,0.0
202300048462,155 594 550,A01,1,33,0,0,0,1,1,0.0
202300048463,155 594 547,A01,3,7,2,0,1,1,1,0.0
202300048464,155 594 546,B01,3,60,0,2,1,2,5,0.0
202300048464,155 594 549,A01,3,7,0,2,1,2,1,0.0
202300048465,155 594 548,A01,1,7,0,1,3,15,1,0.0
202300048466,155 594 545,A01,1,2,0,2,2,3,1,0.0
202300048466,155 594 551,B01,1,2,0,2,1,1,1,0.0
202300048467,155 594 543,A01,1,33,0,2,1,1,1,0.0
202300048468,155 594 541,B01,0,34,0,2,1,12,1,0.0
202300048468,155 594 544,A01,0,7,0,2,3,2,1,0.0
202300048469,155 594 540,A01,2,7,0,2,4,23,0,0.0
202300048469,155 594 542,B01,2,10,0,2,1,1,0,0.0
202300048470,155 594 539,A01,2,7,0,1,7,26,1,0.0
202300048471,155 594 538,A01,3,7,8,0,1,15,1,0.0
202300048472,155 594 535,A01,1,7,0,2,5,15,1,0.0
202300048472,155 594 536,B01,2,33,0,2,1,0,1,0.0
202300048473,155 594 533,B01,2,33,0,2,1,1,1,0.0
202300048473,155 594 537,A01,1,7,0,2,3,15,1,0.0
202300048474,155 594 530,A01,1,7,0,2,3,15,1,0.0
202300048474,155 594 534,B01,1,33,0,2,1,1,1,0.0
202300048475,155 594 528,A01,3,7,0,2,3,10,1,0.0
202300048475,155 594 531,B01,3,7,0,2,3,1,1,0.0
202300048476,155 594 529,A01,1,20,0,2,2,0,1,0.0
202300048476,155 594 532,B01,1,7,0,2,3,9,1,0.0
202300048477,155 594 527,A01,3,50,16,0,0,1,3,0.0
202300048478,155 594 522,A01,1,7,0,9,2,16,1,0.0
202300048478,155 594 525,B01,3,50,0,2,1,0,3,0.0
202300048479,155 594 523,A01,1,7,0,2,3,19,1,0.0
202300048479,155 594 526,B01,2,33,0,2,2,1,1,0.0
202300048480,155 594 520,A01,1,7,0,2,2,9,1,0.0
202300048480,155 594 524,B01,2,1,0,2,1,1,0,0.0
202300048481,155 594 519,A01,3,7,12,1,1,16,1,0.0
202300048482,155 594 518,B01,2,7,0,2,3,19,1,0.0
202300048482,155 594 521,A01,2,50,0,2,3,19,3,0.0
202300048483,155 594 515,A01,2,36,0,1,1,1,3,0.0
202300048484,155 594 514,A01,3,7,0,2,3,15,1,0.0
202300048484,155 594 517,B01,3,2,0,2,2,23,1,0.0
202300048485,155 594 513,A01,3,50,0,2,3,19,3,0.0
202300048485,155 594 516,B01,3,7,0,2,3,1,0,0.0
202300048486,155 594 509,A01,1,7,3,2,2,12,1,0.0
202300048486,155 594 511,B01,1,7,0,2,6,1,1,0.0
202300048487,155 594 507,A01,3,7,0,2,8,9,1,0.0
202300048487,155 594 512,B01,2,1,0,2,1,1,5,0.0
202300048488,155 594 505,B01,2,7,0,2,4,2,1,0.0
202300048488,155 594 508,A01,2,30,0,2,1,2,1,0.0
202300048489,155 594 504,A01,1,7,1,0,3,6,1,0.0
202300048490,155 594 506,A01,1,7,0,2,7,15,1,0.0
202300048490,155 594 510,B01,1,10,0,2,1,1,1,0.0
202300048491,155 594 497,A01,1,7,0,2,2,9,1,0.0
202300048491,155 594 500,B01,1,2,0,2,1,1,1,0.0
202300048492,155 594 499,A01,2,33,0,2,1,2,1,0.0
202300048492,155 594 503,B01,2,7,0,2,6,1,1,0.0
202300048493,155 594 496,A01,2,7,0,2,1,1,1,0.0
202300048493,155 594 502,B01,2,7,0,2,2,1,1,0.0
202300048494,155 594 495,A01,2,50,0,2,1,5,3,0.0
202300048494,155 594 501,B01,1,7,0,2,2,19,1,0.0
202300048495,155 594 494,A01,3,10,0,9,3,15,1,0.0
202300048495,155 594 498,B01,3,1,0,2,6,1,5,0.0
202300048496,155 594 492,A01,3,2,13,0,1,1,1,0.0
202300048497,155 594 488,A01,2,30,0,2,1,2,1,0.0
202300048497,155 594 493,B01,2,7,0,2,4,1,1,0.0
202300048498,155 594 487,B01,1,33,0,2,1,1,1,0.0
202300048498,155 594 489,A01,2,17,0,2,2,15,1,0.0
202300048499,155 594 486,A01,1,7,0,2,1,1,1,0.0
202300048499,155 594 491,B01,1,80,0,2,7,1,3,0.0
202300048500,155 594 483,C01,2,7,0,2,4,26,6,0.0
202300048500,155 594 485,B01,2,7,0,2,4,26,6,0.0
202300048500,155 594 490,A01,2,7,0,2,1,26,0,0.0
202300048501,155 594 481,A01,2,7,0,2,1,2,1,0.0
202300048501,155 594 484,B01,2,7,13,0,4,1,1,0.0
202300048502,155 594 478,B01,2,33,0,2,2,1,1,0.0
202300048502,155 594 482,A01,3,7,0,2,6,16,1,0.0
202300048503,155 594 477,B01,2,31,0,2,8,1,1,0.0
202300048503,155 594 480,A01,1,7,0,2,1,15,1,0.0
202300048504,155 594 474,B01,1,7,0,2,5,2,1,0.0
202300048504,155 594 476,A01,1,7,0,2,2,26,2,0.0
202300048505,155 594 473,B01,2,7,0,2,1,1,0,0.0
202300048505,155 594 479,A01,1,7,0,2,8,16,0,0.0
202300048506,155 594 471,A01,2,7,0,2,3,1,1,0.0
202300048506,155 594 475,B01,0,2,0,2,4,15,1,0.0
202300048507,155 594 470,A01,2,13,16,0,9,1,1,0.0
202300048508,155 594 465,Z01,0,0,0,9,0,26,0,0.0
202300048508,155 594 467,B01,0,1,0,2,0,26,5,0.0
202300048509,155 594 468,A01,1,32,0,1,1,1,1,0.0
202300048510,155 594 464,A01,1,7,0,2,3,13,1,0.0
202300048510,155 594 469,C01,2,7,0,2,3,1,1,0.0
202300048510,155 594 472,B01,2,7,5,2,8,1,1,0.0
202300048511,155 594 458,B01,2,7,0,2,8,1,1,0.0
202300048511,155 594 462,C01,2,7,0,2,8,1,1,0.0
202300048511,155 594 463,A01,1,7,7,2,3,5,0,0.0
202300048511,155 594 466,D01,2,10,0,2,8,1,1,0.0
202300048512,155 594 460,A01,1,7,2,0,1,14,1,0.0
202300048513,155 594 457,A01,2,7,0,2,4,23,1,0.0
202300048513,155 594 461,X01,2,7,0,2,1,0,1,0.0
202300048514,155 594 459,A01,2,7,0,1,1,1,1,0.0
202300048515,155 594 453,B01,3,7,0,2,1,2,1,0.0
202300048515,155 594 456,A01,3,7,0,2,4,1,1,0.0
202300048516,155 594 454,A01,3,7,0,0,0,26,1,0.0
202300048517,155 594 451,A01,1,7,0,2,1,15,1,0.0
202300048517,155 594 455,B01,2,7,0,2,1,1,1,0.0
202300048518,155 594 450,A01,0,3,2,1,1,1,1,0.0
202300048519,155 594 449,A01,1,34,0,2,2,17,1,0.0
202300048519,155 594 452,B01,1,7,0,2,3,15,1,0.0
202300048520,155 594 445,A01,1,7,0,2,3,15,1,0.0
202300048520,155 594 448,B01,2,2,0,2,3,1,1,0.0
202300048521,155 594 441,A01,2,7,0,2,1,13,1,0.0
202300048521,155 594 444,B01,2,7,0,2,1,0,1,0.0
202300048522,155 594 443,A01,1,7,0,2,5,16,1,0.0
202300048522,155 594 446,B01,1,30,0,2,1,1,1,0.0
202300048523,155 594 442,A01,2,7,6,0,1,13,1,0.0
202300048524,155 594 440,B01,1,32,0,2,8,1,1,0.0
202300048524,155 594 447,A01,1,10,0,2,1,1,1,0.0
202300048525,155 594 434,A01,2,33,0,0,7,1,1,0.0
202300048526,155 594 436,A01,1,10,0,2,3,13,1,0.0
202300048526,155 594 439,B01,2,7,0,2,3,1,1,0.0
202300048527,155 594 435,A01,3,7,0,1,2,13,1,0.0
202300048528,155 594 433,A01,1,30,0,0,6,2,1,0.0
202300048528,155 594 438,B01,1,7,0,2,2,17,1,0.0
202300048529,155 594 431,A01,2,7,0,2,8,22,0,0.0
202300048529,155 594 432,B01,2,7,0,2,1,2,0,0.0
202300048529,155 594 437,C01,2,1,0,2,2,1,5,0.0
202300048530,155 594 429,A01,3,7,9,0,1,20,2,0.0
202300048531,155 594 426,A01,1,10,0,2,1,1,1,0.0
202300048531,155 594 430,B01,1,33,0,2,3,1,1,0.0
202300048532,155 594 423,A01,3,7,0,2,1,1,1,0.0
202300048532,155 594 425,B01,3,7,0,2,4,1,0,0.0
202300048533,155 594 422,B01,2,7,0,2,7,1,1,0.0
202300048533,155 594 427,A01,2,1,0,2,1,15,5,0.0
202300048534,155 594 424,B01,1,7,0,2,3,1,1,0.0
202300048534,155 594 428,A01,2,2,0,2,2,1,1,0.0
202300048535,155 594 421,A01,0,7,0,1,1,20,1,0.0
202300048536,155 594 417,A01,1,7,9,0,2,18,1,0.0
202300048537,155 594 415,A01,2,7,0,2,1,2,1,0.0
202300048537,155 594 419,B01,2,3,0,2,4,2,1,0.0
202300048538,155 594 416,B01,2,7,0,2,4,23,2,0.0
202300048538,155 594 420,A01,2,7,0,2,1,26,1,0.0
202300048539,155 594 414,B01,2,17,0,2,3,1,1,0.0
202300048539,155 594 418,A01,1,7,0,2,3,13,1,0.0
202300048540,155 594 412,A01,1,7,13,0,3,13,1,0.0
202300048541,155 594 413,A01,1,7,7,2,1,0,1,0.0
202300048542,155 594 409,A01,2,7,2,0,2,21,1,0.0
202300048543,155 594 406,B01,3,37,0,2,5,1,1,1.0
202300048543,155 594 411,A01,3,10,0,2,1,16,1,0.0
202300048544,155 594 407,A01,1,10,0,1,2,15,1,0.0
202300048545,155 594 405,A01,1,7,0,2,3,1,1,0.0
202300048545,155 594 410,B01,2,7,0,2,3,1,1,0.0
202300048546,155 594 404,A01,1,10,1,2,1,2,1,0.0
202300048546,155 594 408,B01,1,14,0,2,4,0,1,0.0
202300048547,155 594 401,A01,1,7,13,0,1,13,1,0.0
202300048548,155 594 400,A01,2,1,0,1,1,25,5,0.0
202300048549,155 594 397,B01,2,7,0,2,4,21,1,0.0
202300048549,155 594 402,A01,1,7,0,2,1,15,1,0.0
202300048550,155 594 396,A01,3,7,0,2,3,1,1,0.0
202300048550,155 594 399,B01,3,1,0,2,1,15,5,0.0
202300048551,155 594 388,A01,3,2,0,2,1,2,1,0.0
202300048551,155 594 391,B01,3,7,0,2,4,2,1,0.0
202300048552,155 594 387,A01,1,7,0,2,1,13,1,0.0
202300048552,155 594 392,B01,2,7,0,2,1,1,1,0.0
202300048552,155 594 395,C01,2,10,0,2,3,21,1,0.0
202300048553,155 594 386,B01,3,7,0,2,8,1,1,0.0
202300048553,155 594 393,A01,3,10,0,2,2,15,3,0.0
202300048554,155 594 383,D01,1,7,0,2,0,0,1,0.0
202300048554,155 594 385,A01,1,7,0,2,0,26,1,0.0
202300048554,155 594 389,B01,2,7,0,2,3,1,1,0.0
202300048554,155 594 398,C01,2,7,0,2,0,0,1,0.0
202300048554,155 594 403,E01,1,7,0,2,1,2,1,0.0
202300048555,155 594 382,A01,3,7,0,2,1,1,1,0.0
202300048555,155 594 384,B01,3,7,0,2,4,0,1,0.0
202300048555,155 594 390,C01,3,7,0,2,4,1,1,0.0
202300048555,155 594 394,D01,3,7,0,2,4,2,1,0.0
202300048556,155 594 381,A01,2,7,0,1,1,1,1,0.0
202300048557,155 594 380,A01,1,7,2,0,1,1,1,0.0
202300048558,155 594 378,A01,3,10,0,2,2,1,1,0.0
202300048558,155 594 379,B01,1,34,0,2,1,1,1,0.0
202300048559,155 594 374,B01,3,33,0,2,8,1,1,0.0
202300048559,155 594 377,A01,3,7,0,2,1,17,1,0.0
202300048560,155 594 375,A01,0,35,1,0,1,14,1,0.0
202300048561,155 594 373,A01,1,2,0,0,1,18,1,0.0
202300048562,155 594 372,A01,1,7,0,2,2,19,2,0.0
202300048562,155 594 376,B01,1,99,0,2,3,1,1,0.0
202300048563,155 594 371,A01,1,1,0,1,4,17,5,0.0
202300048564,155 594 368,B01,2,7,0,2,4,1,1,0.0
202300048564,155 594 370,A01,2,2,0,2,2,1,1,0.0
202300048565,155 594 366,A01,3,10,0,0,0,1,1,0.0
202300048566,155 594 365,A01,3,7,1,0,1,1,1,0.0
202300048567,155 594 364,B01,1,7,0,2,8,1,1,0.0
202300048567,155 594 367,C01,1,7,0,2,3,1,1,0.0
202300048567,155 594 369,A01,0,7,0,2,1,1,1,0.0
202300048568,155 594 361,A01,3,7,0,2,3,9,1,0.0
202300048568,155 594 363,B01,3,50,0,2,7,2,3,0.0
202300048569,155 594 360,A01,1,7,2,0,3,0,1,0.0
202300048570,155 594 358,B01,1,32,0,2,1,1,1,0.0
202300048570,155 594 362,A01,1,7,0,2,1,15,1,0.0
202300048571,155 594 356,A01,1,7,0,2,1,2,1,0.0
202300048571,155 594 359,B01,1,7,0,2,4,23,1,0.0
202300048572,155 594 354,B01,1,2,1,0,2,14,1,0.0
202300048573,155 594 353,Z01,3,31,0,2,1,5,1,0.0
202300048573,155 594 357,B01,3,7,0,2,3,16,1,0.0
202300048574,155 594 351,A01,1,7,0,1,1,1,1,0.0
202300048575,155 594 352,A01,1,1,0,2,8,9,5,0.0
202300048575,155 594 355,B01,2,7,0,2,1,1,1,0.0
202300048576,155 594 349,A01,1,1,0,1,1,1,5,0.0
202300048577,155 594 348,B01,2,33,0,2,2,17,1,0.0
202300048577,155 594 350,A01,2,10,0,2,3,15,1,0.0
202300048578,155 594 346,A01,3,7,13,0,3,0,1,0.0
202300048579,155 594 345,A01,1,7,0,1,7,1,1,0.0
202300048580,155 594 344,A01,2,3,0,2,2,1,3,0.0
202300048580,155 594 347,B01,3,1,0,2,0,0,5,0.0
202300048581,155 594 342,A01,1,7,0,1,3,2,1,0.0
202300048582,155 594 341,A01,3,32,0,0,3,1,1,0.0
202300048583,155 594 340,B01,1,7,0,2,1,1,1,0.0
202300048583,155 594 343,A01,1,10,0,2,7,1,1,0.0
202300048584,155 594 337,B01,2,10,0,2,7,21,1,0.0
202300048584,155 594 338,A01,2,7,0,2,1,26,1,0.0
202300048585,155 594 335,A01,3,31,13,0,0,13,1,0.0
202300048586,155 594 331,C01,1,7,0,2,0,0,1,0.0
202300048586,155 594 334,A01,1,35,0,2,4,26,3,0.0
202300048586,155 594 336,B01,1,7,0,2,0,0,1,0.0
202300048587,155 594 330,B01,1,17,0,2,1,0,1,0.0
202300048587,155 594 333,A01,1,7,0,2,5,16,1,0.0
202300048588,155 594 332,A01,2,50,0,0,0,1,3,0.0
202300048589,155 594 329,A01,2,7,7,0,2,14,1,0.0
202300048590,155 594 328,A01,3,33,7,0,1,1,1,0.0
202300048591,155 594 326,A01,2,30,12,0,0,1,3,0.0
202300048592,155 594 327,Z01,2,7,0,1,2,16,0,0.0
202300048593,155 594 325,A01,0,33,0,0,0,26,1,0.0
202300048594,155 594 324,A01,3,7,0,1,3,1,0,0.0
202300048595,155 594 320,A01,1,7,0,1,1,1,1,0.0
202300048596,155 594 321,A01,1,33,0,0,0,1,1,0.0
202300048597,155 594 318,B01,1,1,0,0,4,2,5,0.0
202300048597,155 594 322,A01,1,7,0,9,4,9,1,0.0
202300048598,155 594 316,A01,1,7,0,2,1,2,1,0.0
202300048598,155 594 317,D01,1,7,0,0,4,1,1,0.0
202300048598,155 594 319,B01,1,7,0,2,4,2,1,0.0
202300048598,155 594 323,C01,1,10,0,2,1,2,1,0.0
202300048599,155 594 314,B01,1,1,0,2,2,1,5,0.0
202300048599,155 594 315,A01,1,7,0,2,3,11,1,0.0
202300048600,155 594 311,B01,2,30,0,2,8,1,1,0.0
202300048600,155 594 313,A01,2,7,0,2,7,17,1,0.0
202300048601,155 594 309,B01,1,31,0,2,1,3,1,0.0
202300048601,155 594 310,A01,1,7,0,2,2,12,1,0.0
202300048602,155 594 306,B01,1,7,0,2,1,1,1,0.0
202300048602,155 594 312,A01,2,7,0,2,1,13,1,0.0
202300048603,155 594 307,A01,1,7,14,0,1,1,1,0.0
202300048604,155 594 301,A01,2,33,0,2,1,2,1,0.0
202300048604,155 594 303,B01,2,7,0,2,4,23,1,0.0
202300048605,155 594 302,A01,0,7,15,0,3,1,0,0.0
202300048606,155 594 299,B01,1,7,0,2,3,1,1,0.0
202300048606,155 594 300,A01,1,31,0,2,2,17,1,0.0
202300048607,155 594 297,A01,2,37,0,2,1,1,1,6.0
202300048607,155 594 304,B01,2,37,0,2,4,23,1,24.0
202300048608,155 594 295,A01,3,7,9,0,3,1,1,0.0
202300048609,155 594 296,A01,1,7,13,0,0,14,1,0.0
202300048610,155 594 291,A01,3,33,0,2,2,17,1,0.0
202300048610,155 594 293,B01,0,7,0,2,3,15,1,0.0
202300048611,155 594 290,A01,0,7,6,0,1,1,1,0.0
202300048612,155 594 292,B01,1,33,0,2,4,16,1,0.0
202300048612,155 594 294,A01,1,7,0,2,1,1,1,0.0
202300048613,155 594 286,A01,0,2,0,2,1,13,6,0.0
202300048613,155 594 288,B01,3,2,0,2,1,0,1,0.0
202300048614,155 594 287,B01,3,7,0,2,2,1,1,0.0
202300048614,155 594 289,A01,3,33,0,2,1,15,1,0.0
202300048615,155 594 281,B01,1,34,0,2,3,0,1,0.0
202300048615,155 594 284,A01,1,7,0,2,6,10,1,0.0
202300048616,155 594 282,A01,1,7,0,2,3,17,0,0.0
202300048616,155 594 285,B01,1,7,0,2,5,2,0,0.0
202300048617,155 594 277,A01,1,7,0,2,8,9,1,0.0
202300048617,155 594 283,B01,1,30,0,2,2,1,3,0.0
202300048618,155 594 279,B01,2,33,0,0,8,21,1,0.0
202300048618,155 594 280,A01,1,7,0,2,3,15,1,0.0
202300048619,155 594 276,B01,1,37,0,2,5,21,2,1.0
202300048619,155 594 278,A01,1,50,0,2,3,13,3,0.0
202300048620,155 594 273,A01,1,7,0,2,1,2,1,0.0
202300048620,155 594 274,B01,2,33,0,2,4,2,1,0.0
202300048621,155 594 271,B01,2,33,0,0,0,0,1,0.0
202300048621,155 594 275,A01,2,7,0,0,0,13,1,0.0
202300048622,155 594 268,A01,3,30,0,2,3,15,3,0.0
202300048622,155 594 272,B01,2,34,0,2,1,1,1,0.0
202300048623,155 594 267,B01,2,30,0,2,1,1,1,0.0
202300048623,155 594 270,A01,1,7,0,2,1,15,1,0.0
202300048624,155 594 263,A01,2,7,0,5,1,2,1,0.0
202300048624,155 594 265,B01,1,7,0,2,1,2,1,0.0
202300048625,155 594 259,A01,2,7,3,2,0,2,1,0.0
202300048625,155 594 266,B01,2,10,3,2,1,2,0,0.0
202300048625,155 594 269,C01,2,7,0,9,1,2,0,0.0
202300048626,155 594 257,A01,2,15,3,2,2,12,1,0.0
202300048626,155 594 261,B01,2,10,3,2,3,1,1,0.0
202300048627,155 594 258,B01,3,7,0,2,7,1,1,0.0
202300048627,155 594 264,A01,3,1,0,2,1,25,5,0.0
202300048628,155 594 256,A01,2,7,0,1,1,1,0,0.0
202300048629,155 594 260,A01,2,7,1,0,5,22,2,0.0
202300048629,155 594 262,B01,1,33,1,0,1,18,1,0.0
202300048630,155 594 253,A01,3,7,1,0,2,1,1,0.0
202300048631,155 594 254,A01,1,7,0,2,1,1,1,0.0
202300048631,155 594 255,B01,1,7,0,2,4,1,1,0.0
202300048632,155 594 252,A01,1,50,2,1,5,21,3,0.0
202300048633,155 594 251,A01,2,10,0,1,4,25,1,0.0
202300048634,155 594 246,A01,1,50,0,1,1,1,3,0.0
202300048635,155 594 247,A01,1,7,0,2,3,13,0,0.0
202300048635,155 594 250,B01,2,15,0,2,8,1,0,0.0
202300048636,155 594 245,B01,1,30,0,2,1,17,1,0.0
202300048636,155 594 248,A01,1,7,0,2,1,9,1,0.0
202300048637,155 594 239,D01,1,7,0,2,4,1,1,0.0
202300048637,155 594 243,C01,1,7,0,2,4,1,1,0.0
202300048637,155 594 244,A01,1,7,0,2,3,21,2,0.0
202300048637,155 594 249,B01,1,7,0,2,5,1,1,0.0
202300048638,155 594 240,A01,0,3,2,0,1,26,1,0.0
202300048639,155 594 238,B01,1,50,0,2,1,2,3,0.0
202300048639,155 594 242,A01,1,1,0,2,4,23,5,0.0
202300048640,155 594 237,A01,2,7,0,2,2,13,1,0.0
202300048640,155 594 241,B01,1,7,0,2,2,21,1,0.0
202300048641,155 594 235,A01,2,7,1,0,2,2,1,0.0
202300048642,155 594 233,A01,1,31,0,1,2,17,1,0.0
202300048643,155 594 231,A01,1,33,0,2,1,2,1,0.0
202300048643,155 594 234,B01,1,10,0,2,4,2,1,0.0
202300048644,155 594 230,B01,2,7,0,2,6,23,1,0.0
202300048644,155 594 232,C01,2,7,0,2,5,2,1,0.0
202300048644,155 594 236,A01,2,33,0,2,1,1,1,0.0
202300048645,155 594 229,A01,1,7,2,0,1,1,1,0.0
202300048646,155 594 228,A01,1,30,12,0,1,13,1,0.0
202300048647,155 594 224,A01,2,7,0,2,7,15,1,0.0
202300048647,155 594 227,B01,1,1,0,2,1,1,5,0.0
202300048648,155 594 225,A01,2,32,0,1,1,1,0,0.0
202300048649,155 594 222,A01,1,33,0,2,1,2,1,0.0