num_acc,id_vehicule,num_veh,senc,catv,obs,obsm,choc,manv,motor,occutc
202300049696,155 592 405,B01,2,7,0,0,6,1,1,0.0
202300049696,155 592 410,A01,2,17,0,2,2,1,1,0.0
202300049697,155 592 402,A01,1,7,1,0,2,13,1,0.0
202300049698,155 592 396,A01,1,7,0,2,3,1,1,0.0
202300049698,155 592 401,B01,2,2,0,2,1,1,1,0.0
202300049699,155 592 397,A01,2,33,0,2,1,17,1,0.0
202300049699,155 592 400,B01,1,7,0,2,1,1,1,0.0
202300049700,155 592 395,C01,1,7,0,2,4,1,1,0.0
202300049700,155 592 399,A01,1,7,0,2,1,2,1,0.0
202300049700,155 592 403,B01,1,7,0,2,1,2,1,0.0
202300049701,155 592 394,A01,1,1,0,2,2,5,5,0.0
202300049701,155 592 398,B01,1,7,0,9,2,1,0,0.0
202300049702,155 592 393,A01,2,31,6,0,1,2,1,0.0
202300049703,155 592 389,A01,3,10,0,2,1,1,1,0.0
202300049703,155 592 391,B01,2,7,0,2,1,1,1,0.0
202300049704,155 592 386,A01,1,7,13,0,1,13,1,0.0
202300049705,155 592 388,A01,2,7,0,2,2,16,1,0.0
202300049705,155 592 392,B01,2,33,0,2,3,1,1,0.0
202300049706,155 592 385,A01,1,7,0,2,8,15,1,0.0
202300049706,155 592 390,B01,1,32,0,2,3,1,1,0.0
202300049707,155 592 383,A01,2,10,0,2,5,17,1,0.0
202300049707,155 592 387,B01,2,30,0,2,1,1,1,0.0
202300049708,155 592 381,A01,2,7,0,1,2,1,1,0.0
202300049709,155 592 382,B01,1,33,0,2,8,9,1,0.0
202300049709,155 592 384,A01,1,7,0,2,5,1,1,0.0
202300049710,155 592 375,A01,3,33,0,0,7,14,1,0.0
202300049711,155 592 376,A01,1,33,12,0,7,13,1,0.0
202300049712,155 592 373,A01,3,7,0,2,1,2,1,0.0
202300049712,155 592 378,B01,3,7,0,2,4,2,1,0.0
202300049713,155 592 374,A01,1,7,0,2,3,10,1,0.0
202300049713,155 592 379,B01,1,2,0,2,7,1,1,0.0
202300049714,155 592 371,A01,2,33,12,0,8,16,1,0.0
202300049715,155 592 368,A01,1,7,4,0,1,26,1,0.0
202300049716,155 592 366,A01,1,7,8,0,9,0,1,0.0
202300049717,155 592 370,A01,2,7,0,2,4,11,1,0.0
202300049717,155 592 372,B01,2,15,0,0,4,1,1,0.0
202300049718,155 592 365,B01,2,7,0,2,6,1,1,0.0
202300049718,155 592 369,A01,2,7,0,2,2,17,1,0.0
202300049719,155 592 364,A01,2,7,0,2,1,15,1,0.0
202300049719,155 592 367,B01,1,43,0,2,8,1,1,0.0
202300049720,155 592 361,A01,2,33,14,0,1,0,1,0.0
202300049721,155 592 359,B01,1,50,0,2,6,17,3,0.0
202300049721,155 592 362,A01,1,33,0,2,3,15,1,0.0
202300049722,155 592 360,B01,1,32,0,2,4,23,1,0.0
202300049722,155 592 363,A01,1,7,14,2,1,2,1,0.0
202300049723,155 592 356,A01,1,10,3,0,9,13,1,0.0
202300049724,155 592 355,B01,1,30,0,2,8,1,1,0.0
202300049724,155 592 358,Z01,1,7,0,2,7,17,1,0.0
202300049725,155 592 357,A01,2,7,3,0,9,14,1,0.0
202300049726,155 592 353,A01,2,7,0,1,2,1,1,0.0
202300049727,155 592 347,B01,3,0,0,0,0,0,0,0.0
202300049727,155 592 352,A01,3,50,0,0,0,0,3,0.0
202300049728,155 592 343,B01,1,7,0,2,1,1,0,0.0
202300049728,155 592 350,A01,1,50,0,2,1,1,3,0.0
202300049729,155 592 344,B01,1,31,0,2,1,17,1,0.0
202300049729,155 592 349,A01,1,7,0,0,6,23,1,0.0
202300049730,155 592 345,A01,1,7,2,0,3,0,0,0.0
202300049731,155 592 342,A01,2,7,0,2,3,15,1,0.0
202300049731,155 592 348,B01,2,33,0,2,1,1,1,0.0
202300049732,155 592 339,A01,1,1,13,0,0,1,5,0.0
202300049733,155 592 337,A01,2,1,0,2,8,1,5,0.0
202300049733,155 592 341,B01,1,7,0,9,8,1,1,0.0
202300049734,155 592 336,A01,1,7,0,1,2,1,1,0.0
202300049735,155 592 333,A01,1,7,0,2,3,1,1,0.0
202300049735,155 592 338,B01,1,2,0,2,1,1,1,0.0
202300049736,155 592 334,A01,1,7,0,1,2,14,1,0.0
202300049737,155 592 335,Y01,3,50,0,2,0,16,3,0.0
202300049737,155 592 340,Z01,0,7,0,2,0,10,0,0.0
202300049738,155 592 331,A01,1,50,12,0,1,1,3,0.0
202300049739,155 592 328,B01,2,7,0,2,3,1,0,0.0
202300049739,155 592 332,A01,1,7,0,2,3,13,0,0.0
202300049740,155 592 329,A01,2,1,0,0,8,15,5,0.0
202300049741,155 592 327,A01,1,7,0,2,3,1,1,0.0
202300049741,155 592 330,B01,2,7,0,2,8,9,1,0.0
202300049742,155 592 322,B01,3,2,0,2,2,1,1,0.0
202300049742,155 592 325,A01,3,7,0,2,3,9,1,0.0
202300049743,155 592 324,A01,1,7,0,1,2,1,1,0.0
202300049744,155 592 319,A01,2,7,8,0,9,1,1,0.0
202300049745,155 592 317,A01,3,7,13,0,0,1,1,0.0
202300049746,155 592 320,B01,0,7,0,0,3,11,1,0.0
202300049746,155 592 323,A01,0,2,6,0,1,1,1,0.0
202300049747,155 592 318,A01,3,1,0,2,0,1,5,0.0
202300049747,155 592 321,Z01,3,33,0,2,0,1,1,0.0
202300049748,155 592 315,B01,0,3,0,2,1,1,1,0.0
202300049748,155 592 316,A01,2,7,0,2,1,5,1,0.0
202300049749,155 592 313,A01,0,33,2,0,1,2,1,0.0
202300049750,155 592 310,A01,1,7,12,0,3,13,1,0.0
202300049751,155 592 309,B01,3,7,0,2,7,19,1,0.0
202300049751,155 592 314,A01,3,7,0,2,1,19,2,0.0
202300049752,155 592 303,A01,2,7,0,2,1,2,1,0.0
202300049752,155 592 306,B01,2,7,0,2,4,2,1,0.0
202300049753,155 592 304,B01,1,7,0,2,3,1,1,0.0
202300049753,155 592 311,A01,2,7,0,2,3,15,1,0.0
202300049754,155 592 305,A01,3,7,0,2,7,17,3,0.0
202300049754,155 592 308,B01,3,1,0,2,8,15,5,0.0
202300049755,155 592 307,A01,3,7,0,2,7,26,1,0.0
202300049755,155 592 312,B01,3,7,6,2,8,1,2,0.0
202300049756,155 592 301,A01,1,3,8,0,1,1,1,0.0
202300049757,155 592 298,A01,2,7,1,0,2,1,1,0.0
202300049757,155 592 300,B01,2,14,0,2,6,24,1,0.0
202300049758,155 592 297,A01,1,7,0,2,4,10,0,0.0
202300049758,155 592 302,B01,1,7,0,2,2,1,2,0.0
202300049759,155 592 296,A01,1,7,0,2,1,1,1,0.0
202300049759,155 592 299,B01,2,7,0,2,1,1,1,0.0
202300049760,155 592 291,A01,1,7,0,2,3,15,1,0.0
202300049760,155 592 295,B01,1,2,12,2,7,1,1,0.0
202300049761,155 592 289,A01,0,7,15,0,1,2,2,0.0
202300049761,155 592 294,B01,0,7,0,0,8,9,1,0.0
202300049762,155 592 287,B01,1,1,1,0,1,1,5,0.0
202300049762,155 592 292,A01,1,7,0,2,3,22,1,0.0
202300049763,155 592 285,A01,0,7,0,2,3,17,0,0.0
202300049763,155 592 288,B01,0,2,0,2,1,1,1,0.0
202300049764,155 592 281,A01,2,7,0,9,2,21,1,0.0
202300049764,155 592 286,B01,2,1,0,2,8,2,5,0.0
202300049765,155 592 280,B01,1,10,0,2,3,1,1,0.0
202300049765,155 592 284,A01,2,7,0,2,1,5,1,0.0
202300049766,155 592 279,A01,1,7,16,2,8,11,1,0.0
202300049766,155 592 283,B01,1,7,0,2,1,1,1,0.0
202300049767,155 592 278,A01,1,7,1,0,1,1,1,0.0
202300049768,155 592 272,A01,2,7,0,0,6,23,1,0.0
202300049768,155 592 275,B01,2,10,0,2,2,21,1,0.0
202300049768,155 592 277,C01,2,7,4,2,7,1,1,0.0
202300049769,155 592 269,A01,2,7,0,1,2,1,1,0.0
202300049770,155 592 270,A01,2,10,0,2,2,15,1,0.0
202300049770,155 592 273,B01,2,80,0,2,1,1,3,0.0
202300049771,155 592 268,A01,3,7,0,2,3,1,1,0.0
202300049771,155 592 276,B01,3,7,0,2,3,15,1,0.0
202300049772,155 592 267,A01,1,7,0,1,2,1,1,0.0
202300049773,155 592 266,A01,2,7,4,0,8,13,1,0.0
202300049774,155 592 260,B01,3,7,0,2,1,20,2,0.0
202300049774,155 592 265,A01,0,2,0,2,1,1,1,0.0
202300049775,155 592 259,A01,3,7,0,2,1,9,1,0.0
202300049775,155 592 261,B01,3,31,0,2,2,1,1,0.0
202300049776,155 592 257,B01,3,1,0,0,0,0,5,0.0
202300049776,155 592 263,A01,1,7,0,9,3,9,1,0.0
202300049777,155 592 258,A01,3,7,16,0,4,23,0,0.0
202300049777,155 592 264,B01,3,10,0,2,1,2,1,0.0
202300049778,155 592 255,A01,1,7,9,0,1,0,1,0.0
202300049779,155 592 254,A01,2,7,0,2,1,13,1,0.0
202300049779,155 592 256,C01,1,7,0,2,1,1,2,0.0
202300049779,155 592 262,B01,1,7,0,2,1,1,1,0.0
202300049780,155 592 247,A01,1,10,0,1,5,5,1,0.0
202300049781,155 592 251,A01,1,1,0,2,8,15,5,0.0
202300049781,155 592 253,B01,1,7,0,9,2,17,1,0.0
202300049782,155 592 246,B01,1,33,0,2,1,1,1,0.0
202300049782,155 592 252,A01,1,7,0,2,7,1,1,0.0
202300049783,155 592 244,A01,2,7,0,2,2,0,1,0.0
202300049783,155 592 250,B01,2,10,0,2,2,2,1,0.0
202300049784,155 592 242,A01,3,7,0,1,1,1,1,0.0
202300049785,155 592 241,A01,1,7,0,1,7,19,1,0.0
202300049786,155 592 240,C01,1,7,0,2,1,1,1,0.0
202300049786,155 592 245,B01,0,7,0,2,1,1,1,0.0
202300049786,155 592 249,A01,2,10,0,2,3,1,1,0.0
202300049787,155 592 239,A01,1,7,2,0,7,13,1,0.0
202300049788,155 592 236,A01,2,2,0,0,0,1,1,0.0
202300049789,155 592 234,A01,2,7,0,2,1,13,1,0.0
202300049789,155 592 238,B01,1,7,0,2,1,1,1,0.0
202300049790,155 592 232,B01,3,7,-1,-1,-1,-1,-1,0.0
202300049790,155 592 237,A01,3,7,-1,-1,-1,0,-1,0.0
202300049791,155 592 229,A01,1,7,0,2,1,2,0,0.0
202300049791,155 592 231,B01,2,7,0,2,3,1,0,0.0
202300049791,155 592 235,C01,1,7,0,2,4,24,0,0.0
202300049792,155 592 227,A01,3,7,0,2,3,23,1,0.0
202300049792,155 592 233,B01,1,1,0,2,3,1,5,0.0
202300049793,155 592 225,A01,2,7,0,2,4,1,1,0.0
202300049793,155 592 230,B01,2,10,0,2,2,1,1,0.0
202300049794,155 592 226,A01,1,31,2,0,1,14,1,0.0
202300049795,155 592 222,A01,1,7,0,2,8,11,1,0.0
202300049795,155 592 224,C01,2,7,0,2,1,1,1,0.0
202300049795,155 592 228,B01,1,7,0,2,7,6,1,0.0
202300049796,155 592 221,A01,0,2,6,0,1,1,1,0.0
202300049797,155 592 219,A01,1,33,0,0,0,0,1,0.0
202300049798,155 592 218,A01,1,7,0,2,8,1,1,0.0
202300049798,155 592 223,B01,1,7,0,2,3,1,1,0.0
202300049799,155 592 211,B01,2,33,0,2,3,2,1,0.0
202300049799,155 592 215,D01,2,7,0,2,5,2,1,0.0
202300049799,155 592 217,Z01,2,7,0,2,3,0,0,0.0
202300049799,155 592 220,C01,2,7,0,2,3,2,1,0.0
202300049800,155 592 210,A01,3,7,0,1,2,1,1,0.0
202300049801,155 592 212,A01,0,30,0,2,3,26,1,0.0
202300049801,155 592 216,B01,0,7,0,9,5,2,1,0.0
202300049802,155 592 208,A01,1,7,6,2,1,1,1,0.0
202300049802,155 592 214,B01,2,7,3,2,1,1,1,0.0
202300049803,155 592 207,A01,3,7,0,2,3,9,0,0.0
202300049803,155 592 209,B01,3,50,0,2,4,16,3,0.0
202300049804,155 592 205,A01,1,7,3,0,1,11,1,0.0
202300049805,155 592 206,A01,3,7,0,2,1,26,3,0.0
202300049805,155 592 213,B01,3,7,0,2,2,1,1,0.0
202300049806,155 592 204,A01,3,7,2,0,8,1,1,0.0
202300049807,155 592 203,A01,0,2,0,6,0,1,0,0.0
202300049808,155 592 198,A01,2,10,0,0,9,0,1,0.0
202300049809,155 592 202,A01,1,30,8,0,2,1,1,0.0
202300049810,155 592 196,A01,2,10,1,0,2,14,1,0.0
202300049810,155 592 200,B01,3,7,1,0,6,24,1,0.0
202300049811,155 592 194,C01,1,10,0,2,4,1,1,0.0
202300049811,155 592 195,B01,1,7,0,2,1,1,1,0.0
202300049811,155 592 197,A01,1,7,0,2,1,2,1,0.0
202300049811,155 592 201,D01,1,10,0,2,4,1,1,0.0
202300049812,155 592 193,A01,3,7,13,0,9,1,1,0.0
202300049813,155 592 188,A01,1,7,0,9,1,1,1,0.0
202300049813,155 592 191,B01,1,1,0,2,7,19,5,0.0
202300049814,155 592 189,A01,3,7,16,2,1,13,1,0.0
202300049814,155 592 199,B01,3,7,0,2,0,1,1,0.0
202300049815,155 592 187,A01,1,33,12,0,2,16,1,0.0
202300049816,155 592 186,A01,1,7,14,2,3,13,1,0.0
202300049816,155 592 192,B01,1,34,14,2,2,2,1,0.0
202300049817,155 592 185,B01,3,7,0,2,3,0,1,0.0
202300049817,155 592 190,A01,3,7,0,2,1,1,1,0.0
202300049818,155 592 184,A01,-1,2,16,0,8,1,0,0.0
202300049819,155 592 183,A01,3,7,0,1,1,1,1,0.0
202300049820,155 592 179,B01,1,31,0,2,7,1,1,0.0
202300049820,155 592 182,A01,1,7,0,2,3,11,1,0.0
202300049821,155 592 175,B01,3,10,0,2,2,1,1,0.0
202300049821,155 592 181,A01,3,7,0,2,5,15,1,0.0
202300049822,155 592 177,B01,2,7,0,2,1,2,1,0.0
202300049822,155 592 180,A01,2,7,0,2,4,23,1,0.0
202300049823,155 592 173,A01,1,7,0,1,1,9,1,0.0
202300049824,155 592 171,A01,1,7,9,1,2,14,1,0.0
202300049825,155 592 172,T01,2,10,0,2,0,1,1,0.0
202300049825,155 592 174,B01,2,33,0,2,1,11,1,0.0
202300049825,155 592 178,A01,1,7,0,2,8,15,1,0.0
202300049826,155 592 166,A01,1,7,0,2,1,1,1,0.0
202300049826,155 592 170,B01,1,33,0,2,4,1,1,0.0
202300049827,155 592 162,A01,1,7,0,2,3,19,1,0.0
202300049827,155 592 167,B01,2,7,0,2,3,1,1,0.0
202300049828,155 592 160,B01,2,7,0,2,4,23,1,0.0
202300049828,155 592 165,A01,2,7,0,2,1,2,1,0.0
202300049829,155 592 159,C01,1,7,0,0,4,2,1,0.0
202300049829,155 592 161,A01,1,14,0,2,1,2,1,0.0
202300049829,155 592 168,B01,1,7,0,2,4,2,1,0.0
202300049830,155 592 164,A01,2,33,0,2,3,1,1,0.0
202300049830,155 592 169,B01,2,10,0,2,2,12,1,0.0
202300049831,155 592 157,B01,3,7,0,2,7,1,1,0.0
202300049831,155 592 163,A01,2,7,0,2,3,9,1,0.0
202300049832,155 592 155,A01,2,33,0,2,3,21,1,0.0
202300049832,155 592 158,B01,1,1,0,2,1,2,5,0.0
202300049833,155 592 150,A01,1,7,0,2,1,1,1,0.0
202300049833,155 592 154,B01,1,7,0,1,4,1,1,0.0
202300049834,155 592 148,A01,1,7,0,2,0,9,0,0.0
202300049834,155 592 152,B01,1,2,0,2,6,9,1,0.0
202300049835,155 592 147,A01,1,7,13,0,2,21,1,0.0
202300049836,155 592 149,A01,2,7,4,2,7,1,1,0.0
202300049836,155 592 153,Z01,2,7,0,2,8,0,0,0.0
202300049837,155 592 145,A01,3,7,0,9,1,1,1,0.0
202300049837,155 592 146,B01,3,50,0,2,0,0,3,0.0
202300049838,155 592 144,A01,2,7,0,1,1,1,1,0.0
202300049839,155 592 140,A01,1,50,0,2,0,0,3,0.0
202300049839,155 592 143,Z01,3,7,0,2,0,0,0,0.0
202300049840,155 592 137,A01,2,7,0,2,1,2,1,0.0
202300049840,155 592 141,B01,2,10,0,2,4,1,1,0.0
202300049841,155 592 136,A01,3,7,0,9,1,1,0,0.0
202300049841,155 592 142,B01,3,50,0,2,1,19,5,0.0
202300049842,155 592 133,A01,1,14,0,2,3,1,1,0.0
202300049842,155 592 139,B01,2,7,0,2,8,15,1,0.0
202300049843,155 592 131,A01,2,7,0,1,2,2,1,0.0
202300049844,155 592 130,A01,1,7,0,2,1,2,2,0.0
202300049844,155 592 135,B01,1,7,0,2,4,1,1,0.0
202300049844,155 592 138,C01,1,7,0,2,5,1,1,0.0
202300049845,155 592 129,A01,2,7,0,2,1,10,1,0.0
202300049845,155 592 134,B01,2,1,0,2,7,1,5,0.0
202300049846,155 592 128,A01,1,7,0,1,5,1,0,0.0
202300049847,155 592 127,A01,1,7,0,2,3,13,0,0.0
202300049847,155 592 132,B01,2,7,0,2,3,1,0,0.0
202300049848,155 592 123,B01,3,7,0,2,1,1,0,0.0
202300049848,155 592 126,A01,3,10,0,2,1,15,0,0.0
202300049849,155 592 121,A01,1,7,0,1,2,9,1,0.0
202300049850,155 592 119,A01,3,10,0,2,3,16,1,0.0
202300049850,155 592 125,B01,0,7,0,2,1,1,0,0.0
202300049851,155 592 118,B01,2,50,0,2,6,23,3,0.0
202300049851,155 592 122,A01,2,7,1,2,6,15,1,0.0
202300049852,155 592 115,A01,3,7,0,1,0,26,1,0.0
202300049853,155 592 114,A01,2,7,3,0,7,0,1,0.0
202300049854,155 592 112,A01,1,7,2,0,2,1,1,0.0
202300049855,155 592 110,B01,1,7,0,2,8,16,1,0.0
202300049855,155 592 116,A01,1,31,0,2,1,17,1,0.0
202300049855,155 592 120,C01,1,7,0,2,0,1,1,0.0
202300049856,155 592 108,A01,1,7,0,2,0,26,0,0.0
202300049856,155 592 111,B01,1,31,0,2,0,0,0,0.0
202300049857,155 592 109,A01,2,7,0,2,1,2,1,0.0
202300049857,155 592 113,B01,2,7,0,2,4,2,1,0.0
202300049857,155 592 117,C01,2,7,0,2,5,2,1,0.0
202300049857,155 592 124,D01,2,7,0,2,4,2,1,0.0
202300049858,155 592 106,A01,2,7,8,0,1,1,1,0.0
202300049859,155 592 103,B01,3,99,0,2,1,26,5,0.0
202300049859,155 592 105,A01,3,7,0,2,3,20,1,0.0
202300049860,155 592 102,A01,2,33,6,0,2,14,1,0.0
202300049861,155 592 099,A01,1,7,0,1,1,15,1,0.0
202300049862,155 592 098,A01,3,7,0,1,1,2,1,0.0
202300049863,155 592 101,A01,1,7,2,0,1,21,1,0.0
202300049864,155 592 096,A01,1,2,0,0,2,1,1,0.0
202300049865,155 592 097,A01,1,34,0,0,0,13,1,0.0
202300049866,155 592 094,B01,2,7,0,2,8,1,1,0.0
202300049866,155 592 100,A01,2,17,0,2,7,12,1,0.0
202300049867,155 592 092,A01,2,7,0,2,1,1,1,0.0
202300049867,155 592 095,B01,2,7,0,2,4,2,1,0.0
202300049868,155 592 091,A01,1,13,0,2,2,9,1,0.0
202300049868,155 592 093,B01,1,33,0,2,4,1,1,0.0
202300049869,155 592 089,A01,2,7,13,0,1,1,1,0.0
202300049870,155 592 087,A01,3,10,0,1,4,20,1,0.0
202300049871,155 592 078,B01,2,7,0,2,3,0,1,0.0
202300049871,155 592 090,A01,1,7,0,2,3,13,1,0.0
202300049872,155 592 076,A01,2,7,0,2,1,13,1,0.0
202300049872,155 592 080,B01,1,7,0,2,1,1,1,0.0
202300049873,155 592 077,A01,2,10,0,2,2,16,1,0.0
202300049873,155 592 082,B01,2,1,0,2,8,1,5,0.0
202300049874,155 592 075,C01,2,17,0,2,6,1,1,0.0
202300049874,155 592 081,B01,2,7,0,2,8,1,1,0.0
202300049874,155 592 086,A01,2,7,0,2,2,2,1,0.0
202300049875,155 592 074,C01,2,7,0,2,1,1,1,0.0
202300049875,155 592 083,D01,1,10,0,2,1,1,1,0.0
202300049875,155 592 085,A01,2,7,0,2,1,13,1,0.0
202300049875,155 592 088,B01,1,14,0,2,1,1,1,0.0
202300049876,155 592 073,A01,1,7,0,1,3,9,1,0.0
202300049877,155 592 079,A01,3,7,0,2,1,1,1,0.0
202300049877,155 592 084,B01,3,50,0,2,3,1,3,0.0
202300049878,155 592 070,A01,2,7,0,1,2,1,1,0.0
202300049879,155 592 071,A01,1,7,4,0,0,0,1,0.0
202300049880,155 592 069,A01,1,33,8,0,1,14,1,0.0
202300049881,155 592 066,A01,3,7,0,9,7,1,1,0.0
202300049881,155 592 072,B01,3,1,0,2,1,1,5,0.0
202300049882,155 592 065,B01,2,50,0,2,1,2,3,0.0
202300049882,155 592 068,A01,3,10,0,2,1,26,1,0.0
202300049883,155 592 064,A01,1,7,10,2,3,1,1,0.0
202300049883,155 592 067,B01,2,7,0,2,3,1,1,0.0
202300049884,155 592 061,A01,2,31,0,2,7,17,1,0.0
202300049884,155 592 063,B01,2,7,0,2,8,0,1,0.0
202300049885,155 592 059,A01,1,7,0,2,2,17,1,0.0
202300049885,155 592 062,B01,1,7,0,2,6,1,1,0.0
202300049886,155 592 052,A01,2,7,0,1,1,1,1,0.0
202300049887,155 592 055,B01,2,33,0,2,0,3,1,0.0
202300049887,155 592 057,A01,2,10,0,2,4,12,1,0.0
202300049888,155 592 054,A01,3,7,0,2,2,15,1,0.0
202300049888,155 592 060,B01,3,30,0,2,1,1,1,0.0
202300049889,155 592 053,A01,3,10,0,2,0,0,0,0.0
202300049889,155 592 058,B01,3,33,0,2,2,0,3,0.0
202300049890,155 592 050,A01,0,7,0,1,1,1,1,0.0
202300049891,155 592 049,A01,1,7,0,2,3,15,1,0.0
202300049891,155 592 051,B01,2,33,0,2,1,17,1,0.0
202300049892,155 592 048,A01,2,7,0,2,2,1,0,0.0
202300049892,155 592 056,B01,1,7,0,2,3,1,0,0.0
202300049893,155 592 047,A01,2,7,3,0,1,14,1,0.0
202300049894,155 592 046,A01,1,7,2,0,1,0,0,0.0
202300049895,155 592 044,A01,3,7,0,0,9,0,1,0.0
202300049896,155 592 043,A01,2,7,13,0,0,26,0,0.0
202300049897,155 592 042,Z01,1,7,0,2,1,0,1,0.0
202300049897,155 592 045,A01,1,7,0,2,4,1,1,0.0
202300049898,155 592 038,A01,1,7,0,2,2,9,1,0.0
202300049898,155 592 040,B01,1,7,0,2,8,1,1,0.0
202300049899,155 592 037,B01,0,7,0,2,1,1,0,0.0
202300049899,155 592 041,A01,0,7,0,2,2,16,1,0.0
202300049900,155 592 035,A01,1,7,8,0,1,1,1,0.0
202300049901,155 592 034,A01,2,7,0,0,5,2,1,0.0
202300049901,155 592 039,B01,2,33,0,2,1,2,1,0.0
202300049902,155 592 033,B01,3,33,0,2,3,1,1,0.0
202300049902,155 592 036,A01,3,7,0,2,5,15,1,0.0
202300049903,155 592 032,A01,2,34,0,1,1,1,1,0.0
202300049904,155 592 029,A01,3,7,0,9,9,0,1,0.0
202300049905,155 592 027,A01,1,7,1,0,2,14,1,0.0
202300049906,155 592 028,A01,1,7,4,2,1,1,1,0.0
202300049906,155 592 031,B01,1,7,0,2,4,2,1,0.0
202300049907,155 592 026,A01,2,7,3,0,5,2,0,0.0
202300049908,155 592 025,A01,0,10,0,2,1,1,1,0.0
202300049908,155 592 030,B01,1,1,0,2,1,1,5,0.0
202300049909,155 592 022,A01,1,33,4,0,0,13,1,0.0
202300049910,155 592 020,A01,1,7,0,2,1,5,1,0.0
202300049910,155 592 023,B01,2,10,0,2,1,1,1,0.0
202300049911,155 592 017,A01,1,50,0,2,2,1,3,0.0
202300049911,155 592 024,B01,2,37,0,2,3,15,3,1.0
202300049912,155 592 016,A01,1,7,0,2,1,1,1,0.0
202300049912,155 592 021,B01,2,10,0,2,3,0,1,0.0
202300049913,155 592 015,B01,0,7,0,2,0,0,1,0.0
202300049913,155 592 019,A01,0,7,1,0,0,26,0,0.0
202300049914,155 592 014,A01,3,14,0,0,7,15,0,0.0
202300049915,155 592 013,A01,2,7,0,2,7,12,1,0.0
202300049915,155 592 018,B01,2,31,0,2,8,1,1,0.0
202300049916,155 592 011,A01,1,33,12,0,8,1,1,0.0
202300049917,155 592 006,A01,3,10,0,2,1,2,0,0.0
202300049917,155 592 010,B01,1,2,0,2,4,2,1,0.0
202300049918,155 592 009,A01,2,7,0,2,8,15,1,0.0
202300049918,155 592 012,B01,2,7,2,2,7,17,1,0.0
202300049919,155 592 003,A01,3,7,0,2,3,15,1,0.0
202300049919,155 592 007,B01,3,99,0,2,1,1,0,0.0
202300049920,155 592 002,A01,1,7,0,9,9,1,1,0.0
202300049921,155 592 001,A01,2,7,0,2,1,15,1,0.0
202300049921,155 592 008,B01,1,1,0,2,0,19,5,0.0
202300049922,155 591 999,A01,0,33,0,2,7,26,1,0.0
202300049922,155 592 005,B01,0,7,0,2,4,1,1,0.0
202300049923,155 591 996,A01,1,7,0,1,1,1,1,0.0
202300049924,155 591 994,B01,0,80,0,2,0,12,3,0.0
202300049924,155 591 998,A01,0,7,0,9,6,16,3,0.0
202300049925,155 591 993,A01,1,7,10,0,4,4,1,0.0
202300049926,155 591 992,A01,2,7,0,2,3,23,2,0.0
202300049926,155 591 997,B01,2,7,1,0,2,1,1,0.0
202300049927,155 591 991,B01,1,7,0,2,8,1,1,0.0
202300049927,155 592 000,A01,3,7,0,2,1,15,1,0.0
202300049928,155 591 988,A01,2,7,2,0,1,19,2,0.0
202300049929,155 591 987,C01,2,7,0,2,3,1,1,0.0
202300049929,155 591 990,B01,2,33,0,2,8,3,1,0.0
202300049929,155 591 995,A01,2,7,0,2,2,12,1,0.0
202300049930,155 591 984,B01,2,1,0,2,0,21,0,0.0
202300049930,155 591 989,A01,3,7,0,2,0,1,0,0.0
202300049931,155 591 986,A01,2,7,12,0,1,14,1,0.0
202300049932,155 591 981,A01,1,7,2,0,9,1,1,0.0
202300049932,155 591 985,B01,1,13,0,0,0,1,1,0.0
202300049933,155 591 980,A01,1,7,0,2,1,16,1,0.0
202300049934,155 591 975,A01,3,7,8,0,0,21,1,0.0
202300049935,155 591 979,A01,2,10,0,2,1,2,1,0.0
202300049935,155 591 983,B01,2,15,0,0,4,2,1,0.0
202300049936,155 591 976,A01,2,7,3,0,2,1,1,0.0
202300049937,155 591 973,A01,1,7,0,2,2,1,1,0.0
202300049937,155 591 977,C01,1,7,0,2,6,1,1,0.0
202300049937,155 591 982,B01,1,7,0,2,6,12,1,0.0
202300049938,155 591 970,B01,3,7,0,2,4,16,1,0.0
202300049938,155 591 974,A01,2,7,0,2,1,1,1,0.0
202300049939,155 591 968,A01,2,10,0,1,3,15,1,0.0
202300049940,155 591 966,B01,1,7,0,2,3,15,2,0.0
202300049940,155 591 971,A01,1,7,0,2,9,17,1,0.0
202300049941,155 591 965,A01,2,7,4,0,1,2,1,0.0
202300049942,155 591 963,B01,3,31,0,2,2,17,1,0.0
202300049942,155 591 969,A01,3,7,0,2,3,15,1,0.0
202300049943,155 591 962,A01,3,7,0,1,7,2,1,0.0
202300049944,155 591 961,A01,3,1,0,2,0,0,5,0.0
202300049944,155 591 964,Z01,3,7,0,2,0,0,0,0.0
202300049945,155 591 958,A01,1,7,0,0,9,1,1,0.0
202300049946,155 591 960,A01,3,32,0,2,1,9,1,0.0
202300049946,155 591 967,B01,1,7,0,2,2,1,1,0.0
202300049947,155 591 959,A01,1,7,0,1,1,1,1,0.0
202300049948,155 591 956,A01,0,7,0,1,2,20,1,0.0
202300049949,155 591 954,A01,2,7,12,0,1,1,0,0.0
202300049950,155 591 952,A01,1,21,0,0,5,15,1,0.0
202300049950,155 591 955,B01,2,7,0,9,1,1,1,0.0
202300049951,155 591 947,A01,1,7,0,1,2,1,3,0.0
202300049952,155 591 948,C01,1,7,0,2,4,2,1,0.0
202300049952,155 591 953,A01,1,10,0,2,1,1,1,0.0
202300049952,155 591 957,B01,1,7,0,2,6,23,1,0.0
202300049953,155 591 946,A01,1,30,0,2,1,2,1,0.0