num_acc,id_vehicule,num_veh,senc,catv,obs,obsm,choc,manv,motor,occutc
202300049953,155 591 950,B01,1,7,0,0,4,1,1,0.0
202300049954,155 591 944,B01,2,80,0,2,1,1,3,0.0
202300049954,155 591 951,A01,1,7,0,2,2,16,1,0.0
202300049955,155 591 943,A01,1,1,0,2,0,0,5,0.0
202300049955,155 591 949,Z01,1,7,0,2,0,0,1,0.0
202300049956,155 591 941,A01,2,35,0,0,0,1,1,0.0
202300049957,155 591 940,A01,2,7,0,2,1,5,0,0.0
202300049957,155 591 945,B01,1,7,0,2,1,1,0,0.0
202300049958,155 591 939,B01,2,7,0,2,1,1,0,0.0
202300049958,155 591 942,A01,1,7,0,2,1,13,1,0.0
202300049959,155 591 935,A01,1,7,0,1,7,1,3,0.0
202300049960,155 591 933,A01,1,7,0,1,8,1,1,0.0
202300049961,155 591 934,B01,1,10,0,2,4,1,1,0.0
202300049961,155 591 938,A01,1,7,0,2,1,1,1,0.0
202300049962,155 591 932,A01,1,7,0,2,1,13,1,0.0
202300049962,155 591 936,B01,2,7,12,2,1,1,1,0.0
202300049963,155 591 929,A01,1,0,0,1,0,0,0,0.0
202300049964,155 591 928,A01,3,1,0,9,1,0,5,0.0
202300049964,155 591 931,B01,1,50,0,9,1,1,3,0.0
202300049965,155 591 927,B01,3,7,0,2,3,1,1,0.0
202300049965,155 591 937,A01,3,10,0,2,2,19,0,0.0
202300049966,155 591 930,A01,1,7,10,0,1,1,1,0.0
202300049967,155 591 922,A01,3,7,1,0,1,1,1,0.0
202300049968,155 591 924,A01,0,7,0,1,1,1,1,0.0
202300049969,155 591 920,B01,3,33,0,2,2,21,1,0.0
202300049969,155 591 926,A01,3,10,0,2,2,17,0,0.0
202300049970,155 591 919,A01,1,7,0,1,1,15,1,0.0
202300049971,155 591 923,B01,2,50,0,2,3,16,3,0.0
202300049971,155 591 925,A01,2,7,0,2,3,16,1,0.0
202300049972,155 591 917,A01,1,2,0,2,1,2,1,0.0
202300049972,155 591 921,B01,1,10,0,2,4,0,1,0.0
202300049973,155 591 916,A01,2,32,0,1,1,1,1,0.0
202300049974,155 591 915,A01,3,33,0,2,2,2,1,0.0
202300049974,155 591 918,B01,3,80,0,2,1,5,3,0.0
202300049975,155 591 914,A01,2,30,0,1,1,1,1,0.0
202300049976,155 591 910,A01,3,7,0,1,1,1,1,0.0
202300049977,155 591 907,A01,2,10,12,0,5,2,1,0.0
202300049977,155 591 912,B01,2,50,0,0,0,0,3,0.0
202300049978,155 591 905,A01,2,7,0,2,3,13,1,0.0
202300049978,155 591 909,B01,1,7,0,2,3,1,1,0.0
202300049979,155 591 904,B01,1,7,0,2,4,2,1,0.0
202300049979,155 591 913,A01,1,30,0,2,1,2,1,0.0
202300049980,155 591 903,A01,1,30,0,2,1,2,0,0.0
202300049980,155 591 908,B01,1,3,0,2,4,1,0,0.0
202300049981,155 591 902,A01,1,30,0,0,7,2,1,0.0
202300049982,155 591 899,A01,1,10,0,1,4,4,1,0.0
202300049983,155 591 900,A01,3,7,0,1,1,1,1,0.0
202300049984,155 591 898,A01,1,50,0,2,1,21,3,0.0
202300049984,155 591 901,B01,2,80,0,2,1,9,3,0.0
202300049985,155 591 893,A01,1,7,0,2,3,13,1,0.0
202300049985,155 591 897,B01,1,10,0,2,8,21,1,0.0
202300049986,155 591 894,A01,2,7,6,0,1,13,1,0.0
202300049987,155 591 888,B01,1,30,0,2,4,16,1,0.0
202300049987,155 591 892,Z01,1,7,0,2,1,1,1,0.0
202300049988,155 591 885,A01,1,7,0,2,1,1,1,0.0
202300049988,155 591 890,B01,1,7,0,2,4,1,0,0.0
202300049989,155 591 889,A01,1,43,0,2,1,14,1,0.0
202300049989,155 591 891,B01,3,10,0,2,5,23,1,0.0
202300049989,155 591 896,C01,3,10,0,2,3,1,1,0.0
202300049990,155 591 887,A01,3,7,0,1,1,1,1,0.0
202300049991,155 591 879,A01,1,7,0,2,4,1,1,0.0
202300049991,155 591 883,B01,1,17,0,2,1,1,1,0.0
202300049992,155 591 878,B01,3,7,0,2,3,1,1,0.0
202300049992,155 591 882,A01,3,7,0,2,1,13,2,0.0
202300049993,155 591 880,A01,2,1,0,2,1,17,5,0.0
202300049993,155 591 884,B01,2,7,0,2,3,15,1,0.0
202300049994,155 591 881,A01,1,1,0,2,8,16,5,0.0
202300049994,155 591 886,B01,1,7,0,2,7,14,1,0.0
202300049995,155 591 876,A01,3,7,1,0,2,1,1,0.0
202300049996,155 591 875,A01,1,7,0,2,1,15,1,0.0
202300049996,155 591 877,B01,1,31,0,2,1,1,1,0.0
202300049997,155 591 871,A01,3,7,0,1,2,14,1,0.0
202300049998,155 591 868,A01,1,7,0,2,1,13,0,0.0
202300049998,155 591 874,B01,2,33,0,2,1,1,1,0.0
202300049999,155 591 866,A01,2,17,0,1,2,1,1,0.0
202300050000,155 591 864,A01,1,10,0,0,1,13,1,0.0
202300050000,155 591 869,B01,2,7,0,2,1,2,1,0.0
202300050001,155 591 865,B01,1,7,0,2,4,2,1,0.0
202300050001,155 591 872,A01,1,2,0,2,1,2,1,0.0
202300050002,155 591 863,A01,1,33,0,2,9,17,1,0.0
202300050002,155 591 870,B01,1,7,0,2,8,13,1,0.0
202300050003,155 591 862,A01,1,7,0,2,8,15,1,0.0
202300050003,155 591 873,B01,2,7,0,2,2,1,1,0.0
202300050004,155 591 861,A01,2,7,0,2,4,4,1,0.0
202300050004,155 591 867,B01,3,32,0,2,8,1,1,0.0
202300050005,155 591 859,A01,2,7,0,0,1,14,1,0.0
202300050006,155 591 853,A01,2,7,3,2,8,11,1,0.0
202300050006,155 591 856,B01,1,7,3,2,5,17,0,0.0
202300050007,155 591 852,A01,2,7,0,1,3,1,3,0.0
202300050008,155 591 857,B01,2,1,0,0,0,16,5,0.0
202300050009,155 591 850,A01,2,7,2,0,1,1,1,0.0
202300050010,155 591 851,A01,2,31,0,2,1,3,1,0.0
202300050010,155 591 855,D01,2,7,0,2,5,1,1,0.0
202300050010,155 591 858,C01,2,31,0,2,1,1,1,0.0
202300050010,155 591 860,B01,2,7,0,2,5,1,1,0.0
202300050011,155 591 848,A01,3,30,0,2,7,17,1,0.0
202300050011,155 591 854,B01,3,7,0,2,8,17,1,0.0
202300050012,155 591 846,A01,2,7,0,2,1,15,1,0.0
202300050012,155 591 849,B01,1,2,0,2,8,18,1,0.0
202300050013,155 591 845,A01,1,7,0,2,2,1,1,0.0
202300050013,155 591 847,B01,1,7,0,2,6,23,1,0.0
202300050014,155 591 843,A01,1,7,12,0,1,26,1,0.0
202300050015,155 591 841,A01,3,1,0,2,3,19,5,0.0
202300050015,155 591 844,B01,2,7,0,2,1,1,-1,0.0
202300050016,155 591 837,A01,2,7,0,2,3,1,1,0.0
202300050016,155 591 842,B01,1,1,0,2,7,1,5,0.0
202300050017,155 591 835,B01,3,7,0,2,3,15,1,0.0
202300050017,155 591 840,A01,2,7,0,2,2,1,1,0.0
202300050018,155 591 833,B01,2,31,0,2,1,3,1,0.0
202300050018,155 591 838,C01,2,7,0,2,8,1,1,0.0
202300050018,155 591 839,A01,2,7,0,2,7,12,1,0.0
202300050019,155 591 831,A01,3,7,16,0,9,0,1,0.0
202300050020,155 591 832,A01,1,10,0,1,1,26,1,0.0
202300050021,155 591 827,B01,3,33,0,2,4,23,1,0.0
202300050021,155 591 829,A01,3,7,0,2,1,2,1,0.0
202300050022,155 591 826,A01,3,7,2,0,0,17,1,0.0
202300050023,155 591 828,A01,2,7,0,2,3,1,1,0.0
202300050023,155 591 830,B01,2,7,0,2,5,23,1,0.0
202300050023,155 591 836,C01,1,33,0,2,1,1,1,0.0
202300050024,155 591 825,A01,2,33,5,0,1,26,1,0.0
202300050025,155 591 815,A01,1,30,0,0,0,1,1,0.0
202300050026,155 591 819,B01,2,10,0,2,1,1,1,0.0
202300050026,155 591 823,A01,1,33,0,2,1,17,1,0.0
202300050027,155 591 817,B01,1,7,0,2,1,2,1,0.0
202300050027,155 591 822,A01,1,7,0,2,4,2,1,0.0
202300050028,155 591 816,A01,1,1,0,0,0,0,5,0.0
202300050029,155 591 812,A01,2,7,0,2,2,1,1,0.0
202300050029,155 591 814,B01,2,1,0,2,8,1,5,0.0
202300050030,155 591 809,A01,2,7,0,2,3,5,1,0.0
202300050030,155 591 811,B01,1,7,0,2,3,5,1,0.0
202300050031,155 591 807,B01,3,7,0,2,2,20,0,0.0
202300050031,155 591 810,A01,2,16,0,2,7,7,0,0.0
202300050032,155 591 806,B01,2,7,0,2,4,2,1,0.0
202300050032,155 591 813,C01,2,10,0,2,4,2,1,0.0
202300050032,155 591 820,A01,1,38,0,2,1,2,6,1.0
202300050033,155 591 805,A01,2,10,1,1,1,16,0,0.0
202300050034,155 591 803,A01,3,7,0,2,3,15,1,0.0
202300050034,155 591 808,B01,3,30,0,2,1,1,3,0.0
202300050035,155 591 802,A01,3,7,0,1,7,9,6,0.0
202300050036,155 591 801,B01,3,7,0,2,3,1,1,0.0
202300050036,155 591 804,A01,3,1,0,2,7,19,5,0.0
202300050037,155 591 799,A01,1,14,0,1,1,1,1,0.0
202300050038,155 591 798,A01,2,33,3,0,9,13,1,0.0
202300050039,155 591 818,A01,1,33,8,0,1,0,1,0.0
202300050040,155 591 794,A01,1,7,0,2,1,1,1,0.0
202300050040,155 591 796,B01,2,7,0,2,1,13,1,0.0
202300050041,155 591 792,B01,1,7,0,2,2,1,1,0.0
202300050041,155 591 800,A01,3,7,0,2,3,9,1,0.0
202300050042,155 591 793,B01,1,7,0,2,3,26,1,0.0
202300050042,155 591 797,A01,2,2,0,2,0,1,1,0.0
202300050043,155 591 791,A01,3,37,0,1,1,16,1,1.0
202300050044,155 591 790,A01,2,31,0,2,2,3,1,0.0
202300050044,155 591 795,Z01,2,10,0,2,8,13,0,0.0
202300050045,155 591 788,A01,1,7,0,1,1,1,1,0.0
202300050046,155 591 784,A01,2,7,0,2,8,11,1,0.0
202300050046,155 591 789,B01,2,33,0,2,1,1,1,0.0
202300050047,155 591 782,A01,1,7,0,2,1,15,1,0.0
202300050047,155 591 786,B01,2,10,0,2,1,1,1,0.0
202300050048,155 591 779,A01,2,30,0,2,5,1,1,0.0
202300050048,155 591 783,B01,2,10,0,2,8,0,1,0.0
202300050049,155 591 777,B01,1,7,1,0,0,24,1,0.0
202300050049,155 591 780,A01,1,33,1,0,1,14,1,0.0
202300050050,155 591 774,B01,1,99,0,2,4,1,1,0.0
202300050050,155 591 787,A01,1,7,0,2,0,0,1,0.0
202300050051,155 591 773,A01,1,7,0,2,4,2,1,0.0
202300050051,155 591 778,C01,1,7,0,2,4,26,1,0.0
202300050051,155 591 781,D01,1,7,0,2,4,26,1,0.0
202300050051,155 591 785,B01,1,7,0,2,4,26,1,0.0
202300050052,155 591 771,A01,1,7,13,0,1,1,1,0.0
202300050053,155 591 770,A01,2,7,0,2,3,9,1,0.0
202300050053,155 591 775,B01,2,50,0,2,7,26,3,0.0
202300050054,155 591 769,B01,0,31,0,2,8,1,1,0.0
202300050054,155 591 776,A01,0,7,0,2,1,15,1,0.0
202300050055,155 591 765,A01,1,7,0,2,8,11,1,0.0
202300050055,155 591 767,B01,1,7,0,2,8,2,1,0.0
202300050056,155 591 763,A01,1,0,0,1,0,0,0,0.0
202300050057,155 591 762,B01,3,7,0,2,6,0,6,0.0
202300050057,155 591 766,A01,3,33,1,0,1,26,1,0.0
202300050058,155 591 758,B01,1,7,0,2,8,15,1,0.0
202300050058,155 591 761,A01,1,1,0,2,1,1,5,0.0
202300050059,155 591 757,A01,2,33,0,2,1,3,1,0.0
202300050059,155 591 764,B01,2,33,0,2,4,3,1,0.0
202300050059,155 591 768,C01,2,7,0,2,6,0,1,0.0
202300050059,155 591 772,D01,2,7,0,2,2,1,2,0.0
202300050060,155 591 756,A01,0,7,0,2,1,19,1,0.0
202300050060,155 591 760,B01,0,7,13,0,0,1,0,0.0
202300050061,155 591 755,A01,1,10,0,2,2,15,1,0.0
202300050061,155 591 759,B01,1,1,0,2,4,15,5,0.0
202300050062,155 591 752,A01,2,7,0,1,1,15,1,0.0
202300050063,155 591 751,A01,1,7,0,1,1,1,1,0.0
202300050064,155 591 750,B01,1,10,0,0,4,2,1,0.0
202300050064,155 591 753,A01,1,7,0,2,1,2,1,0.0
202300050065,155 591 748,A01,3,10,0,2,3,5,1,0.0
202300050065,155 591 754,B01,3,33,0,2,3,2,1,0.0
202300050066,155 591 745,B01,2,7,0,2,2,1,1,0.0
202300050066,155 591 749,A01,2,1,0,2,1,1,5,0.0
202300050067,155 591 744,B01,2,33,0,2,1,3,1,0.0
202300050067,155 591 747,A01,2,7,0,2,6,11,1,0.0
202300050068,155 591 738,B01,1,13,0,0,6,2,1,0.0
202300050068,155 591 743,A01,1,7,0,2,2,2,1,0.0
202300050069,155 591 737,A01,1,7,0,1,1,1,1,0.0
202300050070,155 591 741,B01,2,50,0,2,1,2,3,0.0
202300050070,155 591 746,A01,2,10,0,2,5,2,0,0.0
202300050071,155 591 735,B01,2,1,0,2,7,1,5,0.0
202300050071,155 591 740,A01,3,7,0,2,3,9,1,0.0
202300050072,155 591 733,B01,1,50,0,2,8,2,3,0.0
202300050072,155 591 742,A01,1,17,0,2,0,2,1,0.0
202300050073,155 591 731,A01,1,10,3,2,1,2,1,0.0
202300050073,155 591 736,B01,1,7,3,2,6,2,1,0.0
202300050074,155 591 728,A01,1,33,12,0,3,1,1,0.0
202300050075,155 591 730,B01,2,7,0,2,5,12,1,0.0
202300050075,155 591 732,A01,2,33,0,2,1,3,1,0.0
202300050076,155 591 734,A01,2,10,0,2,1,14,1,0.0
202300050076,155 591 739,B01,2,7,0,2,4,2,2,0.0
202300050077,155 591 727,A01,1,7,0,1,3,1,1,0.0
202300050078,155 591 726,A01,1,7,14,0,2,17,1,0.0
202300050078,155 591 729,B01,1,60,0,0,4,2,5,0.0
202300050079,155 591 725,A01,1,2,0,0,2,1,1,0.0
202300050080,155 591 720,A01,1,7,6,9,2,1,1,0.0
202300050081,155 591 719,A01,1,50,0,0,0,1,3,0.0
202300050082,155 591 715,B01,3,50,0,2,4,2,3,0.0
202300050082,155 591 718,A01,3,7,0,2,1,2,1,0.0
202300050083,155 591 714,A01,2,7,0,2,8,11,0,0.0
202300050083,155 591 717,B01,2,7,0,2,7,1,0,0.0
202300050083,155 591 723,C01,2,7,0,2,6,1,1,0.0
202300050084,155 591 711,C01,3,7,0,2,1,2,1,0.0
202300050084,155 591 713,B01,0,7,0,2,1,2,1,0.0
202300050084,155 591 716,A01,3,7,0,2,4,26,1,0.0
202300050085,155 591 709,A01,1,33,12,0,1,14,1,0.0
202300050086,155 591 708,A01,2,7,4,0,1,1,1,0.0
202300050087,155 591 706,A01,2,33,0,0,7,1,1,0.0
202300050088,155 591 704,A01,1,7,15,0,1,9,1,0.0
202300050089,155 591 697,B01,3,7,0,2,4,2,1,0.0
202300050089,155 591 701,C01,3,7,0,2,4,2,1,0.0
202300050089,155 591 703,A01,3,7,0,2,1,2,1,0.0
202300050089,155 591 707,D01,3,7,0,2,1,2,1,0.0
202300050090,155 591 692,A01,1,50,0,0,0,21,3,0.0
202300050091,155 591 694,A01,3,10,0,2,3,13,1,0.0
202300050091,155 591 699,Z01,3,13,0,2,0,0,1,0.0
202300050092,155 591 690,B01,3,7,0,2,0,0,1,0.0
202300050092,155 591 695,A01,3,7,0,2,0,0,1,0.0
202300050093,155 591 685,D01,2,7,0,2,4,2,1,0.0
202300050093,155 591 687,C01,2,7,0,2,4,2,1,0.0
202300050093,155 591 691,B01,2,7,0,2,4,2,1,0.0
202300050093,155 591 700,A01,2,10,0,2,1,2,1,0.0
202300050094,155 591 686,E01,2,7,0,2,0,0,1,0.0
202300050094,155 591 688,A01,2,10,0,2,1,1,1,0.0
202300050094,155 591 693,B01,2,10,0,2,4,1,1,0.0
202300050094,155 591 698,C01,2,7,0,2,0,1,1,0.0
202300050094,155 591 702,D01,2,7,0,2,0,0,1,0.0
202300050094,155 591 705,F01,2,10,0,2,0,0,1,0.0
202300050095,155 591 684,C01,1,7,0,2,3,1,1,0.0
202300050095,155 591 689,A01,1,38,0,2,5,15,1,1.0
202300050095,155 591 696,B01,1,36,0,2,7,3,1,0.0
202300050096,155 591 681,B01,2,1,14,2,8,2,5,0.0
202300050096,155 591 683,A01,2,7,0,9,1,11,1,0.0
202300050097,155 591 682,A01,2,7,0,1,7,2,2,0.0
202300050098,155 591 679,A01,1,50,0,1,1,1,3,0.0
202300050099,155 591 678,A01,2,7,0,1,3,1,1,0.0
202300050100,155 591 676,A01,1,7,0,2,1,2,1,0.0
202300050100,155 591 680,B01,1,7,0,2,4,2,1,0.0
202300050101,155 591 675,A01,2,7,0,2,7,12,1,0.0
202300050101,155 591 677,B01,2,7,0,2,3,1,1,0.0
202300050102,155 591 671,A01,2,30,0,0,0,16,1,0.0
202300050103,155 591 674,A01,0,10,0,0,0,0,1,0.0
202300050104,155 591 670,A01,2,7,3,0,0,14,1,0.0
202300050105,155 591 668,B01,2,7,0,2,3,0,1,0.0
202300050105,155 591 672,A01,1,7,0,2,1,13,1,0.0
202300050106,155 591 667,B01,2,2,0,2,3,1,1,0.0
202300050106,155 591 673,A01,1,7,0,2,2,1,3,0.0
202300050107,155 591 657,A01,2,7,0,2,1,2,1,0.0
202300050107,155 591 663,B01,2,31,0,2,4,2,1,0.0
202300050108,155 591 659,A01,1,7,0,2,1,2,1,0.0
202300050108,155 591 669,B01,2,7,0,2,4,2,2,0.0
202300050109,155 591 661,A01,1,7,0,2,1,1,1,0.0
202300050109,155 591 665,B01,1,7,0,2,4,1,1,0.0
202300050110,155 591 658,A01,2,31,0,2,8,3,1,0.0
202300050110,155 591 664,B01,2,7,0,2,2,12,1,0.0
202300050110,155 591 666,C01,2,10,0,2,4,2,1,0.0
202300050111,155 591 654,A01,1,7,0,2,1,15,1,0.0
202300050111,155 591 662,B01,2,7,0,2,1,1,1,0.0
202300050112,155 591 656,A01,2,14,0,2,1,2,1,0.0
202300050112,155 591 660,B01,1,10,0,2,4,2,1,0.0
202300050113,155 591 653,A01,1,10,0,2,1,21,1,0.0
202300050114,155 591 652,A01,1,30,0,2,6,15,3,0.0
202300050114,155 591 655,B01,1,50,0,2,2,1,3,0.0
202300050115,155 591 648,A01,1,7,0,2,4,2,1,0.0
202300050115,155 591 651,B01,1,7,0,2,1,2,1,0.0
202300050116,155 591 647,A01,1,7,0,2,1,2,0,0.0
202300050116,155 591 649,B01,1,33,0,2,4,11,1,0.0
202300050117,155 591 646,A01,0,7,0,1,2,1,1,0.0
202300050118,155 591 644,A01,2,7,4,0,3,26,1,0.0
202300050119,155 591 643,A01,3,7,0,1,3,15,1,0.0
202300050120,155 591 645,A01,3,7,0,9,7,22,1,0.0
202300050120,155 591 650,B01,1,1,1,0,1,25,5,0.0
202300050121,155 591 641,A01,1,7,15,0,1,26,1,0.0
202300050122,155 591 642,A01,2,30,0,0,0,1,1,0.0
202300050123,155 591 637,A01,2,33,0,2,2,1,1,0.0
202300050123,155 591 640,B01,2,10,0,2,3,11,1,0.0
202300050124,155 591 639,A01,1,50,0,2,8,1,3,0.0
202300050125,155 591 636,A01,3,7,13,0,1,14,1,0.0
202300050126,155 591 635,A01,3,7,9,0,9,1,1,0.0
202300050127,155 591 633,A01,1,30,0,1,1,1,2,0.0
202300050128,155 591 632,A01,2,7,0,2,7,1,1,0.0
202300050129,155 591 627,A01,1,7,9,1,1,14,2,0.0
202300050129,155 591 634,B01,1,7,0,2,1,23,1,0.0
202300050130,155 591 626,B01,2,7,0,2,5,0,1,0.0
202300050130,155 591 631,Z01,2,7,0,2,0,0,0,0.0
202300050131,155 591 623,C01,0,7,0,2,4,23,1,0.0
202300050131,155 591 629,B01,0,7,0,2,4,23,1,0.0
202300050131,155 591 630,A01,0,7,0,2,1,2,2,0.0
202300050132,155 591 622,A01,3,7,0,2,3,26,1,0.0
202300050132,155 591 625,B01,3,7,0,1,5,24,1,0.0
202300050133,155 591 619,A01,1,7,0,2,2,15,1,0.0
202300050133,155 591 628,B01,2,7,0,2,3,1,1,0.0
202300050134,155 591 620,A01,2,7,0,2,4,11,1,0.0
202300050134,155 591 624,B01,2,33,0,2,1,3,1,0.0
202300050135,155 591 617,A01,1,50,0,1,1,25,3,0.0
202300050136,155 591 611,A01,3,31,0,2,1,1,1,0.0
202300050136,155 591 616,B01,3,7,0,0,8,1,1,0.0
202300050137,155 591 613,B01,2,7,0,2,1,1,1,0.0
202300050137,155 591 621,A01,2,7,0,2,6,19,1,0.0
202300050138,155 591 610,A01,2,7,0,2,2,15,1,0.0
202300050138,155 591 614,B01,2,37,0,2,1,1,0,1.0
202300050139,155 591 615,B01,1,1,0,2,1,9,5,0.0
202300050139,155 591 618,A01,2,7,0,9,2,16,1,0.0
202300050140,155 591 606,A01,2,7,0,2,1,19,1,0.0
202300050140,155 591 609,B01,1,7,0,2,1,1,1,0.0
202300050141,155 591 608,A01,1,7,0,2,1,1,1,0.0
202300050141,155 591 612,B01,1,7,0,2,4,1,1,0.0
202300050142,155 591 605,A01,3,7,4,0,2,2,6,0.0
202300050143,155 591 603,B01,2,50,0,2,1,1,3,0.0
202300050143,155 591 607,A01,1,7,0,2,3,15,1,0.0
202300050144,155 591 604,A01,0,31,0,0,0,0,-1,0.0
202300050145,155 591 600,A01,1,33,0,6,2,1,1,0.0
202300050146,155 591 596,A01,2,10,0,2,3,2,1,0.0
202300050146,155 591 602,B01,1,1,0,2,1,0,5,0.0
202300050147,155 591 599,A01,1,7,0,2,3,19,1,0.0
202300050147,155 591 601,B01,2,1,0,2,1,1,5,0.0
202300050148,155 591 595,A01,2,10,1,0,1,0,0,0.0
202300050149,155 591 593,A01,2,7,0,2,1,5,1,0.0
202300050149,155 591 597,B01,1,10,0,2,3,1,1,0.0
202300050150,155 591 594,A01,1,1,0,1,1,5,5,0.0
202300050151,155 591 592,B01,-1,7,-1,-1,-1,-1,-1,0.0
202300050151,155 591 598,A01,0,7,0,2,1,9,1,0.0
202300050152,155 591 591,A01,1,7,0,1,1,15,1,0.0
202300050153,155 591 588,A01,1,43,10,0,8,26,1,0.0
202300050154,155 591 587,Y01,-1,1,-1,-1,-1,-1,5,0.0
202300050154,155 591 590,A01,1,7,0,2,2,1,1,0.0
202300050155,155 591 585,A01,1,1,0,1,1,1,5,0.0
202300050156,155 591 584,A01,2,30,0,0,0,1,1,0.0
202300050157,155 591 583,A01,2,7,0,2,1,1,1,0.0
202300050157,155 591 589,B01,2,7,0,2,3,15,1,0.0
202300050158,155 591 582,A01,1,7,0,2,7,15,1,0.0
202300050158,155 591 586,B01,2,7,0,0,1,1,1,0.0
202300050159,155 591 581,A01,1,7,0,1,3,2,0,0.0
202300050160,155 591 577,A01,1,50,0,2,3,19,3,0.0
202300050161,155 591 576,A01,1,10,0,2,1,1,1,0.0
202300050161,155 591 580,B01,1,7,0,2,4,15,1,0.0
202300050162,155 591 574,B01,3,1,0,2,8,1,5,0.0
202300050162,155 591 579,A01,3,33,0,2,7,15,1,0.0
202300050163,155 591 571,A01,1,7,0,2,1,13,1,0.0
202300050163,155 591 573,B01,2,30,0,2,1,1,1,0.0
202300050164,155 591 570,A01,2,7,0,1,4,4,1,0.0
202300050165,155 591 568,B01,3,3,1,2,3,17,1,0.0
202300050165,155 591 572,A01,1,14,0,2,2,5,1,0.0
202300050166,155 591 569,A01,1,10,0,2,1,2,1,0.0
202300050166,155 591 575,B01,1,7,0,2,4,2,1,0.0
202300050166,155 591 578,C01,1,7,0,2,4,2,1,0.0
202300050167,155 591 567,A01,1,2,0,0,0,26,1,0.0
202300050168,155 591 566,A01,1,3,0,0,1,0,1,0.0
202300050169,155 591 561,A01,1,7,0,0,3,2,1,0.0
202300050170,155 591 562,A01,2,7,0,2,1,1,1,0.0
202300050170,155 591 565,B01,2,10,0,2,4,1,1,0.0
202300050171,155 591 557,A01,1,33,0,2,3,0,1,0.0
202300050172,155 591 558,A01,1,7,0,2,0,1,1,0.0
202300050172,155 591 563,B01,1,50,0,2,0,19,3,0.0
202300050173,155 591 556,A01,0,7,0,2,3,26,1,0.0
202300050173,155 591 559,B01,0,1,0,2,1,5,5,0.0
202300050174,155 591 555,A01,1,40,0,2,3,1,3,0.0
202300050174,155 591 560,B01,1,50,0,4,7,1,3,0.0
202300050175,155 591 554,A01,1,7,0,2,4,23,1,0.0
202300050175,155 591 564,B01,1,7,0,2,1,1,1,0.0
202300050176,155 591 552,A01,1,7,0,1,1,1,1,0.0
202300050177,155 591 547,B01,3,7,0,2,4,23,1,0.0
202300050177,155 591 550,A01,3,7,0,2,1,2,1,0.0
202300050178,155 591 544,A01,2,7,0,2,4,1,2,0.0
202300050178,155 591 549,B01,2,7,0,2,1,1,1,0.0
202300050179,155 591 548,B01,1,32,0,2,0,0,1,0.0
202300050180,155 591 546,A01,2,7,0,0,2,23,1,0.0
202300050180,155 591 551,B01,2,1,1,0,1,1,5,0.0
202300050181,155 591 542,A01,1,7,0,2,6,9,1,0.0
202300050181,155 591 543,B01,2,33,0,2,1,17,1,0.0
202300050182,155 591 541,A01,2,7,0,2,3,17,1,0.0
202300050182,155 591 545,B01,2,7,0,2,6,20,1,0.0
202300050183,155 591 538,A01,1,38,2,0,3,11,1,5.0
202300050184,155 591 539,A01,2,7,0,0,0,15,1,0.0
202300050184,155 591 540,B01,3,50,0,2,0,19,3,0.0
202300050185,155 591 533,A01,1,7,0,2,2,2,1,0.0
202300050185,155 591 537,B01,1,7,0,2,5,2,1,0.0
202300050186,155 591 532,B01,1,10,0,2,7,16,1,0.0
202300050186,155 591 535,A01,1,31,0,2,1,9,1,0.0
202300050187,155 591 534,A01,2,7,0,1,3,18,2,0.0
202300050188,155 591 529,A01,2,7,0,1,1,1,1,0.0
202300050189,155 591 528,B01,3,7,0,2,4,1,1,0.0
202300050189,155 591 530,A01,3,7,0,2,1,1,1,0.0
202300050190,155 591 526,A01,1,7,0,2,3,15,1,0.0
202300050190,155 591 536,B01,1,30,0,2,1,17,1,0.0
202300050191,155 591 523,A01,1,7,9,0,1,1,1,0.0
202300050192,155 591 522,A01,0,14,0,2,5,1,1,0.0
202300050192,155 591 525,B01,3,33,12,2,9,1,1,0.0
202300050193,155 591 521,A01,1,7,0,2,2,17,1,0.0
202300050193,155 591 524,B01,1,99,0,2,8,15,3,0.0
202300050194,155 591 512,A01,2,1,0,2,4,1,5,0.0
202300050194,155 591 517,B01,2,1,0,2,1,1,5,0.0
202300050195,155 591 513,B01,1,7,0,2,6,1,1,0.0
202300050195,155 591 520,A01,1,7,0,2,3,15,3,0.0
202300050196,155 591 514,A01,3,10,0,1,1,1,1,0.0
202300050197,155 591 515,A01,3,33,0,2,1,17,1,0.0
202300050197,155 591 519,B01,3,7,0,2,3,15,1,0.0
202300050198,155 591 516,B01,1,2,0,2,7,13,1,0.0
202300050198,155 591 518,A01,2,7,0,2,1,15,1,0.0
202300050199,155 591 510,A01,2,21,0,0,0,14,0,0.0
202300050200,155 591 509,A01,2,7,0,2,4,1,1,0.0
202300050200,155 591 511,B01,2,7,0,2,1,1,1,0.0
202300050201,155 591 506,A01,2,32,0,2,0,0,1,0.0
202300050201,155 591 508,B01,1,1,0,2,0,0,0,0.0
202300050202,155 591 504,A01,2,7,0,2,1,2,1,0.0
202300050202,155 591 507,B01,2,7,0,2,4,0,1,0.0
202300050203,155 591 502,A01,3,7,0,1,0,26,1,0.0
202300050204,155 591 499,A01,3,7,0,2,3,0,0,0.0
202300050204,155 591 503,B01,3,1,0,2,0,0,5,0.0
202300050205,155 591 494,A01,1,7,0,2,3,13,1,0.0
202300050205,155 591 498,B01,1,7,0,2,3,1,1,0.0
202300050206,155 591 495,A01,2,33,0,0,0,1,1,0.0