num_acc,id_vehicule,num_veh,senc,catv,obs,obsm,choc,manv,motor,occutc
202300050206,155 591 501,B01,1,7,0,0,0,19,0,0.0
202300050207,155 591 496,A01,2,33,0,1,1,1,1,0.0
202300050208,155 591 487,A01,2,7,0,2,1,2,1,0.0
202300050208,155 591 491,B01,2,7,0,2,4,2,1,0.0
202300050209,155 591 485,A01,1,7,15,0,1,14,1,0.0
202300050210,155 591 484,A01,3,7,0,9,1,17,1,0.0
202300050210,155 591 490,B01,3,1,0,2,1,1,5,0.0
202300050211,155 591 482,D01,1,7,0,2,4,1,1,0.0
202300050211,155 591 488,C01,1,7,0,2,4,1,1,0.0
202300050211,155 591 493,B01,1,7,0,2,4,1,1,0.0
202300050211,155 591 497,A01,1,7,0,2,1,1,1,0.0
202300050212,155 591 483,A01,1,7,0,2,1,2,1,0.0
202300050212,155 591 489,B01,1,7,0,2,1,2,1,0.0
202300050212,155 591 492,C01,1,7,0,2,4,2,1,0.0
202300050213,155 591 480,B01,3,1,0,2,1,0,5,0.0
202300050213,155 591 486,A01,3,7,0,9,7,1,1,0.0
202300050214,155 591 478,A01,1,7,0,2,2,16,1,0.0
202300050214,155 591 481,B01,1,50,0,2,1,1,3,0.0
202300050215,155 591 474,A01,1,7,0,1,8,15,1,0.0
202300050216,155 591 471,C01,0,37,0,2,8,1,1,1.0
202300050216,155 591 472,B01,0,37,0,0,1,0,0,1.0
202300050216,155 591 477,A01,0,1,0,2,7,13,5,0.0
202300050217,155 591 470,A01,2,30,15,0,1,1,1,0.0
202300050218,155 591 468,A01,2,7,0,1,1,1,1,0.0
202300050219,155 591 464,A01,1,10,0,2,2,2,1,0.0
202300050219,155 591 469,B01,1,1,0,0,4,1,5,0.0
202300050220,155 591 463,A01,3,34,8,0,0,1,0,0.0
202300050221,155 591 467,A01,3,1,14,0,1,21,5,0.0
202300050222,155 591 462,A01,2,50,0,1,1,1,3,0.0
202300050223,155 591 456,A01,1,7,0,2,1,11,1,0.0
202300050223,155 591 460,B01,1,7,0,2,2,1,1,0.0
202300050224,155 591 455,A01,2,50,0,2,8,13,3,0.0
202300050224,155 591 459,B01,1,80,0,2,8,0,5,0.0
202300050225,155 591 453,A01,2,7,0,2,2,17,0,0.0
202300050225,155 591 458,B01,2,33,0,2,8,17,0,0.0
202300050226,155 591 454,A01,2,7,1,0,3,13,1,0.0
202300050227,155 591 452,A01,2,7,13,2,2,1,1,0.0
202300050227,155 591 457,B01,1,7,0,2,3,1,1,0.0
202300050228,155 591 447,A01,1,34,4,0,8,1,1,0.0
202300050229,155 591 444,A01,1,10,0,2,1,2,1,0.0
202300050229,155 591 448,B01,1,7,0,2,4,23,1,0.0
202300050230,155 591 442,B01,2,10,0,2,5,17,1,0.0
202300050230,155 591 450,A01,2,80,0,2,3,13,3,0.0
202300050231,155 591 439,A01,1,99,16,0,4,2,1,0.0
202300050231,155 591 441,B01,1,7,0,2,4,2,1,0.0
202300050232,155 591 437,A01,2,7,3,0,1,14,1,0.0
202300050233,155 591 440,B01,2,7,0,2,8,15,1,0.0
202300050233,155 591 446,A01,1,31,1,2,1,1,1,0.0
202300050234,155 591 436,A01,1,7,1,1,2,1,1,0.0
202300050235,155 591 445,A01,1,2,0,0,8,16,3,0.0
202300050236,155 591 433,A01,1,1,0,2,4,16,5,0.0
202300050236,155 591 435,B01,1,7,0,9,1,16,1,0.0
202300050237,155 591 432,B01,1,7,0,2,8,0,1,0.0
202300050237,155 591 434,A01,2,99,0,2,3,13,1,0.0
202300050238,155 591 430,A01,2,7,0,1,1,1,1,0.0
202300050239,155 591 429,A01,1,7,0,1,3,2,1,0.0
202300050240,155 591 428,A01,3,7,3,0,7,1,1,0.0
202300050241,155 591 427,A01,1,50,0,0,7,9,3,0.0
202300050242,155 591 424,A01,1,7,0,2,1,13,1,0.0
202300050242,155 591 426,B01,2,7,3,2,1,1,1,0.0
202300050243,155 591 418,A01,1,7,0,2,1,10,1,0.0
202300050243,155 591 422,B01,1,31,0,2,8,1,1,0.0
202300050244,155 591 417,A01,3,7,0,2,3,1,1,0.0
202300050244,155 591 425,B01,3,2,0,2,1,1,1,0.0
202300050245,155 591 423,A01,1,50,0,1,1,1,3,0.0
202300050246,155 591 416,B01,2,33,0,2,1,1,1,0.0
202300050246,155 591 421,A01,1,10,0,2,1,15,1,0.0
202300050247,155 591 413,B01,1,7,0,2,4,2,1,0.0
202300050247,155 591 414,A01,1,7,0,2,1,1,1,0.0
202300050248,155 591 411,A01,2,33,0,0,1,1,6,0.0
202300050249,155 591 412,A01,3,7,0,1,1,2,1,0.0
202300050250,155 591 415,A01,3,7,0,2,2,9,1,0.0
202300050250,155 591 419,B01,3,50,0,0,0,0,3,0.0
202300050251,155 591 410,A01,2,33,0,0,1,1,1,0.0
202300050252,155 591 408,A01,1,10,0,2,1,9,0,0.0
202300050252,155 591 420,B01,2,7,8,2,5,15,1,0.0
202300050253,155 591 406,A01,2,7,0,1,1,1,1,0.0
202300050254,155 591 405,A01,3,40,0,1,2,16,3,0.0
202300050255,155 591 407,B01,3,7,0,2,2,16,2,0.0
202300050255,155 591 409,A01,3,30,0,2,3,16,1,0.0
202300050256,155 591 404,A01,2,1,0,1,1,1,5,0.0
202300050257,155 591 402,B01,2,80,0,2,1,1,3,0.0
202300050257,155 591 403,A01,0,7,0,2,1,19,1,0.0
202300050258,155 591 401,A01,1,7,0,1,2,1,1,0.0
202300050259,155 591 398,A01,1,50,0,0,0,1,3,0.0
202300050260,155 591 397,A01,1,7,0,2,4,2,0,0.0
202300050260,155 591 400,B01,1,7,0,2,1,2,0,0.0
202300050261,155 591 396,A01,3,7,0,2,2,1,1,0.0
202300050261,155 591 399,B01,3,2,0,2,1,26,1,0.0
202300050262,155 591 392,A01,0,7,0,2,2,15,1,0.0
202300050262,155 591 394,B01,0,50,0,2,2,0,3,0.0
202300050263,155 591 393,A01,1,50,9,0,7,14,3,0.0
202300050264,155 591 391,A01,1,7,0,2,1,13,1,0.0
202300050264,155 591 395,B01,2,7,13,2,1,1,1,0.0
202300050265,155 591 390,A01,1,7,0,1,6,4,1,0.0
202300050266,155 591 389,A01,3,7,0,1,2,1,1,0.0
202300050267,155 591 387,A01,1,14,0,1,5,16,1,0.0
202300050268,155 591 386,B01,1,10,0,9,4,14,1,0.0
202300050268,155 591 388,A01,1,1,0,2,1,16,5,0.0
202300050269,155 591 382,A01,1,33,0,6,1,1,1,0.0
202300050270,155 591 377,A01,2,7,0,2,3,20,1,0.0
202300050270,155 591 383,B01,2,30,0,2,7,1,1,0.0
202300050271,155 591 379,B01,1,33,0,2,1,1,1,0.0
202300050271,155 591 385,A01,2,7,0,2,3,15,1,0.0
202300050272,155 591 376,A01,2,50,0,2,6,15,3,0.0
202300050272,155 591 378,B01,2,10,0,2,1,15,1,0.0
202300050273,155 591 380,Z01,2,10,0,2,8,22,0,0.0
202300050273,155 591 384,B01,1,1,0,2,7,1,5,0.0
202300050274,155 591 373,A01,1,7,0,2,2,16,1,0.0
202300050274,155 591 381,B01,1,1,0,2,1,1,5,0.0
202300050275,155 591 369,A01,0,7,0,1,2,1,1,0.0
202300050276,155 591 370,A01,2,7,0,2,2,19,1,0.0
202300050276,155 591 372,B01,1,2,0,2,7,1,1,0.0
202300050277,155 591 365,C01,3,10,0,2,0,0,1,0.0
202300050277,155 591 374,B01,3,10,0,2,1,2,1,0.0
202300050277,155 591 375,A01,3,7,16,0,0,0,1,0.0
202300050278,155 591 362,A01,1,31,0,2,7,3,1,0.0
202300050278,155 591 367,B01,1,7,0,2,8,12,1,0.0
202300050279,155 591 366,A01,1,7,0,2,1,19,1,0.0
202300050279,155 591 368,B01,2,1,0,2,0,0,5,0.0
202300050279,155 591 371,C01,2,1,0,2,0,0,5,0.0
202300050280,155 591 360,A01,1,10,0,2,3,2,3,0.0
202300050280,155 591 363,B01,1,2,0,2,5,2,1,0.0
202300050281,155 591 359,B01,1,7,0,2,8,2,1,0.0
202300050281,155 591 364,A01,1,7,0,2,1,2,1,0.0
202300050282,155 591 356,A01,0,37,0,1,5,1,3,1.0
202300050283,155 591 355,A01,2,7,0,2,2,17,1,0.0
202300050283,155 591 358,B01,1,2,0,2,3,1,1,0.0
202300050284,155 591 353,B01,2,10,0,2,5,2,1,0.0
202300050284,155 591 357,A01,2,33,0,2,3,2,1,0.0
202300050285,155 591 350,B01,3,14,0,2,5,4,1,0.0
202300050285,155 591 352,A01,3,7,0,2,2,1,1,0.0
202300050286,155 591 348,A01,2,50,0,2,1,5,3,0.0
202300050286,155 591 354,B01,1,7,0,2,2,1,1,0.0
202300050287,155 591 344,A01,3,10,0,2,1,2,1,0.0
202300050287,155 591 349,C01,3,7,0,2,4,15,1,0.0
202300050287,155 591 351,B01,3,7,0,2,4,2,1,0.0
202300050288,155 591 345,A01,3,33,7,0,1,1,1,0.0
202300050289,155 591 341,A01,1,10,0,2,2,15,1,0.0
202300050289,155 591 346,B01,2,33,0,2,1,1,1,0.0
202300050290,155 591 342,A01,3,10,0,2,3,1,1,0.0
202300050290,155 591 347,B01,3,7,0,2,1,1,1,0.0
202300050291,155 591 340,B01,0,14,0,0,0,0,0,0.0
202300050291,155 591 343,A01,3,7,13,2,7,17,1,0.0
202300050292,155 591 335,A01,1,7,0,1,2,15,1,0.0
202300050293,155 591 333,B01,2,10,0,2,3,1,1,0.0
202300050293,155 591 338,Z01,1,7,0,2,3,13,1,0.0
202300050294,155 591 332,A01,0,2,0,0,0,9,1,0.0
202300050295,155 591 336,B01,1,80,0,2,8,1,3,0.0
202300050295,155 591 339,A01,2,80,0,0,7,15,3,0.0
202300050296,155 591 331,A01,2,33,0,6,1,0,1,0.0
202300050297,155 591 330,B01,2,7,0,2,4,1,1,0.0
202300050297,155 591 337,A01,2,10,0,2,1,1,1,0.0
202300050298,155 591 329,A01,1,1,0,2,1,5,5,0.0
202300050298,155 591 334,B01,2,1,0,2,1,1,5,0.0
202300050299,155 591 328,A01,1,80,14,0,1,1,3,0.0
202300050300,155 591 325,A01,0,31,0,0,0,14,1,0.0
202300050301,155 591 321,A01,2,7,0,1,2,1,1,0.0
202300050302,155 591 320,A01,1,7,0,2,3,1,1,0.0
202300050302,155 591 324,B01,2,7,0,2,3,1,1,0.0
202300050303,155 591 323,B01,2,50,0,2,8,1,3,0.0
202300050303,155 591 326,A01,2,7,0,2,0,16,1,0.0
202300050304,155 591 319,B01,2,2,0,2,0,13,1,0.0
202300050304,155 591 327,A01,2,7,0,2,2,1,1,0.0
202300050305,155 591 318,B01,1,2,1,0,3,2,1,0.0
202300050305,155 591 322,A01,1,7,0,2,7,22,1,0.0
202300050306,155 591 313,A01,1,7,9,0,1,14,1,0.0
202300050307,155 591 314,A01,1,7,0,2,1,2,0,0.0
202300050307,155 591 317,B01,1,7,0,2,4,1,0,0.0
202300050308,155 591 311,B01,2,2,0,2,4,1,1,0.0
202300050308,155 591 316,A01,2,7,0,2,1,1,0,0.0
202300050309,155 591 309,A01,2,15,0,2,7,12,1,0.0
202300050309,155 591 315,B01,1,7,0,2,8,1,1,0.0
202300050310,155 591 308,A01,2,2,0,2,7,17,1,0.0
202300050310,155 591 312,B01,2,2,0,2,8,13,1,0.0
202300050311,155 591 307,A01,2,2,0,1,1,25,1,0.0
202300050312,155 591 303,A01,3,7,0,1,3,9,1,0.0
202300050313,155 591 302,A01,1,7,0,0,2,15,1,0.0
202300050313,155 591 304,B01,1,7,0,0,3,1,1,0.0
202300050314,155 591 300,A01,2,10,0,2,1,1,1,0.0
202300050314,155 591 306,B01,2,7,0,2,6,1,1,0.0
202300050315,155 591 299,B01,2,7,0,2,8,1,1,0.0
202300050315,155 591 305,A01,3,1,0,2,1,15,5,0.0
202300050316,155 591 296,A01,3,7,8,0,1,19,2,0.0
202300050317,155 591 295,B01,3,7,0,0,4,1,1,0.0
202300050317,155 591 298,A01,3,30,0,0,1,1,2,0.0
202300050318,155 591 291,A01,2,7,0,2,2,1,1,0.0
202300050318,155 591 294,B01,2,1,0,2,5,19,5,0.0
202300050319,155 591 290,A01,1,7,0,2,2,15,1,0.0
202300050319,155 591 293,B01,2,33,0,2,1,1,1,0.0
202300050320,155 591 288,C01,1,7,0,2,1,2,1,0.0
202300050320,155 591 297,A01,1,7,8,0,0,12,1,0.0
202300050320,155 591 301,B01,1,7,0,2,4,2,1,0.0
202300050321,155 591 289,B01,1,34,0,2,8,1,1,0.0
202300050321,155 591 292,A01,1,7,0,2,7,12,1,0.0
202300050322,155 591 286,A01,1,7,0,2,4,26,0,0.0
202300050322,155 591 287,B01,1,7,0,2,4,26,0,0.0
202300050323,155 591 282,A01,1,2,0,0,7,1,1,0.0
202300050324,155 591 281,A01,1,7,0,2,2,1,1,0.0
202300050324,155 591 285,B01,1,7,0,2,3,1,1,0.0
202300050325,155 591 279,A01,3,10,0,2,6,23,1,0.0
202300050325,155 591 284,B01,3,31,0,2,2,2,1,0.0
202300050326,155 591 280,A01,0,99,0,2,1,26,0,0.0
202300050326,155 591 283,B01,0,10,0,2,1,15,0,0.0
202300050327,155 591 275,A01,1,31,0,2,1,17,1,0.0
202300050327,155 591 277,B01,1,7,0,2,3,15,1,0.0
202300050328,155 591 274,C01,1,7,0,2,4,23,1,0.0
202300050328,155 591 276,A01,1,31,0,2,1,17,1,0.0
202300050328,155 591 278,B01,1,7,0,2,8,23,1,0.0
202300050329,155 591 272,A01,2,7,0,1,2,1,1,0.0
202300050330,155 591 269,A01,2,7,0,2,1,1,1,0.0
202300050330,155 591 273,B01,1,3,0,2,1,17,1,0.0
202300050331,155 591 268,B01,1,31,0,2,1,1,1,0.0
202300050331,155 591 271,A01,1,7,0,2,3,15,1,0.0
202300050332,155 591 267,B01,2,1,0,0,0,1,5,0.0
202300050332,155 591 270,A01,2,2,0,0,0,16,1,0.0
202300050333,155 591 266,A01,1,15,0,1,2,20,1,0.0
202300050334,155 591 260,A01,1,7,6,0,1,2,1,0.0
202300050335,155 591 261,B01,2,7,0,2,4,23,1,0.0
202300050335,155 591 264,A01,2,1,1,2,1,2,5,0.0
202300050336,155 591 263,A01,2,7,0,2,1,1,1,0.0
202300050336,155 591 265,B01,1,10,0,2,2,15,1,0.0
202300050337,155 591 256,A01,2,1,0,2,8,15,5,0.0
202300050337,155 591 259,B01,2,31,0,2,1,2,3,0.0
202300050338,155 591 257,A01,1,7,0,2,3,1,1,0.0
202300050338,155 591 262,B01,1,1,0,2,1,19,5,0.0
202300050339,155 591 254,A01,3,33,0,2,1,2,1,0.0
202300050339,155 591 258,B01,3,7,0,2,6,2,1,0.0
202300050340,155 591 251,B01,2,7,0,2,4,23,1,0.0
202300050340,155 591 252,A01,2,32,0,2,1,2,1,0.0
202300050341,155 591 250,A01,1,7,0,2,1,15,1,0.0
202300050341,155 591 255,B01,2,2,0,2,8,1,1,0.0
202300050342,155 591 249,A01,2,33,0,6,1,1,1,0.0
202300050343,155 591 247,B01,1,1,0,2,7,1,5,0.0
202300050343,155 591 253,A01,1,7,0,2,3,9,1,0.0
202300050344,155 591 246,B01,1,1,0,2,6,11,5,0.0
202300050344,155 591 248,A01,1,31,0,2,2,1,1,0.0
202300050345,155 591 241,A01,2,2,0,2,5,14,1,0.0
202300050345,155 591 244,B01,2,32,0,2,3,2,1,0.0
202300050346,155 591 240,B01,1,7,0,2,3,1,1,0.0
202300050346,155 591 243,A01,1,7,0,2,1,15,1,0.0
202300050347,155 591 242,A01,3,7,0,2,2,26,1,0.0
202300050347,155 591 245,B01,3,10,0,2,3,0,1,0.0
202300050348,155 591 236,A01,0,7,0,2,7,10,0,0.0
202300050348,155 591 239,B01,2,50,0,2,2,2,3,0.0
202300050349,155 591 235,A01,3,7,0,2,3,1,1,0.0
202300050349,155 591 238,B01,3,7,0,2,2,1,1,0.0
202300050350,155 591 233,A01,1,7,0,0,1,1,1,0.0
202300050350,155 591 237,B01,1,7,6,0,5,1,1,0.0
202300050351,155 591 232,A01,2,7,0,2,1,15,1,0.0
202300050351,155 591 234,B01,2,7,0,2,3,1,2,0.0
202300050352,155 591 230,A01,1,43,0,2,1,21,1,0.0
202300050353,155 591 229,A01,1,7,0,2,1,1,1,0.0
202300050353,155 591 231,B01,1,7,14,0,4,15,1,0.0
202300050354,155 591 226,A01,2,10,0,1,1,15,1,0.0
202300050355,155 591 224,A01,1,2,0,2,1,2,1,0.0
202300050355,155 591 227,B01,3,7,0,0,4,1,1,0.0
202300050356,155 591 222,B01,1,80,0,2,7,1,3,0.0
202300050356,155 591 225,A01,1,7,0,2,1,15,1,0.0
202300050357,155 591 218,A01,1,10,0,2,5,19,1,0.0
202300050357,155 591 223,B01,2,33,0,2,1,1,1,0.0
202300050358,155 591 215,A01,1,7,0,2,3,15,1,0.0
202300050358,155 591 219,B01,1,33,0,2,1,1,1,0.0
202300050359,155 591 217,A01,1,15,0,2,1,16,1,0.0
202300050359,155 591 221,B01,1,1,0,2,8,1,5,0.0
202300050360,155 591 213,A01,0,7,0,2,2,1,1,0.0
202300050360,155 591 220,B01,0,21,0,2,4,16,1,0.0
202300050361,155 591 214,B01,3,1,0,2,7,2,5,0.0
202300050361,155 591 216,A01,2,7,0,2,1,1,2,0.0
202300050362,155 591 211,A01,2,7,1,0,1,0,2,0.0
202300050363,155 591 209,A01,0,2,0,0,0,0,1,0.0
202300050364,155 591 207,A01,1,7,0,2,1,2,1,0.0
202300050364,155 591 210,C01,1,7,0,2,4,23,1,0.0
202300050364,155 591 212,B01,1,7,0,2,4,23,1,0.0
202300050365,155 591 206,A01,2,40,0,1,1,26,3,0.0
202300050366,155 591 205,B01,3,7,0,2,2,1,1,0.0
202300050366,155 591 208,A01,2,1,0,2,1,19,5,0.0
202300050367,155 591 203,A01,1,7,13,0,1,1,1,0.0
202300050368,155 591 202,A01,1,7,0,1,1,0,1,0.0
202300050369,155 591 198,A01,2,7,2,0,3,0,1,0.0
202300050370,155 591 199,A01,3,7,0,2,1,2,2,0.0
202300050370,155 591 200,B01,3,1,0,2,8,17,5,0.0
202300050371,155 591 194,C01,3,7,0,2,4,1,0,0.0
202300050371,155 591 195,B01,1,7,1,0,0,26,0,0.0
202300050371,155 591 196,A01,1,1,0,2,1,2,5,0.0
202300050372,155 591 193,A01,1,36,5,2,0,13,1,0.0
202300050372,155 591 197,B01,1,7,0,2,2,1,1,0.0
202300050373,155 591 192,A01,1,7,13,0,0,1,1,0.0
202300050374,155 591 189,A01,3,2,0,0,1,0,1,0.0
202300050375,155 591 187,B01,1,13,0,0,1,23,1,0.0
202300050375,155 591 190,A01,2,43,0,1,1,3,1,0.0
202300050376,155 591 185,A01,3,7,0,9,1,1,1,0.0
202300050376,155 591 188,B01,3,1,0,2,3,1,5,0.0
202300050377,155 591 186,B01,3,7,0,2,1,1,1,0.0
202300050377,155 591 191,A01,3,1,0,2,8,1,5,0.0
202300050378,155 591 183,A01,2,7,0,1,1,1,1,0.0
202300050379,155 591 181,A01,2,7,0,1,3,1,1,0.0
202300050380,155 591 182,A01,2,2,14,0,1,1,1,0.0
202300050381,155 591 177,A01,2,7,0,2,8,9,1,0.0
202300050381,155 591 180,B01,1,32,0,2,1,1,1,0.0
202300050382,155 591 173,B01,2,1,0,2,1,1,5,0.0
202300050382,155 591 176,A01,1,7,0,9,3,1,0,0.0
202300050383,155 591 175,B01,1,7,0,2,0,0,1,0.0
202300050383,155 591 178,A01,0,32,0,2,2,16,1,0.0
202300050384,155 591 172,B01,3,50,0,2,8,19,3,0.0
202300050384,155 591 179,A01,2,7,0,2,1,15,1,0.0
202300050385,155 591 174,A01,1,7,0,2,1,2,1,0.0
202300050385,155 591 184,B01,1,1,0,2,4,2,5,0.0
202300050386,155 591 171,A01,2,2,2,0,1,14,1,0.0
202300050387,155 591 167,B01,1,7,0,2,8,15,1,0.0
202300050387,155 591 170,A01,1,7,0,2,3,1,1,0.0
202300050388,155 591 164,A01,1,10,0,2,1,15,1,0.0
202300050388,155 591 168,B01,1,50,0,2,7,1,3,0.0
202300050389,155 591 165,A01,2,7,1,0,1,14,1,0.0
202300050389,155 591 169,B01,0,21,0,2,6,23,1,0.0
202300050390,155 591 162,A01,2,30,0,2,2,21,1,0.0
202300050390,155 591 166,B01,3,7,0,2,1,15,1,0.0
202300050391,155 591 159,A01,2,33,0,2,2,17,1,0.0
202300050391,155 591 161,B01,2,7,0,0,6,2,1,0.0
202300050392,155 591 158,A01,1,50,0,0,1,2,3,0.0
202300050393,155 591 157,B01,3,33,0,2,7,1,1,0.0
202300050393,155 591 163,A01,3,7,0,2,8,9,1,0.0
202300050394,155 591 156,A01,0,7,0,2,8,9,0,0.0
202300050394,155 591 160,B01,0,31,0,2,1,1,1,0.0
202300050395,155 591 152,B01,1,33,0,2,1,1,0,0.0
202300050395,155 591 154,A01,3,10,0,2,2,1,0,0.0
202300050396,155 591 147,A01,2,7,0,2,3,10,1,0.0
202300050396,155 591 150,B01,2,33,0,2,1,1,1,0.0
202300050397,155 591 146,A01,1,7,8,0,4,0,0,0.0
202300050397,155 591 149,B01,1,7,0,0,4,0,1,0.0
202300050398,155 591 145,A01,2,7,0,1,1,1,0,0.0
202300050399,155 591 142,A01,2,7,0,2,3,10,0,0.0
202300050399,155 591 144,B01,2,32,0,2,2,3,1,0.0
202300050400,155 591 143,A01,2,2,0,2,1,1,1,0.0
202300050400,155 591 148,B01,1,7,0,2,5,1,1,0.0
202300050401,155 591 138,B01,1,7,0,2,3,1,1,0.0
202300050401,155 591 140,A01,2,7,0,2,3,13,1,0.0
202300050402,155 591 137,A01,2,33,11,2,1,1,1,0.0
202300050402,155 591 141,B01,2,34,0,2,8,1,1,0.0
202300050403,155 591 135,B01,2,7,0,2,1,1,1,0.0
202300050403,155 591 139,A01,3,10,0,2,6,19,1,0.0
202300050404,155 591 136,A01,1,7,1,0,0,1,1,0.0
202300050405,155 591 134,A01,2,7,6,0,1,1,1,0.0
202300050406,155 591 129,A01,1,50,1,0,1,25,3,0.0
202300050407,155 591 128,A01,3,7,0,2,2,19,1,0.0
202300050407,155 591 133,B01,1,1,0,2,3,1,5,0.0
202300050408,155 591 127,B01,1,7,3,0,1,2,3,0.0
202300050408,155 591 131,A01,1,7,3,0,9,2,1,0.0
202300050409,155 591 126,A01,2,7,8,0,1,26,1,0.0
202300050410,155 591 123,A01,3,7,0,1,1,1,1,0.0
202300050411,155 591 121,A01,2,7,0,2,9,1,1,0.0
202300050411,155 591 125,B01,2,7,0,2,1,2,1,0.0
202300050412,155 591 118,A01,2,7,4,0,1,2,1,0.0
202300050412,155 591 120,B01,2,7,4,0,4,2,1,0.0
202300050412,155 591 122,C01,2,7,4,0,6,2,1,0.0
202300050413,155 591 114,A01,1,7,0,1,2,1,1,0.0
202300050414,155 591 108,A01,3,30,0,2,1,1,1,0.0
202300050414,155 591 112,B01,3,7,0,2,3,1,1,0.0
202300050415,155 591 107,A01,3,2,0,2,3,17,1,0.0
202300050415,155 591 111,B01,3,7,0,2,3,1,1,0.0
202300050415,155 591 116,C01,3,7,0,2,6,1,1,0.0
202300050416,155 591 104,A01,1,10,0,2,1,1,1,0.0
202300050416,155 591 109,C01,1,7,0,2,4,15,1,0.0
202300050416,155 591 113,B01,1,33,0,2,1,1,1,0.0
202300050417,155 591 102,C01,1,7,0,2,4,1,0,0.0
202300050417,155 591 105,A01,1,10,0,2,1,1,0,0.0
202300050417,155 591 110,B01,1,7,0,2,1,1,1,0.0
202300050418,155 591 101,A01,2,7,0,1,1,15,1,0.0
202300050419,155 591 100,A01,1,7,0,2,0,1,1,0.0
202300050420,155 591 096,A01,1,7,0,2,1,13,1,0.0
202300050420,155 591 098,B01,2,7,0,2,1,1,1,0.0
202300050421,155 591 095,A01,2,80,0,2,1,1,2,0.0
202300050421,155 591 099,B01,3,7,0,2,2,15,1,0.0
202300050422,155 591 097,A01,1,7,6,0,1,0,1,0.0
202300050423,155 591 092,A01,2,7,0,2,2,1,1,0.0
202300050423,155 591 093,B01,2,7,0,2,4,1,1,0.0
202300050424,155 591 091,A01,3,7,0,2,1,1,1,0.0
202300050424,155 591 094,B01,3,7,0,2,7,15,1,0.0
202300050425,155 591 089,B01,2,33,6,2,8,1,1,0.0
202300050425,155 591 090,A01,1,10,0,2,8,13,1,0.0
202300050426,155 591 086,A01,1,10,0,2,1,0,1,0.0
202300050426,155 591 088,B01,2,10,0,2,1,0,1,0.0
202300050427,155 591 085,A01,2,7,0,2,1,2,1,0.0
202300050427,155 591 087,B01,2,10,0,2,4,2,1,0.0
202300050428,155 591 080,A01,1,7,0,2,3,1,1,0.0
202300050428,155 591 083,B01,2,10,0,2,3,13,1,0.0
202300050429,155 591 077,A01,2,30,0,0,0,1,0,0.0
202300050430,155 591 081,B01,1,7,0,2,1,1,1,0.0
202300050430,155 591 084,A01,2,10,0,2,5,15,1,0.0
202300050431,155 591 076,A01,2,33,0,2,1,1,1,0.0
202300050431,155 591 079,B01,2,7,0,2,4,1,1,0.0
202300050432,155 591 073,A01,1,7,15,0,3,13,3,0.0
202300050433,155 591 072,B01,2,7,3,0,4,2,2,0.0
202300050433,155 591 074,A01,2,10,3,2,1,1,1,0.0
202300050434,155 591 078,B01,1,10,0,2,3,1,1,0.0
202300050434,155 591 082,A01,1,7,0,2,0,1,1,0.0
202300050435,155 591 071,A01,1,7,0,2,3,1,1,0.0
202300050435,155 591 075,B01,2,31,0,2,1,13,1,0.0
202300050436,155 591 068,A01,1,7,0,2,0,15,1,0.0
202300050436,155 591 070,B01,1,30,0,2,8,15,1,0.0
202300050437,155 591 066,A01,1,7,0,2,3,9,1,0.0
202300050437,155 591 069,B01,2,31,0,2,7,1,1,0.0
202300050438,155 591 062,A01,2,7,0,2,4,2,1,0.0
202300050438,155 591 065,B01,2,7,0,2,1,2,1,0.0
202300050438,155 591 067,C01,2,7,0,2,1,2,1,0.0
202300050439,155 591 058,A01,1,7,0,1,7,16,1,0.0
202300050440,155 591 059,A01,1,7,0,2,3,10,1,0.0
202300050440,155 591 063,B01,2,33,0,2,2,17,1,0.0
202300050441,155 591 056,B01,2,2,0,2,1,1,1,0.0
202300050441,155 591 061,A01,2,7,0,2,8,19,1,0.0
202300050442,155 591 060,Z01,3,7,0,2,1,5,0,0.0
202300050442,155 591 064,A01,3,50,0,2,1,1,3,0.0
202300050443,155 591 054,B01,1,7,0,2,4,2,1,0.0
202300050443,155 591 055,C01,1,7,0,2,5,2,1,0.0
202300050443,155 591 057,A01,1,7,0,2,1,12,1,0.0
202300050444,155 591 047,B01,3,7,0,2,3,1,1,0.0
202300050444,155 591 051,A01,3,32,0,2,1,13,0,0.0
202300050445,155 591 050,A01,2,10,0,2,8,9,1,0.0
202300050445,155 591 052,B01,2,34,0,2,7,3,1,0.0
202300050446,155 591 046,B01,1,7,0,2,8,1,1,0.0
202300050446,155 591 049,A01,1,7,0,2,2,12,1,0.0
202300050447,155 591 048,A01,3,33,0,2,1,1,1,0.0
202300050447,155 591 053,B01,3,10,0,2,5,15,1,0.0
202300050448,155 591 043,A01,1,7,0,1,1,1,1,0.0
202300050449,155 591 040,A01,3,32,3,2,2,2,1,0.0
202300050450,155 591 038,A01,3,7,0,2,2,2,1,0.0
202300050450,155 591 039,B01,3,7,0,2,6,2,1,0.0
202300050451,155 591 035,B01,2,1,0,2,7,26,5,0.0
202300050451,155 591 037,A01,2,7,0,2,1,1,1,0.0
202300050452,155 591 033,A01,1,7,0,2,7,1,1,0.0
202300050452,155 591 036,B01,1,1,0,2,4,19,5,0.0
202300050453,155 591 032,A01,1,7,0,2,1,12,1,0.0
202300050453,155 591 034,B01,1,15,0,0,4,23,1,0.0
202300050454,155 591 028,A01,0,7,0,2,1,1,1,0.0
202300050454,155 591 030,B01,1,37,0,2,4,1,4,1.0