num_acc,id_vehicule,num_veh,senc,catv,obs,obsm,choc,manv,motor,occutc
202300050455,155 591 044,A01,3,7,0,0,3,16,1,0.0
202300050456,155 591 029,B01,1,34,0,2,1,1,1,0.0
202300050456,155 591 031,A01,1,7,0,2,2,16,1,0.0
202300050457,155 591 027,A01,2,7,2,0,1,14,1,0.0
202300050458,155 591 022,A01,1,7,3,0,7,0,1,0.0
202300050459,155 591 020,A01,1,7,0,2,1,9,1,0.0
202300050459,155 591 023,B01,1,1,0,2,4,0,5,0.0
202300050460,155 591 021,A01,2,34,0,2,1,17,1,0.0
202300050460,155 591 026,B01,2,7,0,2,8,15,1,0.0
202300050461,155 591 019,A01,3,2,0,2,0,21,1,0.0
202300050461,155 591 025,Z01,3,7,0,2,0,1,0,0.0
202300050462,155 591 018,B01,3,1,0,2,1,1,5,0.0
202300050462,155 591 024,A01,3,7,0,2,1,9,1,0.0
202300050463,155 591 015,B01,1,10,0,2,1,1,1,0.0
202300050463,155 591 017,A01,1,7,0,2,8,16,1,0.0
202300050464,155 591 013,A01,2,10,0,1,1,26,1,0.0
202300050465,155 591 012,A01,1,10,0,2,1,1,1,0.0
202300050465,155 591 014,B01,1,7,0,2,4,1,1,0.0
202300050466,155 591 009,A01,1,7,0,2,2,9,1,0.0
202300050466,155 591 011,B01,1,30,0,2,1,1,1,0.0
202300050467,155 591 008,B01,1,7,0,2,5,1,1,0.0
202300050467,155 591 010,A01,1,33,0,2,1,2,1,0.0
202300050468,155 591 005,B01,2,30,0,2,1,1,1,0.0
202300050468,155 591 007,A01,1,7,0,2,2,15,1,0.0
202300050469,155 591 006,A01,0,7,0,1,1,16,0,0.0
202300050470,155 591 016,A01,2,31,16,0,3,1,1,0.0
202300050471,155 591 004,A01,3,7,0,1,1,16,2,0.0
202300050472,155 591 002,A01,1,10,6,0,1,13,1,0.0
202300050473,155 590 999,A01,1,7,0,1,4,4,1,0.0
202300050474,155 591 000,B01,0,7,9,2,5,15,0,0.0
202300050474,155 591 003,A01,0,10,9,2,2,2,1,0.0
202300050475,155 590 997,A01,2,2,0,0,0,1,1,0.0
202300050475,155 591 001,B01,0,0,0,0,0,0,0,0.0
202300050476,155 590 998,A01,1,7,0,1,1,15,1,0.0
202300050477,155 590 996,A01,3,37,1,1,3,1,1,1.0
202300050478,155 590 993,A01,2,7,0,2,1,26,1,0.0
202300050478,155 590 995,B01,1,7,0,2,4,26,1,0.0
202300050479,155 590 990,A01,1,10,0,2,2,15,1,0.0
202300050479,155 590 994,B01,2,33,0,2,1,1,1,0.0
202300050480,155 590 989,A01,2,7,0,0,2,1,1,0.0
202300050481,155 590 988,A01,2,80,0,2,3,5,3,0.0
202300050481,155 590 991,B01,1,7,0,2,3,1,1,0.0
202300050482,155 590 987,A01,1,7,0,1,1,9,1,0.0
202300050483,155 590 984,A01,2,33,0,0,0,17,1,0.0
202300050484,155 590 983,A01,1,7,0,2,1,9,1,0.0
202300050484,155 590 986,B01,1,10,0,2,4,9,1,0.0
202300050485,155 590 981,A01,1,7,4,0,1,1,1,0.0
202300050486,155 590 982,A01,1,10,0,2,1,15,1,0.0
202300050486,155 590 992,B01,2,1,0,2,8,1,5,0.0
202300050487,155 590 980,B01,1,30,0,2,8,1,1,0.0
202300050487,155 590 985,A01,2,7,0,2,3,15,1,0.0
202300050488,155 590 979,A01,2,7,0,1,7,19,1,0.0
202300050489,155 590 975,B01,1,7,0,2,3,15,1,0.0
202300050489,155 590 977,A01,2,50,0,2,8,1,3,0.0
202300050490,155 590 974,A01,1,7,0,2,2,1,1,0.0
202300050490,155 590 978,B01,1,7,0,2,3,2,1,0.0
202300050491,155 590 973,A01,1,10,4,0,2,2,1,0.0
202300050491,155 590 976,B01,1,7,4,0,4,2,1,0.0
202300050492,155 590 969,A01,2,7,4,0,1,14,1,0.0
202300050493,155 590 970,A01,3,7,0,2,2,1,1,0.0
202300050493,155 590 971,B01,3,32,0,2,3,1,1,0.0
202300050494,155 590 968,A01,2,7,0,2,1,2,1,0.0
202300050494,155 590 972,B01,2,7,0,2,4,2,1,0.0
202300050495,155 590 964,A01,3,7,0,1,1,1,1,0.0
202300050496,155 590 965,B01,0,50,0,2,1,1,3,0.0
202300050496,155 590 966,A01,0,7,0,2,6,1,1,0.0
202300050497,155 590 961,T01,3,7,1,0,0,0,1,0.0
202300050497,155 590 963,A01,3,50,0,2,8,1,3,0.0
202300050497,155 590 967,Z01,3,10,0,2,0,2,0,0.0
202300050498,155 590 960,A01,2,7,0,2,5,23,1,0.0
202300050498,155 590 962,B01,2,31,0,2,1,2,1,0.0
202300050499,155 590 956,A01,1,7,0,2,3,15,1,0.0
202300050499,155 590 958,B01,2,33,0,2,8,1,1,0.0
202300050500,155 590 955,B01,1,32,0,2,2,1,1,0.0
202300050500,155 590 959,A01,2,7,0,9,2,15,1,0.0
202300050501,155 590 952,B01,1,60,0,0,0,0,5,0.0
202300050502,155 590 951,A01,0,7,15,0,3,1,0,0.0
202300050502,155 590 953,B01,3,7,14,0,2,1,0,0.0
202300050503,155 590 949,A01,3,7,0,9,1,9,1,0.0
202300050503,155 590 954,B01,3,50,0,2,7,1,3,0.0
202300050504,155 590 947,B01,2,7,0,2,4,2,1,0.0
202300050504,155 590 950,A01,2,2,0,2,1,2,1,0.0
202300050505,155 590 948,A01,1,7,0,2,7,17,1,0.0
202300050505,155 590 957,B01,1,2,0,2,8,15,1,0.0
202300050506,155 590 945,A01,1,2,1,0,2,1,1,0.0
202300050507,155 590 944,A01,3,7,14,0,1,1,1,0.0
202300050508,155 590 943,A01,3,7,0,2,1,15,1,0.0
202300050508,155 590 946,B01,0,32,0,2,8,0,1,0.0
202300050509,155 590 942,A01,2,7,16,0,9,1,1,0.0
202300050510,155 590 936,A01,1,7,0,1,3,1,1,0.0
202300050511,155 590 937,A01,1,10,0,2,3,16,1,0.0
202300050511,155 590 940,B01,1,7,0,2,7,0,0,0.0
202300050512,155 590 938,A01,1,1,0,2,1,1,5,0.0
202300050512,155 590 941,B01,1,7,0,2,7,16,1,0.0
202300050513,155 590 934,B01,3,7,0,0,2,1,1,0.0
202300050513,155 590 939,A01,3,7,15,0,7,1,1,0.0
202300050514,155 590 932,Z01,1,7,0,2,1,2,1,0.0
202300050514,155 590 933,B01,1,7,0,2,4,23,1,0.0
202300050514,155 590 935,C01,1,7,0,2,5,23,0,0.0
202300050515,155 590 931,A01,3,7,9,0,1,14,1,0.0
202300050516,155 590 928,B01,1,7,0,2,3,9,1,0.0
202300050516,155 590 929,A01,1,31,0,2,2,1,1,0.0
202300050517,155 590 925,A01,1,7,8,0,2,1,1,0.0
202300050518,155 590 923,B01,1,2,0,2,1,0,1,0.0
202300050518,155 590 927,A01,1,7,0,2,2,0,1,0.0
202300050519,155 590 922,Z01,1,17,0,2,2,12,0,0.0
202300050519,155 590 926,B01,1,7,0,2,6,1,1,0.0
202300050520,155 590 919,A01,1,32,14,0,1,1,1,0.0
202300050521,155 590 918,A01,2,7,4,0,3,1,1,0.0
202300050522,155 590 920,A01,2,7,0,1,1,1,1,0.0
202300050523,155 590 911,A01,3,7,0,0,7,1,1,0.0
202300050524,155 590 912,A01,2,7,0,2,1,1,0,0.0
202300050524,155 590 915,B01,2,7,0,2,4,1,0,0.0
202300050524,155 590 916,C01,2,7,0,2,4,1,0,0.0
202300050525,155 590 909,A01,2,7,0,2,3,9,1,0.0
202300050525,155 590 913,B01,2,1,0,2,7,2,5,0.0
202300050526,155 590 910,A01,3,30,6,0,7,14,1,0.0
202300050527,155 590 908,A01,2,7,0,2,1,1,1,0.0
202300050527,155 590 914,B01,1,7,0,2,2,15,1,0.0
202300050528,155 590 905,B01,1,1,0,2,1,1,5,0.0
202300050528,155 590 907,A01,2,7,0,2,1,15,1,0.0
202300050529,155 590 904,A01,2,33,0,0,8,1,1,0.0
202300050530,155 590 903,A01,1,43,0,2,8,1,1,0.0
202300050530,155 590 906,Z01,1,7,0,2,7,9,1,0.0
202300050531,155 590 902,A01,2,7,0,1,8,1,1,0.0
202300050532,155 590 901,A01,1,80,10,0,1,21,3,0.0
202300050533,155 590 897,A01,0,50,8,0,1,1,3,0.0
202300050534,155 590 896,A01,1,7,0,2,1,2,1,0.0
202300050534,155 590 899,B01,1,7,0,2,4,2,1,0.0
202300050535,155 590 895,B01,3,33,0,2,1,1,1,0.0
202300050535,155 590 898,A01,3,7,0,0,2,15,1,0.0
202300050536,155 590 894,A01,1,1,0,0,8,1,5,0.0
202300050537,155 590 892,A01,2,7,13,0,7,14,1,0.0
202300050538,155 590 890,A01,1,7,13,0,9,1,0,0.0
202300050539,155 590 889,A01,0,7,0,1,1,1,0,0.0
202300050540,155 590 886,A01,2,7,0,2,1,1,0,0.0
202300050540,155 590 888,B01,2,7,0,2,4,1,0,0.0
202300050540,155 590 891,C01,2,7,0,2,4,1,0,0.0
202300050541,155 590 885,A01,1,31,0,2,8,13,1,0.0
202300050541,155 590 893,B01,1,7,0,2,7,17,1,0.0
202300050542,155 590 884,A01,2,7,0,2,4,2,1,0.0
202300050542,155 590 887,Z01,2,7,0,2,1,2,0,0.0
202300050543,155 590 882,A01,3,30,0,0,8,26,1,0.0
202300050544,155 590 883,A01,2,33,0,0,1,1,1,0.0
202300050545,155 590 876,B01,2,1,0,2,0,0,5,0.0
202300050545,155 590 879,A01,3,7,0,9,0,17,1,0.0
202300050546,155 590 875,A01,2,10,0,2,1,1,1,0.0
202300050546,155 590 878,B01,2,7,0,2,4,1,2,0.0
202300050547,155 590 874,B01,2,37,0,2,3,9,3,2.0
202300050547,155 590 881,A01,2,7,0,2,2,1,2,0.0
202300050548,155 590 873,A01,1,7,0,2,1,13,1,0.0
202300050548,155 590 877,B01,2,7,0,2,1,1,1,0.0
202300050549,155 590 869,A01,2,50,0,0,0,1,3,0.0
202300050550,155 590 872,B01,1,2,0,2,1,1,1,0.0
202300050550,155 590 880,A01,2,7,0,0,3,13,1,0.0
202300050551,155 590 868,A01,1,7,0,2,6,1,1,0.0
202300050551,155 590 871,B01,1,7,0,2,3,1,1,0.0
202300050552,155 590 866,A01,2,7,0,2,1,2,1,0.0
202300050553,155 590 867,A01,2,37,0,2,7,1,2,1.0
202300050553,155 590 870,B01,2,34,0,2,3,3,1,0.0
202300050554,155 590 864,A01,3,7,0,2,4,15,1,0.0
202300050554,155 590 865,B01,3,80,0,2,4,15,3,0.0
202300050555,155 590 863,A01,1,33,0,2,8,3,1,0.0
202300050556,155 590 859,A01,2,15,0,2,8,1,1,0.0
202300050556,155 590 862,B01,1,7,13,9,8,1,1,0.0
202300050557,155 590 858,A01,1,7,0,2,2,22,1,0.0
202300050557,155 590 860,B01,1,50,0,2,1,1,3,0.0
202300050558,155 590 856,A01,1,7,0,1,1,1,1,0.0
202300050559,155 590 857,A01,2,2,0,2,1,17,1,0.0
202300050559,155 590 861,B01,2,7,0,2,8,15,1,0.0
202300050560,155 590 852,A01,2,7,0,2,1,1,1,0.0
202300050560,155 590 855,B01,2,7,0,2,4,1,1,0.0
202300050561,155 590 851,Z01,2,50,0,1,0,25,3,0.0
202300050562,155 590 849,A01,2,7,0,1,1,1,1,0.0
202300050563,155 590 846,A01,2,7,0,2,7,1,1,0.0
202300050563,155 590 850,B01,2,1,0,2,7,1,5,0.0
202300050564,155 590 843,B01,1,7,0,2,4,1,1,0.0
202300050564,155 590 847,A01,1,7,7,2,1,15,1,0.0
202300050565,155 590 844,A01,1,2,0,2,3,19,1,0.0
202300050565,155 590 848,B01,1,7,0,2,2,1,1,0.0
202300050566,155 590 842,B01,1,7,0,2,3,1,1,0.0
202300050566,155 590 845,A01,1,50,0,2,3,17,3,0.0
202300050567,155 590 838,A01,2,7,0,1,1,1,1,0.0
202300050568,155 590 836,B01,2,1,1,0,7,1,5,0.0
202300050568,155 590 840,A01,0,7,0,2,2,0,1,0.0
202300050569,155 590 832,A01,1,7,12,0,1,14,1,0.0
202300050570,155 590 833,C01,2,7,0,0,0,2,1,0.0
202300050570,155 590 835,B01,1,7,0,2,2,2,1,0.0
202300050570,155 590 839,A01,2,7,0,2,1,17,1,0.0
202300050571,155 590 831,A01,1,10,0,4,7,16,1,0.0
202300050571,155 590 834,B01,1,40,0,2,1,1,3,0.0
202300050572,155 590 830,A01,1,7,0,2,1,0,1,0.0
202300050572,155 590 837,B01,1,7,0,2,0,0,1,0.0
202300050572,155 590 841,C01,1,7,0,2,1,23,1,0.0
202300050573,155 590 826,A01,1,7,0,2,1,1,1,0.0
202300050573,155 590 828,B01,1,1,0,2,8,16,5,0.0
202300050574,155 590 825,A01,1,7,0,2,3,1,1,0.0
202300050574,155 590 829,B01,2,1,0,2,1,1,5,0.0
202300050575,155 590 823,A01,1,7,8,0,8,17,1,0.0
202300050576,155 590 824,A01,2,32,1,1,1,17,1,0.0
202300050577,155 590 819,A01,1,17,0,2,1,1,1,0.0
202300050577,155 590 822,B01,1,7,0,2,1,13,1,0.0
202300050578,155 590 820,A01,1,7,0,2,2,1,1,0.0
202300050578,155 590 827,B01,2,7,0,2,5,2,1,0.0
202300050579,155 590 818,B01,1,33,0,2,3,1,1,0.0
202300050579,155 590 821,A01,1,7,0,2,3,1,1,0.0
202300050580,155 590 814,B01,2,2,0,2,1,26,1,0.0
202300050580,155 590 817,Z01,1,10,0,2,0,13,1,0.0
202300050581,155 590 812,A01,2,50,0,2,8,3,3,0.0
202300050581,155 590 816,Z01,3,7,0,2,3,1,0,0.0
202300050582,155 590 811,B01,2,7,0,2,4,1,1,0.0
202300050582,155 590 815,A01,2,3,0,2,1,21,1,0.0
202300050583,155 590 810,A01,1,7,0,2,1,1,1,0.0
202300050583,155 590 813,B01,2,7,0,2,3,1,1,0.0
202300050584,155 590 807,A01,3,7,0,2,3,9,1,0.0
202300050584,155 590 809,B01,3,33,0,2,1,21,1,0.0
202300050585,155 590 804,A01,1,7,4,2,0,0,1,0.0
202300050585,155 590 808,B01,1,7,0,2,8,1,1,0.0
202300050586,155 590 803,A01,1,0,0,2,1,0,0,0.0
202300050586,155 590 806,B01,1,7,0,0,4,2,1,0.0
202300050587,155 590 802,A01,1,7,0,2,2,15,1,0.0
202300050587,155 590 805,B01,1,43,0,2,1,1,1,0.0
202300050588,155 590 801,A01,1,13,0,1,2,1,1,0.0
202300050589,155 590 798,A01,1,7,0,1,1,1,1,0.0
202300050590,155 590 797,A01,1,7,0,2,6,15,1,0.0
202300050590,155 590 800,B01,1,7,0,2,3,15,1,0.0
202300050591,155 590 796,A01,2,7,0,1,2,1,1,0.0
202300050592,155 590 795,B01,3,33,0,2,1,1,1,0.0
202300050592,155 590 799,A01,3,2,0,2,7,15,1,0.0
202300050593,155 590 794,A01,1,7,0,1,1,1,1,0.0
202300050594,155 590 791,A01,1,7,0,1,1,1,1,0.0
202300050595,155 590 792,A01,1,7,0,0,0,16,3,0.0
202300050595,155 590 793,B01,1,1,0,2,8,1,5,0.0
202300050596,155 590 789,A01,3,7,0,1,5,4,1,0.0
202300050597,155 590 790,A01,2,7,6,0,2,14,1,0.0
202300050598,155 590 785,B01,1,30,0,0,1,21,1,0.0
202300050598,155 590 787,A01,1,7,0,2,0,4,1,0.0
202300050599,155 590 786,A01,3,1,1,0,1,1,5,0.0
202300050600,155 590 782,B01,2,34,0,2,7,1,0,0.0
202300050600,155 590 784,A01,2,7,0,2,3,9,0,0.0
202300050601,155 590 781,A01,2,33,12,2,1,18,1,0.0
202300050601,155 590 788,B01,2,80,12,2,4,1,5,0.0
202300050602,155 590 779,A01,1,7,0,1,1,15,1,0.0
202300050603,155 590 778,A01,1,33,12,0,2,14,1,0.0
202300050604,155 590 776,A01,1,7,2,0,1,1,1,0.0
202300050605,155 590 775,A01,1,7,3,0,2,1,1,0.0
202300050606,155 590 774,A01,2,7,14,0,1,6,1,0.0
202300050606,155 590 777,C01,2,7,0,0,6,0,0,0.0
202300050606,155 590 780,B01,2,7,0,2,6,23,0,0.0
202300050606,155 590 783,D01,2,7,0,2,3,0,0,0.0
202300050607,155 590 771,A01,2,50,0,2,2,19,3,0.0
202300050607,155 590 773,B01,2,33,0,2,1,1,1,0.0
202300050608,155 590 767,A01,3,10,0,1,1,1,1,0.0
202300050609,155 590 769,A01,1,10,0,2,1,11,1,0.0
202300050609,155 590 772,B01,1,30,0,2,2,1,1,0.0
202300050610,155 590 765,A01,1,7,0,2,1,1,1,0.0
202300050610,155 590 770,B01,2,7,0,2,7,1,1,0.0
202300050611,155 590 766,A01,1,38,0,2,2,13,1,1.0
202300050611,155 590 768,B01,1,7,0,2,6,15,1,0.0
202300050612,155 590 762,A01,2,7,0,1,3,1,1,0.0
202300050613,155 590 759,A01,1,7,0,2,1,17,1,0.0
202300050613,155 590 761,B01,1,31,0,2,6,15,1,0.0
202300050614,155 590 760,B01,1,7,0,2,2,1,3,0.0
202300050614,155 590 764,A01,2,34,0,2,3,15,1,0.0
202300050615,155 590 757,A01,1,7,0,2,3,1,1,0.0
202300050615,155 590 763,B01,1,33,0,2,1,1,1,0.0
202300050616,155 590 756,A01,2,7,0,2,1,1,1,0.0
202300050616,155 590 758,B01,1,10,0,2,1,17,1,0.0
202300050617,155 590 754,A01,1,7,1,0,9,13,1,0.0
202300050618,155 590 753,A01,0,10,0,1,6,4,1,0.0
202300050619,155 590 751,A01,3,36,16,0,3,1,1,0.0
202300050620,155 590 752,A01,2,1,0,2,7,17,5,0.0
202300050620,155 590 755,B01,2,1,0,2,8,2,5,0.0
202300050621,155 590 750,A01,2,7,0,1,3,1,1,0.0
202300050622,155 590 749,A01,1,7,2,0,1,14,1,0.0
202300050623,155 590 745,A01,1,2,0,0,8,1,1,0.0
202300050624,155 590 743,A01,1,30,0,0,0,17,3,0.0
202300050625,155 590 744,A01,2,7,0,2,8,9,1,0.0
202300050625,155 590 747,B01,2,7,0,2,1,1,1,0.0
202300050626,155 590 742,A01,1,7,0,1,2,1,1,0.0
202300050627,155 590 738,B01,2,50,0,2,7,26,3,0.0
202300050627,155 590 741,Z01,1,10,0,2,1,1,0,0.0
202300050628,155 590 739,A01,1,33,4,0,1,14,1,0.0
202300050629,155 590 736,A01,2,7,0,2,1,9,1,0.0
202300050629,155 590 740,B01,2,1,0,0,8,5,5,0.0
202300050630,155 590 735,A01,3,7,0,2,2,1,1,0.0
202300050630,155 590 737,B01,3,7,0,2,1,1,1,0.0
202300050631,155 590 730,B01,1,1,0,2,0,26,5,0.0
202300050631,155 590 733,A01,1,7,0,2,1,1,1,0.0
202300050632,155 590 732,A01,2,7,0,2,1,13,1,0.0
202300050632,155 590 734,B01,1,10,0,2,1,1,1,0.0
202300050633,155 590 727,B01,2,32,0,2,1,1,1,0.0
202300050633,155 590 731,A01,1,7,0,2,3,9,1,0.0
202300050634,155 590 725,B01,2,7,0,2,2,9,1,0.0
202300050634,155 590 729,A01,2,33,0,9,5,1,1,0.0
202300050635,155 590 722,B01,1,33,0,2,7,2,1,0.0
202300050635,155 590 728,A01,3,7,0,2,3,9,2,0.0
202300050636,155 590 723,A01,2,3,0,0,0,1,6,0.0
202300050637,155 590 724,B01,1,1,0,2,1,1,5,0.0
202300050637,155 590 726,A01,2,7,0,2,2,15,1,0.0
202300050638,155 590 719,A01,2,7,0,9,1,1,1,0.0
202300050638,155 590 721,B01,2,50,0,2,2,19,3,0.0
202300050639,155 590 720,A01,1,33,0,0,0,26,1,0.0
202300050640,155 590 717,A01,3,3,0,1,7,1,0,0.0
202300050641,155 590 715,A01,2,7,0,2,1,2,3,0.0
202300050641,155 590 718,B01,2,7,0,2,4,2,1,0.0
202300050642,155 590 716,A01,0,2,0,0,0,0,0,0.0
202300050643,155 590 714,A01,1,7,0,1,1,1,1,0.0
202300050644,155 590 713,B01,1,7,0,1,4,19,0,0.0
202300050645,155 590 709,B01,3,7,0,2,0,0,1,0.0
202300050645,155 590 711,A01,3,7,0,2,3,15,1,0.0
202300050646,155 590 704,A01,1,7,12,0,1,14,1,0.0
202300050647,155 590 707,B01,1,31,0,2,1,1,1,0.0
202300050647,155 590 710,A01,2,7,0,2,1,15,1,0.0
202300050648,155 590 705,A01,2,7,0,2,3,13,1,0.0
202300050648,155 590 708,B01,1,7,1,2,8,1,1,0.0
202300050648,155 590 712,C01,1,7,0,2,1,1,1,0.0
202300050649,155 590 703,B01,3,32,0,2,1,1,0,0.0
202300050649,155 590 706,A01,3,7,0,2,1,9,0,0.0
202300050650,155 590 702,A01,2,7,2,0,1,1,1,0.0
202300050651,155 590 701,A01,1,7,2,6,1,1,0,0.0
202300050652,155 590 697,B01,2,7,0,2,3,15,3,0.0
202300050652,155 590 700,A01,1,1,0,2,1,1,5,0.0
202300050653,155 590 693,B01,1,1,0,2,9,1,5,0.0
202300050653,155 590 696,A01,1,21,0,2,5,17,1,0.0
202300050654,155 590 694,B01,2,7,8,2,6,1,2,0.0
202300050654,155 590 699,A01,1,7,0,2,3,1,1,0.0
202300050655,155 590 695,B01,1,7,0,2,4,2,1,0.0
202300050655,155 590 698,A01,1,2,0,2,1,2,1,0.0
202300050656,155 590 690,A01,1,32,15,0,3,1,1,0.0
202300050657,155 590 689,A01,2,7,0,2,3,15,1,0.0
202300050657,155 590 691,B01,1,1,0,2,8,1,5,0.0
202300050658,155 590 687,A01,2,10,8,0,2,1,1,0.0
202300050659,155 590 686,A01,0,7,5,0,9,2,1,0.0
202300050660,155 590 684,B01,2,1,0,2,1,1,5,0.0
202300050660,155 590 688,A01,3,7,0,2,8,10,1,0.0
202300050661,155 590 683,A01,0,7,0,9,0,0,1,0.0
202300050661,155 590 685,B01,3,1,0,2,0,13,5,0.0
202300050662,155 590 681,A01,1,33,0,0,0,1,1,0.0
202300050663,155 590 679,A01,1,7,1,0,2,1,1,0.0
202300050664,155 590 676,A01,1,30,0,2,1,17,1,0.0
202300050664,155 590 680,C01,2,7,0,2,3,1,1,0.0
202300050664,155 590 682,B01,1,7,0,2,6,1,1,0.0
202300050665,155 590 677,A01,1,7,0,1,1,16,1,0.0
202300050666,155 590 674,A01,1,33,0,2,1,1,1,0.0
202300050666,155 590 678,B01,1,7,0,2,3,15,1,0.0
202300050667,155 590 670,A01,3,2,0,0,1,16,1,0.0
202300050668,155 590 672,B01,0,7,0,2,1,1,1,0.0
202300050668,155 590 675,A01,0,35,0,2,7,1,1,0.0
202300050669,155 590 667,A01,0,7,0,2,3,10,1,0.0
202300050669,155 590 669,B01,0,33,0,2,1,17,1,0.0
202300050670,155 590 668,A01,1,7,0,1,1,15,1,0.0
202300050671,155 590 666,A01,2,7,13,0,8,13,1,0.0
202300050672,155 590 664,A01,1,7,3,0,1,0,1,0.0
202300050673,155 590 663,A01,1,50,0,2,1,1,3,0.0
202300050673,155 590 665,B01,3,10,0,2,3,16,1,0.0
202300050674,155 590 658,A01,1,30,0,2,6,1,1,0.0
202300050674,155 590 661,B01,1,10,0,2,2,12,1,0.0
202300050675,155 590 660,X01,0,7,0,1,1,0,0,0.0
202300050676,155 590 657,B01,2,7,0,2,0,0,1,0.0
202300050676,155 590 659,A01,2,7,0,2,1,2,1,0.0
202300050676,155 590 662,C01,2,7,0,2,4,2,1,0.0
202300050677,155 590 656,A01,1,10,0,1,5,1,1,0.0
202300050678,155 590 651,A01,3,7,0,2,4,23,1,0.0
202300050678,155 590 654,B01,3,7,0,2,2,21,1,0.0
202300050679,155 590 650,A01,2,7,2,0,3,1,1,0.0
202300050680,155 590 648,A01,3,7,0,2,4,1,1,0.0
202300050680,155 590 653,B01,3,7,0,2,4,1,1,0.0
202300050680,155 590 655,C01,3,7,0,0,4,23,1,0.0
202300050681,155 590 647,B01,3,1,0,2,1,0,5,0.0
202300050681,155 590 652,A01,3,7,0,2,1,0,1,0.0
202300050682,155 590 646,B01,1,10,0,2,2,15,1,0.0
202300050682,155 590 649,A01,1,32,0,2,3,1,1,0.0
202300050683,155 590 642,A01,3,2,15,0,1,1,1,0.0
202300050684,155 590 640,A01,3,7,0,1,1,1,1,0.0
202300050685,155 590 641,A01,1,10,0,2,1,15,1,0.0
202300050685,155 590 644,B01,2,33,0,2,1,1,1,0.0
202300050686,155 590 637,A01,1,10,0,2,3,15,1,0.0
202300050686,155 590 639,B01,1,33,0,0,2,1,1,0.0
202300050687,155 590 636,A01,3,7,0,1,1,1,1,0.0
202300050688,155 590 635,B01,3,30,0,2,8,1,1,0.0
202300050688,155 590 638,A01,3,34,0,2,1,19,1,0.0
202300050689,155 590 634,A01,2,33,0,0,8,1,1,0.0
202300050690,155 590 632,A01,2,10,0,1,7,0,1,0.0
202300050691,155 590 627,B01,2,40,0,2,1,1,3,0.0
202300050691,155 590 631,A01,3,15,0,4,7,19,1,0.0
202300050692,155 590 626,A01,1,10,0,9,3,9,1,0.0
202300050692,155 590 630,B01,1,1,0,0,2,9,5,0.0
202300050693,155 590 624,A01,1,7,0,2,9,17,0,0.0
202300050693,155 590 628,C01,2,10,0,0,6,24,1,0.0
202300050693,155 590 633,B01,1,7,1,0,2,15,0,0.0
202300050694,155 590 625,A01,3,7,0,2,3,2,1,0.0
202300050694,155 590 629,B01,3,33,0,2,7,2,1,0.0
202300050695,155 590 623,A01,1,38,0,1,3,11,1,1.0
202300050696,155 590 621,A01,2,33,0,0,8,1,1,0.0
202300050697,155 590 620,A01,2,7,0,2,3,15,1,0.0
202300050697,155 590 622,B01,1,32,0,2,1,1,1,0.0
202300050698,155 590 616,B01,2,15,0,0,6,1,1,0.0
202300050698,155 590 618,A01,2,7,0,2,2,12,1,0.0
202300050699,155 590 614,B01,0,33,0,2,2,17,1,0.0
202300050699,155 590 617,A01,0,7,0,2,3,15,1,0.0
202300050700,155 590 615,B01,3,31,0,2,1,1,1,0.0
202300050700,155 590 619,A01,3,7,0,2,1,15,1,0.0
202300050701,155 590 612,A01,1,7,0,1,0,1,1,0.0
202300050702,155 590 611,A01,2,7,0,2,7,15,0,0.0
202300050702,155 590 613,B01,1,2,0,2,1,3,0,0.0
202300050703,155 590 606,A01,2,14,0,2,1,13,0,0.0
202300050703,155 590 610,B01,1,7,0,2,1,1,0,0.0
202300050704,155 590 605,A01,3,7,6,0,1,26,1,0.0
202300050705,155 590 604,A01,1,7,0,2,4,18,1,0.0
202300050705,155 590 609,B01,1,7,0,2,1,2,1,0.0
202300050706,155 590 603,B01,3,99,0,2,1,1,3,0.0
202300050706,155 590 608,A01,3,7,0,2,3,15,1,0.0
202300050707,155 590 602,A01,3,7,0,2,3,1,1,0.0
202300050707,155 590 607,B01,3,2,0,2,2,17,1,0.0
202300050708,155 590 598,A01,1,7,3,0,1,14,2,0.0
202300050709,155 590 594,A01,1,7,0,2,1,21,1,0.0
202300050709,155 590 599,B01,1,7,0,2,6,1,1,0.0
202300050710,155 590 593,B01,1,14,0,2,0,14,1,0.0
202300050710,155 590 597,C01,1,14,0,2,2,1,1,0.0
202300050710,155 590 601,A01,1,33,0,2,8,3,1,0.0
202300050711,155 590 592,B01,2,50,0,2,0,0,3,0.0
202300050711,155 590 596,A01,1,7,0,9,2,16,1,0.0
202300050712,155 590 587,A01,1,10,15,0,1,1,0,0.0
202300050713,155 590 589,A01,1,33,0,2,1,17,1,0.0
202300050713,155 590 591,B01,1,99,0,2,6,11,1,0.0
202300050714,155 590 585,A01,2,33,0,2,1,1,1,0.0
202300050714,155 590 588,B01,1,1,0,2,1,5,5,0.0
202300050715,155 590 580,Z01,1,7,0,2,0,11,0,0.0
202300050715,155 590 583,A01,1,31,0,2,8,3,1,0.0
202300050716,155 590 578,A01,2,10,0,2,3,2,1,0.0
202300050716,155 590 582,B01,2,7,0,2,5,23,1,0.0
202300050716,155 590 584,D01,2,7,0,2,5,1,2,0.0
202300050716,155 590 586,C01,2,7,0,2,8,1,2,0.0
202300050717,155 590 576,A01,1,33,0,2,9,1,1,0.0