num_acc,id_vehicule,num_veh,senc,catv,obs,obsm,choc,manv,motor,occutc
202300050717,155 590 579,B01,2,7,0,2,0,1,1,0.0
202300050718,155 590 575,B01,3,31,0,0,5,3,1,0.0
202300050718,155 590 577,A01,3,7,0,2,3,10,1,0.0
202300050719,155 590 574,B01,1,7,0,0,6,15,1,0.0
202300050719,155 590 581,A01,1,33,0,2,1,1,1,0.0
202300050720,155 590 572,A01,1,34,0,1,2,1,1,0.0
202300050721,155 590 571,A01,1,33,1,0,1,2,1,0.0
202300050722,155 590 570,B01,2,7,0,2,8,2,1,0.0
202300050722,155 590 573,A01,2,32,0,2,2,3,1,0.0
202300050723,155 590 568,A01,2,31,0,0,0,1,1,0.0
202300050724,155 590 566,A01,2,80,0,1,3,1,3,0.0
202300050725,155 590 561,A01,2,43,0,2,1,3,1,0.0
202300050725,155 590 565,B01,2,7,0,2,4,1,1,0.0
202300050726,155 590 564,B01,2,20,13,0,1,21,1,0.0
202300050726,155 590 569,A01,1,7,0,0,0,15,1,0.0
202300050727,155 590 560,A01,2,30,0,2,7,17,1,0.0
202300050727,155 590 562,B01,2,7,0,2,3,2,1,0.0
202300050728,155 590 559,Z01,0,7,0,2,1,5,0,0.0
202300050728,155 590 563,B01,0,7,0,2,1,23,0,0.0
202300050728,155 590 567,C01,0,7,0,2,1,23,0,0.0
202300050729,155 590 556,A01,2,7,0,2,1,1,2,0.0
202300050729,155 590 558,B01,2,80,0,2,6,11,3,0.0
202300050730,155 590 554,A01,2,21,0,0,9,1,1,0.0
202300050731,155 590 552,B01,2,13,0,2,5,1,1,0.0
202300050731,155 590 557,A01,2,33,0,2,3,3,1,0.0
202300050732,155 590 551,A01,1,7,0,2,3,15,1,0.0
202300050732,155 590 555,B01,1,43,0,2,1,3,1,0.0
202300050733,155 590 550,A01,1,7,0,9,0,9,1,0.0
202300050733,155 590 553,B01,1,1,0,2,0,1,5,0.0
202300050734,155 590 547,A01,1,7,0,2,2,1,1,0.0
202300050734,155 590 549,B01,1,1,0,0,4,1,5,0.0
202300050735,155 590 546,A01,2,7,0,2,2,9,1,0.0
202300050735,155 590 548,B01,2,33,0,2,1,1,1,0.0
202300050736,155 590 543,B01,1,34,0,0,0,1,1,0.0
202300050736,155 590 545,A01,2,7,0,2,1,15,1,0.0
202300050737,155 590 538,B01,1,7,0,2,1,1,1,0.0
202300050737,155 590 540,A01,1,30,0,2,1,13,1,0.0
202300050738,155 590 539,A01,1,7,0,1,1,15,1,0.0
202300050739,155 590 534,A01,2,7,0,2,4,23,1,0.0
202300050739,155 590 537,B01,2,7,0,2,1,2,1,0.0
202300050739,155 590 541,C01,2,7,0,2,1,2,1,0.0
202300050740,155 590 533,A01,2,7,0,1,2,1,1,0.0
202300050741,155 590 535,A01,1,32,0,2,2,17,1,0.0
202300050741,155 590 536,B01,1,7,0,2,3,1,2,0.0
202300050742,155 590 527,B01,3,43,12,2,1,1,1,0.0
202300050742,155 590 529,A01,3,7,0,2,8,20,1,0.0
202300050743,155 590 528,B01,3,33,0,2,5,1,1,0.0
202300050743,155 590 530,A01,3,7,0,2,3,13,2,0.0
202300050744,155 590 525,C01,1,7,0,2,3,23,1,0.0
202300050744,155 590 531,B01,2,10,0,2,1,1,1,0.0
202300050744,155 590 532,A01,1,7,0,2,1,11,3,0.0
202300050745,155 590 526,A01,1,7,13,0,1,13,0,0.0
202300050746,155 590 523,A01,3,34,0,1,1,1,1,0.0
202300050747,155 590 524,A01,1,10,0,1,8,15,1,0.0
202300050748,155 590 520,A01,2,33,0,2,3,3,1,0.0
202300050748,155 590 522,B01,2,32,0,2,3,3,1,0.0
202300050749,155 590 518,A01,1,10,0,2,4,1,1,0.0
202300050749,155 590 521,B01,1,7,0,2,1,2,1,0.0
202300050750,155 590 517,A01,2,7,0,1,1,1,1,0.0
202300050751,155 590 519,A01,1,7,0,1,1,1,1,0.0
202300050752,155 590 513,A01,1,10,0,2,6,9,3,0.0
202300050752,155 590 516,Y01,1,1,0,2,1,1,5,0.0
202300050753,155 590 514,A01,1,7,0,2,3,13,1,0.0
202300050753,155 590 515,B01,2,7,0,2,3,1,1,0.0
202300050754,155 590 510,Z01,2,7,0,2,1,2,0,0.0
202300050754,155 590 512,A01,2,30,0,2,4,1,1,0.0
202300050755,155 590 506,B01,2,10,0,0,4,23,3,0.0
202300050755,155 590 509,A01,2,7,0,2,1,1,1,0.0
202300050756,155 590 504,B01,1,7,0,2,3,1,2,0.0
202300050756,155 590 508,A01,1,50,0,2,1,1,3,0.0
202300050757,155 590 502,A01,1,7,4,0,5,11,1,0.0
202300050757,155 590 505,B01,1,10,0,0,2,17,1,0.0
202300050758,155 590 501,C01,2,7,0,2,1,2,1,0.0
202300050758,155 590 507,A01,2,7,0,2,4,2,3,0.0
202300050758,155 590 511,B01,2,7,0,2,4,2,1,0.0
202300050759,155 590 503,A01,2,33,0,0,0,9,1,0.0
202300050760,155 590 498,A01,1,7,0,2,7,1,1,0.0
202300050760,155 590 500,B01,1,1,0,2,7,1,5,0.0
202300050761,155 590 496,A01,1,7,2,0,1,1,1,0.0
202300050762,155 590 495,A01,3,7,0,2,8,22,1,0.0
202300050762,155 590 499,B01,2,1,0,2,1,1,5,0.0
202300050763,155 590 492,Z01,2,7,0,2,3,10,0,0.0
202300050763,155 590 494,A01,2,2,0,2,7,17,1,0.0
202300050764,155 590 491,A01,1,7,0,1,0,1,1,0.0
202300050765,155 590 489,A01,1,10,0,2,6,13,1,0.0
202300050765,155 590 493,C01,1,14,0,2,6,1,1,0.0
202300050765,155 590 497,B01,1,7,0,2,2,1,1,0.0
202300050766,155 590 490,A01,0,7,0,1,1,15,1,0.0
202300050767,155 590 485,A01,1,7,0,2,1,1,1,0.0
202300050767,155 590 487,B01,2,2,0,2,4,23,3,0.0
202300050768,155 590 482,B01,1,7,0,2,1,2,1,0.0
202300050768,155 590 484,A01,1,7,0,2,6,9,1,0.0
202300050769,155 590 481,A01,2,7,0,2,2,12,1,0.0
202300050769,155 590 486,B01,2,33,0,2,8,0,1,0.0
202300050770,155 590 480,B01,2,7,0,2,8,1,1,0.0
202300050770,155 590 488,A01,2,7,0,2,2,1,1,0.0
202300050771,155 590 479,A01,1,32,0,2,1,1,1,0.0
202300050771,155 590 483,B01,2,2,0,2,3,15,1,0.0
202300050772,155 590 477,A01,1,7,7,0,1,1,1,0.0
202300050773,155 590 475,A01,1,7,0,2,1,2,0,0.0
202300050773,155 590 478,B01,1,7,0,2,4,15,1,0.0
202300050774,155 590 474,A01,2,80,0,1,1,1,3,0.0
202300050775,155 590 473,A01,1,7,0,2,4,1,1,0.0
202300050775,155 590 476,B01,1,14,0,2,1,1,1,0.0
202300050776,155 590 471,A01,1,33,0,9,1,1,1,0.0
202300050777,155 590 472,A01,2,7,0,1,7,16,1,0.0
202300050778,155 590 470,A01,1,10,0,1,8,15,1,0.0
202300050779,155 590 467,A01,3,7,0,2,3,16,2,0.0
202300050779,155 590 469,B01,3,1,0,2,8,19,5,0.0
202300050780,155 590 466,A01,1,7,6,0,3,13,1,0.0
202300050781,155 590 465,A01,2,7,1,0,2,1,1,0.0
202300050782,155 590 463,B01,1,7,0,2,3,11,1,0.0
202300050782,155 590 464,A01,1,43,0,2,1,3,1,0.0
202300050782,155 590 468,C01,1,7,0,2,5,1,1,0.0
202300050783,155 590 459,A01,2,7,0,2,3,15,1,0.0
202300050783,155 590 462,B01,3,1,0,2,1,1,5,0.0
202300050784,155 590 460,B01,0,7,0,2,2,9,1,0.0
202300050784,155 590 461,A01,0,7,0,2,1,1,1,0.0
202300050785,155 590 455,A01,1,7,0,2,3,9,1,0.0
202300050785,155 590 458,B01,1,7,0,2,5,15,1,0.0
202300050786,155 590 454,A01,1,43,0,2,1,3,1,0.0
202300050786,155 590 457,B01,1,10,0,2,5,2,1,0.0
202300050787,155 590 453,B01,1,2,0,2,1,1,0,0.0
202300050787,155 590 456,A01,1,7,0,2,4,17,0,0.0
202300050788,155 590 449,B01,1,7,0,2,1,1,1,0.0
202300050788,155 590 452,A01,1,7,0,2,8,1,1,0.0
202300050789,155 590 451,A01,3,7,0,1,4,20,1,0.0
202300050790,155 590 445,A01,1,7,1,0,2,14,3,0.0
202300050790,155 590 448,B01,1,15,0,2,6,0,1,0.0
202300050791,155 590 443,A01,1,2,1,0,3,2,1,0.0
202300050792,155 590 444,B01,2,1,0,2,1,15,5,0.0
202300050792,155 590 446,A01,2,7,0,2,7,15,1,0.0
202300050793,155 590 442,C01,1,7,0,2,1,1,1,0.0
202300050793,155 590 447,B01,2,7,0,2,4,23,1,0.0
202300050793,155 590 450,A01,2,10,0,2,1,1,1,0.0
202300050794,155 590 440,A01,1,30,0,2,3,17,3,0.0
202300050794,155 590 441,B01,2,1,0,2,1,5,5,0.0
202300050795,155 590 437,A01,2,7,0,2,3,26,3,0.0
202300050795,155 590 439,B01,2,33,0,2,7,17,1,0.0
202300050796,155 590 435,A01,1,7,0,2,3,15,1,0.0
202300050796,155 590 438,B01,2,2,0,2,2,12,1,0.0
202300050797,155 590 433,A01,1,2,15,2,3,1,1,0.0
202300050797,155 590 436,B01,1,2,0,2,5,17,1,0.0
202300050798,155 590 432,A01,2,80,0,2,2,17,3,0.0
202300050798,155 590 434,B01,2,10,0,2,2,14,3,0.0
202300050799,155 590 429,B01,2,7,0,0,4,1,0,0.0
202300050799,155 590 430,A01,2,10,0,2,1,2,1,0.0
202300050800,155 590 428,A01,2,33,0,2,8,2,1,0.0
202300050800,155 590 431,B01,2,7,0,2,5,0,1,0.0
202300050801,155 590 425,A01,3,10,0,1,5,1,1,0.0
202300050802,155 590 424,A01,2,7,0,2,0,15,1,0.0
202300050802,155 590 427,B01,1,1,0,2,0,1,5,0.0
202300050803,155 590 418,A01,2,7,0,2,1,13,1,0.0
202300050803,155 590 420,B01,1,7,0,2,1,1,1,0.0
202300050803,155 590 422,C01,1,7,0,2,8,1,1,0.0
202300050804,155 590 419,B01,2,10,0,2,6,2,1,0.0
202300050804,155 590 421,A01,2,31,0,2,1,3,1,0.0
202300050805,155 590 411,A01,2,7,0,2,4,1,1,0.0
202300050805,155 590 414,B01,2,16,0,2,1,1,1,0.0
202300050806,155 590 415,A01,3,10,0,2,1,23,3,0.0
202300050806,155 590 417,B01,1,80,0,2,0,1,3,0.0
202300050807,155 590 410,B01,1,7,0,2,1,2,1,0.0
202300050807,155 590 413,A01,2,7,3,2,7,19,1,0.0
202300050808,155 590 423,A01,2,15,1,0,1,0,0,0.0
202300050808,155 590 426,B01,0,7,0,0,1,24,0,0.0
202300050809,155 590 412,B01,1,7,0,2,3,2,0,0.0
202300050809,155 590 416,A01,1,2,0,2,6,1,0,0.0
202300050810,155 590 408,A01,1,7,0,1,1,1,1,0.0
202300050811,155 590 407,A01,1,7,0,2,6,1,1,0.0
202300050811,155 590 409,B01,1,13,0,2,2,12,1,0.0
202300050812,155 590 406,A01,1,7,0,1,2,23,0,0.0
202300050813,155 590 405,A01,1,7,8,0,1,1,1,0.0
202300050814,155 590 402,A01,1,33,0,0,0,1,1,0.0
202300050815,155 590 400,C01,2,17,0,2,4,1,1,0.0
202300050815,155 590 403,A01,2,15,0,2,1,2,1,0.0
202300050815,155 590 404,B01,2,7,0,2,4,1,1,0.0
202300050816,155 590 399,B01,2,7,0,2,2,1,1,0.0
202300050816,155 590 401,A01,2,33,0,2,1,1,1,0.0
202300050817,155 590 395,A01,2,31,0,2,1,3,1,0.0
202300050817,155 590 397,B01,2,7,0,2,6,0,1,0.0
202300050818,155 590 392,B01,2,37,0,0,2,1,1,1.0
202300050818,155 590 394,A01,1,33,0,0,2,13,1,0.0
202300050819,155 590 391,A01,1,7,0,2,3,13,1,0.0
202300050819,155 590 393,B01,2,7,0,2,3,1,1,0.0
202300050819,155 590 396,C01,2,7,0,2,3,1,1,0.0
202300050819,155 590 398,D01,1,7,0,2,1,1,1,0.0
202300050820,155 590 389,A01,2,10,0,2,5,12,1,0.0
202300050820,155 590 390,B01,2,33,0,2,8,1,1,0.0
202300050821,155 590 387,A01,0,10,0,1,2,1,3,0.0
202300050822,155 590 384,A01,1,50,0,1,1,1,3,0.0
202300050823,155 590 382,B01,0,7,0,2,4,26,1,0.0
202300050823,155 590 383,A01,0,7,0,2,3,1,1,0.0
202300050824,155 590 386,C01,2,7,0,0,2,15,1,0.0
202300050824,155 590 388,B01,2,33,0,2,2,3,1,0.0
202300050825,155 590 380,A01,1,60,9,0,1,1,5,0.0
202300050826,155 590 378,B01,3,7,0,2,6,15,1,0.0
202300050826,155 590 379,A01,3,31,0,2,2,17,1,0.0
202300050827,155 590 376,B01,1,7,1,2,4,23,1,0.0
202300050827,155 590 377,A01,1,2,1,2,1,1,1,0.0
202300050828,155 590 381,A01,1,33,0,2,2,26,1,0.0
202300050828,155 590 385,B01,1,7,0,2,5,1,1,0.0
202300050829,155 590 373,A01,1,10,0,0,3,24,1,0.0
202300050829,155 590 374,B01,1,1,1,0,1,17,5,0.0
202300050830,155 590 372,B01,1,30,0,2,2,1,1,0.0
202300050830,155 590 375,A01,2,7,0,2,7,15,1,0.0
202300050831,155 590 369,C01,2,7,0,2,4,1,1,0.0
202300050831,155 590 370,A01,2,7,0,2,7,12,1,0.0
202300050831,155 590 371,B01,2,33,0,2,8,3,1,0.0
202300050832,155 590 368,A01,2,7,2,0,2,1,0,0.0
202300050833,155 590 367,A01,2,10,0,1,7,16,1,0.0
202300050834,155 590 365,A01,2,15,4,0,1,1,1,0.0
202300050835,155 590 364,B01,2,7,0,2,1,1,1,0.0
202300050835,155 590 366,A01,1,7,0,2,1,11,1,0.0
202300050836,155 590 361,A01,2,7,13,0,8,1,1,0.0
202300050837,155 590 362,B01,1,7,0,2,5,1,1,0.0
202300050837,155 590 363,A01,1,34,0,2,1,2,1,0.0
202300050838,155 590 360,A01,3,7,0,1,3,0,0,0.0
202300050839,155 590 357,B01,2,15,0,2,3,1,1,0.0
202300050839,155 590 359,A01,1,7,0,2,8,1,1,0.0
202300050840,155 590 355,A01,1,7,0,2,3,1,2,0.0
202300050840,155 590 358,B01,1,34,0,2,0,0,1,0.0
202300050841,155 590 354,B01,2,7,0,0,1,1,1,0.0
202300050841,155 590 356,A01,2,7,0,0,4,23,1,0.0
202300050842,155 590 351,A01,2,7,0,2,3,19,1,0.0
202300050842,155 590 353,B01,1,31,0,2,1,1,1,0.0
202300050843,155 590 350,A01,2,7,6,0,1,1,1,0.0
202300050844,155 590 349,A01,3,7,0,2,8,1,1,0.0
202300050844,155 590 352,B01,3,13,0,2,7,14,1,0.0
202300050845,155 590 348,A01,2,7,0,1,2,1,1,0.0
202300050846,155 590 344,A01,1,7,0,0,1,0,1,0.0
202300050846,155 590 347,B01,2,7,0,0,1,0,1,0.0
202300050847,155 590 345,A01,2,7,0,2,6,1,1,0.0
202300050847,155 590 346,B01,2,7,0,2,1,1,1,0.0
202300050848,155 590 342,A01,1,7,0,2,1,5,1,0.0
202300050848,155 590 343,B01,2,7,0,2,1,1,1,0.0
202300050849,155 590 341,A01,2,14,3,0,3,14,1,0.0
202300050850,155 590 340,A01,3,7,0,1,3,0,1,0.0
202300050851,155 590 338,B01,2,31,0,2,1,1,1,0.0
202300050851,155 590 339,A01,1,7,0,2,7,15,1,0.0
202300050852,155 590 337,A01,-1,7,-1,-1,-1,-1,-1,0.0
202300050853,155 590 336,A01,2,7,0,1,1,1,1,0.0
202300050854,155 590 331,B01,1,7,0,0,1,1,1,0.0
202300050854,155 590 333,A01,2,7,6,0,6,9,1,0.0
202300050855,155 590 329,A01,3,7,0,2,3,15,1,0.0
202300050855,155 590 330,B01,1,33,0,2,2,1,1,0.0
202300050856,155 590 328,A01,2,7,4,2,3,13,1,0.0
202300050856,155 590 332,B01,2,7,0,2,8,1,1,0.0
202300050857,155 590 323,B01,1,7,0,2,1,1,1,0.0
202300050857,155 590 327,A01,1,7,0,2,3,19,1,0.0
202300050858,155 590 324,B01,2,33,0,2,1,2,1,0.0
202300050858,155 590 326,A01,2,3,0,2,3,15,1,0.0
202300050859,155 590 322,A01,2,21,0,2,3,1,1,0.0
202300050859,155 590 325,B01,1,7,0,2,2,13,1,0.0
202300050860,155 590 321,A01,1,7,0,0,9,0,0,0.0
202300050861,155 590 320,A01,1,31,0,0,0,0,1,0.0
202300050862,155 590 318,A01,1,7,0,2,2,0,1,0.0
202300050862,155 590 319,B01,1,60,0,2,1,19,5,0.0
202300050863,155 590 316,A01,2,33,0,6,1,21,1,0.0
202300050864,155 590 315,B01,2,33,0,2,2,15,1,0.0
202300050864,155 590 317,A01,3,7,0,2,3,1,1,0.0
202300050865,155 590 313,A01,1,30,0,2,2,12,1,0.0
202300050865,155 590 314,B01,2,30,0,2,2,2,3,0.0
202300050866,155 590 311,A01,1,7,0,1,1,14,1,0.0
202300050867,155 590 310,A01,1,2,0,2,1,2,1,0.0
202300050867,155 590 312,B01,1,10,0,2,3,26,1,0.0
202300050868,155 590 309,A01,2,40,0,0,0,1,3,0.0
202300050869,155 590 308,A01,1,7,0,1,2,1,1,0.0
202300050870,155 590 305,A01,1,7,0,2,1,13,1,0.0
202300050870,155 590 306,B01,2,7,0,2,0,1,0,0.0
202300050871,155 590 304,A01,1,7,0,2,2,19,1,0.0
202300050871,155 590 307,B01,1,7,0,2,3,0,1,0.0
202300050872,155 590 302,B01,1,10,0,2,3,1,1,0.0
202300050872,155 590 303,A01,2,10,0,2,8,1,1,0.0
202300050873,155 590 299,A01,1,7,0,2,0,0,1,0.0
202300050873,155 590 301,B01,1,2,0,2,1,1,1,0.0
202300050874,155 590 297,A01,2,7,1,0,1,14,1,0.0
202300050875,155 590 298,A01,1,1,0,2,4,1,5,0.0
202300050875,155 590 300,B01,1,0,0,2,0,0,0,0.0
202300050876,155 590 296,A01,1,10,9,1,1,1,1,0.0
202300050877,155 590 295,A01,2,7,2,0,1,14,1,0.0
202300050878,155 590 293,A01,1,7,0,2,1,13,1,0.0
202300050878,155 590 294,B01,2,10,0,2,1,1,1,0.0
202300050879,155 590 291,A01,2,33,0,0,9,1,1,0.0
202300050880,155 590 290,A01,3,7,0,2,4,11,1,0.0
202300050880,155 590 292,B01,3,50,0,2,1,1,3,0.0
202300050881,155 590 288,A01,2,7,0,2,3,15,1,0.0
202300050881,155 590 289,B01,1,2,0,2,1,1,1,0.0
202300050882,155 590 285,A01,3,80,0,2,1,13,3,0.0
202300050882,155 590 287,B01,3,7,0,2,3,1,1,0.0
202300050883,155 590 283,B01,1,7,0,2,4,2,1,0.0
202300050883,155 590 284,C01,1,7,0,0,4,2,1,0.0
202300050883,155 590 286,A01,1,7,0,2,1,2,1,0.0
202300050884,155 590 281,A01,2,1,6,0,0,0,5,0.0
202300050884,155 590 282,B01,2,0,0,0,0,1,1,0.0
202300050885,155 590 279,A01,2,2,0,2,0,13,1,0.0
202300050885,155 590 280,B01,2,7,0,2,2,17,1,0.0
202300050886,155 590 277,A01,2,7,0,1,1,2,1,0.0
202300050887,155 590 276,B01,1,7,0,2,1,1,1,0.0
202300050887,155 590 278,A01,2,7,0,2,7,10,1,0.0
202300050888,155 590 271,Z01,0,99,0,1,0,0,0,0.0
202300050889,155 590 270,C01,1,7,0,0,2,23,1,0.0
202300050889,155 590 272,A01,1,7,12,2,3,6,1,0.0
202300050889,155 590 274,B01,1,7,0,0,6,1,1,0.0
202300050890,155 590 269,A01,2,2,0,6,1,1,1,0.0
202300050891,155 590 268,A01,2,37,0,1,0,16,1,1.0
202300050892,155 590 266,B01,2,2,0,2,1,1,1,0.0
202300050892,155 590 267,A01,1,7,0,2,7,15,1,0.0
202300050893,155 590 264,A01,1,7,9,0,1,13,1,0.0
202300050894,155 590 263,B01,1,30,0,2,8,15,1,0.0
202300050894,155 590 265,A01,1,7,0,2,1,17,1,0.0
202300050895,155 590 262,A01,1,7,13,0,0,1,1,0.0
202300050896,155 590 260,A01,1,7,13,0,1,0,1,0.0
202300050897,155 590 256,A01,1,7,0,2,1,1,1,0.0
202300050897,155 590 257,B01,1,7,0,0,4,2,1,0.0
202300050897,155 590 259,C01,1,7,0,0,5,2,1,0.0
202300050898,155 590 258,A01,2,7,0,2,2,15,1,0.0
202300050898,155 590 261,B01,2,33,0,2,1,1,1,0.0
202300050899,155 590 254,A01,1,7,0,2,3,15,1,0.0
202300050899,155 590 255,B01,1,2,0,2,1,17,1,0.0
202300050900,155 590 251,B01,3,7,0,2,1,1,1,0.0
202300050900,155 590 253,A01,3,7,0,2,8,15,1,0.0
202300050901,155 590 250,A01,1,7,0,1,1,1,1,0.0
202300050902,155 590 248,B01,3,7,0,2,9,19,0,0.0
202300050902,155 590 249,A01,3,7,0,2,1,19,0,0.0
202300050903,155 590 247,A01,2,80,0,6,1,1,3,0.0
202300050904,155 590 246,A01,3,32,0,0,7,16,0,0.0
202300050905,155 590 244,A01,2,7,2,0,2,2,1,0.0
202300050906,155 590 242,B01,3,7,0,2,3,19,1,0.0
202300050906,155 590 245,A01,2,7,0,2,2,1,1,0.0
202300050907,155 590 243,A01,0,7,12,0,1,16,1,0.0
202300050908,155 590 239,A01,1,2,0,0,7,1,1,0.0
202300050909,155 590 237,B01,3,50,0,2,3,0,3,0.0
202300050909,155 590 238,A01,1,7,0,2,2,16,1,0.0
202300050910,155 590 234,B01,1,2,0,2,2,1,1,0.0
202300050910,155 590 236,A01,1,7,0,2,3,9,1,0.0
202300050911,155 590 232,A01,2,7,1,0,7,15,1,0.0
202300050911,155 590 233,B01,1,7,0,2,1,1,1,0.0
202300050911,155 590 235,C01,2,7,0,0,3,23,1,0.0
202300050912,155 590 230,A01,1,7,0,1,3,1,1,0.0
202300050913,155 590 231,A01,2,31,0,0,8,1,1,0.0
202300050914,155 590 229,A01,2,33,13,0,8,1,1,0.0
202300050915,155 590 228,A01,0,7,0,1,2,15,0,0.0
202300050916,155 590 226,A01,1,7,0,0,3,15,1,0.0
202300050916,155 590 227,B01,1,31,1,2,1,17,1,0.0
202300050917,155 590 225,A01,2,37,5,0,3,0,1,1.0
202300050918,155 590 224,A01,2,33,13,0,8,1,1,0.0
202300050919,155 590 223,A01,2,7,13,0,3,2,1,0.0
202300050920,155 590 222,A01,1,33,16,0,3,13,1,0.0
202300050921,155 590 219,A01,1,7,0,0,7,15,1,0.0
202300050922,155 590 218,A01,1,33,0,1,0,1,1,0.0
202300050923,155 590 216,B01,2,30,0,2,1,1,1,0.0
202300050923,155 590 217,A01,1,7,0,2,3,16,1,0.0
202300050924,155 590 215,A01,2,7,6,0,2,1,1,0.0
202300050925,155 590 213,A01,3,7,2,0,2,14,1,0.0
202300050926,155 590 210,A01,2,2,0,0,2,11,1,0.0
202300050926,155 590 211,B01,1,7,0,2,3,1,1,0.0
202300050927,155 590 212,B01,3,1,0,2,1,1,5,0.0
202300050927,155 590 214,A01,1,7,0,2,2,15,1,0.0
202300050928,155 590 208,A01,1,7,13,9,1,2,0,0.0
202300050929,155 590 206,B01,1,1,0,2,1,11,5,0.0
202300050929,155 590 207,A01,2,7,0,9,3,2,6,0.0
202300050930,155 590 205,A01,2,7,15,0,1,2,0,0.0
202300050931,155 590 200,E01,2,7,0,2,1,1,3,0.0
202300050931,155 590 201,D01,2,7,0,2,4,1,1,0.0
202300050931,155 590 202,C01,2,10,0,2,1,1,1,0.0
202300050931,155 590 203,B01,2,7,0,2,4,1,2,0.0
202300050931,155 590 204,A01,2,7,0,2,4,1,1,0.0
202300050932,155 590 198,B01,1,7,0,2,4,1,1,0.0
202300050932,155 590 199,A01,1,7,0,2,1,14,1,0.0
202300050933,155 590 196,A01,1,7,4,2,1,1,1,0.0
202300050933,155 590 197,B01,1,15,0,2,6,1,1,0.0
202300050934,155 590 193,A01,2,10,0,2,2,12,1,0.0
202300050934,155 590 194,C01,2,7,0,2,1,1,2,0.0
202300050934,155 590 195,B01,2,7,0,2,8,0,1,0.0
202300050935,155 590 191,B01,2,7,0,2,3,11,1,0.0
202300050935,155 590 192,A01,2,33,0,2,2,3,1,0.0
202300050936,155 590 190,A01,1,10,4,0,3,1,1,0.0
202300050937,155 590 189,A01,1,14,6,0,1,1,1,0.0
202300050938,155 590 186,C01,2,7,0,2,4,2,1,0.0
202300050938,155 590 187,B01,2,7,0,2,1,2,1,0.0
202300050938,155 590 188,A01,2,7,0,2,1,2,1,0.0
202300050939,155 590 185,A01,1,7,4,0,1,1,1,0.0
202300050940,155 590 183,A01,1,7,0,2,6,1,1,0.0
202300050940,155 590 184,B01,1,7,0,2,2,1,1,0.0
202300050941,155 590 182,A01,3,37,0,1,3,1,1,1.0
202300050942,155 590 181,A01,1,7,0,1,1,1,1,0.0
202300050943,155 590 180,A01,2,7,0,1,2,1,1,0.0
202300050944,155 590 179,A01,1,7,0,1,2,1,1,0.0
202300050945,155 590 177,A01,2,7,0,2,1,5,1,0.0
202300050945,155 590 178,B01,1,10,0,2,1,1,1,0.0
202300050946,155 590 176,A01,3,30,0,0,7,16,1,0.0
202300050947,155 590 175,A01,1,7,0,1,3,1,1,0.0
202300050948,155 590 173,B01,1,10,0,2,4,1,1,0.0
202300050948,155 590 174,A01,1,7,0,2,2,1,1,0.0
202300050949,155 590 169,C01,1,7,0,2,4,2,2,0.0
202300050949,155 590 170,A01,1,7,0,5,4,2,1,0.0
202300050949,155 590 171,D01,1,7,0,2,1,2,1,0.0
202300050949,155 590 172,B01,1,7,0,2,1,2,1,0.0
202300050950,155 590 167,A01,0,7,0,2,3,0,1,0.0
202300050950,155 590 168,B01,0,31,0,2,3,6,1,0.0
202300050951,155 590 164,A01,1,7,0,2,2,15,1,0.0
202300050951,155 590 165,LB01,2,33,0,2,1,1,6,0.0
202300050952,155 590 163,A01,0,37,0,1,5,0,1,1.0
202300050953,155 590 161,A01,1,2,0,2,2,1,1,0.0
202300050953,155 590 162,B01,1,10,0,2,3,15,3,0.0
202300050954,155 590 160,A01,1,10,0,1,2,1,1,0.0
202300050955,155 590 158,A01,3,7,0,2,1,19,1,0.0
202300050955,155 590 159,B01,2,7,0,2,2,0,1,0.0
202300050956,155 590 156,A01,1,7,0,2,6,15,1,0.0
202300050956,155 590 157,B01,1,2,0,2,1,1,1,0.0
202300050957,155 590 153,C01,1,7,1,2,1,2,1,0.0
202300050957,155 590 154,B01,3,7,1,2,1,0,1,0.0
202300050957,155 590 155,A01,1,7,14,2,2,1,1,0.0
202300050958,155 590 151,B01,2,33,0,2,1,1,1,0.0
202300050958,155 590 152,A01,0,7,0,2,3,9,1,0.0
202300050959,155 590 149,A01,0,7,0,2,2,26,1,0.0
202300050959,155 590 150,B01,0,7,0,2,6,23,1,0.0
202300050960,155 590 144,A01,0,2,11,0,1,13,1,0.0
202300050961,155 590 142,A01,2,1,0,2,8,19,5,0.0
202300050961,155 590 143,B01,1,7,0,2,1,1,1,0.0
202300050962,155 590 141,A01,2,10,0,1,1,1,0,0.0
202300050963,155 590 140,A01,2,30,0,2,7,21,1,0.0
202300050964,155 590 138,A01,1,7,0,2,8,15,1,0.0
202300050964,155 590 139,B01,2,7,0,2,1,1,1,0.0
202300050965,155 590 137,A01,1,10,0,1,2,1,1,0.0
202300050966,155 590 135,B01,1,31,0,2,2,9,1,0.0
202300050966,155 590 136,A01,1,7,0,2,1,9,1,0.0
202300050967,155 590 133,A01,1,7,0,2,1,1,1,0.0
202300050967,155 590 134,B01,1,7,0,2,4,20,1,0.0
202300050968,155 590 131,B01,1,7,0,2,8,1,1,0.0
202300050968,155 590 132,A01,1,7,2,2,9,17,1,0.0
202300050969,155 590 129,A01,1,7,0,2,1,2,1,0.0
202300050969,155 590 130,B01,1,7,0,2,4,2,1,0.0
202300050970,155 590 128,A01,2,7,0,1,1,26,0,0.0
202300050971,155 590 126,B01,0,7,10,0,3,1,1,0.0