num_acc,id_vehicule,num_veh,senc,catv,obs,obsm,choc,manv,motor,occutc
202300050971,155 590 127,A01,0,50,10,2,8,19,3,0.0
202300050972,155 590 125,A01,3,50,0,1,1,1,3,0.0
202300050973,155 590 123,B01,1,7,0,2,1,1,1,0.0
202300050973,155 590 124,A01,2,7,0,2,7,13,1,0.0
202300050974,155 590 122,A01,3,50,0,0,0,1,3,0.0
202300050975,155 590 120,B01,0,7,0,2,3,1,1,0.0
202300050975,155 590 121,A01,3,50,0,2,0,1,3,0.0
202300050976,155 590 118,A01,2,7,1,0,2,1,1,0.0
202300050976,155 590 119,B01,3,7,0,2,6,0,0,0.0
202300050977,155 590 116,B01,1,1,0,2,8,13,5,0.0
202300050977,155 590 117,A01,1,7,0,9,2,13,1,0.0
202300050978,155 590 115,A01,1,15,6,0,3,1,1,0.0
202300050979,155 590 114,A01,2,7,0,1,1,1,1,0.0
202300050980,155 590 112,A01,1,7,16,2,5,26,1,0.0
202300050980,155 590 113,B01,2,7,0,2,1,1,1,0.0
202300050981,155 590 111,A01,3,10,0,1,4,4,1,0.0
202300050982,155 590 109,A01,1,7,0,2,3,9,1,0.0
202300050982,155 590 110,B01,2,1,0,2,8,9,5,0.0
202300050983,155 590 108,A01,2,7,0,0,9,11,0,0.0
202300050984,155 590 104,A01,2,15,0,2,3,15,1,0.0
202300050984,155 590 105,B01,2,34,0,2,1,17,1,0.0
202300050985,155 590 102,A01,1,7,0,2,7,13,1,0.0
202300050985,155 590 103,B01,2,17,0,2,1,1,1,0.0
202300050986,155 590 101,A01,2,7,2,0,1,1,1,0.0
202300050987,155 590 100,A01,1,7,2,0,3,1,1,0.0
202300050988,155 590 098,A01,1,7,0,2,2,0,1,0.0
202300050988,155 590 099,B01,1,7,0,2,4,1,1,0.0
202300050989,155 590 096,B01,2,21,0,2,3,1,1,0.0
202300050989,155 590 097,A01,1,10,0,2,2,13,1,0.0
202300050990,155 590 094,B01,2,7,0,2,1,17,1,0.0
202300050990,155 590 095,A01,1,7,0,2,1,1,0,0.0
202300050991,155 590 093,A01,1,14,0,1,2,1,1,0.0
202300050992,155 590 092,A01,1,7,3,0,1,21,1,0.0
202300050993,155 590 091,A01,1,7,2,0,1,13,1,0.0
202300050994,155 590 088,A01,2,3,0,2,2,15,0,0.0
202300050994,155 590 089,B01,1,7,0,2,3,1,1,0.0
202300050994,155 590 090,C01,1,7,0,2,1,23,1,0.0
202300050995,155 590 086,A01,2,7,0,2,3,1,1,0.0
202300050995,155 590 087,B01,2,7,0,2,3,1,1,0.0
202300050996,155 590 084,B01,1,7,0,2,2,15,0,0.0
202300050996,155 590 085,A01,2,36,0,2,3,1,1,0.0
202300050997,155 590 082,B01,3,7,0,2,2,1,1,0.0
202300050997,155 590 083,A01,3,2,0,2,1,1,3,0.0
202300050998,155 590 081,A01,3,10,6,0,1,1,1,0.0
202300050999,155 590 080,A01,0,7,0,1,1,1,0,0.0
202300051000,155 590 077,A01,3,50,0,2,7,9,3,0.0
202300051000,155 590 079,B01,3,7,0,2,1,9,1,0.0
202300051001,155 590 076,A01,2,7,0,2,3,9,1,0.0
202300051001,155 590 078,B01,2,33,0,2,1,1,1,0.0
202300051002,155 590 074,A01,1,7,0,2,2,1,0,0.0
202300051002,155 590 075,B01,3,1,0,2,1,19,5,0.0
202300051003,155 590 072,A01,1,7,0,0,3,9,1,0.0
202300051003,155 590 073,B01,2,7,15,0,7,19,1,0.0
202300051004,155 590 071,Y01,1,1,0,2,2,19,5,0.0
202300051005,155 590 068,A01,3,7,0,1,1,1,1,0.0
202300051006,155 590 067,A01,1,7,0,2,9,9,1,0.0
202300051006,155 590 069,B01,1,7,0,2,9,2,1,0.0
202300051006,155 590 070,C01,1,7,0,2,9,1,1,0.0
202300051007,155 590 066,A01,1,7,0,1,1,15,1,0.0
202300051008,155 590 064,B01,1,15,0,2,7,1,1,0.0
202300051008,155 590 065,A01,1,7,4,2,8,17,1,0.0
202300051009,155 590 063,A01,1,7,2,0,2,13,1,0.0
202300051010,155 590 061,B01,3,7,0,2,0,0,1,0.0
202300051010,155 590 062,A01,3,7,0,2,0,0,1,0.0
202300051011,155 590 060,A01,1,7,13,0,1,2,1,0.0
202300051012,155 590 058,B01,1,7,0,2,4,1,1,0.0
202300051012,155 590 059,A01,1,30,0,2,1,1,1,0.0
202300051013,155 590 057,A01,1,7,13,0,1,0,1,0.0
202300051014,155 590 056,A01,2,43,0,1,1,1,1,0.0
202300051015,155 590 054,B01,1,33,0,2,1,1,1,0.0
202300051015,155 590 055,A01,2,7,0,2,7,15,1,0.0
202300051016,155 590 053,A01,2,7,1,0,5,1,1,0.0
202300051017,155 590 051,A01,2,43,0,2,1,15,1,0.0
202300051017,155 590 052,B01,2,7,0,2,3,15,1,0.0
202300051018,155 590 048,B01,3,7,0,0,1,0,1,0.0
202300051018,155 590 050,A01,1,34,0,2,7,3,1,0.0
202300051019,155 590 047,B01,2,7,0,2,3,15,1,0.0
202300051019,155 590 049,A01,1,2,0,2,1,1,1,0.0
202300051020,155 590 045,B01,3,34,0,2,1,0,1,0.0
202300051020,155 590 046,A01,1,7,0,2,3,0,1,0.0
202300051021,155 590 042,B01,1,33,0,2,1,1,1,0.0
202300051021,155 590 044,A01,2,7,0,2,7,15,3,0.0
202300051022,155 590 041,A01,2,33,0,2,1,17,1,0.0
202300051022,155 590 043,B01,2,7,0,2,6,17,1,0.0
202300051023,155 590 039,A01,2,10,0,2,3,15,1,0.0
202300051023,155 590 040,B01,2,34,3,2,2,1,1,0.0
202300051024,155 590 037,A01,2,2,3,0,8,13,1,0.0
202300051025,155 590 036,A01,3,7,0,2,6,15,1,0.0
202300051025,155 590 038,B01,2,1,0,2,1,1,5,0.0
202300051026,155 590 035,A01,1,7,0,1,2,19,1,0.0
202300051027,155 590 030,A01,2,7,0,2,3,21,0,0.0
202300051027,155 590 033,B01,1,10,0,2,4,26,0,0.0
202300051028,155 590 031,A01,2,1,0,2,8,13,5,0.0
202300051028,155 590 034,B01,2,1,0,2,7,17,5,0.0
202300051029,155 590 029,B01,1,7,0,2,3,1,1,0.0
202300051029,155 590 032,A01,1,7,0,2,1,1,1,0.0
202300051030,155 590 028,A01,3,7,6,0,1,1,1,0.0
202300051031,155 590 025,A01,2,33,0,2,5,15,1,0.0
202300051031,155 590 027,B01,2,50,0,2,8,1,3,0.0
202300051032,155 590 026,A01,2,7,0,2,2,15,1,0.0
202300051033,155 590 022,A01,2,10,0,2,2,9,1,0.0
202300051033,155 590 024,B01,1,2,0,2,1,1,1,0.0
202300051034,155 590 019,B01,1,30,0,2,3,15,1,0.0
202300051034,155 590 021,A01,2,30,0,2,1,1,1,0.0
202300051035,155 590 020,B01,1,60,0,0,0,5,5,0.0
202300051035,155 590 023,A01,1,7,0,2,3,15,1,0.0
202300051036,155 590 015,A01,3,7,0,2,3,15,4,0.0
202300051036,155 590 016,B01,3,34,0,2,1,15,4,0.0
202300051037,155 590 017,A01,1,7,0,2,5,15,1,0.0
202300051037,155 590 018,B01,2,2,0,2,1,1,1,0.0
202300051038,155 590 014,A01,1,7,0,1,2,1,1,0.0
202300051039,155 590 011,A01,1,30,0,0,0,26,1,0.0
202300051040,155 590 009,A01,3,7,1,2,2,26,1,0.0
202300051040,155 590 012,B01,3,7,1,2,6,23,1,0.0
202300051040,155 590 013,C01,3,7,1,0,6,26,1,0.0
202300051041,155 590 008,A01,1,7,0,1,1,15,1,0.0
202300051041,155 590 010,B01,1,7,0,2,2,15,1,0.0
202300051042,155 590 005,B01,1,33,0,2,1,1,1,0.0
202300051042,155 590 006,A01,2,7,0,2,8,10,1,0.0
202300051043,155 590 004,A01,0,7,0,2,2,1,3,0.0
202300051043,155 590 007,B01,0,50,0,2,8,19,3,0.0
202300051044,155 590 001,A01,1,7,0,2,3,15,1,0.0
202300051044,155 590 003,B01,1,50,0,2,1,1,3,0.0
202300051045,155 589 999,A01,1,3,0,2,3,15,0,0.0
202300051045,155 590 000,B01,1,31,0,2,2,0,0,0.0
202300051046,155 589 998,A01,2,7,0,2,3,1,1,0.0
202300051046,155 590 002,B01,1,7,0,2,7,10,1,0.0
202300051047,155 589 996,A01,1,7,0,2,2,20,1,0.0
202300051047,155 589 997,B01,2,1,1,2,4,21,5,0.0
202300051048,155 589 994,A01,1,7,3,0,9,1,2,0.0
202300051049,155 589 993,A01,3,7,0,2,1,1,1,0.0
202300051049,155 589 995,B01,3,7,0,2,4,23,1,0.0
202300051050,155 589 988,A01,1,7,0,2,3,15,0,0.0
202300051050,155 589 992,B01,1,31,0,2,7,1,1,0.0
202300051051,155 589 989,A01,3,7,0,2,3,11,1,0.0
202300051051,155 589 991,B01,3,50,0,2,2,17,3,0.0
202300051052,155 589 987,A01,2,7,0,2,1,26,1,0.0
202300051052,155 589 990,B01,1,7,2,2,1,0,1,0.0
202300051053,155 589 984,B01,1,30,0,2,1,1,1,0.0
202300051053,155 589 986,A01,1,1,0,2,4,19,5,0.0
202300051054,155 589 983,A01,2,7,0,1,2,21,1,0.0
202300051055,155 589 981,A01,1,33,0,2,1,3,1,0.0
202300051055,155 589 982,B01,1,7,0,2,4,1,1,0.0
202300051055,155 589 985,C01,1,7,0,2,7,1,1,0.0
202300051056,155 589 979,A01,1,33,0,0,0,1,1,0.0
202300051057,155 589 977,A01,3,1,8,1,1,1,5,0.0
202300051058,155 589 978,A01,2,7,0,2,3,15,1,0.0
202300051058,155 589 980,B01,2,2,0,2,2,1,1,0.0
202300051059,155 589 973,A01,1,33,0,1,1,1,1,0.0
202300051060,155 589 970,B01,1,7,0,2,4,1,1,0.0
202300051060,155 589 972,C01,1,7,0,2,4,1,1,0.0
202300051060,155 589 975,D01,1,7,0,2,1,2,1,0.0
202300051060,155 589 976,A01,1,7,0,2,4,1,1,0.0
202300051061,155 589 969,A01,1,7,0,0,5,15,1,0.0
202300051061,155 589 971,B01,1,31,0,2,1,1,1,0.0
202300051062,155 589 967,A01,2,31,0,1,0,1,1,0.0
202300051063,155 589 963,B01,1,7,0,2,4,1,1,0.0
202300051063,155 589 965,C01,1,7,0,2,4,0,1,0.0
202300051063,155 589 968,A01,1,7,0,2,3,11,1,0.0
202300051064,155 589 962,A01,2,33,0,0,8,1,1,0.0
202300051065,155 589 957,A01,3,13,0,1,1,1,1,0.0
202300051066,155 589 955,B01,2,7,0,2,6,13,1,0.0
202300051066,155 589 958,A01,2,7,0,2,1,1,1,0.0
202300051066,155 589 960,C01,2,10,0,2,3,1,1,0.0
202300051066,155 589 961,D01,2,7,0,2,5,2,0,0.0
202300051067,155 589 956,A01,1,7,0,0,8,23,1,0.0
202300051067,155 589 959,B01,1,7,1,0,7,22,1,0.0
202300051068,155 589 953,A01,2,32,1,1,1,1,1,0.0
202300051068,155 589 954,B01,0,7,0,2,2,0,0,0.0
202300051069,155 589 950,C01,1,10,0,2,1,2,1,0.0
202300051069,155 589 951,A01,1,7,0,0,0,13,0,0.0
202300051069,155 589 952,B01,1,7,0,0,4,2,1,0.0
202300051070,155 589 948,A01,3,7,0,1,2,1,1,0.0
202300051071,155 589 947,A01,1,7,0,2,3,0,1,0.0
202300051071,155 589 949,B01,3,7,0,2,7,1,1,0.0
202300051072,155 589 946,A01,3,43,0,0,7,1,1,0.0
202300051073,155 589 942,A01,2,7,0,2,1,1,1,0.0
202300051073,155 589 945,B01,2,10,0,2,5,2,1,0.0
202300051074,155 589 943,A01,3,2,12,0,8,16,1,0.0
202300051075,155 589 941,A01,1,7,0,2,1,0,3,0.0
202300051075,155 589 944,B01,1,7,0,2,4,0,1,0.0
202300051076,155 589 940,A01,1,7,0,1,2,16,1,0.0
202300051077,155 589 938,A01,3,36,0,0,0,26,1,0.0
202300051078,155 589 934,A01,1,50,0,2,1,18,3,0.0
202300051078,155 589 935,B01,1,7,0,2,2,16,1,0.0
202300051079,155 589 932,A01,1,7,0,0,7,5,1,0.0
202300051080,155 589 929,A01,2,7,0,2,1,2,1,0.0
202300051080,155 589 931,B01,2,7,0,2,4,1,1,0.0
202300051080,155 589 933,C01,2,7,0,2,4,1,1,0.0
202300051080,155 589 936,D01,2,7,0,2,4,1,1,0.0
202300051080,155 589 937,E01,2,7,0,2,4,1,1,0.0
202300051080,155 589 939,F01,2,7,0,2,4,1,1,0.0
202300051081,155 589 927,A01,1,7,0,2,0,26,1,0.0
202300051081,155 589 930,B01,1,7,0,2,0,0,1,0.0
202300051082,155 589 924,A01,2,7,4,0,1,14,1,0.0
202300051083,155 589 923,A01,2,10,0,2,3,21,1,0.0
202300051083,155 589 925,B01,2,30,0,2,1,0,1,0.0
202300051084,155 589 922,A01,1,7,0,2,3,21,1,0.0
202300051084,155 589 926,B01,1,7,0,2,1,1,1,0.0
202300051084,155 589 928,C01,1,7,0,0,6,9,1,0.0
202300051085,155 589 919,A01,3,7,0,2,3,1,1,0.0
202300051085,155 589 921,B01,3,10,0,2,8,1,1,0.0
202300051086,155 589 916,B01,2,7,0,2,4,1,1,0.0
202300051086,155 589 920,A01,2,7,0,2,9,1,1,0.0
202300051087,155 589 914,A01,1,7,0,0,6,23,1,0.0
202300051087,155 589 917,B01,2,7,0,2,1,5,1,0.0
202300051087,155 589 918,C01,1,7,0,2,1,1,1,0.0
202300051088,155 589 913,A01,1,7,8,2,1,13,0,0.0
202300051088,155 589 915,B01,2,7,0,2,6,1,2,0.0
202300051089,155 589 912,A01,1,7,4,0,1,1,1,0.0
202300051090,155 589 910,A01,2,7,13,0,0,1,1,0.0
202300051091,155 589 909,A01,1,7,12,0,8,15,1,0.0
202300051091,155 589 911,B01,1,30,12,0,1,2,0,0.0
202300051092,155 589 905,C01,2,99,0,2,4,1,1,0.0
202300051092,155 589 907,A01,2,7,0,2,1,2,1,0.0
202300051092,155 589 908,B01,2,7,0,2,2,1,1,0.0
202300051093,155 589 904,A01,2,7,4,0,0,0,1,0.0
202300051094,155 589 903,A01,1,7,0,2,3,16,1,0.0
202300051094,155 589 906,B01,2,1,0,2,1,1,5,0.0
202300051095,155 589 902,A01,2,7,2,0,1,1,0,0.0
202300051096,155 589 901,A01,2,7,4,0,1,0,1,0.0
202300051097,155 589 899,A01,1,7,0,2,7,16,1,0.0
202300051097,155 589 900,B01,1,37,0,2,3,1,1,1.0
202300051098,155 589 898,A01,1,1,0,0,8,1,5,0.0
202300051099,155 589 896,A01,1,7,0,2,2,14,1,0.0
202300051100,155 589 895,A01,2,33,0,2,1,14,1,0.0
202300051100,155 589 897,B01,2,7,0,2,4,1,1,0.0
202300051101,155 589 893,A01,1,10,9,0,1,1,1,0.0
202300051102,155 589 894,A01,1,7,0,1,8,15,3,0.0
202300051103,155 589 887,A01,1,7,0,2,1,2,1,0.0
202300051103,155 589 890,B01,1,7,0,2,1,2,1,0.0
202300051103,155 589 891,C01,1,7,0,2,1,2,3,0.0
202300051103,155 589 892,D01,1,7,0,2,4,1,2,0.0
202300051104,155 589 885,B01,1,31,0,2,8,1,1,0.0
202300051104,155 589 888,A01,2,10,0,2,8,1,1,0.0
202300051105,155 589 883,A01,1,10,0,2,1,1,1,0.0
202300051105,155 589 884,B01,1,7,0,2,4,1,1,0.0
202300051106,155 589 882,A01,3,7,8,0,7,1,1,0.0
202300051107,155 589 881,A01,2,10,0,1,1,15,1,0.0
202300051108,155 589 879,A01,2,7,11,0,1,1,1,0.0
202300051109,155 589 875,A01,2,7,4,2,2,1,1,0.0
202300051109,155 589 877,B01,2,7,4,2,1,1,1,0.0
202300051109,155 589 878,D01,2,7,4,2,2,1,1,0.0
202300051109,155 589 880,C01,2,7,4,2,6,1,1,0.0
202300051110,155 589 874,A01,1,7,6,0,1,1,1,0.0
202300051111,155 589 871,A01,1,7,4,0,2,1,1,0.0
202300051112,155 589 870,A01,1,7,0,2,1,1,1,0.0
202300051112,155 589 872,C01,1,1,0,2,4,1,5,0.0
202300051112,155 589 873,D01,1,1,0,2,4,1,5,0.0
202300051112,155 589 876,E01,1,1,0,2,4,1,5,0.0
202300051113,155 589 868,A01,1,7,4,0,4,1,1,0.0
202300051114,155 589 865,A01,2,80,0,1,7,0,3,0.0
202300051115,155 589 866,A01,1,33,0,0,2,2,1,0.0
202300051115,155 589 869,B01,1,31,0,0,3,1,1,0.0
202300051116,155 589 864,A01,2,31,0,2,1,1,1,0.0
202300051116,155 589 867,B01,1,7,0,2,2,1,1,0.0
202300051117,155 589 861,A01,2,33,0,0,0,21,1,0.0
202300051118,155 589 860,A01,1,7,0,2,7,19,1,0.0
202300051118,155 589 863,B01,1,7,0,2,1,1,1,0.0
202300051119,155 589 859,B01,1,1,0,2,1,15,5,0.0
202300051119,155 589 862,A01,1,2,0,9,0,14,1,0.0
202300051120,155 589 857,A01,2,10,0,2,1,1,1,0.0
202300051120,155 589 858,B01,2,37,0,2,4,23,1,3.0
202300051121,155 589 855,A01,3,7,2,0,1,1,1,0.0
202300051122,155 589 851,A01,1,80,0,1,1,1,3,0.0
202300051123,155 589 852,B01,2,32,0,2,5,23,1,0.0
202300051123,155 589 854,A01,2,10,0,2,1,26,1,0.0
202300051124,155 589 848,A01,2,31,0,2,7,2,1,0.0
202300051124,155 589 849,B01,2,7,0,2,2,0,1,0.0
202300051125,155 589 847,A01,1,7,0,2,3,1,1,0.0
202300051125,155 589 850,B01,2,2,0,2,1,13,1,0.0
202300051126,155 589 846,A01,2,7,0,1,3,1,1,0.0
202300051127,155 589 845,A01,3,7,0,1,1,1,1,0.0
202300051128,155 589 843,A01,3,7,0,2,1,15,0,0.0
202300051128,155 589 844,B01,3,50,0,2,1,1,3,0.0
202300051129,155 589 841,A01,1,7,2,0,7,1,1,0.0
202300051130,155 589 840,A01,0,7,13,0,1,1,1,0.0
202300051131,155 589 839,A01,2,2,0,2,8,16,1,0.0
202300051131,155 589 842,B01,3,7,0,2,2,15,1,0.0
202300051132,155 589 837,A01,1,7,0,0,0,1,2,0.0
202300051133,155 589 835,A01,2,7,0,2,4,1,1,0.0
202300051133,155 589 838,B01,3,50,0,0,4,19,3,0.0
202300051134,155 589 836,A01,2,7,0,0,2,14,1,0.0
202300051135,155 589 831,A01,0,37,0,1,2,1,0,1.0
202300051136,155 589 830,A01,3,7,0,2,1,1,1,0.0
202300051136,155 589 832,B01,3,7,0,2,1,5,1,0.0
202300051137,155 589 829,A01,1,7,0,0,4,26,1,0.0
202300051137,155 589 833,B01,1,33,0,2,1,1,1,0.0
202300051138,155 589 828,B01,2,7,0,2,1,1,1,0.0
202300051138,155 589 834,A01,1,7,0,2,8,15,1,0.0
202300051139,155 589 825,B01,3,1,0,2,8,1,5,0.0
202300051139,155 589 827,A01,3,7,0,2,2,15,1,0.0
202300051140,155 589 823,A01,1,33,0,6,1,1,1,0.0
202300051141,155 589 822,A01,2,0,0,0,1,1,0,0.0
202300051141,155 589 826,B01,1,7,0,0,3,16,1,0.0
202300051142,155 589 821,A01,1,7,0,2,1,13,1,0.0
202300051142,155 589 824,B01,2,7,0,2,1,1,1,0.0
202300051143,155 589 818,A01,2,33,0,0,0,13,1,0.0
202300051144,155 589 817,A01,2,43,0,2,2,1,1,0.0
202300051144,155 589 820,B01,1,1,0,2,3,1,5,0.0
202300051145,155 589 816,B01,2,2,0,2,1,1,1,0.0
202300051145,155 589 819,A01,1,7,0,2,2,15,1,0.0
202300051146,155 589 813,A01,1,37,0,2,1,24,1,1.0
202300051146,155 589 815,B01,2,7,1,2,1,5,1,0.0
202300051147,155 589 812,A01,2,33,0,2,1,13,1,0.0
202300051147,155 589 814,B01,2,7,0,9,3,0,1,0.0
202300051148,155 589 810,A01,2,2,0,1,0,2,1,0.0
202300051149,155 589 811,A01,1,7,0,1,2,1,1,0.0
202300051150,155 589 809,A01,1,1,0,0,0,1,5,0.0
202300051151,155 589 807,B01,1,50,0,2,1,1,3,0.0
202300051151,155 589 808,A01,2,7,0,2,8,1,1,0.0
202300051152,155 589 803,A01,1,7,0,2,1,2,1,0.0
202300051152,155 589 806,B01,1,7,0,2,4,2,1,0.0
202300051153,155 589 802,A01,1,7,0,2,7,15,1,0.0
202300051153,155 589 804,B01,1,33,0,2,8,1,1,0.0
202300051154,155 589 801,A01,3,7,0,1,2,1,1,0.0
202300051155,155 589 800,A01,1,33,0,2,1,1,1,0.0
202300051155,155 589 805,B01,2,32,0,2,3,5,0,0.0
202300051156,155 589 799,A01,2,7,10,0,1,1,1,0.0
202300051157,155 589 795,A01,2,7,0,2,1,2,1,0.0
202300051157,155 589 797,B01,2,2,0,2,4,23,1,0.0
202300051158,155 589 794,A01,1,33,0,0,3,0,0,0.0
202300051159,155 589 793,A01,3,7,0,1,3,15,1,0.0
202300051160,155 589 791,C01,2,7,0,2,4,23,1,0.0
202300051160,155 589 792,A01,2,7,0,2,1,2,1,0.0
202300051160,155 589 796,B01,2,7,0,2,4,23,1,0.0
202300051160,155 589 798,D01,2,7,0,2,4,23,1,0.0
202300051161,155 589 787,A01,1,7,6,0,1,14,1,0.0
202300051162,155 589 785,B01,2,31,0,2,1,1,1,0.0
202300051162,155 589 788,A01,1,7,0,2,2,15,1,0.0
202300051163,155 589 784,B01,3,7,0,2,9,21,1,0.0
202300051163,155 589 790,A01,3,7,0,2,1,0,1,0.0
202300051164,155 589 782,A01,2,7,13,0,1,13,1,0.0
202300051165,155 589 780,B01,1,7,0,2,1,1,1,0.0
202300051165,155 589 786,A01,2,7,0,2,2,15,1,0.0
202300051166,155 589 777,B01,3,34,14,9,3,1,1,0.0
202300051166,155 589 781,A01,3,50,0,2,2,19,3,0.0
202300051167,155 589 776,B01,1,10,0,2,3,1,1,0.0
202300051167,155 589 779,A01,2,7,0,2,3,17,1,0.0
202300051167,155 589 783,D01,1,7,0,2,3,1,1,0.0
202300051167,155 589 789,C01,2,10,0,2,6,2,1,0.0
202300051168,155 589 775,A01,3,7,1,0,2,14,1,0.0
202300051169,155 589 774,A01,1,7,8,2,3,21,1,0.0
202300051169,155 589 778,B01,1,33,0,2,4,23,1,0.0
202300051170,155 589 773,A01,1,7,13,0,2,1,1,0.0
202300051171,155 589 770,A01,1,7,2,0,1,1,1,0.0
202300051172,155 589 769,B01,1,7,0,2,1,1,3,0.0
202300051172,155 589 772,A01,1,7,0,2,1,1,1,0.0
202300051173,155 589 765,A01,2,7,0,2,3,10,1,0.0
202300051173,155 589 768,B01,2,32,0,2,1,1,1,0.0
202300051174,155 589 764,A01,1,33,0,2,7,17,1,0.0
202300051174,155 589 766,B01,1,15,0,2,3,15,1,0.0
202300051175,155 589 762,A01,1,7,0,1,1,1,1,0.0
202300051176,155 589 761,A01,2,7,0,2,3,13,1,0.0
202300051176,155 589 763,B01,1,10,0,2,3,1,1,0.0
202300051177,155 589 759,A01,1,10,2,0,1,2,1,0.0
202300051178,155 589 757,A01,2,1,0,2,1,12,5,0.0
202300051178,155 589 758,B01,1,7,0,2,1,1,1,0.0
202300051179,155 589 756,A01,2,7,0,2,3,1,1,0.0
202300051179,155 589 760,B01,1,7,0,2,3,1,1,0.0
202300051180,155 589 753,A01,2,33,0,0,3,1,1,0.0
202300051181,155 589 750,B01,3,50,0,2,1,9,3,0.0
202300051181,155 589 754,A01,2,7,0,2,2,1,1,0.0
202300051182,155 589 748,A01,3,36,6,0,2,2,1,0.0
202300051183,155 589 747,A01,1,7,0,2,3,15,1,0.0
202300051183,155 589 749,B01,1,7,0,2,2,16,1,0.0
202300051184,155 589 746,A01,1,7,0,2,2,1,0,0.0
202300051184,155 589 751,B01,3,7,0,2,1,16,0,0.0
202300051185,155 589 745,A01,0,7,0,1,0,1,1,0.0
202300051186,155 589 740,B01,1,7,0,2,4,1,1,0.0
202300051186,155 589 744,A01,1,7,0,2,1,1,1,0.0
202300051187,155 589 738,A01,3,2,0,2,1,1,1,0.0
202300051187,155 589 742,B01,3,33,0,2,1,1,1,0.0
202300051188,155 589 736,A01,1,7,1,0,3,17,1,0.0
202300051189,155 589 735,A01,1,3,0,2,1,13,1,0.0
202300051189,155 589 741,B01,2,15,0,2,3,1,1,0.0
202300051189,155 589 743,C01,2,3,0,2,1,1,1,0.0
202300051190,155 589 733,A01,2,7,0,2,1,1,1,0.0
202300051190,155 589 739,B01,2,7,0,2,3,26,1,0.0
202300051191,155 589 731,B01,1,7,0,2,2,0,1,0.0
202300051191,155 589 732,A01,1,30,0,2,1,1,1,0.0
202300051192,155 589 730,A01,2,33,3,0,2,1,1,0.0
202300051193,155 589 728,A01,0,37,0,2,3,1,2,3.0
202300051193,155 589 734,B01,0,7,0,2,3,23,1,0.0
202300051193,155 589 737,Z01,0,10,0,2,2,12,1,0.0
202300051194,155 589 727,A01,1,7,0,1,2,16,1,0.0
202300051195,155 589 726,B01,2,1,0,9,1,1,5,0.0
202300051195,155 589 729,A01,1,10,0,9,3,5,1,0.0
202300051196,155 589 723,A01,1,2,0,2,1,1,1,0.0
202300051196,155 589 725,B01,2,7,0,2,1,1,1,0.0
202300051197,155 589 722,A01,1,34,12,0,1,1,1,0.0
202300051198,155 589 717,A01,1,7,0,9,2,1,1,0.0
202300051198,155 589 720,B01,3,50,0,2,3,16,3,0.0
202300051199,155 589 716,B01,1,15,0,2,3,1,0,0.0
202300051199,155 589 719,A01,1,10,0,2,5,12,0,0.0
202300051200,155 589 715,A01,1,7,0,2,1,13,1,0.0
202300051200,155 589 718,B01,2,7,0,2,3,1,1,0.0
202300051201,155 589 710,A01,3,1,0,2,0,0,5,0.0
202300051201,155 589 714,B01,3,7,0,2,3,9,1,0.0
202300051202,155 589 711,A01,1,2,0,2,3,2,1,0.0
202300051203,155 589 708,A01,2,7,2,0,3,13,1,0.0
202300051204,155 589 704,B01,0,7,0,2,1,1,1,0.0
202300051204,155 589 707,A01,0,7,0,2,8,9,1,0.0
202300051205,155 589 706,B01,1,7,0,2,4,23,1,0.0
202300051205,155 589 709,A01,1,7,0,2,1,2,1,0.0
202300051206,155 589 701,C01,0,34,0,2,1,1,1,0.0
202300051206,155 589 705,B01,0,10,0,2,1,1,1,0.0
202300051206,155 589 712,A01,0,10,0,2,3,17,1,0.0
202300051207,155 589 700,A01,1,10,8,1,9,2,1,0.0
202300051208,155 589 703,A01,1,2,0,0,1,1,1,0.0
202300051209,155 589 699,A01,1,7,0,1,2,1,1,0.0
202300051210,155 589 697,A01,2,33,0,0,0,0,1,0.0
202300051211,155 589 696,B01,1,7,0,2,1,1,1,0.0
202300051211,155 589 702,A01,2,7,0,2,5,13,1,0.0
202300051212,155 589 694,A01,2,7,0,1,2,1,1,0.0
202300051213,155 589 691,B01,1,7,0,2,4,1,1,0.0
202300051213,155 589 695,A01,1,7,0,2,1,1,1,0.0
202300051214,155 589 689,A01,1,7,0,2,1,1,1,0.0
202300051214,155 589 693,B01,2,7,0,0,4,23,1,0.0
202300051215,155 589 688,B01,2,1,0,2,4,1,5,0.0
202300051215,155 589 692,A01,2,7,0,2,2,1,1,0.0
202300051216,155 589 687,A01,2,7,6,0,1,1,1,0.0
202300051217,155 589 686,B01,2,7,0,2,2,1,1,0.0
202300051217,155 589 690,A01,1,7,0,2,5,15,1,0.0
202300051217,155 589 698,C01,3,7,0,2,3,23,1,0.0
202300051218,155 589 685,A01,1,7,0,0,2,14,1,0.0
202300051219,155 589 681,A01,1,7,0,1,2,1,1,0.0
202300051220,155 589 682,B01,1,33,4,0,1,2,1,0.0
202300051220,155 589 683,A01,1,33,4,0,4,1,1,0.0
202300051221,155 589 678,B01,1,7,0,2,3,1,2,0.0
202300051221,155 589 684,A01,2,1,0,2,1,1,5,0.0
202300051222,155 589 680,A01,3,7,6,0,1,26,1,0.0
202300051223,155 589 677,A01,2,7,0,2,1,5,1,0.0
202300051223,155 589 679,B01,1,7,0,2,1,1,1,0.0
202300051224,155 589 676,A01,3,7,0,1,1,26,1,0.0
202300051225,155 589 675,A01,1,33,13,0,1,26,1,0.0