num_acc,id_vehicule,num_veh,senc,catv,obs,obsm,choc,manv,motor,occutc
202300051226,155 589 671,A01,2,7,0,0,1,26,1,0.0
202300051227,155 589 670,B01,2,31,0,2,7,17,1,0.0
202300051227,155 589 673,A01,1,7,0,2,8,15,1,0.0
202300051228,155 589 668,B01,0,7,0,2,3,1,1,0.0
202300051228,155 589 672,C01,0,7,0,2,3,1,1,0.0
202300051228,155 589 674,A01,0,32,0,2,3,1,1,0.0
202300051229,155 589 669,A01,1,7,13,0,2,1,1,0.0
202300051230,155 589 667,A01,1,7,0,1,1,0,0,0.0
202300051231,155 589 666,A01,1,7,0,0,3,1,1,0.0
202300051232,155 589 662,A01,1,7,0,2,1,2,1,0.0
202300051232,155 589 665,B01,1,7,0,2,5,1,1,0.0
202300051233,155 589 660,A01,2,7,0,2,7,13,1,0.0
202300051233,155 589 663,B01,2,50,0,2,8,0,3,0.0
202300051234,155 589 657,A01,1,7,0,1,2,1,0,0.0
202300051235,155 589 659,B01,1,7,0,2,6,2,1,0.0
202300051235,155 589 664,A01,1,31,0,2,1,3,1,0.0
202300051236,155 589 655,B01,2,7,0,2,6,1,1,0.0
202300051236,155 589 661,A01,1,7,0,2,1,13,1,0.0
202300051237,155 589 653,B01,1,7,0,2,1,21,1,0.0
202300051237,155 589 656,A01,1,33,0,2,0,9,1,0.0
202300051238,155 589 654,A01,2,2,0,0,6,15,1,0.0
202300051238,155 589 658,B01,2,10,6,2,1,1,1,0.0
202300051239,155 589 650,A01,1,7,0,9,1,1,1,0.0
202300051240,155 589 647,A01,1,37,0,9,7,1,1,1.0
202300051240,155 589 652,B01,3,1,0,2,1,21,5,0.0
202300051241,155 589 642,A01,3,33,0,2,1,21,1,0.0
202300051241,155 589 648,B01,0,7,0,0,8,0,1,0.0
202300051242,155 589 646,A01,1,10,0,2,1,2,3,0.0
202300051242,155 589 651,B01,1,38,0,2,4,2,1,1.0
202300051243,155 589 644,A01,3,7,0,2,3,2,1,0.0
202300051243,155 589 649,B01,3,7,0,0,5,0,1,0.0
202300051244,155 589 640,B01,2,7,0,2,1,1,1,0.0
202300051244,155 589 645,A01,1,10,0,2,1,2,1,0.0
202300051245,155 589 641,A01,2,7,0,2,2,1,1,0.0
202300051245,155 589 643,B01,1,33,0,2,1,5,1,0.0
202300051246,155 589 631,B01,3,7,0,2,1,1,1,0.0
202300051246,155 589 638,A01,3,7,0,2,1,1,1,0.0
202300051247,155 589 635,A01,1,7,13,0,1,1,1,0.0
202300051248,155 589 636,A01,1,33,0,0,7,3,1,0.0
202300051249,155 589 634,B01,2,7,0,2,1,1,1,0.0
202300051249,155 589 639,A01,1,7,4,0,1,11,1,0.0
202300051250,155 589 632,A01,2,7,0,2,3,1,1,0.0
202300051250,155 589 637,B01,1,7,0,2,2,19,1,0.0
202300051251,155 589 630,A01,1,7,0,1,1,1,1,0.0
202300051252,155 589 628,A01,3,7,1,0,1,1,1,0.0
202300051253,155 589 625,A01,2,33,0,0,0,1,1,0.0
202300051254,155 589 623,A01,2,2,0,2,1,13,1,0.0
202300051254,155 589 627,B01,1,7,0,2,3,1,1,0.0
202300051255,155 589 621,A01,2,7,0,2,1,1,0,0.0
202300051255,155 589 629,B01,2,7,0,2,4,1,0,0.0
202300051255,155 589 633,C01,2,7,0,0,4,1,0,0.0
202300051256,155 589 618,A01,2,7,8,2,1,2,1,0.0
202300051256,155 589 622,B01,2,7,0,1,4,2,1,0.0
202300051257,155 589 616,A01,1,7,0,2,8,15,1,0.0
202300051257,155 589 620,B01,1,33,0,2,1,17,1,0.0
202300051258,155 589 615,A01,1,33,0,2,8,3,1,0.0
202300051258,155 589 619,C01,1,7,0,2,5,1,1,0.0
202300051258,155 589 624,D01,1,7,0,2,3,1,1,0.0
202300051258,155 589 626,B01,1,7,0,2,2,1,1,0.0
202300051259,155 589 608,A01,2,7,0,2,7,19,1,0.0
202300051259,155 589 614,B01,2,7,0,2,1,1,1,0.0
202300051260,155 589 605,A01,0,7,0,2,2,2,1,0.0
202300051260,155 589 609,B01,0,7,0,2,7,2,1,0.0
202300051261,155 589 604,B01,3,7,0,2,4,26,1,0.0
202300051261,155 589 611,C01,3,7,0,2,1,26,1,0.0
202300051261,155 589 617,A01,2,7,2,0,1,1,1,0.0
202300051262,155 589 607,B01,3,7,0,2,3,1,1,0.0
202300051262,155 589 610,A01,3,50,0,2,1,19,3,0.0
202300051263,155 589 601,A01,2,15,0,2,2,1,1,0.0
202300051263,155 589 603,B01,2,7,0,2,8,1,1,0.0
202300051264,155 589 600,B01,2,34,0,2,1,1,1,0.0
202300051264,155 589 606,A01,1,7,0,2,2,1,1,0.0
202300051265,155 589 599,A01,1,7,0,2,4,1,1,0.0
202300051265,155 589 602,B01,2,7,0,2,1,1,1,0.0
202300051266,155 589 598,A01,0,7,16,0,0,1,1,0.0
202300051267,155 589 595,A01,3,7,2,0,1,13,1,0.0
202300051268,155 589 594,A01,1,2,0,0,7,26,1,0.0
202300051268,155 589 597,B01,1,2,0,0,8,0,1,0.0
202300051269,155 589 591,C01,1,7,0,2,4,2,2,0.0
202300051269,155 589 593,A01,1,7,0,2,7,12,1,0.0
202300051269,155 589 596,B01,1,33,0,2,3,3,1,0.0
202300051270,155 589 587,A01,3,40,0,1,1,19,3,0.0
202300051271,155 589 589,A01,1,7,6,0,2,14,1,0.0
202300051272,155 589 585,B01,1,21,8,2,8,15,1,0.0
202300051272,155 589 588,A01,1,7,0,2,1,17,1,0.0
202300051273,155 589 586,A01,1,32,0,2,1,1,1,0.0
202300051273,155 589 592,B01,1,7,0,2,3,9,1,0.0
202300051274,155 589 582,A01,1,7,0,2,3,1,1,0.0
202300051274,155 589 584,B01,2,33,0,2,1,1,1,0.0
202300051275,155 589 579,C01,1,7,0,2,6,14,0,0.0
202300051275,155 589 580,A01,2,7,0,2,3,11,1,0.0
202300051275,155 589 583,B01,1,7,0,2,3,14,1,0.0
202300051275,155 589 590,D01,1,10,0,2,3,14,1,0.0
202300051276,155 589 578,A01,1,7,13,0,3,1,1,0.0
202300051277,155 589 577,A01,3,7,0,1,4,4,1,0.0
202300051278,155 589 576,A01,1,1,0,2,1,13,5,0.0
202300051278,155 589 581,B01,2,43,0,2,3,1,1,0.0
202300051279,155 589 570,A01,3,7,0,1,1,15,0,0.0
202300051280,155 589 574,A01,1,10,0,1,1,1,1,0.0
202300051281,155 589 572,A01,1,2,0,2,7,9,1,0.0
202300051281,155 589 575,B01,2,7,0,2,1,9,1,0.0
202300051282,155 589 571,A01,3,2,0,0,1,14,1,0.0
202300051283,155 589 568,A01,2,7,0,2,1,2,1,0.0
202300051283,155 589 573,B01,2,2,0,2,4,1,1,0.0
202300051284,155 589 566,A01,2,2,0,2,8,1,0,0.0
202300051284,155 589 569,B01,2,7,0,2,0,9,0,0.0
202300051285,155 589 564,Z01,1,7,0,2,7,22,0,0.0
202300051285,155 589 567,A01,1,1,0,2,1,1,5,0.0
202300051286,155 589 561,A01,1,7,8,0,4,0,2,0.0
202300051286,155 589 565,B01,1,7,10,2,1,0,1,0.0
202300051287,155 589 562,A01,1,30,13,0,0,1,1,0.0
202300051288,155 589 559,A01,1,7,0,1,3,1,0,0.0
202300051289,155 589 558,A01,3,7,0,2,3,1,1,0.0
202300051289,155 589 563,B01,2,32,0,2,3,1,1,0.0
202300051290,155 589 556,A01,1,7,0,2,8,1,1,0.0
202300051290,155 589 560,B01,2,33,0,2,8,1,1,0.0
202300051291,155 589 551,A01,1,7,0,0,8,13,1,0.0
202300051292,155 589 553,A01,2,7,0,2,3,15,1,0.0
202300051292,155 589 557,B01,1,31,0,2,1,1,1,0.0
202300051293,155 589 554,A01,2,1,0,1,1,1,5,0.0
202300051294,155 589 550,A01,1,15,0,0,6,0,1,0.0
202300051294,155 589 555,B01,1,7,3,0,1,21,1,0.0
202300051295,155 589 552,A01,2,1,0,0,3,1,5,0.0
202300051296,155 589 546,B01,1,1,0,2,4,7,5,0.0
202300051296,155 589 549,A01,1,37,0,2,2,7,2,2.0
202300051297,155 589 545,A01,1,7,0,2,2,13,1,0.0
202300051297,155 589 547,B01,2,7,0,2,3,1,1,0.0
202300051298,155 589 542,A01,2,1,0,2,7,1,5,0.0
202300051298,155 589 548,B01,2,7,0,2,1,1,1,0.0
202300051299,155 589 544,A01,2,7,0,1,3,15,1,0.0
202300051300,155 589 540,B01,2,7,0,2,2,2,1,0.0
202300051300,155 589 543,A01,2,3,0,2,6,2,1,0.0
202300051301,155 589 541,A01,2,7,6,0,1,15,1,0.0
202300051302,155 589 539,A01,1,7,2,0,1,13,1,0.0
202300051303,155 589 536,A01,0,7,0,1,2,1,0,0.0
202300051304,155 589 538,A01,1,33,0,1,1,1,1,0.0
202300051305,155 589 532,A01,2,7,0,2,1,1,1,0.0
202300051305,155 589 537,B01,2,7,0,2,2,1,1,0.0
202300051306,155 589 530,A01,1,7,0,0,3,19,0,0.0
202300051306,155 589 534,B01,2,31,0,2,1,1,0,0.0
202300051307,155 589 528,A01,1,7,0,2,3,1,2,0.0
202300051307,155 589 535,B01,1,7,0,2,2,15,1,0.0
202300051308,155 589 531,A01,3,7,0,1,2,16,1,0.0
202300051309,155 589 526,A01,2,30,0,0,3,0,1,0.0
202300051310,155 589 521,A01,1,7,12,2,9,1,1,0.0
202300051310,155 589 527,B01,2,7,0,2,1,16,1,0.0
202300051311,155 589 522,C01,2,7,0,2,1,2,1,0.0
202300051311,155 589 525,D01,2,10,0,2,1,2,1,0.0
202300051311,155 589 529,A01,2,15,0,2,8,13,1,0.0
202300051311,155 589 533,B01,2,10,0,2,2,14,1,0.0
202300051312,155 589 520,B01,1,10,0,2,5,1,1,0.0
202300051312,155 589 524,A01,1,30,0,2,5,7,1,0.0
202300051313,155 589 518,B01,2,7,0,2,1,0,0,0.0
202300051313,155 589 523,A01,2,7,0,0,8,1,0,0.0
202300051314,155 589 517,A01,3,7,0,1,1,26,1,0.0
202300051315,155 589 515,A01,2,7,12,0,2,1,1,0.0
202300051316,155 589 516,B01,2,2,0,2,7,1,3,0.0
202300051316,155 589 519,A01,2,2,0,2,1,2,1,0.0
202300051317,155 589 511,A01,1,7,13,0,1,0,1,0.0
202300051318,155 589 512,A01,1,7,0,1,1,1,1,0.0
202300051319,155 589 509,A01,1,1,0,2,1,2,5,0.0
202300051319,155 589 513,Z01,1,7,0,2,4,23,0,0.0
202300051320,155 589 507,B01,2,7,8,2,8,1,1,0.0
202300051320,155 589 514,A01,1,7,0,2,1,1,1,0.0
202300051321,155 589 508,A01,2,7,0,2,8,9,1,0.0
202300051321,155 589 510,B01,2,2,0,2,7,1,1,0.0
202300051322,155 589 502,A01,1,7,0,2,3,9,1,0.0
202300051322,155 589 506,B01,1,2,0,2,1,12,1,0.0
202300051323,155 589 503,A01,2,7,0,1,3,15,1,0.0
202300051324,155 589 499,A01,2,7,0,2,2,1,1,0.0
202300051324,155 589 505,B01,2,2,0,2,1,5,1,0.0
202300051325,155 589 500,A01,2,50,0,0,0,21,3,0.0
202300051326,155 589 497,A01,2,33,0,2,7,17,1,0.0
202300051326,155 589 501,B01,1,7,0,9,3,1,1,0.0
202300051326,155 589 504,C01,2,7,0,0,0,21,1,0.0
202300051327,155 589 495,B01,3,7,0,2,4,10,1,0.0
202300051327,155 589 498,A01,3,2,0,2,1,17,1,0.0
202300051328,155 589 496,A01,0,36,8,0,1,0,1,0.0
202300051329,155 589 491,A01,1,7,0,9,3,2,1,0.0
202300051329,155 589 494,B01,1,50,0,2,1,1,3,0.0
202300051330,155 589 488,A01,1,31,0,2,1,0,1,0.0
202300051330,155 589 492,B01,2,7,0,2,6,19,1,0.0
202300051331,155 589 489,A01,1,10,0,1,7,1,3,0.0
202300051332,155 589 486,A01,0,2,0,0,0,2,1,0.0
202300051332,155 589 490,B01,0,10,0,0,0,0,1,0.0
202300051333,155 589 484,A01,1,7,0,2,1,16,1,0.0
202300051333,155 589 493,B01,3,1,0,2,7,19,5,0.0
202300051334,155 589 485,A01,1,7,0,0,1,1,0,0.0
202300051334,155 589 487,B01,2,7,0,0,1,1,0,0.0
202300051335,155 589 483,A01,1,7,8,0,8,1,1,0.0
202300051336,155 589 479,A01,1,31,0,2,1,13,1,0.0
202300051336,155 589 482,B01,2,7,0,2,3,1,1,0.0
202300051337,155 589 478,A01,1,7,0,2,3,17,1,0.0
202300051337,155 589 481,B01,2,7,0,2,1,15,1,0.0
202300051338,155 589 473,A01,1,7,0,2,1,1,1,0.0
202300051338,155 589 476,B01,1,7,0,2,4,2,1,0.0
202300051339,155 589 472,B01,3,7,0,2,1,1,1,0.0
202300051339,155 589 480,A01,3,7,0,2,2,19,1,0.0
202300051340,155 589 474,A01,0,7,8,0,2,1,1,0.0
202300051341,155 589 471,A01,2,7,0,2,1,1,1,0.0
202300051341,155 589 475,B01,2,2,0,2,4,1,3,0.0
202300051342,155 589 470,A01,1,7,3,2,1,2,1,0.0
202300051342,155 589 477,B01,1,7,3,0,4,2,1,0.0
202300051343,155 589 468,A01,1,7,13,0,1,0,1,0.0
202300051344,155 589 464,A01,2,10,0,1,1,1,1,0.0
202300051345,155 589 461,A01,3,10,6,0,4,25,1,0.0
202300051346,155 589 460,A01,1,7,0,2,5,16,1,0.0
202300051346,155 589 465,B01,1,7,0,2,1,1,1,0.0
202300051347,155 589 459,A01,1,7,6,0,1,1,1,0.0
202300051348,155 589 458,A01,2,7,2,2,6,1,2,0.0
202300051348,155 589 463,B01,2,7,0,2,5,1,1,0.0
202300051348,155 589 466,Z01,2,7,0,2,2,3,1,0.0
202300051349,155 589 457,A01,1,7,3,0,2,1,1,0.0
202300051350,155 589 456,A01,2,50,0,2,8,13,3,0.0
202300051350,155 589 462,B01,1,7,0,9,7,13,1,0.0
202300051351,155 589 455,A01,3,10,1,0,2,1,3,0.0
202300051352,155 589 450,A01,3,7,0,9,8,18,0,0.0
202300051352,155 589 453,B01,3,1,0,2,5,2,5,0.0
202300051353,155 589 449,A01,3,30,0,2,1,17,1,0.0
202300051353,155 589 454,B01,3,10,0,2,3,10,1,0.0
202300051354,155 589 445,A01,1,10,0,1,1,1,6,0.0
202300051355,155 589 448,A01,0,31,0,1,1,26,1,0.0
202300051356,155 589 444,A01,2,7,0,2,9,17,1,0.0
202300051356,155 589 447,B01,2,7,0,2,6,23,2,0.0
202300051356,155 589 452,C01,2,7,0,2,5,23,2,0.0
202300051357,155 589 443,A01,1,7,0,2,2,15,1,0.0
202300051357,155 589 451,B01,1,10,0,2,3,1,1,0.0
202300051358,155 589 441,A01,1,7,13,0,1,17,1,0.0
202300051359,155 589 439,A01,1,7,0,1,1,1,1,0.0
202300051360,155 589 436,A01,3,50,6,0,1,1,3,0.0
202300051361,155 589 435,A01,2,7,0,4,3,1,1,0.0
202300051361,155 589 440,B01,1,40,0,2,2,1,3,0.0
202300051362,155 589 434,B01,2,7,0,0,0,0,0,0.0
202300051362,155 589 438,A01,1,7,0,0,0,0,0,0.0
202300051363,155 589 431,A01,2,7,6,0,2,1,1,0.0
202300051364,155 589 433,B01,1,1,0,2,1,1,5,0.0
202300051364,155 589 437,A01,1,7,0,0,7,15,1,0.0
202300051365,155 589 430,A01,2,7,0,1,0,0,0,0.0
202300051366,155 589 428,A01,1,7,3,2,2,17,1,0.0
202300051366,155 589 432,B01,1,7,3,2,6,13,1,0.0
202300051367,155 589 425,B01,3,2,0,2,7,0,0,0.0
202300051367,155 589 429,A01,3,7,0,2,7,9,0,0.0
202300051368,155 589 424,A01,1,33,0,2,1,1,1,0.0
202300051368,155 589 427,B01,2,30,0,2,1,1,1,0.0
202300051369,155 589 421,A01,2,7,1,0,2,21,0,0.0
202300051369,155 589 426,B01,1,7,0,2,3,24,0,0.0
202300051370,155 589 422,A01,1,31,0,0,2,16,1,0.0
202300051371,155 589 418,A01,3,7,0,1,1,9,1,0.0
202300051372,155 589 420,A01,1,7,0,2,1,15,1,0.0
202300051372,155 589 423,B01,1,50,0,2,7,1,3,0.0
202300051373,155 589 416,B01,1,33,16,0,7,1,1,0.0
202300051374,155 589 414,A01,2,7,0,2,1,1,1,0.0
202300051374,155 589 419,B01,2,7,0,0,4,1,1,0.0
202300051375,155 589 413,A01,2,7,0,1,3,1,1,0.0
202300051376,155 589 412,A01,3,50,8,0,6,19,3,0.0
202300051377,155 589 409,A01,2,7,0,2,3,16,1,0.0
202300051377,155 589 415,B01,1,7,0,2,3,15,1,0.0
202300051378,155 589 408,A01,1,7,0,2,2,1,0,0.0
202300051378,155 589 417,B01,2,13,0,2,8,19,0,0.0
202300051379,155 589 407,A01,3,7,0,2,6,11,1,0.0
202300051379,155 589 411,B01,3,7,0,2,1,1,1,0.0
202300051380,155 589 406,B01,1,7,0,2,7,1,1,0.0
202300051380,155 589 410,A01,1,30,0,2,8,17,3,0.0
202300051381,155 589 403,A01,0,7,0,1,1,1,0,0.0
202300051382,155 589 398,A01,1,7,2,0,1,14,1,0.0
202300051383,155 589 396,A01,2,7,0,2,2,12,1,0.0
202300051383,155 589 405,B01,2,7,0,9,6,1,1,0.0
202300051384,155 589 397,A01,0,7,0,2,3,15,2,0.0
202300051384,155 589 404,Y01,0,60,0,2,8,19,5,0.0
202300051385,155 589 400,A01,1,38,0,1,5,1,0,1.0
202300051386,155 589 394,A01,2,31,0,2,1,1,1,0.0
202300051386,155 589 399,B01,1,7,0,2,3,1,1,0.0
202300051386,155 589 402,C01,2,7,0,2,3,1,1,0.0
202300051387,155 589 395,A01,3,7,0,2,3,15,2,0.0
202300051387,155 589 401,B01,3,7,0,2,2,1,1,0.0
202300051388,155 589 389,A01,1,7,0,1,3,1,1,0.0
202300051389,155 589 385,A01,1,7,0,2,1,15,1,0.0
202300051389,155 589 392,B01,2,32,0,2,1,1,1,0.0
202300051390,155 589 386,A01,1,32,0,1,1,2,1,0.0
202300051391,155 589 387,A01,2,7,0,2,3,5,1,0.0
202300051391,155 589 393,B01,1,7,0,2,3,1,1,0.0
202300051392,155 589 384,B01,0,7,0,2,4,2,1,0.0
202300051392,155 589 390,A01,0,7,0,2,4,17,1,0.0
202300051393,155 589 383,A01,2,7,0,2,2,1,1,0.0
202300051393,155 589 391,B01,1,14,0,2,6,1,1,0.0
202300051394,155 589 382,A01,3,30,0,2,1,1,6,0.0
202300051394,155 589 388,B01,3,7,0,2,6,9,1,0.0
202300051395,155 589 375,B01,1,33,0,2,1,1,1,0.0
202300051395,155 589 381,A01,3,7,0,2,3,9,1,0.0
202300051396,155 589 373,B01,1,7,0,2,3,1,1,0.0
202300051396,155 589 377,A01,1,50,0,2,1,9,3,0.0
202300051397,155 589 372,A01,2,7,0,2,1,1,1,0.0
202300051397,155 589 376,C01,2,7,0,2,5,1,1,0.0
202300051397,155 589 380,B01,2,7,0,2,6,1,1,0.0
202300051398,155 589 370,B01,1,15,0,2,4,1,1,0.0
202300051398,155 589 378,A01,1,10,0,2,1,1,1,0.0
202300051399,155 589 371,A01,2,7,0,2,1,5,1,0.0
202300051399,155 589 379,B01,1,7,0,2,1,1,1,0.0
202300051400,155 589 374,B01,1,32,0,1,3,1,3,0.0
202300051401,155 589 367,A01,2,7,4,2,1,9,1,0.0
202300051401,155 589 369,B01,2,7,0,2,3,1,1,0.0
202300051402,155 589 364,A01,1,10,0,2,3,15,1,0.0
202300051402,155 589 366,B01,1,1,0,2,3,1,5,0.0
202300051403,155 589 363,A01,1,7,0,2,1,1,0,0.0
202300051403,155 589 368,B01,1,7,0,2,4,1,0,0.0
202300051404,155 589 362,A01,1,7,0,2,3,10,1,0.0
202300051404,155 589 365,B01,1,33,0,2,2,17,1,0.0
202300051405,155 589 361,Z01,3,7,0,1,0,0,0,0.0
202300051406,155 589 359,A01,2,2,0,0,2,26,1,0.0
202300051407,155 589 358,A01,1,7,2,0,1,15,1,0.0
202300051408,155 589 355,A01,1,30,16,2,1,1,1,0.0
202300051408,155 589 356,B01,3,10,0,2,4,1,1,0.0
202300051409,155 589 357,A01,0,10,9,0,1,1,0,0.0
202300051410,155 589 352,A01,0,7,0,0,1,1,0,0.0
202300051411,155 589 354,A01,1,3,0,2,3,15,1,0.0
202300051411,155 589 360,B01,2,7,0,2,2,1,1,0.0
202300051412,155 589 348,B01,2,7,0,2,5,2,1,0.0
202300051412,155 589 351,A01,2,7,0,2,3,2,1,0.0
202300051413,155 589 349,B01,2,7,13,2,3,1,1,0.0
202300051413,155 589 353,A01,1,7,0,2,3,13,1,0.0
202300051414,155 589 346,B01,1,17,0,2,1,1,1,0.0
202300051414,155 589 347,A01,2,17,0,2,2,13,1,0.0
202300051415,155 589 350,A01,3,7,0,1,3,1,1,0.0
202300051416,155 589 344,A01,3,7,0,1,2,13,1,0.0
202300051417,155 589 342,A01,2,33,0,2,1,1,1,0.0
202300051417,155 589 345,B01,1,7,0,9,2,15,1,0.0
202300051418,155 589 341,A01,3,7,16,0,1,1,1,0.0
202300051419,155 589 338,A01,3,7,8,0,7,0,1,0.0
202300051420,155 589 339,A01,1,31,0,2,1,13,1,0.0
202300051420,155 589 343,B01,2,7,0,2,3,1,0,0.0
202300051421,155 589 335,A01,1,7,0,2,2,13,1,0.0
202300051421,155 589 340,B01,2,7,0,2,2,1,1,0.0
202300051422,155 589 331,B01,1,1,0,2,1,1,5,0.0
202300051422,155 589 334,A01,1,7,0,2,5,15,1,0.0
202300051423,155 589 332,B01,3,7,0,2,3,16,1,0.0
202300051423,155 589 337,A01,3,7,0,2,7,1,1,0.0
202300051424,155 589 333,A01,1,7,0,2,3,11,1,0.0
202300051424,155 589 336,B01,1,43,0,2,1,3,1,0.0
202300051425,155 589 325,A01,2,7,0,0,4,1,1,0.0
202300051425,155 589 329,B01,2,7,0,2,1,1,1,0.0
202300051426,155 589 324,B01,1,7,0,2,1,1,1,0.0
202300051426,155 589 330,A01,1,7,0,2,7,15,1,0.0
202300051427,155 589 323,A01,1,10,0,2,4,1,1,0.0
202300051427,155 589 328,B01,1,33,0,2,1,2,1,0.0
202300051428,155 589 326,A01,1,33,5,0,3,15,0,0.0
202300051429,155 589 321,A01,2,33,0,2,7,1,1,0.0
202300051429,155 589 327,B01,2,7,0,2,1,19,1,0.0
202300051430,155 589 320,A01,3,7,0,1,1,15,0,0.0
202300051431,155 589 319,A01,2,7,0,0,9,14,1,0.0
202300051432,155 589 318,A01,2,33,0,2,2,3,1,0.0
202300051432,155 589 322,B01,3,7,0,2,3,12,0,0.0
202300051433,155 589 311,B01,2,10,0,2,5,1,1,0.0
202300051433,155 589 316,A01,2,31,0,2,1,14,1,0.0
202300051434,155 589 309,A01,1,7,0,2,6,23,0,0.0
202300051434,155 589 312,B01,1,31,1,0,1,2,1,0.0
202300051435,155 589 313,A01,3,7,0,2,8,1,1,0.0
202300051435,155 589 317,B01,3,1,0,2,3,21,5,0.0
202300051436,155 589 308,A01,1,7,16,0,1,1,1,0.0
202300051437,155 589 307,B01,1,10,0,2,3,1,1,0.0
202300051437,155 589 315,A01,1,1,0,2,0,1,5,0.0
202300051438,155 589 306,A01,1,33,0,2,7,1,1,0.0
202300051438,155 589 310,B01,1,7,0,2,8,1,1,0.0
202300051439,155 589 305,B01,0,7,8,2,3,1,1,0.0
202300051439,155 589 314,A01,3,7,0,2,2,9,1,0.0
202300051440,155 589 304,A01,2,7,4,0,2,16,1,0.0
202300051441,155 589 301,A01,1,7,0,0,1,15,1,0.0
202300051441,155 589 303,B01,1,7,0,0,4,15,1,0.0
202300051442,155 589 300,B01,1,33,0,2,1,1,6,0.0
202300051442,155 589 302,A01,2,7,0,2,3,26,6,0.0
202300051443,155 589 297,A01,3,33,0,1,1,1,1,0.0
202300051444,155 589 295,B01,3,1,0,2,1,9,5,0.0
202300051444,155 589 299,A01,3,7,0,9,3,1,1,0.0
202300051445,155 589 294,A01,1,7,0,9,1,16,1,0.0
202300051445,155 589 298,B01,3,50,0,2,7,19,3,0.0
202300051446,155 589 291,B01,3,7,0,2,3,21,1,0.0
202300051446,155 589 296,A01,3,7,0,2,3,21,1,0.0
202300051447,155 589 290,B01,1,99,0,2,3,12,3,0.0
202300051447,155 589 292,A01,1,7,0,9,2,11,1,0.0
202300051448,155 589 289,A01,3,7,6,0,1,1,1,0.0
202300051449,155 589 285,A01,2,15,0,2,1,1,1,0.0
202300051449,155 589 288,B01,2,80,0,2,4,1,3,0.0
202300051450,155 589 283,A01,2,7,0,2,1,2,1,0.0
202300051450,155 589 286,B01,1,1,0,2,1,1,5,0.0
202300051451,155 589 281,B01,2,7,0,2,8,1,1,0.0
202300051451,155 589 287,A01,2,7,0,2,1,1,1,0.0
202300051452,155 589 280,B01,1,1,0,2,4,2,5,0.0
202300051452,155 589 284,A01,1,7,0,2,2,15,1,0.0
202300051453,155 589 278,B01,2,34,0,2,1,1,1,0.0
202300051453,155 589 282,A01,2,7,0,2,1,1,1,0.0
202300051454,155 589 275,A01,3,7,0,1,1,16,2,0.0
202300051455,155 589 277,A01,1,7,0,2,3,15,1,0.0
202300051455,155 589 279,B01,2,7,6,2,1,1,1,0.0
202300051456,155 589 271,A01,1,7,2,0,1,1,1,0.0
202300051457,155 589 272,C01,2,7,0,2,1,2,1,0.0
202300051457,155 589 274,B01,2,7,0,2,4,2,1,0.0
202300051457,155 589 293,A01,2,7,0,2,1,2,1,0.0
202300051458,155 589 270,A01,1,7,2,0,1,13,1,0.0
202300051459,155 589 268,A01,1,7,0,2,3,1,1,0.0
202300051459,155 589 276,B01,1,7,3,0,2,1,1,0.0
202300051460,155 589 265,A01,1,2,13,0,1,1,1,0.0
202300051461,155 589 263,B01,1,1,0,2,8,16,5,0.0
202300051461,155 589 266,A01,1,7,0,2,0,16,3,0.0
202300051462,155 589 261,A01,2,7,4,0,1,2,1,0.0
202300051463,155 589 258,A01,3,7,2,0,0,0,1,0.0
202300051463,155 589 264,B01,3,7,0,0,4,0,1,0.0
202300051463,155 589 267,C01,0,7,0,2,1,0,1,0.0
202300051463,155 589 269,D01,0,7,0,2,1,0,1,0.0
202300051463,155 589 273,E01,0,7,0,2,1,0,1,0.0
202300051464,155 589 256,B01,1,80,0,2,4,1,3,0.0
202300051464,155 589 260,A01,1,0,0,9,1,1,0,0.0
202300051465,155 589 257,B01,2,32,0,2,8,1,1,0.0
202300051465,155 589 262,A01,1,7,0,2,1,15,1,0.0
202300051466,155 589 254,A01,1,7,0,2,3,13,1,0.0
202300051466,155 589 259,B01,2,7,0,2,3,1,1,0.0
202300051467,155 589 249,A01,2,7,0,2,1,16,1,0.0
202300051467,155 589 252,B01,1,1,0,2,3,1,5,0.0
202300051468,155 589 246,A01,1,2,8,2,2,2,1,0.0
202300051468,155 589 251,B01,1,2,0,2,4,2,1,0.0
202300051469,155 589 248,B01,2,7,0,2,1,1,1,0.0
202300051469,155 589 255,A01,1,7,0,2,1,1,1,0.0
202300051470,155 589 245,A01,1,15,0,2,2,12,1,0.0
202300051470,155 589 250,B01,1,7,0,2,6,1,1,0.0
202300051470,155 589 253,C01,1,42,0,2,1,1,1,0.0
202300051471,155 589 243,A01,3,7,0,2,2,15,1,0.0
202300051471,155 589 247,B01,3,1,0,2,0,0,5,0.0
202300051472,155 589 244,A01,2,33,4,0,0,1,1,0.0
202300051473,155 589 240,A01,1,33,0,0,0,1,1,0.0
202300051474,155 589 237,A01,1,10,13,0,2,21,1,0.0
202300051475,155 589 235,A01,2,33,0,2,1,1,1,0.0
202300051475,155 589 239,B01,2,50,0,0,6,19,3,0.0
202300051476,155 589 234,B01,2,7,0,2,8,11,1,0.0
202300051476,155 589 238,A01,2,33,0,2,2,3,1,0.0
202300051477,155 589 233,B01,1,7,0,2,1,13,1,0.0
202300051477,155 589 242,A01,2,7,0,2,1,1,1,0.0
202300051478,155 589 232,A01,3,7,0,2,8,15,1,0.0
202300051478,155 589 241,B01,1,33,0,2,1,1,1,0.0