num_acc,id_vehicule,num_veh,senc,catv,obs,obsm,choc,manv,motor,occutc
202300051479,155 589 230,B01,3,7,0,2,0,9,1,0.0
202300051479,155 589 236,A01,3,2,0,2,0,1,1,0.0
202300051480,155 589 225,A01,1,7,0,1,3,1,1,0.0
202300051481,155 589 224,A01,2,31,0,0,8,3,1,0.0
202300051482,155 589 228,A01,1,7,8,2,1,14,1,0.0
202300051482,155 589 231,B01,1,7,0,0,7,23,1,0.0
202300051483,155 589 220,A01,2,7,9,0,0,6,1,0.0
202300051484,155 589 221,A01,2,7,0,2,1,2,1,0.0
202300051484,155 589 227,B01,2,17,0,2,4,1,1,0.0
202300051485,155 589 222,A01,1,1,0,0,2,0,5,0.0
202300051486,155 589 223,A01,3,7,0,2,3,15,1,0.0
202300051486,155 589 226,B01,3,7,0,2,1,1,1,0.0
202300051487,155 589 218,A01,3,7,15,0,1,13,1,0.0
202300051488,155 589 215,A01,1,7,2,0,9,6,1,0.0
202300051489,155 589 213,B01,2,7,0,2,4,23,1,0.0
202300051489,155 589 217,C01,2,7,0,2,4,23,1,0.0
202300051489,155 589 219,A01,2,7,0,2,1,2,1,0.0
202300051490,155 589 212,A01,2,7,0,1,7,1,1,0.0
202300051491,155 589 211,A01,2,7,6,0,1,14,1,0.0
202300051492,155 589 210,A01,1,7,0,9,2,17,1,0.0
202300051492,155 589 216,B01,1,1,0,2,3,15,5,0.0
202300051493,155 589 209,A01,1,7,0,2,7,12,2,0.0
202300051493,155 589 214,B01,1,32,0,2,8,1,1,0.0
202300051494,155 589 207,A01,1,7,0,2,3,2,1,0.0
202300051494,155 589 208,B01,1,1,0,2,3,12,5,0.0
202300051495,155 589 205,A01,2,7,8,0,1,26,1,0.0
202300051496,155 589 201,A01,0,7,6,0,1,0,0,0.0
202300051497,155 589 199,Z01,3,7,8,2,1,5,1,0.0
202300051497,155 589 202,A01,3,7,0,2,2,1,1,0.0
202300051498,155 589 197,B01,1,33,0,2,2,1,1,0.0
202300051498,155 589 206,A01,1,7,0,2,3,16,1,0.0
202300051499,155 589 200,B01,1,2,4,2,8,19,1,0.0
202300051499,155 589 204,A01,1,33,8,2,1,17,1,0.0
202300051500,155 589 196,B01,2,50,0,2,8,17,3,0.0
202300051500,155 589 203,A01,1,7,0,2,2,1,1,0.0
202300051501,155 589 195,A01,2,10,0,2,2,15,1,0.0
202300051501,155 589 198,B01,1,2,0,2,1,1,1,0.0
202300051502,155 589 190,Z01,3,7,0,1,2,5,1,0.0
202300051503,155 589 187,A01,3,33,0,2,1,1,1,0.0
202300051503,155 589 193,B01,3,7,7,0,2,19,1,0.0
202300051504,155 589 189,B01,1,7,3,2,8,1,1,0.0
202300051504,155 589 194,A01,1,7,3,2,2,17,1,0.0
202300051505,155 589 192,A01,1,7,13,0,1,15,1,0.0
202300051506,155 589 184,C01,1,7,3,2,1,1,1,0.0
202300051506,155 589 188,B01,2,7,0,0,6,1,1,0.0
202300051506,155 589 191,A01,2,7,0,2,1,1,1,0.0
202300051507,155 589 186,Z01,1,30,0,1,0,1,0,0.0
202300051508,155 589 181,A01,2,7,13,0,9,0,0,0.0
202300051509,155 589 182,B01,2,7,0,2,2,23,1,0.0
202300051509,155 589 185,A01,2,31,0,2,0,5,1,0.0
202300051510,155 589 179,A01,2,21,0,1,0,1,1,0.0
202300051511,155 589 176,B01,2,7,0,2,3,1,1,0.0
202300051511,155 589 180,A01,1,7,0,2,3,13,1,0.0
202300051512,155 589 175,A01,3,34,0,2,7,17,1,0.0
202300051512,155 589 178,B01,3,7,0,2,8,15,1,0.0
202300051513,155 589 174,A01,2,7,0,2,6,20,1,0.0
202300051513,155 589 183,Y01,2,1,1,2,2,1,5,0.0
202300051514,155 589 173,A01,1,7,0,2,8,1,1,0.0
202300051514,155 589 177,B01,1,10,0,2,2,16,1,0.0
202300051515,155 589 171,A01,2,7,0,1,1,15,1,0.0
202300051516,155 589 170,A01,2,10,0,1,1,1,1,0.0
202300051517,155 589 168,A01,1,7,0,2,2,1,1,0.0
202300051517,155 589 172,B01,1,7,0,2,1,1,1,0.0
202300051518,155 589 165,A01,1,2,0,0,2,15,1,0.0
202300051518,155 589 169,B01,1,7,0,2,2,1,1,0.0
202300051519,155 589 164,B01,1,1,0,2,2,1,5,0.0
202300051519,155 589 167,A01,2,7,0,2,3,1,1,0.0
202300051520,155 589 162,A01,1,1,0,2,0,1,5,0.0
202300051520,155 589 163,B01,1,1,0,2,4,1,5,0.0
202300051520,155 589 166,C01,1,1,0,2,1,1,5,0.0
202300051521,155 589 161,A01,1,7,0,1,1,1,1,0.0
202300051522,155 589 158,A01,2,33,0,0,1,13,1,0.0
202300051523,155 589 159,A01,2,7,15,0,1,1,1,0.0
202300051524,155 589 160,A01,0,7,0,1,1,15,1,0.0
202300051525,155 589 154,A01,2,7,3,2,1,1,1,0.0
202300051525,155 589 155,B01,1,7,0,2,1,1,1,0.0
202300051526,155 589 156,A01,0,0,0,1,1,16,0,0.0
202300051527,155 589 153,A01,1,43,0,2,3,1,1,0.0
202300051527,155 589 157,B01,1,7,0,2,5,1,2,0.0
202300051528,155 589 151,A01,2,7,0,1,2,1,1,0.0
202300051529,155 589 152,A01,3,7,0,1,3,15,1,0.0
202300051530,155 589 146,A01,1,7,0,2,1,15,0,0.0
202300051530,155 589 147,B01,1,31,0,2,1,1,0,0.0
202300051531,155 589 148,A01,2,7,0,2,3,13,1,0.0
202300051531,155 589 149,B01,1,7,0,2,3,1,1,0.0
202300051532,155 589 142,A01,1,7,0,2,2,16,2,0.0
202300051532,155 589 144,B01,1,2,0,2,1,1,1,0.0
202300051533,155 589 145,A01,1,7,0,2,3,26,1,0.0
202300051533,155 589 150,B01,2,33,0,2,1,3,1,0.0
202300051534,155 589 135,C01,2,7,0,2,2,1,1,0.0
202300051534,155 589 138,A01,1,7,0,2,3,13,1,0.0
202300051534,155 589 140,B01,2,7,0,2,3,1,1,0.0
202300051535,155 589 141,A01,3,7,2,0,1,13,1,0.0
202300051536,155 589 137,A01,2,2,13,0,7,1,1,0.0
202300051537,155 589 132,Z01,1,7,0,2,0,1,1,0.0
202300051537,155 589 134,B01,1,1,0,2,8,1,5,0.0
202300051538,155 589 133,A01,3,37,0,2,7,7,1,1.0
202300051538,155 589 139,B01,3,50,0,2,8,7,3,0.0
202300051539,155 589 131,A01,2,10,10,0,3,14,1,0.0
202300051540,155 589 136,A01,3,7,0,2,1,15,1,0.0
202300051540,155 589 143,Z01,3,7,0,2,1,1,1,0.0
202300051541,155 589 126,A01,1,7,8,0,0,0,1,0.0
202300051542,155 589 124,A01,2,7,0,2,3,15,1,0.0
202300051542,155 589 127,B01,2,1,0,2,8,1,5,0.0
202300051543,155 589 123,A01,2,33,12,0,3,1,1,0.0
202300051544,155 589 121,B01,1,7,0,0,7,19,1,0.0
202300051544,155 589 130,A01,1,7,0,2,1,1,1,0.0
202300051545,155 589 122,A01,2,31,0,0,0,1,3,0.0
202300051546,155 589 120,B01,2,7,0,2,2,1,1,0.0
202300051546,155 589 128,A01,2,7,0,2,3,1,1,0.0
202300051547,155 589 125,A01,1,2,0,0,0,17,1,0.0
202300051547,155 589 129,B01,2,7,0,0,0,15,1,0.0
202300051548,155 589 117,A01,2,7,0,0,2,0,1,0.0
202300051548,155 589 119,B01,1,7,0,0,1,26,1,0.0
202300051549,155 589 116,A01,2,7,13,0,9,1,0,0.0
202300051550,155 589 114,Z01,2,10,0,2,6,24,0,0.0
202300051550,155 589 118,A01,2,1,1,0,6,2,5,0.0
202300051551,155 589 109,A01,1,7,0,2,3,15,1,0.0
202300051551,155 589 113,B01,1,2,0,2,0,15,1,0.0
202300051552,155 589 112,A01,0,10,0,2,2,1,1,0.0
202300051552,155 589 115,B01,0,7,0,2,6,1,6,0.0
202300051553,155 589 105,A01,2,7,0,1,7,1,1,0.0
202300051554,155 589 106,A01,2,7,0,0,8,15,1,0.0
202300051554,155 589 108,B01,2,2,0,2,2,17,1,0.0
202300051555,155 589 110,A01,2,50,0,0,2,1,3,0.0
202300051556,155 589 107,A01,2,33,0,2,2,1,1,0.0
202300051556,155 589 111,B01,2,37,0,2,6,13,1,1.0
202300051557,155 589 104,A01,2,7,13,0,2,1,1,0.0
202300051558,155 589 101,B01,1,34,0,2,6,1,1,0.0
202300051558,155 589 102,A01,1,7,0,2,0,0,0,0.0
202300051559,155 589 097,B01,1,7,0,2,6,16,1,0.0
202300051559,155 589 100,C01,2,7,0,2,8,1,1,0.0
202300051559,155 589 103,A01,1,7,0,2,1,2,1,0.0
202300051560,155 589 098,A01,2,7,0,2,2,15,2,0.0
202300051560,155 589 099,B01,1,50,0,2,1,1,3,0.0
202300051561,155 589 094,A01,3,7,0,0,4,2,1,0.0
202300051561,155 589 096,B01,3,7,0,2,1,2,1,0.0
202300051562,155 589 088,A01,0,7,0,1,1,1,1,0.0
202300051563,155 589 089,B01,2,1,0,2,1,1,5,0.0
202300051563,155 589 090,A01,2,7,0,2,2,9,1,0.0
202300051564,155 589 092,A01,2,7,0,1,2,1,1,0.0
202300051565,155 589 086,A01,2,7,0,2,1,13,0,0.0
202300051565,155 589 095,B01,1,15,0,2,1,1,1,0.0
202300051566,155 589 087,A01,1,7,2,0,2,14,1,0.0
202300051567,155 589 084,A01,2,7,0,0,7,1,1,0.0
202300051567,155 589 085,C01,1,7,0,2,1,1,1,0.0
202300051567,155 589 091,B01,1,10,0,2,1,1,1,0.0
202300051568,155 589 083,A01,1,7,0,1,1,1,1,0.0
202300051569,155 589 093,A01,2,7,0,1,1,16,1,0.0
202300051570,155 589 081,A01,2,80,0,2,8,15,3,0.0
202300051570,155 589 082,B01,2,43,0,2,1,1,1,0.0
202300051571,155 589 078,A01,1,7,0,1,3,1,1,0.0
202300051572,155 589 076,A01,1,50,0,1,8,1,3,0.0
202300051573,155 589 075,A01,1,7,0,2,3,13,1,0.0
202300051573,155 589 080,B01,1,7,0,2,6,1,1,0.0
202300051574,155 589 070,A01,1,10,1,1,1,1,1,0.0
202300051575,155 589 072,A01,2,33,0,1,1,1,1,0.0
202300051576,155 589 077,A01,2,7,3,0,2,14,1,0.0
202300051577,155 589 071,A01,1,10,0,2,3,13,1,0.0
202300051577,155 589 074,B01,2,7,0,2,3,1,1,0.0
202300051578,155 589 067,A01,2,7,9,0,1,0,1,0.0
202300051579,155 589 069,A01,2,7,0,2,2,15,1,0.0
202300051579,155 589 079,B01,1,7,0,2,7,21,1,0.0
202300051580,155 589 065,A01,1,33,0,0,9,21,1,0.0
202300051581,155 589 063,A01,1,7,0,1,1,1,1,0.0
202300051582,155 589 060,A01,0,10,0,2,2,16,1,0.0
202300051582,155 589 062,B01,0,33,0,2,2,18,1,0.0
202300051583,155 589 068,A01,1,7,0,1,3,1,1,0.0
202300051584,155 589 058,A01,1,10,7,0,2,13,1,0.0
202300051585,155 589 056,A01,3,50,0,1,1,0,3,0.0
202300051586,155 589 052,A01,0,7,0,2,3,13,1,0.0
202300051586,155 589 054,B01,0,34,0,2,2,17,1,0.0
202300051587,155 589 049,A01,0,7,2,0,1,0,1,0.0
202300051588,155 589 053,A01,2,7,0,2,1,5,1,0.0
202300051588,155 589 059,B01,1,7,0,2,1,1,1,0.0
202300051589,155 589 055,A01,2,7,0,2,4,1,1,0.0
202300051589,155 589 061,B01,2,7,0,2,4,1,1,0.0
202300051589,155 589 066,C01,2,10,0,2,4,1,1,0.0
202300051589,155 589 073,D01,2,7,0,2,1,1,1,0.0
202300051590,155 589 048,A01,2,7,0,2,1,1,1,0.0
202300051590,155 589 050,B01,3,50,0,2,2,9,3,0.0
202300051591,155 589 044,A01,2,7,8,0,6,26,1,0.0
202300051592,155 589 043,A01,1,32,0,2,3,19,1,0.0
202300051592,155 589 046,B01,1,7,0,2,3,19,1,0.0
202300051593,155 589 042,A01,1,32,0,1,1,1,1,0.0
202300051594,155 589 047,Z01,3,1,0,1,1,1,5,0.0
202300051595,155 589 036,A01,3,7,0,1,0,26,0,0.0
202300051596,155 589 037,A01,1,7,2,0,1,1,1,0.0
202300051597,155 589 035,A01,1,33,1,9,7,17,1,0.0
202300051597,155 589 038,B01,1,1,1,0,6,17,5,0.0
202300051598,155 589 039,A01,1,15,0,0,4,24,1,0.0
202300051598,155 589 045,B01,1,10,1,0,1,1,1,0.0
202300051599,155 589 034,B01,2,10,0,2,8,1,1,0.0
202300051599,155 589 040,A01,2,32,0,2,7,18,1,0.0
202300051600,155 589 030,A01,2,7,0,2,3,5,1,0.0
202300051600,155 589 032,B01,1,7,0,2,3,1,1,0.0
202300051601,155 589 022,A01,3,7,0,1,4,4,1,0.0
202300051602,155 589 023,A01,1,7,0,2,7,2,2,0.0
202300051602,155 589 028,B01,1,7,0,2,2,20,2,0.0
202300051603,155 589 018,B01,2,7,0,2,0,1,1,0.0
202300051603,155 589 024,C01,2,7,0,2,0,1,1,0.0
202300051603,155 589 026,A01,2,33,0,2,0,3,1,0.0
202300051604,155 589 025,A01,2,7,0,2,3,15,1,0.0
202300051604,155 589 029,B01,2,43,0,2,7,17,1,0.0
202300051605,155 589 021,A01,3,7,2,0,1,1,1,0.0
202300051606,155 589 017,C01,2,7,4,0,3,1,1,0.0
202300051606,155 589 019,A01,2,7,13,0,9,1,1,0.0
202300051606,155 589 027,B01,2,7,13,0,9,1,1,0.0
202300051607,155 589 014,A01,1,7,0,1,1,1,1,0.0
202300051608,155 589 020,C01,3,7,12,2,4,23,3,0.0
202300051608,155 589 031,A01,3,7,0,2,3,16,1,0.0
202300051608,155 589 033,B01,3,7,12,2,4,23,1,0.0
202300051609,155 589 012,A01,3,30,0,2,2,1,1,0.0
202300051609,155 589 016,B01,3,7,0,2,8,1,1,0.0
202300051610,155 589 007,A01,2,7,0,2,1,2,1,0.0
202300051610,155 589 010,B01,1,2,10,2,7,15,1,0.0
202300051611,155 589 008,A01,2,7,0,2,1,2,1,0.0
202300051611,155 589 011,B01,2,7,0,2,1,1,1,0.0
202300051611,155 589 015,C01,2,7,0,2,4,0,3,0.0
202300051612,155 589 005,A01,2,7,0,2,3,13,1,0.0
202300051612,155 589 009,B01,1,7,0,2,3,1,1,0.0
202300051613,155 589 006,A01,1,7,1,0,3,1,1,0.0
202300051614,155 588 999,A01,2,7,13,0,0,1,1,0.0
202300051615,155 588 997,C01,3,7,0,2,2,9,1,0.0
202300051615,155 589 002,A01,3,7,0,2,6,4,1,0.0
202300051615,155 589 004,B01,3,1,0,2,4,1,5,0.0
202300051616,155 588 993,B01,2,7,0,2,1,23,1,0.0
202300051616,155 589 000,A01,2,7,4,0,3,1,1,0.0
202300051617,155 588 991,A01,0,7,0,2,1,2,2,0.0
202300051617,155 588 994,B01,0,32,0,2,1,23,1,0.0
202300051617,155 588 998,C01,0,7,0,2,4,23,1,0.0
202300051617,155 589 003,D01,0,7,0,2,4,23,1,0.0
202300051617,155 589 013,E01,0,7,0,2,8,23,1,0.0
202300051618,155 588 992,A01,1,7,1,0,1,1,1,0.0
202300051619,155 588 989,A01,1,7,9,0,3,16,1,0.0
202300051620,155 588 988,A01,1,7,0,0,1,12,1,0.0
202300051621,155 588 987,A01,2,7,0,2,2,12,1,0.0
202300051621,155 588 990,B01,2,10,0,2,6,1,1,0.0
202300051622,155 588 984,A01,1,7,16,0,1,0,1,0.0
202300051623,155 588 982,B01,3,7,0,2,3,15,1,0.0
202300051623,155 588 986,A01,3,32,0,2,1,17,1,0.0
202300051624,155 588 979,A01,2,2,0,0,3,1,1,0.0
202300051625,155 588 976,A01,3,7,0,2,1,2,1,0.0
202300051625,155 588 981,B01,3,7,0,2,1,2,1,0.0
202300051626,155 588 975,A01,2,17,0,2,2,12,1,0.0
202300051626,155 588 977,B01,2,7,4,2,8,1,1,0.0
202300051627,155 588 980,B01,1,7,0,2,6,11,1,0.0
202300051627,155 588 983,A01,1,31,0,2,2,1,1,0.0
202300051628,155 588 978,A01,2,7,0,2,3,1,1,0.0
202300051628,155 588 985,B01,2,7,0,1,5,23,1,0.0
202300051629,155 588 974,A01,2,33,0,0,0,2,1,0.0
202300051630,155 588 969,A01,1,7,16,0,1,1,1,0.0
202300051631,155 588 965,A01,2,33,0,2,8,2,1,0.0
202300051631,155 588 970,B01,2,7,0,2,7,1,2,0.0
202300051631,155 588 972,C01,2,10,0,2,6,1,1,0.0
202300051632,155 588 966,B01,3,50,0,2,2,19,3,0.0
202300051632,155 588 973,A01,3,7,0,2,3,1,1,0.0
202300051633,155 588 962,B01,1,7,0,2,3,1,1,0.0
202300051633,155 588 968,A01,2,10,0,2,3,13,1,0.0
202300051634,155 588 964,B01,1,7,0,2,3,16,0,0.0
202300051634,155 588 971,A01,2,7,0,2,1,15,0,0.0
202300051635,155 588 961,A01,1,33,0,2,2,17,0,0.0
202300051635,155 588 967,B01,1,7,0,2,3,15,1,0.0
202300051636,155 588 960,A01,1,10,0,2,6,12,1,0.0
202300051636,155 588 963,B01,1,32,0,2,1,1,1,0.0
202300051637,155 588 959,A01,1,10,0,1,2,0,1,0.0
202300051638,155 588 956,A01,2,14,0,2,4,26,1,0.0
202300051638,155 588 958,B01,2,7,0,2,1,23,1,0.0
202300051639,155 588 950,A01,1,32,0,2,3,3,1,0.0
202300051639,155 588 953,B01,2,10,0,2,3,1,1,0.0
202300051639,155 588 957,C01,1,7,0,2,8,1,1,0.0
202300051640,155 588 951,A01,1,1,14,0,1,26,5,0.0
202300051641,155 588 948,A01,2,10,0,1,3,21,1,0.0
202300051642,155 588 947,A01,2,7,0,2,7,15,1,0.0
202300051642,155 588 952,B01,2,50,0,2,7,1,3,0.0
202300051643,155 588 944,A01,1,7,0,0,8,1,1,0.0
202300051643,155 588 949,B01,1,50,0,2,1,1,3,0.0
202300051644,155 588 942,A01,3,7,0,2,1,2,1,0.0
202300051644,155 588 945,B01,0,7,0,2,4,2,1,0.0
202300051644,155 588 955,C01,0,7,0,2,4,2,1,0.0
202300051645,155 588 935,A01,2,7,0,2,1,13,1,0.0
202300051645,155 588 940,B01,1,7,0,2,1,1,1,0.0
202300051645,155 588 946,C01,1,7,0,2,2,1,1,0.0
202300051646,155 588 934,B01,1,80,0,2,3,1,3,0.0
202300051646,155 588 939,A01,1,10,0,2,5,4,1,0.0
202300051647,155 588 932,A01,2,37,1,0,7,17,1,1.0
202300051647,155 588 938,B01,2,7,0,2,6,24,1,0.0
202300051648,155 588 933,A01,2,10,13,0,2,13,1,0.0
202300051649,155 588 931,A01,1,7,0,2,1,1,1,0.0
202300051649,155 588 936,B01,1,7,0,2,4,2,3,0.0
202300051649,155 588 943,C01,1,7,0,2,5,2,1,0.0
202300051650,155 588 928,B01,2,7,0,0,4,0,1,0.0
202300051650,155 588 930,A01,2,7,1,0,1,0,1,0.0
202300051651,155 588 921,A01,2,2,0,0,0,2,1,0.0
202300051652,155 588 923,A01,1,2,0,2,4,1,0,0.0
202300051652,155 588 927,B01,1,10,0,2,2,1,0,0.0
202300051653,155 588 919,B01,1,7,14,2,1,1,1,0.0
202300051653,155 588 925,A01,1,7,3,2,3,2,1,0.0
202300051654,155 588 918,B01,2,7,0,2,1,1,1,0.0
202300051654,155 588 924,C01,2,7,0,2,1,1,1,0.0
202300051654,155 588 929,A01,1,7,0,2,1,5,1,0.0
202300051655,155 588 920,B01,0,7,0,9,1,1,1,0.0
202300051655,155 588 926,A01,3,1,0,2,1,15,5,0.0
202300051656,155 588 916,A01,1,7,0,0,0,2,1,0.0
202300051657,155 588 915,A01,2,7,0,2,1,0,0,0.0
202300051657,155 588 922,B01,1,7,0,2,0,0,0,0.0
202300051658,155 588 911,A01,2,7,0,2,1,1,6,0.0
202300051658,155 588 913,B01,1,7,0,2,1,2,6,0.0
202300051658,155 588 917,C01,1,7,0,2,3,13,6,0.0
202300051659,155 588 910,A01,2,7,0,1,3,16,1,0.0
202300051660,155 588 902,A01,1,7,0,2,1,13,1,0.0
202300051660,155 588 907,B01,2,10,0,2,1,2,1,0.0
202300051661,155 588 898,C01,2,7,0,2,8,23,1,0.0
202300051661,155 588 906,B01,1,7,0,2,1,19,1,0.0
202300051661,155 588 914,A01,2,33,0,2,3,1,1,0.0
202300051662,155 588 897,A01,1,7,0,2,1,5,1,0.0
202300051662,155 588 904,B01,1,7,0,2,1,2,1,0.0
202300051662,155 588 908,D01,2,7,0,2,1,2,1,0.0
202300051662,155 588 912,C01,1,7,0,2,1,1,1,0.0
202300051663,155 588 899,A01,0,7,0,2,2,19,1,0.0
202300051663,155 588 903,B01,0,7,0,2,2,0,1,0.0
202300051664,155 588 896,A01,2,7,0,1,0,1,0,0.0
202300051665,155 588 895,A01,1,80,0,2,1,1,3,0.0
202300051665,155 588 901,B01,2,7,0,2,3,1,1,0.0
202300051666,155 588 894,A01,1,10,14,0,1,1,1,0.0
202300051667,155 588 893,C01,1,15,0,2,4,2,1,0.0
202300051667,155 588 900,B01,1,7,0,2,4,2,1,0.0
202300051667,155 588 905,A01,1,37,0,2,1,2,1,1.0
202300051668,155 588 892,A01,1,2,0,0,0,0,1,0.0
202300051669,155 588 887,A01,1,7,0,2,2,1,1,0.0
202300051669,155 588 890,B01,1,1,0,2,0,13,5,0.0
202300051670,155 588 884,A01,1,7,0,2,3,9,1,0.0
202300051670,155 588 891,B01,1,2,0,2,3,9,1,0.0
202300051671,155 588 883,A01,2,7,0,2,3,13,1,0.0
202300051671,155 588 888,B01,1,15,0,2,3,1,1,0.0
202300051672,155 588 880,A01,1,7,0,2,2,1,1,0.0
202300051672,155 588 885,B01,1,7,0,2,3,1,1,0.0
202300051673,155 588 881,A01,1,7,0,2,3,1,0,0.0
202300051673,155 588 889,B01,1,32,0,0,0,0,0,0.0
202300051674,155 588 878,B01,2,7,0,2,1,0,0,0.0
202300051674,155 588 886,A01,1,7,0,2,1,0,0,0.0
202300051675,155 588 877,A01,1,7,0,2,1,2,1,0.0
202300051675,155 588 882,B01,1,7,0,2,4,2,1,0.0
202300051676,155 588 875,B01,2,7,0,0,2,9,1,0.0
202300051676,155 588 879,A01,1,7,0,0,3,9,1,0.0
202300051677,155 588 874,A01,1,7,0,1,1,1,1,0.0
202300051678,155 588 872,A01,1,7,0,2,2,0,1,0.0
202300051678,155 588 876,B01,0,30,0,2,3,0,1,0.0
202300051679,155 588 870,A01,3,7,0,1,3,15,1,0.0
202300051680,155 588 868,A01,1,17,0,0,6,24,1,0.0
202300051680,155 588 873,B01,1,10,1,0,2,14,1,0.0
202300051681,155 588 869,A01,2,3,0,2,3,15,1,0.0
202300051681,155 588 871,B01,1,7,0,2,3,1,1,0.0
202300051682,155 588 867,A01,0,7,0,1,1,1,0,0.0
202300051683,155 588 865,A01,1,2,3,0,2,1,1,0.0
202300051684,155 588 863,A01,1,7,2,0,2,13,1,0.0
202300051685,155 588 861,A01,2,10,0,2,3,13,1,0.0
202300051685,155 588 864,B01,1,7,0,2,3,1,1,0.0
202300051686,155 588 860,A01,2,33,3,0,8,1,1,0.0
202300051687,155 588 854,A01,1,7,0,9,3,9,0,0.0
202300051687,155 588 858,B01,1,1,0,2,2,1,5,0.0
202300051688,155 588 853,B01,1,7,0,2,1,1,1,0.0
202300051688,155 588 856,A01,1,7,0,2,2,19,1,0.0
202300051689,155 588 852,A01,2,7,0,2,2,15,1,0.0
202300051689,155 588 859,B01,1,32,0,2,1,1,1,0.0
202300051690,155 588 851,A01,3,33,0,2,1,1,1,0.0
202300051690,155 588 855,B01,0,10,0,2,7,15,1,0.0
202300051691,155 588 849,C01,1,7,0,2,4,2,1,0.0
202300051691,155 588 857,D01,1,7,0,2,4,2,1,0.0
202300051691,155 588 862,A01,1,7,0,2,1,2,1,0.0
202300051691,155 588 866,B01,1,7,0,2,4,2,1,0.0
202300051692,155 588 846,B01,3,7,0,2,1,1,1,0.0
202300051692,155 588 850,A01,3,7,0,2,6,9,1,0.0
202300051693,155 588 847,A01,2,7,0,1,1,15,1,0.0
202300051694,155 588 840,A01,3,2,2,0,1,1,1,0.0
202300051695,155 588 841,A01,2,7,0,2,1,5,1,0.0
202300051695,155 588 848,B01,1,7,0,2,1,1,1,0.0
202300051696,155 588 842,A01,1,7,0,2,5,16,3,0.0
202300051696,155 588 845,B01,1,43,0,2,1,18,1,0.0
202300051697,155 588 838,A01,2,33,0,2,8,9,1,0.0
202300051697,155 588 844,B01,2,7,0,2,5,2,1,0.0
202300051698,155 588 836,A01,0,7,14,0,0,1,1,0.0
202300051699,155 588 837,A01,1,33,0,2,3,13,1,0.0
202300051699,155 588 839,B01,1,7,0,2,7,1,1,0.0
202300051700,155 588 834,B01,1,7,0,2,1,5,0,0.0
202300051700,155 588 843,A01,1,7,12,0,4,5,0,0.0
202300051701,155 588 832,A01,1,10,0,2,3,10,1,0.0
202300051701,155 588 835,B01,1,43,0,2,1,1,1,0.0
202300051702,155 588 830,A01,2,7,0,0,9,1,1,0.0
202300051703,155 588 829,A01,0,7,8,2,7,1,1,0.0
202300051703,155 588 831,B01,0,7,0,2,3,9,1,0.0
202300051704,155 588 823,A01,1,7,0,1,2,1,3,0.0
202300051705,155 588 822,A01,2,7,0,2,7,16,1,0.0
202300051705,155 588 828,B01,2,1,0,2,8,1,5,0.0
202300051706,155 588 821,A01,2,7,0,2,3,19,1,0.0
202300051706,155 588 826,B01,1,2,0,2,1,1,1,0.0
202300051707,155 588 817,A01,2,7,0,9,0,23,1,0.0
202300051707,155 588 820,B01,2,10,0,2,4,2,1,0.0
202300051707,155 588 827,C01,2,10,0,2,1,2,1,0.0
202300051708,155 588 819,A01,3,2,0,2,1,0,1,0.0
202300051708,155 588 824,B01,3,7,0,2,3,1,0,0.0
202300051709,155 588 812,A01,1,7,0,2,3,1,1,0.0
202300051709,155 588 816,B01,2,7,0,2,3,1,1,0.0
202300051710,155 588 810,A01,2,7,6,0,1,14,1,0.0
202300051711,155 588 808,A01,1,7,0,2,3,13,1,0.0
202300051711,155 588 811,B01,1,7,0,2,3,1,1,0.0
202300051711,155 588 815,C01,2,7,3,2,3,1,1,0.0
202300051712,155 588 809,A01,2,33,0,0,0,1,1,0.0
202300051713,155 588 813,A01,2,33,4,0,1,13,1,0.0
202300051714,155 588 805,B01,1,7,0,2,2,1,1,0.0
202300051714,155 588 807,A01,1,7,0,0,4,1,1,0.0
202300051714,155 588 814,C01,1,7,0,2,4,1,1,0.0
202300051714,155 588 818,D01,1,10,0,2,1,2,1,0.0
202300051715,155 588 802,A01,2,15,0,2,1,1,1,0.0
202300051715,155 588 806,B01,1,7,0,2,1,13,1,0.0
202300051716,155 588 804,A01,2,7,0,1,1,9,1,0.0
202300051717,155 588 801,A01,1,7,2,0,3,13,1,0.0
202300051718,155 588 798,A01,1,7,0,2,1,13,1,0.0
202300051718,155 588 803,B01,2,7,0,2,1,1,1,0.0
202300051719,155 588 797,B01,2,30,0,2,4,2,1,0.0
202300051719,155 588 800,A01,2,7,0,2,1,2,1,0.0
202300051720,155 588 796,A01,0,33,0,0,3,0,1,0.0
202300051721,155 588 793,A01,1,33,0,0,3,1,1,0.0
202300051722,155 588 790,A01,0,7,0,1,2,15,1,0.0
202300051723,155 588 784,A01,1,7,8,0,1,1,1,0.0
202300051724,155 588 783,A01,3,2,0,2,3,1,1,0.0
202300051724,155 588 788,B01,3,10,0,2,8,1,1,0.0
202300051725,155 588 779,A01,2,7,0,2,1,13,1,0.0
202300051725,155 588 786,B01,2,7,0,2,1,1,1,0.0
202300051725,155 588 791,C01,2,7,0,2,6,1,1,0.0
202300051726,155 588 781,A01,1,33,6,0,2,1,1,0.0
202300051727,155 588 780,A01,2,7,0,2,1,26,1,0.0
202300051727,155 588 787,B01,2,7,0,2,4,1,1,0.0
202300051727,155 588 792,C01,2,7,0,2,4,1,1,0.0
202300051727,155 588 795,D01,2,10,0,2,2,1,1,0.0