num_acc,id_vehicule,num_veh,senc,catv,obs,obsm,choc,manv,motor,occutc
202300052246,155 587 865,B01,3,7,0,2,1,0,1,0.0
202300052247,155 587 860,A01,3,7,4,0,3,13,1,0.0
202300052248,155 587 856,B01,2,7,0,9,8,0,1,0.0
202300052248,155 587 864,A01,2,1,0,2,1,19,5,0.0
202300052249,155 587 857,A01,1,33,0,2,1,2,1,0.0
202300052249,155 587 861,B01,1,7,1,0,2,2,1,0.0
202300052250,155 587 858,A01,2,33,7,0,7,3,1,0.0
202300052251,155 587 855,A01,0,2,0,2,1,0,1,0.0
202300052251,155 587 859,B01,0,2,0,2,1,0,1,0.0
202300052252,155 587 849,A01,3,10,12,0,4,1,0,0.0
202300052252,155 587 854,B01,3,2,0,2,1,1,1,0.0
202300052253,155 587 848,A01,3,2,0,2,8,26,1,0.0
202300052253,155 587 852,B01,3,7,0,2,1,1,1,0.0
202300052254,155 587 847,A01,0,7,0,2,1,1,1,0.0
202300052254,155 587 851,B01,0,1,0,2,1,19,5,0.0
202300052255,155 587 853,A01,3,1,1,0,2,14,5,0.0
202300052256,155 587 844,A01,2,7,0,2,7,15,2,0.0
202300052256,155 587 850,B01,1,7,0,2,1,1,1,0.0
202300052257,155 587 841,B01,1,7,0,2,1,1,1,0.0
202300052257,155 587 846,A01,2,3,0,2,7,15,2,0.0
202300052258,155 587 838,A01,2,7,0,2,1,16,1,0.0
202300052258,155 587 842,B01,1,7,0,2,4,23,1,0.0
202300052259,155 587 839,A01,0,33,0,2,1,18,1,0.0
202300052259,155 587 843,B01,0,7,0,2,2,16,1,0.0
202300052260,155 587 840,A01,1,30,0,2,1,1,1,0.0
202300052260,155 587 845,Z01,2,2,0,2,1,1,0,0.0
202300052261,155 587 834,B01,1,14,0,0,6,1,1,0.0
202300052261,155 587 836,A01,1,7,0,2,3,3,2,0.0
202300052262,155 587 831,A01,0,7,0,2,0,0,0,0.0
202300052262,155 587 837,B01,0,2,0,2,0,0,1,0.0
202300052263,155 587 832,A01,2,7,1,0,1,1,1,0.0
202300052264,155 587 828,B01,2,7,0,2,0,0,1,0.0
202300052264,155 587 830,A01,1,7,0,2,3,13,1,0.0
202300052265,155 587 827,A01,3,7,0,2,1,13,1,0.0
202300052265,155 587 833,B01,3,7,0,2,1,1,1,0.0
202300052266,155 587 824,A01,2,10,7,0,1,14,1,0.0
202300052267,155 587 826,B01,1,7,0,2,1,1,1,0.0
202300052267,155 587 835,A01,2,30,0,2,3,1,3,0.0
202300052268,155 587 825,A01,1,10,0,1,1,19,1,0.0
202300052269,155 587 822,B01,2,7,0,2,2,15,2,0.0
202300052269,155 587 829,A01,1,33,0,2,2,18,1,0.0
202300052270,155 587 823,A01,1,7,1,1,2,14,1,0.0
202300052271,155 587 820,A01,2,7,0,1,2,26,1,0.0
202300052272,155 587 818,A01,1,7,8,0,1,26,1,0.0
202300052273,155 587 814,A01,2,7,0,2,1,1,1,0.0
202300052273,155 587 819,B01,2,7,0,2,4,1,1,0.0
202300052274,155 587 810,A01,1,7,13,0,1,0,1,0.0
202300052275,155 587 811,A01,2,7,0,2,3,15,3,0.0
202300052275,155 587 816,B01,1,33,0,2,1,1,1,0.0
202300052276,155 587 813,B01,3,7,0,2,1,1,1,0.0
202300052276,155 587 821,A01,3,7,8,0,2,2,1,0.0
202300052277,155 587 807,A01,1,7,0,2,9,13,1,0.0
202300052277,155 587 809,B01,2,7,0,2,9,1,1,0.0
202300052277,155 587 815,C01,2,7,0,2,9,2,1,0.0
202300052278,155 587 804,A01,0,31,0,0,0,19,1,0.0
202300052279,155 587 808,A01,2,33,0,2,1,1,1,0.0
202300052279,155 587 812,B01,2,10,0,2,7,15,1,0.0
202300052280,155 587 806,A01,1,7,0,4,1,1,1,0.0
202300052280,155 587 817,B01,3,40,0,0,8,1,3,0.0
202300052281,155 587 803,A01,2,7,8,0,1,26,1,0.0
202300052282,155 587 799,A01,1,7,0,0,0,21,1,0.0
202300052283,155 587 798,A01,1,7,0,2,3,1,1,0.0
202300052283,155 587 802,B01,2,33,0,2,2,12,1,0.0
202300052284,155 587 794,A01,3,50,0,2,1,5,3,0.0
202300052284,155 587 797,B01,3,7,0,2,2,15,1,0.0
202300052285,155 587 789,A01,3,30,0,2,8,26,3,0.0
202300052285,155 587 796,B01,1,2,0,2,1,1,1,0.0
202300052286,155 587 793,A01,1,1,0,1,1,1,5,0.0
202300052287,155 587 787,B01,3,1,0,2,4,12,5,0.0
202300052287,155 587 795,A01,3,10,0,2,1,1,1,0.0
202300052288,155 587 784,B01,1,33,0,2,1,1,1,0.0
202300052288,155 587 792,A01,1,7,0,2,6,16,1,0.0
202300052289,155 587 786,A01,2,7,0,9,7,1,1,0.0
202300052289,155 587 790,B01,3,1,0,2,1,26,5,0.0
202300052290,155 587 783,B01,2,7,0,2,4,2,0,0.0
202300052290,155 587 788,A01,2,7,0,2,2,2,1,0.0
202300052291,155 587 779,A01,1,7,0,1,1,15,1,0.0
202300052292,155 587 781,A01,2,7,0,2,3,12,1,0.0
202300052292,155 587 785,B01,2,34,0,0,0,0,1,0.0
202300052293,155 587 776,A01,1,7,0,2,2,1,3,0.0
202300052293,155 587 780,B01,1,31,0,2,1,1,1,0.0
202300052294,155 587 771,Z01,1,7,0,2,8,15,1,0.0
202300052294,155 587 775,A01,1,37,0,2,1,1,2,2.0
202300052295,155 587 770,B01,1,7,0,2,4,1,1,0.0
202300052295,155 587 777,A01,1,7,0,2,1,1,1,0.0
202300052296,155 587 772,A01,0,7,0,1,1,9,0,0.0
202300052297,155 587 767,B01,1,30,0,2,4,1,1,0.0
202300052297,155 587 769,A01,1,7,0,2,2,9,1,0.0
202300052298,155 587 762,A01,1,7,0,2,3,5,1,0.0
202300052298,155 587 765,B01,2,7,0,2,3,1,1,0.0
202300052298,155 587 768,C01,2,10,0,2,3,1,1,0.0
202300052298,155 587 774,D01,2,10,0,2,3,1,1,0.0
202300052298,155 587 778,E01,2,7,0,2,3,1,1,0.0
202300052298,155 587 782,F01,2,7,0,2,1,1,1,0.0
202300052299,155 587 761,A01,2,7,12,0,3,15,1,0.0
202300052300,155 587 757,A01,2,99,0,2,2,21,1,0.0
202300052300,155 587 764,B01,2,31,0,2,1,1,0,0.0
202300052301,155 587 759,A01,1,7,0,2,1,13,1,0.0
202300052301,155 587 763,B01,0,7,0,2,1,1,1,0.0
202300052302,155 587 753,A01,3,30,0,2,1,13,1,0.0
202300052302,155 587 760,B01,3,7,0,2,3,1,1,0.0
202300052303,155 587 752,A01,1,7,0,2,3,20,1,0.0
202300052303,155 587 758,B01,1,33,0,2,1,1,1,0.0
202300052304,155 587 754,A01,0,7,0,1,7,1,1,0.0
202300052305,155 587 751,A01,1,33,0,2,2,3,1,0.0
202300052305,155 587 755,B01,1,7,0,2,8,11,0,0.0
202300052306,155 587 749,A01,2,7,0,2,7,13,1,0.0
202300052306,155 587 756,B01,1,7,0,2,1,1,1,0.0
202300052307,155 587 747,A01,2,7,3,2,1,5,1,0.0
202300052307,155 587 750,B01,1,15,16,2,1,1,1,0.0
202300052308,155 587 746,A01,2,7,0,1,2,1,1,0.0
202300052309,155 587 744,A01,1,7,0,1,8,1,1,0.0
202300052310,155 587 745,A01,2,7,0,2,4,26,1,0.0
202300052310,155 587 748,B01,2,10,0,2,1,1,1,0.0
202300052311,155 587 742,A01,1,7,2,0,2,1,1,0.0
202300052312,155 587 738,B01,2,7,0,2,3,1,1,0.0
202300052312,155 587 743,A01,3,7,0,2,2,15,1,0.0
202300052313,155 587 740,A01,1,7,2,0,9,1,1,0.0
202300052314,155 587 737,B01,1,7,0,2,1,26,1,0.0
202300052314,155 587 741,A01,1,7,0,2,1,26,1,0.0
202300052315,155 587 736,A01,1,7,4,0,1,0,1,0.0
202300052316,155 587 735,A01,1,7,1,0,2,1,1,0.0
202300052317,155 587 734,A01,1,31,0,2,2,17,1,0.0
202300052317,155 587 739,B01,1,7,0,2,3,15,1,0.0
202300052318,155 587 730,A01,3,7,0,2,2,1,1,0.0
202300052319,155 587 732,A01,1,33,7,0,1,15,1,0.0
202300052320,155 587 728,A01,1,7,9,0,1,0,1,0.0
202300052321,155 587 731,B01,2,10,0,2,2,1,1,0.0
202300052321,155 587 733,A01,1,7,0,2,7,15,1,0.0
202300052322,155 587 727,A01,1,7,1,0,3,13,1,0.0
202300052323,155 587 726,A01,1,7,2,0,1,13,1,0.0
202300052324,155 587 720,A01,2,7,0,2,1,13,1,0.0
202300052324,155 587 724,B01,1,7,0,2,1,1,1,0.0
202300052324,155 587 729,C01,1,7,0,2,1,1,1,0.0
202300052325,155 587 722,B01,1,10,0,2,3,1,1,0.0
202300052325,155 587 725,A01,1,7,0,2,3,16,1,0.0
202300052326,155 587 717,B01,1,7,0,2,1,1,1,0.0
202300052326,155 587 723,A01,1,7,0,2,8,9,1,0.0
202300052327,155 587 713,A01,0,7,0,2,7,9,1,0.0
202300052327,155 587 718,B01,0,7,0,2,8,1,1,0.0
202300052328,155 587 714,A01,1,7,0,1,2,1,1,0.0
202300052329,155 587 715,A01,2,7,0,2,3,15,2,0.0
202300052329,155 587 721,B01,1,33,0,2,1,1,1,0.0
202300052330,155 587 711,A01,3,10,0,2,3,15,1,0.0
202300052330,155 587 719,B01,3,30,0,2,0,1,1,0.0
202300052331,155 587 710,A01,2,34,0,5,0,0,1,0.0
202300052332,155 587 709,A01,3,34,14,0,1,6,1,0.0
202300052333,155 587 707,A01,1,7,0,2,1,2,1,0.0
202300052333,155 587 712,B01,1,7,0,2,1,2,1,0.0
202300052333,155 587 716,C01,1,7,0,2,4,2,1,0.0
202300052334,155 587 708,A01,2,7,0,1,2,12,1,0.0
202300052335,155 587 705,A01,0,32,0,1,0,0,0,0.0
202300052336,155 587 701,A01,1,7,0,2,5,1,1,0.0
202300052336,155 587 706,B01,2,30,0,2,1,1,1,0.0
202300052337,155 587 698,B01,1,7,0,2,2,2,1,0.0
202300052337,155 587 703,A01,1,32,0,2,6,13,1,0.0
202300052338,155 587 697,A01,3,10,0,2,1,1,1,0.0
202300052338,155 587 704,B01,3,7,0,2,8,1,1,0.0
202300052339,155 587 695,A01,1,7,0,2,8,15,1,0.0
202300052339,155 587 702,B01,2,33,0,2,1,1,1,0.0
202300052340,155 587 692,B01,3,1,13,2,8,1,5,0.0
202300052340,155 587 699,A01,1,7,0,9,1,1,1,0.0
202300052341,155 587 693,B01,2,10,0,2,6,23,1,0.0
202300052341,155 587 700,A01,2,7,0,2,1,1,1,0.0
202300052342,155 587 690,A01,1,30,0,0,8,11,1,0.0
202300052343,155 587 689,A01,1,7,0,2,1,13,1,0.0
202300052343,155 587 694,B01,2,15,0,2,8,1,0,0.0
202300052344,155 587 686,A01,3,50,0,0,0,0,3,0.0
202300052345,155 587 683,B01,3,1,12,0,1,25,5,0.0
202300052345,155 587 685,A01,3,7,0,9,2,21,1,0.0
202300052346,155 587 682,A01,0,10,0,1,1,2,1,0.0
202300052347,155 587 681,A01,3,7,0,1,2,1,1,0.0
202300052348,155 587 684,A01,2,7,0,2,2,15,1,0.0
202300052348,155 587 688,B01,1,7,0,0,2,1,0,0.0
202300052349,155 587 680,Z01,2,7,0,2,5,14,2,0.0
202300052349,155 587 687,A01,2,32,0,2,1,3,1,0.0
202300052350,155 587 675,A01,2,7,0,2,1,15,1,0.0
202300052350,155 587 678,B01,1,34,0,2,1,1,1,0.0
202300052351,155 587 673,A01,2,7,0,2,1,13,1,0.0
202300052351,155 587 679,B01,1,15,0,2,3,1,1,0.0
202300052352,155 587 668,A01,2,60,0,2,1,19,5,0.0
202300052352,155 587 676,B01,2,7,0,2,5,1,1,0.0
202300052353,155 587 670,A01,3,7,0,1,3,1,0,0.0
202300052354,155 587 669,B01,2,43,0,2,1,1,1,0.0
202300052354,155 587 674,A01,2,7,0,2,3,11,6,0.0
202300052355,155 587 666,A01,1,7,0,2,1,15,1,0.0
202300052355,155 587 672,B01,2,31,0,2,0,1,1,0.0
202300052356,155 587 664,A01,2,7,0,0,2,20,1,0.0
202300052357,155 587 659,A01,1,7,1,0,1,21,1,0.0
202300052358,155 587 658,B01,1,7,0,2,3,15,1,0.0
202300052358,155 587 661,A01,1,1,0,2,8,15,5,0.0
202300052359,155 587 657,C01,3,10,0,2,4,1,1,0.0
202300052359,155 587 660,A01,3,15,0,2,1,1,1,0.0
202300052359,155 587 665,B01,3,7,0,2,4,1,1,0.0
202300052359,155 587 671,D01,3,7,0,2,4,1,1,0.0
202300052359,155 587 677,E01,3,7,0,2,4,1,1,0.0
202300052360,155 587 656,B01,1,7,0,2,1,1,1,0.0
202300052360,155 587 662,A01,2,7,0,2,1,1,1,0.0
202300052361,155 587 650,A01,2,7,0,2,7,1,1,0.0
202300052361,155 587 655,B01,2,7,0,2,1,26,1,0.0
202300052362,155 587 649,A01,2,7,1,0,1,1,1,0.0
202300052363,155 587 648,B01,2,32,0,2,1,7,0,0.0
202300052363,155 587 652,A01,2,10,0,2,7,14,1,0.0
202300052364,155 587 645,B01,3,50,0,2,7,1,3,0.0
202300052364,155 587 654,A01,1,7,0,2,8,9,1,0.0
202300052365,155 587 644,A01,2,37,1,0,5,20,3,2.0
202300052365,155 587 653,B01,2,10,1,0,6,24,1,0.0
202300052366,155 587 640,A01,2,7,0,1,1,11,0,0.0
202300052367,155 587 639,B01,1,7,0,2,0,0,1,0.0
202300052367,155 587 643,A01,1,7,0,2,1,1,1,0.0
202300052367,155 587 646,C01,1,7,0,2,1,1,1,0.0
202300052368,155 587 637,A01,2,50,0,2,1,5,3,0.0
202300052368,155 587 642,B01,1,10,0,0,1,1,1,0.0
202300052369,155 587 638,A01,3,7,0,1,1,15,1,0.0
202300052370,155 587 635,A01,2,50,0,0,7,16,3,0.0
202300052370,155 587 641,B01,0,0,-1,2,7,0,-1,0.0
202300052371,155 587 631,A01,1,7,0,2,1,13,1,0.0
202300052371,155 587 634,B01,2,7,0,2,0,1,1,0.0
202300052372,155 587 623,A01,1,7,0,2,3,2,1,0.0
202300052372,155 587 628,B01,1,7,0,2,4,15,1,0.0
202300052373,155 587 626,A01,1,33,0,0,8,1,1,0.0
202300052374,155 587 622,A01,2,14,0,2,7,16,1,0.0
202300052374,155 587 624,B01,2,1,0,2,1,1,5,0.0
202300052375,155 587 629,A01,2,1,0,2,7,1,5,0.0
202300052375,155 587 632,B01,2,10,0,2,3,15,1,0.0
202300052376,155 587 625,A01,1,7,13,0,2,17,1,0.0
202300052376,155 587 630,B01,1,31,0,0,0,2,0,0.0
202300052377,155 587 619,A01,2,7,2,0,1,0,1,0.0
202300052378,155 587 620,A01,1,7,0,1,7,21,1,0.0
202300052379,155 587 618,B01,2,7,0,2,3,1,1,0.0
202300052379,155 587 627,A01,1,7,0,2,1,1,1,0.0
202300052380,155 587 617,B01,1,7,0,2,1,1,1,0.0
202300052380,155 587 621,A01,1,1,0,2,8,19,5,0.0
202300052381,155 587 610,B01,1,7,0,2,2,1,0,0.0
202300052381,155 587 615,A01,1,7,0,2,5,1,1,0.0
202300052382,155 587 609,B01,1,2,0,2,1,11,1,0.0
202300052382,155 587 616,A01,1,7,0,2,3,15,1,0.0
202300052383,155 587 607,A01,2,1,0,0,0,1,5,0.0
202300052384,155 587 608,A01,1,10,0,0,2,22,1,0.0
202300052384,155 587 614,B01,1,1,0,0,1,1,5,0.0
202300052385,155 587 605,A01,1,30,0,2,7,1,1,0.0
202300052385,155 587 613,B01,2,7,0,2,1,1,1,0.0
202300052386,155 587 603,B01,3,10,0,2,2,15,1,0.0
202300052386,155 587 612,A01,3,33,0,2,1,1,1,0.0
202300052387,155 587 604,A01,2,7,0,1,1,1,1,0.0
202300052388,155 587 602,C01,1,7,0,2,1,2,0,0.0
202300052388,155 587 606,B01,1,7,0,2,1,2,0,0.0
202300052388,155 587 611,A01,2,7,0,2,1,5,2,0.0
202300052389,155 587 601,A01,2,7,12,0,2,21,1,0.0
202300052390,155 587 598,A01,1,7,0,1,4,20,1,0.0
202300052391,155 587 595,A01,1,7,0,2,1,9,1,0.0
202300052391,155 587 600,B01,1,1,0,2,1,1,5,0.0
202300052392,155 587 594,A01,1,17,0,1,1,16,0,0.0
202300052393,155 587 591,A01,2,10,0,2,3,5,1,0.0
202300052393,155 587 597,B01,1,7,0,2,3,1,1,0.0
202300052394,155 587 590,A01,2,7,0,1,3,1,1,0.0
202300052395,155 587 596,A01,2,7,0,2,3,15,3,0.0
202300052395,155 587 599,B01,2,1,0,2,0,17,5,0.0
202300052396,155 587 589,A01,0,7,0,2,1,1,1,0.0
202300052396,155 587 592,B01,0,50,0,2,8,19,3,0.0
202300052397,155 587 586,B01,1,7,0,2,2,1,0,0.0
202300052397,155 587 593,A01,2,7,0,2,1,1,1,0.0
202300052398,155 587 584,A01,1,32,0,2,7,17,1,0.0
202300052398,155 587 587,B01,1,10,0,2,2,9,1,0.0
202300052399,155 587 582,A01,3,80,16,0,7,5,3,0.0
202300052399,155 587 588,B01,3,10,0,2,1,1,0,0.0
202300052400,155 587 579,B01,1,7,0,2,1,1,1,0.0
202300052400,155 587 583,A01,2,7,0,2,1,5,1,0.0
202300052400,155 587 585,C01,1,10,14,0,1,1,1,0.0
202300052401,155 587 578,A01,3,7,15,1,1,20,0,0.0
202300052402,155 587 577,B01,3,2,0,2,2,17,1,0.0
202300052402,155 587 581,A01,3,7,0,2,3,15,1,0.0
202300052403,155 587 575,A01,1,7,4,0,2,9,1,0.0
202300052404,155 587 576,B01,3,32,0,2,1,2,1,0.0
202300052404,155 587 580,A01,2,7,0,2,2,16,1,0.0
202300052405,155 587 574,Z01,2,7,0,1,3,15,1,0.0
202300052406,155 587 567,A01,2,7,0,2,1,15,1,0.0
202300052406,155 587 572,B01,1,7,0,2,3,1,1,0.0
202300052407,155 587 570,B01,1,33,0,2,7,17,6,0.0
202300052407,155 587 573,A01,1,7,0,2,8,17,6,0.0
202300052408,155 587 565,A01,2,7,0,2,3,11,1,0.0
202300052408,155 587 568,B01,2,31,1,2,1,1,1,0.0
202300052409,155 587 566,A01,3,7,1,1,3,1,1,0.0
202300052410,155 587 564,A01,2,33,0,2,1,2,1,0.0
202300052410,155 587 571,B01,2,10,0,2,4,2,1,0.0
202300052411,155 587 562,B01,3,30,0,2,5,1,1,0.0
202300052411,155 587 569,A01,1,7,0,2,1,9,1,0.0
202300052412,155 587 561,A01,1,50,0,0,0,1,3,0.0
202300052413,155 587 560,B01,3,32,0,2,6,1,0,0.0
202300052413,155 587 563,A01,3,13,1,0,3,15,0,0.0
202300052414,155 587 559,A01,3,7,0,1,3,1,1,0.0
202300052415,155 587 557,A01,1,7,0,1,0,0,1,0.0
202300052416,155 587 551,A01,1,7,6,0,1,1,1,0.0
202300052417,155 587 553,B01,1,30,0,2,2,16,1,0.0
202300052417,155 587 558,A01,1,37,0,2,3,1,1,1.0
202300052418,155 587 548,B01,1,7,0,2,5,23,1,0.0
202300052418,155 587 554,A01,1,33,8,2,1,1,1,0.0
202300052419,155 587 550,A01,1,32,0,2,3,13,1,0.0
202300052419,155 587 556,B01,1,7,0,2,5,1,1,0.0
202300052420,155 587 549,A01,3,50,0,2,1,5,3,0.0
202300052420,155 587 555,B01,3,7,0,2,6,1,1,0.0
202300052421,155 587 547,A01,0,10,0,1,2,1,0,0.0
202300052422,155 587 546,A01,3,10,0,2,1,1,1,0.0
202300052422,155 587 552,B01,3,7,0,2,8,0,1,0.0
202300052423,155 587 545,A01,2,7,6,0,3,1,1,0.0
202300052424,155 587 539,A01,1,10,0,2,2,13,0,0.0
202300052424,155 587 543,B01,1,1,0,2,6,13,5,0.0
202300052425,155 587 538,A01,2,33,0,2,1,2,1,0.0
202300052425,155 587 542,B01,2,43,0,2,4,2,1,0.0
202300052426,155 587 537,A01,3,2,0,2,1,1,1,0.0
202300052426,155 587 540,B01,3,10,0,2,1,1,1,0.0
202300052427,155 587 536,A01,1,7,0,2,3,1,1,0.0
202300052427,155 587 544,B01,2,1,0,2,1,1,5,0.0
202300052428,155 587 541,A01,1,1,12,0,8,13,5,0.0
202300052429,155 587 530,B01,1,7,0,2,1,1,1,0.0
202300052429,155 587 534,A01,1,7,0,0,4,1,0,0.0
202300052430,155 587 531,A01,3,33,8,0,0,1,1,0.0
202300052431,155 587 533,A01,3,7,0,2,1,1,1,0.0
202300052431,155 587 535,B01,3,50,0,2,2,0,3,0.0
202300052432,155 587 528,A01,2,7,1,0,3,0,1,0.0
202300052433,155 587 527,B01,1,43,0,2,1,1,1,0.0
202300052433,155 587 532,A01,1,7,0,2,2,1,1,0.0
202300052434,155 587 525,B01,2,2,0,2,4,1,1,0.0
202300052434,155 587 529,A01,2,7,0,2,2,2,1,0.0
202300052435,155 587 522,A01,3,7,2,0,9,1,1,0.0
202300052436,155 587 523,B01,2,7,0,2,2,9,2,0.0
202300052436,155 587 526,A01,1,30,0,2,7,1,3,0.0
202300052437,155 587 521,A01,2,7,4,0,2,14,2,0.0
202300052438,155 587 520,B01,1,50,0,0,0,1,3,0.0
202300052439,155 587 518,B01,2,7,0,2,2,16,1,0.0
202300052439,155 587 524,A01,1,50,0,2,1,1,3,0.0
202300052440,155 587 517,A01,2,7,0,1,3,1,1,0.0
202300052441,155 587 508,A01,1,10,0,1,3,1,1,0.0
202300052442,155 587 509,B01,2,7,0,0,1,1,1,0.0
202300052442,155 587 516,A01,1,7,0,0,1,17,1,0.0
202300052443,155 587 507,A01,1,7,0,2,2,17,0,0.0
202300052443,155 587 512,B01,1,7,0,2,5,1,0,0.0
202300052444,155 587 506,B01,2,10,0,2,1,0,1,0.0
202300052444,155 587 511,C01,2,7,0,2,1,1,1,0.0
202300052444,155 587 515,D01,2,7,0,2,4,1,1,0.0
202300052444,155 587 519,A01,2,7,0,2,1,1,1,0.0
202300052445,155 587 505,Z01,1,1,0,1,1,1,5,0.0
202300052446,155 587 504,A01,2,7,7,0,3,12,1,0.0
202300052447,155 587 501,A01,3,50,8,0,1,1,3,0.0
202300052448,155 587 499,A01,2,7,8,0,1,1,1,0.0
202300052449,155 587 498,A01,2,34,0,1,2,17,1,0.0
202300052450,155 587 496,A01,3,2,0,2,0,13,1,0.0
202300052450,155 587 497,B01,3,7,0,0,1,1,1,0.0
202300052451,155 587 492,B01,1,10,0,2,4,2,1,0.0
202300052451,155 587 494,A01,1,33,0,2,1,2,1,0.0
202300052452,155 587 502,A01,1,7,12,0,3,1,3,0.0
202300052453,155 587 491,B01,2,7,0,2,7,1,1,0.0
202300052453,155 587 495,A01,2,31,0,2,1,1,1,0.0
202300052454,155 587 489,A01,2,7,0,1,1,1,1,0.0
202300052455,155 587 487,A01,3,7,9,0,1,1,2,0.0
202300052456,155 587 488,B01,2,7,0,9,3,1,1,0.0
202300052456,155 587 493,A01,1,10,0,0,0,1,1,0.0
202300052457,155 587 486,A01,1,30,0,2,1,17,1,0.0
202300052457,155 587 490,B01,1,7,0,2,8,15,1,0.0
202300052458,155 587 483,B01,2,7,0,2,3,11,1,0.0
202300052458,155 587 485,A01,2,33,14,2,7,3,1,0.0
202300052459,155 587 478,B01,2,33,8,2,4,15,1,0.0
202300052459,155 587 482,Z01,2,7,0,2,1,2,0,0.0
202300052460,155 587 477,A01,2,7,0,2,3,13,1,0.0
202300052460,155 587 484,B01,1,10,0,2,3,1,1,0.0
202300052461,155 587 476,A01,2,7,4,0,1,1,1,0.0
202300052462,155 587 475,A01,3,7,0,1,4,20,1,0.0
202300052463,155 587 474,A01,3,7,0,2,3,9,1,0.0
202300052463,155 587 480,B01,3,1,0,2,3,1,5,0.0
202300052464,155 587 473,A01,1,7,0,2,1,0,0,0.0
202300052464,155 587 481,B01,2,7,0,2,3,0,0,0.0
202300052465,155 587 468,A01,1,31,0,2,1,2,1,0.0
202300052465,155 587 472,B01,1,7,0,0,5,1,1,0.0
202300052466,155 587 466,B01,1,7,0,2,8,2,1,0.0
202300052466,155 587 471,A01,1,15,0,2,1,2,1,0.0
202300052467,155 587 465,A01,2,7,0,2,2,1,0,0.0
202300052467,155 587 479,B01,2,7,0,2,3,16,0,0.0
202300052468,155 587 463,A01,1,7,0,2,1,26,1,0.0
202300052468,155 587 470,B01,1,15,0,2,4,1,1,0.0
202300052469,155 587 461,B01,1,33,0,2,1,17,1,0.0
202300052469,155 587 467,A01,1,7,0,2,8,15,1,0.0
202300052470,155 587 464,A01,3,10,0,2,7,14,1,0.0
202300052470,155 587 469,B01,3,80,0,2,8,23,3,0.0
202300052471,155 587 460,A01,1,7,13,0,1,1,1,0.0
202300052472,155 587 456,A01,1,7,1,0,5,16,1,0.0
202300052473,155 587 455,A01,1,7,0,1,1,1,1,0.0
202300052474,155 587 453,A01,3,3,0,2,1,2,1,0.0
202300052474,155 587 458,B01,3,33,0,2,7,16,1,0.0
202300052475,155 587 454,B01,1,33,0,2,8,1,1,0.0
202300052475,155 587 459,Z01,1,10,0,2,7,17,0,0.0
202300052476,155 587 452,A01,1,2,0,2,4,14,1,0.0
202300052476,155 587 457,B01,1,7,0,2,1,1,3,0.0
202300052477,155 587 451,A01,2,7,0,1,1,16,1,0.0
202300052478,155 587 450,A01,0,32,14,0,1,1,1,0.0
202300052479,155 587 448,A01,1,7,0,1,1,1,1,0.0
202300052480,155 587 447,A01,1,50,0,0,0,0,3,0.0
202300052481,155 587 446,A01,2,10,0,1,2,1,1,0.0
202300052482,155 587 445,A01,1,7,4,4,8,0,1,0.0
202300052482,155 587 449,B01,1,39,0,2,1,1,1,0.0
202300052483,155 587 443,A01,3,7,0,2,1,5,1,0.0
202300052483,155 587 444,B01,3,7,0,2,1,1,1,0.0
202300052484,155 587 441,A01,2,33,3,0,7,14,1,0.0
202300052485,155 587 437,B01,1,7,0,2,8,15,1,0.0
202300052485,155 587 440,A01,1,33,0,2,1,17,1,0.0
202300052486,155 587 438,B01,1,7,0,2,6,1,2,0.0
202300052486,155 587 442,A01,1,38,0,2,2,14,1,1.0
202300052487,155 587 434,A01,3,10,0,0,0,16,1,0.0
202300052488,155 587 435,B01,2,13,0,2,2,1,1,0.0
202300052488,155 587 439,A01,0,10,0,2,1,9,1,0.0
202300052489,155 587 433,A01,1,10,0,2,2,1,1,0.0
202300052489,155 587 436,B01,1,33,0,2,4,23,1,0.0
202300052490,155 587 430,B01,2,2,0,2,2,10,1,0.0
202300052490,155 587 432,A01,1,7,0,2,3,21,1,0.0
202300052491,155 587 428,A01,1,7,8,0,1,14,1,0.0
202300052492,155 587 427,A01,0,2,0,2,2,3,1,0.0
202300052492,155 587 431,B01,0,7,0,2,6,1,1,0.0
202300052493,155 587 426,A01,0,7,0,0,0,1,1,0.0
202300052494,155 587 425,A01,0,7,1,0,2,1,1,0.0
202300052495,155 587 424,A01,2,7,0,2,7,13,1,0.0
202300052495,155 587 429,B01,2,30,0,2,1,1,1,0.0
202300052496,155 587 421,Z01,1,7,0,1,3,26,0,0.0
202300052497,155 587 419,A01,1,10,0,1,2,16,1,0.0
202300052498,155 587 420,A01,1,7,0,2,7,12,1,0.0
202300052498,155 587 422,B01,1,32,0,2,7,3,1,0.0
202300052499,155 587 415,B01,1,7,0,2,8,1,1,0.0
202300052499,155 587 418,A01,2,10,0,2,2,19,1,0.0
202300052500,155 587 414,B01,3,7,0,2,2,15,2,0.0
202300052500,155 587 423,A01,3,7,8,2,1,1,1,0.0
202300052501,155 587 413,A01,3,7,0,2,1,1,1,0.0
202300052501,155 587 416,B01,3,50,0,2,4,2,3,0.0
202300052502,155 587 411,A01,3,7,0,0,0,0,1,0.0
202300052503,155 587 412,A01,3,7,0,2,3,1,1,0.0
202300052503,155 587 417,B01,2,50,0,2,2,17,3,0.0
202300052504,155 587 407,B01,3,7,9,0,8,24,1,0.0
202300052504,155 587 408,A01,1,7,1,0,2,13,1,0.0