num_acc,id_vehicule,num_veh,senc,catv,obs,obsm,choc,manv,motor,occutc
202300053022,155 586 501,A01,2,7,0,2,2,12,0,0.0
202300053022,155 586 505,B01,2,43,0,2,3,3,1,0.0
202300053023,155 586 500,A01,1,33,0,2,1,17,1,0.0
202300053023,155 586 504,B01,1,7,0,2,3,15,1,0.0
202300053024,155 586 498,A01,2,7,0,1,1,1,1,0.0
202300053025,155 586 496,A01,3,33,0,0,2,13,0,0.0
202300053026,155 586 495,A01,1,7,0,1,3,16,2,0.0
202300053027,155 586 494,B01,2,7,0,2,1,1,1,0.0
202300053027,155 586 497,A01,1,7,0,2,1,13,1,0.0
202300053028,155 586 492,B01,1,7,0,2,8,1,1,0.0
202300053028,155 586 499,A01,2,7,0,2,3,13,1,0.0
202300053029,155 586 490,A01,1,32,14,0,1,14,1,0.0
202300053030,155 586 487,A01,0,10,0,1,1,1,1,0.0
202300053031,155 586 484,A01,1,10,0,2,7,12,1,0.0
202300053031,155 586 488,C01,1,10,0,2,4,1,1,0.0
202300053031,155 586 491,B01,1,33,0,2,1,3,1,0.0
202300053032,155 586 486,A01,3,7,0,1,1,1,1,0.0
202300053033,155 586 483,A01,0,7,1,0,1,19,1,0.0
202300053034,155 586 481,A01,1,10,0,2,1,21,1,0.0
202300053034,155 586 485,B01,1,7,0,2,4,23,2,0.0
202300053034,155 586 489,C01,1,15,0,2,1,2,1,0.0
202300053034,155 586 493,D01,1,15,0,2,4,23,1,0.0
202300053035,155 586 482,A01,3,7,4,0,1,14,1,0.0
202300053036,155 586 480,A01,2,7,13,0,1,17,1,0.0
202300053037,155 586 475,A01,2,33,3,0,7,9,1,0.0
202300053038,155 586 474,B01,3,33,0,2,8,1,1,0.0
202300053038,155 586 478,A01,3,10,0,2,2,12,1,0.0
202300053039,155 586 471,A01,0,7,1,0,2,1,0,0.0
202300053040,155 586 472,B01,1,34,0,2,7,1,1,0.0
202300053040,155 586 476,A01,1,7,0,2,3,11,1,0.0
202300053041,155 586 473,A01,2,7,0,2,3,1,1,0.0
202300053041,155 586 479,B01,3,1,0,2,2,19,5,0.0
202300053042,155 586 468,A01,0,7,0,2,3,1,1,0.0
202300053042,155 586 469,B01,0,7,0,2,3,13,1,0.0
202300053043,155 586 465,A01,3,30,0,0,3,16,3,0.0
202300053044,155 586 463,A01,1,7,1,0,1,1,1,0.0
202300053044,155 586 466,B01,1,7,0,2,4,23,1,0.0
202300053045,155 586 461,A01,1,30,0,2,1,2,1,0.0
202300053045,155 586 467,B01,1,7,0,2,4,2,1,0.0
202300053046,155 586 458,B01,0,7,0,2,2,1,1,0.0
202300053046,155 586 462,A01,0,33,2,2,1,5,1,0.0
202300053046,155 586 464,C01,0,7,0,2,8,1,1,0.0
202300053047,155 586 459,A01,2,15,2,0,3,13,1,0.0
202300053048,155 586 457,A01,0,7,0,1,3,1,2,0.0
202300053049,155 586 452,A01,1,7,8,0,1,1,1,0.0
202300053050,155 586 455,A01,1,32,0,0,0,21,1,0.0
202300053051,155 586 456,A01,1,7,1,0,1,0,1,0.0
202300053051,155 586 460,B01,1,15,0,0,4,24,1,0.0
202300053052,155 586 451,B01,1,7,0,2,0,0,1,0.0
202300053052,155 586 453,A01,1,7,0,2,1,26,1,0.0
202300053053,155 586 450,A01,2,7,0,2,2,14,1,0.0
202300053053,155 586 454,B01,2,7,0,2,8,1,1,0.0
202300053054,155 586 447,A01,2,7,0,2,2,20,1,0.0
202300053054,155 586 448,B01,2,30,0,2,3,18,1,0.0
202300053055,155 586 443,A01,1,7,14,5,8,1,1,0.0
202300053056,155 586 439,A01,0,30,0,2,0,2,1,0.0
202300053056,155 586 445,B01,1,7,0,0,0,26,1,0.0
202300053057,155 586 441,B01,1,20,0,0,7,26,1,0.0
202300053057,155 586 449,A01,1,7,0,2,1,2,1,0.0
202300053058,155 586 438,A01,2,7,0,2,8,1,1,0.0
202300053058,155 586 444,B01,1,43,0,2,2,1,1,0.0
202300053059,155 586 437,B01,2,7,0,2,4,2,2,0.0
202300053059,155 586 442,A01,2,14,0,2,1,2,1,0.0
202300053060,155 586 435,A01,2,7,0,2,2,12,1,0.0
202300053060,155 586 440,B01,2,17,0,0,6,1,1,0.0
202300053060,155 586 446,C01,2,7,0,2,1,1,1,0.0
202300053061,155 586 428,A01,2,7,0,1,1,1,1,0.0
202300053062,155 586 429,A01,1,50,0,2,3,1,3,0.0
202300053062,155 586 433,B01,1,7,0,2,1,1,1,0.0
202300053063,155 586 431,A01,1,10,5,6,2,1,1,0.0
202300053064,155 586 426,A01,1,7,0,2,1,2,1,0.0
202300053064,155 586 430,B01,1,43,0,2,4,2,1,0.0
202300053065,155 586 427,V01,3,1,0,2,1,1,5,0.0
202300053065,155 586 434,A01,1,7,0,2,1,1,1,0.0
202300053066,155 586 425,A01,2,7,15,0,9,0,1,0.0
202300053067,155 586 423,A01,1,7,13,0,2,0,0,0.0
202300053068,155 586 422,A01,1,2,0,2,1,13,1,0.0
202300053068,155 586 424,B01,2,10,0,2,3,1,1,0.0
202300053069,155 586 421,A01,2,1,4,0,1,13,5,0.0
202300053070,155 586 414,B01,2,1,0,0,0,0,5,0.0
202300053070,155 586 418,A01,1,7,0,2,1,26,3,0.0
202300053071,155 586 413,A01,2,1,0,0,0,1,5,0.0
202300053072,155 586 416,B01,2,43,0,2,1,2,1,0.0
202300053072,155 586 420,A01,2,7,0,2,4,2,1,0.0
202300053073,155 586 411,A01,1,7,0,2,3,13,1,0.0
202300053073,155 586 412,B01,2,7,0,2,3,1,1,0.0
202300053074,155 586 409,C01,1,7,0,2,5,1,1,0.0
202300053074,155 586 417,A01,1,7,0,2,1,1,1,0.0
202300053074,155 586 419,B01,1,7,0,2,5,1,1,0.0
202300053075,155 586 410,A01,1,7,0,0,3,15,0,0.0
202300053076,155 586 405,A01,2,7,3,2,3,1,1,0.0
202300053077,155 586 403,A01,1,7,0,2,3,13,1,0.0
202300053077,155 586 407,B01,2,7,0,2,3,1,1,0.0
202300053078,155 586 399,B01,1,1,0,2,7,1,5,0.0
202300053078,155 586 406,A01,2,7,0,2,3,16,1,0.0
202300053079,155 586 402,A01,3,30,0,2,1,2,1,0.0
202300053079,155 586 408,B01,3,7,1,0,6,23,1,0.0
202300053080,155 586 398,A01,2,2,0,2,1,1,1,0.0
202300053080,155 586 404,B01,1,7,0,2,2,15,1,0.0
202300053081,155 586 394,B01,2,7,0,2,1,23,0,0.0
202300053081,155 586 397,A01,2,7,0,2,1,1,0,0.0
202300053081,155 586 400,C01,2,10,0,2,4,23,1,0.0
202300053082,155 586 395,A01,2,7,2,0,2,14,1,0.0
202300053083,155 586 393,C01,1,7,0,2,8,1,1,0.0
202300053083,155 586 396,B01,1,7,4,2,2,1,1,0.0
202300053083,155 586 401,A01,1,10,0,2,1,15,1,0.0
202300053084,155 586 385,B01,1,7,0,2,3,1,1,0.0
202300053084,155 586 390,A01,2,7,0,2,3,13,6,0.0
202300053085,155 586 387,Z01,2,30,0,2,1,1,0,0.0
202300053085,155 586 392,A01,2,1,0,2,6,21,5,0.0
202300053086,155 586 386,A01,1,10,0,2,2,14,1,0.0
202300053086,155 586 391,B01,1,7,0,0,6,1,1,0.0
202300053087,155 586 384,A01,1,7,0,2,1,1,1,0.0
202300053087,155 586 389,B01,2,15,0,2,6,1,1,0.0
202300053088,155 586 381,A01,1,7,13,0,1,1,1,0.0
202300053089,155 586 380,A01,1,7,0,2,6,1,0,0.0
202300053089,155 586 383,B01,1,7,0,2,1,17,0,0.0
202300053090,155 586 379,A01,1,10,4,0,1,1,1,0.0
202300053091,155 586 378,C01,1,7,0,0,1,2,1,0.0
202300053091,155 586 382,B01,1,7,0,2,4,1,1,0.0
202300053091,155 586 388,A01,1,7,0,2,1,1,1,0.0
202300053092,155 586 374,A01,1,50,0,2,8,15,3,0.0
202300053092,155 586 376,B01,2,7,0,2,1,1,2,0.0
202300053093,155 586 371,B01,2,2,0,2,3,1,1,0.0
202300053093,155 586 375,A01,1,7,0,2,3,15,1,0.0
202300053094,155 586 368,C01,1,7,0,2,1,1,1,0.0
202300053094,155 586 373,A01,1,7,0,2,4,1,1,0.0
202300053094,155 586 377,B01,1,7,0,2,4,1,1,0.0
202300053095,155 586 367,A01,1,7,0,2,1,2,1,0.0
202300053095,155 586 369,B01,1,7,0,2,4,23,1,0.0
202300053096,155 586 365,B01,1,2,0,0,4,1,1,0.0
202300053096,155 586 370,A01,1,7,0,2,3,9,1,0.0
202300053097,155 586 363,B01,0,34,0,2,1,21,1,0.0
202300053097,155 586 372,A01,3,7,0,2,1,23,1,0.0
202300053098,155 586 362,A01,2,7,0,2,4,1,1,0.0
202300053098,155 586 366,B01,2,33,0,2,1,1,1,0.0
202300053099,155 586 361,A01,1,10,0,1,1,1,1,0.0
202300053100,155 586 357,A01,2,7,0,2,4,2,1,0.0
202300053100,155 586 359,C01,2,7,0,2,1,2,1,0.0
202300053100,155 586 360,B01,2,32,0,2,4,2,1,0.0
202300053100,155 586 364,D01,2,10,0,2,1,2,1,0.0
202300053101,155 586 354,B01,2,1,0,2,8,26,5,0.0
202300053101,155 586 358,A01,2,7,0,2,2,1,1,0.0
202300053102,155 586 356,A01,1,7,0,1,1,15,2,0.0
202300053103,155 586 353,A01,1,7,3,0,1,1,1,0.0
202300053104,155 586 351,A01,1,33,5,6,1,1,1,0.0
202300053105,155 586 349,A01,3,7,0,1,1,2,1,0.0
202300053106,155 586 350,A01,1,7,0,2,2,26,1,0.0
202300053106,155 586 355,B01,1,7,0,2,4,26,1,0.0
202300053107,155 586 348,A01,1,7,0,2,3,13,1,0.0
202300053107,155 586 352,B01,2,7,0,2,3,1,1,0.0
202300053108,155 586 345,A01,1,37,0,1,5,13,6,1.0
202300053109,155 586 342,A01,1,7,0,2,1,1,1,0.0
202300053109,155 586 346,B01,1,7,0,2,4,1,1,0.0
202300053110,155 586 341,B01,2,7,0,2,4,23,1,0.0
202300053110,155 586 347,A01,2,7,0,2,1,1,1,0.0
202300053111,155 586 339,A01,1,7,0,0,0,13,1,0.0
202300053112,155 586 338,A01,1,33,13,0,8,15,1,0.0
202300053113,155 586 333,A01,0,7,0,2,1,15,1,0.0
202300053113,155 586 336,B01,0,1,0,2,1,1,5,0.0
202300053114,155 586 335,A01,3,7,0,2,2,1,1,0.0
202300053114,155 586 340,B01,3,15,0,2,2,15,1,0.0
202300053115,155 586 334,A01,2,7,0,2,3,26,1,0.0
202300053115,155 586 343,B01,0,1,0,2,8,1,5,0.0
202300053116,155 586 330,A01,1,7,0,1,3,15,1,0.0
202300053117,155 586 331,A01,1,7,0,2,3,13,1,0.0
202300053117,155 586 332,B01,2,17,0,0,3,1,1,0.0
202300053118,155 586 326,A01,3,7,0,1,1,1,1,0.0
202300053119,155 586 323,B01,3,7,0,2,3,1,1,0.0
202300053119,155 586 329,A01,3,7,0,2,3,1,1,0.0
202300053120,155 586 322,A01,3,7,0,2,3,1,1,0.0
202300053120,155 586 327,B01,3,50,0,2,1,19,3,0.0
202300053121,155 586 321,A01,1,7,0,1,1,1,1,0.0
202300053122,155 586 319,B01,3,32,0,2,2,17,0,0.0
202300053122,155 586 324,A01,3,7,0,2,8,15,1,0.0
202300053123,155 586 316,A01,1,10,0,2,1,1,1,0.0
202300053123,155 586 318,C01,2,7,7,0,1,1,1,0.0
202300053123,155 586 325,B01,2,7,0,2,1,1,1,0.0
202300053124,155 586 315,A01,1,7,0,2,3,15,1,0.0
202300053124,155 586 320,B01,1,15,0,2,1,1,1,0.0
202300053125,155 586 317,B01,1,7,13,0,5,2,0,0.0
202300053125,155 586 328,A01,1,7,12,2,3,1,0,0.0
202300053126,155 586 313,A01,1,7,0,1,1,1,1,0.0
202300053127,155 586 309,A01,1,7,0,2,3,2,1,0.0
202300053127,155 586 314,B01,2,7,0,2,3,17,1,0.0
202300053128,155 586 308,A01,1,14,0,2,7,26,1,0.0
202300053128,155 586 311,B01,3,7,0,2,3,0,2,0.0
202300053129,155 586 310,A01,1,7,0,1,7,2,1,0.0
202300053130,155 586 306,A01,1,7,8,0,2,1,1,0.0
202300053131,155 586 307,A01,2,14,0,1,0,16,1,0.0
202300053132,155 586 301,A01,0,30,0,2,2,17,3,0.0
202300053132,155 586 303,B01,0,7,0,2,3,1,1,0.0
202300053133,155 586 299,A01,1,7,0,2,1,1,1,0.0
202300053133,155 586 304,B01,1,7,0,2,4,1,1,0.0
202300053134,155 586 297,A01,2,7,0,2,3,9,0,0.0
202300053134,155 586 302,B01,1,2,0,2,7,15,1,0.0
202300053135,155 586 296,B01,1,37,0,2,3,1,1,6.0
202300053135,155 586 312,A01,2,14,0,2,2,1,1,0.0
202300053136,155 586 295,B01,1,7,0,0,4,23,1,0.0
202300053136,155 586 300,A01,1,7,0,2,1,1,1,0.0
202300053137,155 586 292,A01,1,7,6,0,3,1,1,0.0
202300053138,155 586 290,B01,1,15,0,0,6,1,1,0.0
202300053138,155 586 294,A01,1,10,0,2,2,2,1,0.0
202300053139,155 586 293,A01,2,7,0,2,5,14,1,0.0
202300053139,155 586 298,B01,2,33,0,2,3,18,1,0.0
202300053140,155 586 288,A01,2,34,0,2,1,1,1,0.0
202300053140,155 586 291,B01,1,7,0,2,0,15,1,0.0
202300053141,155 586 285,B01,1,3,0,2,2,14,2,0.0
202300053141,155 586 287,A01,1,99,0,2,1,1,3,0.0
202300053142,155 586 284,A01,0,7,0,1,1,1,1,0.0
202300053143,155 586 280,A01,1,33,13,0,1,5,1,0.0
202300053144,155 586 282,A01,2,33,0,2,0,21,1,0.0
202300053144,155 586 286,B01,1,31,0,2,0,0,1,0.0
202300053145,155 586 279,A01,1,7,1,0,3,1,1,0.0
202300053146,155 586 281,A01,1,10,0,2,2,13,1,0.0
202300053146,155 586 289,B01,2,7,13,2,6,1,1,0.0
202300053147,155 586 275,A01,3,7,0,0,4,2,1,0.0
202300053147,155 586 277,B01,0,7,0,2,0,0,1,0.0
202300053148,155 586 274,A01,3,10,0,1,6,26,1,0.0
202300053149,155 586 273,A01,1,7,0,2,1,5,1,0.0
202300053149,155 586 278,C01,2,7,0,2,1,1,1,0.0
202300053149,155 586 283,B01,2,7,0,2,1,1,1,0.0
202300053150,155 586 276,A01,2,32,8,0,1,14,1,0.0
202300053151,155 586 268,A01,1,7,0,0,6,24,2,0.0
202300053151,155 586 272,B01,1,15,1,0,2,1,1,0.0
202300053152,155 586 266,B01,2,7,0,9,1,1,1,0.0
202300053152,155 586 270,A01,1,15,0,0,0,1,0,0.0
202300053153,155 586 263,A01,3,1,0,0,0,0,5,0.0
202300053154,155 586 265,B01,2,10,0,2,1,1,1,0.0
202300053154,155 586 271,A01,1,50,0,2,0,15,3,0.0
202300053155,155 586 259,A01,0,13,0,2,3,2,1,0.0
202300053155,155 586 262,B01,0,7,0,2,4,2,1,0.0
202300053155,155 586 267,C01,0,7,0,0,4,2,3,0.0
202300053156,155 586 257,A01,2,14,0,0,8,1,1,0.0
202300053157,155 586 260,A01,1,7,0,0,5,16,1,0.0
202300053157,155 586 264,B01,1,7,0,2,1,7,1,0.0
202300053158,155 586 256,A01,2,7,2,0,0,1,1,0.0
202300053159,155 586 255,B01,2,7,0,9,3,9,1,0.0
202300053159,155 586 261,A01,2,2,0,2,1,1,1,0.0
202300053160,155 586 253,A01,2,7,0,9,1,1,0,0.0
202300053160,155 586 258,B01,2,1,0,0,4,1,5,0.0
202300053161,155 586 249,A01,1,7,2,0,1,14,1,0.0
202300053162,155 586 250,B01,1,1,0,2,1,1,5,0.0
202300053162,155 586 252,A01,1,7,0,2,3,9,1,0.0
202300053163,155 586 244,A01,2,7,0,0,8,1,1,0.0
202300053163,155 586 251,B01,2,7,0,0,1,1,1,0.0
202300053164,155 586 243,B01,1,7,0,2,1,1,2,0.0
202300053164,155 586 248,A01,2,7,0,2,1,5,1,0.0
202300053165,155 586 241,A01,1,7,0,2,2,26,1,0.0
202300053165,155 586 245,B01,2,50,0,2,2,25,3,0.0
202300053166,155 586 240,B01,3,7,0,2,1,5,1,0.0
202300053166,155 586 246,A01,3,7,0,2,1,1,1,0.0
202300053167,155 586 237,A01,1,7,2,0,7,1,1,0.0
202300053168,155 586 238,A01,1,7,0,2,3,1,1,0.0
202300053168,155 586 242,B01,2,7,0,2,3,1,1,0.0
202300053169,155 586 235,A01,2,7,0,1,1,1,1,0.0
202300053170,155 586 233,A01,3,10,0,2,1,1,1,0.0
202300053170,155 586 234,B01,3,10,0,2,8,19,0,0.0
202300053171,155 586 232,B01,2,7,0,2,5,2,1,0.0
202300053171,155 586 236,A01,2,34,0,2,3,2,1,0.0
202300053172,155 586 231,A01,1,10,7,0,9,1,1,0.0
202300053173,155 586 230,A01,2,7,0,1,1,1,1,0.0
202300053174,155 586 224,A01,1,7,0,2,1,15,1,0.0
202300053174,155 586 228,B01,1,7,9,2,8,1,1,0.0
202300053175,155 586 223,A01,1,7,0,2,1,13,1,0.0
202300053175,155 586 225,B01,1,7,0,2,1,1,1,0.0
202300053176,155 586 222,C01,1,7,0,0,0,1,1,0.0
202300053176,155 586 226,B01,2,7,0,2,1,1,1,0.0
202300053176,155 586 229,A01,1,7,0,2,1,17,1,0.0
202300053177,155 586 218,A01,2,7,0,9,2,2,1,0.0
202300053177,155 586 221,B01,2,1,0,2,8,1,5,0.0
202300053178,155 586 216,A01,1,50,0,0,3,21,3,0.0
202300053179,155 586 214,B01,1,14,0,2,0,0,1,0.0
202300053179,155 586 219,A01,1,7,0,2,5,1,1,0.0
202300053180,155 586 215,A01,1,33,6,2,1,26,1,0.0
202300053180,155 586 220,B01,2,7,0,2,3,15,1,0.0
202300053181,155 586 210,A01,1,7,0,1,7,1,1,0.0
202300053182,155 586 211,A01,1,7,0,2,5,15,3,0.0
202300053182,155 586 217,B01,2,33,0,2,1,1,1,0.0
202300053183,155 586 208,A01,1,7,0,2,1,1,1,0.0
202300053183,155 586 212,B01,2,7,0,2,1,1,1,0.0
202300053184,155 586 203,A01,1,2,9,0,3,26,1,0.0
202300053184,155 586 207,B01,1,1,0,2,0,26,5,0.0
202300053185,155 586 202,A01,2,7,0,1,3,21,2,0.0
202300053185,155 586 209,C01,2,7,0,2,4,0,1,0.0
202300053185,155 586 213,B01,2,7,0,2,1,0,1,0.0
202300053186,155 586 204,A01,2,7,12,0,3,0,1,0.0
202300053187,155 586 200,A01,1,7,0,2,2,16,1,0.0
202300053187,155 586 205,B01,1,1,0,0,0,0,5,0.0
202300053188,155 586 201,B01,1,33,0,2,1,1,1,0.0
202300053188,155 586 206,A01,2,7,0,2,2,15,1,0.0
202300053189,155 586 197,B01,2,7,0,2,2,15,1,0.0
202300053189,155 586 199,A01,1,7,0,2,3,1,3,0.0
202300053190,155 586 198,A01,1,10,0,1,3,1,1,0.0
202300053191,155 586 194,A01,2,7,6,0,7,1,1,0.0
202300053192,155 586 193,A01,1,36,9,0,1,1,1,0.0
202300053193,155 586 191,A01,1,7,0,2,3,13,1,0.0
202300053193,155 586 196,B01,2,7,0,2,3,1,1,0.0
202300053194,155 586 187,A01,2,7,0,2,1,15,1,0.0
202300053194,155 586 192,B01,2,31,0,2,1,1,1,0.0
202300053195,155 586 189,A01,0,7,0,2,3,9,0,0.0
202300053195,155 586 195,B01,0,33,0,2,1,1,0,0.0
202300053196,155 586 188,A01,2,31,0,2,0,1,1,0.0
202300053196,155 586 190,B01,2,7,0,2,3,20,1,0.0
202300053197,155 586 183,A01,0,50,0,0,2,0,3,0.0
202300053198,155 586 181,A01,2,50,0,2,1,19,3,0.0
202300053198,155 586 185,B01,3,7,0,2,2,23,1,0.0
202300053199,155 586 179,A01,1,7,0,2,3,2,1,0.0
202300053199,155 586 184,B01,1,7,0,2,5,2,2,0.0
202300053200,155 586 180,B01,2,7,0,2,3,19,1,0.0
202300053200,155 586 186,A01,1,2,0,2,1,1,1,0.0
202300053201,155 586 176,A01,1,7,2,0,1,1,1,0.0
202300053202,155 586 174,A01,1,7,0,2,2,1,1,0.0
202300053202,155 586 178,B01,1,7,0,2,3,19,1,0.0
202300053203,155 586 173,A01,1,7,0,0,9,1,1,0.0
202300053204,155 586 172,A01,3,21,0,0,0,1,1,0.0
202300053205,155 586 168,A01,3,7,0,1,3,15,1,0.0
202300053206,155 586 171,A01,1,7,2,0,4,14,1,0.0
202300053207,155 586 166,A01,1,2,1,0,2,1,1,0.0
202300053208,155 586 163,B01,1,7,0,2,1,1,1,0.0
202300053208,155 586 169,A01,2,7,0,2,2,15,1,0.0
202300053208,155 586 175,C01,2,7,0,0,3,23,1,0.0
202300053209,155 586 165,B01,3,33,0,2,6,0,1,0.0
202300053209,155 586 170,A01,3,33,0,2,2,21,1,0.0
202300053210,155 586 164,A01,1,7,0,2,1,17,1,0.0
202300053210,155 586 167,B01,2,2,0,2,1,1,1,0.0
202300053211,155 586 161,A01,1,36,0,0,0,1,1,0.0
202300053212,155 586 160,A01,3,2,6,0,3,0,1,0.0
202300053213,155 586 158,A01,2,33,3,0,0,1,1,0.0
202300053214,155 586 157,A01,2,31,0,2,3,17,1,0.0
202300053214,155 586 162,B01,1,7,0,2,3,1,1,0.0
202300053215,155 586 155,A01,1,7,0,2,3,5,1,0.0
202300053215,155 586 159,B01,2,17,0,2,3,1,1,0.0
202300053216,155 586 154,A01,2,10,2,0,1,14,1,0.0
202300053217,155 586 149,A01,3,7,0,2,3,13,0,0.0
202300053217,155 586 153,B01,3,7,0,2,3,1,0,0.0
202300053218,155 586 147,A01,2,7,0,2,3,14,1,0.0
202300053218,155 586 151,B01,2,7,0,2,5,1,1,0.0
202300053219,155 586 146,A01,1,33,0,0,7,1,1,0.0
202300053220,155 586 140,B01,1,1,0,0,6,2,5,0.0
202300053220,155 586 143,A01,1,7,0,2,2,9,1,0.0
202300053221,155 586 137,B01,1,7,0,2,2,1,1,0.0
202300053221,155 586 148,A01,2,10,0,2,3,19,1,0.0
202300053222,155 586 139,A01,1,10,0,2,1,1,1,0.0
202300053222,155 586 145,B01,1,7,0,2,4,23,1,0.0
202300053222,155 586 152,C01,1,7,0,0,4,23,1,0.0
202300053223,155 586 138,A01,3,7,0,1,1,1,1,0.0
202300053224,155 586 133,E01,3,7,0,2,0,2,1,0.0
202300053224,155 586 141,B01,3,7,0,2,4,2,1,0.0
202300053224,155 586 144,C01,3,7,0,2,9,2,1,0.0
202300053224,155 586 150,F01,3,7,0,2,0,2,1,0.0
202300053224,155 586 156,D01,3,7,0,2,0,2,1,0.0
202300053225,155 586 134,B01,2,7,0,2,3,1,1,0.0
202300053225,155 586 142,A01,1,7,0,2,7,1,1,0.0
202300053226,155 586 132,A01,2,17,0,2,3,13,1,0.0
202300053226,155 586 135,B01,1,33,0,2,3,1,1,0.0
202300053227,155 586 130,A01,2,7,0,2,3,1,1,0.0
202300053227,155 586 136,B01,2,50,0,2,7,19,3,0.0
202300053228,155 586 129,A01,1,7,13,0,9,1,1,0.0
202300053229,155 586 125,A01,2,7,16,0,1,1,1,0.0
202300053230,155 586 127,A01,3,10,2,0,2,14,1,0.0
202300053231,155 586 123,A01,1,7,0,2,2,10,3,0.0
202300053231,155 586 131,B01,2,33,0,2,8,1,1,0.0
202300053232,155 586 118,B01,1,7,0,2,1,1,1,0.0
202300053232,155 586 126,A01,2,7,0,2,1,17,1,0.0
202300053233,155 586 117,A01,1,7,0,1,3,2,1,0.0
202300053234,155 586 116,A01,1,30,0,0,7,0,1,0.0
202300053235,155 586 120,B01,1,2,0,2,1,17,1,0.0
202300053235,155 586 124,A01,1,7,0,2,3,15,1,0.0
202300053236,155 586 119,A01,1,50,0,2,1,2,3,0.0
202300053236,155 586 122,B01,1,7,0,2,5,16,1,0.0
202300053237,155 586 110,A01,2,33,13,0,0,1,1,0.0
202300053238,155 586 107,A01,2,7,0,2,1,1,1,0.0
202300053238,155 586 113,B01,2,7,0,0,4,1,3,0.0
202300053239,155 586 108,A01,0,7,13,0,2,1,1,0.0
202300053240,155 586 105,A01,1,7,0,2,1,1,1,0.0
202300053240,155 586 112,B01,2,30,0,2,7,9,1,0.0
202300053241,155 586 106,D01,2,7,0,2,4,2,1,0.0
202300053241,155 586 115,C01,2,7,0,2,4,1,1,0.0
202300053241,155 586 121,B01,2,7,0,2,4,2,1,0.0
202300053241,155 586 128,A01,2,10,0,2,1,2,1,0.0
202300053242,155 586 103,B01,3,30,0,2,0,0,0,0.0
202300053242,155 586 111,A01,2,7,0,2,3,16,6,0.0
202300053243,155 586 101,A01,2,34,0,0,0,0,1,0.0
202300053244,155 586 104,A01,1,7,0,1,1,1,1,0.0
202300053245,155 586 099,A01,2,10,3,2,1,1,1,0.0
202300053245,155 586 102,B01,2,17,0,2,4,1,1,0.0
202300053246,155 586 098,A01,1,7,0,1,3,1,1,0.0
202300053247,155 586 095,A01,1,7,13,0,2,1,1,0.0
202300053248,155 586 096,A01,2,32,0,0,0,2,1,0.0
202300053249,155 586 094,A01,1,7,13,0,5,0,1,0.0
202300053250,155 586 092,B01,1,7,0,0,2,1,1,0.0
202300053250,155 586 100,C01,2,7,0,0,8,1,1,0.0
202300053250,155 586 109,A01,2,7,0,0,3,1,1,0.0
202300053251,155 586 093,A01,1,30,0,2,1,1,1,0.0
202300053251,155 586 097,B01,2,7,0,2,2,15,1,0.0
202300053252,155 586 086,A01,2,15,0,0,2,1,1,0.0
202300053252,155 586 090,B01,1,7,0,2,9,1,1,0.0
202300053253,155 586 087,B01,2,1,0,2,1,13,5,0.0
202300053253,155 586 091,A01,1,7,0,2,2,1,1,0.0
202300053254,155 586 085,A01,1,33,12,0,1,13,1,0.0
202300053255,155 586 084,B01,1,1,0,2,7,1,5,0.0
202300053255,155 586 088,A01,2,7,0,2,3,10,1,0.0
202300053256,155 586 081,B01,1,1,0,2,8,1,5,0.0
202300053256,155 586 082,A01,1,7,0,2,7,2,1,0.0
202300053257,155 586 078,A01,0,0,0,1,0,0,0,0.0
202300053258,155 586 076,C01,2,7,0,2,1,1,0,0.0
202300053258,155 586 080,B01,2,7,0,2,1,1,1,0.0
202300053258,155 586 083,A01,2,7,0,2,4,1,1,0.0
202300053259,155 586 071,A01,2,10,2,0,1,1,1,0.0
202300053260,155 586 070,A01,2,33,12,0,8,0,1,0.0
202300053261,155 586 072,A01,1,50,0,2,1,19,3,0.0
202300053261,155 586 079,B01,1,7,0,2,3,1,1,0.0
202300053262,155 586 073,A01,2,7,0,1,1,1,1,0.0
202300053263,155 586 069,A01,1,7,0,2,3,13,1,0.0
202300053263,155 586 077,B01,2,7,0,2,3,1,1,0.0
202300053264,155 586 068,A01,3,7,14,2,4,1,1,0.0
202300053264,155 586 075,B01,3,7,0,2,1,1,1,0.0
202300053265,155 586 066,A01,2,7,13,0,1,1,1,0.0
202300053266,155 586 065,A01,2,50,0,2,1,5,3,0.0
202300053266,155 586 067,B01,1,7,0,9,1,1,1,0.0
202300053267,155 586 057,A01,1,7,0,1,2,1,1,0.0
202300053268,155 586 059,A01,1,7,2,2,2,14,1,0.0
202300053269,155 586 055,B01,1,7,0,2,8,1,2,0.0
202300053269,155 586 064,A01,2,30,0,2,1,7,1,0.0
202300053270,155 586 054,C01,2,7,0,2,8,1,1,0.0
202300053270,155 586 060,Z01,2,7,0,2,1,1,0,0.0
202300053270,155 586 062,B01,2,7,0,2,5,1,1,0.0
202300053271,155 586 053,A01,0,33,0,0,9,13,1,0.0
202300053272,155 586 052,A01,2,15,0,2,3,1,1,0.0
202300053272,155 586 056,B01,1,15,0,0,0,1,1,0.0
202300053272,155 586 063,C01,1,7,0,2,1,0,1,0.0
202300053273,155 586 050,A01,2,7,13,0,1,1,1,0.0
202300053274,155 586 049,A01,1,33,0,0,0,1,1,0.0
202300053275,155 586 048,B01,2,7,3,2,3,1,1,0.0
202300053275,155 586 051,A01,1,7,0,2,1,15,1,0.0