num_acc,id_vehicule,num_veh,senc,catv,obs,obsm,choc,manv,motor,occutc
202300053276,155 586 046,A01,2,7,0,1,1,1,1,0.0
202300053277,155 586 039,A01,2,7,16,0,1,17,1,0.0
202300053278,155 586 042,A01,0,21,0,0,0,0,1,0.0
202300053279,155 586 038,A01,2,10,0,2,7,12,0,0.0
202300053279,155 586 044,B01,2,33,0,2,8,3,1,0.0
202300053280,155 586 040,A01,2,7,0,2,3,15,1,0.0
202300053280,155 586 045,B01,2,7,6,2,1,17,1,0.0
202300053281,155 586 036,A01,2,7,0,2,1,15,1,0.0
202300053281,155 586 047,B01,1,30,0,2,1,1,1,0.0
202300053282,155 586 035,A01,0,10,0,2,3,13,1,0.0
202300053282,155 586 043,B01,0,7,0,2,2,1,1,0.0
202300053283,155 586 029,A01,2,7,0,0,1,1,1,0.0
202300053284,155 586 037,B01,0,10,0,2,1,1,1,0.0
202300053284,155 586 041,A01,0,7,0,0,8,9,1,0.0
202300053285,155 586 027,A01,2,7,0,2,2,13,1,0.0
202300053285,155 586 031,B01,1,7,0,2,2,1,1,0.0
202300053286,155 586 028,B01,1,7,0,2,6,1,1,0.0
202300053286,155 586 030,A01,1,10,0,2,2,12,1,0.0
202300053287,155 586 033,A01,2,7,0,1,1,26,2,0.0
202300053288,155 586 024,A01,-1,7,13,0,8,2,1,0.0
202300053289,155 586 020,A01,2,7,0,2,1,1,1,0.0
202300053289,155 586 026,B01,3,7,0,2,3,19,1,0.0
202300053290,155 586 023,B01,2,7,0,2,1,17,1,0.0
202300053290,155 586 032,A01,2,7,0,2,6,15,1,0.0
202300053291,155 586 019,B01,1,7,0,2,3,1,1,0.0
202300053291,155 586 034,A01,2,7,0,2,1,26,1,0.0
202300053292,155 586 017,A01,2,7,0,2,2,15,1,0.0
202300053292,155 586 025,B01,1,31,0,2,1,16,1,0.0
202300053293,155 586 016,A01,2,33,17,0,1,1,1,0.0
202300053294,155 586 015,A01,1,31,0,2,1,0,1,0.0
202300053294,155 586 021,B01,1,32,0,2,1,0,1,0.0
202300053295,155 586 013,A01,2,34,0,2,1,1,1,0.0
202300053295,155 586 018,B01,1,7,0,2,1,17,1,0.0
202300053296,155 586 011,B01,2,10,0,2,4,2,1,0.0
202300053296,155 586 014,C01,2,7,0,2,4,2,4,0.0
202300053296,155 586 022,A01,1,10,0,2,3,1,1,0.0
202300053297,155 586 008,A01,2,7,9,1,2,14,1,0.0
202300053298,155 586 007,B01,1,7,3,0,6,2,1,0.0
202300053298,155 586 012,A01,1,7,0,2,3,2,1,0.0
202300053299,155 586 006,A01,3,7,13,0,2,1,1,0.0
202300053300,155 586 004,A01,2,7,0,2,1,16,1,0.0
202300053300,155 586 009,B01,2,30,0,2,2,21,1,0.0
202300053301,155 586 002,A01,0,7,0,1,1,19,1,0.0
202300053302,155 586 001,B01,1,21,0,2,3,19,1,0.0
202300053302,155 586 010,A01,1,33,0,2,1,1,1,0.0
202300053303,155 586 000,A01,3,7,6,0,1,1,1,0.0
202300053304,155 585 999,A01,1,7,0,2,3,0,1,0.0
202300053304,155 586 003,B01,2,33,0,2,3,3,1,0.0
202300053305,155 585 997,A01,1,7,13,0,3,1,1,0.0
202300053306,155 585 994,A01,1,33,0,0,1,26,1,0.0
202300053307,155 585 993,A01,1,7,4,0,1,0,1,0.0
202300053307,155 585 996,B01,1,7,0,2,1,2,1,0.0
202300053307,155 585 998,C01,1,7,0,2,1,1,1,0.0
202300053308,155 585 992,A01,1,7,0,1,2,15,1,0.0
202300053309,155 585 989,B01,1,7,0,2,2,17,1,0.0
202300053309,155 586 005,A01,1,7,0,2,3,13,1,0.0
202300053310,155 585 990,A01,3,7,1,0,0,1,1,0.0
202300053311,155 585 987,B01,1,7,0,2,4,1,0,0.0
202300053311,155 585 995,A01,1,7,0,2,1,1,0,0.0
202300053312,155 585 984,A01,2,33,13,0,1,14,1,0.0
202300053313,155 585 982,A01,1,7,7,0,7,0,1,0.0
202300053314,155 585 985,A01,0,7,0,0,0,15,1,0.0
202300053314,155 585 988,B01,0,1,0,0,0,1,5,0.0
202300053315,155 585 979,A01,2,2,0,2,1,13,1,0.0
202300053315,155 585 981,B01,1,7,0,2,3,1,1,0.0
202300053316,155 585 980,B01,3,2,0,2,1,19,1,0.0
202300053316,155 585 991,A01,3,7,0,2,2,26,1,0.0
202300053317,155 585 978,B01,1,17,0,2,5,1,1,0.0
202300053317,155 585 983,C01,1,17,0,2,1,1,1,0.0
202300053317,155 585 986,A01,1,10,0,2,1,2,1,0.0
202300053318,155 585 977,A01,3,7,6,0,8,26,1,0.0
202300053319,155 585 974,A01,1,33,0,0,8,1,0,0.0
202300053320,155 585 973,A01,1,7,2,0,1,1,1,0.0
202300053321,155 585 968,B01,3,10,0,2,1,1,1,0.0
202300053321,155 585 972,A01,3,7,0,2,2,16,1,0.0
202300053322,155 585 964,B01,1,15,0,2,8,1,1,0.0
202300053322,155 585 967,A01,2,7,0,9,3,1,1,0.0
202300053323,155 585 963,A01,2,7,6,0,1,2,0,0.0
202300053324,155 585 970,B01,1,17,0,2,2,1,1,0.0
202300053324,155 585 975,A01,1,7,0,2,8,4,1,0.0
202300053325,155 585 971,B01,1,7,0,2,1,1,3,0.0
202300053325,155 585 976,A01,2,10,0,2,3,13,1,0.0
202300053326,155 585 960,A01,1,33,0,0,8,1,1,0.0
202300053327,155 585 961,A01,3,7,0,2,8,15,1,0.0
202300053327,155 585 966,B01,3,7,0,2,3,1,1,0.0
202300053328,155 585 959,B01,1,7,7,2,8,0,1,0.0
202300053328,155 585 969,A01,1,7,7,2,1,0,1,0.0
202300053329,155 585 955,A01,2,7,0,0,0,24,1,0.0
202300053330,155 585 951,A01,2,7,0,0,0,1,1,0.0
202300053330,155 585 962,B01,2,33,0,0,2,1,1,0.0
202300053331,155 585 949,B01,2,10,0,2,3,1,1,0.0
202300053331,155 585 954,A01,1,7,0,2,3,13,1,0.0
202300053332,155 585 952,A01,2,3,0,2,2,17,1,0.0
202300053332,155 585 957,B01,2,1,0,0,3,1,5,0.0
202300053333,155 585 947,A01,2,7,6,2,5,9,1,0.0
202300053333,155 585 958,B01,2,10,0,2,3,23,1,0.0
202300053333,155 585 965,C01,2,7,1,2,1,1,1,0.0
202300053334,155 585 943,A01,1,33,13,0,1,1,1,0.0
202300053335,155 585 944,A01,1,2,0,2,0,18,1,0.0
202300053335,155 585 953,B01,1,7,0,2,2,1,1,0.0
202300053336,155 585 942,B01,2,1,0,2,8,13,5,0.0
202300053336,155 585 948,A01,1,31,0,2,8,26,1,0.0
202300053337,155 585 941,A01,1,7,1,0,1,1,1,0.0
202300053338,155 585 940,B01,1,33,0,0,0,15,1,0.0
202300053338,155 585 945,A01,2,33,0,0,0,17,1,0.0
202300053339,155 585 938,A01,2,33,8,0,0,1,0,0.0
202300053340,155 585 937,B01,2,7,0,2,1,1,1,0.0
202300053340,155 585 939,A01,1,7,0,2,1,13,1,0.0
202300053341,155 585 933,B01,2,33,0,2,1,1,1,0.0
202300053341,155 585 936,A01,2,7,0,2,8,10,1,0.0
202300053342,155 585 927,A01,1,33,0,0,4,1,1,0.0
202300053342,155 585 934,B01,1,7,0,2,2,12,1,0.0
202300053343,155 585 926,A01,3,7,6,0,3,13,1,0.0
202300053344,155 585 925,A01,3,10,0,2,1,24,0,0.0
202300053344,155 585 931,B01,0,50,0,0,0,0,3,0.0
202300053345,155 585 923,A01,2,7,0,2,3,15,1,0.0
202300053345,155 585 932,B01,1,33,0,2,1,1,1,0.0
202300053346,155 585 920,A01,1,7,0,2,1,2,1,0.0
202300053346,155 585 929,B01,1,14,0,0,4,2,1,0.0
202300053347,155 585 917,A01,1,7,0,2,2,12,1,0.0
202300053347,155 585 924,B01,1,2,0,2,8,1,1,0.0
202300053348,155 585 915,A01,1,7,0,2,3,13,1,0.0
202300053348,155 585 921,B01,2,7,0,2,3,1,1,0.0
202300053349,155 585 914,A01,3,7,0,1,1,1,1,0.0
202300053350,155 585 912,B01,2,7,1,2,5,1,1,0.0
202300053350,155 585 918,C01,2,34,0,2,1,1,1,0.0
202300053350,155 585 922,D01,2,7,0,2,7,1,1,0.0
202300053350,155 585 930,A01,2,15,0,2,3,1,1,0.0
202300053351,155 585 910,B01,1,17,0,2,3,1,1,0.0
202300053351,155 585 913,C01,2,7,14,0,1,1,1,0.0
202300053351,155 585 916,A01,2,7,0,2,3,13,1,0.0
202300053352,155 585 906,A01,2,7,2,0,1,11,1,0.0
202300053353,155 585 908,A01,1,7,13,0,2,16,1,0.0
202300053354,155 585 905,A01,1,7,0,2,2,9,1,0.0
202300053354,155 585 911,B01,1,1,0,2,4,0,5,0.0
202300053355,155 585 907,A01,1,7,3,0,2,1,1,0.0
202300053356,155 585 900,A01,2,7,0,2,1,1,1,0.0
202300053356,155 585 903,B01,2,2,0,2,4,1,1,0.0
202300053357,155 585 902,A01,2,15,0,1,1,1,1,0.0
202300053358,155 585 895,A01,2,32,4,0,8,2,1,0.0
202300053359,155 585 896,D01,2,38,0,0,3,1,0,1.0
202300053359,155 585 901,C01,2,7,0,0,4,1,0,0.0
202300053359,155 585 904,B01,2,17,0,0,6,9,0,0.0
202300053359,155 585 909,A01,2,7,0,2,5,12,0,0.0
202300053360,155 585 893,A01,1,10,0,1,3,1,1,0.0
202300053361,155 585 890,B01,3,1,0,2,1,19,5,0.0
202300053361,155 585 898,A01,3,7,0,1,3,19,1,0.0
202300053362,155 585 886,A01,2,10,0,2,1,1,1,0.0
202300053362,155 585 897,B01,2,10,0,2,2,1,1,0.0
202300053363,155 585 889,A01,2,7,0,2,3,15,1,0.0
202300053363,155 585 894,B01,2,2,0,2,2,17,1,0.0
202300053364,155 585 887,A01,1,10,3,0,1,26,1,0.0
202300053365,155 585 884,A01,1,7,12,0,3,1,1,0.0
202300053366,155 585 885,A01,1,7,0,2,4,2,1,0.0
202300053366,155 585 891,B01,1,7,0,2,3,2,1,0.0
202300053366,155 585 899,C01,1,7,0,2,4,1,1,0.0
202300053367,155 585 879,A01,2,14,3,0,2,0,1,0.0
202300053368,155 585 882,A01,2,10,0,1,1,15,1,0.0
202300053369,155 585 876,B01,1,7,0,2,4,1,1,0.0
202300053369,155 585 881,C01,1,10,0,2,4,2,1,0.0
202300053369,155 585 883,D01,1,10,0,2,5,2,1,0.0
202300053369,155 585 888,E01,1,7,0,0,4,2,1,0.0
202300053369,155 585 892,A01,1,15,0,2,1,2,1,0.0
202300053370,155 585 869,B01,3,33,0,2,1,1,1,0.0
202300053370,155 585 875,A01,3,7,0,2,3,11,1,0.0
202300053371,155 585 871,A01,2,7,4,0,3,1,1,0.0
202300053372,155 585 870,A01,2,33,0,2,1,2,1,0.0
202300053372,155 585 877,B01,2,7,0,0,4,2,1,0.0
202300053373,155 585 868,A01,1,7,0,2,8,19,1,0.0
202300053373,155 585 874,B01,1,7,0,2,1,1,1,0.0
202300053374,155 585 873,B01,3,1,0,0,0,19,5,0.0
202300053374,155 585 878,A01,3,7,0,2,2,1,1,0.0
202300053375,155 585 867,B01,1,33,0,2,4,1,1,0.0
202300053375,155 585 872,A01,1,7,0,2,1,11,1,0.0
202300053376,155 585 865,A01,1,7,12,0,0,17,1,0.0
202300053377,155 585 863,A01,1,7,4,0,1,0,1,0.0
202300053378,155 585 866,A01,3,10,1,0,1,1,1,0.0
202300053379,155 585 861,A01,3,7,16,0,1,1,1,0.0
202300053380,155 585 858,A01,2,30,11,0,3,13,1,0.0
202300053381,155 585 853,A01,1,7,3,0,8,1,1,0.0
202300053381,155 585 857,B01,1,17,0,2,2,12,1,0.0
202300053382,155 585 851,B01,1,10,0,2,5,2,1,0.0
202300053382,155 585 856,A01,1,33,0,2,3,1,1,0.0
202300053383,155 585 855,B01,1,7,0,2,3,11,1,0.0
202300053383,155 585 859,A01,1,33,0,2,1,26,1,0.0
202300053384,155 585 850,A01,0,35,6,0,0,0,0,0.0
202300053385,155 585 848,A01,2,7,3,0,1,13,1,0.0
202300053386,155 585 847,A01,2,21,0,2,2,15,1,0.0
202300053386,155 585 852,B01,1,7,6,2,1,1,1,0.0
202300053387,155 585 843,A01,2,7,13,2,3,1,1,0.0
202300053387,155 585 849,B01,2,10,0,2,2,19,1,0.0
202300053388,155 585 842,A01,2,10,15,0,1,14,1,0.0
202300053389,155 585 837,A01,1,7,3,0,1,1,1,0.0
202300053390,155 585 839,A01,0,2,0,2,1,9,0,0.0
202300053390,155 585 844,B01,0,7,0,2,1,1,0,0.0
202300053391,155 585 835,A01,1,7,0,0,0,1,1,0.0
202300053392,155 585 838,A01,3,7,0,2,1,2,1,0.0
202300053392,155 585 846,B01,3,7,0,2,4,2,1,0.0
202300053393,155 585 833,A01,2,10,0,1,3,17,1,0.0
202300053394,155 585 828,A01,1,10,0,2,8,13,1,0.0
202300053394,155 585 834,C01,1,7,0,2,8,1,1,0.0
202300053394,155 585 840,B01,1,7,0,2,7,1,1,0.0
202300053395,155 585 827,A01,1,7,0,2,3,15,0,0.0
202300053395,155 585 832,B01,1,33,0,2,2,17,1,0.0
202300053396,155 585 824,A01,1,7,2,0,1,14,1,0.0
202300053397,155 585 826,A01,1,7,4,0,3,1,1,0.0
202300053397,155 585 831,E01,1,13,0,0,4,1,1,0.0
202300053397,155 585 836,F01,1,7,1,0,1,2,1,0.0
202300053397,155 585 841,B01,1,10,0,2,1,1,1,0.0
202300053397,155 585 845,C01,1,7,0,2,3,1,1,0.0
202300053397,155 585 854,D01,1,7,0,0,4,0,1,0.0
202300053398,155 585 821,A01,2,7,5,0,1,1,1,0.0
202300053399,155 585 820,A01,1,7,0,2,3,5,1,0.0
202300053399,155 585 830,B01,2,7,0,2,3,1,1,0.0
202300053400,155 585 817,A01,1,7,2,0,7,13,1,0.0
202300053401,155 585 819,A01,2,7,0,2,1,11,1,0.0
202300053401,155 585 823,B01,2,7,0,2,0,0,1,0.0
202300053401,155 585 829,C01,2,10,0,0,0,0,1,0.0
202300053402,155 585 818,B01,3,7,0,2,3,1,1,0.0
202300053402,155 585 825,A01,3,7,0,2,1,13,1,0.0
202300053403,155 585 816,A01,1,7,0,1,2,1,1,0.0
202300053404,155 585 815,A01,1,30,0,2,1,2,1,0.0
202300053404,155 585 822,B01,1,7,0,2,4,23,1,0.0
202300053405,155 585 813,A01,1,7,0,5,2,1,1,0.0
202300053406,155 585 811,A01,2,33,11,0,1,13,1,0.0
202300053407,155 585 810,A01,1,3,0,2,3,13,1,0.0
202300053407,155 585 814,B01,2,10,0,2,3,1,1,0.0
202300053408,155 585 809,B01,0,7,0,2,3,0,1,0.0
202300053408,155 585 812,A01,0,7,0,2,1,0,1,0.0
202300053409,155 585 808,A01,3,7,0,1,3,1,1,0.0
202300053410,155 585 807,A01,2,30,12,0,2,14,1,0.0
202300053411,155 585 801,A01,1,33,0,0,7,1,1,0.0
202300053412,155 585 802,A01,2,33,3,0,8,26,1,0.0
202300053413,155 585 799,A01,2,7,0,2,3,1,2,0.0
202300053413,155 585 805,B01,1,7,0,2,3,1,1,0.0
202300053414,155 585 798,A01,1,7,0,2,8,15,1,0.0
202300053414,155 585 804,B01,1,33,0,2,1,17,1,0.0
202300053415,155 585 797,A01,2,33,13,0,7,1,1,0.0
202300053416,155 585 796,A01,2,7,0,2,8,20,1,0.0
202300053416,155 585 800,B01,2,33,0,2,7,17,1,0.0
202300053417,155 585 795,A01,1,7,0,0,0,11,1,0.0
202300053418,155 585 791,A01,1,7,8,0,1,1,1,0.0
202300053419,155 585 794,A01,1,10,0,1,1,15,1,0.0
202300053420,155 585 789,A01,1,36,2,0,1,1,1,0.0
202300053421,155 585 790,A01,2,1,0,2,1,1,5,0.0
202300053421,155 585 793,Z01,1,1,0,2,1,1,5,0.0
202300053422,155 585 785,B01,1,7,0,2,4,2,1,0.0
202300053422,155 585 792,A01,1,7,0,2,1,1,1,0.0
202300053423,155 585 786,A01,1,7,0,0,9,1,1,0.0
202300053424,155 585 782,A01,2,7,0,2,2,5,1,0.0
202300053424,155 585 787,B01,1,10,0,2,7,13,1,0.0
202300053425,155 585 779,B01,2,13,0,2,8,1,1,0.0
202300053425,155 585 783,C01,2,7,0,2,5,1,1,0.0
202300053425,155 585 788,A01,2,7,0,2,7,17,1,0.0
202300053426,155 585 778,A01,1,10,1,0,2,14,1,0.0
202300053427,155 585 780,A01,1,21,0,2,6,15,1,0.0
202300053427,155 585 784,B01,1,33,0,2,7,17,1,0.0
202300053428,155 585 777,A01,2,7,0,2,7,15,1,0.0
202300053428,155 585 781,B01,1,33,0,2,1,1,1,0.0
202300053429,155 585 775,A01,0,32,0,0,7,26,1,0.0
202300053430,155 585 773,A01,2,7,4,0,3,1,1,0.0
202300053431,155 585 776,A01,1,7,0,1,1,1,1,0.0
202300053432,155 585 767,A01,1,7,0,0,3,1,1,0.0
202300053433,155 585 765,A01,1,21,0,2,6,9,1,0.0
202300053433,155 585 770,B01,1,10,0,2,2,2,1,0.0
202300053434,155 585 768,A01,2,2,0,2,9,21,1,0.0
202300053434,155 585 771,B01,1,7,0,2,1,1,1,0.0
202300053434,155 585 774,C01,2,7,0,2,6,1,1,0.0
202300053435,155 585 766,A01,1,7,13,0,1,14,1,0.0
202300053436,155 585 761,A01,2,7,3,0,1,0,1,0.0
202300053437,155 585 763,B01,1,7,0,2,4,2,1,0.0
202300053437,155 585 769,A01,1,7,0,2,1,1,1,0.0
202300053437,155 585 772,C01,1,10,0,2,4,2,1,0.0
202300053438,155 585 759,A01,3,37,0,0,7,1,1,1.0
202300053438,155 585 762,B01,0,7,0,2,1,1,1,0.0
202300053439,155 585 758,A01,2,7,8,9,3,5,1,0.0
202300053439,155 585 764,B01,2,7,6,0,4,15,0,0.0
202300053440,155 585 752,A01,2,37,0,1,2,21,1,1.0
202300053441,155 585 750,A01,1,10,8,0,1,1,1,0.0
202300053442,155 585 749,A01,1,7,0,1,1,16,1,0.0
202300053443,155 585 748,A01,1,7,0,6,1,1,1,0.0
202300053443,155 585 755,B01,1,37,0,6,1,1,1,1.0
202300053444,155 585 742,A01,2,2,0,2,8,18,1,0.0
202300053444,155 585 745,B01,2,7,0,2,7,16,1,0.0
202300053445,155 585 740,D01,1,7,0,2,4,1,1,0.0
202300053445,155 585 747,E01,1,7,0,2,7,1,1,0.0
202300053445,155 585 753,A01,1,7,0,2,1,2,1,0.0
202300053445,155 585 757,B01,1,10,0,2,7,1,1,0.0
202300053445,155 585 760,C01,1,31,0,2,5,1,1,0.0
202300053446,155 585 737,A01,2,7,0,2,1,1,1,0.0
202300053446,155 585 754,B01,2,15,0,2,4,1,1,0.0
202300053447,155 585 743,A01,3,7,0,9,5,17,0,0.0
202300053447,155 585 751,B01,3,1,0,2,2,1,5,0.0
202300053448,155 585 738,B01,2,7,0,2,1,26,1,0.0
202300053448,155 585 744,A01,2,7,0,2,4,26,1,0.0
202300053449,155 585 732,A01,1,7,0,1,7,1,0,0.0
202300053450,155 585 733,A01,3,7,0,1,2,26,1,0.0
202300053451,155 585 731,A01,2,7,0,2,2,5,1,0.0
202300053451,155 585 736,B01,2,10,0,2,2,2,1,0.0
202300053451,155 585 739,C01,2,7,0,9,3,1,1,0.0
202300053452,155 585 730,A01,3,7,0,1,4,4,0,0.0
202300053453,155 585 729,A01,1,7,0,2,5,12,1,0.0
202300053453,155 585 735,B01,1,33,0,2,1,3,1,0.0
202300053454,155 585 728,A01,2,7,0,2,2,13,1,0.0
202300053454,155 585 734,B01,2,7,0,2,6,1,1,0.0
202300053454,155 585 741,C01,1,7,13,2,1,1,1,0.0
202300053454,155 585 746,D01,1,7,0,2,2,1,1,0.0
202300053454,155 585 756,E01,2,7,0,9,8,1,1,0.0
202300053455,155 585 723,A01,1,7,9,0,9,1,1,0.0
202300053456,155 585 720,B01,1,7,0,2,2,1,1,0.0
202300053456,155 585 724,C01,1,7,0,2,1,1,1,0.0
202300053456,155 585 727,A01,1,7,0,2,6,13,1,0.0
202300053457,155 585 719,A01,1,7,0,2,1,15,1,0.0
202300053457,155 585 726,B01,2,10,0,2,1,1,1,0.0
202300053458,155 585 717,A01,2,33,2,0,1,1,1,0.0
202300053459,155 585 715,A01,1,10,0,1,1,1,1,0.0
202300053460,155 585 713,A01,1,7,15,0,2,1,0,0.0
202300053461,155 585 710,B01,2,7,0,2,5,1,1,0.0
202300053461,155 585 718,A01,2,2,0,2,1,9,1,0.0
202300053462,155 585 711,B01,1,7,0,2,6,11,1,0.0
202300053462,155 585 716,C01,1,7,0,2,3,1,1,0.0
202300053462,155 585 721,A01,1,33,0,2,8,3,1,0.0
202300053463,155 585 706,A01,1,33,0,2,3,21,1,0.0
202300053463,155 585 709,B01,1,10,0,2,5,1,1,0.0
202300053464,155 585 705,C01,1,7,0,2,4,1,2,0.0
202300053464,155 585 714,B01,1,7,0,2,4,1,1,0.0
202300053464,155 585 722,A01,1,7,0,2,1,1,1,0.0
202300053465,155 585 703,A01,2,7,14,0,1,13,4,0.0
202300053466,155 585 699,A01,2,33,0,6,1,2,1,0.0
202300053467,155 585 701,A01,1,7,0,1,3,1,6,0.0
202300053468,155 585 697,A01,2,7,0,2,3,1,1,0.0
202300053468,155 585 704,B01,1,7,0,2,6,1,1,0.0
202300053469,155 585 693,A01,3,10,0,2,1,0,0,0.0
202300053469,155 585 700,B01,3,2,0,2,7,0,1,0.0
202300053470,155 585 690,A01,1,7,0,2,1,1,1,0.0
202300053470,155 585 695,B01,1,7,0,2,4,1,1,0.0
202300053471,155 585 691,A01,2,7,2,0,1,1,6,0.0
202300053472,155 585 689,A01,1,7,0,2,2,12,0,0.0
202300053472,155 585 694,B01,1,7,0,2,3,1,0,0.0
202300053473,155 585 688,B01,1,7,0,2,2,1,1,0.0
202300053473,155 585 698,C01,1,7,0,2,2,1,1,0.0
202300053473,155 585 702,D01,1,37,0,2,6,1,1,1.0
202300053473,155 585 707,A01,2,7,0,2,8,11,1,0.0
202300053474,155 585 687,A01,1,50,0,2,7,17,1,0.0
202300053474,155 585 692,B01,1,7,0,9,8,2,1,0.0
202300053475,155 585 684,A01,3,7,7,1,4,4,1,0.0
202300053476,155 585 683,A01,1,7,13,0,9,1,1,0.0
202300053477,155 585 675,A01,3,7,0,2,8,9,1,0.0
202300053477,155 585 681,B01,3,2,0,2,1,1,1,0.0
202300053478,155 585 673,B01,1,7,0,2,4,1,1,0.0
202300053478,155 585 678,A01,1,10,0,2,1,1,1,0.0
202300053479,155 585 674,B01,2,7,0,2,1,1,1,0.0
202300053479,155 585 682,A01,1,7,15,2,2,15,1,0.0
202300053480,155 585 672,A01,2,10,0,2,1,1,1,0.0
202300053480,155 585 679,B01,2,7,0,2,4,1,1,0.0
202300053480,155 585 685,C01,2,17,0,2,4,1,1,0.0
202300053481,155 585 667,A01,1,7,0,2,1,13,1,0.0
202300053481,155 585 676,B01,2,7,0,2,1,1,1,0.0
202300053482,155 585 671,A01,1,7,0,1,3,15,1,0.0
202300053483,155 585 670,B01,1,7,0,2,2,24,1,0.0
202300053483,155 585 680,A01,2,7,1,0,2,14,1,0.0
202300053484,155 585 666,D01,1,7,0,2,4,2,1,0.0
202300053484,155 585 677,A01,1,7,0,2,1,2,1,0.0
202300053484,155 585 686,C01,1,7,0,2,4,2,1,0.0
202300053484,155 585 696,B01,1,7,0,2,4,2,1,0.0
202300053485,155 585 665,A01,2,7,0,2,1,2,1,0.0
202300053485,155 585 669,B01,2,10,0,0,4,23,1,0.0
202300053486,155 585 662,A01,2,7,0,2,3,26,1,0.0
202300053486,155 585 668,B01,1,7,0,2,3,0,2,0.0
202300053487,155 585 661,A01,1,1,0,0,0,1,5,0.0
202300053488,155 585 658,B01,3,7,0,2,4,1,1,0.0
202300053488,155 585 663,A01,3,33,0,2,1,14,1,0.0
202300053489,155 585 655,B01,2,1,0,2,1,1,5,0.0
202300053489,155 585 660,A01,1,7,0,2,3,15,1,0.0
202300053490,155 585 653,A01,1,1,0,2,1,19,5,0.0
202300053490,155 585 659,B01,2,2,0,2,5,1,1,0.0
202300053491,155 585 654,B01,3,50,0,2,1,0,3,0.0
202300053491,155 585 664,A01,3,7,0,2,6,15,1,0.0
202300053492,155 585 648,A01,1,33,2,0,1,1,1,0.0
202300053493,155 585 650,B01,3,2,0,2,1,1,1,0.0
202300053493,155 585 657,A01,3,10,0,2,2,20,1,0.0
202300053494,155 585 644,A01,1,32,0,2,4,2,1,0.0
202300053495,155 585 646,B01,2,7,0,2,4,2,1,0.0
202300053495,155 585 651,C01,2,7,0,0,4,2,1,0.0
202300053495,155 585 656,A01,2,7,0,2,1,12,1,0.0
202300053496,155 585 643,A01,2,7,0,2,6,11,1,0.0
202300053496,155 585 649,B01,2,31,0,2,7,1,1,0.0
202300053497,155 585 642,B01,2,7,4,2,6,1,1,0.0
202300053497,155 585 647,A01,2,7,4,2,1,0,1,0.0
202300053497,155 585 652,C01,2,7,4,2,4,1,1,0.0
202300053498,155 585 640,A01,1,7,0,2,3,13,1,0.0
202300053498,155 585 645,B01,1,33,0,0,8,1,1,0.0
202300053499,155 585 638,A01,1,7,2,0,1,0,1,0.0
202300053500,155 585 636,A01,3,37,0,1,6,1,4,1.0
202300053501,155 585 632,A01,1,10,0,0,0,1,1,0.0
202300053502,155 585 633,A01,1,7,0,2,1,1,1,0.0
202300053502,155 585 639,B01,2,1,0,2,0,0,0,0.0
202300053503,155 585 637,B01,1,1,0,0,6,15,5,0.0
202300053503,155 585 641,A01,1,10,0,9,2,17,1,0.0
202300053504,155 585 623,B01,1,7,0,2,4,1,1,0.0
202300053504,155 585 628,D01,1,7,0,2,4,1,1,0.0
202300053504,155 585 629,A01,1,7,0,2,1,1,1,0.0
202300053504,155 585 635,C01,1,7,0,2,4,1,1,0.0
202300053505,155 585 620,B01,1,7,0,2,4,2,1,0.0
202300053505,155 585 631,A01,1,10,0,2,1,2,1,0.0
202300053506,155 585 622,A01,2,7,0,2,1,13,6,0.0
202300053506,155 585 626,B01,1,7,0,2,1,1,1,0.0
202300053507,155 585 624,B01,2,7,0,2,3,1,1,0.0
202300053507,155 585 634,A01,1,50,0,2,2,19,3,0.0
202300053508,155 585 619,A01,1,7,0,0,1,9,1,0.0
202300053509,155 585 618,A01,2,7,0,0,0,0,1,0.0
202300053510,155 585 621,A01,1,7,0,2,1,1,1,0.0
202300053510,155 585 627,B01,2,7,0,2,8,1,1,0.0
202300053511,155 585 616,A01,3,7,0,1,1,1,1,0.0
202300053512,155 585 614,A01,1,7,3,2,1,2,1,0.0
202300053513,155 585 610,A01,1,33,0,2,1,1,1,0.0
202300053513,155 585 612,B01,1,7,0,2,4,2,1,0.0
202300053514,155 585 615,X01,1,7,0,0,0,0,0,0.0
202300053514,155 585 625,B01,1,13,0,2,8,2,1,0.0
202300053514,155 585 630,A01,1,7,0,2,4,2,1,0.0
202300053515,155 585 611,B01,2,7,0,2,1,1,1,0.0
202300053515,155 585 617,A01,2,7,0,2,8,1,1,0.0
202300053516,155 585 604,A01,2,7,6,0,2,1,0,0.0
202300053517,155 585 605,A01,1,7,0,1,1,1,1,0.0
202300053518,155 585 602,A01,1,7,0,2,3,1,0,0.0
202300053518,155 585 607,B01,2,33,0,2,4,1,0,0.0
202300053519,155 585 599,A01,1,10,4,0,2,1,1,0.0
202300053520,155 585 598,A01,3,7,0,2,3,1,1,0.0
202300053520,155 585 603,B01,3,7,0,2,1,1,3,0.0
202300053520,155 585 608,C01,3,7,0,2,2,15,2,0.0
202300053521,155 585 606,A01,2,7,0,1,2,1,1,0.0
202300053522,155 585 597,A01,2,2,0,2,3,15,1,0.0
202300053522,155 585 600,B01,2,7,0,2,7,17,1,0.0
202300053523,155 585 593,A01,2,7,0,2,1,1,1,0.0
202300053523,155 585 596,B01,2,7,4,2,4,1,1,0.0