num_acc,id_vehicule,num_veh,senc,catv,obs,obsm,choc,manv,motor,occutc
202300053524,155 585 594,A01,2,21,13,0,7,14,1,0.0
202300053525,155 585 591,C01,2,7,0,2,4,1,1,0.0
202300053525,155 585 595,A01,2,7,0,2,1,1,1,0.0
202300053525,155 585 601,B01,2,7,0,2,4,0,1,0.0
202300053526,155 585 587,A01,2,7,0,2,0,15,1,0.0
202300053526,155 585 592,B01,1,30,0,2,1,1,1,0.0
202300053527,155 585 586,A01,2,7,0,9,4,1,1,0.0
202300053528,155 585 585,A01,1,7,2,0,2,1,1,0.0
202300053529,155 585 583,A01,1,30,0,2,1,17,0,0.0
202300053529,155 585 589,B01,1,7,0,2,8,15,1,0.0
202300053530,155 585 579,B01,1,7,0,2,5,1,2,0.0
202300053530,155 585 588,A01,1,31,0,2,3,3,1,0.0
202300053531,155 585 578,B01,2,33,0,2,8,1,1,0.0
202300053531,155 585 584,A01,2,33,0,2,2,15,1,0.0
202300053532,155 585 577,A01,2,2,0,2,1,17,1,0.0
202300053532,155 585 581,B01,1,7,0,2,1,1,1,0.0
202300053532,155 585 590,C01,2,7,0,2,1,1,1,0.0
202300053533,155 585 576,A01,1,7,0,2,7,1,1,0.0
202300053533,155 585 580,B01,1,1,0,2,8,1,5,0.0
202300053534,155 585 574,A01,3,1,12,0,0,0,5,0.0
202300053535,155 585 571,A01,2,7,0,2,1,2,1,0.0
202300053535,155 585 575,B01,2,7,0,2,4,2,1,0.0
202300053535,155 585 582,C01,2,7,0,2,4,2,1,0.0
202300053536,155 585 572,A01,1,7,4,2,1,16,1,0.0
202300053537,155 585 570,A01,1,7,6,0,1,6,1,0.0
202300053538,155 585 566,B01,2,7,0,2,1,1,1,0.0
202300053538,155 585 573,A01,1,7,0,2,1,1,1,0.0
202300053539,155 585 567,A01,3,10,0,1,0,15,-1,0.0
202300053540,155 585 563,A01,1,33,0,2,3,1,1,0.0
202300053540,155 585 568,B01,2,10,0,2,3,1,1,0.0
202300053541,155 585 562,A01,1,7,13,0,3,1,1,0.0
202300053542,155 585 564,A01,1,7,0,1,2,1,1,0.0
202300053543,155 585 560,A01,3,50,0,2,1,5,3,0.0
202300053543,155 585 569,B01,3,7,0,9,2,20,1,0.0
202300053544,155 585 559,A01,2,33,0,2,1,2,1,0.0
202300053544,155 585 561,B01,2,7,0,2,7,1,1,0.0
202300053545,155 585 557,A01,1,7,0,2,2,1,0,0.0
202300053545,155 585 565,B01,1,1,0,2,8,1,5,0.0
202300053546,155 585 556,A01,1,7,1,0,1,26,2,0.0
202300053547,155 585 555,A01,1,33,0,2,7,0,1,0.0
202300053547,155 585 558,B01,1,7,0,2,8,0,1,0.0
202300053548,155 585 551,A01,-1,7,0,1,2,1,3,0.0
202300053549,155 585 552,A01,1,10,0,1,7,1,1,0.0
202300053550,155 585 542,A01,1,10,0,2,1,0,1,0.0
202300053550,155 585 549,B01,1,7,0,2,6,1,1,0.0
202300053551,155 585 548,A01,3,7,0,1,0,15,1,0.0
202300053552,155 585 546,A01,2,7,0,2,3,1,1,0.0
202300053552,155 585 550,B01,1,7,0,2,3,13,1,0.0
202300053553,155 585 543,B01,1,2,0,2,0,0,0,0.0
202300053553,155 585 554,A01,1,7,0,2,1,2,0,0.0
202300053554,155 585 545,B01,1,2,0,2,1,1,1,0.0
202300053554,155 585 553,A01,2,10,0,2,2,15,1,0.0
202300053555,155 585 538,A01,2,7,16,0,3,1,1,0.0
202300053556,155 585 537,A01,2,7,4,0,7,26,1,0.0
202300053557,155 585 539,A01,1,7,0,2,3,15,3,0.0
202300053557,155 585 544,B01,1,50,0,2,2,17,3,0.0
202300053558,155 585 530,B01,2,33,0,2,1,1,1,0.0
202300053558,155 585 534,A01,2,10,0,2,8,11,1,0.0
202300053559,155 585 535,A01,1,7,6,0,1,15,1,0.0
202300053560,155 585 528,A01,1,7,0,1,1,2,1,0.0
202300053561,155 585 526,A01,2,7,0,2,3,5,1,0.0
202300053561,155 585 532,B01,1,7,0,2,1,1,1,0.0
202300053562,155 585 525,B01,2,7,0,2,4,2,1,0.0
202300053562,155 585 533,C01,2,7,0,2,4,2,1,0.0
202300053562,155 585 536,D01,2,7,0,2,1,2,1,0.0
202300053562,155 585 541,A01,2,7,0,2,4,2,1,0.0
202300053563,155 585 524,A01,1,7,0,2,1,1,1,0.0
202300053563,155 585 531,B01,2,7,0,2,3,1,1,0.0
202300053564,155 585 520,A01,2,7,0,2,2,1,1,0.0
202300053564,155 585 527,B01,0,10,0,2,3,9,1,0.0
202300053565,155 585 517,B01,1,7,0,2,1,17,1,0.0
202300053565,155 585 522,A01,1,10,0,2,1,1,1,0.0
202300053566,155 585 516,C01,1,7,0,2,1,1,1,0.0
202300053566,155 585 521,A01,2,7,0,2,1,13,1,0.0
202300053566,155 585 529,B01,1,15,0,2,0,1,1,0.0
202300053567,155 585 513,B01,1,33,0,0,7,2,1,0.0
202300053567,155 585 518,C01,1,7,0,2,2,2,0,0.0
202300053567,155 585 523,A01,1,1,0,2,8,2,5,0.0
202300053568,155 585 509,A01,1,7,0,1,1,1,1,0.0
202300053569,155 585 505,B01,1,7,0,2,4,2,1,0.0
202300053569,155 585 512,C01,1,7,0,2,1,2,1,0.0
202300053569,155 585 514,D01,1,7,0,2,1,2,2,0.0
202300053569,155 585 519,A01,1,7,0,2,4,2,2,0.0
202300053570,155 585 504,B01,2,1,0,2,8,2,0,0.0
202300053570,155 585 515,A01,1,7,0,2,1,19,1,0.0
202300053571,155 585 507,A01,3,7,0,1,4,20,0,0.0
202300053572,155 585 503,A01,2,2,0,2,1,13,1,0.0
202300053572,155 585 510,B01,1,7,0,2,3,1,1,0.0
202300053573,155 585 502,A01,1,7,0,0,1,13,1,0.0
202300053574,155 585 500,A01,2,7,13,0,9,1,1,0.0
202300053575,155 585 499,A01,1,1,0,0,0,0,5,0.0
202300053576,155 585 498,B01,2,37,0,2,1,1,2,3.0
202300053576,155 585 511,A01,3,7,0,2,7,9,1,0.0
202300053577,155 585 491,A01,2,7,0,2,1,13,1,0.0
202300053577,155 585 495,B01,1,7,0,2,1,1,1,0.0
202300053578,155 585 493,A01,1,33,8,0,1,14,1,0.0
202300053579,155 585 488,A01,0,1,0,2,1,13,5,0.0
202300053579,155 585 494,B01,0,7,0,9,3,1,1,0.0
202300053580,155 585 489,A01,1,32,12,2,7,15,0,0.0
202300053580,155 585 496,B01,2,7,0,2,3,15,1,0.0
202300053581,155 585 484,A01,3,34,15,0,0,0,1,0.0
202300053582,155 585 483,A01,1,7,0,1,3,1,1,0.0
202300053583,155 585 482,B01,2,7,0,2,1,15,0,0.0
202300053583,155 585 487,A01,1,7,0,2,3,1,0,0.0
202300053584,155 585 485,A01,2,1,0,2,1,2,5,0.0
202300053584,155 585 492,B01,2,1,0,2,4,2,5,0.0
202300053584,155 585 497,C01,2,7,0,2,4,2,2,0.0
202300053585,155 585 480,A01,1,14,12,0,8,0,1,0.0
202300053586,155 585 478,B01,1,33,0,2,1,17,1,0.0
202300053586,155 585 490,A01,1,7,0,2,3,9,1,0.0
202300053587,155 585 475,A01,1,7,0,2,5,9,1,0.0
202300053587,155 585 479,B01,1,99,0,2,1,1,5,0.0
202300053588,155 585 477,C01,2,10,0,0,4,2,0,0.0
202300053588,155 585 481,B01,2,7,0,2,4,2,1,0.0
202300053588,155 585 486,A01,2,10,0,2,1,1,1,0.0
202300053589,155 585 473,A01,3,7,0,2,1,1,1,0.0
202300053589,155 585 476,B01,3,7,0,2,4,1,1,0.0
202300053590,155 585 469,A01,1,7,0,1,2,1,1,0.0
202300053591,155 585 468,B01,1,7,0,2,2,1,1,0.0
202300053591,155 585 474,A01,1,7,0,2,6,9,1,0.0
202300053592,155 585 466,A01,1,32,0,0,0,0,1,0.0
202300053593,155 585 461,B01,3,1,0,2,7,1,5,0.0
202300053593,155 585 472,A01,3,7,0,2,0,16,2,0.0
202300053594,155 585 459,A01,2,7,0,2,1,2,1,0.0
202300053594,155 585 463,B01,2,7,0,2,4,2,1,0.0
202300053595,155 585 464,A01,1,31,0,0,9,16,1,0.0
202300053596,155 585 457,B01,1,7,0,2,1,2,1,0.0
202300053596,155 585 465,A01,1,7,0,2,4,2,1,0.0
202300053596,155 585 470,C01,1,7,0,2,1,2,1,0.0
202300053597,155 585 458,A01,1,7,0,2,2,19,1,0.0
202300053597,155 585 471,B01,1,10,0,2,3,0,1,0.0
202300053598,155 585 455,A01,2,30,0,0,1,1,3,0.0
202300053599,155 585 453,B01,1,7,0,2,1,9,1,0.0
202300053599,155 585 460,A01,1,7,0,2,3,9,1,0.0
202300053600,155 585 450,A01,1,33,0,0,3,1,1,0.0
202300053601,155 585 447,B01,2,7,0,2,6,2,1,0.0
202300053601,155 585 451,A01,2,33,0,2,6,17,1,0.0
202300053602,155 585 446,A01,1,7,0,2,1,5,1,0.0
202300053602,155 585 452,B01,2,7,0,2,1,1,1,0.0
202300053603,155 585 449,A01,2,10,0,2,4,1,1,0.0
202300053603,155 585 454,B01,2,33,0,2,1,1,1,0.0
202300053604,155 585 442,A01,1,7,2,2,0,0,1,0.0
202300053604,155 585 448,B01,1,7,0,2,0,0,1,0.0
202300053605,155 585 439,A01,1,7,0,2,4,12,1,0.0
202300053605,155 585 444,B01,1,33,0,2,1,1,1,0.0
202300053606,155 585 435,B01,1,33,0,2,8,9,1,0.0
202300053606,155 585 443,A01,1,7,0,2,6,9,1,0.0
202300053607,155 585 437,A01,1,30,0,1,1,1,1,0.0
202300053608,155 585 441,A01,1,7,0,2,1,26,1,0.0
202300053608,155 585 445,B01,1,1,0,2,8,16,5,0.0
202300053609,155 585 436,A01,1,10,0,1,3,10,0,0.0
202300053610,155 585 434,A01,1,7,0,2,1,15,1,0.0
202300053610,155 585 440,B01,1,7,0,2,2,17,1,0.0
202300053611,155 585 429,A01,1,7,0,2,3,9,1,0.0
202300053611,155 585 431,B01,1,2,0,2,1,1,0,0.0
202300053612,155 585 425,A01,2,7,0,2,1,2,1,0.0
202300053612,155 585 432,B01,2,7,0,2,4,2,1,0.0
202300053613,155 585 424,A01,2,7,2,0,2,26,1,0.0
202300053614,155 585 423,A01,2,7,4,0,3,1,1,0.0
202300053615,155 585 422,Z01,1,30,0,1,1,1,0,0.0
202300053616,155 585 421,A01,2,7,0,2,3,10,1,0.0
202300053616,155 585 427,B01,2,33,0,2,1,2,1,0.0
202300053617,155 585 418,A01,3,36,13,0,3,1,1,0.0
202300053618,155 585 417,C01,2,7,0,2,4,1,1,0.0
202300053618,155 585 420,B01,2,7,0,2,8,11,1,0.0
202300053618,155 585 428,A01,2,33,0,2,7,3,1,0.0
202300053619,155 585 413,A01,1,7,1,1,1,1,1,0.0
202300053620,155 585 415,A01,2,31,0,1,2,17,1,0.0
202300053621,155 585 414,A01,2,7,0,2,1,5,0,0.0
202300053621,155 585 419,B01,1,7,0,2,1,2,0,0.0
202300053621,155 585 430,C01,1,7,0,2,1,1,0,0.0
202300053622,155 585 411,A01,1,31,3,0,3,2,1,0.0
202300053623,155 585 409,A01,3,7,0,2,1,2,1,0.0
202300053623,155 585 416,B01,3,33,0,2,4,2,1,0.0
202300053624,155 585 407,A01,2,33,16,0,9,1,1,0.0
202300053625,155 585 406,A01,2,7,0,0,1,1,1,0.0
202300053625,155 585 410,B01,3,7,0,0,7,15,1,0.0
202300053626,155 585 405,B01,1,7,0,2,4,2,1,0.0
202300053626,155 585 412,A01,1,7,0,2,2,2,6,0.0
202300053627,155 585 403,B01,2,10,0,0,1,1,1,0.0
202300053627,155 585 408,A01,1,33,0,2,6,1,1,0.0
202300053628,155 585 398,A01,3,7,14,2,1,5,1,0.0
202300053628,155 585 402,B01,0,7,4,2,1,1,1,0.0
202300053629,155 585 396,B01,1,7,0,2,1,26,1,0.0
202300053629,155 585 401,A01,2,7,3,0,1,13,1,0.0
202300053630,155 585 397,B01,1,37,0,2,2,1,0,1.0
202300053630,155 585 400,A01,2,7,0,2,8,19,0,0.0
202300053631,155 585 392,A01,2,7,4,0,3,21,1,0.0
202300053632,155 585 394,A01,2,7,0,2,7,17,1,0.0
202300053632,155 585 399,B01,2,30,0,2,8,15,1,0.0
202300053633,155 585 395,B01,1,7,0,2,2,15,1,0.0
202300053633,155 585 404,A01,0,7,0,2,3,1,3,0.0
202300053634,155 585 389,A01,2,1,0,0,3,1,5,0.0
202300053635,155 585 387,B01,0,7,0,2,3,1,1,0.0
202300053635,155 585 393,A01,3,32,0,2,1,17,1,0.0
202300053636,155 585 383,A01,2,7,0,2,7,15,1,0.0
202300053636,155 585 391,B01,2,32,0,2,1,1,1,0.0
202300053637,155 585 386,A01,2,7,0,2,1,9,2,0.0
202300053637,155 585 390,B01,2,33,0,2,5,1,1,0.0
202300053638,155 585 382,A01,2,10,0,1,2,1,1,0.0
202300053639,155 585 380,A01,1,7,0,2,1,1,1,0.0
202300053639,155 585 388,B01,1,7,0,2,2,15,1,0.0
202300053640,155 585 378,A01,2,7,4,0,0,1,0,0.0
202300053641,155 585 376,A01,0,50,0,2,1,26,5,0.0
202300053641,155 585 381,B01,0,7,0,2,6,0,1,0.0
202300053642,155 585 375,A01,2,7,0,2,1,2,1,0.0
202300053642,155 585 377,B01,2,7,0,2,4,2,0,0.0
202300053642,155 585 384,C01,2,7,0,0,4,2,0,0.0
202300053643,155 585 374,A01,1,7,0,2,3,1,1,0.0
202300053643,155 585 385,Z01,1,15,0,2,5,17,0,0.0
202300053644,155 585 372,A01,3,7,2,0,1,1,1,0.0
202300053645,155 585 370,A01,1,7,0,1,5,1,1,0.0
202300053646,155 585 373,A01,1,7,0,2,7,1,1,0.0
202300053646,155 585 379,B01,1,7,0,2,3,15,1,0.0
202300053647,155 585 369,A01,1,7,0,0,9,1,1,0.0
202300053648,155 585 366,A01,1,7,15,0,2,14,1,0.0
202300053649,155 585 365,A01,3,10,0,1,3,1,1,0.0
202300053650,155 585 364,A01,1,7,0,2,1,5,1,0.0
202300053650,155 585 367,B01,2,7,0,2,8,1,1,0.0
202300053650,155 585 371,C01,2,7,0,2,1,1,2,0.0
202300053651,155 585 361,A01,2,7,0,2,1,2,1,0.0
202300053651,155 585 368,B01,1,7,0,2,3,2,1,0.0
202300053652,155 585 362,A01,1,7,4,0,0,1,1,0.0
202300053653,155 585 356,A01,1,15,0,2,2,12,1,0.0
202300053653,155 585 360,B01,1,7,0,2,6,1,1,0.0
202300053654,155 585 352,A01,1,7,3,0,1,16,1,0.0
202300053655,155 585 357,A01,1,7,16,2,3,13,1,0.0
202300053655,155 585 363,B01,2,7,0,2,8,1,1,0.0
202300053656,155 585 354,B01,1,7,0,2,4,1,1,0.0
202300053656,155 585 359,A01,1,2,0,2,1,1,1,0.0
202300053657,155 585 351,A01,1,7,0,2,3,13,1,0.0
202300053657,155 585 358,B01,3,7,0,2,3,1,1,0.0
202300053658,155 585 349,A01,2,33,0,2,1,17,1,0.0
202300053658,155 585 355,B01,2,7,0,2,8,10,1,0.0
202300053659,155 585 350,A01,3,7,0,2,1,15,1,0.0
202300053659,155 585 353,B01,3,7,0,2,1,1,1,0.0
202300053660,155 585 346,A01,1,1,0,0,0,1,5,0.0
202300053661,155 585 347,A01,2,7,0,0,0,15,1,0.0
202300053662,155 585 342,A01,1,7,0,2,2,16,2,0.0
202300053662,155 585 348,B01,1,50,0,2,8,1,3,0.0
202300053663,155 585 344,A01,1,7,8,0,2,1,1,0.0
202300053664,155 585 337,A01,1,7,0,2,4,1,1,0.0
202300053664,155 585 343,B01,1,10,0,2,2,1,1,0.0
202300053665,155 585 338,A01,3,7,0,2,3,1,1,0.0
202300053665,155 585 341,B01,1,50,0,2,2,25,3,0.0
202300053666,155 585 335,A01,3,7,12,0,9,14,1,0.0
202300053667,155 585 332,A01,1,7,0,2,2,1,0,0.0
202300053667,155 585 345,B01,2,10,0,2,1,1,1,0.0
202300053668,155 585 336,B01,1,7,0,2,3,15,1,0.0
202300053668,155 585 340,A01,1,33,0,2,1,2,1,0.0
202300053669,155 585 334,B01,2,40,0,2,2,1,3,0.0
202300053669,155 585 339,A01,1,7,0,4,8,10,1,0.0
202300053670,155 585 331,A01,1,7,13,0,0,26,1,0.0
202300053671,155 585 327,A01,1,33,0,2,1,1,1,0.0
202300053672,155 585 326,A01,2,80,0,2,1,1,3,0.0
202300053672,155 585 328,B01,2,7,0,2,3,1,1,0.0
202300053673,155 585 322,A01,1,7,0,2,4,2,1,0.0
202300053673,155 585 329,B01,1,10,0,2,1,2,1,0.0
202300053674,155 585 323,A01,2,7,0,2,4,4,1,0.0
202300053674,155 585 333,B01,2,33,0,2,1,1,1,0.0
202300053675,155 585 319,A01,1,7,0,2,1,1,2,0.0
202300053675,155 585 325,B01,1,10,0,2,4,23,1,0.0
202300053675,155 585 330,C01,1,7,0,2,4,23,1,0.0
202300053676,155 585 324,A01,1,7,2,0,1,1,0,0.0
202300053677,155 585 315,A01,1,10,0,2,1,2,1,0.0
202300053677,155 585 320,B01,1,7,0,2,4,23,1,0.0
202300053678,155 585 316,B01,1,7,0,2,4,1,1,0.0
202300053678,155 585 321,A01,1,7,0,2,1,2,1,0.0
202300053679,155 585 313,A01,1,7,0,2,1,21,1,0.0
202300053679,155 585 317,B01,3,1,0,2,0,25,5,0.0
202300053680,155 585 312,B01,3,33,0,2,7,0,0,0.0
202300053680,155 585 318,A01,3,7,0,2,8,2,0,0.0
202300053681,155 585 309,A01,1,7,0,2,8,11,1,0.0
202300053681,155 585 314,B01,1,33,0,2,2,3,1,0.0
202300053682,155 585 307,A01,2,7,13,0,9,13,1,0.0
202300053683,155 585 306,B01,1,7,0,2,2,1,1,0.0
202300053683,155 585 311,A01,3,10,1,2,8,9,1,0.0
202300053684,155 585 305,B01,2,33,0,2,8,1,1,0.0
202300053684,155 585 308,A01,1,7,0,2,8,13,1,0.0
202300053685,155 585 304,A01,3,7,8,0,1,14,1,0.0
202300053686,155 585 303,A01,0,50,0,2,0,5,3,0.0
202300053686,155 585 310,B01,2,7,0,2,2,1,1,0.0
202300053687,155 585 302,A01,1,7,0,1,3,1,1,0.0
202300053688,155 585 295,A01,2,7,17,0,1,13,1,0.0
202300053689,155 585 294,A01,1,7,0,2,2,13,1,0.0
202300053689,155 585 301,B01,1,7,0,2,1,1,1,0.0
202300053690,155 585 293,A01,0,7,0,2,1,9,-1,0.0
202300053690,155 585 300,B01,0,2,0,2,1,1,-1,0.0
202300053691,155 585 291,Z01,3,7,0,2,1,1,1,0.0
202300053691,155 585 298,B01,3,1,0,2,8,26,5,0.0
202300053692,155 585 299,A01,3,7,0,1,1,16,2,0.0
202300053693,155 585 292,A01,1,7,0,2,1,9,1,0.0
202300053693,155 585 296,B01,1,32,0,2,4,1,1,0.0
202300053694,155 585 290,B01,2,7,0,2,5,12,1,0.0
202300053694,155 585 297,A01,2,32,0,2,3,3,1,0.0
202300053695,155 585 286,A01,2,7,8,0,8,1,1,0.0
202300053696,155 585 283,B01,1,80,0,2,1,19,3,0.0
202300053696,155 585 288,A01,1,7,0,2,3,9,1,0.0
202300053697,155 585 279,A01,3,80,0,1,5,0,3,0.0
202300053698,155 585 280,B01,3,7,0,2,1,1,0,0.0
202300053698,155 585 289,A01,3,7,0,2,6,1,0,0.0
202300053699,155 585 277,B01,2,2,0,2,8,1,1,0.0
202300053699,155 585 285,A01,2,10,0,2,7,16,1,0.0
202300053700,155 585 278,A01,1,7,0,1,2,16,1,0.0
202300053701,155 585 275,A01,1,50,0,2,5,14,3,0.0
202300053701,155 585 281,Z01,2,7,0,2,3,1,0,0.0
202300053702,155 585 274,B01,1,1,0,2,8,1,5,0.0
202300053702,155 585 282,A01,1,7,0,9,1,26,2,0.0
202300053703,155 585 273,A01,2,33,0,0,2,0,1,0.0
202300053704,155 585 271,A01,1,33,0,2,1,2,1,0.0
202300053704,155 585 276,B01,1,7,0,2,4,2,1,0.0
202300053705,155 585 267,A01,0,7,0,0,0,26,1,0.0
202300053706,155 585 264,A01,1,32,0,2,0,1,1,0.0
202300053706,155 585 272,Z01,1,7,0,2,0,9,0,0.0
202300053707,155 585 263,A01,2,7,0,2,1,1,1,0.0
202300053707,155 585 269,B01,1,2,0,2,1,1,1,0.0
202300053708,155 585 262,A01,2,50,0,2,1,19,3,0.0
202300053708,155 585 270,B01,1,7,0,2,1,1,1,0.0
202300053709,155 585 260,A01,1,7,13,0,1,13,1,0.0
202300053710,155 585 257,A01,2,7,2,0,1,13,1,0.0
202300053711,155 585 258,A01,3,7,0,2,2,9,1,0.0
202300053711,155 585 268,B01,1,7,14,0,8,0,1,0.0
202300053712,155 585 261,A01,1,10,0,2,5,1,1,0.0
202300053712,155 585 265,B01,1,33,0,2,5,16,1,0.0
202300053713,155 585 256,A01,1,10,0,2,3,13,1,0.0
202300053713,155 585 259,B01,2,7,0,2,3,17,1,0.0
202300053713,155 585 266,C01,2,7,0,2,1,1,1,0.0
202300053714,155 585 254,A01,1,30,1,0,2,1,1,0.0
202300053715,155 585 252,A01,2,7,0,1,1,1,1,0.0
202300053716,155 585 250,A01,2,33,0,2,1,2,1,0.0
202300053716,155 585 253,B01,2,33,0,2,4,15,1,0.0
202300053717,155 585 245,A01,0,7,0,1,2,16,1,0.0
202300053718,155 585 244,B01,3,7,0,2,2,1,1,0.0
202300053718,155 585 251,A01,3,1,0,2,1,19,5,0.0
202300053719,155 585 243,B01,1,7,0,0,1,1,1,0.0
202300053719,155 585 249,A01,1,7,0,2,1,5,2,0.0
202300053720,155 585 248,A01,0,7,0,1,2,1,1,0.0
202300053721,155 585 241,A01,3,1,0,1,3,7,5,0.0
202300053722,155 585 239,A01,1,7,15,0,7,0,1,0.0
202300053723,155 585 238,A01,0,7,0,1,1,1,1,0.0
202300053724,155 585 234,A01,2,7,2,0,1,19,1,0.0
202300053725,155 585 235,B01,2,7,0,2,2,1,1,0.0
202300053725,155 585 240,A01,1,7,0,2,3,9,1,0.0
202300053726,155 585 233,A01,1,7,0,2,1,15,1,0.0
202300053726,155 585 237,B01,3,1,0,0,0,0,5,0.0
202300053727,155 585 227,Z01,3,7,0,2,1,1,0,0.0
202300053727,155 585 231,A01,3,50,0,2,1,19,3,0.0
202300053728,155 585 228,A01,2,7,0,2,6,1,1,0.0
202300053728,155 585 232,B01,1,33,0,2,3,13,1,0.0
202300053729,155 585 226,A01,2,14,1,2,1,1,1,0.0
202300053729,155 585 230,B01,2,14,0,2,6,23,1,0.0
202300053729,155 585 236,C01,2,7,0,2,1,1,1,0.0
202300053730,155 585 224,A01,2,7,0,1,1,1,1,0.0
202300053731,155 585 222,A01,2,7,0,1,2,1,1,0.0
202300053732,155 585 215,A01,1,7,0,1,1,1,1,0.0
202300053733,155 585 216,A01,2,10,0,2,2,2,1,0.0
202300053733,155 585 225,B01,2,7,0,2,4,0,1,0.0
202300053734,155 585 218,A01,2,7,2,6,7,1,1,0.0
202300053735,155 585 220,B01,3,7,6,2,8,1,1,0.0
202300053735,155 585 223,A01,2,7,0,2,1,26,1,0.0
202300053736,155 585 214,A01,1,30,0,0,0,26,1,0.0
202300053737,155 585 213,A01,3,7,0,9,2,16,1,0.0
202300053737,155 585 221,B01,3,1,0,2,1,1,5,0.0
202300053738,155 585 211,A01,3,7,0,2,3,13,1,0.0
202300053738,155 585 217,B01,3,7,0,2,1,1,1,0.0
202300053739,155 585 212,A01,3,32,0,2,1,5,1,0.0
202300053739,155 585 219,B01,3,1,0,2,8,19,5,0.0
202300053740,155 585 209,A01,1,7,0,0,1,1,1,0.0
202300053741,155 585 203,A01,3,40,0,1,7,1,3,0.0
202300053742,155 585 206,A01,1,30,0,0,0,1,1,0.0
202300053743,155 585 201,B01,1,7,0,2,1,1,1,0.0
202300053743,155 585 208,Z01,0,7,0,2,1,5,0,0.0
202300053744,155 585 200,A01,3,7,0,2,3,1,1,0.0
202300053744,155 585 204,B01,3,31,0,2,2,17,1,0.0
202300053745,155 585 198,A01,2,10,0,2,1,2,1,0.0
202300053745,155 585 207,B01,2,15,0,2,4,2,1,0.0
202300053746,155 585 199,A01,1,7,0,9,2,10,0,0.0
202300053746,155 585 205,B01,1,1,0,2,8,2,5,0.0
202300053747,155 585 193,A01,3,7,0,2,8,9,1,0.0
202300053747,155 585 197,B01,3,7,0,2,1,1,0,0.0
202300053748,155 585 192,A01,1,7,4,0,0,1,1,0.0
202300053749,155 585 195,A01,3,7,0,2,1,15,1,0.0
202300053749,155 585 196,B01,3,33,0,2,4,23,0,0.0
202300053750,155 585 194,A01,2,1,8,0,1,15,5,0.0
202300053751,155 585 189,A01,1,7,0,1,6,2,2,0.0
202300053752,155 585 188,A01,2,7,3,0,3,1,1,0.0
202300053753,155 585 187,A01,2,7,4,0,1,1,1,0.0
202300053754,155 585 186,A01,1,10,0,2,0,15,1,0.0
202300053754,155 585 191,B01,2,1,0,2,0,1,5,0.0
202300053755,155 585 184,B01,2,7,0,2,8,1,1,0.0
202300053755,155 585 190,A01,1,7,0,2,3,13,1,0.0
202300053756,155 585 183,A01,1,30,11,0,1,17,1,0.0
202300053757,155 585 182,A01,1,1,0,2,1,2,5,0.0
202300053757,155 585 185,B01,1,7,0,2,4,23,1,0.0
202300053758,155 585 175,A01,1,30,0,0,0,3,1,0.0
202300053759,155 585 172,A01,3,1,0,2,8,1,5,0.0
202300053759,155 585 181,B01,3,7,0,2,1,1,1,0.0
202300053760,155 585 178,A01,3,7,0,1,1,16,1,0.0
202300053761,155 585 173,A01,1,7,0,2,1,1,1,0.0
202300053761,155 585 180,B01,1,37,0,2,4,1,1,1.0
202300053762,155 585 174,A01,2,7,0,2,3,26,1,0.0
202300053762,155 585 179,B01,2,7,0,2,8,1,1,0.0
202300053763,155 585 171,B01,2,7,0,2,6,1,0,0.0
202300053763,155 585 177,A01,3,3,12,2,1,26,1,0.0
202300053764,155 585 166,A01,1,7,0,2,1,1,1,0.0
202300053764,155 585 168,B01,1,33,0,2,4,23,1,0.0
202300053765,155 585 170,A01,1,7,0,2,1,2,1,0.0
202300053765,155 585 176,B01,1,10,0,0,4,2,1,0.0
202300053766,155 585 165,A01,3,32,13,0,8,1,1,0.0
202300053767,155 585 160,B01,2,40,0,2,1,1,3,0.0
202300053767,155 585 169,A01,1,10,8,4,8,16,3,0.0
202300053768,155 585 158,A01,3,7,0,1,8,1,1,0.0
202300053769,155 585 162,B01,2,7,0,2,1,1,1,0.0
202300053769,155 585 167,A01,1,7,3,2,1,5,1,0.0
202300053770,155 585 159,A01,2,1,0,1,8,1,5,0.0
202300053771,155 585 155,A01,2,1,0,2,7,1,5,0.0
202300053771,155 585 164,B01,1,33,0,2,1,1,1,0.0
202300053772,155 585 157,B01,3,7,0,2,2,1,1,0.0
202300053772,155 585 161,A01,3,2,0,2,1,5,1,0.0
202300053773,155 585 154,B01,3,1,0,2,3,0,5,0.0
202300053773,155 585 163,A01,1,7,0,2,3,9,1,0.0
202300053774,155 585 153,A01,1,33,0,1,7,3,1,0.0
202300053775,155 585 152,B01,3,30,0,2,1,1,1,0.0
202300053775,155 585 156,A01,3,7,0,2,3,13,0,0.0
202300053776,155 585 149,A01,0,7,5,0,1,0,1,0.0
202300053777,155 585 148,B01,2,7,0,2,4,1,1,0.0
202300053777,155 585 151,A01,2,7,0,2,1,1,1,0.0
202300053778,155 585 146,A01,3,80,0,2,1,5,3,0.0
202300053778,155 585 150,B01,3,7,0,2,2,16,1,0.0
202300053779,155 585 144,A01,1,7,0,1,0,1,1,0.0
202300053780,155 585 141,A01,0,7,15,0,9,14,0,0.0
202300053781,155 585 142,B01,3,1,0,2,1,1,5,0.0
202300053781,155 585 145,A01,3,2,0,2,1,20,1,0.0
202300053782,155 585 140,B01,1,1,0,2,8,5,5,0.0
202300053782,155 585 147,A01,2,43,0,2,1,1,1,0.0
202300053783,155 585 139,A01,2,7,0,1,5,1,1,0.0