num_acc,id_vehicule,num_veh,senc,catv,obs,obsm,choc,manv,motor,occutc
202300054043,155 584 677,A01,3,35,0,1,3,23,3,0.0
202300054044,155 584 676,A01,3,37,0,2,3,1,1,2.0
202300054044,155 584 683,B01,3,7,0,2,1,5,1,0.0
202300054044,155 584 686,C01,3,7,0,2,3,1,1,0.0
202300054045,155 584 674,A01,1,7,2,0,1,13,1,0.0
202300054046,155 584 672,B01,1,7,0,2,1,26,1,0.0
202300054046,155 584 681,A01,1,7,0,2,3,26,2,0.0
202300054047,155 584 675,B01,2,7,0,2,4,2,2,0.0
202300054047,155 584 679,A01,2,33,0,2,1,2,1,0.0
202300054048,155 584 671,B01,1,33,0,2,1,1,1,0.0
202300054048,155 584 680,A01,1,7,0,2,1,15,1,0.0
202300054049,155 584 670,A01,3,7,0,1,1,1,0,0.0
202300054050,155 584 673,A01,3,7,0,2,5,2,1,0.0
202300054050,155 584 687,B01,3,7,0,2,1,2,1,0.0
202300054051,155 584 666,A01,0,7,2,0,2,2,6,0.0
202300054052,155 584 664,A01,3,7,0,1,1,0,0,0.0
202300054053,155 584 661,A01,2,7,0,2,2,1,1,0.0
202300054053,155 584 669,B01,2,7,0,2,8,10,1,0.0
202300054054,155 584 662,A01,1,7,3,0,3,13,1,0.0
202300054055,155 584 668,A01,2,7,0,1,1,1,1,0.0
202300054056,155 584 657,B01,2,7,0,2,3,2,1,0.0
202300054056,155 584 663,A01,2,33,0,2,2,3,1,0.0
202300054057,155 584 655,A01,1,7,0,2,8,15,1,0.0
202300054057,155 584 660,B01,2,31,0,2,8,1,1,0.0
202300054058,155 584 658,A01,1,7,0,2,1,1,1,0.0
202300054058,155 584 665,B01,2,10,0,2,1,13,1,0.0
202300054059,155 584 654,A01,2,7,12,0,1,5,1,0.0
202300054060,155 584 656,A01,2,1,0,2,1,1,5,0.0
202300054060,155 584 667,B01,2,7,0,2,3,1,1,0.0
202300054061,155 584 659,A01,3,10,0,1,3,15,0,0.0
202300054062,155 584 653,A01,2,33,13,0,7,1,1,0.0
202300054063,155 584 651,A01,1,7,0,1,2,0,0,0.0
202300054064,155 584 650,A01,2,33,0,0,1,21,1,0.0
202300054065,155 584 646,A01,2,7,0,1,1,9,1,0.0
202300054066,155 584 647,A01,1,7,3,0,0,1,1,0.0
202300054067,155 584 644,A01,-1,7,-1,1,-1,1,1,0.0
202300054068,155 584 643,A01,3,7,0,2,2,11,1,0.0
202300054068,155 584 652,B01,3,30,0,2,1,0,1,0.0
202300054069,155 584 639,A01,3,7,0,2,1,1,1,0.0
202300054069,155 584 645,B01,1,7,0,2,1,5,1,0.0
202300054069,155 584 649,C01,3,7,0,0,6,15,1,0.0
202300054070,155 584 640,A01,3,7,0,2,3,9,1,0.0
202300054070,155 584 648,B01,3,1,0,2,1,1,5,0.0
202300054071,155 584 637,B01,1,50,0,2,1,2,3,0.0
202300054071,155 584 642,A01,1,7,0,2,6,4,3,0.0
202300054072,155 584 638,A01,1,7,3,0,3,1,1,0.0
202300054073,155 584 634,A01,1,36,13,0,9,0,1,0.0
202300054074,155 584 633,A01,1,7,0,2,3,2,1,0.0
202300054074,155 584 635,B01,1,7,0,2,5,2,1,0.0
202300054075,155 584 631,A01,1,7,0,1,4,26,1,0.0
202300054076,155 584 630,A01,2,7,0,1,1,1,1,0.0
202300054077,155 584 629,A01,1,7,0,1,3,1,1,0.0
202300054078,155 584 626,C01,2,7,0,2,3,23,1,0.0
202300054078,155 584 636,A01,1,7,0,2,1,9,1,0.0
202300054078,155 584 641,B01,1,7,0,2,9,1,1,0.0
202300054079,155 584 625,A01,1,7,2,0,8,1,1,0.0
202300054080,155 584 620,A01,1,7,8,0,5,0,1,0.0
202300054081,155 584 623,A01,1,7,0,2,0,0,1,0.0
202300054081,155 584 627,B01,1,7,0,2,0,0,1,0.0
202300054082,155 584 619,A01,3,10,0,2,1,1,1,0.0
202300054082,155 584 624,B01,3,7,0,2,8,1,1,0.0
202300054083,155 584 617,A01,3,7,0,1,3,1,1,0.0
202300054084,155 584 612,B01,1,1,0,2,1,1,5,0.0
202300054084,155 584 622,A01,1,10,0,2,3,1,1,0.0
202300054085,155 584 618,A01,2,50,12,0,1,14,3,0.0
202300054086,155 584 614,A01,2,7,0,2,2,15,1,0.0
202300054086,155 584 621,B01,1,7,0,2,1,1,1,0.0
202300054087,155 584 610,B01,1,50,0,2,4,0,3,0.0
202300054087,155 584 615,A01,-1,7,0,2,0,0,1,0.0
202300054088,155 584 609,B01,1,80,12,2,8,1,3,0.0
202300054088,155 584 613,A01,1,10,0,9,4,4,1,0.0
202300054089,155 584 607,A01,2,7,2,0,1,14,1,0.0
202300054090,155 584 602,A01,1,7,4,0,3,13,1,0.0
202300054091,155 584 601,A01,2,33,0,0,7,1,1,0.0
202300054092,155 584 599,A01,2,7,0,2,1,13,1,0.0
202300054092,155 584 605,B01,1,10,0,2,1,1,1,0.0
202300054093,155 584 598,A01,1,7,0,2,1,2,1,0.0
202300054093,155 584 604,B01,1,7,0,2,4,2,1,0.0
202300054093,155 584 608,C01,1,7,0,2,1,2,1,0.0
202300054093,155 584 611,D01,1,7,0,2,4,13,1,0.0
202300054093,155 584 616,E01,2,34,0,2,1,0,1,0.0
202300054094,155 584 595,A01,1,7,2,0,2,2,1,0.0
202300054095,155 584 596,A01,0,13,0,2,2,1,1,0.0
202300054095,155 584 606,B01,0,7,0,2,1,1,1,0.0
202300054096,155 584 597,B01,1,1,0,2,8,19,5,0.0
202300054096,155 584 603,A01,1,33,0,2,7,1,1,0.0
202300054097,155 584 593,A01,1,7,0,2,2,16,1,0.0
202300054097,155 584 600,B01,1,50,0,2,8,1,3,0.0
202300054098,155 584 588,A01,2,17,0,0,7,14,1,0.0
202300054099,155 584 590,B01,2,33,0,2,7,15,1,0.0
202300054099,155 584 594,A01,2,7,0,2,1,1,1,0.0
202300054100,155 584 589,A01,3,3,0,1,1,26,1,0.0
202300054101,155 584 586,A01,2,7,0,2,1,5,1,0.0
202300054101,155 584 591,B01,1,10,0,2,1,0,1,0.0
202300054102,155 584 585,A01,2,7,13,0,2,1,1,0.0
202300054103,155 584 587,A01,1,14,0,2,1,15,1,0.0
202300054103,155 584 592,B01,2,7,0,2,8,1,1,0.0
202300054104,155 584 583,A01,2,1,0,1,1,1,5,0.0
202300054105,155 584 582,A01,3,37,0,1,4,4,1,1.0
202300054106,155 584 580,B01,1,7,0,2,3,23,2,0.0
202300054106,155 584 584,A01,1,7,7,2,1,10,1,0.0
202300054107,155 584 579,A01,0,1,0,0,0,0,5,0.0
202300054108,155 584 577,A01,2,10,0,1,1,1,1,0.0
202300054109,155 584 578,A01,1,33,3,0,1,1,1,0.0
202300054110,155 584 576,A01,1,14,0,1,2,21,1,0.0
202300054111,155 584 572,A01,0,7,8,0,3,5,1,0.0
202300054112,155 584 570,B01,2,7,0,2,2,1,1,0.0
202300054112,155 584 575,C01,1,7,0,2,3,1,1,0.0
202300054112,155 584 581,A01,2,7,0,2,1,1,1,0.0
202300054113,155 584 565,A01,1,31,0,0,1,1,1,0.0
202300054114,155 584 568,A01,2,7,0,2,1,23,1,0.0
202300054114,155 584 574,B01,2,7,0,2,4,2,1,0.0
202300054115,155 584 566,A01,1,7,0,1,2,1,1,0.0
202300054116,155 584 567,B01,2,10,0,2,5,1,1,0.0
202300054116,155 584 573,A01,2,1,0,2,1,1,5,0.0
202300054117,155 584 562,B01,2,7,0,9,1,1,1,0.0
202300054117,155 584 571,A01,1,7,4,0,8,1,1,0.0
202300054118,155 584 563,A01,2,10,0,2,2,15,1,0.0
202300054118,155 584 569,B01,1,50,0,2,1,1,3,0.0
202300054119,155 584 560,A01,1,7,6,0,1,1,0,0.0
202300054120,155 584 561,A01,1,7,0,2,8,9,1,0.0
202300054120,155 584 564,B01,1,10,0,2,1,1,1,0.0
202300054121,155 584 556,A01,2,80,0,2,1,15,3,0.0
202300054121,155 584 559,B01,1,7,0,2,6,2,2,0.0
202300054122,155 584 551,A01,3,1,0,2,3,5,5,0.0
202300054122,155 584 558,B01,3,7,0,9,2,16,1,0.0
202300054123,155 584 549,A01,1,7,0,0,1,1,1,0.0
202300054124,155 584 553,A01,1,33,0,1,8,2,1,0.0
202300054125,155 584 548,A01,2,7,2,2,6,1,1,0.0
202300054125,155 584 554,B01,2,7,0,2,3,15,1,0.0
202300054126,155 584 555,B01,2,7,0,2,8,2,1,0.0
202300054126,155 584 557,A01,1,7,0,2,8,23,1,0.0
202300054127,155 584 550,A01,2,7,2,0,1,1,1,0.0
202300054128,155 584 545,B01,1,10,0,2,2,2,1,0.0
202300054128,155 584 552,A01,1,7,0,2,5,11,1,0.0
202300054129,155 584 541,B01,2,7,0,2,2,9,1,0.0
202300054129,155 584 546,A01,1,7,0,2,1,9,1,0.0
202300054130,155 584 543,A01,1,7,0,2,2,11,1,0.0
202300054130,155 584 547,B01,1,7,0,2,1,1,1,0.0
202300054131,155 584 539,A01,1,2,0,2,1,5,1,0.0
202300054131,155 584 544,B01,1,7,0,2,8,1,1,0.0
202300054132,155 584 537,A01,1,7,0,2,1,15,1,0.0
202300054132,155 584 542,B01,1,43,0,2,7,1,1,0.0
202300054133,155 584 532,A01,2,7,3,0,3,21,1,0.0
202300054134,155 584 531,B01,1,7,0,5,1,0,0,0.0
202300054134,155 584 536,C01,1,7,0,5,1,1,1,0.0
202300054134,155 584 540,A01,1,7,0,5,2,1,1,0.0
202300054135,155 584 535,A01,3,7,0,1,1,1,1,0.0
202300054136,155 584 530,A01,1,7,0,9,1,15,1,0.0
202300054136,155 584 534,B01,1,2,0,2,8,1,1,0.0
202300054137,155 584 528,B01,2,31,0,2,3,16,1,0.0
202300054137,155 584 538,A01,2,7,0,2,2,1,1,0.0
202300054138,155 584 527,B01,2,7,0,0,0,0,3,0.0
202300054138,155 584 533,A01,2,1,11,0,0,1,5,0.0
202300054139,155 584 524,A01,0,7,9,0,2,0,1,0.0
202300054140,155 584 523,A01,1,7,2,0,0,14,1,0.0
202300054141,155 584 522,B01,3,1,0,2,8,1,5,0.0
202300054141,155 584 525,A01,1,7,0,2,1,1,1,0.0
202300054142,155 584 520,A01,2,2,6,0,1,1,1,0.0
202300054143,155 584 519,A01,3,7,0,2,1,1,1,0.0
202300054143,155 584 529,B01,3,7,0,2,2,1,1,0.0
202300054144,155 584 513,A01,1,7,13,0,1,1,1,0.0
202300054145,155 584 516,A01,2,32,9,0,1,2,1,0.0
202300054146,155 584 512,A01,2,99,0,2,1,1,1,0.0
202300054146,155 584 518,B01,2,7,0,2,4,15,1,0.0
202300054147,155 584 508,B01,1,1,0,2,2,14,5,0.0
202300054147,155 584 515,A01,1,7,0,0,3,1,1,0.0
202300054148,155 584 507,A01,2,7,0,2,7,15,1,0.0
202300054148,155 584 514,B01,1,34,0,2,1,1,1,0.0
202300054149,155 584 506,A01,1,7,0,2,2,11,1,0.0
202300054149,155 584 511,B01,2,7,0,2,2,1,1,0.0
202300054150,155 584 503,B01,2,7,0,2,4,1,0,0.0
202300054150,155 584 510,A01,2,7,0,2,1,1,0,0.0
202300054151,155 584 502,E01,1,7,0,2,1,1,1,0.0
202300054151,155 584 505,C01,1,7,0,2,9,1,1,0.0
202300054151,155 584 517,D01,1,7,0,2,9,1,1,0.0
202300054151,155 584 521,A01,1,7,0,2,4,1,1,0.0
202300054151,155 584 526,B01,1,7,0,2,9,1,1,0.0
202300054152,155 584 499,B01,3,7,0,2,8,1,0,0.0
202300054152,155 584 509,A01,3,7,0,2,3,16,0,0.0
202300054153,155 584 498,B01,2,1,0,2,7,1,5,0.0
202300054153,155 584 504,A01,2,7,0,2,3,16,1,0.0
202300054154,155 584 495,A01,2,7,0,2,7,17,1,0.0
202300054154,155 584 500,B01,2,1,0,2,3,15,5,0.0
202300054155,155 584 497,A01,1,7,0,1,1,1,1,0.0
202300054156,155 584 493,A01,2,7,8,0,2,14,1,0.0
202300054157,155 584 494,A01,1,7,0,1,2,1,1,0.0
202300054158,155 584 489,A01,3,7,2,0,2,1,1,0.0
202300054159,155 584 491,B01,1,1,1,0,2,2,5,0.0
202300054159,155 584 496,A01,1,7,0,2,3,22,1,0.0
202300054160,155 584 492,A01,1,7,12,2,1,1,0,0.0
202300054160,155 584 501,B01,1,10,0,2,6,2,0,0.0
202300054161,155 584 486,A01,2,7,0,2,1,1,3,0.0
202300054161,155 584 490,B01,2,37,0,0,4,1,1,1.0
202300054162,155 584 482,B01,1,7,0,2,7,1,1,0.0
202300054162,155 584 488,Z01,2,30,0,2,1,1,1,0.0
202300054163,155 584 483,A01,1,7,0,0,4,9,1,0.0
202300054163,155 584 487,B01,1,33,0,2,1,1,1,0.0
202300054164,155 584 481,A01,3,7,0,1,1,15,1,0.0
202300054165,155 584 479,A01,1,7,0,0,8,16,1,0.0
202300054165,155 584 484,B01,1,10,0,2,1,1,1,0.0
202300054166,155 584 480,B01,2,7,0,2,6,1,1,0.0
202300054166,155 584 485,A01,1,7,0,2,1,1,1,0.0
202300054167,155 584 477,A01,1,7,0,1,1,1,1,0.0
202300054168,155 584 474,A01,1,7,0,2,7,0,1,0.0
202300054168,155 584 478,B01,1,2,0,2,8,0,1,0.0
202300054169,155 584 473,B01,3,60,0,2,1,26,5,0.0
202300054169,155 584 476,A01,3,7,0,2,7,1,1,0.0
202300054170,155 584 471,A01,1,7,0,1,1,2,1,0.0
202300054171,155 584 470,A01,2,32,0,2,1,1,1,0.0
202300054171,155 584 475,Z01,2,1,0,2,0,19,5,0.0
202300054172,155 584 468,A01,1,7,4,0,1,0,1,0.0
202300054173,155 584 464,A01,1,7,0,2,1,2,1,0.0
202300054173,155 584 472,B01,1,17,0,2,4,2,1,0.0
202300054174,155 584 462,A01,1,7,4,0,3,13,1,0.0
202300054174,155 584 465,B01,1,7,4,0,1,13,1,0.0
202300054175,155 584 459,B01,3,7,0,2,1,1,1,0.0
202300054175,155 584 469,A01,3,7,0,2,8,15,1,0.0
202300054176,155 584 460,B01,1,7,0,2,1,1,1,0.0
202300054176,155 584 466,A01,2,7,0,9,1,15,1,0.0
202300054177,155 584 463,B01,1,2,0,2,0,26,1,0.0
202300054177,155 584 467,A01,1,7,0,2,0,15,1,0.0
202300054178,155 584 458,B01,1,10,0,2,3,0,3,0.0
202300054178,155 584 461,A01,1,2,0,2,2,0,0,0.0
202300054179,155 584 453,A01,2,7,0,2,1,2,1,0.0
202300054179,155 584 457,B01,2,50,0,2,5,1,3,0.0
202300054180,155 584 452,B01,1,1,0,2,1,1,5,0.0
202300054180,155 584 456,A01,2,50,0,2,1,1,3,0.0
202300054181,155 584 450,B01,2,7,0,2,1,1,1,0.0
202300054181,155 584 455,A01,2,7,0,2,1,13,1,0.0
202300054182,155 584 445,B01,2,2,0,2,1,17,1,0.0
202300054182,155 584 451,A01,1,7,0,2,1,1,1,0.0
202300054183,155 584 444,A01,1,7,0,1,7,15,1,0.0
202300054184,155 584 447,A01,3,7,0,1,2,1,1,0.0
202300054185,155 584 443,B01,3,13,0,2,5,2,1,0.0
202300054185,155 584 448,A01,3,7,0,2,6,18,1,0.0
202300054186,155 584 440,C01,1,7,0,0,0,0,0,0.0
202300054186,155 584 442,A01,1,7,0,2,1,0,0,0.0
202300054186,155 584 446,B01,1,7,0,2,4,0,0,0.0
202300054187,155 584 436,A01,3,7,0,1,3,1,2,0.0
202300054188,155 584 431,B01,1,7,0,2,4,1,0,0.0
202300054188,155 584 438,A01,1,1,0,2,1,2,5,0.0
202300054189,155 584 432,A01,1,7,0,2,3,9,2,0.0
202300054189,155 584 437,B01,1,31,0,2,7,1,1,0.0
202300054190,155 584 433,B01,2,7,0,2,3,15,1,0.0
202300054190,155 584 439,A01,2,30,0,2,1,17,1,0.0
202300054191,155 584 427,B01,1,17,0,2,6,17,1,0.0
202300054191,155 584 435,A01,1,33,0,2,1,17,1,0.0
202300054192,155 584 424,A01,0,7,0,2,1,1,1,0.0
202300054192,155 584 430,C01,0,7,0,2,1,1,1,0.0
202300054192,155 584 441,B01,0,7,0,2,5,15,1,0.0
202300054193,155 584 426,A01,1,7,0,2,5,15,1,0.0
202300054193,155 584 434,B01,2,32,0,2,1,1,1,0.0
202300054194,155 584 422,B01,3,30,0,2,7,1,1,0.0
202300054194,155 584 429,A01,2,7,0,2,1,15,1,0.0
202300054195,155 584 421,A01,3,7,0,2,8,15,1,0.0
202300054195,155 584 425,B01,3,37,0,2,1,1,0,1.0
202300054196,155 584 420,B01,1,10,0,1,-1,1,1,0.0
202300054196,155 584 428,A01,2,10,0,0,-1,1,1,0.0
202300054197,155 584 419,A01,2,37,0,2,3,16,4,1.0
202300054197,155 584 423,B01,2,7,0,2,2,23,1,0.0
202300054198,155 584 412,B01,1,32,0,2,1,1,1,0.0
202300054198,155 584 417,A01,2,7,0,2,1,15,1,0.0
202300054199,155 584 413,A01,3,7,0,2,1,5,1,0.0
202300054199,155 584 418,B01,3,7,0,2,3,21,1,0.0
202300054200,155 584 410,B01,2,7,0,2,6,1,1,0.0
202300054200,155 584 416,A01,1,32,0,2,6,1,1,0.0
202300054201,155 584 411,A01,1,7,0,2,3,1,1,0.0
202300054201,155 584 415,B01,1,33,0,0,4,23,1,0.0
202300054202,155 584 404,B01,1,33,0,2,8,1,1,0.0
202300054202,155 584 407,C01,1,10,0,2,6,1,1,0.0
202300054202,155 584 414,A01,3,50,0,2,0,10,3,0.0
202300054203,155 584 405,A01,3,30,0,1,1,17,1,0.0
202300054204,155 584 406,B01,0,0,0,2,0,0,-1,0.0
202300054204,155 584 409,A01,3,80,1,2,3,13,3,0.0
202300054205,155 584 403,A01,1,16,0,2,2,16,1,0.0
202300054205,155 584 408,B01,1,1,0,2,3,1,5,0.0
202300054206,155 584 397,A01,1,7,0,2,3,1,1,0.0
202300054206,155 584 402,B01,2,33,0,2,3,3,1,0.0
202300054207,155 584 394,A01,1,7,0,9,1,0,1,0.0
202300054207,155 584 400,B01,1,50,0,2,1,1,3,0.0
202300054208,155 584 389,A01,3,50,0,2,1,21,3,0.0
202300054208,155 584 392,B01,3,50,0,2,1,16,3,0.0
202300054209,155 584 395,A01,1,33,0,2,2,17,1,0.0
202300054209,155 584 401,B01,1,7,0,0,6,15,1,0.0
202300054210,155 584 393,A01,0,7,0,2,5,15,0,0.0
202300054210,155 584 399,B01,0,33,0,2,1,1,1,0.0
202300054211,155 584 387,A01,1,33,2,0,1,9,1,0.0
202300054212,155 584 382,B01,3,2,0,2,1,1,1,0.0
202300054212,155 584 385,A01,3,2,0,2,1,1,1,0.0
202300054213,155 584 384,A01,1,30,0,2,9,16,3,0.0
202300054213,155 584 390,B01,2,7,0,2,3,1,1,0.0
202300054214,155 584 383,A01,3,7,0,2,6,15,1,0.0
202300054214,155 584 396,B01,3,33,0,2,1,1,1,0.0
202300054215,155 584 380,B01,1,7,0,2,1,2,2,0.0
202300054215,155 584 388,A01,1,30,0,2,4,1,1,0.0
202300054216,155 584 379,A01,2,7,0,2,1,2,1,0.0
202300054216,155 584 381,B01,2,7,0,2,4,2,1,0.0
202300054217,155 584 378,A01,3,7,0,2,1,15,1,0.0
202300054217,155 584 386,B01,3,2,0,2,0,9,1,0.0
202300054218,155 584 377,C01,0,7,0,2,1,16,1,0.0
202300054218,155 584 391,A01,0,7,0,2,0,5,0,0.0
202300054218,155 584 398,B01,0,7,0,2,4,16,1,0.0
202300054219,155 584 373,A01,1,7,1,0,1,14,2,0.0
202300054220,155 584 372,A01,2,33,0,2,1,17,1,0.0
202300054220,155 584 374,B01,2,15,0,0,6,1,1,0.0
202300054221,155 584 370,A01,1,7,0,9,1,1,0,0.0
202300054221,155 584 376,B01,1,1,0,2,8,15,5,0.0
202300054222,155 584 369,A01,1,33,2,0,1,1,1,0.0
202300054223,155 584 365,A01,3,2,14,0,1,1,1,0.0
202300054224,155 584 366,A01,1,7,0,2,3,1,1,0.0
202300054224,155 584 375,B01,1,1,0,2,4,12,5,0.0
202300054225,155 584 364,B01,2,7,0,2,1,2,1,0.0
202300054225,155 584 371,A01,2,7,0,0,4,1,1,0.0
202300054226,155 584 363,A01,0,10,0,1,2,1,1,0.0
202300054227,155 584 362,A01,0,10,0,2,1,26,1,0.0
202300054227,155 584 367,B01,0,7,0,2,1,0,1,0.0
202300054228,155 584 357,B01,3,3,0,2,1,2,1,0.0
202300054228,155 584 359,A01,1,7,0,0,4,1,1,0.0
202300054229,155 584 355,A01,1,7,0,2,3,13,0,0.0
202300054229,155 584 358,B01,1,14,0,2,3,0,6,0.0
202300054230,155 584 354,A01,1,32,0,1,1,1,1,0.0
202300054231,155 584 361,B01,2,1,0,2,1,1,5,0.0
202300054231,155 584 368,A01,1,10,0,9,2,15,1,0.0
202300054232,155 584 352,A01,2,7,0,1,2,1,1,0.0
202300054233,155 584 350,A01,1,1,0,1,1,1,5,0.0
202300054234,155 584 353,A01,2,7,0,2,3,15,2,0.0
202300054234,155 584 360,B01,2,80,0,2,2,1,3,0.0
202300054235,155 584 351,A01,1,36,12,0,1,0,1,0.0
202300054236,155 584 349,A01,2,7,0,2,2,2,1,0.0
202300054236,155 584 356,B01,2,7,0,2,6,2,1,0.0
202300054237,155 584 345,A01,1,7,0,1,5,16,1,0.0
202300054238,155 584 344,A01,1,7,0,1,2,9,1,0.0
202300054239,155 584 340,B01,1,7,0,2,3,1,1,0.0
202300054239,155 584 347,A01,1,7,0,2,1,1,2,0.0
202300054240,155 584 343,A01,1,50,0,1,1,1,3,0.0
202300054241,155 584 339,A01,3,10,0,2,1,15,1,0.0
202300054241,155 584 346,B01,3,33,0,2,1,1,1,0.0
202300054242,155 584 335,A01,1,7,0,1,2,1,2,0.0
202300054243,155 584 336,B01,2,34,0,2,1,1,1,0.0
202300054243,155 584 342,A01,1,7,0,2,3,15,1,0.0
202300054244,155 584 334,A01,3,7,13,2,2,1,1,0.0
202300054244,155 584 341,B01,3,3,0,2,1,15,1,0.0
202300054245,155 584 330,A01,2,7,0,2,1,1,1,0.0
202300054245,155 584 337,B01,1,7,0,2,5,1,1,0.0
202300054246,155 584 331,A01,1,7,0,1,4,26,0,0.0
202300054247,155 584 332,A01,3,99,0,1,3,16,6,0.0
202300054248,155 584 329,A01,2,15,0,0,3,23,1,0.0
202300054248,155 584 333,B01,2,7,1,0,7,1,1,0.0
202300054248,155 584 338,C01,2,7,0,2,2,1,1,0.0
202300054248,155 584 348,D01,2,7,0,2,2,1,2,0.0
202300054249,155 584 328,A01,2,7,0,1,1,15,1,0.0
202300054250,155 584 326,A01,2,7,1,0,1,1,0,0.0
202300054251,155 584 327,A01,1,7,0,1,5,1,1,0.0
202300054252,155 584 324,A01,1,7,5,0,2,1,1,0.0
202300054253,155 584 323,A01,1,33,0,2,1,1,1,0.0
202300054253,155 584 325,B01,1,7,0,2,4,23,1,0.0
202300054254,155 584 317,B01,1,7,0,2,1,1,1,0.0
202300054254,155 584 322,A01,2,7,0,2,1,13,1,0.0
202300054255,155 584 316,A01,2,7,1,1,1,1,1,0.0
202300054256,155 584 315,A01,2,10,0,1,1,1,1,0.0
202300054257,155 584 313,A01,1,7,0,2,8,10,1,0.0
202300054257,155 584 320,B01,1,33,0,2,1,17,1,0.0
202300054258,155 584 314,A01,1,7,7,0,3,1,0,0.0
202300054258,155 584 321,B01,1,7,0,2,1,1,0,0.0
202300054259,155 584 311,A01,3,7,0,1,1,15,1,0.0
202300054260,155 584 310,A01,1,7,0,0,0,26,1,0.0
202300054261,155 584 308,B01,2,7,0,0,0,0,1,0.0
202300054261,155 584 319,A01,1,3,0,0,0,0,1,0.0
202300054262,155 584 307,A01,1,7,0,2,3,15,6,0.0
202300054262,155 584 309,B01,1,30,0,2,1,17,3,0.0
202300054263,155 584 298,A01,1,10,0,2,0,20,1,0.0
202300054263,155 584 306,B01,1,33,0,2,0,1,1,0.0
202300054264,155 584 297,A01,1,7,0,2,7,15,1,0.0
202300054264,155 584 303,B01,2,31,0,2,1,1,1,0.0
202300054265,155 584 299,A01,1,21,0,2,1,26,4,0.0
202300054265,155 584 304,B01,2,7,0,2,2,1,1,0.0
202300054266,155 584 294,B01,2,7,0,2,4,2,1,0.0
202300054266,155 584 301,A01,2,33,0,2,1,2,1,0.0
202300054267,155 584 292,A01,1,30,0,0,7,15,1,0.0
202300054268,155 584 295,A01,2,7,0,2,1,5,0,0.0
202300054268,155 584 302,B01,1,7,0,2,1,23,0,0.0
202300054269,155 584 285,A01,1,7,0,1,3,1,1,0.0
202300054270,155 584 282,A01,3,7,13,0,1,1,0,0.0
202300054271,155 584 279,A01,1,7,0,2,3,1,1,0.0
202300054271,155 584 288,B01,1,50,0,2,1,26,3,0.0
202300054272,155 584 287,A01,3,7,0,2,2,15,1,0.0
202300054272,155 584 290,B01,3,1,0,2,1,1,5,0.0
202300054273,155 584 276,A01,2,1,0,2,8,19,5,0.0
202300054273,155 584 280,B01,2,7,0,2,3,1,0,0.0
202300054274,155 584 272,A01,1,13,1,2,1,5,1,0.0
202300054274,155 584 277,B01,2,13,0,0,1,24,1,0.0
202300054274,155 584 284,C01,2,10,0,2,6,1,1,0.0
202300054275,155 584 273,B01,1,10,0,2,4,2,1,0.0
202300054275,155 584 289,A01,1,10,0,2,1,2,1,0.0
202300054275,155 584 291,C01,1,7,0,2,4,2,1,0.0
202300054276,155 584 271,A01,2,31,0,2,1,3,1,0.0
202300054276,155 584 275,B01,2,7,0,2,5,1,1,0.0
202300054276,155 584 281,C01,2,7,0,2,6,1,3,0.0
202300054277,155 584 270,A01,2,7,0,1,1,16,1,0.0
202300054278,155 584 263,A01,3,7,0,2,7,2,1,0.0
202300054278,155 584 267,B01,3,1,0,2,3,11,5,0.0
202300054279,155 584 262,A01,0,7,0,2,2,16,1,0.0
202300054279,155 584 266,B01,3,7,0,2,3,1,1,0.0
202300054280,155 584 259,A01,3,7,0,2,2,1,1,0.0
202300054280,155 584 268,B01,3,30,0,2,1,0,1,0.0
202300054281,155 584 260,B01,2,15,0,0,4,2,1,0.0
202300054281,155 584 265,A01,2,10,0,2,1,2,1,0.0
202300054282,155 584 255,B01,1,33,0,0,4,1,1,0.0
202300054282,155 584 264,A01,1,7,0,2,1,0,0,0.0
202300054283,155 584 256,B01,1,31,0,2,1,1,1,0.0
202300054283,155 584 269,A01,1,10,0,2,2,1,1,0.0
202300054284,155 584 261,A01,0,7,6,1,1,0,1,0.0
202300054285,155 584 252,B01,2,7,0,2,4,2,1,0.0
202300054285,155 584 258,A01,2,15,0,2,1,2,1,0.0
202300054286,155 584 250,A01,2,31,0,2,1,3,1,0.0
202300054286,155 584 254,B01,2,7,0,2,3,1,1,0.0
202300054286,155 584 257,C01,2,7,0,2,5,1,2,0.0
202300054287,155 584 246,A01,1,0,0,1,0,0,1,0.0
202300054288,155 584 240,A01,2,7,0,9,7,9,1,0.0
202300054288,155 584 245,B01,1,1,0,2,8,13,5,0.0
202300054289,155 584 238,B01,3,7,0,2,3,1,1,0.0
202300054289,155 584 251,A01,3,21,0,2,1,9,1,0.0
202300054290,155 584 239,A01,2,50,0,1,4,25,3,0.0
202300054291,155 584 244,A01,2,80,0,1,2,1,3,0.0
202300054292,155 584 243,B01,3,7,0,2,1,15,1,0.0
202300054292,155 584 249,A01,3,7,0,2,1,1,1,0.0
202300054293,155 584 242,B01,1,2,0,2,4,2,1,0.0
202300054293,155 584 247,A01,1,7,0,2,2,2,1,0.0
202300054293,155 584 253,C01,1,7,0,2,4,2,1,0.0
202300054294,155 584 237,B01,1,7,0,0,4,1,1,0.0
202300054294,155 584 248,A01,1,7,0,2,1,2,1,0.0
202300054295,155 584 233,C01,1,7,0,2,4,2,1,0.0
202300054295,155 584 235,B01,1,7,0,2,1,2,1,0.0
202300054295,155 584 241,A01,1,7,0,2,1,2,1,0.0
202300054296,155 584 225,B01,1,7,0,2,3,21,1,0.0