num_acc,id_vehicule,num_veh,senc,catv,obs,obsm,choc,manv,motor,occutc
202300054560,155 583 791,B01,1,7,0,2,4,2,1,0.0
202300054561,155 583 788,A01,2,7,13,0,1,1,0,0.0
202300054562,155 583 786,A01,1,33,0,2,1,17,1,0.0
202300054562,155 583 793,B01,1,21,0,2,6,15,1,0.0
202300054563,155 583 790,A01,1,60,0,1,7,25,5,0.0
202300054564,155 583 784,A01,3,1,0,0,9,0,5,0.0
202300054565,155 583 785,A01,3,7,0,1,1,1,1,0.0
202300054566,155 583 779,A01,1,33,3,0,1,1,1,0.0
202300054567,155 583 777,C01,2,7,0,2,4,1,1,0.0
202300054567,155 583 781,A01,2,10,0,2,1,1,1,0.0
202300054567,155 583 783,B01,2,10,0,2,4,1,1,0.0
202300054568,155 583 773,B01,1,1,0,2,3,5,5,0.0
202300054568,155 583 780,A01,1,7,0,2,2,1,1,0.0
202300054569,155 583 774,B01,2,7,0,2,3,1,1,0.0
202300054569,155 583 782,A01,1,7,0,2,1,11,1,0.0
202300054570,155 583 771,B01,1,3,13,2,4,1,1,0.0
202300054570,155 583 778,A01,1,10,0,2,1,17,1,0.0
202300054571,155 583 770,Z01,1,7,0,1,0,1,1,0.0
202300054572,155 583 769,B01,1,7,0,2,2,1,1,0.0
202300054572,155 583 772,A01,2,10,0,2,7,15,1,0.0
202300054573,155 583 768,A01,3,2,14,9,2,1,1,0.0
202300054574,155 583 776,A01,2,10,0,1,8,0,1,0.0
202300054575,155 583 764,A01,2,7,0,2,1,5,1,0.0
202300054575,155 583 775,B01,1,7,0,2,1,1,1,0.0
202300054576,155 583 762,A01,1,7,0,1,1,1,1,0.0
202300054577,155 583 760,C01,2,7,0,2,5,1,1,0.0
202300054577,155 583 765,B01,2,10,0,2,3,1,1,0.0
202300054577,155 583 767,A01,2,7,0,2,2,12,1,0.0
202300054578,155 583 759,B01,1,7,0,2,4,23,1,0.0
202300054578,155 583 763,A01,1,33,0,2,1,17,1,0.0
202300054579,155 583 752,B01,0,1,0,2,3,19,5,0.0
202300054579,155 583 755,A01,1,7,0,2,2,1,1,0.0
202300054580,155 583 753,A01,3,30,0,2,3,1,1,0.0
202300054580,155 583 758,B01,3,80,0,2,3,15,3,0.0
202300054581,155 583 748,A01,3,7,8,0,2,1,1,0.0
202300054582,155 583 747,A01,1,2,0,0,7,1,1,0.0
202300054583,155 583 746,A01,2,7,0,2,2,2,1,0.0
202300054583,155 583 756,B01,2,2,0,0,4,2,1,0.0
202300054584,155 583 749,A01,1,7,0,2,0,5,1,0.0
202300054584,155 583 754,B01,2,31,0,0,0,1,1,0.0
202300054585,155 583 744,A01,1,7,0,2,1,1,1,0.0
202300054585,155 583 751,C01,1,7,0,2,4,1,1,0.0
202300054585,155 583 757,B01,1,7,0,2,4,1,1,0.0
202300054586,155 583 742,B01,1,33,3,2,8,2,1,0.0
202300054586,155 583 745,A01,1,7,3,2,7,14,1,0.0
202300054587,155 583 740,A01,1,33,0,0,9,1,1,0.0
202300054588,155 583 734,A01,3,7,0,2,3,16,1,0.0
202300054588,155 583 737,B01,3,33,0,2,2,15,1,0.0
202300054589,155 583 732,A01,0,1,0,2,0,0,5,0.0
202300054589,155 583 738,B01,0,7,0,9,2,1,2,0.0
202300054590,155 583 735,A01,1,31,0,2,1,2,0,0.0
202300054591,155 583 731,B01,3,7,0,2,3,1,1,0.0
202300054591,155 583 739,A01,2,1,0,2,7,1,5,0.0
202300054592,155 583 729,B01,1,1,0,2,1,1,5,0.0
202300054592,155 583 736,A01,1,7,0,2,3,1,2,0.0
202300054593,155 583 726,B01,2,7,0,2,6,23,1,0.0
202300054593,155 583 730,A01,2,99,0,2,2,2,1,0.0
202300054594,155 583 721,A01,2,33,15,0,1,1,1,0.0
202300054595,155 583 722,A01,3,33,0,2,1,1,1,0.0
202300054595,155 583 727,B01,3,1,0,2,1,1,5,0.0
202300054596,155 583 724,B01,2,33,0,2,1,1,1,0.0
202300054596,155 583 728,A01,2,7,0,2,7,12,1,0.0
202300054597,155 583 719,B01,2,7,0,2,1,1,1,0.0
202300054597,155 583 723,A01,1,7,0,2,7,13,1,0.0
202300054598,155 583 716,B01,2,43,0,2,1,1,1,0.0
202300054598,155 583 720,A01,2,7,0,2,5,1,1,0.0
202300054599,155 583 714,B01,1,1,0,2,1,1,5,0.0
202300054599,155 583 718,A01,1,7,1,0,2,9,1,0.0
202300054600,155 583 713,A01,2,15,0,2,2,12,1,0.0
202300054600,155 583 717,B01,2,7,0,2,8,1,1,0.0
202300054601,155 583 708,A01,2,7,13,0,1,0,1,0.0
202300054602,155 583 710,B01,1,7,0,2,1,15,1,0.0
202300054602,155 583 715,A01,2,1,0,2,1,1,5,0.0
202300054603,155 583 709,A01,1,33,0,2,1,12,1,0.0
202300054603,155 583 712,B01,1,7,0,2,8,1,1,0.0
202300054604,155 583 705,A01,3,7,0,1,4,20,1,0.0
202300054605,155 583 707,A01,2,7,0,2,2,12,1,0.0
202300054605,155 583 711,B01,2,33,0,2,8,0,1,0.0
202300054606,155 583 704,A01,2,32,0,0,5,1,1,0.0
202300054607,155 583 703,A01,2,7,6,0,3,1,1,0.0
202300054608,155 583 702,B01,1,33,0,2,1,1,1,0.0
202300054608,155 583 706,A01,1,7,0,2,8,19,1,0.0
202300054609,155 583 725,A01,1,7,0,2,6,15,1,0.0
202300054609,155 583 733,B01,2,33,0,2,1,1,1,0.0
202300054610,155 583 694,A01,1,7,0,0,4,2,1,0.0
202300054610,155 583 699,B01,1,7,0,0,1,2,1,0.0
202300054611,155 583 691,A01,1,7,0,2,6,1,1,0.0
202300054611,155 583 696,Z01,1,0,0,0,0,0,0,0.0
202300054612,155 583 693,B01,2,14,0,2,1,1,1,0.0
202300054612,155 583 700,A01,1,7,0,2,2,13,1,0.0
202300054613,155 583 690,A01,2,33,0,2,1,3,1,0.0
202300054613,155 583 697,B01,2,33,0,2,4,2,1,0.0
202300054614,155 583 688,C01,1,7,13,2,3,1,1,0.0
202300054614,155 583 698,A01,2,7,13,0,3,0,1,0.0
202300054614,155 583 701,B01,2,7,0,2,0,0,1,0.0
202300054615,155 583 685,A01,1,30,1,0,9,13,1,0.0
202300054616,155 583 684,A01,1,7,13,0,1,1,1,0.0
202300054617,155 583 683,A01,1,7,0,2,2,15,1,0.0
202300054617,155 583 689,B01,2,7,8,0,7,1,1,0.0
202300054618,155 583 681,A01,1,7,0,2,1,1,1,0.0
202300054618,155 583 687,C01,1,7,0,2,4,26,1,0.0
202300054618,155 583 695,B01,1,7,3,2,9,1,1,0.0
202300054619,155 583 678,A01,2,7,0,2,3,11,1,0.0
202300054619,155 583 682,B01,2,33,0,2,2,1,1,0.0
202300054620,155 583 679,A01,1,33,0,0,7,21,1,0.0
202300054621,155 583 676,A01,1,7,3,0,2,14,1,0.0
202300054622,155 583 675,A01,2,7,0,0,9,1,1,0.0
202300054623,155 583 674,B01,3,1,0,2,8,15,5,0.0
202300054623,155 583 680,A01,1,7,0,9,1,1,1,0.0
202300054624,155 583 673,A01,1,7,9,2,3,1,1,0.0
202300054624,155 583 677,B01,2,16,0,0,8,1,1,0.0
202300054625,155 583 671,B01,3,7,15,1,2,26,1,0.0
202300054626,155 583 670,A01,3,7,1,1,3,16,1,0.0
202300054627,155 583 672,A01,3,7,16,0,9,24,1,0.0
202300054628,155 583 665,A01,1,7,0,2,4,2,1,0.0
202300054628,155 583 667,B01,1,10,0,2,4,2,1,0.0
202300054628,155 583 669,C01,1,14,0,2,1,2,1,0.0
202300054629,155 583 663,A01,1,7,0,1,1,1,1,0.0
202300054630,155 583 661,A01,2,1,0,2,1,2,5,0.0
202300054630,155 583 664,B01,2,7,0,2,4,1,1,0.0
202300054631,155 583 660,C01,2,7,0,2,4,1,1,0.0
202300054631,155 583 666,B01,2,7,0,2,3,11,1,0.0
202300054631,155 583 668,A01,2,31,0,2,7,3,1,0.0
202300054632,155 583 659,A01,1,33,0,0,9,1,1,0.0
202300054633,155 583 655,A01,1,99,7,0,1,14,1,0.0
202300054634,155 583 654,A01,1,7,0,2,4,2,1,0.0
202300054634,155 583 657,B01,1,7,0,2,4,2,1,0.0
202300054634,155 583 662,C01,1,7,0,2,1,2,1,0.0
202300054635,155 583 653,A01,2,7,16,0,9,1,1,0.0
202300054636,155 583 650,A01,2,10,0,2,3,13,1,0.0
202300054636,155 583 656,B01,1,7,0,2,3,1,1,0.0
202300054637,155 583 648,A01,2,7,2,0,3,17,1,0.0
202300054638,155 583 646,B01,1,7,0,0,4,23,1,0.0
202300054638,155 583 652,A01,1,7,0,2,1,26,0,0.0
202300054639,155 583 641,A01,2,7,0,1,4,26,0,0.0
202300054640,155 583 639,A01,0,7,0,2,3,5,1,0.0
202300054640,155 583 644,B01,0,7,3,0,5,2,1,0.0
202300054640,155 583 649,C01,0,7,0,2,3,1,2,0.0
202300054641,155 583 637,A01,2,7,0,2,2,21,1,0.0
202300054641,155 583 642,B01,2,7,0,2,6,2,2,0.0
202300054642,155 583 633,A01,1,7,13,0,1,1,1,0.0
202300054643,155 583 635,A01,2,17,0,2,1,1,1,0.0
202300054643,155 583 640,B01,2,7,0,2,1,9,1,0.0
202300054643,155 583 645,C01,2,7,0,2,4,1,1,0.0
202300054644,155 583 632,E01,1,7,0,2,4,0,1,0.0
202300054644,155 583 643,D01,1,7,0,2,4,26,1,0.0
202300054644,155 583 647,B01,1,7,0,2,5,0,1,0.0
202300054644,155 583 651,A01,1,7,0,2,1,26,1,0.0
202300054644,155 583 658,C01,1,7,0,2,0,0,1,0.0
202300054645,155 583 630,B01,3,7,0,2,1,1,3,0.0
202300054645,155 583 634,A01,3,7,0,2,5,9,1,0.0
202300054646,155 583 631,A01,2,33,0,2,7,2,1,0.0
202300054646,155 583 636,B01,2,21,0,0,8,2,1,0.0
202300054647,155 583 627,A01,1,7,0,2,1,1,1,0.0
202300054647,155 583 629,B01,2,7,0,2,1,13,1,0.0
202300054648,155 583 626,A01,1,32,0,6,1,1,1,0.0
202300054649,155 583 624,A01,1,33,4,0,3,1,1,0.0
202300054650,155 583 619,A01,1,7,0,2,1,15,0,0.0
202300054651,155 583 622,A01,1,7,15,0,4,1,1,0.0
202300054652,155 583 620,A01,2,7,0,2,2,12,1,0.0
202300054652,155 583 628,B01,2,7,0,2,6,26,1,0.0
202300054653,155 583 617,A01,1,33,0,0,8,1,1,0.0
202300054653,155 583 621,B01,1,7,0,0,0,9,1,0.0
202300054654,155 583 616,A01,1,7,0,2,3,19,1,0.0
202300054654,155 583 625,B01,1,7,0,2,1,1,1,0.0
202300054655,155 583 614,A01,1,31,0,2,7,2,0,0.0
202300054656,155 583 613,A01,1,33,0,0,0,17,1,0.0
202300054657,155 583 615,A01,1,33,0,0,0,1,1,0.0
202300054658,155 583 612,B01,2,34,0,2,1,2,1,0.0
202300054658,155 583 618,A01,2,7,0,2,6,11,1,0.0
202300054658,155 583 623,C01,2,7,0,2,6,2,1,0.0
202300054659,155 583 610,A01,2,7,2,0,2,1,1,0.0
202300054660,155 583 608,A01,0,33,0,2,1,1,1,0.0
202300054660,155 583 611,B01,0,33,0,2,4,10,1,0.0
202300054661,155 583 607,A01,1,21,0,1,2,1,1,0.0
202300054662,155 583 605,A01,1,7,0,9,1,9,1,0.0
202300054662,155 583 609,B01,1,1,0,2,7,16,5,0.0
202300054663,155 583 606,A01,2,7,6,0,1,19,1,0.0
202300054664,155 583 603,A01,1,7,0,0,9,2,1,0.0
202300054665,155 583 600,A01,2,33,0,9,0,1,1,0.0
202300054665,155 583 604,B01,2,10,12,0,0,0,0,0.0
202300054666,155 583 599,B01,2,34,0,2,8,1,1,0.0
202300054666,155 583 602,A01,2,30,4,2,2,14,1,0.0
202300054667,155 583 598,A01,1,7,5,2,0,21,6,0.0
202300054668,155 583 595,A01,1,7,12,0,2,1,1,0.0
202300054669,155 583 593,Z01,0,7,0,2,1,1,1,0.0
202300054669,155 583 596,B01,0,7,0,2,4,1,1,0.0
202300054670,155 583 592,A01,1,7,13,0,3,13,1,0.0
202300054671,155 583 594,A01,1,7,0,1,2,1,1,0.0
202300054672,155 583 591,A01,1,33,13,0,1,1,1,0.0
202300054673,155 583 597,A01,1,7,0,2,7,15,1,0.0
202300054673,155 583 601,B01,2,33,0,2,1,1,1,0.0
202300054674,155 583 589,A01,1,7,1,0,1,19,1,0.0
202300054675,155 583 587,B01,2,7,1,0,1,1,1,0.0
202300054675,155 583 590,A01,2,7,0,0,4,23,1,0.0
202300054676,155 583 585,Z01,1,7,1,0,1,1,1,0.0
202300054677,155 583 588,A01,1,7,8,1,1,18,1,0.0
202300054678,155 583 583,A01,1,7,0,0,0,1,1,0.0
202300054679,155 583 584,A01,3,60,12,0,0,1,5,0.0
202300054680,155 583 581,A01,1,7,0,1,2,1,1,0.0
202300054681,155 583 580,B01,2,10,0,2,1,1,1,0.0
202300054681,155 583 586,A01,1,7,0,2,1,1,1,0.0
202300054682,155 583 578,A01,1,33,8,0,2,14,1,0.0
202300054683,155 583 576,A01,2,33,8,0,0,1,1,0.0
202300054684,155 583 575,A01,1,32,0,2,2,13,1,0.0
202300054684,155 583 579,B01,2,7,0,2,1,15,1,0.0
202300054685,155 583 574,A01,3,1,0,0,7,14,5,0.0
202300054686,155 583 570,A01,2,10,0,2,4,1,1,0.0
202300054686,155 583 577,B01,2,7,0,2,1,1,1,0.0
202300054687,155 583 572,B01,2,33,0,2,8,15,1,0.0
202300054687,155 583 582,A01,2,7,0,2,3,15,1,0.0
202300054688,155 583 571,A01,1,7,0,1,1,1,1,0.0
202300054689,155 583 567,B01,0,7,0,2,3,0,4,0.0
202300054689,155 583 569,A01,1,2,0,2,0,1,4,0.0
202300054690,155 583 564,A01,3,14,0,9,3,16,1,0.0
202300054690,155 583 566,B01,3,1,0,2,7,1,5,0.0
202300054691,155 583 565,B01,2,33,0,2,3,23,1,0.0
202300054691,155 583 568,A01,2,33,0,2,3,23,1,0.0
202300054691,155 583 573,C01,1,33,0,2,3,13,1,0.0
202300054692,155 583 562,A01,1,7,3,0,7,14,1,0.0
202300054693,155 583 559,A01,1,7,1,2,7,17,1,0.0
202300054693,155 583 561,B01,1,7,0,2,8,1,1,0.0
202300054694,155 583 557,A01,1,7,0,1,2,2,1,0.0
202300054695,155 583 558,B01,1,15,0,0,3,1,0,0.0
202300054695,155 583 563,A01,2,7,0,0,3,17,0,0.0
202300054696,155 583 555,A01,2,7,0,2,4,26,1,0.0
202300054696,155 583 560,B01,2,7,0,2,1,1,1,0.0
202300054697,155 583 552,A01,1,7,13,0,3,13,1,0.0
202300054698,155 583 551,A01,1,7,0,2,8,9,1,0.0
202300054698,155 583 554,B01,1,50,0,2,1,1,3,0.0
202300054699,155 583 556,A01,0,7,0,9,6,16,1,0.0
202300054700,155 583 549,B01,1,31,0,2,7,2,1,0.0
202300054700,155 583 550,A01,1,7,0,2,3,13,1,0.0
202300054701,155 583 548,B01,2,7,0,2,1,1,1,0.0
202300054701,155 583 553,A01,1,7,0,2,1,13,1,0.0
202300054702,155 583 544,A01,1,2,9,0,1,1,1,0.0
202300054703,155 583 543,A01,2,7,0,2,7,1,1,0.0
202300054703,155 583 547,B01,1,10,0,2,1,1,1,0.0
202300054704,155 583 545,B01,2,33,0,2,1,1,1,0.0
202300054705,155 583 541,A01,1,33,0,1,1,25,1,0.0
202300054706,155 583 539,A01,2,7,8,0,2,0,0,0.0
202300054707,155 583 537,A01,1,14,0,2,1,1,1,0.0
202300054707,155 583 542,B01,1,17,0,2,4,2,1,0.0
202300054707,155 583 546,C01,1,7,0,2,4,2,1,0.0
202300054708,155 583 535,A01,1,7,0,2,1,12,1,0.0
202300054708,155 583 538,B01,1,7,0,2,4,1,1,0.0
202300054709,155 583 540,A01,2,7,5,0,1,14,1,0.0
202300054710,155 583 531,A01,3,7,0,2,1,1,1,0.0
202300054710,155 583 534,B01,3,7,0,2,1,15,1,0.0
202300054711,155 583 528,A01,1,7,0,2,3,5,1,0.0
202300054711,155 583 533,B01,2,7,0,2,6,1,0,0.0
202300054711,155 583 536,C01,2,7,0,2,3,0,1,0.0
202300054712,155 583 527,A01,2,7,0,1,2,1,1,0.0
202300054713,155 583 524,A01,1,17,0,2,5,0,1,0.0
202300054713,155 583 529,B01,2,7,0,2,2,0,1,0.0
202300054714,155 583 523,B01,1,1,0,0,0,23,5,0.0
202300054714,155 583 530,A01,1,7,0,2,2,16,1,0.0
202300054715,155 583 521,A01,1,50,0,2,1,5,3,0.0
202300054715,155 583 526,B01,1,7,0,2,2,26,0,0.0
202300054716,155 583 525,B01,1,2,0,2,7,1,1,0.0
202300054716,155 583 532,A01,1,7,0,2,8,16,1,0.0
202300054717,155 583 520,A01,1,7,0,2,1,1,1,0.0
202300054717,155 583 522,B01,1,7,0,2,2,1,1,0.0
202300054718,155 583 515,A01,2,10,0,1,1,1,1,0.0
202300054719,155 583 513,A01,3,2,0,0,4,1,1,0.0
202300054719,155 583 518,B01,3,2,0,2,1,1,1,0.0
202300054720,155 583 511,A01,1,7,5,2,1,6,1,0.0
202300054720,155 583 514,B01,2,7,0,2,9,1,1,0.0
202300054720,155 583 519,C01,2,7,0,2,2,1,1,0.0
202300054721,155 583 509,A01,2,7,0,1,2,1,1,0.0
202300054722,155 583 507,B01,2,7,0,0,4,2,1,0.0
202300054722,155 583 512,A01,2,7,0,2,1,2,0,0.0
202300054723,155 583 505,A01,1,7,0,2,2,14,2,0.0
202300054723,155 583 506,B01,1,1,0,2,8,13,5,0.0
202300054724,155 583 510,A01,1,2,0,2,1,1,6,0.0
202300054724,155 583 516,B01,1,10,0,9,7,15,1,0.0
202300054725,155 583 508,B01,3,7,0,2,0,0,1,0.0
202300054725,155 583 517,A01,1,7,0,2,7,19,1,0.0
202300054726,155 583 499,A01,1,32,6,0,2,26,1,0.0
202300054727,155 583 498,B01,1,7,0,2,8,13,1,0.0
202300054727,155 583 503,A01,1,16,0,2,2,1,1,0.0
202300054728,155 583 500,A01,1,7,6,2,1,1,1,0.0
202300054728,155 583 504,B01,1,7,0,0,8,15,1,0.0
202300054729,155 583 497,A01,2,30,0,2,1,17,3,0.0
202300054729,155 583 501,B01,1,99,0,2,2,1,1,0.0
202300054730,155 583 502,A01,3,2,1,0,1,1,3,0.0
202300054731,155 583 495,A01,2,7,10,0,3,1,1,0.0
202300054732,155 583 493,A01,1,7,4,0,1,0,1,0.0
202300054733,155 583 491,A01,1,7,0,2,1,2,1,0.0
202300054733,155 583 496,B01,2,7,0,2,4,2,6,0.0
202300054734,155 583 489,A01,2,7,0,2,3,20,1,0.0
202300054734,155 583 492,B01,2,32,0,2,5,1,1,0.0
202300054735,155 583 488,B01,1,14,0,2,1,2,1,0.0
202300054735,155 583 490,C01,1,7,0,2,1,2,1,0.0
202300054735,155 583 494,A01,1,7,0,2,4,1,1,0.0
202300054736,155 583 485,A01,1,7,0,2,5,1,2,0.0
202300054736,155 583 487,B01,1,33,0,2,1,0,1,0.0
202300054737,155 583 484,A01,3,1,0,0,8,15,5,0.0
202300054738,155 583 482,B01,1,2,0,2,4,1,1,0.0
202300054738,155 583 486,A01,1,7,0,2,3,9,1,0.0
202300054739,155 583 480,B01,1,33,0,2,1,9,1,0.0
202300054739,155 583 483,A01,3,7,0,2,7,9,1,0.0
202300054740,155 583 479,B01,2,7,0,2,8,2,1,0.0
202300054740,155 583 481,A01,2,17,0,2,7,14,1,0.0
202300054741,155 583 477,A01,2,1,0,0,0,1,5,0.0
202300054742,155 583 473,A01,1,7,2,0,1,0,1,0.0
202300054743,155 583 470,A01,1,7,0,2,1,1,1,0.0
202300054743,155 583 474,B01,1,7,0,2,4,1,1,0.0
202300054743,155 583 476,C01,1,7,0,2,4,1,1,0.0
202300054743,155 583 478,X01,1,7,0,2,1,1,0,0.0
202300054744,155 583 468,A01,3,7,0,1,2,1,1,0.0
202300054745,155 583 469,A01,1,7,0,2,3,15,1,0.0
202300054745,155 583 472,B01,2,33,0,2,8,1,1,0.0
202300054746,155 583 464,A01,2,10,0,1,2,15,1,0.0
202300054747,155 583 465,A01,1,33,0,2,0,17,1,0.0
202300054747,155 583 467,B01,1,33,0,0,0,17,1,0.0
202300054748,155 583 463,A01,3,7,0,1,3,15,1,0.0
202300054749,155 583 462,A01,1,7,0,2,1,13,1,0.0
202300054749,155 583 466,B01,2,7,0,2,3,1,1,0.0
202300054750,155 583 456,A01,2,2,0,2,2,13,1,0.0
202300054750,155 583 459,B01,1,7,0,2,2,21,1,0.0
202300054751,155 583 457,Z01,1,10,0,2,1,13,1,0.0
202300054751,155 583 461,B01,1,7,3,2,4,1,1,0.0
202300054752,155 583 455,A01,3,7,0,1,3,20,1,0.0
202300054753,155 583 453,A01,1,7,0,2,2,15,1,0.0
202300054753,155 583 460,B01,2,7,0,2,1,1,1,0.0
202300054754,155 583 452,A01,1,7,0,2,1,2,1,0.0
202300054754,155 583 454,B01,1,7,0,2,4,2,1,0.0
202300054754,155 583 458,C01,1,7,0,2,4,2,1,0.0
202300054755,155 583 450,A01,2,33,0,0,8,1,1,0.0
202300054756,155 583 448,A01,2,7,1,0,8,26,1,0.0
202300054757,155 583 449,A01,1,7,0,9,3,1,0,0.0
202300054757,155 583 451,B01,2,1,0,0,7,15,5,0.0
202300054758,155 583 447,A01,3,7,3,0,2,16,1,0.0
202300054759,155 583 445,A01,3,7,2,0,1,1,1,0.0
202300054760,155 583 441,B01,3,1,0,2,1,1,5,0.0
202300054760,155 583 443,A01,3,7,0,2,2,15,1,0.0
202300054761,155 583 439,A01,3,10,6,0,3,1,0,0.0
202300054762,155 583 440,C01,1,7,0,2,3,1,1,0.0
202300054762,155 583 444,B01,1,7,0,2,8,1,1,0.0
202300054762,155 583 446,A01,1,33,0,2,7,14,1,0.0
202300054763,155 583 438,A01,3,7,0,1,2,1,1,0.0
202300054764,155 583 442,A01,2,2,6,0,3,2,1,0.0
202300054765,155 583 434,A01,2,2,0,2,8,9,1,0.0
202300054765,155 583 437,B01,1,7,0,2,3,1,1,0.0
202300054766,155 583 435,A01,2,7,0,2,1,1,1,0.0
202300054766,155 583 436,B01,1,2,0,2,6,1,3,0.0
202300054767,155 583 433,A01,0,33,3,0,2,14,1,0.0
202300054768,155 583 431,A01,1,7,0,2,5,1,1,0.0
202300054768,155 583 432,B01,1,7,13,0,3,1,1,0.0
202300054769,155 583 429,A01,1,7,0,1,1,1,2,0.0
202300054770,155 583 428,B01,3,7,0,2,7,1,1,0.0
202300054770,155 583 430,A01,0,30,0,2,1,26,1,0.0
202300054771,155 583 427,A01,3,7,0,0,1,1,1,0.0
202300054772,155 583 424,A01,3,7,0,2,8,9,1,0.0
202300054772,155 583 425,B01,3,33,0,2,8,9,1,0.0
202300054773,155 583 423,A01,1,33,0,2,1,1,1,0.0
202300054773,155 583 426,B01,1,7,0,2,5,13,1,0.0
202300054774,155 583 421,A01,3,7,0,2,8,13,1,0.0
202300054774,155 583 422,B01,3,7,0,2,6,1,1,0.0
202300054775,155 583 417,A01,1,7,8,0,9,13,1,0.0
202300054776,155 583 418,B01,1,10,0,2,3,1,1,0.0
202300054776,155 583 420,A01,2,7,0,2,3,13,1,0.0
202300054777,155 583 416,A01,2,7,0,2,1,1,1,0.0
202300054777,155 583 419,B01,1,7,13,2,1,21,1,0.0
202300054778,155 583 415,A01,2,33,1,0,1,1,1,0.0
202300054779,155 583 414,A01,1,7,0,1,3,1,1,0.0
202300054780,155 583 412,A01,1,7,0,1,1,2,1,0.0
202300054781,155 583 411,A01,1,7,0,2,1,13,1,0.0
202300054781,155 583 413,B01,2,7,0,2,3,1,1,0.0
202300054782,155 583 408,A01,2,7,2,0,7,13,1,0.0
202300054783,155 583 407,A01,3,7,0,2,1,2,1,0.0
202300054783,155 583 410,B01,3,7,0,2,4,2,1,0.0
202300054784,155 583 406,B01,3,7,0,2,7,1,1,0.0
202300054784,155 583 409,A01,3,7,0,2,1,1,1,0.0
202300054785,155 583 402,B01,3,7,0,2,3,11,1,0.0
202300054785,155 583 404,A01,3,32,0,2,1,17,1,0.0
202300054786,155 583 401,A01,1,7,0,2,1,1,1,0.0
202300054786,155 583 405,B01,2,7,0,2,1,13,1,0.0
202300054787,155 583 400,A01,1,7,0,2,3,1,1,0.0
202300054787,155 583 403,B01,1,50,0,2,7,1,3,0.0
202300054788,155 583 398,A01,1,7,13,0,0,1,1,0.0
202300054789,155 583 397,A01,3,32,0,0,2,16,3,0.0
202300054790,155 583 396,B01,1,7,0,2,1,1,1,0.0
202300054790,155 583 399,A01,1,7,13,2,2,12,1,0.0
202300054791,155 583 394,A01,3,7,0,0,3,15,1,0.0
202300054791,155 583 395,B01,3,7,0,0,1,1,1,0.0
202300054792,155 583 392,A01,3,7,0,2,4,2,1,0.0
202300054793,155 583 389,A01,0,7,3,0,3,11,1,0.0
202300054794,155 583 388,B01,2,50,0,2,7,1,3,0.0
202300054794,155 583 390,Z01,2,7,0,2,1,1,0,0.0
202300054795,155 583 391,A01,1,7,0,2,3,22,1,0.0
202300054795,155 583 393,B01,1,7,1,0,2,1,0,0.0
202300054796,155 583 387,A01,2,7,0,1,3,11,1,0.0
202300054797,155 583 385,A01,1,7,0,2,1,1,1,0.0
202300054797,155 583 386,B01,1,1,0,2,8,19,5,0.0
202300054798,155 583 382,A01,2,7,0,2,7,12,1,0.0
202300054798,155 583 384,B01,2,33,0,2,8,3,1,0.0
202300054799,155 583 381,A01,2,2,0,2,1,11,1,0.0
202300054799,155 583 383,B01,2,7,0,2,3,15,1,0.0
202300054800,155 583 380,A01,1,7,4,0,1,1,1,0.0
202300054801,155 583 378,A01,2,31,0,2,2,17,1,0.0
202300054801,155 583 379,B01,2,7,0,2,6,1,1,0.0
202300054802,155 583 377,A01,2,15,4,0,3,2,1,0.0
202300054803,155 583 374,A01,2,33,0,2,7,3,1,0.0
202300054803,155 583 376,B01,2,10,0,2,6,11,1,0.0
202300054804,155 583 371,A01,1,7,0,2,1,26,1,0.0
202300054804,155 583 372,B01,1,7,0,2,8,1,1,0.0
202300054805,155 583 373,B01,3,30,0,2,7,2,1,0.0
202300054805,155 583 375,A01,3,30,0,2,1,13,1,0.0
202300054806,155 583 369,A01,2,14,0,2,2,1,1,0.0
202300054806,155 583 370,B01,2,7,0,2,6,12,2,0.0
202300054807,155 583 368,A01,2,7,4,0,1,1,1,0.0
202300054808,155 583 367,A01,1,7,4,0,1,12,1,0.0
202300054809,155 583 365,A01,1,7,0,2,7,11,1,0.0
202300054809,155 583 366,B01,1,31,0,2,8,3,1,0.0
202300054810,155 583 363,B01,1,17,0,2,6,1,1,0.0
202300054810,155 583 364,A01,1,33,0,2,1,3,1,0.0
202300054811,155 583 360,Z01,2,7,0,1,1,2,0,0.0
202300054812,155 583 358,A01,2,33,0,2,8,9,1,0.0
202300054812,155 583 359,B01,2,10,0,2,7,1,1,0.0
202300054813,155 583 357,A01,1,31,6,0,0,21,1,0.0
202300054814,155 583 356,B01,1,7,1,1,2,14,1,0.0
202300054815,155 583 355,A01,0,32,0,9,1,0,1,0.0
202300054816,155 583 353,A01,1,7,0,2,3,5,2,0.0
202300054816,155 583 354,B01,2,7,0,2,1,1,1,0.0
202300054817,155 583 352,A01,1,7,0,1,2,1,1,0.0
202300054818,155 583 351,A01,1,7,1,0,8,0,1,0.0
202300054819,155 583 349,A01,1,2,0,2,8,21,1,0.0
202300054819,155 583 350,B01,1,7,0,2,2,17,1,0.0
202300054820,155 583 348,A01,3,7,0,9,4,26,1,0.0
202300054821,155 583 346,A01,1,30,0,2,3,9,1,0.0
202300054821,155 583 347,B01,1,7,0,2,2,9,1,0.0
202300054822,155 583 344,A01,2,7,0,2,7,22,1,0.0
202300054822,155 583 345,B01,2,50,14,2,1,1,3,0.0